workload,penalty,config,seed,baseline_p95_wait,burst_aware_p95_wait,baseline_avg_wait,burst_aware_avg_wait,baseline_avg_slowdown,burst_aware_avg_slowdown,detector_fires,recall,precision,sched_cores_scanned
rate3.0_s12,0.0,q2_a0.8_or,70800,13.799999999999983,12.80000000000004,5.458333333333525,4.975000000000247,1.683773755043311,1.717366980689574,92,1.0,1.0,43842
rate3.0_s12,0.0,q2_a0.8_or,70801,13.33333333333394,12.466666666666015,5.160000000000256,4.990000000000184,1.7783575974939545,1.7463993922807148,92,1.0,1.0,44456
rate3.0_s12,0.0,q2_a0.8_or,70802,12.13333333333378,11.333333333333307,5.308333333333549,4.738333333333543,1.8987073738525335,1.7727273449862317,92,1.0,1.0,43342
rate3.0_s12,0.0,q2_a0.8_or,70803,16.133333333333297,15.800000000000026,5.903333333333455,5.35500000000013,2.0017558039767325,1.9014386739670244,92,1.0,1.0,43293
rate3.0_s12,0.0,q2_a0.8_or,70804,12.333333333333329,14.6666666666668,5.54500000000015,5.650000000000179,1.8727201501510513,1.882003721494334,92,1.0,1.0,43716
rate3.0_s12,0.0,q2_a0.8_or,70805,13.800000000000864,14.133333333333184,6.250000000000144,5.400000000000147,1.9179015652761182,1.8613089292150566,92,1.0,1.0,43688
rate3.0_s12,0.0,q2_a0.8_or,70806,14.000000000000341,11.86666666666747,5.811666666666898,4.700000000000221,1.8246147440262308,1.7529810100994405,92,1.0,1.0,44280
rate3.0_s12,0.0,q2_a0.8_or,70807,14.599999999999824,14.20000000000067,6.023333333333516,5.5150000000002,1.9902146477902194,1.8314597237751873,92,1.0,1.0,42467
rate3.0_s12,0.0,q2_a0.8_or,70808,15.466666666666612,16.933333333333792,6.791666666666881,6.198333333333518,1.9321280518309711,1.8332042865632523,92,1.0,1.0,43147
rate3.0_s12,0.0,q2_a0.8_or,70809,13.333333333333321,11.866666666666845,5.683333333333532,4.926666666666799,1.8206168429245524,1.8774979586242082,92,1.0,1.0,43283
rate3.0_s12,0.0,q2_a0.8_or,70810,14.999999999999943,14.800000000000807,6.513333333333469,5.345000000000209,1.915264086988524,1.7742725438759874,92,1.0,1.0,42660
rate3.0_s12,0.0,q2_a0.8_or,70811,14.866666666666958,10.733333333331984,6.47000000000007,4.833333333333457,2.0543363560956602,1.8088492595827808,92,1.0,1.0,44087
rate3.0_s12,0.0,q2_a0.8_or,70812,15.933333333333309,14.800000000000693,6.560000000000185,5.261666666666846,1.9445042535903114,1.8037571680796851,92,1.0,1.0,43079
rate3.0_s12,0.0,q2_a0.8_or,70813,13.199999999999989,14.60000000000008,5.808333333333532,5.411666666666832,1.9407476576324243,1.777198092885127,92,1.0,1.0,44563
rate3.0_s12,0.0,q2_a0.8_or,70814,12.6666666666666,14.466666666666725,5.535000000000213,5.506666666666905,1.902381351873262,1.8733132205716325,92,1.0,1.0,43614
rate3.0_s12,0.0,q2_a0.8_or,70815,13.799999999999983,14.133333333333667,6.203333333333509,5.298333333333508,1.8575065587687203,1.7810855481996348,92,1.0,1.0,43453
rate3.0_s12,0.0,q2_a0.8_or,70816,13.533333333333324,12.666666666666657,5.7033333333335285,5.046666666666849,1.8161428686861734,1.787122299363673,92,1.0,1.0,43896
rate3.0_s12,0.0,q2_a0.8_or,70817,13.533333333333296,13.400000000000375,5.693333333333523,5.1583333333334105,1.7639094405577365,1.854393839140666,92,1.0,1.0,42922
rate3.0_s12,0.0,q2_a0.8_or,70818,14.066666666666691,13.266666666667106,5.725000000000168,5.075000000000125,1.7120193925229186,1.6994302828277257,92,1.0,1.0,42631
rate3.0_s12,0.0,q2_a0.8_or,70819,11.333333333333343,10.66666666666665,4.918333333333525,3.986666666666823,1.7949600168721533,1.6477980093496456,92,1.0,1.0,42342
rate3.0_s12,0.0,q2_a0.8_or,70820,16.00000000000051,13.46666666666681,6.38500000000007,5.253333333333433,1.8881067177752873,1.801249146748164,92,1.0,1.0,43715
rate3.0_s12,0.0,q2_a0.8_or,70821,18.39999999999997,14.33333333333411,5.686666666666827,5.448333333333491,2.022840020718319,1.8752034673715365,92,1.0,1.0,44025
rate3.0_s12,0.0,q2_a0.8_or,70822,15.666666666666742,12.06666666666763,6.423333333333527,4.721666666666924,2.0308423445630517,1.8361421509223597,92,1.0,1.0,44239
rate3.0_s12,0.0,q2_a0.8_or,70823,12.999999999999886,13.066666666666265,5.471666666666851,5.450000000000196,1.8705762657528955,1.8057617673400443,92,1.0,1.0,43786
rate3.0_s12,0.0,q2_a0.8_or,70824,13.866666666667072,16.866666666667015,5.80000000000022,6.181666666666871,1.963408333117759,1.889812888456548,92,1.0,1.0,44484
rate3.0_s12,0.0,q2_a0.8_or,70825,10.999999999999986,11.999999999999972,5.080000000000165,4.791666666666853,1.8613202176775963,1.7150150255542178,92,1.0,1.0,43120
rate3.0_s12,0.0,q2_a0.8_or,70826,13.60000000000025,12.533333333333417,5.9766666666668,4.943333333333517,1.9255823295873176,1.8288447612890708,92,1.0,1.0,43164
rate3.0_s12,0.0,q2_a0.8_or,70827,15.266666666666637,11.933333333333337,6.508333333333542,4.588333333333526,1.9238535856105403,1.671170736654718,92,1.0,1.0,43795
rate3.0_s12,0.0,q2_a0.8_or,70828,14.999999999999886,16.000000000000625,6.455000000000167,5.821666666666819,1.9462229818407486,1.94200800766141,92,1.0,1.0,42955
rate3.0_s12,0.0,q2_a0.8_or,70829,12.466666666666711,11.999999999999972,5.45833333333346,5.11166666666672,1.845886463717037,1.7517071315373525,92,1.0,1.0,43580
rate3.0_s12,0.0,q2_a0.8_and,70800,13.799999999999983,12.800000000000523,5.458333333333525,5.073333333333614,1.683773755043311,1.7769291584032314,86,1.0,1.0,43498
rate3.0_s12,0.0,q2_a0.8_and,70801,13.33333333333394,11.533333333333076,5.160000000000256,4.598333333333558,1.7783575974939545,1.6989955368198333,86,1.0,1.0,43703
rate3.0_s12,0.0,q2_a0.8_and,70802,12.13333333333378,13.399999999999892,5.308333333333549,5.288333333333501,1.8987073738525335,1.8735204468012945,86,1.0,1.0,44046
rate3.0_s12,0.0,q2_a0.8_and,70803,16.133333333333297,11.666666666666643,5.903333333333455,3.970000000000169,2.0017558039767325,1.7939824259948274,86,1.0,1.0,43098
rate3.0_s12,0.0,q2_a0.8_and,70804,12.333333333333329,12.266666666666595,5.54500000000015,4.781666666666818,1.8727201501510513,1.8389300815545684,86,1.0,1.0,42732
rate3.0_s12,0.0,q2_a0.8_and,70805,13.800000000000864,9.999999999999979,6.250000000000144,4.210000000000179,1.9179015652761182,1.660741648431022,86,1.0,1.0,44062
rate3.0_s12,0.0,q2_a0.8_and,70806,14.000000000000341,11.666666666666856,5.811666666666898,4.828333333333549,1.8246147440262308,1.7014637878728824,86,1.0,1.0,43565
rate3.0_s12,0.0,q2_a0.8_and,70807,14.599999999999824,12.13333333333361,6.023333333333516,4.743333333333524,1.9902146477902194,1.958226590392383,86,1.0,1.0,42654
rate3.0_s12,0.0,q2_a0.8_and,70808,15.466666666666612,13.533333333334099,6.791666666666881,4.891666666666876,1.9321280518309711,1.7834848983799876,86,1.0,1.0,43166
rate3.0_s12,0.0,q2_a0.8_and,70809,13.333333333333321,11.466666666667038,5.683333333333532,4.7000000000001965,1.8206168429245524,1.9095210983944284,86,1.0,1.0,43040
rate3.0_s12,0.0,q2_a0.8_and,70810,14.999999999999943,12.533333333333417,6.513333333333469,4.585000000000188,1.915264086988524,1.7848657703722046,86,1.0,1.0,43725
rate3.0_s12,0.0,q2_a0.8_and,70811,14.866666666666958,13.866666666666674,6.47000000000007,5.123333333333471,2.0543363560956602,1.951464543363017,86,1.0,1.0,44320
rate3.0_s12,0.0,q2_a0.8_and,70812,15.933333333333309,13.000000000000014,6.560000000000185,4.578333333333515,1.9445042535903114,1.6866344568883822,86,1.0,1.0,43410
rate3.0_s12,0.0,q2_a0.8_and,70813,13.199999999999989,12.466666666666711,5.808333333333532,4.883333333333519,1.9407476576324243,1.8735180261218767,86,1.0,1.0,44389
rate3.0_s12,0.0,q2_a0.8_and,70814,12.6666666666666,14.000000000000284,5.535000000000213,5.263333333333583,1.902381351873262,1.8680929999486062,86,1.0,1.0,43736
rate3.0_s12,0.0,q2_a0.8_and,70815,13.799999999999983,10.866666666666106,6.203333333333509,4.645000000000218,1.8575065587687203,1.7152385455867851,86,1.0,1.0,43568
rate3.0_s12,0.0,q2_a0.8_and,70816,13.533333333333324,10.66666666666697,5.7033333333335285,4.0516666666668835,1.8161428686861734,1.7658264026470105,86,1.0,1.0,43823
rate3.0_s12,0.0,q2_a0.8_and,70817,13.533333333333296,13.400000000000375,5.693333333333523,4.743333333333426,1.7639094405577365,1.8086567406743013,86,1.0,1.0,42983
rate3.0_s12,0.0,q2_a0.8_and,70818,14.066666666666691,13.066666666667345,5.725000000000168,5.186666666666798,1.7120193925229186,1.8133062920161498,86,1.0,1.0,43278
rate3.0_s12,0.0,q2_a0.8_and,70819,11.333333333333343,10.6666666666666,4.918333333333525,4.075000000000142,1.7949600168721533,1.7460991860409039,86,1.0,1.0,43598
rate3.0_s12,0.0,q2_a0.8_and,70820,16.00000000000051,13.333333333333172,6.38500000000007,4.97333333333342,1.8881067177752873,1.7994113797059026,86,1.0,1.0,43712
rate3.0_s12,0.0,q2_a0.8_and,70821,18.39999999999997,10.000000000000625,5.686666666666827,4.248333333333503,2.022840020718319,1.7440387059269722,86,1.0,1.0,43454
rate3.0_s12,0.0,q2_a0.8_and,70822,15.666666666666742,11.866666666666958,6.423333333333527,4.485000000000211,2.0308423445630517,1.8686350026270804,86,1.0,1.0,43238
rate3.0_s12,0.0,q2_a0.8_and,70823,12.999999999999886,11.933333333333906,5.471666666666851,4.9933333333335295,1.8705762657528955,1.730410533000413,86,1.0,1.0,43621
rate3.0_s12,0.0,q2_a0.8_and,70824,13.866666666667072,13.599999999999795,5.80000000000022,5.135000000000172,1.963408333117759,1.816840676536109,86,1.0,1.0,44241
rate3.0_s12,0.0,q2_a0.8_and,70825,10.999999999999986,12.33333333333323,5.080000000000165,4.716666666666847,1.8613202176775963,1.7726400560826456,86,1.0,1.0,42899
rate3.0_s12,0.0,q2_a0.8_and,70826,13.60000000000025,13.933333333333167,5.9766666666668,5.345000000000182,1.9255823295873176,1.945312744873302,86,1.0,1.0,42889
rate3.0_s12,0.0,q2_a0.8_and,70827,15.266666666666637,11.066666666666578,6.508333333333542,4.15500000000019,1.9238535856105403,1.703342145222158,86,1.0,1.0,43711
rate3.0_s12,0.0,q2_a0.8_and,70828,14.999999999999886,13.466666666666697,6.455000000000167,4.978333333333472,1.9462229818407486,1.9117480607450041,86,1.0,1.0,42870
rate3.0_s12,0.0,q2_a0.8_and,70829,12.466666666666711,13.333333333333712,5.45833333333346,5.206666666666804,1.845886463717037,1.8249353534577422,86,1.0,1.0,43463
rate3.0_s12,0.0,q2_a1.5_or,70800,13.799999999999983,12.80000000000004,5.458333333333525,5.016666666666921,1.683773755043311,1.6957796500282734,88,1.0,1.0,43451
rate3.0_s12,0.0,q2_a1.5_or,70801,13.33333333333394,11.533333333333303,5.160000000000256,4.721666666666875,1.7783575974939545,1.785620316722802,88,1.0,1.0,43129
rate3.0_s12,0.0,q2_a1.5_or,70802,12.13333333333378,12.000000000000625,5.308333333333549,5.101666666666887,1.8987073738525335,1.8955585944968079,88,1.0,1.0,44055
rate3.0_s12,0.0,q2_a1.5_or,70803,16.133333333333297,14.20000000000006,5.903333333333455,4.996666666666813,2.0017558039767325,1.7591478949355974,88,1.0,1.0,43297
rate3.0_s12,0.0,q2_a1.5_or,70804,12.333333333333329,11.333333333333343,5.54500000000015,4.518333333333495,1.8727201501510513,1.8354794244590076,88,1.0,1.0,42913
rate3.0_s12,0.0,q2_a1.5_or,70805,13.800000000000864,13.733333333333576,6.250000000000144,5.371666666666826,1.9179015652761182,1.8032933528922728,88,1.0,1.0,44605
rate3.0_s12,0.0,q2_a1.5_or,70806,14.000000000000341,11.466666666667493,5.811666666666898,4.6050000000002145,1.8246147440262308,1.677142082075705,88,1.0,1.0,43783
rate3.0_s12,0.0,q2_a1.5_or,70807,14.599999999999824,14.79999999999987,6.023333333333516,5.168333333333531,1.9902146477902194,1.9087139847061274,88,1.0,1.0,42571
rate3.0_s12,0.0,q2_a1.5_or,70808,15.466666666666612,15.800000000000026,6.791666666666881,6.0400000000001794,1.9321280518309711,1.7678302564443675,88,1.0,1.0,42963
rate3.0_s12,0.0,q2_a1.5_or,70809,13.333333333333321,14.533333333333871,5.683333333333532,5.916666666666848,1.8206168429245524,1.979084212741567,88,1.0,1.0,43304
rate3.0_s12,0.0,q2_a1.5_or,70810,14.999999999999943,14.06666666666689,6.513333333333469,5.323333333333504,1.915264086988524,1.823695278697704,88,1.0,1.0,43708
rate3.0_s12,0.0,q2_a1.5_or,70811,14.866666666666958,13.33333333333377,6.47000000000007,5.136666666666866,2.0543363560956602,1.9622398018445704,88,1.0,1.0,43749
rate3.0_s12,0.0,q2_a1.5_or,70812,15.933333333333309,11.666666666667084,6.560000000000185,4.306666666666858,1.9445042535903114,1.650243338778631,88,1.0,1.0,43298
rate3.0_s12,0.0,q2_a1.5_or,70813,13.199999999999989,12.000000000000341,5.808333333333532,4.6900000000002064,1.9407476576324243,1.8464481724005182,88,1.0,1.0,45065
rate3.0_s12,0.0,q2_a1.5_or,70814,12.6666666666666,13.799999999999613,5.535000000000213,5.418333333333525,1.902381351873262,1.8450037648887816,88,1.0,1.0,43894
rate3.0_s12,0.0,q2_a1.5_or,70815,13.799999999999983,12.800000000000978,6.203333333333509,5.511666666666869,1.8575065587687203,1.714283091576416,88,1.0,1.0,43800
rate3.0_s12,0.0,q2_a1.5_or,70816,13.533333333333324,12.266666666667163,5.7033333333335285,4.9583333333335124,1.8161428686861734,1.831772899701574,88,1.0,1.0,43923
rate3.0_s12,0.0,q2_a1.5_or,70817,13.533333333333296,13.400000000000375,5.693333333333523,4.82166666666675,1.7639094405577365,1.8254439907971167,88,1.0,1.0,43253
rate3.0_s12,0.0,q2_a1.5_or,70818,14.066666666666691,12.666666666666828,5.725000000000168,4.656666666666819,1.7120193925229186,1.6613462010158926,88,1.0,1.0,42312
rate3.0_s12,0.0,q2_a1.5_or,70819,11.333333333333343,10.999999999999943,4.918333333333525,4.605000000000107,1.7949600168721533,1.8174622317201907,88,1.0,1.0,42851
rate3.0_s12,0.0,q2_a1.5_or,70820,16.00000000000051,14.866666666665651,6.38500000000007,5.44333333333347,1.8881067177752873,1.819706763895071,88,1.0,1.0,44493
rate3.0_s12,0.0,q2_a1.5_or,70821,18.39999999999997,14.066666666666151,5.686666666666827,5.031666666666819,2.022840020718319,1.8370164487512421,88,1.0,1.0,43121
rate3.0_s12,0.0,q2_a1.5_or,70822,15.666666666666742,12.26666666666722,6.423333333333527,5.031666666666899,2.0308423445630517,1.851055675128804,88,1.0,1.0,43953
rate3.0_s12,0.0,q2_a1.5_or,70823,12.999999999999886,14.933333333333678,5.471666666666851,5.5700000000002055,1.8705762657528955,1.9242292592761248,88,1.0,1.0,44140
rate3.0_s12,0.0,q2_a1.5_or,70824,13.866666666667072,17.599999999999994,5.80000000000022,6.433333333333569,1.963408333117759,1.9190256366424774,88,1.0,1.0,44327
rate3.0_s12,0.0,q2_a1.5_or,70825,10.999999999999986,12.33333333333323,5.080000000000165,4.900000000000167,1.8613202176775963,1.7088775757613694,88,1.0,1.0,43835
rate3.0_s12,0.0,q2_a1.5_or,70826,13.60000000000025,13.799999999999898,5.9766666666668,5.420000000000148,1.9255823295873176,1.8427625509057601,88,1.0,1.0,43943
rate3.0_s12,0.0,q2_a1.5_or,70827,15.266666666666637,11.066666666666578,6.508333333333542,4.3000000000001855,1.9238535856105403,1.6861583154377437,88,1.0,1.0,43369
rate3.0_s12,0.0,q2_a1.5_or,70828,14.999999999999886,14.000000000000625,6.455000000000167,5.325000000000102,1.9462229818407486,1.8474253470539022,88,1.0,1.0,42738
rate3.0_s12,0.0,q2_a1.5_or,70829,12.466666666666711,11.666666666667311,5.45833333333346,5.063333333333421,1.845886463717037,1.7885017788557165,88,1.0,1.0,44036
rate3.0_s12,0.0,q2_a1.5_and,70800,13.799999999999983,12.000000000000398,5.458333333333525,4.7733333333336585,1.683773755043311,1.830728195723155,50,1.0,1.0,42829
rate3.0_s12,0.0,q2_a1.5_and,70801,13.33333333333394,9.999999999999915,5.160000000000256,4.340000000000244,1.7783575974939545,1.823720240739273,50,1.0,1.0,42437
rate3.0_s12,0.0,q2_a1.5_and,70802,12.13333333333378,9.266666666667106,5.308333333333549,4.071666666666955,1.8987073738525335,1.6832026679453755,50,1.0,1.0,44342
rate3.0_s12,0.0,q2_a1.5_and,70803,16.133333333333297,10.000000000000028,5.903333333333455,4.000000000000162,2.0017558039767325,1.7894527109503884,50,1.0,1.0,42926
rate3.0_s12,0.0,q2_a1.5_and,70804,12.333333333333329,10.933333333333195,5.54500000000015,4.295000000000187,1.8727201501510513,1.850509401751823,50,1.0,1.0,42884
rate3.0_s12,0.0,q2_a1.5_and,70805,13.800000000000864,9.733333333333235,6.250000000000144,4.105000000000209,1.9179015652761182,1.746545394248069,50,1.0,1.0,44254
rate3.0_s12,0.0,q2_a1.5_and,70806,14.000000000000341,9.333333333333307,5.811666666666898,3.963333333333547,1.8246147440262308,1.6426441233667082,50,1.0,1.0,44696
rate3.0_s12,0.0,q2_a1.5_and,70807,14.599999999999824,10.66666666666665,6.023333333333516,3.978333333333523,1.9902146477902194,1.7221092904228898,50,1.0,1.0,43356
rate3.0_s12,0.0,q2_a1.5_and,70808,15.466666666666612,12.266666666666481,6.791666666666881,4.540000000000195,1.9321280518309711,1.751691468402779,50,1.0,1.0,42364
rate3.0_s12,0.0,q2_a1.5_and,70809,13.333333333333321,13.466666666666498,5.683333333333532,4.65500000000019,1.8206168429245524,1.8519052006351224,50,1.0,1.0,43070
rate3.0_s12,0.0,q2_a1.5_and,70810,14.999999999999943,11.6666666666667,6.513333333333469,4.480000000000166,1.915264086988524,1.7923266423956998,50,1.0,1.0,43080
rate3.0_s12,0.0,q2_a1.5_and,70811,14.866666666666958,10.199999999999932,6.47000000000007,4.126666666666814,2.0543363560956602,1.787580046222462,47,1.0,1.0,43515
rate3.0_s12,0.0,q2_a1.5_and,70812,15.933333333333309,11.666666666666657,6.560000000000185,4.250000000000196,1.9445042535903114,1.819301874755145,50,1.0,1.0,42590
rate3.0_s12,0.0,q2_a1.5_and,70813,13.199999999999989,10.066666666666663,5.808333333333532,4.151666666666886,1.9407476576324243,1.808574531152061,44,1.0,1.0,43906
rate3.0_s12,0.0,q2_a1.5_and,70814,12.6666666666666,11.533333333333985,5.535000000000213,4.488333333333547,1.902381351873262,1.805248147583717,50,1.0,1.0,43001
rate3.0_s12,0.0,q2_a1.5_and,70815,13.799999999999983,9.6666666666667,6.203333333333509,4.038333333333608,1.8575065587687203,1.7417287253952958,50,1.0,1.0,42861
rate3.0_s12,0.0,q2_a1.5_and,70816,13.533333333333324,10.999999999999986,5.7033333333335285,4.065000000000207,1.8161428686861734,1.7802235710850882,50,1.0,1.0,43628
rate3.0_s12,0.0,q2_a1.5_and,70817,13.533333333333296,11.466666666667379,5.693333333333523,4.533333333333437,1.7639094405577365,1.916448099001973,50,1.0,1.0,43775
rate3.0_s12,0.0,q2_a1.5_and,70818,14.066666666666691,11.666666666666657,5.725000000000168,4.921666666666844,1.7120193925229186,1.7298898830041987,50,1.0,1.0,42689
rate3.0_s12,0.0,q2_a1.5_and,70819,11.333333333333343,12.000000000000057,4.918333333333525,4.868333333333467,1.7949600168721533,1.7718934602050678,47,1.0,1.0,42493
rate3.0_s12,0.0,q2_a1.5_and,70820,16.00000000000051,9.266666666666708,6.38500000000007,3.97500000000015,1.8881067177752873,1.7418198327417493,47,1.0,1.0,43253
rate3.0_s12,0.0,q2_a1.5_and,70821,18.39999999999997,10.400000000000205,5.686666666666827,4.483333333333475,2.022840020718319,1.8105635631350177,50,1.0,1.0,42874
rate3.0_s12,0.0,q2_a1.5_and,70822,15.666666666666742,13.40000000000066,6.423333333333527,5.013333333333558,2.0308423445630517,1.8720212507366736,50,1.0,1.0,42810
rate3.0_s12,0.0,q2_a1.5_and,70823,12.999999999999886,11.666666666666657,5.471666666666851,4.791666666666896,1.8705762657528955,1.7807862647901926,47,1.0,1.0,42959
rate3.0_s12,0.0,q2_a1.5_and,70824,13.866666666667072,11.666666666667084,5.80000000000022,4.3616666666668005,1.963408333117759,1.8038957474486117,50,1.0,1.0,43693
rate3.0_s12,0.0,q2_a1.5_and,70825,10.999999999999986,10.666666666666544,5.080000000000165,4.215000000000176,1.8613202176775963,1.8345773954792608,47,1.0,1.0,43580
rate3.0_s12,0.0,q2_a1.5_and,70826,13.60000000000025,12.866666666666845,5.9766666666668,5.060000000000178,1.9255823295873176,1.8510374254166193,50,1.0,1.0,42513
rate3.0_s12,0.0,q2_a1.5_and,70827,15.266666666666637,11.999999999999915,6.508333333333542,4.380000000000223,1.9238535856105403,1.8252578067572296,50,1.0,1.0,43079
rate3.0_s12,0.0,q2_a1.5_and,70828,14.999999999999886,9.599999999999909,6.455000000000167,3.7450000000001222,1.9462229818407486,1.6521090955424194,47,1.0,1.0,43591
rate3.0_s12,0.0,q2_a1.5_and,70829,12.466666666666711,9.866666666667186,5.45833333333346,3.976666666666799,1.845886463717037,1.732641916061112,50,1.0,1.0,44638
rate3.0_s12,0.0,q4_a0.8_or,70800,13.799999999999983,12.46666666666664,5.458333333333525,4.790000000000247,1.683773755043311,1.6937548653581163,90,1.0,1.0,43788
rate3.0_s12,0.0,q4_a0.8_or,70801,13.33333333333394,11.933333333333564,5.160000000000256,4.71333333333355,1.7783575974939545,1.6881132616875585,90,1.0,1.0,43719
rate3.0_s12,0.0,q4_a0.8_or,70802,12.13333333333378,13.600000000000364,5.308333333333549,4.986666666666858,1.8987073738525335,1.8214997587920208,90,1.0,1.0,44260
rate3.0_s12,0.0,q4_a0.8_or,70803,16.133333333333297,12.6666666666666,5.903333333333455,4.456666666666787,2.0017558039767325,1.8222664523357313,90,1.0,1.0,43090
rate3.0_s12,0.0,q4_a0.8_or,70804,12.333333333333329,16.600000000000136,5.54500000000015,5.571666666666827,1.8727201501510513,1.89308081905633,90,1.0,1.0,43943
rate3.0_s12,0.0,q4_a0.8_or,70805,13.800000000000864,11.400000000000603,6.250000000000144,4.46833333333351,1.9179015652761182,1.7205172103599577,90,1.0,1.0,44441
rate3.0_s12,0.0,q4_a0.8_or,70806,14.000000000000341,10.999999999999986,5.811666666666898,4.421666666666874,1.8246147440262308,1.7243767819517697,90,1.0,1.0,43770
rate3.0_s12,0.0,q4_a0.8_or,70807,14.599999999999824,13.533333333333402,6.023333333333516,5.230000000000162,1.9902146477902194,1.8179179011223456,90,1.0,1.0,43230
rate3.0_s12,0.0,q4_a0.8_or,70808,15.466666666666612,13.333333333332803,6.791666666666881,5.100000000000189,1.9321280518309711,1.8078614632814847,90,1.0,1.0,43793
rate3.0_s12,0.0,q4_a0.8_or,70809,13.333333333333321,11.80000000000004,5.683333333333532,4.471666666666811,1.8206168429245524,1.8241937655864728,90,1.0,1.0,42872
rate3.0_s12,0.0,q4_a0.8_or,70810,14.999999999999943,11.733333333333206,6.513333333333469,4.451666666666833,1.915264086988524,1.7963295861514195,90,1.0,1.0,43206
rate3.0_s12,0.0,q4_a0.8_or,70811,14.866666666666958,14.000000000000739,6.47000000000007,5.281666666666745,2.0543363560956602,1.853106623727235,90,1.0,1.0,44055
rate3.0_s12,0.0,q4_a0.8_or,70812,15.933333333333309,16.999999999999886,6.560000000000185,5.575000000000182,1.9445042535903114,1.839535613400263,90,1.0,1.0,42547
rate3.0_s12,0.0,q4_a0.8_or,70813,13.199999999999989,11.666666666666643,5.808333333333532,4.726666666666828,1.9407476576324243,1.812677100342549,90,1.0,1.0,44982
rate3.0_s12,0.0,q4_a0.8_or,70814,12.6666666666666,12.00000000000017,5.535000000000213,5.155000000000177,1.902381351873262,1.8576079538189134,90,1.0,1.0,44862
rate3.0_s12,0.0,q4_a0.8_or,70815,13.799999999999983,10.999999999999986,6.203333333333509,4.38833333333353,1.8575065587687203,1.718601106297291,90,1.0,1.0,43821
rate3.0_s12,0.0,q4_a0.8_or,70816,13.533333333333324,10.999999999999986,5.7033333333335285,4.328333333333543,1.8161428686861734,1.7522980766651457,90,1.0,1.0,43800
rate3.0_s12,0.0,q4_a0.8_or,70817,13.533333333333296,12.73333333333403,5.693333333333523,4.768333333333437,1.7639094405577365,1.819684439599379,90,1.0,1.0,43014
rate3.0_s12,0.0,q4_a0.8_or,70818,14.066666666666691,12.200000000000102,5.725000000000168,4.558333333333467,1.7120193925229186,1.756567618033552,90,1.0,1.0,43139
rate3.0_s12,0.0,q4_a0.8_or,70819,11.333333333333343,10.6666666666666,4.918333333333525,3.883333333333498,1.7949600168721533,1.6773873091690883,90,1.0,1.0,42501
rate3.0_s12,0.0,q4_a0.8_or,70820,16.00000000000051,14.133333333333297,6.38500000000007,5.168333333333453,1.8881067177752873,1.7585311940104538,90,1.0,1.0,43453
rate3.0_s12,0.0,q4_a0.8_or,70821,18.39999999999997,13.000000000000014,5.686666666666827,4.5900000000001695,2.022840020718319,1.7648511031307066,90,1.0,1.0,43659
rate3.0_s12,0.0,q4_a0.8_or,70822,15.666666666666742,10.666666666666686,6.423333333333527,4.340000000000232,2.0308423445630517,1.8473618687896807,90,1.0,1.0,42560
rate3.0_s12,0.0,q4_a0.8_or,70823,12.999999999999886,13.79999999999984,5.471666666666851,5.046666666666912,1.8705762657528955,1.8969224265102909,90,1.0,1.0,43450
rate3.0_s12,0.0,q4_a0.8_or,70824,13.866666666667072,14.33333333333394,5.80000000000022,5.336666666666824,1.963408333117759,1.8716986255243915,90,1.0,1.0,44384
rate3.0_s12,0.0,q4_a0.8_or,70825,10.999999999999986,13.26666666666705,5.080000000000165,5.2800000000001885,1.8613202176775963,1.7986576565660224,90,1.0,1.0,43736
rate3.0_s12,0.0,q4_a0.8_or,70826,13.60000000000025,13.933333333333167,5.9766666666668,5.348333333333511,1.9255823295873176,1.9149763928291554,90,1.0,1.0,43029
rate3.0_s12,0.0,q4_a0.8_or,70827,15.266666666666637,12.93333333333402,6.508333333333542,4.6433333333335405,1.9238535856105403,1.7663982603052226,90,1.0,1.0,42908
rate3.0_s12,0.0,q4_a0.8_or,70828,14.999999999999886,14.13333333333378,6.455000000000167,5.190000000000143,1.9462229818407486,1.87001926589285,90,1.0,1.0,43520
rate3.0_s12,0.0,q4_a0.8_or,70829,12.466666666666711,13.60000000000025,5.45833333333346,5.17500000000014,1.845886463717037,1.8290202727303286,90,1.0,1.0,43378
rate3.0_s12,0.0,q4_a0.8_and,70800,13.799999999999983,11.200000000000784,5.458333333333525,4.218333333333598,1.683773755043311,1.7798906546941384,67,1.0,1.0,42733
rate3.0_s12,0.0,q4_a0.8_and,70801,13.33333333333394,9.999999999999915,5.160000000000256,4.158333333333577,1.7783575974939545,1.7309064812352497,58,1.0,1.0,43673
rate3.0_s12,0.0,q4_a0.8_and,70802,12.13333333333378,10.400000000000773,5.308333333333549,4.720000000000245,1.8987073738525335,1.7789771588232604,55,1.0,1.0,44125
rate3.0_s12,0.0,q4_a0.8_and,70803,16.133333333333297,13.266666666666652,5.903333333333455,4.823333333333529,2.0017558039767325,1.8978757375836566,60,1.0,1.0,43519
rate3.0_s12,0.0,q4_a0.8_and,70804,12.333333333333329,10.333333333333314,5.54500000000015,4.051666666666812,1.8727201501510513,1.7691601966970367,61,1.0,1.0,43053
rate3.0_s12,0.0,q4_a0.8_and,70805,13.800000000000864,11.466666666666981,6.250000000000144,4.751666666666802,1.9179015652761182,1.8244455270030813,61,1.0,1.0,43912
rate3.0_s12,0.0,q4_a0.8_and,70806,14.000000000000341,11.199999999999818,5.811666666666898,4.38166666666687,1.8246147440262308,1.666966177324593,64,1.0,1.0,43175
rate3.0_s12,0.0,q4_a0.8_and,70807,14.599999999999824,15.933333333333792,6.023333333333516,5.493333333333525,1.9902146477902194,1.8023816293542962,64,1.0,1.0,42960
rate3.0_s12,0.0,q4_a0.8_and,70808,15.466666666666612,10.466666666666015,6.791666666666881,4.393333333333512,1.9321280518309711,1.6948383728117808,61,1.0,1.0,43196
rate3.0_s12,0.0,q4_a0.8_and,70809,13.333333333333321,14.133333333333354,5.683333333333532,4.923333333333525,1.8206168429245524,1.8252542203896474,58,1.0,1.0,44431
rate3.0_s12,0.0,q4_a0.8_and,70810,14.999999999999943,10.933333333333962,6.513333333333469,4.25666666666685,1.915264086988524,1.7405467180227787,57,1.0,1.0,42789
rate3.0_s12,0.0,q4_a0.8_and,70811,14.866666666666958,11.79999999999984,6.47000000000007,4.491666666666791,2.0543363560956602,1.8039822398665313,55,1.0,1.0,44249
rate3.0_s12,0.0,q4_a0.8_and,70812,15.933333333333309,12.86666666666656,6.560000000000185,4.695000000000195,1.9445042535903114,1.7576548298186834,59,1.0,1.0,42706
rate3.0_s12,0.0,q4_a0.8_and,70813,13.199999999999989,12.666666666667254,5.808333333333532,4.936666666666846,1.9407476576324243,1.7974634922183026,58,1.0,1.0,44316
rate3.0_s12,0.0,q4_a0.8_and,70814,12.6666666666666,9.533333333333246,5.535000000000213,4.025000000000184,1.902381351873262,1.7626647236182091,61,1.0,1.0,43102
rate3.0_s12,0.0,q4_a0.8_and,70815,13.799999999999983,12.000000000000028,6.203333333333509,4.650000000000186,1.8575065587687203,1.722935783202159,67,1.0,1.0,43840
rate3.0_s12,0.0,q4_a0.8_and,70816,13.533333333333324,11.66666666666714,5.7033333333335285,4.326666666666867,1.8161428686861734,1.7378658356718166,55,1.0,1.0,43672
rate3.0_s12,0.0,q4_a0.8_and,70817,13.533333333333296,12.666666666666572,5.693333333333523,4.470000000000214,1.7639094405577365,1.622000335176322,52,1.0,1.0,43195
rate3.0_s12,0.0,q4_a0.8_and,70818,14.066666666666691,11.266666666667334,5.725000000000168,4.238333333333486,1.7120193925229186,1.7251251070823537,53,1.0,1.0,43254
rate3.0_s12,0.0,q4_a0.8_and,70819,11.333333333333343,10.066666666666777,4.918333333333525,4.285000000000116,1.7949600168721533,1.7019422721055015,58,1.0,1.0,42990
rate3.0_s12,0.0,q4_a0.8_and,70820,16.00000000000051,12.066666666666606,6.38500000000007,4.931666666666855,1.8881067177752873,1.7520352837644604,65,1.0,1.0,42905
rate3.0_s12,0.0,q4_a0.8_and,70821,18.39999999999997,11.399999999999807,5.686666666666827,4.088333333333524,2.022840020718319,1.748070945775542,58,1.0,1.0,43252
rate3.0_s12,0.0,q4_a0.8_and,70822,15.666666666666742,13.466666666666647,6.423333333333527,4.763333333333517,2.0308423445630517,1.8464360348835471,61,1.0,1.0,42607
rate3.0_s12,0.0,q4_a0.8_and,70823,12.999999999999886,12.133333333333326,5.471666666666851,4.480000000000246,1.8705762657528955,1.8297725770700446,67,1.0,1.0,44246
rate3.0_s12,0.0,q4_a0.8_and,70824,13.866666666667072,11.999999999999943,5.80000000000022,4.860000000000168,1.963408333117759,1.775718188289693,58,1.0,1.0,42709
rate3.0_s12,0.0,q4_a0.8_and,70825,10.999999999999986,10.733333333333576,5.080000000000165,4.213333333333522,1.8613202176775963,1.7558453310777558,67,1.0,1.0,43527
rate3.0_s12,0.0,q4_a0.8_and,70826,13.60000000000025,16.600000000000037,5.9766666666668,5.470000000000102,1.9255823295873176,1.8016633903132582,62,1.0,1.0,43686
rate3.0_s12,0.0,q4_a0.8_and,70827,15.266666666666637,14.133333333333297,6.508333333333542,5.240000000000221,1.9238535856105403,1.7783970026690257,60,1.0,1.0,44468
rate3.0_s12,0.0,q4_a0.8_and,70828,14.999999999999886,12.466666666667038,6.455000000000167,4.695000000000165,1.9462229818407486,1.857434917858832,61,1.0,1.0,42302
rate3.0_s12,0.0,q4_a0.8_and,70829,12.466666666666711,13.866666666666731,5.45833333333346,4.830000000000169,1.845886463717037,1.7968675224634474,58,1.0,1.0,43080
rate3.0_s12,0.0,q4_a1.5_or,70800,13.799999999999983,11.200000000000784,5.458333333333525,4.218333333333598,1.683773755043311,1.7798906546941384,70,1.0,1.0,42733
rate3.0_s12,0.0,q4_a1.5_or,70801,13.33333333333394,9.999999999999915,5.160000000000256,4.158333333333577,1.7783575974939545,1.7309064812352497,69,1.0,1.0,43673
rate3.0_s12,0.0,q4_a1.5_or,70802,12.13333333333378,10.400000000000773,5.308333333333549,4.720000000000245,1.8987073738525335,1.7789771588232604,69,1.0,1.0,44125
rate3.0_s12,0.0,q4_a1.5_or,70803,16.133333333333297,12.799999999999926,5.903333333333455,4.643333333333495,2.0017558039767325,1.8408289876592,67,1.0,1.0,43076
rate3.0_s12,0.0,q4_a1.5_or,70804,12.333333333333329,10.333333333333314,5.54500000000015,4.051666666666812,1.8727201501510513,1.7691601966970367,66,1.0,1.0,43053
rate3.0_s12,0.0,q4_a1.5_or,70805,13.800000000000864,11.466666666666981,6.250000000000144,4.751666666666802,1.9179015652761182,1.8244455270030813,70,1.0,1.0,43912
rate3.0_s12,0.0,q4_a1.5_or,70806,14.000000000000341,11.199999999999818,5.811666666666898,4.38166666666687,1.8246147440262308,1.666966177324593,70,1.0,1.0,43175
rate3.0_s12,0.0,q4_a1.5_or,70807,14.599999999999824,15.933333333333792,6.023333333333516,5.493333333333525,1.9902146477902194,1.8023816293542962,69,1.0,1.0,42960
rate3.0_s12,0.0,q4_a1.5_or,70808,15.466666666666612,10.466666666666015,6.791666666666881,4.393333333333512,1.9321280518309711,1.6948383728117808,70,1.0,1.0,43196
rate3.0_s12,0.0,q4_a1.5_or,70809,13.333333333333321,14.133333333333354,5.683333333333532,4.923333333333525,1.8206168429245524,1.8252542203896474,69,1.0,1.0,44431
rate3.0_s12,0.0,q4_a1.5_or,70810,14.999999999999943,10.933333333333962,6.513333333333469,4.25666666666685,1.915264086988524,1.7405467180227787,64,1.0,1.0,42778
rate3.0_s12,0.0,q4_a1.5_or,70811,14.866666666666958,11.79999999999984,6.47000000000007,4.491666666666791,2.0543363560956602,1.8039822398665313,70,1.0,1.0,44249
rate3.0_s12,0.0,q4_a1.5_or,70812,15.933333333333309,12.86666666666656,6.560000000000185,4.695000000000195,1.9445042535903114,1.7576548298186834,68,1.0,1.0,42706
rate3.0_s12,0.0,q4_a1.5_or,70813,13.199999999999989,12.666666666667254,5.808333333333532,4.936666666666846,1.9407476576324243,1.7974634922183026,70,1.0,1.0,44316
rate3.0_s12,0.0,q4_a1.5_or,70814,12.6666666666666,9.533333333333246,5.535000000000213,4.025000000000184,1.902381351873262,1.7626647236182091,70,1.0,1.0,43102
rate3.0_s12,0.0,q4_a1.5_or,70815,13.799999999999983,12.000000000000028,6.203333333333509,4.650000000000186,1.8575065587687203,1.722935783202159,70,1.0,1.0,43840
rate3.0_s12,0.0,q4_a1.5_or,70816,13.533333333333324,11.66666666666714,5.7033333333335285,4.326666666666867,1.8161428686861734,1.7378658356718166,70,1.0,1.0,43672
rate3.0_s12,0.0,q4_a1.5_or,70817,13.533333333333296,12.666666666666572,5.693333333333523,4.470000000000214,1.7639094405577365,1.622000335176322,69,1.0,1.0,43195
rate3.0_s12,0.0,q4_a1.5_or,70818,14.066666666666691,11.266666666667334,5.725000000000168,4.238333333333486,1.7120193925229186,1.7251251070823537,66,1.0,1.0,43254
rate3.0_s12,0.0,q4_a1.5_or,70819,11.333333333333343,10.066666666666777,4.918333333333525,4.285000000000116,1.7949600168721533,1.7019422721055015,70,1.0,1.0,42990
rate3.0_s12,0.0,q4_a1.5_or,70820,16.00000000000051,12.066666666666606,6.38500000000007,4.931666666666855,1.8881067177752873,1.7520352837644604,68,1.0,1.0,42905
rate3.0_s12,0.0,q4_a1.5_or,70821,18.39999999999997,11.399999999999807,5.686666666666827,4.088333333333524,2.022840020718319,1.748070945775542,69,1.0,1.0,43252
rate3.0_s12,0.0,q4_a1.5_or,70822,15.666666666666742,13.466666666666647,6.423333333333527,4.763333333333517,2.0308423445630517,1.8464360348835471,70,1.0,1.0,42607
rate3.0_s12,0.0,q4_a1.5_or,70823,12.999999999999886,12.133333333333326,5.471666666666851,4.480000000000246,1.8705762657528955,1.8297725770700446,70,1.0,1.0,44246
rate3.0_s12,0.0,q4_a1.5_or,70824,13.866666666667072,11.999999999999943,5.80000000000022,4.860000000000168,1.963408333117759,1.775718188289693,70,1.0,1.0,42709
rate3.0_s12,0.0,q4_a1.5_or,70825,10.999999999999986,10.733333333333576,5.080000000000165,4.213333333333522,1.8613202176775963,1.7558453310777558,70,1.0,1.0,43527
rate3.0_s12,0.0,q4_a1.5_or,70826,13.60000000000025,16.600000000000037,5.9766666666668,5.470000000000102,1.9255823295873176,1.8016633903132582,68,1.0,1.0,43686
rate3.0_s12,0.0,q4_a1.5_or,70827,15.266666666666637,13.73333333333369,6.508333333333542,4.850000000000214,1.9238535856105403,1.7538440269140592,67,1.0,1.0,44514
rate3.0_s12,0.0,q4_a1.5_or,70828,14.999999999999886,12.466666666667038,6.455000000000167,4.695000000000165,1.9462229818407486,1.857434917858832,69,1.0,1.0,42302
rate3.0_s12,0.0,q4_a1.5_or,70829,12.466666666666711,13.866666666666731,5.45833333333346,4.830000000000169,1.845886463717037,1.7968675224634474,69,1.0,1.0,43080
rate3.0_s12,0.0,q4_a1.5_and,70800,13.799999999999983,12.000000000000398,5.458333333333525,4.7733333333336585,1.683773755043311,1.830728195723155,41,1.0,1.0,42829
rate3.0_s12,0.0,q4_a1.5_and,70801,13.33333333333394,9.999999999999915,5.160000000000256,4.340000000000244,1.7783575974939545,1.823720240739273,41,1.0,1.0,42437
rate3.0_s12,0.0,q4_a1.5_and,70802,12.13333333333378,9.266666666667106,5.308333333333549,4.071666666666955,1.8987073738525335,1.6832026679453755,47,1.0,1.0,44342
rate3.0_s12,0.0,q4_a1.5_and,70803,16.133333333333297,10.000000000000028,5.903333333333455,4.000000000000162,2.0017558039767325,1.7894527109503884,39,1.0,1.0,42926
rate3.0_s12,0.0,q4_a1.5_and,70804,12.333333333333329,10.933333333333195,5.54500000000015,4.295000000000187,1.8727201501510513,1.850509401751823,48,1.0,1.0,42884
rate3.0_s12,0.0,q4_a1.5_and,70805,13.800000000000864,9.733333333333235,6.250000000000144,4.105000000000209,1.9179015652761182,1.746545394248069,47,1.0,1.0,44254
rate3.0_s12,0.0,q4_a1.5_and,70806,14.000000000000341,9.333333333333307,5.811666666666898,3.963333333333547,1.8246147440262308,1.6426441233667082,41,1.0,1.0,44696
rate3.0_s12,0.0,q4_a1.5_and,70807,14.599999999999824,10.66666666666665,6.023333333333516,3.978333333333523,1.9902146477902194,1.7221092904228898,36,1.0,1.0,43356
rate3.0_s12,0.0,q4_a1.5_and,70808,15.466666666666612,12.266666666666481,6.791666666666881,4.540000000000195,1.9321280518309711,1.751691468402779,44,1.0,1.0,42364
rate3.0_s12,0.0,q4_a1.5_and,70809,13.333333333333321,13.466666666666498,5.683333333333532,4.65500000000019,1.8206168429245524,1.8519052006351224,45,1.0,1.0,43070
rate3.0_s12,0.0,q4_a1.5_and,70810,14.999999999999943,11.6666666666667,6.513333333333469,4.480000000000166,1.915264086988524,1.7923266423956998,44,1.0,1.0,43080
rate3.0_s12,0.0,q4_a1.5_and,70811,14.866666666666958,10.199999999999932,6.47000000000007,4.126666666666814,2.0543363560956602,1.787580046222462,36,1.0,1.0,43515
rate3.0_s12,0.0,q4_a1.5_and,70812,15.933333333333309,11.666666666666657,6.560000000000185,4.250000000000196,1.9445042535903114,1.819301874755145,44,1.0,1.0,42590
rate3.0_s12,0.0,q4_a1.5_and,70813,13.199999999999989,10.066666666666663,5.808333333333532,4.151666666666886,1.9407476576324243,1.808574531152061,40,1.0,1.0,43906
rate3.0_s12,0.0,q4_a1.5_and,70814,12.6666666666666,11.533333333333985,5.535000000000213,4.488333333333547,1.902381351873262,1.805248147583717,45,1.0,1.0,43001
rate3.0_s12,0.0,q4_a1.5_and,70815,13.799999999999983,9.6666666666667,6.203333333333509,4.038333333333608,1.8575065587687203,1.7417287253952958,44,1.0,1.0,42861
rate3.0_s12,0.0,q4_a1.5_and,70816,13.533333333333324,10.999999999999986,5.7033333333335285,4.065000000000207,1.8161428686861734,1.7802235710850882,36,1.0,1.0,43628
rate3.0_s12,0.0,q4_a1.5_and,70817,13.533333333333296,11.466666666667379,5.693333333333523,4.533333333333437,1.7639094405577365,1.916448099001973,41,1.0,1.0,43775
rate3.0_s12,0.0,q4_a1.5_and,70818,14.066666666666691,11.666666666666657,5.725000000000168,4.921666666666844,1.7120193925229186,1.7298898830041987,50,1.0,1.0,42689
rate3.0_s12,0.0,q4_a1.5_and,70819,11.333333333333343,12.000000000000057,4.918333333333525,4.868333333333467,1.7949600168721533,1.7718934602050678,44,1.0,1.0,42493
rate3.0_s12,0.0,q4_a1.5_and,70820,16.00000000000051,9.266666666666708,6.38500000000007,3.97500000000015,1.8881067177752873,1.7418198327417493,42,1.0,1.0,43253
rate3.0_s12,0.0,q4_a1.5_and,70821,18.39999999999997,10.400000000000205,5.686666666666827,4.483333333333475,2.022840020718319,1.8105635631350177,41,1.0,1.0,42874
rate3.0_s12,0.0,q4_a1.5_and,70822,15.666666666666742,13.40000000000066,6.423333333333527,5.013333333333558,2.0308423445630517,1.8720212507366736,50,1.0,1.0,42810
rate3.0_s12,0.0,q4_a1.5_and,70823,12.999999999999886,11.666666666666657,5.471666666666851,4.791666666666896,1.8705762657528955,1.7807862647901926,41,1.0,1.0,42959
rate3.0_s12,0.0,q4_a1.5_and,70824,13.866666666667072,11.666666666667084,5.80000000000022,4.3616666666668005,1.963408333117759,1.8038957474486117,41,1.0,1.0,43693
rate3.0_s12,0.0,q4_a1.5_and,70825,10.999999999999986,10.666666666666544,5.080000000000165,4.215000000000176,1.8613202176775963,1.8345773954792608,47,1.0,1.0,43580
rate3.0_s12,0.0,q4_a1.5_and,70826,13.60000000000025,12.866666666666845,5.9766666666668,5.060000000000178,1.9255823295873176,1.8510374254166193,50,1.0,1.0,42513
rate3.0_s12,0.0,q4_a1.5_and,70827,15.266666666666637,10.866666666667186,6.508333333333542,4.021666666666892,1.9238535856105403,1.6898219899872482,46,1.0,1.0,42856
rate3.0_s12,0.0,q4_a1.5_and,70828,14.999999999999886,9.999999999999915,6.455000000000167,3.753333333333475,1.9462229818407486,1.7792062539354419,41,1.0,1.0,42902
rate3.0_s12,0.0,q4_a1.5_and,70829,12.466666666666711,9.866666666667186,5.45833333333346,3.976666666666799,1.845886463717037,1.732641916061112,38,1.0,1.0,44638
rate3.0_s12,0.0,q8_a0.8_or,70800,13.799999999999983,12.46666666666664,5.458333333333525,4.790000000000247,1.683773755043311,1.6937548653581163,90,1.0,1.0,43788
rate3.0_s12,0.0,q8_a0.8_or,70801,13.33333333333394,11.933333333333564,5.160000000000256,4.71333333333355,1.7783575974939545,1.6881132616875585,90,1.0,1.0,43719
rate3.0_s12,0.0,q8_a0.8_or,70802,12.13333333333378,13.600000000000364,5.308333333333549,4.986666666666858,1.8987073738525335,1.8214997587920208,90,1.0,1.0,44260
rate3.0_s12,0.0,q8_a0.8_or,70803,16.133333333333297,12.6666666666666,5.903333333333455,4.456666666666787,2.0017558039767325,1.8222664523357313,90,1.0,1.0,43090
rate3.0_s12,0.0,q8_a0.8_or,70804,12.333333333333329,16.600000000000136,5.54500000000015,5.571666666666827,1.8727201501510513,1.89308081905633,90,1.0,1.0,43943
rate3.0_s12,0.0,q8_a0.8_or,70805,13.800000000000864,11.400000000000603,6.250000000000144,4.46833333333351,1.9179015652761182,1.7205172103599577,90,1.0,1.0,44441
rate3.0_s12,0.0,q8_a0.8_or,70806,14.000000000000341,10.999999999999986,5.811666666666898,4.421666666666874,1.8246147440262308,1.7243767819517697,90,1.0,1.0,43770
rate3.0_s12,0.0,q8_a0.8_or,70807,14.599999999999824,13.533333333333402,6.023333333333516,5.230000000000162,1.9902146477902194,1.8179179011223456,90,1.0,1.0,43230
rate3.0_s12,0.0,q8_a0.8_or,70808,15.466666666666612,13.333333333332803,6.791666666666881,5.100000000000189,1.9321280518309711,1.8078614632814847,90,1.0,1.0,43793
rate3.0_s12,0.0,q8_a0.8_or,70809,13.333333333333321,11.80000000000004,5.683333333333532,4.471666666666811,1.8206168429245524,1.8241937655864728,90,1.0,1.0,42872
rate3.0_s12,0.0,q8_a0.8_or,70810,14.999999999999943,11.733333333333206,6.513333333333469,4.451666666666833,1.915264086988524,1.7963295861514195,90,1.0,1.0,43206
rate3.0_s12,0.0,q8_a0.8_or,70811,14.866666666666958,14.000000000000739,6.47000000000007,5.281666666666745,2.0543363560956602,1.853106623727235,90,1.0,1.0,44055
rate3.0_s12,0.0,q8_a0.8_or,70812,15.933333333333309,16.999999999999886,6.560000000000185,5.575000000000182,1.9445042535903114,1.839535613400263,90,1.0,1.0,42547
rate3.0_s12,0.0,q8_a0.8_or,70813,13.199999999999989,11.666666666666643,5.808333333333532,4.726666666666828,1.9407476576324243,1.812677100342549,90,1.0,1.0,44982
rate3.0_s12,0.0,q8_a0.8_or,70814,12.6666666666666,12.00000000000017,5.535000000000213,5.155000000000177,1.902381351873262,1.8576079538189134,90,1.0,1.0,44862
rate3.0_s12,0.0,q8_a0.8_or,70815,13.799999999999983,10.999999999999986,6.203333333333509,4.38833333333353,1.8575065587687203,1.718601106297291,90,1.0,1.0,43821
rate3.0_s12,0.0,q8_a0.8_or,70816,13.533333333333324,10.999999999999986,5.7033333333335285,4.328333333333543,1.8161428686861734,1.7522980766651457,90,1.0,1.0,43800
rate3.0_s12,0.0,q8_a0.8_or,70817,13.533333333333296,12.73333333333403,5.693333333333523,4.768333333333437,1.7639094405577365,1.819684439599379,90,1.0,1.0,43014
rate3.0_s12,0.0,q8_a0.8_or,70818,14.066666666666691,12.200000000000102,5.725000000000168,4.558333333333467,1.7120193925229186,1.756567618033552,90,1.0,1.0,43139
rate3.0_s12,0.0,q8_a0.8_or,70819,11.333333333333343,10.6666666666666,4.918333333333525,3.883333333333498,1.7949600168721533,1.6773873091690883,90,1.0,1.0,42501
rate3.0_s12,0.0,q8_a0.8_or,70820,16.00000000000051,14.133333333333297,6.38500000000007,5.168333333333453,1.8881067177752873,1.7585311940104538,90,1.0,1.0,43453
rate3.0_s12,0.0,q8_a0.8_or,70821,18.39999999999997,13.000000000000014,5.686666666666827,4.5900000000001695,2.022840020718319,1.7648511031307066,90,1.0,1.0,43659
rate3.0_s12,0.0,q8_a0.8_or,70822,15.666666666666742,10.666666666666686,6.423333333333527,4.340000000000232,2.0308423445630517,1.8473618687896807,90,1.0,1.0,42560
rate3.0_s12,0.0,q8_a0.8_or,70823,12.999999999999886,13.79999999999984,5.471666666666851,5.046666666666912,1.8705762657528955,1.8969224265102909,90,1.0,1.0,43450
rate3.0_s12,0.0,q8_a0.8_or,70824,13.866666666667072,14.33333333333394,5.80000000000022,5.336666666666824,1.963408333117759,1.8716986255243915,90,1.0,1.0,44384
rate3.0_s12,0.0,q8_a0.8_or,70825,10.999999999999986,13.26666666666705,5.080000000000165,5.2800000000001885,1.8613202176775963,1.7986576565660224,90,1.0,1.0,43736
rate3.0_s12,0.0,q8_a0.8_or,70826,13.60000000000025,13.933333333333167,5.9766666666668,5.348333333333511,1.9255823295873176,1.9149763928291554,90,1.0,1.0,43029
rate3.0_s12,0.0,q8_a0.8_or,70827,15.266666666666637,12.93333333333402,6.508333333333542,4.6433333333335405,1.9238535856105403,1.7663982603052226,90,1.0,1.0,42908
rate3.0_s12,0.0,q8_a0.8_or,70828,14.999999999999886,14.13333333333378,6.455000000000167,5.190000000000143,1.9462229818407486,1.87001926589285,90,1.0,1.0,43520
rate3.0_s12,0.0,q8_a0.8_or,70829,12.466666666666711,13.60000000000025,5.45833333333346,5.17500000000014,1.845886463717037,1.8290202727303286,90,1.0,1.0,43378
rate3.0_s12,0.0,q8_a0.8_and,70800,13.799999999999983,12.73333333333369,5.458333333333525,5.076666666666942,1.683773755043311,1.7180444322242054,20,0.8,1.0,43470
rate3.0_s12,0.0,q8_a0.8_and,70801,13.33333333333394,11.93333333333328,5.160000000000256,4.535000000000175,1.7783575974939545,1.7813239499832894,20,0.8,1.0,42891
rate3.0_s12,0.0,q8_a0.8_and,70802,12.13333333333378,12.066666666666649,5.308333333333549,4.9833333333335865,1.8987073738525335,1.7250994011364233,17,0.7,1.0,44125
rate3.0_s12,0.0,q8_a0.8_and,70803,16.133333333333297,14.133333333333319,5.903333333333455,5.631666666666812,2.0017558039767325,1.8817409247023116,15,0.6,1.0,42795
rate3.0_s12,0.0,q8_a0.8_and,70804,12.333333333333329,12.333333333333485,5.54500000000015,5.170000000000193,1.8727201501510513,1.8169402801228156,22,0.8,1.0,44192
rate3.0_s12,0.0,q8_a0.8_and,70805,13.800000000000864,11.466666666666526,6.250000000000144,4.6383333333334615,1.9179015652761182,1.7145313251431626,17,0.7,1.0,43821
rate3.0_s12,0.0,q8_a0.8_and,70806,14.000000000000341,10.533333333333417,5.811666666666898,4.5533333333335015,1.8246147440262308,1.7113500375880355,18,0.8,1.0,43967
rate3.0_s12,0.0,q8_a0.8_and,70807,14.599999999999824,14.599999999999824,6.023333333333516,5.480000000000138,1.9902146477902194,1.8668005920840822,14,0.5,1.0,42822
rate3.0_s12,0.0,q8_a0.8_and,70808,15.466666666666612,15.799999999999898,6.791666666666881,5.768333333333512,1.9321280518309711,1.8378693614350199,20,0.8,1.0,42770
rate3.0_s12,0.0,q8_a0.8_and,70809,13.333333333333321,12.06666666666672,5.683333333333532,4.496666666666901,1.8206168429245524,1.7678262560137037,14,0.6,1.0,43965
rate3.0_s12,0.0,q8_a0.8_and,70810,14.999999999999943,14.533333333334042,6.513333333333469,5.3783333333335195,1.915264086988524,1.9143140104724066,16,0.6,1.0,43196
rate3.0_s12,0.0,q8_a0.8_and,70811,14.866666666666958,12.46666666666664,6.47000000000007,4.893333333333474,2.0543363560956602,1.828033332032019,16,0.7,1.0,42809
rate3.0_s12,0.0,q8_a0.8_and,70812,15.933333333333309,12.800000000000523,6.560000000000185,5.381666666666865,1.9445042535903114,1.828460112810926,17,0.6,1.0,42077
rate3.0_s12,0.0,q8_a0.8_and,70813,13.199999999999989,13.199999999999989,5.808333333333532,4.623333333333522,1.9407476576324243,1.8040442273691195,22,0.8,1.0,43284
rate3.0_s12,0.0,q8_a0.8_and,70814,12.6666666666666,10.466666666666583,5.535000000000213,4.538333333333536,1.902381351873262,1.79928604180022,20,0.8,1.0,42952
rate3.0_s12,0.0,q8_a0.8_and,70815,13.799999999999983,11.800000000000026,6.203333333333509,4.856666666666903,1.8575065587687203,1.702651015326441,22,0.8,1.0,43035
rate3.0_s12,0.0,q8_a0.8_and,70816,13.533333333333324,12.133333333333304,5.7033333333335285,4.896666666666876,1.8161428686861734,1.7500320291014704,17,0.6,1.0,44025
rate3.0_s12,0.0,q8_a0.8_and,70817,13.533333333333296,13.533333333333296,5.693333333333523,5.125000000000207,1.7639094405577365,1.7870769316366806,16,0.6,1.0,43461
rate3.0_s12,0.0,q8_a0.8_and,70818,14.066666666666691,13.466666666666647,5.725000000000168,5.058333333333519,1.7120193925229186,1.7224825322853876,12,0.6,1.0,42729
rate3.0_s12,0.0,q8_a0.8_and,70819,11.333333333333343,10.066666666667288,4.918333333333525,4.258333333333472,1.7949600168721533,1.6600954344872596,17,0.6,1.0,42833
rate3.0_s12,0.0,q8_a0.8_and,70820,16.00000000000051,12.799999999999976,6.38500000000007,5.041666666666748,1.8881067177752873,1.8184954721060196,20,0.7,1.0,42363
rate3.0_s12,0.0,q8_a0.8_and,70821,18.39999999999997,13.333333333333172,5.686666666666827,5.23166666666685,2.022840020718319,1.9607209066159876,22,0.8,1.0,43308
rate3.0_s12,0.0,q8_a0.8_and,70822,15.666666666666742,10.99999999999983,6.423333333333527,4.830000000000255,2.0308423445630517,1.8450473569978567,21,0.8,1.0,43496
rate3.0_s12,0.0,q8_a0.8_and,70823,12.999999999999886,11.066666666666691,5.471666666666851,4.573333333333594,1.8705762657528955,1.7871122669143042,16,0.6,1.0,43776
rate3.0_s12,0.0,q8_a0.8_and,70824,13.866666666667072,13.266666666666644,5.80000000000022,4.860000000000227,1.963408333117759,1.7301654760230085,23,0.8,1.0,43407
rate3.0_s12,0.0,q8_a0.8_and,70825,10.999999999999986,10.333333333333314,5.080000000000165,4.240000000000178,1.8613202176775963,1.756848200780861,16,0.7,1.0,43468
rate3.0_s12,0.0,q8_a0.8_and,70826,13.60000000000025,11.533333333334099,5.9766666666668,5.28666666666683,1.9255823295873176,1.8665023393287268,16,0.6,1.0,42284
rate3.0_s12,0.0,q8_a0.8_and,70827,15.266666666666637,12.06666666666672,6.508333333333542,5.1016666666668735,1.9238535856105403,1.742246969601546,22,0.8,1.0,43139
rate3.0_s12,0.0,q8_a0.8_and,70828,14.999999999999886,12.333333333333314,6.455000000000167,5.391666666666809,1.9462229818407486,1.767388211527782,15,0.6,1.0,42943
rate3.0_s12,0.0,q8_a0.8_and,70829,12.466666666666711,11.666666666666657,5.45833333333346,4.635000000000111,1.845886463717037,1.794668920278473,25,0.9,1.0,42829
rate3.0_s12,0.0,q8_a1.5_or,70800,13.799999999999983,12.000000000000398,5.458333333333525,4.7733333333336585,1.683773755043311,1.830728195723155,50,1.0,1.0,42829
rate3.0_s12,0.0,q8_a1.5_or,70801,13.33333333333394,9.999999999999915,5.160000000000256,4.340000000000244,1.7783575974939545,1.823720240739273,50,1.0,1.0,42437
rate3.0_s12,0.0,q8_a1.5_or,70802,12.13333333333378,9.266666666667106,5.308333333333549,4.071666666666955,1.8987073738525335,1.6832026679453755,50,1.0,1.0,44342
rate3.0_s12,0.0,q8_a1.5_or,70803,16.133333333333297,10.000000000000028,5.903333333333455,4.000000000000162,2.0017558039767325,1.7894527109503884,50,1.0,1.0,42926
rate3.0_s12,0.0,q8_a1.5_or,70804,12.333333333333329,10.933333333333195,5.54500000000015,4.295000000000187,1.8727201501510513,1.850509401751823,50,1.0,1.0,42884
rate3.0_s12,0.0,q8_a1.5_or,70805,13.800000000000864,9.733333333333235,6.250000000000144,4.105000000000209,1.9179015652761182,1.746545394248069,50,1.0,1.0,44254
rate3.0_s12,0.0,q8_a1.5_or,70806,14.000000000000341,9.333333333333307,5.811666666666898,3.963333333333547,1.8246147440262308,1.6426441233667082,50,1.0,1.0,44696
rate3.0_s12,0.0,q8_a1.5_or,70807,14.599999999999824,10.66666666666665,6.023333333333516,3.978333333333523,1.9902146477902194,1.7221092904228898,50,1.0,1.0,43356
rate3.0_s12,0.0,q8_a1.5_or,70808,15.466666666666612,12.266666666666481,6.791666666666881,4.540000000000195,1.9321280518309711,1.751691468402779,50,1.0,1.0,42364
rate3.0_s12,0.0,q8_a1.5_or,70809,13.333333333333321,13.466666666666498,5.683333333333532,4.65500000000019,1.8206168429245524,1.8519052006351224,50,1.0,1.0,43070
rate3.0_s12,0.0,q8_a1.5_or,70810,14.999999999999943,11.6666666666667,6.513333333333469,4.480000000000166,1.915264086988524,1.7923266423956998,50,1.0,1.0,43080
rate3.0_s12,0.0,q8_a1.5_or,70811,14.866666666666958,10.199999999999932,6.47000000000007,4.126666666666814,2.0543363560956602,1.787580046222462,50,1.0,1.0,43515
rate3.0_s12,0.0,q8_a1.5_or,70812,15.933333333333309,11.666666666666657,6.560000000000185,4.250000000000196,1.9445042535903114,1.819301874755145,50,1.0,1.0,42590
rate3.0_s12,0.0,q8_a1.5_or,70813,13.199999999999989,10.066666666666663,5.808333333333532,4.151666666666886,1.9407476576324243,1.808574531152061,50,1.0,1.0,43906
rate3.0_s12,0.0,q8_a1.5_or,70814,12.6666666666666,11.533333333333985,5.535000000000213,4.488333333333547,1.902381351873262,1.805248147583717,50,1.0,1.0,43001
rate3.0_s12,0.0,q8_a1.5_or,70815,13.799999999999983,9.6666666666667,6.203333333333509,4.038333333333608,1.8575065587687203,1.7417287253952958,50,1.0,1.0,42861
rate3.0_s12,0.0,q8_a1.5_or,70816,13.533333333333324,10.999999999999986,5.7033333333335285,4.065000000000207,1.8161428686861734,1.7802235710850882,50,1.0,1.0,43628
rate3.0_s12,0.0,q8_a1.5_or,70817,13.533333333333296,11.466666666667379,5.693333333333523,4.533333333333437,1.7639094405577365,1.916448099001973,50,1.0,1.0,43775
rate3.0_s12,0.0,q8_a1.5_or,70818,14.066666666666691,11.666666666666657,5.725000000000168,4.921666666666844,1.7120193925229186,1.7298898830041987,50,1.0,1.0,42689
rate3.0_s12,0.0,q8_a1.5_or,70819,11.333333333333343,12.000000000000057,4.918333333333525,4.868333333333467,1.7949600168721533,1.7718934602050678,50,1.0,1.0,42493
rate3.0_s12,0.0,q8_a1.5_or,70820,16.00000000000051,9.266666666666708,6.38500000000007,3.97500000000015,1.8881067177752873,1.7418198327417493,50,1.0,1.0,43253
rate3.0_s12,0.0,q8_a1.5_or,70821,18.39999999999997,10.400000000000205,5.686666666666827,4.483333333333475,2.022840020718319,1.8105635631350177,50,1.0,1.0,42874
rate3.0_s12,0.0,q8_a1.5_or,70822,15.666666666666742,13.40000000000066,6.423333333333527,5.013333333333558,2.0308423445630517,1.8720212507366736,50,1.0,1.0,42810
rate3.0_s12,0.0,q8_a1.5_or,70823,12.999999999999886,11.666666666666657,5.471666666666851,4.791666666666896,1.8705762657528955,1.7807862647901926,50,1.0,1.0,42959
rate3.0_s12,0.0,q8_a1.5_or,70824,13.866666666667072,11.666666666667084,5.80000000000022,4.3616666666668005,1.963408333117759,1.8038957474486117,50,1.0,1.0,43693
rate3.0_s12,0.0,q8_a1.5_or,70825,10.999999999999986,10.666666666666544,5.080000000000165,4.215000000000176,1.8613202176775963,1.8345773954792608,50,1.0,1.0,43580
rate3.0_s12,0.0,q8_a1.5_or,70826,13.60000000000025,12.866666666666845,5.9766666666668,5.060000000000178,1.9255823295873176,1.8510374254166193,50,1.0,1.0,42513
rate3.0_s12,0.0,q8_a1.5_or,70827,15.266666666666637,11.999999999999915,6.508333333333542,4.380000000000223,1.9238535856105403,1.8252578067572296,50,1.0,1.0,43079
rate3.0_s12,0.0,q8_a1.5_or,70828,14.999999999999886,9.599999999999909,6.455000000000167,3.7450000000001222,1.9462229818407486,1.6521090955424194,50,1.0,1.0,43591
rate3.0_s12,0.0,q8_a1.5_or,70829,12.466666666666711,9.866666666667186,5.45833333333346,3.976666666666799,1.845886463717037,1.732641916061112,50,1.0,1.0,44638
rate3.0_s12,0.0,q8_a1.5_and,70800,13.799999999999983,12.73333333333369,5.458333333333525,5.076666666666942,1.683773755043311,1.7180444322242054,20,0.8,1.0,43470
rate3.0_s12,0.0,q8_a1.5_and,70801,13.33333333333394,11.93333333333328,5.160000000000256,4.535000000000175,1.7783575974939545,1.7813239499832894,20,0.8,1.0,42891
rate3.0_s12,0.0,q8_a1.5_and,70802,12.13333333333378,12.066666666666649,5.308333333333549,4.9833333333335865,1.8987073738525335,1.7250994011364233,17,0.7,1.0,44125
rate3.0_s12,0.0,q8_a1.5_and,70803,16.133333333333297,14.133333333333319,5.903333333333455,5.631666666666812,2.0017558039767325,1.8817409247023116,15,0.6,1.0,42795
rate3.0_s12,0.0,q8_a1.5_and,70804,12.333333333333329,12.333333333333485,5.54500000000015,5.170000000000193,1.8727201501510513,1.8169402801228156,22,0.8,1.0,44192
rate3.0_s12,0.0,q8_a1.5_and,70805,13.800000000000864,11.466666666666526,6.250000000000144,4.6383333333334615,1.9179015652761182,1.7145313251431626,17,0.7,1.0,43821
rate3.0_s12,0.0,q8_a1.5_and,70806,14.000000000000341,10.533333333333417,5.811666666666898,4.5533333333335015,1.8246147440262308,1.7113500375880355,18,0.8,1.0,43967
rate3.0_s12,0.0,q8_a1.5_and,70807,14.599999999999824,14.599999999999824,6.023333333333516,5.480000000000138,1.9902146477902194,1.8668005920840822,14,0.5,1.0,42822
rate3.0_s12,0.0,q8_a1.5_and,70808,15.466666666666612,15.799999999999898,6.791666666666881,5.768333333333512,1.9321280518309711,1.8378693614350199,20,0.8,1.0,42770
rate3.0_s12,0.0,q8_a1.5_and,70809,13.333333333333321,12.06666666666672,5.683333333333532,4.496666666666901,1.8206168429245524,1.7678262560137037,14,0.6,1.0,43965
rate3.0_s12,0.0,q8_a1.5_and,70810,14.999999999999943,14.533333333334042,6.513333333333469,5.3783333333335195,1.915264086988524,1.9143140104724066,16,0.6,1.0,43196
rate3.0_s12,0.0,q8_a1.5_and,70811,14.866666666666958,12.46666666666664,6.47000000000007,4.893333333333474,2.0543363560956602,1.828033332032019,16,0.7,1.0,42809
rate3.0_s12,0.0,q8_a1.5_and,70812,15.933333333333309,12.800000000000523,6.560000000000185,5.381666666666865,1.9445042535903114,1.828460112810926,17,0.6,1.0,42077
rate3.0_s12,0.0,q8_a1.5_and,70813,13.199999999999989,13.199999999999989,5.808333333333532,4.623333333333522,1.9407476576324243,1.8040442273691195,22,0.8,1.0,43284
rate3.0_s12,0.0,q8_a1.5_and,70814,12.6666666666666,10.466666666666583,5.535000000000213,4.538333333333536,1.902381351873262,1.79928604180022,20,0.8,1.0,42952
rate3.0_s12,0.0,q8_a1.5_and,70815,13.799999999999983,11.800000000000026,6.203333333333509,4.856666666666903,1.8575065587687203,1.702651015326441,22,0.8,1.0,43035
rate3.0_s12,0.0,q8_a1.5_and,70816,13.533333333333324,12.133333333333304,5.7033333333335285,4.896666666666876,1.8161428686861734,1.7500320291014704,17,0.6,1.0,44025
rate3.0_s12,0.0,q8_a1.5_and,70817,13.533333333333296,13.533333333333296,5.693333333333523,5.125000000000207,1.7639094405577365,1.7870769316366806,16,0.6,1.0,43461
rate3.0_s12,0.0,q8_a1.5_and,70818,14.066666666666691,13.466666666666647,5.725000000000168,5.058333333333519,1.7120193925229186,1.7224825322853876,12,0.6,1.0,42729
rate3.0_s12,0.0,q8_a1.5_and,70819,11.333333333333343,10.066666666667288,4.918333333333525,4.258333333333472,1.7949600168721533,1.6600954344872596,17,0.6,1.0,42833
rate3.0_s12,0.0,q8_a1.5_and,70820,16.00000000000051,12.799999999999976,6.38500000000007,5.041666666666748,1.8881067177752873,1.8184954721060196,20,0.7,1.0,42363
rate3.0_s12,0.0,q8_a1.5_and,70821,18.39999999999997,13.333333333333172,5.686666666666827,5.23166666666685,2.022840020718319,1.9607209066159876,22,0.8,1.0,43308
rate3.0_s12,0.0,q8_a1.5_and,70822,15.666666666666742,10.99999999999983,6.423333333333527,4.830000000000255,2.0308423445630517,1.8450473569978567,21,0.8,1.0,43496
rate3.0_s12,0.0,q8_a1.5_and,70823,12.999999999999886,11.066666666666691,5.471666666666851,4.573333333333594,1.8705762657528955,1.7871122669143042,16,0.6,1.0,43776
rate3.0_s12,0.0,q8_a1.5_and,70824,13.866666666667072,13.266666666666644,5.80000000000022,4.860000000000227,1.963408333117759,1.7301654760230085,23,0.8,1.0,43407
rate3.0_s12,0.0,q8_a1.5_and,70825,10.999999999999986,10.333333333333314,5.080000000000165,4.240000000000178,1.8613202176775963,1.756848200780861,16,0.7,1.0,43468
rate3.0_s12,0.0,q8_a1.5_and,70826,13.60000000000025,11.533333333334099,5.9766666666668,5.28666666666683,1.9255823295873176,1.8665023393287268,16,0.6,1.0,42284
rate3.0_s12,0.0,q8_a1.5_and,70827,15.266666666666637,12.06666666666672,6.508333333333542,5.1016666666668735,1.9238535856105403,1.742246969601546,22,0.8,1.0,43139
rate3.0_s12,0.0,q8_a1.5_and,70828,14.999999999999886,12.333333333333314,6.455000000000167,5.391666666666809,1.9462229818407486,1.767388211527782,15,0.6,1.0,42943
rate3.0_s12,0.0,q8_a1.5_and,70829,12.466666666666711,11.666666666666657,5.45833333333346,4.635000000000111,1.845886463717037,1.794668920278473,25,0.9,1.0,42829
rate3.0_s12,0.5,q2_a0.8_or,70800,16.26666666666779,13.066666666667231,6.608333333333553,5.187500000000299,1.9257790940334922,1.7336479035574732,92,1.0,1.0,43711
rate3.0_s12,0.5,q2_a0.8_or,70801,14.733333333333235,16.033333333333417,6.480833333333565,5.929166666666885,1.9127524021018554,1.8531869516011492,92,1.0,1.0,43715
rate3.0_s12,0.5,q2_a0.8_or,70802,13.666666666666671,14.166666666667084,5.980833333333548,5.443333333333559,1.8596535912339123,1.8455076057973125,92,1.0,1.0,43937
rate3.0_s12,0.5,q2_a0.8_or,70803,15.69999999999925,15.800000000000026,6.490833333333494,5.660833333333488,2.0375271471434546,1.8698419345027812,92,1.0,1.0,43047
rate3.0_s12,0.5,q2_a0.8_or,70804,12.333333333333485,12.266666666666197,4.889166666666854,4.78416666666684,1.8225299729734348,1.8373357100297616,92,1.0,1.0,43897
rate3.0_s12,0.5,q2_a0.8_or,70805,11.80000000000041,12.466666666666711,5.7450000000001635,4.785000000000143,1.9050732203089276,1.7547501860733528,92,1.0,1.0,43604
rate3.0_s12,0.5,q2_a0.8_or,70806,14.333333333333329,12.333333333333485,5.435833333333538,5.053333333333544,1.8105539989175667,1.808360385314806,92,1.0,1.0,43526
rate3.0_s12,0.5,q2_a0.8_or,70807,14.033333333333474,12.99999999999983,5.938333333333514,5.258333333333515,2.0180563531476587,1.8833262239005484,92,1.0,1.0,42618
rate3.0_s12,0.5,q2_a0.8_or,70808,15.799999999999898,11.333333333333321,6.77916666666685,4.754166666666854,1.936602197995948,1.7774282074037848,92,1.0,1.0,43072
rate3.0_s12,0.5,q2_a0.8_or,70809,15.13333333333344,13.466666666666924,6.809166666666846,5.730000000000198,1.9539288810248259,1.9449089435269094,92,1.0,1.0,43776
rate3.0_s12,0.5,q2_a0.8_or,70810,17.166666666666288,14.799999999999983,6.890000000000187,5.318333333333535,1.9839534013628237,1.8841280940759149,92,1.0,1.0,43493
rate3.0_s12,0.5,q2_a0.8_or,70811,14.599999999999852,14.66666666666665,5.988333333333469,5.401666666666771,1.923746016734417,1.9296511063813186,92,1.0,1.0,43438
rate3.0_s12,0.5,q2_a0.8_or,70812,13.266666666666538,12.166666666666657,6.535000000000179,4.42833333333352,1.8947808207141899,1.8459779621174226,92,1.0,1.0,43250
rate3.0_s12,0.5,q2_a0.8_or,70813,13.666666666666657,13.999999999999943,5.480000000000192,5.526666666666858,1.8512326664728431,1.8803498976213717,92,1.0,1.0,44291
rate3.0_s12,0.5,q2_a0.8_or,70814,13.733333333333377,13.799999999999955,5.517500000000193,5.81500000000025,1.9042384864013107,1.9867617612959507,92,1.0,1.0,43967
rate3.0_s12,0.5,q2_a0.8_or,70815,13.933333333333735,14.8666666666673,6.278333333333515,5.805000000000191,1.9487804471048735,1.834175255945426,92,1.0,1.0,43745
rate3.0_s12,0.5,q2_a0.8_or,70816,14.633333333334008,13.666666666667311,5.790833333333532,5.549166666666848,1.8643603748542779,1.7880038797110136,92,1.0,1.0,43775
rate3.0_s12,0.5,q2_a0.8_or,70817,13.933333333334076,14.466666666667095,6.433333333333448,5.895000000000164,1.937719894611784,1.9562918257442958,92,1.0,1.0,42952
rate3.0_s12,0.5,q2_a0.8_or,70818,13.666666666666742,13.366666666666873,6.153333333333444,5.249166666666804,1.7747641674726353,1.7086749792245917,92,1.0,1.0,43647
rate3.0_s12,0.5,q2_a0.8_or,70819,14.933333333333302,15.633333333333383,5.910000000000151,5.495000000000178,1.8275688556232184,1.8535053008405995,92,1.0,1.0,42788
rate3.0_s12,0.5,q2_a0.8_or,70820,15.800000000000523,11.766666666666765,5.930000000000114,4.650833333333478,1.8265760672318854,1.6734944852122053,92,1.0,1.0,42891
rate3.0_s12,0.5,q2_a0.8_or,70821,17.033333333334042,13.000000000000568,6.612500000000139,5.181666666666829,2.1738643172160987,1.9167091817058821,91,1.0,1.0,43057
rate3.0_s12,0.5,q2_a0.8_or,70822,15.799999999999898,12.333333333333357,6.70666666666687,5.242500000000243,1.9851578620794492,1.9506317028337286,92,1.0,1.0,43571
rate3.0_s12,0.5,q2_a0.8_or,70823,15.266666666666637,13.099999999999966,5.848333333333482,5.302500000000251,1.9829153330265639,1.880843065541204,92,1.0,1.0,43630
rate3.0_s12,0.5,q2_a0.8_or,70824,13.466666666667038,15.266666666666637,5.741666666666908,5.605000000000215,1.9106431047168164,1.8893111870962125,92,1.0,1.0,44435
rate3.0_s12,0.5,q2_a0.8_or,70825,12.666666666666686,13.366666666667015,5.390000000000176,5.10666666666686,1.917825078170814,1.8263662279065893,92,1.0,1.0,44377
rate3.0_s12,0.5,q2_a0.8_or,70826,11.53333333333331,11.79999999999984,5.465000000000146,4.554166666666841,1.8670559260342747,1.7630129269867487,92,1.0,1.0,43667
rate3.0_s12,0.5,q2_a0.8_or,70827,14.133333333333319,12.866666666667129,6.125833333333515,4.665833333333521,1.896177820479139,1.7417518450677016,92,1.0,1.0,43139
rate3.0_s12,0.5,q2_a0.8_or,70828,16.100000000000364,13.133333333333098,6.483333333333499,5.130000000000186,1.9868477439766887,1.8857617998867822,92,1.0,1.0,43950
rate3.0_s12,0.5,q2_a0.8_or,70829,13.733333333333348,12.833333333333599,5.814166666666727,5.1275000000000945,1.9132588380865605,1.8608283397348908,92,1.0,1.0,43469
rate3.0_s12,0.5,q2_a0.8_and,70800,16.26666666666779,12.633333333334406,6.608333333333553,5.270833333333656,1.9257790940334922,1.78925388320168,86,1.0,1.0,44418
rate3.0_s12,0.5,q2_a0.8_and,70801,14.733333333333235,11.833333333334167,6.480833333333565,4.975833333333493,1.9127524021018554,1.8316705689192105,86,1.0,1.0,42387
rate3.0_s12,0.5,q2_a0.8_and,70802,13.666666666666671,12.600000000000193,5.980833333333548,5.0825000000002225,1.8596535912339123,1.854644335062595,86,1.0,1.0,43663
rate3.0_s12,0.5,q2_a0.8_and,70803,15.69999999999925,13.466666666666242,6.490833333333494,4.945833333333472,2.0375271471434546,1.9513270296149825,86,1.0,1.0,43523
rate3.0_s12,0.5,q2_a0.8_and,70804,12.333333333333485,12.666666666666572,4.889166666666854,5.13166666666685,1.8225299729734348,1.8956404943793563,86,1.0,1.0,43392
rate3.0_s12,0.5,q2_a0.8_and,70805,11.80000000000041,11.10000000000008,5.7450000000001635,4.404166666666863,1.9050732203089276,1.7014496389948932,86,1.0,1.0,43630
rate3.0_s12,0.5,q2_a0.8_and,70806,14.333333333333329,12.700000000000784,5.435833333333538,5.316666666666873,1.8105539989175667,1.8191097668223193,86,1.0,1.0,43810
rate3.0_s12,0.5,q2_a0.8_and,70807,14.033333333333474,11.999999999999915,5.938333333333514,4.886666666666845,2.0180563531476587,1.9097594657182133,86,1.0,1.0,42836
rate3.0_s12,0.5,q2_a0.8_and,70808,15.799999999999898,14.066666666666492,6.77916666666685,5.185000000000196,1.936602197995948,1.8224527219021645,86,1.0,1.0,44380
rate3.0_s12,0.5,q2_a0.8_and,70809,15.13333333333344,15.000000000000028,6.809166666666846,4.880833333333542,1.9539288810248259,1.9254246493330704,86,1.0,1.0,43700
rate3.0_s12,0.5,q2_a0.8_and,70810,17.166666666666288,13.766666666667163,6.890000000000187,5.155833333333499,1.9839534013628237,1.8003486506193696,86,1.0,1.0,43730
rate3.0_s12,0.5,q2_a0.8_and,70811,14.599999999999852,11.533333333333644,5.988333333333469,4.533333333333484,1.923746016734417,1.8015387687014566,84,1.0,1.0,43694
rate3.0_s12,0.5,q2_a0.8_and,70812,13.266666666666538,13.566666666667345,6.535000000000179,4.845833333333513,1.8947808207141899,1.8594143913177823,86,1.0,1.0,42669
rate3.0_s12,0.5,q2_a0.8_and,70813,13.666666666666657,12.133333333333297,5.480000000000192,5.229166666666886,1.8512326664728431,1.8336385791625611,86,1.0,1.0,44282
rate3.0_s12,0.5,q2_a0.8_and,70814,13.733333333333377,10.63333333333378,5.517500000000193,4.422500000000243,1.9042384864013107,1.7744581339548173,86,1.0,1.0,43156
rate3.0_s12,0.5,q2_a0.8_and,70815,13.933333333333735,10.333333333333357,6.278333333333515,4.0083333333335345,1.9487804471048735,1.7131108314520926,86,1.0,1.0,43393
rate3.0_s12,0.5,q2_a0.8_and,70816,14.633333333334008,13.466666666667606,5.790833333333532,4.768333333333543,1.8643603748542779,1.8814246320094559,86,1.0,1.0,43674
rate3.0_s12,0.5,q2_a0.8_and,70817,13.933333333334076,14.466666666667095,6.433333333333448,5.590000000000171,1.937719894611784,1.9081545825165391,86,1.0,1.0,43502
rate3.0_s12,0.5,q2_a0.8_and,70818,13.666666666666742,14.000000000000227,6.153333333333444,5.585833333333465,1.7747641674726353,1.8624180114215403,86,1.0,1.0,43366
rate3.0_s12,0.5,q2_a0.8_and,70819,14.933333333333302,13.799999999999983,5.910000000000151,4.869166666666847,1.8275688556232184,1.7789876272730616,86,1.0,1.0,43652
rate3.0_s12,0.5,q2_a0.8_and,70820,15.800000000000523,11.666666666666629,5.930000000000114,4.647500000000118,1.8265760672318854,1.6997060406428242,86,1.0,1.0,43707
rate3.0_s12,0.5,q2_a0.8_and,70821,17.033333333334042,12.199999999999818,6.612500000000139,4.710833333333486,2.1738643172160987,1.8342626657383623,84,1.0,1.0,42920
rate3.0_s12,0.5,q2_a0.8_and,70822,15.799999999999898,13.500000000000512,6.70666666666687,5.200833333333575,1.9851578620794492,1.9755777255985767,86,1.0,1.0,43778
rate3.0_s12,0.5,q2_a0.8_and,70823,15.266666666666637,10.733333333333363,5.848333333333482,4.369166666666888,1.9829153330265639,1.8662349778637721,86,1.0,1.0,44012
rate3.0_s12,0.5,q2_a0.8_and,70824,13.466666666667038,13.33333333333323,5.741666666666908,4.94500000000018,1.9106431047168164,1.834236122914413,86,1.0,1.0,43366
rate3.0_s12,0.5,q2_a0.8_and,70825,12.666666666666686,16.266666666667106,5.390000000000176,5.610000000000181,1.917825078170814,1.9866718333865139,86,1.0,1.0,43820
rate3.0_s12,0.5,q2_a0.8_and,70826,11.53333333333331,12.733333333333235,5.465000000000146,4.7208333333335135,1.8670559260342747,1.7340541896398967,84,1.0,1.0,43715
rate3.0_s12,0.5,q2_a0.8_and,70827,14.133333333333319,12.666666666666686,6.125833333333515,4.715000000000213,1.896177820479139,1.8353196811547003,86,1.0,1.0,43522
rate3.0_s12,0.5,q2_a0.8_and,70828,16.100000000000364,12.999999999999886,6.483333333333499,4.8966666666668175,1.9868477439766887,1.8133027170350429,86,1.0,1.0,43378
rate3.0_s12,0.5,q2_a0.8_and,70829,13.733333333333348,13.73333333333332,5.814166666666727,5.1200000000000765,1.9132588380865605,1.8375142021548505,86,1.0,1.0,43007
rate3.0_s12,0.5,q2_a1.5_or,70800,16.26666666666779,12.733333333333633,6.608333333333553,5.3125000000003295,1.9257790940334922,1.7763463856156325,88,1.0,1.0,44430
rate3.0_s12,0.5,q2_a1.5_or,70801,14.733333333333235,10.999999999999986,6.480833333333565,4.9125000000002075,1.9127524021018554,1.8910237061179407,88,1.0,1.0,43861
rate3.0_s12,0.5,q2_a1.5_or,70802,13.666666666666671,11.333333333333307,5.980833333333548,4.8425000000002365,1.8596535912339123,1.88208933045238,88,1.0,1.0,43181
rate3.0_s12,0.5,q2_a1.5_or,70803,15.69999999999925,14.799999999999983,6.490833333333494,5.348333333333483,2.0375271471434546,1.8959598324553741,88,1.0,1.0,43214
rate3.0_s12,0.5,q2_a1.5_or,70804,12.333333333333485,14.00000000000017,4.889166666666854,5.758333333333551,1.8225299729734348,1.8807138955233678,88,1.0,1.0,44242
rate3.0_s12,0.5,q2_a1.5_or,70805,11.80000000000041,12.333333333333144,5.7450000000001635,4.868333333333512,1.9050732203089276,1.772208914753071,88,1.0,1.0,43564
rate3.0_s12,0.5,q2_a1.5_or,70806,14.333333333333329,12.333333333333485,5.435833333333538,5.0216666666668655,1.8105539989175667,1.834379008630753,88,1.0,1.0,43408
rate3.0_s12,0.5,q2_a1.5_or,70807,14.033333333333474,15.233333333333292,5.938333333333514,5.322500000000205,2.0180563531476587,1.9147248425243475,88,1.0,1.0,43022
rate3.0_s12,0.5,q2_a1.5_or,70808,15.799999999999898,15.800000000000026,6.77916666666685,5.975000000000188,1.936602197995948,1.805090053135497,88,1.0,1.0,44225
rate3.0_s12,0.5,q2_a1.5_or,70809,15.13333333333344,16.13333333333332,6.809166666666846,5.876666666666867,1.9539288810248259,1.990012218291543,88,1.0,1.0,43849
rate3.0_s12,0.5,q2_a1.5_or,70810,17.166666666666288,16.93333333333294,6.890000000000187,5.814166666666836,1.9839534013628237,1.8597233913186213,88,1.0,1.0,44194
rate3.0_s12,0.5,q2_a1.5_or,70811,14.599999999999852,10.533333333333985,5.988333333333469,4.410833333333447,1.923746016734417,1.7674888572151213,85,1.0,1.0,43642
rate3.0_s12,0.5,q2_a1.5_or,70812,13.266666666666538,12.166666666666657,6.535000000000179,4.466666666666854,1.8947808207141899,1.834031689773941,88,1.0,1.0,42720
rate3.0_s12,0.5,q2_a1.5_or,70813,13.666666666666657,13.499999999999886,5.480000000000192,5.146666666666876,1.8512326664728431,1.840613479141268,88,1.0,1.0,44602
rate3.0_s12,0.5,q2_a1.5_or,70814,13.733333333333377,13.50000000000017,5.517500000000193,5.472500000000249,1.9042384864013107,1.8653812904664322,88,1.0,1.0,44106
rate3.0_s12,0.5,q2_a1.5_or,70815,13.933333333333735,10.999999999999986,6.278333333333515,4.466666666666828,1.9487804471048735,1.7536368763321668,88,1.0,1.0,43897
rate3.0_s12,0.5,q2_a1.5_or,70816,14.633333333334008,12.799999999999926,5.790833333333532,4.95333333333352,1.8643603748542779,1.8241480296607755,88,1.0,1.0,43839
rate3.0_s12,0.5,q2_a1.5_or,70817,13.933333333334076,14.466666666667095,6.433333333333448,5.7216666666668425,1.937719894611784,1.963983231009863,88,1.0,1.0,44087
rate3.0_s12,0.5,q2_a1.5_or,70818,13.666666666666742,13.666666666666742,6.153333333333444,4.776666666666801,1.7747641674726353,1.7580650460225347,88,1.0,1.0,43048
rate3.0_s12,0.5,q2_a1.5_or,70819,14.933333333333302,11.033333333333928,5.910000000000151,4.874166666666777,1.8275688556232184,1.8018664961916757,88,1.0,1.0,42588
rate3.0_s12,0.5,q2_a1.5_or,70820,15.800000000000523,12.933333333333906,5.930000000000114,5.073333333333465,1.8265760672318854,1.7110667878672357,88,1.0,1.0,43242
rate3.0_s12,0.5,q2_a1.5_or,70821,17.033333333334042,16.00000000000051,6.612500000000139,5.486666666666822,2.1738643172160987,1.853433521330687,88,1.0,1.0,42874
rate3.0_s12,0.5,q2_a1.5_or,70822,15.799999999999898,12.333333333333357,6.70666666666687,4.847500000000253,1.9851578620794492,1.964123549907615,88,1.0,1.0,43503
rate3.0_s12,0.5,q2_a1.5_or,70823,15.266666666666637,12.666666666666856,5.848333333333482,5.00750000000023,1.9829153330265639,1.8778839106496743,88,1.0,1.0,42434
rate3.0_s12,0.5,q2_a1.5_or,70824,13.466666666667038,16.13333333333332,5.741666666666908,6.080000000000159,1.9106431047168164,1.9174023241600817,88,1.0,1.0,44518
rate3.0_s12,0.5,q2_a1.5_or,70825,12.666666666666686,11.299999999999898,5.390000000000176,4.7833333333335215,1.917825078170814,1.7579429892743517,88,1.0,1.0,44075
rate3.0_s12,0.5,q2_a1.5_or,70826,11.53333333333331,15.133333333333724,5.465000000000146,5.3625000000001855,1.8670559260342747,1.8373266783966817,85,1.0,1.0,43539
rate3.0_s12,0.5,q2_a1.5_or,70827,14.133333333333319,14.79999999999987,6.125833333333515,4.96000000000018,1.896177820479139,1.7869930926240722,88,1.0,1.0,43754
rate3.0_s12,0.5,q2_a1.5_or,70828,16.100000000000364,13.733333333332894,6.483333333333499,5.260000000000177,1.9868477439766887,1.9054059705054556,88,1.0,1.0,44228
rate3.0_s12,0.5,q2_a1.5_or,70829,13.733333333333348,12.799999999999926,5.814166666666727,5.311666666666752,1.9132588380865605,1.8250339626578078,87,1.0,1.0,43557
rate3.0_s12,0.5,q2_a1.5_and,70800,16.26666666666779,11.13333333333378,6.608333333333553,4.3991666666669484,1.9257790940334922,1.7847237442551536,50,1.0,1.0,42897
rate3.0_s12,0.5,q2_a1.5_and,70801,14.733333333333235,11.533333333333303,6.480833333333565,4.2491666666669055,1.9127524021018554,1.8415378036027426,47,1.0,1.0,43447
rate3.0_s12,0.5,q2_a1.5_and,70802,13.666666666666671,11.133333333332871,5.980833333333548,4.27916666666688,1.8596535912339123,1.7582671588874101,50,1.0,1.0,42795
rate3.0_s12,0.5,q2_a1.5_and,70803,15.69999999999925,10.333333333333144,6.490833333333494,4.124166666666833,2.0375271471434546,1.805761812133869,50,1.0,1.0,43562
rate3.0_s12,0.5,q2_a1.5_and,70804,12.333333333333485,12.03333333333353,4.889166666666854,4.910000000000187,1.8225299729734348,1.8519715726419372,50,1.0,1.0,43648
rate3.0_s12,0.5,q2_a1.5_and,70805,11.80000000000041,10.666666666666401,5.7450000000001635,4.305000000000154,1.9050732203089276,1.8390282495890895,50,1.0,1.0,43682
rate3.0_s12,0.5,q2_a1.5_and,70806,14.333333333333329,9.333333333333307,5.435833333333538,4.100000000000211,1.8105539989175667,1.741368918899003,47,1.0,1.0,43300
rate3.0_s12,0.5,q2_a1.5_and,70807,14.033333333333474,12.13333333333344,5.938333333333514,4.365000000000177,2.0180563531476587,1.8060430542194499,50,1.0,1.0,43181
rate3.0_s12,0.5,q2_a1.5_and,70808,15.799999999999898,12.0,6.77916666666685,4.480833333333507,1.936602197995948,1.7234291196680696,50,1.0,1.0,43391
rate3.0_s12,0.5,q2_a1.5_and,70809,15.13333333333344,11.79999999999984,6.809166666666846,4.408333333333512,1.9539288810248259,1.8232907722153682,47,1.0,1.0,43191
rate3.0_s12,0.5,q2_a1.5_and,70810,17.166666666666288,12.69999999999996,6.890000000000187,4.560000000000147,1.9839534013628237,1.883267282593073,50,1.0,1.0,43256
rate3.0_s12,0.5,q2_a1.5_and,70811,14.599999999999852,12.133333333333098,5.988333333333469,4.602500000000153,1.923746016734417,1.8156499368332395,50,1.0,1.0,44157
rate3.0_s12,0.5,q2_a1.5_and,70812,13.266666666666538,11.6666666666667,6.535000000000179,4.3283333333335205,1.8947808207141899,1.759045109475809,47,1.0,1.0,42678
rate3.0_s12,0.5,q2_a1.5_and,70813,13.666666666666657,11.199999999999932,5.480000000000192,4.239166666666869,1.8512326664728431,1.883334489165192,50,1.0,1.0,44145
rate3.0_s12,0.5,q2_a1.5_and,70814,13.733333333333377,8.266666666666644,5.517500000000193,3.824166666666873,1.9042384864013107,1.8045170818981873,47,1.0,1.0,43241
rate3.0_s12,0.5,q2_a1.5_and,70815,13.933333333333735,9.700000000000728,6.278333333333515,4.092500000000273,1.9487804471048735,1.77577743851595,50,1.0,1.0,42700
rate3.0_s12,0.5,q2_a1.5_and,70816,14.633333333334008,10.466666666666526,5.790833333333532,4.002500000000205,1.8643603748542779,1.7771311135842514,50,1.0,1.0,42974
rate3.0_s12,0.5,q2_a1.5_and,70817,13.933333333334076,9.600000000000705,6.433333333333448,4.020833333333482,1.937719894611784,1.8452054541300684,50,1.0,1.0,42818
rate3.0_s12,0.5,q2_a1.5_and,70818,13.666666666666742,12.133333333333326,6.153333333333444,5.035000000000119,1.7747641674726353,1.8273469554436537,50,1.0,1.0,42722
rate3.0_s12,0.5,q2_a1.5_and,70819,14.933333333333302,11.900000000000489,5.910000000000151,4.446666666666784,1.8275688556232184,1.7362069151138015,47,1.0,1.0,42394
rate3.0_s12,0.5,q2_a1.5_and,70820,15.800000000000523,9.6666666666667,5.930000000000114,4.208333333333487,1.8265760672318854,1.788115935902892,50,1.0,1.0,42827
rate3.0_s12,0.5,q2_a1.5_and,70821,17.033333333334042,10.666666666666487,6.612500000000139,4.204166666666836,2.1738643172160987,1.7884442392912447,50,1.0,1.0,43307
rate3.0_s12,0.5,q2_a1.5_and,70822,15.799999999999898,11.899999999999949,6.70666666666687,4.252500000000228,1.9851578620794492,1.8748064656924304,50,1.0,1.0,43099
rate3.0_s12,0.5,q2_a1.5_and,70823,15.266666666666637,11.733333333333746,5.848333333333482,4.429166666666907,1.9829153330265639,1.8530736571328714,50,1.0,1.0,42935
rate3.0_s12,0.5,q2_a1.5_and,70824,13.466666666667038,9.966666666667265,5.741666666666908,4.147500000000192,1.9106431047168164,1.7662747325675956,50,1.0,1.0,44626
rate3.0_s12,0.5,q2_a1.5_and,70825,12.666666666666686,10.333333333333314,5.390000000000176,4.0841666666668734,1.917825078170814,1.7692218808374311,47,1.0,1.0,44118
rate3.0_s12,0.5,q2_a1.5_and,70826,11.53333333333331,10.933333333333366,5.465000000000146,4.671666666666854,1.8670559260342747,1.8570320441188897,50,1.0,1.0,43172
rate3.0_s12,0.5,q2_a1.5_and,70827,14.133333333333319,10.333333333333258,6.125833333333515,4.206666666666895,1.896177820479139,1.7578118038402741,47,1.0,1.0,43927
rate3.0_s12,0.5,q2_a1.5_and,70828,16.100000000000364,10.066666666666777,6.483333333333499,3.9550000000001386,1.9868477439766887,1.744477179924313,47,1.0,1.0,42620
rate3.0_s12,0.5,q2_a1.5_and,70829,13.733333333333348,11.200000000000841,5.814166666666727,4.491666666666823,1.9132588380865605,1.935055086793857,50,1.0,1.0,43963
rate3.0_s12,0.5,q4_a0.8_or,70800,16.26666666666779,13.266666666667163,6.608333333333553,5.0616666666668975,1.9257790940334922,1.7205348745731872,90,1.0,1.0,43684
rate3.0_s12,0.5,q4_a0.8_or,70801,14.733333333333235,11.833333333334167,6.480833333333565,4.950833333333493,1.9127524021018554,1.8302473505605084,90,1.0,1.0,42386
rate3.0_s12,0.5,q4_a0.8_or,70802,13.666666666666671,11.866666666667243,5.980833333333548,4.960000000000184,1.8596535912339123,1.8081322995222255,90,1.0,1.0,43391
rate3.0_s12,0.5,q4_a0.8_or,70803,15.69999999999925,14.299999999999386,6.490833333333494,4.895000000000191,2.0375271471434546,1.8536983243610468,90,1.0,1.0,43659
rate3.0_s12,0.5,q4_a0.8_or,70804,12.333333333333485,11.766666666666765,4.889166666666854,4.335833333333513,1.8225299729734348,1.8138908108258074,90,1.0,1.0,43674
rate3.0_s12,0.5,q4_a0.8_or,70805,11.80000000000041,12.333333333333144,5.7450000000001635,4.865000000000123,1.9050732203089276,1.8237483190069368,90,1.0,1.0,44341
rate3.0_s12,0.5,q4_a0.8_or,70806,14.333333333333329,12.700000000000784,5.435833333333538,5.108333333333542,1.8105539989175667,1.8463319412572368,90,1.0,1.0,43785
rate3.0_s12,0.5,q4_a0.8_or,70807,14.033333333333474,11.999999999999915,5.938333333333514,4.947500000000152,2.0180563531476587,1.9224773485097038,90,1.0,1.0,42799
rate3.0_s12,0.5,q4_a0.8_or,70808,15.799999999999898,11.333333333333321,6.77916666666685,4.727500000000207,1.936602197995948,1.7638080698384677,90,1.0,1.0,43173
rate3.0_s12,0.5,q4_a0.8_or,70809,15.13333333333344,14.566666666666947,6.809166666666846,5.193333333333522,1.9539288810248259,1.9738367278997275,90,1.0,1.0,44249
rate3.0_s12,0.5,q4_a0.8_or,70810,17.166666666666288,10.666666666667084,6.890000000000187,4.159166666666811,1.9839534013628237,1.8246497556610641,90,1.0,1.0,43538
rate3.0_s12,0.5,q4_a0.8_or,70811,14.599999999999852,14.000000000000512,5.988333333333469,5.264166666666853,1.923746016734417,1.8334769637694468,90,1.0,1.0,44023
rate3.0_s12,0.5,q4_a0.8_or,70812,13.266666666666538,11.666666666666643,6.535000000000179,4.545833333333514,1.8947808207141899,1.7692674971085478,90,1.0,1.0,42618
rate3.0_s12,0.5,q4_a0.8_or,70813,13.666666666666657,12.166666666667197,5.480000000000192,4.936666666666868,1.8512326664728431,1.8304296533479782,90,1.0,1.0,45491
rate3.0_s12,0.5,q4_a0.8_or,70814,13.733333333333377,12.333333333333485,5.517500000000193,4.7641666666669344,1.9042384864013107,1.8600419778753154,90,1.0,1.0,43830
rate3.0_s12,0.5,q4_a0.8_or,70815,13.933333333333735,12.633333333334008,6.278333333333515,4.707500000000197,1.9487804471048735,1.7789435713572999,90,1.0,1.0,43682
rate3.0_s12,0.5,q4_a0.8_or,70816,14.633333333334008,15.799999999999898,5.790833333333532,5.165833333333558,1.8643603748542779,1.8493343714373152,90,1.0,1.0,43786
rate3.0_s12,0.5,q4_a0.8_or,70817,13.933333333334076,14.400000000000148,6.433333333333448,5.46666666666677,1.937719894611784,1.8895582262114863,90,1.0,1.0,42950
rate3.0_s12,0.5,q4_a0.8_or,70818,13.666666666666742,12.666666666666686,6.153333333333444,5.054166666666811,1.7747641674726353,1.7859668727550035,90,1.0,1.0,43435
rate3.0_s12,0.5,q4_a0.8_or,70819,14.933333333333302,14.93333333333328,5.910000000000151,5.284166666666774,1.8275688556232184,1.8454993773847113,90,1.0,1.0,43598
rate3.0_s12,0.5,q4_a0.8_or,70820,15.800000000000523,13.533333333332621,5.930000000000114,4.940000000000115,1.8265760672318854,1.8007403750577213,90,1.0,1.0,43538
rate3.0_s12,0.5,q4_a0.8_or,70821,17.033333333334042,13.799999999999955,6.612500000000139,5.145833333333495,2.1738643172160987,1.910991588703485,90,1.0,1.0,43878
rate3.0_s12,0.5,q4_a0.8_or,70822,15.799999999999898,12.43333333333402,6.70666666666687,5.1925000000001935,1.9851578620794492,1.9466319979557507,90,1.0,1.0,43050
rate3.0_s12,0.5,q4_a0.8_or,70823,15.266666666666637,11.166666666666686,5.848333333333482,4.430833333333557,1.9829153330265639,1.7970610738178006,90,1.0,1.0,44097
rate3.0_s12,0.5,q4_a0.8_or,70824,13.466666666667038,13.866666666666646,5.741666666666908,5.020000000000173,1.9106431047168164,1.8813147482570538,90,1.0,1.0,43910
rate3.0_s12,0.5,q4_a0.8_or,70825,12.666666666666686,11.066666666667174,5.390000000000176,4.729166666666856,1.917825078170814,1.824887210707677,90,1.0,1.0,43734
rate3.0_s12,0.5,q4_a0.8_or,70826,11.53333333333331,12.233333333333405,5.465000000000146,4.881666666666851,1.8670559260342747,1.8490246653121551,90,1.0,1.0,42462
rate3.0_s12,0.5,q4_a0.8_or,70827,14.133333333333319,12.666666666666686,6.125833333333515,4.729166666666858,1.896177820479139,1.7406850880706146,90,1.0,1.0,43699
rate3.0_s12,0.5,q4_a0.8_or,70828,16.100000000000364,12.800000000000523,6.483333333333499,4.83166666666683,1.9868477439766887,1.7636334481399056,90,1.0,1.0,43609
rate3.0_s12,0.5,q4_a0.8_or,70829,13.733333333333348,11.566666666667174,5.814166666666727,4.6725000000000385,1.9132588380865605,1.7764059341752505,90,1.0,1.0,43507
rate3.0_s12,0.5,q4_a0.8_and,70800,16.26666666666779,11.799999999999955,6.608333333333553,4.899166666666939,1.9257790940334922,1.733821967575127,70,1.0,1.0,43002
rate3.0_s12,0.5,q4_a0.8_and,70801,14.733333333333235,14.866666666666958,6.480833333333565,4.8000000000002165,1.9127524021018554,1.7892359842194432,61,1.0,1.0,43898
rate3.0_s12,0.5,q4_a0.8_and,70802,13.666666666666671,11.666666666666657,5.980833333333548,4.684166666666917,1.8596535912339123,1.8367989842049992,55,1.0,1.0,43609
rate3.0_s12,0.5,q4_a0.8_and,70803,15.69999999999925,14.13333333333378,6.490833333333494,4.82333333333351,2.0375271471434546,1.8189650076439132,50,1.0,1.0,42977
rate3.0_s12,0.5,q4_a0.8_and,70804,12.333333333333485,13.733333333333377,4.889166666666854,5.235833333333499,1.8225299729734348,1.835175831734491,64,1.0,1.0,43815
rate3.0_s12,0.5,q4_a0.8_and,70805,11.80000000000041,11.0,5.7450000000001635,4.216666666666821,1.9050732203089276,1.7794264038647165,58,1.0,1.0,43309
rate3.0_s12,0.5,q4_a0.8_and,70806,14.333333333333329,11.066666666667345,5.435833333333538,4.3250000000002045,1.8105539989175667,1.6899242991330534,58,1.0,1.0,43057
rate3.0_s12,0.5,q4_a0.8_and,70807,14.033333333333474,12.99999999999983,5.938333333333514,4.796666666666877,2.0180563531476587,1.8283371252324403,61,1.0,1.0,42600
rate3.0_s12,0.5,q4_a0.8_and,70808,15.799999999999898,11.866666666665992,6.77916666666685,4.950000000000196,1.936602197995948,1.7282791539513283,55,1.0,1.0,43098
rate3.0_s12,0.5,q4_a0.8_and,70809,15.13333333333344,14.133333333333667,6.809166666666846,5.0441666666668805,1.9539288810248259,1.8702921074773269,55,1.0,1.0,43089
rate3.0_s12,0.5,q4_a0.8_and,70810,17.166666666666288,11.066666666667118,6.890000000000187,4.29666666666686,1.9839534013628237,1.7891001749679485,60,1.0,1.0,43654
rate3.0_s12,0.5,q4_a0.8_and,70811,14.599999999999852,11.399999999999949,5.988333333333469,4.439166666666801,1.923746016734417,1.7966143146436977,55,1.0,1.0,44157
rate3.0_s12,0.5,q4_a0.8_and,70812,13.266666666666538,11.399999999999864,6.535000000000179,4.545000000000212,1.8947808207141899,1.83214187977809,55,1.0,1.0,42052
rate3.0_s12,0.5,q4_a0.8_and,70813,13.666666666666657,10.999999999999943,5.480000000000192,4.584166666666899,1.8512326664728431,1.7708410031312594,52,1.0,1.0,43270
rate3.0_s12,0.5,q4_a0.8_and,70814,13.733333333333377,9.333333333333307,5.517500000000193,3.6775000000001907,1.9042384864013107,1.7715754377241308,58,1.0,1.0,43923
rate3.0_s12,0.5,q4_a0.8_and,70815,13.933333333333735,12.000000000000028,6.278333333333515,4.553333333333524,1.9487804471048735,1.7042678240401514,67,1.0,1.0,43937
rate3.0_s12,0.5,q4_a0.8_and,70816,14.633333333334008,10.79999999999984,5.790833333333532,3.6158333333335415,1.8643603748542779,1.7103345663508605,55,1.0,1.0,43642
rate3.0_s12,0.5,q4_a0.8_and,70817,13.933333333334076,11.199999999999989,6.433333333333448,4.479166666666859,1.937719894611784,1.7032773749096004,55,1.0,1.0,43310
rate3.0_s12,0.5,q4_a0.8_and,70818,13.666666666666742,13.800000000000011,6.153333333333444,4.325000000000147,1.7747641674726353,1.6988321431121105,52,1.0,1.0,42449
rate3.0_s12,0.5,q4_a0.8_and,70819,14.933333333333302,10.333333333333144,5.910000000000151,3.9900000000001277,1.8275688556232184,1.635457992167838,61,1.0,1.0,43388
rate3.0_s12,0.5,q4_a0.8_and,70820,15.800000000000523,12.966666666667038,5.930000000000114,5.242500000000091,1.8265760672318854,1.9106188265422743,61,1.0,1.0,42849
rate3.0_s12,0.5,q4_a0.8_and,70821,17.033333333334042,9.999999999999979,6.612500000000139,4.1058333333334875,2.1738643172160987,1.7592735528145012,61,1.0,1.0,43722
rate3.0_s12,0.5,q4_a0.8_and,70822,15.799999999999898,12.666666666666913,6.70666666666687,5.00833333333354,1.9851578620794492,1.943351876664308,64,1.0,1.0,42807
rate3.0_s12,0.5,q4_a0.8_and,70823,15.266666666666637,14.09999999999998,5.848333333333482,5.237500000000284,1.9829153330265639,1.912682855626975,64,1.0,1.0,44268
rate3.0_s12,0.5,q4_a0.8_and,70824,13.466666666667038,12.666666666666657,5.741666666666908,4.721666666666806,1.9106431047168164,1.828554744258947,58,1.0,1.0,43163
rate3.0_s12,0.5,q4_a0.8_and,70825,12.666666666666686,8.466666666666555,5.390000000000176,3.8658333333334953,1.917825078170814,1.678900009501911,64,1.0,1.0,43241
rate3.0_s12,0.5,q4_a0.8_and,70826,11.53333333333331,10.60000000000008,5.465000000000146,4.070000000000145,1.8670559260342747,1.7771987950360129,55,1.0,1.0,43508
rate3.0_s12,0.5,q4_a0.8_and,70827,14.133333333333319,14.133333333333297,6.125833333333515,4.822500000000228,1.896177820479139,1.7504447546856894,64,1.0,1.0,44332
rate3.0_s12,0.5,q4_a0.8_and,70828,16.100000000000364,12.066666666666777,6.483333333333499,4.79166666666681,1.9868477439766887,1.899415960995352,61,1.0,1.0,43305
rate3.0_s12,0.5,q4_a0.8_and,70829,13.733333333333348,11.733333333333746,5.814166666666727,4.492500000000077,1.9132588380865605,1.8425605205515656,61,1.0,1.0,43484
rate3.0_s12,0.5,q4_a1.5_or,70800,16.26666666666779,11.799999999999955,6.608333333333553,4.899166666666939,1.9257790940334922,1.733821967575127,70,1.0,1.0,43002
rate3.0_s12,0.5,q4_a1.5_or,70801,14.733333333333235,14.866666666666958,6.480833333333565,4.8000000000002165,1.9127524021018554,1.7892359842194432,69,1.0,1.0,43898
rate3.0_s12,0.5,q4_a1.5_or,70802,13.666666666666671,11.666666666666657,5.980833333333548,4.684166666666917,1.8596535912339123,1.8367989842049992,69,1.0,1.0,43609
rate3.0_s12,0.5,q4_a1.5_or,70803,15.69999999999925,14.13333333333378,6.490833333333494,4.82333333333351,2.0375271471434546,1.8189650076439132,66,1.0,1.0,42977
rate3.0_s12,0.5,q4_a1.5_or,70804,12.333333333333485,13.733333333333377,4.889166666666854,5.235833333333499,1.8225299729734348,1.835175831734491,69,1.0,1.0,43815
rate3.0_s12,0.5,q4_a1.5_or,70805,11.80000000000041,11.0,5.7450000000001635,4.216666666666821,1.9050732203089276,1.7794264038647165,70,1.0,1.0,43309
rate3.0_s12,0.5,q4_a1.5_or,70806,14.333333333333329,11.666666666666856,5.435833333333538,4.278333333333549,1.8105539989175667,1.6249045882937072,67,1.0,1.0,43314
rate3.0_s12,0.5,q4_a1.5_or,70807,14.033333333333474,12.99999999999983,5.938333333333514,4.796666666666877,2.0180563531476587,1.8283371252324403,69,1.0,1.0,42600
rate3.0_s12,0.5,q4_a1.5_or,70808,15.799999999999898,11.866666666665992,6.77916666666685,4.950000000000196,1.936602197995948,1.7282791539513283,69,1.0,1.0,43098
rate3.0_s12,0.5,q4_a1.5_or,70809,15.13333333333344,14.133333333333667,6.809166666666846,5.0441666666668805,1.9539288810248259,1.8702921074773269,69,1.0,1.0,43089
rate3.0_s12,0.5,q4_a1.5_or,70810,17.166666666666288,12.466666666666526,6.890000000000187,4.567500000000193,1.9839534013628237,1.821680867055209,67,1.0,1.0,43109
rate3.0_s12,0.5,q4_a1.5_or,70811,14.599999999999852,11.399999999999949,5.988333333333469,4.439166666666801,1.923746016734417,1.7966143146436977,70,1.0,1.0,44157
rate3.0_s12,0.5,q4_a1.5_or,70812,13.266666666666538,11.399999999999864,6.535000000000179,4.545000000000212,1.8947808207141899,1.83214187977809,69,1.0,1.0,42052
rate3.0_s12,0.5,q4_a1.5_or,70813,13.666666666666657,10.999999999999943,5.480000000000192,4.584166666666899,1.8512326664728431,1.7708410031312594,69,1.0,1.0,43270
rate3.0_s12,0.5,q4_a1.5_or,70814,13.733333333333377,9.333333333333307,5.517500000000193,3.6775000000001907,1.9042384864013107,1.7715754377241308,70,1.0,1.0,43923
rate3.0_s12,0.5,q4_a1.5_or,70815,13.933333333333735,12.000000000000028,6.278333333333515,4.553333333333524,1.9487804471048735,1.7042678240401514,70,1.0,1.0,43937
rate3.0_s12,0.5,q4_a1.5_or,70816,14.633333333334008,12.066666666667288,5.790833333333532,4.1150000000002,1.8643603748542779,1.6633098905366996,67,1.0,1.0,43496
rate3.0_s12,0.5,q4_a1.5_or,70817,13.933333333334076,11.199999999999989,6.433333333333448,4.479166666666859,1.937719894611784,1.7032773749096004,69,1.0,1.0,43310
rate3.0_s12,0.5,q4_a1.5_or,70818,13.666666666666742,13.800000000000011,6.153333333333444,4.325000000000147,1.7747641674726353,1.6988321431121105,69,1.0,1.0,42449
rate3.0_s12,0.5,q4_a1.5_or,70819,14.933333333333302,10.333333333333144,5.910000000000151,3.9900000000001277,1.8275688556232184,1.635457992167838,70,1.0,1.0,43388
rate3.0_s12,0.5,q4_a1.5_or,70820,15.800000000000523,12.966666666667038,5.930000000000114,5.242500000000091,1.8265760672318854,1.9106188265422743,70,1.0,1.0,42849
rate3.0_s12,0.5,q4_a1.5_or,70821,17.033333333334042,9.999999999999979,6.612500000000139,4.1058333333334875,2.1738643172160987,1.7592735528145012,69,1.0,1.0,43722
rate3.0_s12,0.5,q4_a1.5_or,70822,15.799999999999898,12.666666666666913,6.70666666666687,5.00833333333354,1.9851578620794492,1.943351876664308,70,1.0,1.0,42807
rate3.0_s12,0.5,q4_a1.5_or,70823,15.266666666666637,14.09999999999998,5.848333333333482,5.237500000000284,1.9829153330265639,1.912682855626975,67,1.0,1.0,44268
rate3.0_s12,0.5,q4_a1.5_or,70824,13.466666666667038,12.666666666666657,5.741666666666908,4.721666666666806,1.9106431047168164,1.828554744258947,70,1.0,1.0,43163
rate3.0_s12,0.5,q4_a1.5_or,70825,12.666666666666686,8.466666666666555,5.390000000000176,3.8658333333334953,1.917825078170814,1.678900009501911,70,1.0,1.0,43241
rate3.0_s12,0.5,q4_a1.5_or,70826,11.53333333333331,10.60000000000008,5.465000000000146,4.070000000000145,1.8670559260342747,1.7771987950360129,69,1.0,1.0,43508
rate3.0_s12,0.5,q4_a1.5_or,70827,14.133333333333319,14.133333333333297,6.125833333333515,4.822500000000228,1.896177820479139,1.7504447546856894,69,1.0,1.0,44332
rate3.0_s12,0.5,q4_a1.5_or,70828,16.100000000000364,12.066666666666777,6.483333333333499,4.79166666666681,1.9868477439766887,1.899415960995352,70,1.0,1.0,43305
rate3.0_s12,0.5,q4_a1.5_or,70829,13.733333333333348,11.733333333333746,5.814166666666727,4.513333333333422,1.9132588380865605,1.84159425937761,68,1.0,1.0,43498
rate3.0_s12,0.5,q4_a1.5_and,70800,16.26666666666779,11.13333333333378,6.608333333333553,4.3991666666669484,1.9257790940334922,1.7847237442551536,45,1.0,1.0,42897
rate3.0_s12,0.5,q4_a1.5_and,70801,14.733333333333235,11.533333333333303,6.480833333333565,4.2491666666669055,1.9127524021018554,1.8415378036027426,36,1.0,1.0,43447
rate3.0_s12,0.5,q4_a1.5_and,70802,13.666666666666671,11.133333333332871,5.980833333333548,4.27916666666688,1.8596535912339123,1.7582671588874101,47,1.0,1.0,42795
rate3.0_s12,0.5,q4_a1.5_and,70803,15.69999999999925,10.333333333333144,6.490833333333494,4.124166666666833,2.0375271471434546,1.805761812133869,44,1.0,1.0,43562
rate3.0_s12,0.5,q4_a1.5_and,70804,12.333333333333485,12.03333333333353,4.889166666666854,4.910000000000187,1.8225299729734348,1.8519715726419372,50,1.0,1.0,43648
rate3.0_s12,0.5,q4_a1.5_and,70805,11.80000000000041,10.666666666666401,5.7450000000001635,4.305000000000154,1.9050732203089276,1.8390282495890895,41,1.0,1.0,43682
rate3.0_s12,0.5,q4_a1.5_and,70806,14.333333333333329,9.333333333333307,5.435833333333538,4.100000000000211,1.8105539989175667,1.741368918899003,38,1.0,1.0,43300
rate3.0_s12,0.5,q4_a1.5_and,70807,14.033333333333474,12.13333333333344,5.938333333333514,4.365000000000177,2.0180563531476587,1.8060430542194499,35,1.0,1.0,43181
rate3.0_s12,0.5,q4_a1.5_and,70808,15.799999999999898,12.0,6.77916666666685,4.480833333333507,1.936602197995948,1.7234291196680696,50,1.0,1.0,43391
rate3.0_s12,0.5,q4_a1.5_and,70809,15.13333333333344,11.79999999999984,6.809166666666846,4.408333333333512,1.9539288810248259,1.8232907722153682,38,1.0,1.0,43191
rate3.0_s12,0.5,q4_a1.5_and,70810,17.166666666666288,12.69999999999996,6.890000000000187,4.560000000000147,1.9839534013628237,1.883267282593073,44,1.0,1.0,43256
rate3.0_s12,0.5,q4_a1.5_and,70811,14.599999999999852,12.133333333333098,5.988333333333469,4.602500000000153,1.923746016734417,1.8156499368332395,41,1.0,1.0,44157
rate3.0_s12,0.5,q4_a1.5_and,70812,13.266666666666538,11.6666666666667,6.535000000000179,4.3283333333335205,1.8947808207141899,1.759045109475809,47,1.0,1.0,42678
rate3.0_s12,0.5,q4_a1.5_and,70813,13.666666666666657,11.199999999999932,5.480000000000192,4.239166666666869,1.8512326664728431,1.883334489165192,44,1.0,1.0,44145
rate3.0_s12,0.5,q4_a1.5_and,70814,13.733333333333377,8.266666666666644,5.517500000000193,3.824166666666873,1.9042384864013107,1.8045170818981873,45,1.0,1.0,43241
rate3.0_s12,0.5,q4_a1.5_and,70815,13.933333333333735,9.700000000000728,6.278333333333515,4.092500000000273,1.9487804471048735,1.77577743851595,44,1.0,1.0,42700
rate3.0_s12,0.5,q4_a1.5_and,70816,14.633333333334008,10.466666666666526,5.790833333333532,4.002500000000205,1.8643603748542779,1.7771311135842514,33,1.0,1.0,42974
rate3.0_s12,0.5,q4_a1.5_and,70817,13.933333333334076,9.99999999999983,6.433333333333448,4.121666666666843,1.937719894611784,1.858528334091796,41,1.0,1.0,43062
rate3.0_s12,0.5,q4_a1.5_and,70818,13.666666666666742,12.133333333333326,6.153333333333444,5.035000000000119,1.7747641674726353,1.8273469554436537,47,1.0,1.0,42722
rate3.0_s12,0.5,q4_a1.5_and,70819,14.933333333333302,11.900000000000489,5.910000000000151,4.446666666666784,1.8275688556232184,1.7362069151138015,41,1.0,1.0,42394
rate3.0_s12,0.5,q4_a1.5_and,70820,15.800000000000523,9.6666666666667,5.930000000000114,4.208333333333487,1.8265760672318854,1.788115935902892,47,1.0,1.0,42827
rate3.0_s12,0.5,q4_a1.5_and,70821,17.033333333334042,10.666666666666487,6.612500000000139,4.204166666666836,2.1738643172160987,1.7884442392912447,41,1.0,1.0,43307
rate3.0_s12,0.5,q4_a1.5_and,70822,15.799999999999898,11.899999999999949,6.70666666666687,4.252500000000228,1.9851578620794492,1.8748064656924304,45,1.0,1.0,43099
rate3.0_s12,0.5,q4_a1.5_and,70823,15.266666666666637,11.733333333333746,5.848333333333482,4.459166666666906,1.9829153330265639,1.8448819241891588,42,1.0,1.0,43376
rate3.0_s12,0.5,q4_a1.5_and,70824,13.466666666667038,9.966666666667265,5.741666666666908,4.147500000000192,1.9106431047168164,1.7662747325675956,42,1.0,1.0,44626
rate3.0_s12,0.5,q4_a1.5_and,70825,12.666666666666686,10.333333333333314,5.390000000000176,4.0841666666668734,1.917825078170814,1.7692218808374311,44,1.0,1.0,44118
rate3.0_s12,0.5,q4_a1.5_and,70826,11.53333333333331,10.933333333333366,5.465000000000146,4.671666666666854,1.8670559260342747,1.8570320441188897,47,1.0,1.0,43172
rate3.0_s12,0.5,q4_a1.5_and,70827,14.133333333333319,10.99999999999983,6.125833333333515,4.277500000000219,1.896177820479139,1.7245961147192648,44,1.0,1.0,43852
rate3.0_s12,0.5,q4_a1.5_and,70828,16.100000000000364,10.066666666666777,6.483333333333499,3.9550000000001386,1.9868477439766887,1.744477179924313,39,1.0,1.0,42620
rate3.0_s12,0.5,q4_a1.5_and,70829,13.733333333333348,11.200000000000841,5.814166666666727,4.491666666666823,1.9132588380865605,1.935055086793857,41,1.0,1.0,43963
rate3.0_s12,0.5,q8_a0.8_or,70800,16.26666666666779,13.266666666667163,6.608333333333553,5.0616666666668975,1.9257790940334922,1.7205348745731872,90,1.0,1.0,43684
rate3.0_s12,0.5,q8_a0.8_or,70801,14.733333333333235,11.833333333334167,6.480833333333565,4.950833333333493,1.9127524021018554,1.8302473505605084,90,1.0,1.0,42386
rate3.0_s12,0.5,q8_a0.8_or,70802,13.666666666666671,11.866666666667243,5.980833333333548,4.960000000000184,1.8596535912339123,1.8081322995222255,90,1.0,1.0,43391
rate3.0_s12,0.5,q8_a0.8_or,70803,15.69999999999925,14.299999999999386,6.490833333333494,4.895000000000191,2.0375271471434546,1.8536983243610468,90,1.0,1.0,43659
rate3.0_s12,0.5,q8_a0.8_or,70804,12.333333333333485,11.766666666666765,4.889166666666854,4.335833333333513,1.8225299729734348,1.8138908108258074,90,1.0,1.0,43674
rate3.0_s12,0.5,q8_a0.8_or,70805,11.80000000000041,12.333333333333144,5.7450000000001635,4.865000000000123,1.9050732203089276,1.8237483190069368,90,1.0,1.0,44341
rate3.0_s12,0.5,q8_a0.8_or,70806,14.333333333333329,12.700000000000784,5.435833333333538,5.108333333333542,1.8105539989175667,1.8463319412572368,90,1.0,1.0,43785
rate3.0_s12,0.5,q8_a0.8_or,70807,14.033333333333474,11.999999999999915,5.938333333333514,4.947500000000152,2.0180563531476587,1.9224773485097038,90,1.0,1.0,42799
rate3.0_s12,0.5,q8_a0.8_or,70808,15.799999999999898,11.333333333333321,6.77916666666685,4.727500000000207,1.936602197995948,1.7638080698384677,90,1.0,1.0,43173
rate3.0_s12,0.5,q8_a0.8_or,70809,15.13333333333344,14.566666666666947,6.809166666666846,5.193333333333522,1.9539288810248259,1.9738367278997275,90,1.0,1.0,44249
rate3.0_s12,0.5,q8_a0.8_or,70810,17.166666666666288,10.666666666667084,6.890000000000187,4.159166666666811,1.9839534013628237,1.8246497556610641,90,1.0,1.0,43538
rate3.0_s12,0.5,q8_a0.8_or,70811,14.599999999999852,14.000000000000512,5.988333333333469,5.264166666666853,1.923746016734417,1.8334769637694468,90,1.0,1.0,44023
rate3.0_s12,0.5,q8_a0.8_or,70812,13.266666666666538,11.666666666666643,6.535000000000179,4.545833333333514,1.8947808207141899,1.7692674971085478,90,1.0,1.0,42618
rate3.0_s12,0.5,q8_a0.8_or,70813,13.666666666666657,12.166666666667197,5.480000000000192,4.936666666666868,1.8512326664728431,1.8304296533479782,90,1.0,1.0,45491
rate3.0_s12,0.5,q8_a0.8_or,70814,13.733333333333377,12.333333333333485,5.517500000000193,4.7641666666669344,1.9042384864013107,1.8600419778753154,90,1.0,1.0,43830
rate3.0_s12,0.5,q8_a0.8_or,70815,13.933333333333735,12.633333333334008,6.278333333333515,4.707500000000197,1.9487804471048735,1.7789435713572999,90,1.0,1.0,43682
rate3.0_s12,0.5,q8_a0.8_or,70816,14.633333333334008,15.799999999999898,5.790833333333532,5.165833333333558,1.8643603748542779,1.8493343714373152,90,1.0,1.0,43786
rate3.0_s12,0.5,q8_a0.8_or,70817,13.933333333334076,14.400000000000148,6.433333333333448,5.46666666666677,1.937719894611784,1.8895582262114863,90,1.0,1.0,42950
rate3.0_s12,0.5,q8_a0.8_or,70818,13.666666666666742,12.666666666666686,6.153333333333444,5.054166666666811,1.7747641674726353,1.7859668727550035,90,1.0,1.0,43435
rate3.0_s12,0.5,q8_a0.8_or,70819,14.933333333333302,14.93333333333328,5.910000000000151,5.284166666666774,1.8275688556232184,1.8454993773847113,90,1.0,1.0,43598
rate3.0_s12,0.5,q8_a0.8_or,70820,15.800000000000523,13.533333333332621,5.930000000000114,4.940000000000115,1.8265760672318854,1.8007403750577213,90,1.0,1.0,43538
rate3.0_s12,0.5,q8_a0.8_or,70821,17.033333333334042,13.799999999999955,6.612500000000139,5.145833333333495,2.1738643172160987,1.910991588703485,90,1.0,1.0,43878
rate3.0_s12,0.5,q8_a0.8_or,70822,15.799999999999898,12.43333333333402,6.70666666666687,5.1925000000001935,1.9851578620794492,1.9466319979557507,90,1.0,1.0,43050
rate3.0_s12,0.5,q8_a0.8_or,70823,15.266666666666637,11.166666666666686,5.848333333333482,4.430833333333557,1.9829153330265639,1.7970610738178006,90,1.0,1.0,44097
rate3.0_s12,0.5,q8_a0.8_or,70824,13.466666666667038,13.866666666666646,5.741666666666908,5.020000000000173,1.9106431047168164,1.8813147482570538,90,1.0,1.0,43910
rate3.0_s12,0.5,q8_a0.8_or,70825,12.666666666666686,11.066666666667174,5.390000000000176,4.729166666666856,1.917825078170814,1.824887210707677,90,1.0,1.0,43734
rate3.0_s12,0.5,q8_a0.8_or,70826,11.53333333333331,12.233333333333405,5.465000000000146,4.881666666666851,1.8670559260342747,1.8490246653121551,90,1.0,1.0,42462
rate3.0_s12,0.5,q8_a0.8_or,70827,14.133333333333319,12.666666666666686,6.125833333333515,4.729166666666858,1.896177820479139,1.7406850880706146,90,1.0,1.0,43699
rate3.0_s12,0.5,q8_a0.8_or,70828,16.100000000000364,12.800000000000523,6.483333333333499,4.83166666666683,1.9868477439766887,1.7636334481399056,90,1.0,1.0,43609
rate3.0_s12,0.5,q8_a0.8_or,70829,13.733333333333348,11.566666666667174,5.814166666666727,4.6725000000000385,1.9132588380865605,1.7764059341752505,90,1.0,1.0,43507
rate3.0_s12,0.5,q8_a0.8_and,70800,16.26666666666779,11.76666666666631,6.608333333333553,5.286666666666978,1.9257790940334922,1.7815571096020135,22,0.8,1.0,43895
rate3.0_s12,0.5,q8_a0.8_and,70801,14.733333333333235,12.133333333333304,6.480833333333565,5.216666666666913,1.9127524021018554,1.7525789491250676,9,0.3,1.0,42283
rate3.0_s12,0.5,q8_a0.8_and,70802,13.666666666666671,11.0,5.980833333333548,4.547500000000228,1.8596535912339123,1.7109680520525716,19,0.7,1.0,43205
rate3.0_s12,0.5,q8_a0.8_and,70803,15.69999999999925,11.333333333333542,6.490833333333494,4.551666666666847,2.0375271471434546,1.8585894694197536,20,0.8,1.0,42756
rate3.0_s12,0.5,q8_a0.8_and,70804,12.333333333333485,13.466666666666647,4.889166666666854,5.333333333333503,1.8225299729734348,1.8418929473908452,18,0.8,1.0,43755
rate3.0_s12,0.5,q8_a0.8_and,70805,11.80000000000041,10.533333333333815,5.7450000000001635,4.887500000000181,1.9050732203089276,1.7774386800750535,20,0.7,1.0,44381
rate3.0_s12,0.5,q8_a0.8_and,70806,14.333333333333329,10.333333333333314,5.435833333333538,4.555833333333547,1.8105539989175667,1.7469209812811026,22,0.8,1.0,43500
rate3.0_s12,0.5,q8_a0.8_and,70807,14.033333333333474,13.666666666666657,5.938333333333514,5.444166666666837,2.0180563531476587,1.9289240210095302,12,0.5,1.0,42846
rate3.0_s12,0.5,q8_a0.8_and,70808,15.799999999999898,13.699999999999761,6.77916666666685,5.714166666666848,1.936602197995948,1.880920262661156,22,0.8,1.0,43308
rate3.0_s12,0.5,q8_a0.8_and,70809,15.13333333333344,12.133333333333354,6.809166666666846,4.685000000000214,1.9539288810248259,1.8439451064921897,22,0.8,1.0,44248
rate3.0_s12,0.5,q8_a0.8_and,70810,17.166666666666288,13.766666666666652,6.890000000000187,4.962500000000163,1.9839534013628237,1.772266914007488,23,0.8,1.0,43209
rate3.0_s12,0.5,q8_a0.8_and,70811,14.599999999999852,12.433333333332712,5.988333333333469,4.83416666666675,1.923746016734417,1.8738385250573169,9,0.5,1.0,43137
rate3.0_s12,0.5,q8_a0.8_and,70812,13.266666666666538,11.066666666666578,6.535000000000179,4.817500000000205,1.8947808207141899,1.730612968705866,23,0.9,1.0,43146
rate3.0_s12,0.5,q8_a0.8_and,70813,13.666666666666657,13.933333333333735,5.480000000000192,5.163333333333526,1.8512326664728431,1.7891806147187301,18,0.7,1.0,44139
rate3.0_s12,0.5,q8_a0.8_and,70814,13.733333333333377,9.999999999999979,5.517500000000193,4.479166666666908,1.9042384864013107,1.822722103494849,12,0.5,1.0,43770
rate3.0_s12,0.5,q8_a0.8_and,70815,13.933333333333735,12.933333333333792,6.278333333333515,5.180000000000193,1.9487804471048735,1.76746071142454,20,0.7,1.0,43691
rate3.0_s12,0.5,q8_a0.8_and,70816,14.633333333334008,12.233333333334087,5.790833333333532,4.977500000000187,1.8643603748542779,1.8117945743782793,8,0.3,1.0,43138
rate3.0_s12,0.5,q8_a0.8_and,70817,13.933333333334076,13.3333333333332,6.433333333333448,5.228333333333448,1.937719894611784,1.838430389019711,18,0.7,1.0,42873
rate3.0_s12,0.5,q8_a0.8_and,70818,13.666666666666742,11.900000000000063,6.153333333333444,5.402500000000202,1.7747641674726353,1.779251033807463,15,0.6,1.0,43999
rate3.0_s12,0.5,q8_a0.8_and,70819,14.933333333333302,10.66666666666665,5.910000000000151,4.696666666666789,1.8275688556232184,1.757526838180033,18,0.7,1.0,43236
rate3.0_s12,0.5,q8_a0.8_and,70820,15.800000000000523,12.033333333332507,5.930000000000114,4.969166666666758,1.8265760672318854,1.7905111425033757,20,0.7,1.0,43026
rate3.0_s12,0.5,q8_a0.8_and,70821,17.033333333334042,12.666666666667027,6.612500000000139,5.02500000000016,2.1738643172160987,1.9272375105603852,19,0.7,1.0,42420
rate3.0_s12,0.5,q8_a0.8_and,70822,15.799999999999898,10.466666666666981,6.70666666666687,4.766666666666925,1.9851578620794492,1.8297701657105518,20,0.8,1.0,43714
rate3.0_s12,0.5,q8_a0.8_and,70823,15.266666666666637,12.333333333333144,5.848333333333482,4.549166666666909,1.9829153330265639,1.813289368253075,15,0.6,1.0,44082
rate3.0_s12,0.5,q8_a0.8_and,70824,13.466666666667038,11.73333333333386,5.741666666666908,4.886666666666874,1.9106431047168164,1.779345414871642,14,0.6,1.0,44031
rate3.0_s12,0.5,q8_a0.8_and,70825,12.666666666666686,13.466666666666647,5.390000000000176,5.041666666666897,1.917825078170814,1.86844061231522,15,0.7,1.0,44033
rate3.0_s12,0.5,q8_a0.8_and,70826,11.53333333333331,12.06666666666672,5.465000000000146,4.889166666666836,1.8670559260342747,1.8966658248146449,11,0.4,1.0,41788
rate3.0_s12,0.5,q8_a0.8_and,70827,14.133333333333319,12.433333333333223,6.125833333333515,5.346666666666867,1.896177820479139,1.867095307408135,15,0.5,1.0,42868
rate3.0_s12,0.5,q8_a0.8_and,70828,16.100000000000364,13.76666666666739,6.483333333333499,5.548333333333528,1.9868477439766887,1.9071192796713714,12,0.5,1.0,42857
rate3.0_s12,0.5,q8_a0.8_and,70829,13.733333333333348,11.933333333333849,5.814166666666727,5.2708333333334,1.9132588380865605,1.8371677707294702,17,0.6,1.0,42680
rate3.0_s12,0.5,q8_a1.5_or,70800,16.26666666666779,11.13333333333378,6.608333333333553,4.3991666666669484,1.9257790940334922,1.7847237442551536,50,1.0,1.0,42897
rate3.0_s12,0.5,q8_a1.5_or,70801,14.733333333333235,11.533333333333303,6.480833333333565,4.2491666666669055,1.9127524021018554,1.8415378036027426,50,1.0,1.0,43447
rate3.0_s12,0.5,q8_a1.5_or,70802,13.666666666666671,11.133333333332871,5.980833333333548,4.27916666666688,1.8596535912339123,1.7582671588874101,50,1.0,1.0,42795
rate3.0_s12,0.5,q8_a1.5_or,70803,15.69999999999925,10.333333333333144,6.490833333333494,4.124166666666833,2.0375271471434546,1.805761812133869,50,1.0,1.0,43562
rate3.0_s12,0.5,q8_a1.5_or,70804,12.333333333333485,12.03333333333353,4.889166666666854,4.910000000000187,1.8225299729734348,1.8519715726419372,50,1.0,1.0,43648
rate3.0_s12,0.5,q8_a1.5_or,70805,11.80000000000041,10.666666666666401,5.7450000000001635,4.305000000000154,1.9050732203089276,1.8390282495890895,50,1.0,1.0,43682
rate3.0_s12,0.5,q8_a1.5_or,70806,14.333333333333329,9.333333333333307,5.435833333333538,4.100000000000211,1.8105539989175667,1.741368918899003,50,1.0,1.0,43300
rate3.0_s12,0.5,q8_a1.5_or,70807,14.033333333333474,12.13333333333344,5.938333333333514,4.365000000000177,2.0180563531476587,1.8060430542194499,50,1.0,1.0,43181
rate3.0_s12,0.5,q8_a1.5_or,70808,15.799999999999898,12.0,6.77916666666685,4.480833333333507,1.936602197995948,1.7234291196680696,50,1.0,1.0,43391
rate3.0_s12,0.5,q8_a1.5_or,70809,15.13333333333344,11.79999999999984,6.809166666666846,4.408333333333512,1.9539288810248259,1.8232907722153682,50,1.0,1.0,43191
rate3.0_s12,0.5,q8_a1.5_or,70810,17.166666666666288,12.69999999999996,6.890000000000187,4.560000000000147,1.9839534013628237,1.883267282593073,50,1.0,1.0,43256
rate3.0_s12,0.5,q8_a1.5_or,70811,14.599999999999852,12.133333333333098,5.988333333333469,4.602500000000153,1.923746016734417,1.8156499368332395,50,1.0,1.0,44157
rate3.0_s12,0.5,q8_a1.5_or,70812,13.266666666666538,11.6666666666667,6.535000000000179,4.3283333333335205,1.8947808207141899,1.759045109475809,50,1.0,1.0,42678
rate3.0_s12,0.5,q8_a1.5_or,70813,13.666666666666657,11.199999999999932,5.480000000000192,4.239166666666869,1.8512326664728431,1.883334489165192,50,1.0,1.0,44145
rate3.0_s12,0.5,q8_a1.5_or,70814,13.733333333333377,8.266666666666644,5.517500000000193,3.824166666666873,1.9042384864013107,1.8045170818981873,50,1.0,1.0,43241
rate3.0_s12,0.5,q8_a1.5_or,70815,13.933333333333735,9.700000000000728,6.278333333333515,4.092500000000273,1.9487804471048735,1.77577743851595,50,1.0,1.0,42700
rate3.0_s12,0.5,q8_a1.5_or,70816,14.633333333334008,10.466666666666526,5.790833333333532,4.002500000000205,1.8643603748542779,1.7771311135842514,50,1.0,1.0,42974
rate3.0_s12,0.5,q8_a1.5_or,70817,13.933333333334076,9.600000000000705,6.433333333333448,4.020833333333482,1.937719894611784,1.8452054541300684,50,1.0,1.0,42818
rate3.0_s12,0.5,q8_a1.5_or,70818,13.666666666666742,12.133333333333326,6.153333333333444,5.035000000000119,1.7747641674726353,1.8273469554436537,50,1.0,1.0,42722
rate3.0_s12,0.5,q8_a1.5_or,70819,14.933333333333302,11.900000000000489,5.910000000000151,4.446666666666784,1.8275688556232184,1.7362069151138015,50,1.0,1.0,42394
rate3.0_s12,0.5,q8_a1.5_or,70820,15.800000000000523,9.6666666666667,5.930000000000114,4.208333333333487,1.8265760672318854,1.788115935902892,50,1.0,1.0,42827
rate3.0_s12,0.5,q8_a1.5_or,70821,17.033333333334042,10.666666666666487,6.612500000000139,4.204166666666836,2.1738643172160987,1.7884442392912447,50,1.0,1.0,43307
rate3.0_s12,0.5,q8_a1.5_or,70822,15.799999999999898,11.899999999999949,6.70666666666687,4.252500000000228,1.9851578620794492,1.8748064656924304,50,1.0,1.0,43099
rate3.0_s12,0.5,q8_a1.5_or,70823,15.266666666666637,11.733333333333746,5.848333333333482,4.429166666666907,1.9829153330265639,1.8530736571328714,50,1.0,1.0,42935
rate3.0_s12,0.5,q8_a1.5_or,70824,13.466666666667038,9.966666666667265,5.741666666666908,4.147500000000192,1.9106431047168164,1.7662747325675956,50,1.0,1.0,44626
rate3.0_s12,0.5,q8_a1.5_or,70825,12.666666666666686,10.333333333333314,5.390000000000176,4.0841666666668734,1.917825078170814,1.7692218808374311,50,1.0,1.0,44118
rate3.0_s12,0.5,q8_a1.5_or,70826,11.53333333333331,10.933333333333366,5.465000000000146,4.671666666666854,1.8670559260342747,1.8570320441188897,50,1.0,1.0,43172
rate3.0_s12,0.5,q8_a1.5_or,70827,14.133333333333319,10.333333333333258,6.125833333333515,4.206666666666895,1.896177820479139,1.7578118038402741,50,1.0,1.0,43927
rate3.0_s12,0.5,q8_a1.5_or,70828,16.100000000000364,10.066666666666777,6.483333333333499,3.9550000000001386,1.9868477439766887,1.744477179924313,50,1.0,1.0,42620
rate3.0_s12,0.5,q8_a1.5_or,70829,13.733333333333348,11.200000000000841,5.814166666666727,4.491666666666823,1.9132588380865605,1.935055086793857,50,1.0,1.0,43963
rate3.0_s12,0.5,q8_a1.5_and,70800,16.26666666666779,11.76666666666631,6.608333333333553,5.286666666666978,1.9257790940334922,1.7815571096020135,22,0.8,1.0,43895
rate3.0_s12,0.5,q8_a1.5_and,70801,14.733333333333235,12.133333333333304,6.480833333333565,5.216666666666913,1.9127524021018554,1.7525789491250676,9,0.3,1.0,42283
rate3.0_s12,0.5,q8_a1.5_and,70802,13.666666666666671,11.0,5.980833333333548,4.547500000000228,1.8596535912339123,1.7109680520525716,19,0.7,1.0,43205
rate3.0_s12,0.5,q8_a1.5_and,70803,15.69999999999925,11.333333333333542,6.490833333333494,4.551666666666847,2.0375271471434546,1.8585894694197536,20,0.8,1.0,42756
rate3.0_s12,0.5,q8_a1.5_and,70804,12.333333333333485,13.466666666666647,4.889166666666854,5.333333333333503,1.8225299729734348,1.8418929473908452,18,0.8,1.0,43755
rate3.0_s12,0.5,q8_a1.5_and,70805,11.80000000000041,10.533333333333815,5.7450000000001635,4.887500000000181,1.9050732203089276,1.7774386800750535,20,0.7,1.0,44381
rate3.0_s12,0.5,q8_a1.5_and,70806,14.333333333333329,10.333333333333314,5.435833333333538,4.555833333333547,1.8105539989175667,1.7469209812811026,22,0.8,1.0,43500
rate3.0_s12,0.5,q8_a1.5_and,70807,14.033333333333474,13.666666666666657,5.938333333333514,5.444166666666837,2.0180563531476587,1.9289240210095302,12,0.5,1.0,42846
rate3.0_s12,0.5,q8_a1.5_and,70808,15.799999999999898,13.699999999999761,6.77916666666685,5.714166666666848,1.936602197995948,1.880920262661156,22,0.8,1.0,43308
rate3.0_s12,0.5,q8_a1.5_and,70809,15.13333333333344,12.133333333333354,6.809166666666846,4.685000000000214,1.9539288810248259,1.8439451064921897,22,0.8,1.0,44248
rate3.0_s12,0.5,q8_a1.5_and,70810,17.166666666666288,13.766666666666652,6.890000000000187,4.962500000000163,1.9839534013628237,1.772266914007488,23,0.8,1.0,43209
rate3.0_s12,0.5,q8_a1.5_and,70811,14.599999999999852,12.433333333332712,5.988333333333469,4.83416666666675,1.923746016734417,1.8738385250573169,9,0.5,1.0,43137
rate3.0_s12,0.5,q8_a1.5_and,70812,13.266666666666538,11.066666666666578,6.535000000000179,4.817500000000205,1.8947808207141899,1.730612968705866,23,0.9,1.0,43146
rate3.0_s12,0.5,q8_a1.5_and,70813,13.666666666666657,13.933333333333735,5.480000000000192,5.163333333333526,1.8512326664728431,1.7891806147187301,18,0.7,1.0,44139
rate3.0_s12,0.5,q8_a1.5_and,70814,13.733333333333377,9.999999999999979,5.517500000000193,4.479166666666908,1.9042384864013107,1.822722103494849,12,0.5,1.0,43770
rate3.0_s12,0.5,q8_a1.5_and,70815,13.933333333333735,12.933333333333792,6.278333333333515,5.180000000000193,1.9487804471048735,1.76746071142454,20,0.7,1.0,43691
rate3.0_s12,0.5,q8_a1.5_and,70816,14.633333333334008,12.233333333334087,5.790833333333532,4.977500000000187,1.8643603748542779,1.8117945743782793,8,0.3,1.0,43138
rate3.0_s12,0.5,q8_a1.5_and,70817,13.933333333334076,13.3333333333332,6.433333333333448,5.228333333333448,1.937719894611784,1.838430389019711,18,0.7,1.0,42873
rate3.0_s12,0.5,q8_a1.5_and,70818,13.666666666666742,11.900000000000063,6.153333333333444,5.402500000000202,1.7747641674726353,1.779251033807463,15,0.6,1.0,43999
rate3.0_s12,0.5,q8_a1.5_and,70819,14.933333333333302,10.66666666666665,5.910000000000151,4.696666666666789,1.8275688556232184,1.757526838180033,18,0.7,1.0,43236
rate3.0_s12,0.5,q8_a1.5_and,70820,15.800000000000523,12.033333333332507,5.930000000000114,4.969166666666758,1.8265760672318854,1.7905111425033757,20,0.7,1.0,43026
rate3.0_s12,0.5,q8_a1.5_and,70821,17.033333333334042,12.666666666667027,6.612500000000139,5.02500000000016,2.1738643172160987,1.9272375105603852,19,0.7,1.0,42420
rate3.0_s12,0.5,q8_a1.5_and,70822,15.799999999999898,10.466666666666981,6.70666666666687,4.766666666666925,1.9851578620794492,1.8297701657105518,20,0.8,1.0,43714
rate3.0_s12,0.5,q8_a1.5_and,70823,15.266666666666637,12.333333333333144,5.848333333333482,4.549166666666909,1.9829153330265639,1.813289368253075,15,0.6,1.0,44082
rate3.0_s12,0.5,q8_a1.5_and,70824,13.466666666667038,11.73333333333386,5.741666666666908,4.886666666666874,1.9106431047168164,1.779345414871642,14,0.6,1.0,44031
rate3.0_s12,0.5,q8_a1.5_and,70825,12.666666666666686,13.466666666666647,5.390000000000176,5.041666666666897,1.917825078170814,1.86844061231522,15,0.7,1.0,44033
rate3.0_s12,0.5,q8_a1.5_and,70826,11.53333333333331,12.06666666666672,5.465000000000146,4.889166666666836,1.8670559260342747,1.8966658248146449,11,0.4,1.0,41788
rate3.0_s12,0.5,q8_a1.5_and,70827,14.133333333333319,12.433333333333223,6.125833333333515,5.346666666666867,1.896177820479139,1.867095307408135,15,0.5,1.0,42868
rate3.0_s12,0.5,q8_a1.5_and,70828,16.100000000000364,13.76666666666739,6.483333333333499,5.548333333333528,1.9868477439766887,1.9071192796713714,12,0.5,1.0,42857
rate3.0_s12,0.5,q8_a1.5_and,70829,13.733333333333348,11.933333333333849,5.814166666666727,5.2708333333334,1.9132588380865605,1.8371677707294702,17,0.6,1.0,42680
rate3.0_s12,2.0,q2_a0.8_or,70800,15.666666666667084,14.600000000000023,6.213333333333555,5.883333333333653,1.8520230146485148,1.9065204652602215,91,1.0,1.0,43937
rate3.0_s12,2.0,q2_a0.8_or,70801,12.666666666666686,10.999999999999986,5.776666666666907,4.421666666666892,1.9705809541205823,1.7763128184297186,92,1.0,1.0,43078
rate3.0_s12,2.0,q2_a0.8_or,70802,12.466666666666526,12.000000000000625,5.575000000000191,4.951666666666872,1.9154721892927533,1.9496936565651375,92,1.0,1.0,43161
rate3.0_s12,2.0,q2_a0.8_or,70803,14.200000000000102,14.799999999999983,6.341666666666806,5.29833333333348,2.1407173298266198,1.9388697574309428,92,1.0,1.0,43198
rate3.0_s12,2.0,q2_a0.8_or,70804,14.333333333333599,12.46666666666664,6.691666666666842,5.396666666666829,2.0382353288921435,1.968013901514609,92,1.0,1.0,42967
rate3.0_s12,2.0,q2_a0.8_or,70805,15.066666666666691,13.86666666666747,6.448333333333475,5.720000000000177,2.099024489224285,1.9298903902567346,92,1.0,1.0,44108
rate3.0_s12,2.0,q2_a0.8_or,70806,14.399999999999991,11.000000000000625,5.8000000000002165,4.656666666666843,1.9184671666245474,1.8255219586001052,90,1.0,1.0,43715
rate3.0_s12,2.0,q2_a0.8_or,70807,13.666666666666657,10.999999999999943,5.660000000000205,4.7600000000002085,1.9640034343504618,1.925676766860169,92,1.0,1.0,42438
rate3.0_s12,2.0,q2_a0.8_or,70808,13.333333333333258,12.799999999999926,5.846666666666896,5.373333333333475,1.8310974487027518,1.8017107357188462,92,1.0,1.0,43088
rate3.0_s12,2.0,q2_a0.8_or,70809,13.266666666667334,12.6666666666666,5.7283333333335325,5.375000000000186,1.9746943808112438,1.961598284879043,92,1.0,1.0,43412
rate3.0_s12,2.0,q2_a0.8_or,70810,16.799999999999983,12.333333333333314,6.698333333333547,4.751666666666854,2.0273778431279013,1.914362670526338,92,1.0,1.0,44226
rate3.0_s12,2.0,q2_a0.8_or,70811,14.599999999999852,13.333333333333343,6.816666666666769,5.385000000000068,2.143109828166719,1.9853660197208531,92,1.0,1.0,43643
rate3.0_s12,2.0,q2_a0.8_or,70812,15.000000000000455,13.46666666666681,6.261666666666853,5.1116666666668715,1.9854132523472956,1.9069930991735269,92,1.0,1.0,43769
rate3.0_s12,2.0,q2_a0.8_or,70813,14.133333333333297,13.799999999999983,5.873333333333535,5.498333333333491,1.9283819058385758,1.963847655071538,92,1.0,1.0,44514
rate3.0_s12,2.0,q2_a0.8_or,70814,14.266666666666623,13.333333333334508,5.766666666666852,5.135000000000224,1.9867960596131766,1.9388964802241189,92,1.0,1.0,44271
rate3.0_s12,2.0,q2_a0.8_or,70815,13.533333333333644,12.6666666666666,6.18666666666683,5.180000000000222,2.035569547799189,1.8892197337444072,92,1.0,1.0,43069
rate3.0_s12,2.0,q2_a0.8_or,70816,13.466666666667038,12.13333333333378,6.0983333333335,4.703333333333549,2.0679029582294093,1.8177098355880437,92,1.0,1.0,43468
rate3.0_s12,2.0,q2_a0.8_or,70817,13.666666666667084,11.733333333333235,6.171666666666739,4.788333333333496,2.103672383781836,1.8501525181489373,91,1.0,1.0,43121
rate3.0_s12,2.0,q2_a0.8_or,70818,14.600000000000136,14.80000000000075,6.07833333333352,5.485000000000145,1.9655106536527605,1.8408072351357052,92,1.0,1.0,43405
rate3.0_s12,2.0,q2_a0.8_or,70819,15.266666666666723,11.133333333333326,6.6483333333335075,4.59833333333353,1.935751905929009,1.8071095544235873,91,1.0,1.0,42888
rate3.0_s12,2.0,q2_a0.8_or,70820,16.00000000000051,14.133333333333894,6.415000000000152,5.133333333333502,1.9686128407894614,1.8432932869573746,92,1.0,1.0,42972
rate3.0_s12,2.0,q2_a0.8_or,70821,18.066666666666734,13.000000000000014,6.396666666666793,5.248333333333518,2.18937233319543,1.9090427459809571,92,1.0,1.0,42838
rate3.0_s12,2.0,q2_a0.8_or,70822,14.133333333333553,12.0,5.741666666666895,4.716666666666906,1.9934174183900384,1.9289103069479303,92,1.0,1.0,44017
rate3.0_s12,2.0,q2_a0.8_or,70823,15.266666666666637,12.666666666666856,6.170000000000238,5.035000000000201,2.06309375746324,1.9642745496370584,92,1.0,1.0,42814
rate3.0_s12,2.0,q2_a0.8_or,70824,11.999999999999858,16.000000000000284,5.335000000000232,5.275000000000211,1.8537189782284524,1.8486542429168007,92,1.0,1.0,43488
rate3.0_s12,2.0,q2_a0.8_or,70825,12.466666666667606,10.933333333333337,5.755000000000192,4.315000000000132,2.0566145835528418,1.727222729250609,92,1.0,1.0,43735
rate3.0_s12,2.0,q2_a0.8_or,70826,14.866666666667129,15.666666666666856,6.023333333333501,6.020000000000218,2.0265091147068763,2.0258974032482273,92,1.0,1.0,44012
rate3.0_s12,2.0,q2_a0.8_or,70827,15.133333333333724,11.3333333333332,5.966666666666855,4.38166666666689,1.971796497176068,1.7774983880375372,92,1.0,1.0,44649
rate3.0_s12,2.0,q2_a0.8_or,70828,15.799999999999955,12.933333333333167,6.531666666666852,5.6900000000001745,2.025591003168375,1.931877995958176,92,1.0,1.0,43266
rate3.0_s12,2.0,q2_a0.8_or,70829,15.333333333333485,12.266666666667447,6.891666666666777,4.918333333333394,2.0553269342244906,1.8545710779324054,92,1.0,1.0,43220
rate3.0_s12,2.0,q2_a0.8_and,70800,15.666666666667084,15.599999999999937,6.213333333333555,5.835000000000321,1.8520230146485148,1.900037937635966,84,1.0,1.0,43191
rate3.0_s12,2.0,q2_a0.8_and,70801,12.666666666666686,13.133333333333894,5.776666666666907,4.586666666666861,1.9705809541205823,1.8122477300820223,83,1.0,1.0,43491
rate3.0_s12,2.0,q2_a0.8_and,70802,12.466666666666526,11.333333333333307,5.575000000000191,4.336666666666853,1.9154721892927533,1.8283572854151002,86,1.0,1.0,44311
rate3.0_s12,2.0,q2_a0.8_and,70803,14.200000000000102,14.20000000000006,6.341666666666806,4.973333333333483,2.1407173298266198,1.9952075539644318,86,1.0,1.0,42957
rate3.0_s12,2.0,q2_a0.8_and,70804,14.333333333333599,12.666666666666657,6.691666666666842,4.7466666666668,2.0382353288921435,1.9585217633934264,86,1.0,1.0,42579
rate3.0_s12,2.0,q2_a0.8_and,70805,15.066666666666691,11.53333333333319,6.448333333333475,4.403333333333504,2.099024489224285,1.8332921823967185,86,1.0,1.0,44041
rate3.0_s12,2.0,q2_a0.8_and,70806,14.399999999999991,11.066666666666833,5.8000000000002165,4.336666666666895,1.9184671666245474,1.7835807011117368,84,1.0,1.0,44145
rate3.0_s12,2.0,q2_a0.8_and,70807,13.666666666666657,11.399999999999864,5.660000000000205,4.41833333333351,1.9640034343504618,1.8559603295178861,86,1.0,1.0,42427
rate3.0_s12,2.0,q2_a0.8_and,70808,13.333333333333258,10.999999999999886,5.846666666666896,4.7083333333334965,1.8310974487027518,1.8472595789984607,86,1.0,1.0,43528
rate3.0_s12,2.0,q2_a0.8_and,70809,13.266666666667334,12.000000000000227,5.7283333333335325,4.771666666666874,1.9746943808112438,2.063224250715629,86,1.0,1.0,43015
rate3.0_s12,2.0,q2_a0.8_and,70810,16.799999999999983,11.333333333333286,6.698333333333547,4.618333333333552,2.0273778431279013,1.8611812986703646,86,1.0,1.0,43338
rate3.0_s12,2.0,q2_a0.8_and,70811,14.599999999999852,13.133333333333155,6.816666666666769,4.778333333333505,2.143109828166719,2.063549001101929,86,1.0,1.0,43974
rate3.0_s12,2.0,q2_a0.8_and,70812,15.000000000000455,11.666666666666643,6.261666666666853,4.418333333333508,1.9854132523472956,1.8122034597029446,86,1.0,1.0,42702
rate3.0_s12,2.0,q2_a0.8_and,70813,14.133333333333297,10.799999999999955,5.873333333333535,4.205000000000205,1.9283819058385758,1.827547014526932,86,1.0,1.0,43771
rate3.0_s12,2.0,q2_a0.8_and,70814,14.266666666666623,12.66666666666697,5.766666666666852,4.665000000000213,1.9867960596131766,2.0081274406763483,86,1.0,1.0,43595
rate3.0_s12,2.0,q2_a0.8_and,70815,13.533333333333644,11.266666666666083,6.18666666666683,4.6633333333335205,2.035569547799189,1.8428693532629528,86,1.0,1.0,43305
rate3.0_s12,2.0,q2_a0.8_and,70816,13.466666666667038,13.533333333333871,6.0983333333335,4.983333333333538,2.0679029582294093,1.8584236310996067,86,1.0,1.0,43439
rate3.0_s12,2.0,q2_a0.8_and,70817,13.666666666667084,12.99999999999983,6.171666666666739,5.228333333333497,2.103672383781836,1.9362152315692682,84,1.0,1.0,42890
rate3.0_s12,2.0,q2_a0.8_and,70818,14.600000000000136,14.000000000000568,6.07833333333352,5.22500000000019,1.9655106536527605,1.7449822681257232,86,1.0,1.0,42561
rate3.0_s12,2.0,q2_a0.8_and,70819,15.266666666666723,11.733333333333917,6.6483333333335075,4.538333333333483,1.935751905929009,1.784352070497726,84,1.0,1.0,43397
rate3.0_s12,2.0,q2_a0.8_and,70820,16.00000000000051,13.466666666666498,6.415000000000152,5.371666666666817,1.9686128407894614,1.8780484656646468,86,1.0,1.0,43383
rate3.0_s12,2.0,q2_a0.8_and,70821,18.066666666666734,12.200000000000614,6.396666666666793,4.963333333333466,2.18937233319543,1.9845321575104518,86,1.0,1.0,43295
rate3.0_s12,2.0,q2_a0.8_and,70822,14.133333333333553,15.133333333333894,5.741666666666895,5.575000000000146,1.9934174183900384,1.9965052365689844,86,1.0,1.0,42976
rate3.0_s12,2.0,q2_a0.8_and,70823,15.266666666666637,12.466666666667265,6.170000000000238,5.180000000000211,2.06309375746324,1.8985328246867317,84,1.0,1.0,44536
rate3.0_s12,2.0,q2_a0.8_and,70824,11.999999999999858,13.466666666666498,5.335000000000232,4.926666666666862,1.8537189782284524,1.8820279240088322,86,1.0,1.0,45060
rate3.0_s12,2.0,q2_a0.8_and,70825,12.466666666667606,12.466666666666711,5.755000000000192,5.1750000000001855,2.0566145835528418,1.926704203510636,86,1.0,1.0,42857
rate3.0_s12,2.0,q2_a0.8_and,70826,14.866666666667129,15.200000000000557,6.023333333333501,6.061666666666858,2.0265091147068763,2.1173194156958517,86,1.0,1.0,42199
rate3.0_s12,2.0,q2_a0.8_and,70827,15.133333333333724,12.666666666666686,5.966666666666855,4.410000000000179,1.971796497176068,1.7314907812918703,86,1.0,1.0,42909
rate3.0_s12,2.0,q2_a0.8_and,70828,15.799999999999955,12.400000000000546,6.531666666666852,4.836666666666816,2.025591003168375,2.008009539685423,86,1.0,1.0,42733
rate3.0_s12,2.0,q2_a0.8_and,70829,15.333333333333485,12.133333333334008,6.891666666666777,4.8283333333334415,2.0553269342244906,1.9265207188447326,86,1.0,1.0,42948
rate3.0_s12,2.0,q2_a1.5_or,70800,15.666666666667084,15.599999999999937,6.213333333333555,5.5100000000003035,1.8520230146485148,1.8250619013600755,85,1.0,1.0,42735
rate3.0_s12,2.0,q2_a1.5_or,70801,12.666666666666686,11.000000000000796,5.776666666666907,4.538333333333529,1.9705809541205823,1.8509862574797356,88,1.0,1.0,43062
rate3.0_s12,2.0,q2_a1.5_or,70802,12.466666666666526,13.066666666667345,5.575000000000191,5.070000000000207,1.9154721892927533,1.8629573216785382,88,1.0,1.0,44291
rate3.0_s12,2.0,q2_a1.5_or,70803,14.200000000000102,16.66666666666731,6.341666666666806,5.733333333333484,2.1407173298266198,2.0779643887062575,88,1.0,1.0,42325
rate3.0_s12,2.0,q2_a1.5_or,70804,14.333333333333599,14.466666666666683,6.691666666666842,5.505000000000185,2.0382353288921435,1.9778883251890962,88,1.0,1.0,43984
rate3.0_s12,2.0,q2_a1.5_or,70805,15.066666666666691,13.533333333333076,6.448333333333475,5.410000000000168,2.099024489224285,1.948366947732166,88,1.0,1.0,44089
rate3.0_s12,2.0,q2_a1.5_or,70806,14.399999999999991,11.066666666666833,5.8000000000002165,4.421666666666885,1.9184671666245474,1.7854132511197507,85,1.0,1.0,44167
rate3.0_s12,2.0,q2_a1.5_or,70807,13.666666666666657,10.999999999999943,5.660000000000205,4.750000000000209,1.9640034343504618,1.9075751558122669,88,1.0,1.0,42580
rate3.0_s12,2.0,q2_a1.5_or,70808,13.333333333333258,12.26666666666739,5.846666666666896,5.343333333333518,1.8310974487027518,1.8087678183798497,88,1.0,1.0,44250
rate3.0_s12,2.0,q2_a1.5_or,70809,13.266666666667334,14.466666666667265,5.7283333333335325,5.676666666666899,1.9746943808112438,2.0128095724445405,88,1.0,1.0,43561
rate3.0_s12,2.0,q2_a1.5_or,70810,16.799999999999983,14.733333333333803,6.698333333333547,5.73166666666689,2.0273778431279013,2.029833752126651,88,1.0,1.0,43251
rate3.0_s12,2.0,q2_a1.5_or,70811,14.599999999999852,13.866666666664855,6.816666666666769,5.683333333333443,2.143109828166719,2.06871232500725,88,1.0,1.0,43392
rate3.0_s12,2.0,q2_a1.5_or,70812,15.000000000000455,11.2000000000005,6.261666666666853,4.57000000000018,1.9854132523472956,1.8400320848465672,88,1.0,1.0,42460
rate3.0_s12,2.0,q2_a1.5_or,70813,14.133333333333297,11.800000000000352,5.873333333333535,5.013333333333521,1.9283819058385758,1.9174245330769795,88,1.0,1.0,43813
rate3.0_s12,2.0,q2_a1.5_or,70814,14.266666666666623,11.000000000000568,5.766666666666852,4.556666666666896,1.9867960596131766,1.892174848726807,88,1.0,1.0,43411
rate3.0_s12,2.0,q2_a1.5_or,70815,13.533333333333644,12.799999999999955,6.18666666666683,5.35666666666683,2.035569547799189,1.8771990719590264,88,1.0,1.0,43271
rate3.0_s12,2.0,q2_a1.5_or,70816,13.466666666667038,13.533333333333402,6.0983333333335,5.251666666666874,2.0679029582294093,1.919269689985221,88,1.0,1.0,43686
rate3.0_s12,2.0,q2_a1.5_or,70817,13.666666666667084,13.066666666665583,6.171666666666739,5.250000000000177,2.103672383781836,1.895484744114494,85,1.0,1.0,42796
rate3.0_s12,2.0,q2_a1.5_or,70818,14.600000000000136,14.200000000000784,6.07833333333352,5.3000000000001535,1.9655106536527605,1.8467981618524212,88,1.0,1.0,42810
rate3.0_s12,2.0,q2_a1.5_or,70819,15.266666666666723,11.733333333333917,6.6483333333335075,4.538333333333483,1.935751905929009,1.784352070497726,85,1.0,1.0,43317
rate3.0_s12,2.0,q2_a1.5_or,70820,16.00000000000051,13.60000000000042,6.415000000000152,5.058333333333461,1.9686128407894614,1.7802967685992577,88,1.0,1.0,43214
rate3.0_s12,2.0,q2_a1.5_or,70821,18.066666666666734,12.400000000000887,6.396666666666793,5.260000000000191,2.18937233319543,1.9604423709417964,88,1.0,1.0,43168
rate3.0_s12,2.0,q2_a1.5_or,70822,14.133333333333553,12.0,5.741666666666895,4.765000000000239,1.9934174183900384,1.9648626196960726,88,1.0,1.0,43596
rate3.0_s12,2.0,q2_a1.5_or,70823,15.266666666666637,12.333333333333144,6.170000000000238,4.7316666666669285,2.06309375746324,1.9527006850071758,88,1.0,1.0,43480
rate3.0_s12,2.0,q2_a1.5_or,70824,11.999999999999858,16.13333333333332,5.335000000000232,5.743333333333496,1.8537189782284524,2.013676487348526,88,1.0,1.0,44993
rate3.0_s12,2.0,q2_a1.5_or,70825,12.466666666667606,12.33333333333323,5.755000000000192,4.6750000000001455,2.0566145835528418,1.8678204185822558,88,1.0,1.0,42780
rate3.0_s12,2.0,q2_a1.5_or,70826,14.866666666667129,13.0,6.023333333333501,4.858333333333544,2.0265091147068763,2.0224792455535385,88,1.0,1.0,42065
rate3.0_s12,2.0,q2_a1.5_or,70827,15.133333333333724,12.066666666666663,5.966666666666855,4.666666666666864,1.971796497176068,1.8200738594008667,88,1.0,1.0,42629
rate3.0_s12,2.0,q2_a1.5_or,70828,15.799999999999955,16.26666666666671,6.531666666666852,5.425000000000178,2.025591003168375,1.9545826633466594,88,1.0,1.0,42565
rate3.0_s12,2.0,q2_a1.5_or,70829,15.333333333333485,13.933333333333906,6.891666666666777,5.113333333333345,2.0553269342244906,1.8027095246248543,88,1.0,1.0,42967
rate3.0_s12,2.0,q2_a1.5_and,70800,15.666666666667084,11.333333333333172,6.213333333333555,4.5250000000003165,1.8520230146485148,1.859737316636069,50,1.0,1.0,42830
rate3.0_s12,2.0,q2_a1.5_and,70801,12.666666666666686,8.466666666667038,5.776666666666907,3.836666666666872,1.9705809541205823,1.7854584503433415,50,1.0,1.0,43636
rate3.0_s12,2.0,q2_a1.5_and,70802,12.466666666666526,9.666666666666643,5.575000000000191,3.6400000000002355,1.9154721892927533,1.8376265597111183,47,1.0,1.0,43056
rate3.0_s12,2.0,q2_a1.5_and,70803,14.200000000000102,10.999999999999986,6.341666666666806,4.255000000000137,2.1407173298266198,1.8949010720507948,50,1.0,1.0,42737
rate3.0_s12,2.0,q2_a1.5_and,70804,14.333333333333599,12.600000000000193,6.691666666666842,4.90166666666686,2.0382353288921435,1.8772456834022435,50,1.0,1.0,42978
rate3.0_s12,2.0,q2_a1.5_and,70805,15.066666666666691,12.000000000000398,6.448333333333475,4.4066666666668395,2.099024489224285,1.8725586905057945,50,1.0,1.0,43211
rate3.0_s12,2.0,q2_a1.5_and,70806,14.399999999999991,10.999999999999986,5.8000000000002165,4.288333333333554,1.9184671666245474,1.8140665542033811,47,1.0,1.0,44015
rate3.0_s12,2.0,q2_a1.5_and,70807,13.666666666666657,10.666666666666487,5.660000000000205,3.958333333333537,1.9640034343504618,1.857720379740433,50,1.0,1.0,42503
rate3.0_s12,2.0,q2_a1.5_and,70808,13.333333333333258,11.666666666667084,5.846666666666896,4.658333333333522,1.8310974487027518,1.7974694806346956,50,1.0,1.0,41983
rate3.0_s12,2.0,q2_a1.5_and,70809,13.266666666667334,11.466666666667493,5.7283333333335325,4.398333333333557,1.9746943808112438,1.8737671375585125,50,1.0,1.0,43557
rate3.0_s12,2.0,q2_a1.5_and,70810,16.799999999999983,9.666666666666643,6.698333333333547,4.0116666666668666,2.0273778431279013,1.7366883508236655,47,1.0,1.0,43610
rate3.0_s12,2.0,q2_a1.5_and,70811,14.599999999999852,9.666666666666643,6.816666666666769,4.0950000000001125,2.143109828166719,1.8518864235214851,50,1.0,1.0,43574
rate3.0_s12,2.0,q2_a1.5_and,70812,15.000000000000455,11.666666666667084,6.261666666666853,4.390000000000212,1.9854132523472956,1.8658244890947897,50,1.0,1.0,41909
rate3.0_s12,2.0,q2_a1.5_and,70813,14.133333333333297,10.666666666666686,5.873333333333535,4.258333333333554,1.9283819058385758,1.8636784039770977,50,1.0,1.0,44113
rate3.0_s12,2.0,q2_a1.5_and,70814,14.266666666666623,11.333333333333314,5.766666666666852,4.543333333333535,1.9867960596131766,1.8390370947435595,50,1.0,1.0,43304
rate3.0_s12,2.0,q2_a1.5_and,70815,13.533333333333644,11.000000000000227,6.18666666666683,4.443333333333518,2.035569547799189,1.817193078156599,47,1.0,1.0,42930
rate3.0_s12,2.0,q2_a1.5_and,70816,13.466666666667038,11.000000000000057,6.0983333333335,4.5583333333335565,2.0679029582294093,1.865565301008613,50,1.0,1.0,43491
rate3.0_s12,2.0,q2_a1.5_and,70817,13.666666666667084,10.533333333333871,6.171666666666739,3.9566666666668113,2.103672383781836,1.8235017381943854,50,1.0,1.0,43017
rate3.0_s12,2.0,q2_a1.5_and,70818,14.600000000000136,11.666666666666657,6.07833333333352,4.298333333333503,1.9655106536527605,1.8081046991342913,50,1.0,1.0,42235
rate3.0_s12,2.0,q2_a1.5_and,70819,15.266666666666723,10.333333333333357,6.6483333333335075,4.02833333333348,1.935751905929009,1.8134947118733535,50,1.0,1.0,43518
rate3.0_s12,2.0,q2_a1.5_and,70820,16.00000000000051,10.400000000000205,6.415000000000152,4.3450000000001365,1.9686128407894614,1.8279933349239068,50,1.0,1.0,42849
rate3.0_s12,2.0,q2_a1.5_and,70821,18.066666666666734,10.400000000000205,6.396666666666793,4.216666666666839,2.18937233319543,1.9528756359665944,50,1.0,1.0,42360
rate3.0_s12,2.0,q2_a1.5_and,70822,14.133333333333553,12.933333333333621,5.741666666666895,4.6000000000001915,1.9934174183900384,1.9433617194485653,50,1.0,1.0,43255
rate3.0_s12,2.0,q2_a1.5_and,70823,15.266666666666637,10.39999999999992,6.170000000000238,4.358333333333568,2.06309375746324,1.9353697762587871,47,1.0,1.0,43575
rate3.0_s12,2.0,q2_a1.5_and,70824,11.999999999999858,10.466666666666612,5.335000000000232,4.1666666666668295,1.8537189782284524,1.9195470727641963,50,1.0,1.0,43821
rate3.0_s12,2.0,q2_a1.5_and,70825,12.466666666667606,9.933333333333564,5.755000000000192,4.240000000000176,2.0566145835528418,1.997483796113516,50,1.0,1.0,43134
rate3.0_s12,2.0,q2_a1.5_and,70826,14.866666666667129,11.800000000000026,6.023333333333501,4.790000000000172,2.0265091147068763,1.9395672676256628,50,1.0,1.0,43165
rate3.0_s12,2.0,q2_a1.5_and,70827,15.133333333333724,10.99999999999983,5.966666666666855,4.296666666666882,1.971796497176068,1.7937276296145697,50,1.0,1.0,43594
rate3.0_s12,2.0,q2_a1.5_and,70828,15.799999999999955,9.600000000000705,6.531666666666852,3.8333333333334587,2.025591003168375,1.6554016393123205,47,1.0,1.0,43302
rate3.0_s12,2.0,q2_a1.5_and,70829,15.333333333333485,11.733333333333746,6.891666666666777,4.441666666666793,2.0553269342244906,1.8173308612329164,50,1.0,1.0,43137
rate3.0_s12,2.0,q4_a0.8_or,70800,15.666666666667084,15.60000000000025,6.213333333333555,5.761666666666985,1.8520230146485148,1.944925680502668,90,1.0,1.0,44578
rate3.0_s12,2.0,q4_a0.8_or,70801,12.666666666666686,10.200000000000557,5.776666666666907,4.106666666666904,1.9705809541205823,1.7935446052621193,90,1.0,1.0,43633
rate3.0_s12,2.0,q4_a0.8_or,70802,12.466666666666526,13.066666666666492,5.575000000000191,5.136666666666875,1.9154721892927533,1.8938030312162977,90,1.0,1.0,43906
rate3.0_s12,2.0,q4_a0.8_or,70803,14.200000000000102,12.80000000000004,6.341666666666806,4.965000000000145,2.1407173298266198,2.053425393685544,90,1.0,1.0,43325
rate3.0_s12,2.0,q4_a0.8_or,70804,14.333333333333599,12.333333333333485,6.691666666666842,4.818333333333496,2.0382353288921435,1.895854565798892,90,1.0,1.0,43165
rate3.0_s12,2.0,q4_a0.8_or,70805,15.066666666666691,10.733333333333292,6.448333333333475,4.478333333333528,2.099024489224285,1.8237445193701518,90,1.0,1.0,42867
rate3.0_s12,2.0,q4_a0.8_or,70806,14.399999999999991,11.000000000000625,5.8000000000002165,4.656666666666843,1.9184671666245474,1.8255219586001052,90,1.0,1.0,43715
rate3.0_s12,2.0,q4_a0.8_or,70807,13.666666666666657,13.266666666666765,5.660000000000205,4.698333333333486,1.9640034343504618,1.9041189310209552,90,1.0,1.0,42361
rate3.0_s12,2.0,q4_a0.8_or,70808,13.333333333333258,10.866666666667186,5.846666666666896,4.335000000000202,1.8310974487027518,1.7781029023474417,90,1.0,1.0,42644
rate3.0_s12,2.0,q4_a0.8_or,70809,13.266666666667334,16.13333333333332,5.7283333333335325,5.763333333333409,1.9746943808112438,2.033289849098107,90,1.0,1.0,43943
rate3.0_s12,2.0,q4_a0.8_or,70810,16.799999999999983,9.733333333332553,6.698333333333547,4.330000000000207,2.0273778431279013,1.9083775195756225,90,1.0,1.0,43306
rate3.0_s12,2.0,q4_a0.8_or,70811,14.599999999999852,11.000000000000014,6.816666666666769,4.731666666666805,2.143109828166719,1.9046543430192255,90,1.0,1.0,43526
rate3.0_s12,2.0,q4_a0.8_or,70812,15.000000000000455,11.666666666666643,6.261666666666853,4.471666666666882,1.9854132523472956,1.796858488270257,90,1.0,1.0,43425
rate3.0_s12,2.0,q4_a0.8_or,70813,14.133333333333297,10.733333333333235,5.873333333333535,4.718333333333561,1.9283819058385758,2.019007694575337,90,1.0,1.0,44770
rate3.0_s12,2.0,q4_a0.8_or,70814,14.266666666666623,14.866666666667072,5.766666666666852,5.195000000000155,1.9867960596131766,1.9445933295450344,90,1.0,1.0,43986
rate3.0_s12,2.0,q4_a0.8_or,70815,13.533333333333644,13.133333333333383,6.18666666666683,5.531666666666873,2.035569547799189,1.947156923696516,90,1.0,1.0,43309
rate3.0_s12,2.0,q4_a0.8_or,70816,13.466666666667038,11.39999999999992,6.0983333333335,4.6500000000002295,2.0679029582294093,1.8359887993496566,90,1.0,1.0,42903
rate3.0_s12,2.0,q4_a0.8_or,70817,13.666666666667084,11.733333333333235,6.171666666666739,4.788333333333496,2.103672383781836,1.8501525181489373,90,1.0,1.0,43169
rate3.0_s12,2.0,q4_a0.8_or,70818,14.600000000000136,12.933333333333508,6.07833333333352,5.015000000000147,1.9655106536527605,1.7707192825836635,90,1.0,1.0,44558
rate3.0_s12,2.0,q4_a0.8_or,70819,15.266666666666723,11.000000000000227,6.6483333333335075,4.608333333333539,1.935751905929009,1.8251980462134059,90,1.0,1.0,42959
rate3.0_s12,2.0,q4_a0.8_or,70820,16.00000000000051,14.66666666666697,6.415000000000152,5.638333333333443,1.9686128407894614,1.9697986454564826,90,1.0,1.0,43717
rate3.0_s12,2.0,q4_a0.8_or,70821,18.066666666666734,11.000000000000227,6.396666666666793,4.4400000000001425,2.18937233319543,1.879294098903213,90,1.0,1.0,42708
rate3.0_s12,2.0,q4_a0.8_or,70822,14.133333333333553,12.46666666666681,5.741666666666895,4.865000000000242,1.9934174183900384,2.0236618435545415,90,1.0,1.0,43549
rate3.0_s12,2.0,q4_a0.8_or,70823,15.266666666666637,13.666666666667197,6.170000000000238,5.3483333333335334,2.06309375746324,1.9003448782876362,90,1.0,1.0,44653
rate3.0_s12,2.0,q4_a0.8_or,70824,11.999999999999858,12.666666666666657,5.335000000000232,4.753333333333521,1.8537189782284524,1.919998864874995,90,1.0,1.0,44245
rate3.0_s12,2.0,q4_a0.8_or,70825,12.466666666667606,13.13333333333378,5.755000000000192,5.101666666666879,2.0566145835528418,1.8684643457611296,90,1.0,1.0,43616
rate3.0_s12,2.0,q4_a0.8_or,70826,14.866666666667129,14.466666666667095,6.023333333333501,5.720000000000214,2.0265091147068763,1.953403442288798,90,1.0,1.0,43873
rate3.0_s12,2.0,q4_a0.8_or,70827,15.133333333333724,11.066666666667174,5.966666666666855,4.215000000000203,1.971796497176068,1.7963713391637293,90,1.0,1.0,42956
rate3.0_s12,2.0,q4_a0.8_or,70828,15.799999999999955,12.866666666666958,6.531666666666852,4.966666666666843,2.025591003168375,1.9221631414988012,90,1.0,1.0,43784
rate3.0_s12,2.0,q4_a0.8_or,70829,15.333333333333485,11.333333333333321,6.891666666666777,4.491666666666741,2.0553269342244906,1.9043997241938406,90,1.0,1.0,43424
rate3.0_s12,2.0,q4_a0.8_and,70800,15.666666666667084,12.266666666666623,6.213333333333555,4.945000000000247,1.8520230146485148,1.9166243640109646,70,1.0,1.0,43443
rate3.0_s12,2.0,q4_a0.8_and,70801,12.666666666666686,11.600000000000762,5.776666666666907,4.245000000000274,1.9705809541205823,1.8515257453711245,55,1.0,1.0,42874
rate3.0_s12,2.0,q4_a0.8_and,70802,12.466666666666526,9.666666666666643,5.575000000000191,3.8783333333335697,1.9154721892927533,1.7525136502076804,55,1.0,1.0,42545
rate3.0_s12,2.0,q4_a0.8_and,70803,14.200000000000102,12.799999999999926,6.341666666666806,4.4183333333335115,2.1407173298266198,1.923847495948015,55,1.0,1.0,42765
rate3.0_s12,2.0,q4_a0.8_and,70804,14.333333333333599,11.600000000000193,6.691666666666842,4.368333333333527,2.0382353288921435,1.8361215383211509,67,1.0,1.0,43274
rate3.0_s12,2.0,q4_a0.8_and,70805,15.066666666666691,16.53333333333228,6.448333333333475,5.143333333333479,2.099024489224285,1.9412626986916521,56,1.0,1.0,43606
rate3.0_s12,2.0,q4_a0.8_and,70806,14.399999999999991,10.866666666666688,5.8000000000002165,4.2383333333335536,1.9184671666245474,1.710623710196391,61,1.0,1.0,43534
rate3.0_s12,2.0,q4_a0.8_and,70807,13.666666666666657,11.666666666666657,5.660000000000205,4.4833333333335394,1.9640034343504618,1.771295209195302,64,1.0,1.0,42524
rate3.0_s12,2.0,q4_a0.8_and,70808,13.333333333333258,10.666666666667084,5.846666666666896,4.656666666666847,1.8310974487027518,1.8578791833421728,58,1.0,1.0,42552
rate3.0_s12,2.0,q4_a0.8_and,70809,13.266666666667334,11.600000000000875,5.7283333333335325,4.665000000000161,1.9746943808112438,1.9121126873569911,61,1.0,1.0,43304
rate3.0_s12,2.0,q4_a0.8_and,70810,16.799999999999983,12.199999999999932,6.698333333333547,4.788333333333537,2.0273778431279013,1.9671979244697397,64,1.0,1.0,43805
rate3.0_s12,2.0,q4_a0.8_and,70811,14.599999999999852,11.666666666666643,6.816666666666769,4.530000000000129,2.143109828166719,1.9012617345109584,55,1.0,1.0,43882
rate3.0_s12,2.0,q4_a0.8_and,70812,15.000000000000455,14.066666666667402,6.261666666666853,4.808333333333519,1.9854132523472956,1.8751724494840067,55,1.0,1.0,43863
rate3.0_s12,2.0,q4_a0.8_and,70813,14.133333333333297,12.333333333333144,5.873333333333535,4.610000000000216,1.9283819058385758,1.8380539592019922,50,1.0,1.0,43693
rate3.0_s12,2.0,q4_a0.8_and,70814,14.266666666666623,11.799999999999955,5.766666666666852,4.341666666666855,1.9867960596131766,1.8025273826585175,58,1.0,1.0,42608
rate3.0_s12,2.0,q4_a0.8_and,70815,13.533333333333644,11.333333333333655,6.18666666666683,4.6833333333335485,2.035569547799189,1.764783426800649,67,1.0,1.0,43499
rate3.0_s12,2.0,q4_a0.8_and,70816,13.466666666667038,11.666666666666629,6.0983333333335,4.395000000000192,2.0679029582294093,1.7822015538296079,55,1.0,1.0,44296
rate3.0_s12,2.0,q4_a0.8_and,70817,13.666666666667084,11.999999999999943,6.171666666666739,4.815000000000148,2.103672383781836,1.820093824405194,55,1.0,1.0,42928
rate3.0_s12,2.0,q4_a0.8_and,70818,14.600000000000136,11.333333333333542,6.07833333333352,4.601666666666802,1.9655106536527605,1.7914419248178506,52,1.0,1.0,43334
rate3.0_s12,2.0,q4_a0.8_and,70819,15.266666666666723,11.333333333333172,6.6483333333335075,4.638333333333478,1.935751905929009,1.8113992937383105,58,1.0,1.0,42900
rate3.0_s12,2.0,q4_a0.8_and,70820,16.00000000000051,12.400000000000148,6.415000000000152,4.856666666666843,1.9686128407894614,1.9039914782269307,55,1.0,1.0,42550
rate3.0_s12,2.0,q4_a0.8_and,70821,18.066666666666734,11.199999999999875,6.396666666666793,4.188333333333465,2.18937233319543,1.795331719272117,58,1.0,1.0,42902
rate3.0_s12,2.0,q4_a0.8_and,70822,14.133333333333553,14.533333333333587,5.741666666666895,5.431666666666876,1.9934174183900384,1.8417810270098642,60,1.0,1.0,42639
rate3.0_s12,2.0,q4_a0.8_and,70823,15.266666666666637,12.333333333333599,6.170000000000238,4.651666666666928,2.06309375746324,1.9257054062827261,70,1.0,1.0,43834
rate3.0_s12,2.0,q4_a0.8_and,70824,11.999999999999858,13.266666666666424,5.335000000000232,4.8966666666668175,1.8537189782284524,1.852482400046242,58,1.0,1.0,43794
rate3.0_s12,2.0,q4_a0.8_and,70825,12.466666666667606,9.333333333333307,5.755000000000192,4.036666666666843,2.0566145835528418,1.7997391483476828,64,1.0,1.0,43325
rate3.0_s12,2.0,q4_a0.8_and,70826,14.866666666667129,11.400000000000944,6.023333333333501,4.868333333333523,2.0265091147068763,1.8656783943605466,64,1.0,1.0,43367
rate3.0_s12,2.0,q4_a0.8_and,70827,15.133333333333724,10.80000000000075,5.966666666666855,4.275000000000188,1.971796497176068,1.8127790204251737,58,1.0,1.0,43366
rate3.0_s12,2.0,q4_a0.8_and,70828,15.799999999999955,12.266666666667163,6.531666666666852,4.758333333333473,2.025591003168375,1.914511599071177,62,1.0,1.0,43460
rate3.0_s12,2.0,q4_a0.8_and,70829,15.333333333333485,13.133333333333212,6.891666666666777,4.4983333333333375,2.0553269342244906,1.847570388452529,58,1.0,1.0,43307
rate3.0_s12,2.0,q4_a1.5_or,70800,15.666666666667084,12.266666666666623,6.213333333333555,4.945000000000247,1.8520230146485148,1.9166243640109646,70,1.0,1.0,43443
rate3.0_s12,2.0,q4_a1.5_or,70801,12.666666666666686,11.600000000000762,5.776666666666907,4.245000000000274,1.9705809541205823,1.8515257453711245,69,1.0,1.0,42874
rate3.0_s12,2.0,q4_a1.5_or,70802,12.466666666666526,9.666666666666643,5.575000000000191,3.8783333333335697,1.9154721892927533,1.7525136502076804,69,1.0,1.0,42545
rate3.0_s12,2.0,q4_a1.5_or,70803,14.200000000000102,12.799999999999926,6.341666666666806,4.4183333333335115,2.1407173298266198,1.923847495948015,69,1.0,1.0,42765
rate3.0_s12,2.0,q4_a1.5_or,70804,14.333333333333599,11.600000000000193,6.691666666666842,4.368333333333527,2.0382353288921435,1.8361215383211509,70,1.0,1.0,43274
rate3.0_s12,2.0,q4_a1.5_or,70805,15.066666666666691,16.53333333333228,6.448333333333475,5.143333333333479,2.099024489224285,1.9412626986916521,67,1.0,1.0,43606
rate3.0_s12,2.0,q4_a1.5_or,70806,14.399999999999991,10.866666666666688,5.8000000000002165,4.2383333333335536,1.9184671666245474,1.710623710196391,69,1.0,1.0,43534
rate3.0_s12,2.0,q4_a1.5_or,70807,13.666666666666657,11.666666666666657,5.660000000000205,4.4833333333335394,1.9640034343504618,1.771295209195302,69,1.0,1.0,42524
rate3.0_s12,2.0,q4_a1.5_or,70808,13.333333333333258,10.666666666667084,5.846666666666896,4.656666666666847,1.8310974487027518,1.8578791833421728,69,1.0,1.0,42552
rate3.0_s12,2.0,q4_a1.5_or,70809,13.266666666667334,11.600000000000875,5.7283333333335325,4.665000000000161,1.9746943808112438,1.9121126873569911,69,1.0,1.0,43304
rate3.0_s12,2.0,q4_a1.5_or,70810,16.799999999999983,12.199999999999932,6.698333333333547,4.788333333333537,2.0273778431279013,1.9671979244697397,70,1.0,1.0,43805
rate3.0_s12,2.0,q4_a1.5_or,70811,14.599999999999852,11.666666666666643,6.816666666666769,4.530000000000129,2.143109828166719,1.9012617345109584,70,1.0,1.0,43882
rate3.0_s12,2.0,q4_a1.5_or,70812,15.000000000000455,14.066666666667402,6.261666666666853,4.808333333333519,1.9854132523472956,1.8751724494840067,69,1.0,1.0,43863
rate3.0_s12,2.0,q4_a1.5_or,70813,14.133333333333297,12.333333333333144,5.873333333333535,4.610000000000216,1.9283819058385758,1.8380539592019922,66,1.0,1.0,43693
rate3.0_s12,2.0,q4_a1.5_or,70814,14.266666666666623,11.799999999999955,5.766666666666852,4.341666666666855,1.9867960596131766,1.8025273826585175,70,1.0,1.0,42608
rate3.0_s12,2.0,q4_a1.5_or,70815,13.533333333333644,11.333333333333655,6.18666666666683,4.6833333333335485,2.035569547799189,1.764783426800649,70,1.0,1.0,43499
rate3.0_s12,2.0,q4_a1.5_or,70816,13.466666666667038,10.999999999999986,6.0983333333335,4.130000000000201,2.0679029582294093,1.7889632918816685,68,1.0,1.0,43961
rate3.0_s12,2.0,q4_a1.5_or,70817,13.666666666667084,11.999999999999943,6.171666666666739,4.815000000000148,2.103672383781836,1.820093824405194,69,1.0,1.0,42928
rate3.0_s12,2.0,q4_a1.5_or,70818,14.600000000000136,11.333333333333542,6.07833333333352,4.601666666666802,1.9655106536527605,1.7914419248178506,69,1.0,1.0,43334
rate3.0_s12,2.0,q4_a1.5_or,70819,15.266666666666723,11.333333333333172,6.6483333333335075,4.638333333333478,1.935751905929009,1.8113992937383105,70,1.0,1.0,42900
rate3.0_s12,2.0,q4_a1.5_or,70820,16.00000000000051,12.400000000000148,6.415000000000152,4.856666666666843,1.9686128407894614,1.9039914782269307,69,1.0,1.0,42550
rate3.0_s12,2.0,q4_a1.5_or,70821,18.066666666666734,11.199999999999875,6.396666666666793,4.188333333333465,2.18937233319543,1.795331719272117,69,1.0,1.0,42902
rate3.0_s12,2.0,q4_a1.5_or,70822,14.133333333333553,11.13333333333361,5.741666666666895,4.560000000000223,1.9934174183900384,1.933853645172641,67,1.0,1.0,42799
rate3.0_s12,2.0,q4_a1.5_or,70823,15.266666666666637,12.333333333333599,6.170000000000238,4.651666666666928,2.06309375746324,1.9257054062827261,70,1.0,1.0,43834
rate3.0_s12,2.0,q4_a1.5_or,70824,11.999999999999858,11.999999999999858,5.335000000000232,4.666666666666814,1.8537189782284524,1.8323529454628396,69,1.0,1.0,43685
rate3.0_s12,2.0,q4_a1.5_or,70825,12.466666666667606,9.333333333333307,5.755000000000192,4.036666666666843,2.0566145835528418,1.7997391483476828,70,1.0,1.0,43325
rate3.0_s12,2.0,q4_a1.5_or,70826,14.866666666667129,11.400000000000944,6.023333333333501,4.868333333333523,2.0265091147068763,1.8656783943605466,69,1.0,1.0,43367
rate3.0_s12,2.0,q4_a1.5_or,70827,15.133333333333724,10.80000000000075,5.966666666666855,4.275000000000188,1.971796497176068,1.8127790204251737,69,1.0,1.0,43366
rate3.0_s12,2.0,q4_a1.5_or,70828,15.799999999999955,12.266666666667163,6.531666666666852,4.758333333333473,2.025591003168375,1.914511599071177,68,1.0,1.0,43460
rate3.0_s12,2.0,q4_a1.5_or,70829,15.333333333333485,13.133333333333212,6.891666666666777,4.4983333333333375,2.0553269342244906,1.847570388452529,69,1.0,1.0,43307
rate3.0_s12,2.0,q4_a1.5_and,70800,15.666666666667084,11.333333333333172,6.213333333333555,4.5250000000003165,1.8520230146485148,1.859737316636069,47,1.0,1.0,42830
rate3.0_s12,2.0,q4_a1.5_and,70801,12.666666666666686,8.466666666667038,5.776666666666907,3.836666666666872,1.9705809541205823,1.7854584503433415,47,1.0,1.0,43636
rate3.0_s12,2.0,q4_a1.5_and,70802,12.466666666666526,9.666666666666643,5.575000000000191,3.6400000000002355,1.9154721892927533,1.8376265597111183,35,1.0,1.0,43056
rate3.0_s12,2.0,q4_a1.5_and,70803,14.200000000000102,10.999999999999986,6.341666666666806,4.255000000000137,2.1407173298266198,1.8949010720507948,50,1.0,1.0,42737
rate3.0_s12,2.0,q4_a1.5_and,70804,14.333333333333599,12.600000000000193,6.691666666666842,4.90166666666686,2.0382353288921435,1.8772456834022435,44,1.0,1.0,42978
rate3.0_s12,2.0,q4_a1.5_and,70805,15.066666666666691,12.000000000000398,6.448333333333475,4.4066666666668395,2.099024489224285,1.8725586905057945,41,1.0,1.0,43211
rate3.0_s12,2.0,q4_a1.5_and,70806,14.399999999999991,10.999999999999986,5.8000000000002165,4.288333333333554,1.9184671666245474,1.8140665542033811,41,1.0,1.0,44015
rate3.0_s12,2.0,q4_a1.5_and,70807,13.666666666666657,10.666666666666487,5.660000000000205,3.958333333333537,1.9640034343504618,1.857720379740433,38,1.0,1.0,42503
rate3.0_s12,2.0,q4_a1.5_and,70808,13.333333333333258,11.666666666667084,5.846666666666896,4.658333333333522,1.8310974487027518,1.7974694806346956,44,1.0,1.0,41983
rate3.0_s12,2.0,q4_a1.5_and,70809,13.266666666667334,11.466666666667493,5.7283333333335325,4.398333333333557,1.9746943808112438,1.8737671375585125,41,1.0,1.0,43557
rate3.0_s12,2.0,q4_a1.5_and,70810,16.799999999999983,9.666666666666643,6.698333333333547,4.0116666666668666,2.0273778431279013,1.7366883508236655,41,1.0,1.0,43610
rate3.0_s12,2.0,q4_a1.5_and,70811,14.599999999999852,9.666666666666643,6.816666666666769,4.0950000000001125,2.143109828166719,1.8518864235214851,42,1.0,1.0,43574
rate3.0_s12,2.0,q4_a1.5_and,70812,15.000000000000455,11.666666666667084,6.261666666666853,4.390000000000212,1.9854132523472956,1.8658244890947897,42,1.0,1.0,41909
rate3.0_s12,2.0,q4_a1.5_and,70813,14.133333333333297,10.666666666666686,5.873333333333535,4.258333333333554,1.9283819058385758,1.8636784039770977,41,1.0,1.0,44113
rate3.0_s12,2.0,q4_a1.5_and,70814,14.266666666666623,11.333333333333314,5.766666666666852,4.543333333333535,1.9867960596131766,1.8390370947435595,47,1.0,1.0,43304
rate3.0_s12,2.0,q4_a1.5_and,70815,13.533333333333644,11.000000000000227,6.18666666666683,4.443333333333518,2.035569547799189,1.817193078156599,39,1.0,1.0,42930
rate3.0_s12,2.0,q4_a1.5_and,70816,13.466666666667038,11.000000000000057,6.0983333333335,4.5583333333335565,2.0679029582294093,1.865565301008613,38,1.0,1.0,43491
rate3.0_s12,2.0,q4_a1.5_and,70817,13.666666666667084,10.533333333333871,6.171666666666739,3.9566666666668113,2.103672383781836,1.8235017381943854,35,1.0,1.0,43017
rate3.0_s12,2.0,q4_a1.5_and,70818,14.600000000000136,11.666666666666657,6.07833333333352,4.298333333333503,1.9655106536527605,1.8081046991342913,37,1.0,1.0,42235
rate3.0_s12,2.0,q4_a1.5_and,70819,15.266666666666723,10.333333333333357,6.6483333333335075,4.02833333333348,1.935751905929009,1.8134947118733535,44,1.0,1.0,43518
rate3.0_s12,2.0,q4_a1.5_and,70820,16.00000000000051,10.400000000000205,6.415000000000152,4.3450000000001365,1.9686128407894614,1.8279933349239068,44,1.0,1.0,42849
rate3.0_s12,2.0,q4_a1.5_and,70821,18.066666666666734,10.400000000000205,6.396666666666793,4.216666666666839,2.18937233319543,1.9528756359665944,39,1.0,1.0,42360
rate3.0_s12,2.0,q4_a1.5_and,70822,14.133333333333553,12.933333333333621,5.741666666666895,4.6000000000001915,1.9934174183900384,1.9433617194485653,48,1.0,1.0,43255
rate3.0_s12,2.0,q4_a1.5_and,70823,15.266666666666637,11.666666666666657,6.170000000000238,4.621666666666897,2.06309375746324,1.858811715362396,46,1.0,1.0,43590
rate3.0_s12,2.0,q4_a1.5_and,70824,11.999999999999858,10.466666666666612,5.335000000000232,4.1666666666668295,1.8537189782284524,1.9195470727641963,47,1.0,1.0,43821
rate3.0_s12,2.0,q4_a1.5_and,70825,12.466666666667606,9.933333333333564,5.755000000000192,4.240000000000176,2.0566145835528418,1.997483796113516,43,1.0,1.0,43134
rate3.0_s12,2.0,q4_a1.5_and,70826,14.866666666667129,11.800000000000026,6.023333333333501,4.790000000000172,2.0265091147068763,1.9395672676256628,44,1.0,1.0,43165
rate3.0_s12,2.0,q4_a1.5_and,70827,15.133333333333724,10.99999999999983,5.966666666666855,4.296666666666882,1.971796497176068,1.7937276296145697,50,1.0,1.0,43594
rate3.0_s12,2.0,q4_a1.5_and,70828,15.799999999999955,10.533333333333132,6.531666666666852,4.008333333333507,2.025591003168375,1.8095426762126692,34,1.0,1.0,43048
rate3.0_s12,2.0,q4_a1.5_and,70829,15.333333333333485,11.733333333333746,6.891666666666777,4.441666666666793,2.0553269342244906,1.8173308612329164,42,1.0,1.0,43137
rate3.0_s12,2.0,q8_a0.8_or,70800,15.666666666667084,15.60000000000025,6.213333333333555,5.761666666666985,1.8520230146485148,1.944925680502668,90,1.0,1.0,44578
rate3.0_s12,2.0,q8_a0.8_or,70801,12.666666666666686,10.200000000000557,5.776666666666907,4.106666666666904,1.9705809541205823,1.7935446052621193,90,1.0,1.0,43633
rate3.0_s12,2.0,q8_a0.8_or,70802,12.466666666666526,13.066666666666492,5.575000000000191,5.136666666666875,1.9154721892927533,1.8938030312162977,90,1.0,1.0,43906
rate3.0_s12,2.0,q8_a0.8_or,70803,14.200000000000102,12.80000000000004,6.341666666666806,4.965000000000145,2.1407173298266198,2.053425393685544,90,1.0,1.0,43325
rate3.0_s12,2.0,q8_a0.8_or,70804,14.333333333333599,12.333333333333485,6.691666666666842,4.818333333333496,2.0382353288921435,1.895854565798892,90,1.0,1.0,43165
rate3.0_s12,2.0,q8_a0.8_or,70805,15.066666666666691,10.733333333333292,6.448333333333475,4.478333333333528,2.099024489224285,1.8237445193701518,90,1.0,1.0,42867
rate3.0_s12,2.0,q8_a0.8_or,70806,14.399999999999991,11.000000000000625,5.8000000000002165,4.656666666666843,1.9184671666245474,1.8255219586001052,90,1.0,1.0,43715
rate3.0_s12,2.0,q8_a0.8_or,70807,13.666666666666657,13.266666666666765,5.660000000000205,4.698333333333486,1.9640034343504618,1.9041189310209552,90,1.0,1.0,42361
rate3.0_s12,2.0,q8_a0.8_or,70808,13.333333333333258,10.866666666667186,5.846666666666896,4.335000000000202,1.8310974487027518,1.7781029023474417,90,1.0,1.0,42644
rate3.0_s12,2.0,q8_a0.8_or,70809,13.266666666667334,16.13333333333332,5.7283333333335325,5.763333333333409,1.9746943808112438,2.033289849098107,90,1.0,1.0,43943
rate3.0_s12,2.0,q8_a0.8_or,70810,16.799999999999983,9.733333333332553,6.698333333333547,4.330000000000207,2.0273778431279013,1.9083775195756225,90,1.0,1.0,43306
rate3.0_s12,2.0,q8_a0.8_or,70811,14.599999999999852,11.000000000000014,6.816666666666769,4.731666666666805,2.143109828166719,1.9046543430192255,90,1.0,1.0,43526
rate3.0_s12,2.0,q8_a0.8_or,70812,15.000000000000455,11.666666666666643,6.261666666666853,4.471666666666882,1.9854132523472956,1.796858488270257,90,1.0,1.0,43425
rate3.0_s12,2.0,q8_a0.8_or,70813,14.133333333333297,10.733333333333235,5.873333333333535,4.718333333333561,1.9283819058385758,2.019007694575337,90,1.0,1.0,44770
rate3.0_s12,2.0,q8_a0.8_or,70814,14.266666666666623,14.866666666667072,5.766666666666852,5.195000000000155,1.9867960596131766,1.9445933295450344,90,1.0,1.0,43986
rate3.0_s12,2.0,q8_a0.8_or,70815,13.533333333333644,13.133333333333383,6.18666666666683,5.531666666666873,2.035569547799189,1.947156923696516,90,1.0,1.0,43309
rate3.0_s12,2.0,q8_a0.8_or,70816,13.466666666667038,11.39999999999992,6.0983333333335,4.6500000000002295,2.0679029582294093,1.8359887993496566,90,1.0,1.0,42903
rate3.0_s12,2.0,q8_a0.8_or,70817,13.666666666667084,11.733333333333235,6.171666666666739,4.788333333333496,2.103672383781836,1.8501525181489373,90,1.0,1.0,43169
rate3.0_s12,2.0,q8_a0.8_or,70818,14.600000000000136,12.933333333333508,6.07833333333352,5.015000000000147,1.9655106536527605,1.7707192825836635,90,1.0,1.0,44558
rate3.0_s12,2.0,q8_a0.8_or,70819,15.266666666666723,11.000000000000227,6.6483333333335075,4.608333333333539,1.935751905929009,1.8251980462134059,90,1.0,1.0,42959
rate3.0_s12,2.0,q8_a0.8_or,70820,16.00000000000051,14.66666666666697,6.415000000000152,5.638333333333443,1.9686128407894614,1.9697986454564826,90,1.0,1.0,43717
rate3.0_s12,2.0,q8_a0.8_or,70821,18.066666666666734,11.000000000000227,6.396666666666793,4.4400000000001425,2.18937233319543,1.879294098903213,90,1.0,1.0,42708
rate3.0_s12,2.0,q8_a0.8_or,70822,14.133333333333553,12.46666666666681,5.741666666666895,4.865000000000242,1.9934174183900384,2.0236618435545415,90,1.0,1.0,43549
rate3.0_s12,2.0,q8_a0.8_or,70823,15.266666666666637,13.666666666667197,6.170000000000238,5.3483333333335334,2.06309375746324,1.9003448782876362,90,1.0,1.0,44653
rate3.0_s12,2.0,q8_a0.8_or,70824,11.999999999999858,12.666666666666657,5.335000000000232,4.753333333333521,1.8537189782284524,1.919998864874995,90,1.0,1.0,44245
rate3.0_s12,2.0,q8_a0.8_or,70825,12.466666666667606,13.13333333333378,5.755000000000192,5.101666666666879,2.0566145835528418,1.8684643457611296,90,1.0,1.0,43616
rate3.0_s12,2.0,q8_a0.8_or,70826,14.866666666667129,14.466666666667095,6.023333333333501,5.720000000000214,2.0265091147068763,1.953403442288798,90,1.0,1.0,43873
rate3.0_s12,2.0,q8_a0.8_or,70827,15.133333333333724,11.066666666667174,5.966666666666855,4.215000000000203,1.971796497176068,1.7963713391637293,90,1.0,1.0,42956
rate3.0_s12,2.0,q8_a0.8_or,70828,15.799999999999955,12.866666666666958,6.531666666666852,4.966666666666843,2.025591003168375,1.9221631414988012,90,1.0,1.0,43784
rate3.0_s12,2.0,q8_a0.8_or,70829,15.333333333333485,11.333333333333321,6.891666666666777,4.491666666666741,2.0553269342244906,1.9043997241938406,90,1.0,1.0,43424
rate3.0_s12,2.0,q8_a0.8_and,70800,15.666666666667084,12.400000000000233,6.213333333333555,5.288333333333616,1.8520230146485148,1.7933371999031127,23,0.8,1.0,43277
rate3.0_s12,2.0,q8_a0.8_and,70801,12.666666666666686,11.666666666666657,5.776666666666907,4.905000000000213,1.9705809541205823,1.9007640794315288,15,0.5,1.0,42519
rate3.0_s12,2.0,q8_a0.8_and,70802,12.466666666666526,11.0,5.575000000000191,4.600000000000214,1.9154721892927533,1.7815373703079844,20,0.8,1.0,43494
rate3.0_s12,2.0,q8_a0.8_and,70803,14.200000000000102,13.066666666667402,6.341666666666806,5.320000000000158,2.1407173298266198,1.9959156184692073,14,0.5,1.0,42432
rate3.0_s12,2.0,q8_a0.8_and,70804,14.333333333333599,13.466666666666647,6.691666666666842,5.515000000000167,2.0382353288921435,1.9254798171453846,19,0.7,1.0,43896
rate3.0_s12,2.0,q8_a0.8_and,70805,15.066666666666691,11.533333333333296,6.448333333333475,4.448333333333513,2.099024489224285,1.8487682339692237,21,0.8,1.0,44189
rate3.0_s12,2.0,q8_a0.8_and,70806,14.399999999999991,10.533333333333417,5.8000000000002165,4.6866666666668975,1.9184671666245474,1.8159418939405318,23,0.9,1.0,42865
rate3.0_s12,2.0,q8_a0.8_and,70807,13.666666666666657,13.666666666666657,5.660000000000205,5.471666666666861,1.9640034343504618,1.9268261177615829,17,0.7,1.0,42279
rate3.0_s12,2.0,q8_a0.8_and,70808,13.333333333333258,13.066666666666038,5.846666666666896,5.228333333333529,1.8310974487027518,1.7844988407425328,17,0.7,1.0,42894
rate3.0_s12,2.0,q8_a0.8_and,70809,13.266666666667334,12.933333333333678,5.7283333333335325,5.196666666666849,1.9746943808112438,1.8816537088873773,8,0.4,1.0,43070
rate3.0_s12,2.0,q8_a0.8_and,70810,16.799999999999983,13.400000000000546,6.698333333333547,5.2300000000001585,2.0273778431279013,1.9295489888389064,17,0.7,1.0,42258
rate3.0_s12,2.0,q8_a0.8_and,70811,14.599999999999852,10.333333333333314,6.816666666666769,4.623333333333482,2.143109828166719,1.8031239321413606,15,0.7,1.0,43069
rate3.0_s12,2.0,q8_a0.8_and,70812,15.000000000000455,11.20000000000067,6.261666666666853,4.736666666666882,1.9854132523472956,1.8435322240830547,23,0.9,1.0,42717
rate3.0_s12,2.0,q8_a0.8_and,70813,14.133333333333297,12.466666666667379,5.873333333333535,5.145000000000203,1.9283819058385758,1.8786324882989962,19,0.7,1.0,43978
rate3.0_s12,2.0,q8_a0.8_and,70814,14.266666666666623,11.39999999999992,5.766666666666852,4.91000000000023,1.9867960596131766,1.9166508990918294,20,0.8,1.0,42254
rate3.0_s12,2.0,q8_a0.8_and,70815,13.533333333333644,11.8666666666673,6.18666666666683,5.0150000000001915,2.035569547799189,1.861323074103945,17,0.7,1.0,44416
rate3.0_s12,2.0,q8_a0.8_and,70816,13.466666666667038,13.66666666666697,6.0983333333335,5.433333333333545,2.0679029582294093,1.9212517765153423,17,0.6,1.0,44508
rate3.0_s12,2.0,q8_a0.8_and,70817,13.666666666667084,12.26666666666631,6.171666666666739,5.206666666666817,2.103672383781836,1.878112337772698,17,0.6,1.0,42637
rate3.0_s12,2.0,q8_a0.8_and,70818,14.600000000000136,13.466666666666647,6.07833333333352,5.66500000000015,1.9655106536527605,1.8944826966886115,22,0.8,1.0,43224
rate3.0_s12,2.0,q8_a0.8_and,70819,15.266666666666723,12.666666666666544,6.6483333333335075,5.2350000000001895,1.935751905929009,1.8673776980927612,14,0.5,1.0,43202
rate3.0_s12,2.0,q8_a0.8_and,70820,16.00000000000051,12.666666666666544,6.415000000000152,4.956666666666743,1.9686128407894614,1.8359694602767322,9,0.4,1.0,42069
rate3.0_s12,2.0,q8_a0.8_and,70821,18.066666666666734,12.00000000000017,6.396666666666793,5.141666666666839,2.18937233319543,2.0030510395825574,20,0.8,1.0,43764
rate3.0_s12,2.0,q8_a0.8_and,70822,14.133333333333553,12.666666666666686,5.741666666666895,4.815000000000217,1.9934174183900384,1.8917996034056932,11,0.5,1.0,43701
rate3.0_s12,2.0,q8_a0.8_and,70823,15.266666666666637,15.266666666666637,6.170000000000238,5.520000000000275,2.06309375746324,1.9328835735292882,20,0.7,1.0,44103
rate3.0_s12,2.0,q8_a0.8_and,70824,11.999999999999858,12.866666666666902,5.335000000000232,4.991666666666893,1.8537189782284524,1.7887803941282288,15,0.6,1.0,44697
rate3.0_s12,2.0,q8_a0.8_and,70825,12.466666666667606,12.06666666666672,5.755000000000192,4.873333333333534,2.0566145835528418,1.873512096531236,10,0.5,1.0,42224
rate3.0_s12,2.0,q8_a0.8_and,70826,14.866666666667129,14.066666666666492,6.023333333333501,5.7633333333335495,2.0265091147068763,1.9866223701051027,14,0.6,1.0,43593
rate3.0_s12,2.0,q8_a0.8_and,70827,15.133333333333724,13.466666666666697,5.966666666666855,4.89833333333355,1.971796497176068,1.841319260433728,22,0.8,1.0,42648
rate3.0_s12,2.0,q8_a0.8_and,70828,15.799999999999955,12.333333333333314,6.531666666666852,5.306666666666817,2.025591003168375,1.944464637254334,22,0.8,1.0,42206
rate3.0_s12,2.0,q8_a0.8_and,70829,15.333333333333485,11.999999999999915,6.891666666666777,4.985000000000045,2.0553269342244906,1.8902838808454026,19,0.7,1.0,43491
rate3.0_s12,2.0,q8_a1.5_or,70800,15.666666666667084,11.333333333333172,6.213333333333555,4.5250000000003165,1.8520230146485148,1.859737316636069,50,1.0,1.0,42830
rate3.0_s12,2.0,q8_a1.5_or,70801,12.666666666666686,8.466666666667038,5.776666666666907,3.836666666666872,1.9705809541205823,1.7854584503433415,50,1.0,1.0,43636
rate3.0_s12,2.0,q8_a1.5_or,70802,12.466666666666526,9.666666666666643,5.575000000000191,3.6400000000002355,1.9154721892927533,1.8376265597111183,50,1.0,1.0,43056
rate3.0_s12,2.0,q8_a1.5_or,70803,14.200000000000102,10.999999999999986,6.341666666666806,4.255000000000137,2.1407173298266198,1.8949010720507948,50,1.0,1.0,42737
rate3.0_s12,2.0,q8_a1.5_or,70804,14.333333333333599,12.600000000000193,6.691666666666842,4.90166666666686,2.0382353288921435,1.8772456834022435,50,1.0,1.0,42978
rate3.0_s12,2.0,q8_a1.5_or,70805,15.066666666666691,12.000000000000398,6.448333333333475,4.4066666666668395,2.099024489224285,1.8725586905057945,50,1.0,1.0,43211
rate3.0_s12,2.0,q8_a1.5_or,70806,14.399999999999991,10.999999999999986,5.8000000000002165,4.288333333333554,1.9184671666245474,1.8140665542033811,50,1.0,1.0,44015
rate3.0_s12,2.0,q8_a1.5_or,70807,13.666666666666657,10.666666666666487,5.660000000000205,3.958333333333537,1.9640034343504618,1.857720379740433,50,1.0,1.0,42503
rate3.0_s12,2.0,q8_a1.5_or,70808,13.333333333333258,11.666666666667084,5.846666666666896,4.658333333333522,1.8310974487027518,1.7974694806346956,50,1.0,1.0,41983
rate3.0_s12,2.0,q8_a1.5_or,70809,13.266666666667334,11.466666666667493,5.7283333333335325,4.398333333333557,1.9746943808112438,1.8737671375585125,50,1.0,1.0,43557
rate3.0_s12,2.0,q8_a1.5_or,70810,16.799999999999983,9.666666666666643,6.698333333333547,4.0116666666668666,2.0273778431279013,1.7366883508236655,50,1.0,1.0,43610
rate3.0_s12,2.0,q8_a1.5_or,70811,14.599999999999852,9.666666666666643,6.816666666666769,4.0950000000001125,2.143109828166719,1.8518864235214851,50,1.0,1.0,43574
rate3.0_s12,2.0,q8_a1.5_or,70812,15.000000000000455,11.666666666667084,6.261666666666853,4.390000000000212,1.9854132523472956,1.8658244890947897,50,1.0,1.0,41909
rate3.0_s12,2.0,q8_a1.5_or,70813,14.133333333333297,10.666666666666686,5.873333333333535,4.258333333333554,1.9283819058385758,1.8636784039770977,50,1.0,1.0,44113
rate3.0_s12,2.0,q8_a1.5_or,70814,14.266666666666623,11.333333333333314,5.766666666666852,4.543333333333535,1.9867960596131766,1.8390370947435595,50,1.0,1.0,43304
rate3.0_s12,2.0,q8_a1.5_or,70815,13.533333333333644,11.000000000000227,6.18666666666683,4.443333333333518,2.035569547799189,1.817193078156599,50,1.0,1.0,42930
rate3.0_s12,2.0,q8_a1.5_or,70816,13.466666666667038,11.000000000000057,6.0983333333335,4.5583333333335565,2.0679029582294093,1.865565301008613,50,1.0,1.0,43491
rate3.0_s12,2.0,q8_a1.5_or,70817,13.666666666667084,10.533333333333871,6.171666666666739,3.9566666666668113,2.103672383781836,1.8235017381943854,50,1.0,1.0,43017
rate3.0_s12,2.0,q8_a1.5_or,70818,14.600000000000136,11.666666666666657,6.07833333333352,4.298333333333503,1.9655106536527605,1.8081046991342913,50,1.0,1.0,42235
rate3.0_s12,2.0,q8_a1.5_or,70819,15.266666666666723,10.333333333333357,6.6483333333335075,4.02833333333348,1.935751905929009,1.8134947118733535,50,1.0,1.0,43518
rate3.0_s12,2.0,q8_a1.5_or,70820,16.00000000000051,10.400000000000205,6.415000000000152,4.3450000000001365,1.9686128407894614,1.8279933349239068,50,1.0,1.0,42849
rate3.0_s12,2.0,q8_a1.5_or,70821,18.066666666666734,10.400000000000205,6.396666666666793,4.216666666666839,2.18937233319543,1.9528756359665944,50,1.0,1.0,42360
rate3.0_s12,2.0,q8_a1.5_or,70822,14.133333333333553,12.933333333333621,5.741666666666895,4.6000000000001915,1.9934174183900384,1.9433617194485653,50,1.0,1.0,43255
rate3.0_s12,2.0,q8_a1.5_or,70823,15.266666666666637,10.39999999999992,6.170000000000238,4.358333333333568,2.06309375746324,1.9353697762587871,50,1.0,1.0,43575
rate3.0_s12,2.0,q8_a1.5_or,70824,11.999999999999858,10.466666666666612,5.335000000000232,4.1666666666668295,1.8537189782284524,1.9195470727641963,50,1.0,1.0,43821
rate3.0_s12,2.0,q8_a1.5_or,70825,12.466666666667606,9.933333333333564,5.755000000000192,4.240000000000176,2.0566145835528418,1.997483796113516,50,1.0,1.0,43134
rate3.0_s12,2.0,q8_a1.5_or,70826,14.866666666667129,11.800000000000026,6.023333333333501,4.790000000000172,2.0265091147068763,1.9395672676256628,50,1.0,1.0,43165
rate3.0_s12,2.0,q8_a1.5_or,70827,15.133333333333724,10.99999999999983,5.966666666666855,4.296666666666882,1.971796497176068,1.7937276296145697,50,1.0,1.0,43594
rate3.0_s12,2.0,q8_a1.5_or,70828,15.799999999999955,9.600000000000705,6.531666666666852,3.8333333333334587,2.025591003168375,1.6554016393123205,50,1.0,1.0,43302
rate3.0_s12,2.0,q8_a1.5_or,70829,15.333333333333485,11.733333333333746,6.891666666666777,4.441666666666793,2.0553269342244906,1.8173308612329164,50,1.0,1.0,43137
rate3.0_s12,2.0,q8_a1.5_and,70800,15.666666666667084,12.400000000000233,6.213333333333555,5.288333333333616,1.8520230146485148,1.7933371999031127,23,0.8,1.0,43277
rate3.0_s12,2.0,q8_a1.5_and,70801,12.666666666666686,11.666666666666657,5.776666666666907,4.905000000000213,1.9705809541205823,1.9007640794315288,15,0.5,1.0,42519
rate3.0_s12,2.0,q8_a1.5_and,70802,12.466666666666526,11.0,5.575000000000191,4.600000000000214,1.9154721892927533,1.7815373703079844,20,0.8,1.0,43494
rate3.0_s12,2.0,q8_a1.5_and,70803,14.200000000000102,13.066666666667402,6.341666666666806,5.320000000000158,2.1407173298266198,1.9959156184692073,14,0.5,1.0,42432
rate3.0_s12,2.0,q8_a1.5_and,70804,14.333333333333599,13.466666666666647,6.691666666666842,5.515000000000167,2.0382353288921435,1.9254798171453846,19,0.7,1.0,43896
rate3.0_s12,2.0,q8_a1.5_and,70805,15.066666666666691,11.533333333333296,6.448333333333475,4.448333333333513,2.099024489224285,1.8487682339692237,21,0.8,1.0,44189
rate3.0_s12,2.0,q8_a1.5_and,70806,14.399999999999991,10.533333333333417,5.8000000000002165,4.6866666666668975,1.9184671666245474,1.8159418939405318,23,0.9,1.0,42865
rate3.0_s12,2.0,q8_a1.5_and,70807,13.666666666666657,13.666666666666657,5.660000000000205,5.471666666666861,1.9640034343504618,1.9268261177615829,17,0.7,1.0,42279
rate3.0_s12,2.0,q8_a1.5_and,70808,13.333333333333258,13.066666666666038,5.846666666666896,5.228333333333529,1.8310974487027518,1.7844988407425328,17,0.7,1.0,42894
rate3.0_s12,2.0,q8_a1.5_and,70809,13.266666666667334,12.933333333333678,5.7283333333335325,5.196666666666849,1.9746943808112438,1.8816537088873773,8,0.4,1.0,43070
rate3.0_s12,2.0,q8_a1.5_and,70810,16.799999999999983,13.400000000000546,6.698333333333547,5.2300000000001585,2.0273778431279013,1.9295489888389064,17,0.7,1.0,42258
rate3.0_s12,2.0,q8_a1.5_and,70811,14.599999999999852,10.333333333333314,6.816666666666769,4.623333333333482,2.143109828166719,1.8031239321413606,15,0.7,1.0,43069
rate3.0_s12,2.0,q8_a1.5_and,70812,15.000000000000455,11.20000000000067,6.261666666666853,4.736666666666882,1.9854132523472956,1.8435322240830547,23,0.9,1.0,42717
rate3.0_s12,2.0,q8_a1.5_and,70813,14.133333333333297,12.466666666667379,5.873333333333535,5.145000000000203,1.9283819058385758,1.8786324882989962,19,0.7,1.0,43978
rate3.0_s12,2.0,q8_a1.5_and,70814,14.266666666666623,11.39999999999992,5.766666666666852,4.91000000000023,1.9867960596131766,1.9166508990918294,20,0.8,1.0,42254
rate3.0_s12,2.0,q8_a1.5_and,70815,13.533333333333644,11.8666666666673,6.18666666666683,5.0150000000001915,2.035569547799189,1.861323074103945,17,0.7,1.0,44416
rate3.0_s12,2.0,q8_a1.5_and,70816,13.466666666667038,13.66666666666697,6.0983333333335,5.433333333333545,2.0679029582294093,1.9212517765153423,17,0.6,1.0,44508
rate3.0_s12,2.0,q8_a1.5_and,70817,13.666666666667084,12.26666666666631,6.171666666666739,5.206666666666817,2.103672383781836,1.878112337772698,17,0.6,1.0,42637
rate3.0_s12,2.0,q8_a1.5_and,70818,14.600000000000136,13.466666666666647,6.07833333333352,5.66500000000015,1.9655106536527605,1.8944826966886115,22,0.8,1.0,43224
rate3.0_s12,2.0,q8_a1.5_and,70819,15.266666666666723,12.666666666666544,6.6483333333335075,5.2350000000001895,1.935751905929009,1.8673776980927612,14,0.5,1.0,43202
rate3.0_s12,2.0,q8_a1.5_and,70820,16.00000000000051,12.666666666666544,6.415000000000152,4.956666666666743,1.9686128407894614,1.8359694602767322,9,0.4,1.0,42069
rate3.0_s12,2.0,q8_a1.5_and,70821,18.066666666666734,12.00000000000017,6.396666666666793,5.141666666666839,2.18937233319543,2.0030510395825574,20,0.8,1.0,43764
rate3.0_s12,2.0,q8_a1.5_and,70822,14.133333333333553,12.666666666666686,5.741666666666895,4.815000000000217,1.9934174183900384,1.8917996034056932,11,0.5,1.0,43701
rate3.0_s12,2.0,q8_a1.5_and,70823,15.266666666666637,15.266666666666637,6.170000000000238,5.520000000000275,2.06309375746324,1.9328835735292882,20,0.7,1.0,44103
rate3.0_s12,2.0,q8_a1.5_and,70824,11.999999999999858,12.866666666666902,5.335000000000232,4.991666666666893,1.8537189782284524,1.7887803941282288,15,0.6,1.0,44697
rate3.0_s12,2.0,q8_a1.5_and,70825,12.466666666667606,12.06666666666672,5.755000000000192,4.873333333333534,2.0566145835528418,1.873512096531236,10,0.5,1.0,42224
rate3.0_s12,2.0,q8_a1.5_and,70826,14.866666666667129,14.066666666666492,6.023333333333501,5.7633333333335495,2.0265091147068763,1.9866223701051027,14,0.6,1.0,43593
rate3.0_s12,2.0,q8_a1.5_and,70827,15.133333333333724,13.466666666666697,5.966666666666855,4.89833333333355,1.971796497176068,1.841319260433728,22,0.8,1.0,42648
rate3.0_s12,2.0,q8_a1.5_and,70828,15.799999999999955,12.333333333333314,6.531666666666852,5.306666666666817,2.025591003168375,1.944464637254334,22,0.8,1.0,42206
rate3.0_s12,2.0,q8_a1.5_and,70829,15.333333333333485,11.999999999999915,6.891666666666777,4.985000000000045,2.0553269342244906,1.8902838808454026,19,0.7,1.0,43491
