workload,penalty,config,seed,baseline_p95_wait,burst_aware_p95_wait,baseline_avg_wait,burst_aware_avg_wait,baseline_avg_slowdown,burst_aware_avg_slowdown,detector_fires,recall,precision,sched_cores_scanned
stacked_high,0.0,q2_a0.8_or,10200,24.666666666666664,14.533333333333346,11.128666666666636,6.470666666666628,2.138054911816673,1.6611312501531637,181,1.0,1.0,15044
stacked_high,0.0,q2_a0.8_or,10201,20.466666666666754,16.666666666666714,10.710666666666635,7.4146666666666325,1.9902050643265796,1.751331537466591,181,1.0,1.0,15260
stacked_high,0.0,q2_a0.8_or,10202,25.733333333333334,20.6,13.021666666666638,7.779666666666629,2.403210317616385,1.761150445708661,181,1.0,1.0,15139
stacked_high,0.0,q2_a0.8_or,10203,36.133333333333354,24.20000000000004,19.297666666666647,12.928666666666631,2.838922606696582,2.1760707906382573,181,1.0,1.0,13961
stacked_high,0.0,q2_a0.8_or,10204,26.46666666666667,22.399999999999807,12.011666666666635,9.62766666666663,2.2637981044467184,1.8813517177119246,181,1.0,1.0,13959
stacked_high,0.0,q2_a0.8_or,10205,25.733333333333448,20.80000000000001,12.587666666666642,9.988666666666642,2.1329873694417194,1.9396837711499877,181,1.0,1.0,14543
stacked_high,0.0,q2_a0.8_or,10206,23.533333333333367,16.933333333333344,10.828666666666637,7.159666666666629,2.1109179462373784,1.7940681971395045,180,1.0,1.0,14267
stacked_high,0.0,q2_a0.8_or,10207,18.333333333333414,17.53333333333336,8.729666666666631,8.92266666666663,1.8163270081370748,1.9302251968381785,181,1.0,1.0,13905
stacked_high,0.0,q2_a0.8_or,10208,27.133333333333326,16.73333333333337,13.850666666666639,7.9666666666666295,2.5353111075625296,1.9173444304388718,180,1.0,1.0,14667
stacked_high,0.0,q2_a0.8_or,10209,16.133333333333347,16.133333333333354,8.02666666666663,7.42066666666663,1.7340598318531593,1.7517181739314867,180,1.0,1.0,13986
stacked_high,0.0,q2_a0.8_or,10210,20.200000000000024,21.66666666666673,10.362666666666634,8.599666666666632,1.971002786680967,1.8223640225061595,181,1.0,1.0,14594
stacked_high,0.0,q2_a0.8_or,10211,29.533333333333353,28.066666666666713,13.140666666666641,10.585666666666633,2.4812513689057085,2.164499420956816,181,1.0,1.0,13636
stacked_high,0.0,q2_a0.8_or,10212,31.800000000000082,18.73333333333312,13.380666666666638,8.303666666666631,2.4088492565423993,1.8933399274373643,181,1.0,1.0,13652
stacked_high,0.0,q2_a0.8_or,10213,26.39999999999999,20.800000000000054,12.04566666666664,10.147666666666638,2.1844664405828826,1.96860964511676,180,1.0,1.0,13275
stacked_high,0.0,q2_a0.8_or,10214,23.066666666666734,18.06666666666667,9.924666666666631,8.058666666666632,1.8933134714148576,1.7649501054231687,181,1.0,1.0,15152
stacked_high,0.0,q2_a0.8_or,10215,16.466666666666697,22.133333333333375,8.487666666666634,10.329666666666638,1.836630882906181,2.161597143757787,180,1.0,1.0,13777
stacked_high,0.0,q2_a0.8_or,10216,29.866666666666703,23.466666666666676,12.59066666666664,10.77466666666664,2.2033801628651797,2.0810640980981137,181,1.0,1.0,14002
stacked_high,0.0,q2_a0.8_or,10217,18.46666666666667,15.866666666666674,8.744666666666632,8.229666666666631,1.8180222209203347,1.8115957308738393,181,1.0,1.0,14249
stacked_high,0.0,q2_a0.8_or,10218,15.06666666666667,13.266666666666708,7.092666666666629,5.630666666666631,1.6948395725962653,1.61509540733481,180,1.0,1.0,15466
stacked_high,0.0,q2_a0.8_or,10219,16.600000000000016,14.73333333333337,7.841666666666632,5.481666666666634,1.7273409886919437,1.4772514114212842,181,1.0,1.0,15585
stacked_high,0.0,q2_a0.8_or,10220,23.200000000000003,17.33333333333333,10.775666666666632,7.537666666666631,2.0241070129425665,1.6971646943120156,181,1.0,1.0,14944
stacked_high,0.0,q2_a0.8_or,10221,20.666666666666757,16.53333333333333,9.813666666666636,6.506666666666635,1.8360708347705832,1.5797581757170045,181,1.0,1.0,15003
stacked_high,0.0,q2_a0.8_or,10222,25.93333333333333,16.866666666666674,11.371666666666638,6.5786666666666305,2.048273361795125,1.6856635740371595,181,1.0,1.0,13371
stacked_high,0.0,q2_a0.8_or,10223,20.133333333333347,19.066666666666677,9.821666666666626,8.616666666666628,1.897469131982491,1.8070477957455648,182,1.0,1.0,14720
stacked_high,0.0,q2_a0.8_or,10224,25.40000000000002,18.06666666666672,12.542666666666644,8.264666666666633,2.256276283728371,1.799623230901378,181,1.0,1.0,14910
stacked_high,0.0,q2_a0.8_or,10225,31.933333333333373,22.400000000000063,14.752666666666636,11.330666666666634,2.4329645262323614,2.2777800530207046,181,1.0,1.0,13557
stacked_high,0.0,q2_a0.8_or,10226,37.5333333333334,21.133333333333375,15.318666666666655,9.885666666666634,2.7010300473659465,1.9784542239828604,181,1.0,1.0,13459
stacked_high,0.0,q2_a0.8_or,10227,34.066666666666684,24.333333333333336,12.22666666666664,10.146666666666642,2.374038471055524,2.3516710456959355,181,1.0,1.0,13742
stacked_high,0.0,q2_a0.8_or,10228,21.466666666666654,15.333333333333343,11.655666666666637,6.525666666666632,2.102255617055901,1.7071453931723903,180,1.0,1.0,15185
stacked_high,0.0,q2_a0.8_or,10229,26.533333333333402,20.333333333333336,11.026666666666637,8.537666666666631,2.089910677044225,1.863808613298277,181,1.0,1.0,13986
stacked_high,0.0,q2_a0.8_and,10200,24.666666666666664,17.800000000000004,11.128666666666636,6.8146666666666285,2.138054911816673,1.7461945150540017,175,1.0,1.0,14936
stacked_high,0.0,q2_a0.8_and,10201,20.466666666666754,21.400000000000027,10.710666666666635,9.854666666666635,1.9902050643265796,2.0346845785890846,175,1.0,1.0,14639
stacked_high,0.0,q2_a0.8_and,10202,25.733333333333334,18.800000000000004,13.021666666666638,8.402666666666631,2.403210317616385,1.795674031944466,167,1.0,1.0,15122
stacked_high,0.0,q2_a0.8_and,10203,36.133333333333354,29.066666666666663,19.297666666666647,14.037666666666642,2.838922606696582,2.682344727437488,158,1.0,1.0,13328
stacked_high,0.0,q2_a0.8_and,10204,26.46666666666667,25.00000000000007,12.011666666666635,12.242666666666636,2.2637981044467184,2.197855554307439,175,1.0,1.0,13174
stacked_high,0.0,q2_a0.8_and,10205,25.733333333333448,18.53333333333338,12.587666666666642,9.07266666666664,2.1329873694417194,1.8238224435105266,170,1.0,1.0,14272
stacked_high,0.0,q2_a0.8_and,10206,23.533333333333367,35.000000000000036,10.828666666666637,13.76966666666664,2.1109179462373784,2.5404561322547234,175,1.0,1.0,13267
stacked_high,0.0,q2_a0.8_and,10207,18.333333333333414,22.000000000000014,8.729666666666631,10.033666666666633,1.8163270081370748,2.085652691781279,175,1.0,1.0,13483
stacked_high,0.0,q2_a0.8_and,10208,27.133333333333326,20.799999999999997,13.850666666666639,8.827666666666623,2.5353111075625296,2.036201568825276,166,1.0,1.0,14087
stacked_high,0.0,q2_a0.8_and,10209,16.133333333333347,18.666666666666657,8.02666666666663,9.228666666666632,1.7340598318531593,2.0171685730889215,167,1.0,1.0,14055
stacked_high,0.0,q2_a0.8_and,10210,20.200000000000024,19.13333333333336,10.362666666666634,8.795666666666632,1.971002786680967,1.87634781643479,170,1.0,1.0,13797
stacked_high,0.0,q2_a0.8_and,10211,29.533333333333353,19.6,13.140666666666641,8.059666666666626,2.4812513689057085,1.8095218946123788,168,1.0,1.0,14812
stacked_high,0.0,q2_a0.8_and,10212,31.800000000000082,17.733333333333093,13.380666666666638,8.061666666666632,2.4088492565423993,1.8736632113154679,167,1.0,1.0,13517
stacked_high,0.0,q2_a0.8_and,10213,26.39999999999999,21.133333333333397,12.04566666666664,10.33066666666664,2.1844664405828826,2.0294225233819905,171,1.0,1.0,14066
stacked_high,0.0,q2_a0.8_and,10214,23.066666666666734,27.200000000000003,9.924666666666631,14.115666666666636,1.8933134714148576,2.3571148740691408,175,1.0,1.0,13184
stacked_high,0.0,q2_a0.8_and,10215,16.466666666666697,19.866666666666717,8.487666666666634,9.973666666666638,1.836630882906181,2.134602945784448,171,1.0,1.0,13808
stacked_high,0.0,q2_a0.8_and,10216,29.866666666666703,17.599999999999994,12.59066666666664,8.543666666666635,2.2033801628651797,1.9360301571656757,166,1.0,1.0,13470
stacked_high,0.0,q2_a0.8_and,10217,18.46666666666667,18.266666666666723,8.744666666666632,8.483666666666634,1.8180222209203347,1.924489051577442,168,1.0,1.0,14086
stacked_high,0.0,q2_a0.8_and,10218,15.06666666666667,24.333333333333364,7.092666666666629,9.518666666666638,1.6948395725962653,2.1198114453992956,167,1.0,1.0,13175
stacked_high,0.0,q2_a0.8_and,10219,16.600000000000016,20.20000000000006,7.841666666666632,8.845666666666638,1.7273409886919437,1.8470063005680226,175,1.0,1.0,14423
stacked_high,0.0,q2_a0.8_and,10220,23.200000000000003,30.000000000000057,10.775666666666632,11.686666666666635,2.0241070129425665,2.3291079861039417,175,1.0,1.0,13542
stacked_high,0.0,q2_a0.8_and,10221,20.666666666666757,14.733333333332979,9.813666666666636,6.813666666666627,1.8360708347705832,1.6485881079638605,166,1.0,1.0,15796
stacked_high,0.0,q2_a0.8_and,10222,25.93333333333333,16.13333333333334,11.371666666666638,6.808666666666627,2.048273361795125,1.7020417642646253,162,1.0,1.0,14217
stacked_high,0.0,q2_a0.8_and,10223,20.133333333333347,22.19999999999976,9.821666666666626,9.67066666666663,1.897469131982491,1.9648636439584188,165,1.0,1.0,13996
stacked_high,0.0,q2_a0.8_and,10224,25.40000000000002,18.466666666666676,12.542666666666644,8.13066666666663,2.256276283728371,1.7635562638055888,175,1.0,1.0,14346
stacked_high,0.0,q2_a0.8_and,10225,31.933333333333373,22.800000000000054,14.752666666666636,10.336666666666629,2.4329645262323614,2.0756453317619674,162,1.0,1.0,13364
stacked_high,0.0,q2_a0.8_and,10226,37.5333333333334,45.00000000000002,15.318666666666655,14.787666666666643,2.7010300473659465,2.688188197014318,168,1.0,1.0,13011
stacked_high,0.0,q2_a0.8_and,10227,34.066666666666684,20.800000000000033,12.22666666666664,8.963666666666633,2.374038471055524,1.977450865410806,175,1.0,1.0,14330
stacked_high,0.0,q2_a0.8_and,10228,21.466666666666654,18.866666666666667,11.655666666666637,8.211666666666634,2.102255617055901,1.860221185655747,165,1.0,1.0,14160
stacked_high,0.0,q2_a0.8_and,10229,26.533333333333402,18.533333333333402,11.026666666666637,7.508666666666633,2.089910677044225,1.8262944158360082,167,1.0,1.0,13615
stacked_high,0.0,q2_a1.5_or,10200,24.666666666666664,17.133333333333397,11.128666666666636,7.345666666666632,2.138054911816673,1.7536220596487062,173,1.0,1.0,15128
stacked_high,0.0,q2_a1.5_or,10201,20.466666666666754,21.400000000000027,10.710666666666635,9.903666666666634,1.9902050643265796,2.0339120901820174,177,1.0,1.0,14581
stacked_high,0.0,q2_a1.5_or,10202,25.733333333333334,22.200000000000024,13.021666666666638,8.737666666666632,2.403210317616385,1.853982874581655,173,1.0,1.0,14396
stacked_high,0.0,q2_a1.5_or,10203,36.133333333333354,27.800000000000047,19.297666666666647,14.222666666666644,2.838922606696582,2.6463844699903842,169,1.0,1.0,13308
stacked_high,0.0,q2_a1.5_or,10204,26.46666666666667,24.86666666666673,12.011666666666635,12.234666666666637,2.2637981044467184,2.1825211931773234,177,1.0,1.0,13155
stacked_high,0.0,q2_a1.5_or,10205,25.733333333333448,22.0,12.587666666666642,9.164666666666639,2.1329873694417194,1.8216853306186525,173,1.0,1.0,14437
stacked_high,0.0,q2_a1.5_or,10206,23.533333333333367,36.93333333333333,10.828666666666637,15.004666666666642,2.1109179462373784,2.690016880724337,177,1.0,1.0,13447
stacked_high,0.0,q2_a1.5_or,10207,18.333333333333414,22.400000000000006,8.729666666666631,10.731666666666632,1.8163270081370748,2.1751008062258235,173,1.0,1.0,13956
stacked_high,0.0,q2_a1.5_or,10208,27.133333333333326,21.999999999999993,13.850666666666639,9.514666666666626,2.5353111075625296,2.0347367826682397,177,1.0,1.0,14478
stacked_high,0.0,q2_a1.5_or,10209,16.133333333333347,18.666666666666657,8.02666666666663,9.228666666666632,1.7340598318531593,2.0171685730889215,171,1.0,1.0,14055
stacked_high,0.0,q2_a1.5_or,10210,20.200000000000024,19.13333333333336,10.362666666666634,8.775666666666632,1.971002786680967,1.8759898561249597,177,1.0,1.0,13775
stacked_high,0.0,q2_a1.5_or,10211,29.533333333333353,19.6,13.140666666666641,8.059666666666626,2.4812513689057085,1.8095218946123788,173,1.0,1.0,14812
stacked_high,0.0,q2_a1.5_or,10212,31.800000000000082,18.400000000000013,13.380666666666638,8.515666666666633,2.4088492565423993,1.8704895162876423,174,1.0,1.0,14199
stacked_high,0.0,q2_a1.5_or,10213,26.39999999999999,17.200000000000017,12.04566666666664,8.858666666666634,2.1844664405828826,1.8639855836449848,177,1.0,1.0,14148
stacked_high,0.0,q2_a1.5_or,10214,23.066666666666734,28.80000000000001,9.924666666666631,13.969666666666637,1.8933134714148576,2.3866481628432767,173,1.0,1.0,13047
stacked_high,0.0,q2_a1.5_or,10215,16.466666666666697,19.866666666666717,8.487666666666634,9.837666666666639,1.836630882906181,2.1281015964882566,174,1.0,1.0,13302
stacked_high,0.0,q2_a1.5_or,10216,29.866666666666703,16.933333333333337,12.59066666666664,8.414666666666635,2.2033801628651797,1.8791160178737554,174,1.0,1.0,14328
stacked_high,0.0,q2_a1.5_or,10217,18.46666666666667,18.266666666666723,8.744666666666632,8.483666666666634,1.8180222209203347,1.924489051577442,173,1.0,1.0,14086
stacked_high,0.0,q2_a1.5_or,10218,15.06666666666667,22.866666666666667,7.092666666666629,9.577666666666635,1.6948395725962653,2.05952700912501,177,1.0,1.0,13555
stacked_high,0.0,q2_a1.5_or,10219,16.600000000000016,22.200000000000074,7.841666666666632,8.926666666666636,1.7273409886919437,1.778679342575186,177,1.0,1.0,14797
stacked_high,0.0,q2_a1.5_or,10220,23.200000000000003,28.86666666666671,10.775666666666632,11.68566666666664,2.0241070129425665,2.2947292922729563,177,1.0,1.0,13575
stacked_high,0.0,q2_a1.5_or,10221,20.666666666666757,15.066666666666684,9.813666666666636,6.58766666666663,1.8360708347705832,1.6320641963091267,177,1.0,1.0,15763
stacked_high,0.0,q2_a1.5_or,10222,25.93333333333333,16.533333333333353,11.371666666666638,7.520666666666631,2.048273361795125,1.737589612051177,177,1.0,1.0,13790
stacked_high,0.0,q2_a1.5_or,10223,20.133333333333347,21.733333333333334,9.821666666666626,9.665666666666631,1.897469131982491,1.9293754129179368,175,1.0,1.0,13929
stacked_high,0.0,q2_a1.5_or,10224,25.40000000000002,18.20000000000004,12.542666666666644,8.059666666666631,2.256276283728371,1.8052304039938831,177,1.0,1.0,13835
stacked_high,0.0,q2_a1.5_or,10225,31.933333333333373,26.600000000000065,14.752666666666636,11.335666666666635,2.4329645262323614,2.149767166358509,173,1.0,1.0,13578
stacked_high,0.0,q2_a1.5_or,10226,37.5333333333334,33.53333333333339,15.318666666666655,14.785666666666646,2.7010300473659465,2.641255225056655,174,1.0,1.0,12791
stacked_high,0.0,q2_a1.5_or,10227,34.066666666666684,27.800000000000033,12.22666666666664,12.162666666666642,2.374038471055524,2.4123123918878973,176,1.0,1.0,13821
stacked_high,0.0,q2_a1.5_or,10228,21.466666666666654,18.866666666666667,11.655666666666637,8.227666666666634,2.102255617055901,1.8620885599075978,177,1.0,1.0,14052
stacked_high,0.0,q2_a1.5_or,10229,26.533333333333402,18.000000000000007,11.026666666666637,6.835666666666632,2.089910677044225,1.7107323820032996,173,1.0,1.0,13815
stacked_high,0.0,q2_a1.5_and,10200,24.666666666666664,16.600000000000044,11.128666666666636,6.67566666666663,2.138054911816673,1.743628538909574,139,1.0,1.0,14322
stacked_high,0.0,q2_a1.5_and,10201,20.466666666666754,15.200000000000038,10.710666666666635,6.914666666666632,1.9902050643265796,1.8020225440454327,150,1.0,1.0,14396
stacked_high,0.0,q2_a1.5_and,10202,25.733333333333334,28.866666666666696,13.021666666666638,12.443666666666642,2.403210317616385,2.4076352924871416,139,1.0,1.0,13336
stacked_high,0.0,q2_a1.5_and,10203,36.133333333333354,30.79999999999984,19.297666666666647,15.208666666666653,2.838922606696582,2.9070899910461496,147,1.0,1.0,12800
stacked_high,0.0,q2_a1.5_and,10204,26.46666666666667,18.40000000000005,12.011666666666635,8.912666666666631,2.2637981044467184,1.8729842491205377,144,1.0,1.0,13501
stacked_high,0.0,q2_a1.5_and,10205,25.733333333333448,13.200000000000031,12.587666666666642,6.28266666666663,2.1329873694417194,1.6369465467422952,146,1.0,1.0,14805
stacked_high,0.0,q2_a1.5_and,10206,23.533333333333367,16.33333333333335,10.828666666666637,7.137666666666627,2.1109179462373784,1.7380786496022662,145,1.0,1.0,15413
stacked_high,0.0,q2_a1.5_and,10207,18.333333333333414,16.000000000000007,8.729666666666631,6.54166666666663,1.8163270081370748,1.6672655357524508,148,1.0,1.0,14900
stacked_high,0.0,q2_a1.5_and,10208,27.133333333333326,16.60000000000005,13.850666666666639,7.387666666666625,2.5353111075625296,1.904840035129481,149,1.0,1.0,14779
stacked_high,0.0,q2_a1.5_and,10209,16.133333333333347,22.266666666666723,8.02666666666663,9.809666666666637,1.7340598318531593,2.052054970733055,150,1.0,1.0,14180
stacked_high,0.0,q2_a1.5_and,10210,20.200000000000024,21.400000000000013,10.362666666666634,8.578666666666637,1.971002786680967,1.8648328738565851,149,1.0,1.0,14840
stacked_high,0.0,q2_a1.5_and,10211,29.533333333333353,16.866666666666703,13.140666666666641,7.808666666666628,2.4812513689057085,1.887357636645509,151,1.0,1.0,14164
stacked_high,0.0,q2_a1.5_and,10212,31.800000000000082,17.666666666666686,13.380666666666638,8.92966666666663,2.4088492565423993,2.0139723929166995,151,1.0,1.0,13015
stacked_high,0.0,q2_a1.5_and,10213,26.39999999999999,20.4,12.04566666666664,9.416666666666634,2.1844664405828826,1.8650042281542758,150,1.0,1.0,14272
stacked_high,0.0,q2_a1.5_and,10214,23.066666666666734,21.46666666666667,9.924666666666631,9.495666666666637,1.8933134714148576,2.0424094316923704,151,1.0,1.0,14269
stacked_high,0.0,q2_a1.5_and,10215,16.466666666666697,24.33333333333333,8.487666666666634,9.092666666666641,1.836630882906181,2.1357179938331483,151,1.0,1.0,13846
stacked_high,0.0,q2_a1.5_and,10216,29.866666666666703,16.933333333333344,12.59066666666664,8.870666666666633,2.2033801628651797,1.8866368696270976,151,1.0,1.0,14418
stacked_high,0.0,q2_a1.5_and,10217,18.46666666666667,17.06666666666672,8.744666666666632,7.625666666666631,1.8180222209203347,1.7185867696956034,151,1.0,1.0,14469
stacked_high,0.0,q2_a1.5_and,10218,15.06666666666667,13.933333333333337,7.092666666666629,5.372666666666629,1.6948395725962653,1.5009215846816482,145,1.0,1.0,15531
stacked_high,0.0,q2_a1.5_and,10219,16.600000000000016,26.13333333333334,7.841666666666632,11.235666666666644,1.7273409886919437,2.1468401631565786,151,1.0,1.0,14113
stacked_high,0.0,q2_a1.5_and,10220,23.200000000000003,19.40000000000002,10.775666666666632,8.320666666666632,2.0241070129425665,1.8658199489710199,149,1.0,1.0,13884
stacked_high,0.0,q2_a1.5_and,10221,20.666666666666757,12.733333333333348,9.813666666666636,5.830666666666628,1.8360708347705832,1.6337206277784109,145,1.0,1.0,14711
stacked_high,0.0,q2_a1.5_and,10222,25.93333333333333,18.93333333333338,11.371666666666638,8.321666666666628,2.048273361795125,1.8197522836461726,144,1.0,1.0,13988
stacked_high,0.0,q2_a1.5_and,10223,20.133333333333347,16.133333333333347,9.821666666666626,7.0486666666666284,1.897469131982491,1.660840599878547,143,1.0,1.0,14674
stacked_high,0.0,q2_a1.5_and,10224,25.40000000000002,19.13333333333341,12.542666666666644,9.591666666666638,2.256276283728371,2.0854440041096605,151,1.0,1.0,13433
stacked_high,0.0,q2_a1.5_and,10225,31.933333333333373,31.533333333333353,14.752666666666636,14.868666666666641,2.4329645262323614,2.7584740212349037,145,1.0,1.0,13644
stacked_high,0.0,q2_a1.5_and,10226,37.5333333333334,21.133333333333375,15.318666666666655,9.531666666666634,2.7010300473659465,1.9843028206666478,144,1.0,1.0,13949
stacked_high,0.0,q2_a1.5_and,10227,34.066666666666684,21.800000000000026,12.22666666666664,8.434666666666635,2.374038471055524,2.0548987152702733,151,1.0,1.0,13669
stacked_high,0.0,q2_a1.5_and,10228,21.466666666666654,18.333333333333357,11.655666666666637,8.462666666666639,2.102255617055901,1.9083982139447033,151,1.0,1.0,14510
stacked_high,0.0,q2_a1.5_and,10229,26.533333333333402,15.6666666666667,11.026666666666637,8.254666666666632,2.089910677044225,1.8824964501439942,149,1.0,1.0,14420
stacked_high,0.0,q4_a0.8_or,10200,24.666666666666664,13.266666666666687,11.128666666666636,5.634666666666626,2.138054911816673,1.6152487843027183,179,1.0,1.0,15187
stacked_high,0.0,q4_a0.8_or,10201,20.466666666666754,16.666666666666714,10.710666666666635,7.4146666666666325,1.9902050643265796,1.751331537466591,179,1.0,1.0,15260
stacked_high,0.0,q4_a0.8_or,10202,25.733333333333334,20.200000000000024,13.021666666666638,7.586666666666625,2.403210317616385,1.7003443134442988,179,1.0,1.0,14782
stacked_high,0.0,q4_a0.8_or,10203,36.133333333333354,21.26666666666668,19.297666666666647,10.09666666666663,2.838922606696582,1.994200700673594,179,1.0,1.0,13748
stacked_high,0.0,q4_a0.8_or,10204,26.46666666666667,19.800000000000054,12.011666666666635,9.581666666666635,2.2637981044467184,1.8620569774576747,179,1.0,1.0,13988
stacked_high,0.0,q4_a0.8_or,10205,25.733333333333448,20.333333333333456,12.587666666666642,9.468666666666643,2.1329873694417194,1.9095046704788223,179,1.0,1.0,14504
stacked_high,0.0,q4_a0.8_or,10206,23.533333333333367,18.933333333333344,10.828666666666637,7.235666666666629,2.1109179462373784,1.810682054872264,179,1.0,1.0,14303
stacked_high,0.0,q4_a0.8_or,10207,18.333333333333414,16.133333333333347,8.729666666666631,7.808666666666627,1.8163270081370748,1.82764934591964,179,1.0,1.0,14217
stacked_high,0.0,q4_a0.8_or,10208,27.133333333333326,19.466666666666676,13.850666666666639,7.793666666666628,2.5353111075625296,1.9224063680867147,179,1.0,1.0,14390
stacked_high,0.0,q4_a0.8_or,10209,16.133333333333347,16.133333333333354,8.02666666666663,7.42066666666663,1.7340598318531593,1.7517181739314867,179,1.0,1.0,13986
stacked_high,0.0,q4_a0.8_or,10210,20.200000000000024,21.66666666666673,10.362666666666634,8.635666666666634,1.971002786680967,1.834912898343543,179,1.0,1.0,14521
stacked_high,0.0,q4_a0.8_or,10211,29.533333333333353,28.066666666666713,13.140666666666641,10.585666666666633,2.4812513689057085,2.164499420956816,179,1.0,1.0,13636
stacked_high,0.0,q4_a0.8_or,10212,31.800000000000082,18.466666666666704,13.380666666666638,8.055666666666628,2.4088492565423993,1.8756963207364603,179,1.0,1.0,13351
stacked_high,0.0,q4_a0.8_or,10213,26.39999999999999,20.800000000000054,12.04566666666664,10.147666666666638,2.1844664405828826,1.96860964511676,179,1.0,1.0,13275
stacked_high,0.0,q4_a0.8_or,10214,23.066666666666734,17.400000000000006,9.924666666666631,8.283666666666631,1.8933134714148576,1.7772945257482888,179,1.0,1.0,14894
stacked_high,0.0,q4_a0.8_or,10215,16.466666666666697,22.133333333333375,8.487666666666634,10.334666666666637,1.836630882906181,2.159489112179799,179,1.0,1.0,13704
stacked_high,0.0,q4_a0.8_or,10216,29.866666666666703,23.066666666666734,12.59066666666664,10.98966666666664,2.2033801628651797,2.0732600378759587,179,1.0,1.0,14129
stacked_high,0.0,q4_a0.8_or,10217,18.46666666666667,14.06666666666667,8.744666666666632,7.442666666666628,1.8180222209203347,1.7476084126621765,179,1.0,1.0,14591
stacked_high,0.0,q4_a0.8_or,10218,15.06666666666667,13.933333333333394,7.092666666666629,5.97966666666663,1.6948395725962653,1.665417807629416,179,1.0,1.0,15652
stacked_high,0.0,q4_a0.8_or,10219,16.600000000000016,13.39999999999958,7.841666666666632,4.858666666666631,1.7273409886919437,1.4340092857528737,179,1.0,1.0,15584
stacked_high,0.0,q4_a0.8_or,10220,23.200000000000003,17.33333333333333,10.775666666666632,6.999666666666631,2.0241070129425665,1.646955765358865,179,1.0,1.0,14440
stacked_high,0.0,q4_a0.8_or,10221,20.666666666666757,16.53333333333333,9.813666666666636,6.401666666666631,1.8360708347705832,1.56665348427976,179,1.0,1.0,15140
stacked_high,0.0,q4_a0.8_or,10222,25.93333333333333,16.33333333333335,11.371666666666638,6.486666666666631,2.048273361795125,1.6700848917261744,179,1.0,1.0,14294
stacked_high,0.0,q4_a0.8_or,10223,20.133333333333347,15.26666666666651,9.821666666666626,7.433666666666627,1.897469131982491,1.7322498969840148,179,1.0,1.0,14977
stacked_high,0.0,q4_a0.8_or,10224,25.40000000000002,17.800000000000082,12.542666666666644,7.912666666666627,2.256276283728371,1.7650260820800177,179,1.0,1.0,14483
stacked_high,0.0,q4_a0.8_or,10225,31.933333333333373,16.46666666666669,14.752666666666636,7.680666666666631,2.4329645262323614,1.8476952500767905,179,1.0,1.0,14109
stacked_high,0.0,q4_a0.8_or,10226,37.5333333333334,24.53333333333334,15.318666666666655,10.571666666666633,2.7010300473659465,2.0466455354866886,179,1.0,1.0,13491
stacked_high,0.0,q4_a0.8_or,10227,34.066666666666684,24.66666666666668,12.22666666666664,11.041666666666643,2.374038471055524,2.404266448094399,179,1.0,1.0,13878
stacked_high,0.0,q4_a0.8_or,10228,21.466666666666654,15.333333333333343,11.655666666666637,6.525666666666632,2.102255617055901,1.7071453931723903,179,1.0,1.0,15185
stacked_high,0.0,q4_a0.8_or,10229,26.533333333333402,19.400000000000006,11.026666666666637,8.57966666666663,2.089910677044225,1.8733905799915695,179,1.0,1.0,14356
stacked_high,0.0,q4_a0.8_and,10200,24.666666666666664,14.866666666666731,11.128666666666636,6.16866666666663,2.138054911816673,1.6910528013946506,146,1.0,1.0,14459
stacked_high,0.0,q4_a0.8_and,10201,20.466666666666754,17.86666666666668,10.710666666666635,8.329666666666636,1.9902050643265796,1.84128986728767,158,1.0,1.0,14618
stacked_high,0.0,q4_a0.8_and,10202,25.733333333333334,18.800000000000004,13.021666666666638,9.034666666666629,2.403210317616385,1.9125082696029603,161,1.0,1.0,14297
stacked_high,0.0,q4_a0.8_and,10203,36.133333333333354,35.20000000000001,19.297666666666647,15.349666666666646,2.838922606696582,2.8653491564201787,136,0.8571428571428571,1.0,12772
stacked_high,0.0,q4_a0.8_and,10204,26.46666666666667,27.466666666666725,12.011666666666635,12.602666666666634,2.2637981044467184,2.1883073478954547,160,1.0,1.0,13432
stacked_high,0.0,q4_a0.8_and,10205,25.733333333333448,22.133333333333383,12.587666666666642,8.59066666666664,2.1329873694417194,1.8465671033865774,164,1.0,1.0,14375
stacked_high,0.0,q4_a0.8_and,10206,23.533333333333367,36.200000000000024,10.828666666666637,15.028666666666643,2.1109179462373784,2.8842169809014773,161,1.0,1.0,13228
stacked_high,0.0,q4_a0.8_and,10207,18.333333333333414,24.866666666666696,8.729666666666631,10.406666666666633,1.8163270081370748,2.1694054381382464,160,1.0,1.0,13481
stacked_high,0.0,q4_a0.8_and,10208,27.133333333333326,23.733333333333363,13.850666666666639,9.779666666666627,2.5353111075625296,2.0929251162223994,158,1.0,1.0,13813
stacked_high,0.0,q4_a0.8_and,10209,16.133333333333347,20.800000000000054,8.02666666666663,9.521666666666633,1.7340598318531593,2.0789169700931147,156,1.0,1.0,14148
stacked_high,0.0,q4_a0.8_and,10210,20.200000000000024,20.80000000000002,10.362666666666634,9.101666666666633,1.971002786680967,1.9010968977383678,163,1.0,1.0,14166
stacked_high,0.0,q4_a0.8_and,10211,29.533333333333353,17.333333333333336,13.140666666666641,6.549666666666626,2.4812513689057085,1.7016332015690707,137,1.0,1.0,14767
stacked_high,0.0,q4_a0.8_and,10212,31.800000000000082,17.73333333333334,13.380666666666638,8.320666666666629,2.4088492565423993,1.8767245173917693,151,1.0,1.0,13695
stacked_high,0.0,q4_a0.8_and,10213,26.39999999999999,19.80000000000004,12.04566666666664,9.537666666666638,2.1844664405828826,1.9856397343292826,158,1.0,1.0,13990
stacked_high,0.0,q4_a0.8_and,10214,23.066666666666734,23.600000000000065,9.924666666666631,11.619666666666634,1.8933134714148576,2.218188676907345,160,1.0,1.0,13981
stacked_high,0.0,q4_a0.8_and,10215,16.466666666666697,22.6,8.487666666666634,10.53066666666664,1.836630882906181,2.165701799135569,162,1.0,1.0,14094
stacked_high,0.0,q4_a0.8_and,10216,29.866666666666703,17.80000000000001,12.59066666666664,9.404666666666639,2.2033801628651797,1.9484609079028967,159,1.0,1.0,14056
stacked_high,0.0,q4_a0.8_and,10217,18.46666666666667,22.333333333333364,8.744666666666632,8.688666666666633,1.8180222209203347,1.9215322153193641,154,1.0,1.0,14103
stacked_high,0.0,q4_a0.8_and,10218,15.06666666666667,23.533333333333367,7.092666666666629,9.931666666666636,1.6948395725962653,2.102882749694343,160,1.0,1.0,13573
stacked_high,0.0,q4_a0.8_and,10219,16.600000000000016,19.600000000000016,7.841666666666632,8.76966666666664,1.7273409886919437,1.887828544971272,160,1.0,1.0,14098
stacked_high,0.0,q4_a0.8_and,10220,23.200000000000003,19.80000000000002,10.775666666666632,8.469666666666631,2.0241070129425665,1.8872796212875549,155,1.0,1.0,13987
stacked_high,0.0,q4_a0.8_and,10221,20.666666666666757,19.13333333333324,9.813666666666636,7.48466666666663,1.8360708347705832,1.665082352422051,148,1.0,1.0,16324
stacked_high,0.0,q4_a0.8_and,10222,25.93333333333333,17.53333333333336,11.371666666666638,7.079666666666629,2.048273361795125,1.7079240334809374,151,1.0,1.0,14392
stacked_high,0.0,q4_a0.8_and,10223,20.133333333333347,16.200000000000024,9.821666666666626,7.77766666666663,1.897469131982491,1.792469008590115,143,1.0,1.0,14238
stacked_high,0.0,q4_a0.8_and,10224,25.40000000000002,16.266666666666723,12.542666666666644,7.9036666666666315,2.256276283728371,1.775990541566873,150,1.0,1.0,14140
stacked_high,0.0,q4_a0.8_and,10225,31.933333333333373,18.933333333333394,14.752666666666636,9.486666666666629,2.4329645262323614,2.009640652326423,136,1.0,1.0,13697
stacked_high,0.0,q4_a0.8_and,10226,37.5333333333334,37.13333333333336,15.318666666666655,14.584666666666642,2.7010300473659465,2.499998100728935,148,1.0,1.0,13000
stacked_high,0.0,q4_a0.8_and,10227,34.066666666666684,23.40000000000004,12.22666666666664,8.833666666666632,2.374038471055524,1.9300204401830379,155,1.0,1.0,14468
stacked_high,0.0,q4_a0.8_and,10228,21.466666666666654,16.933333333333394,11.655666666666637,7.830666666666634,2.102255617055901,1.8165293208316902,150,1.0,1.0,14933
stacked_high,0.0,q4_a0.8_and,10229,26.533333333333402,16.4,11.026666666666637,7.771666666666632,2.089910677044225,1.779898711841693,155,1.0,1.0,14061
stacked_high,0.0,q4_a1.5_or,10200,24.666666666666664,14.866666666666731,11.128666666666636,6.19666666666663,2.138054911816673,1.7084567807961293,164,1.0,1.0,14895
stacked_high,0.0,q4_a1.5_or,10201,20.466666666666754,17.86666666666668,10.710666666666635,8.329666666666636,1.9902050643265796,1.84128986728767,164,1.0,1.0,14618
stacked_high,0.0,q4_a1.5_or,10202,25.733333333333334,18.800000000000004,13.021666666666638,9.034666666666629,2.403210317616385,1.9125082696029603,164,1.0,1.0,14297
stacked_high,0.0,q4_a1.5_or,10203,36.133333333333354,35.20000000000001,19.297666666666647,15.349666666666646,2.838922606696582,2.8653491564201787,159,1.0,1.0,12920
stacked_high,0.0,q4_a1.5_or,10204,26.46666666666667,27.466666666666725,12.011666666666635,12.602666666666634,2.2637981044467184,2.1883073478954547,164,1.0,1.0,13432
stacked_high,0.0,q4_a1.5_or,10205,25.733333333333448,22.133333333333383,12.587666666666642,8.59066666666664,2.1329873694417194,1.8465671033865774,164,1.0,1.0,14375
stacked_high,0.0,q4_a1.5_or,10206,23.533333333333367,36.200000000000024,10.828666666666637,15.028666666666643,2.1109179462373784,2.8842169809014773,161,1.0,1.0,13228
stacked_high,0.0,q4_a1.5_or,10207,18.333333333333414,25.733333333333334,8.729666666666631,10.172666666666634,1.8163270081370748,2.162189387322433,159,1.0,1.0,13866
stacked_high,0.0,q4_a1.5_or,10208,27.133333333333326,23.733333333333363,13.850666666666639,9.774666666666626,2.5353111075625296,2.092626954150553,163,1.0,1.0,13896
stacked_high,0.0,q4_a1.5_or,10209,16.133333333333347,20.800000000000054,8.02666666666663,9.521666666666633,1.7340598318531593,2.0789169700931147,161,1.0,1.0,14148
stacked_high,0.0,q4_a1.5_or,10210,20.200000000000024,20.80000000000002,10.362666666666634,9.101666666666633,1.971002786680967,1.9010968977383678,164,1.0,1.0,14166
stacked_high,0.0,q4_a1.5_or,10211,29.533333333333353,17.400000000000006,13.140666666666641,6.627666666666628,2.4812513689057085,1.7045503349038083,162,1.0,1.0,14698
stacked_high,0.0,q4_a1.5_or,10212,31.800000000000082,17.200000000000017,13.380666666666638,8.31466666666663,2.4088492565423993,1.8910689597223789,162,1.0,1.0,13331
stacked_high,0.0,q4_a1.5_or,10213,26.39999999999999,19.80000000000004,12.04566666666664,9.537666666666638,2.1844664405828826,1.9856397343292826,164,1.0,1.0,13990
stacked_high,0.0,q4_a1.5_or,10214,23.066666666666734,23.600000000000065,9.924666666666631,11.619666666666634,1.8933134714148576,2.218188676907345,163,1.0,1.0,13981
stacked_high,0.0,q4_a1.5_or,10215,16.466666666666697,22.6,8.487666666666634,10.53066666666664,1.836630882906181,2.165701799135569,164,1.0,1.0,14094
stacked_high,0.0,q4_a1.5_or,10216,29.866666666666703,17.80000000000001,12.59066666666664,9.404666666666639,2.2033801628651797,1.9484609079028967,164,1.0,1.0,14056
stacked_high,0.0,q4_a1.5_or,10217,18.46666666666667,18.600000000000023,8.744666666666632,8.883666666666635,1.8180222209203347,1.9381270560520614,162,1.0,1.0,14613
stacked_high,0.0,q4_a1.5_or,10218,15.06666666666667,25.466666666666647,7.092666666666629,9.867666666666636,1.6948395725962653,2.1108947786400947,162,1.0,1.0,14043
stacked_high,0.0,q4_a1.5_or,10219,16.600000000000016,19.600000000000016,7.841666666666632,8.76966666666664,1.7273409886919437,1.887828544971272,164,1.0,1.0,14098
stacked_high,0.0,q4_a1.5_or,10220,23.200000000000003,19.80000000000002,10.775666666666632,8.469666666666631,2.0241070129425665,1.8872796212875549,164,1.0,1.0,13987
stacked_high,0.0,q4_a1.5_or,10221,20.666666666666757,19.13333333333324,9.813666666666636,7.48466666666663,1.8360708347705832,1.665082352422051,161,1.0,1.0,16324
stacked_high,0.0,q4_a1.5_or,10222,25.93333333333333,17.53333333333336,11.371666666666638,7.079666666666629,2.048273361795125,1.7079240334809374,164,1.0,1.0,14392
stacked_high,0.0,q4_a1.5_or,10223,20.133333333333347,16.200000000000024,9.821666666666626,7.77766666666663,1.897469131982491,1.792469008590115,164,1.0,1.0,14238
stacked_high,0.0,q4_a1.5_or,10224,25.40000000000002,16.266666666666723,12.542666666666644,7.917666666666633,2.256276283728371,1.770808345076282,160,1.0,1.0,14218
stacked_high,0.0,q4_a1.5_or,10225,31.933333333333373,18.53333333333334,14.752666666666636,9.370666666666631,2.4329645262323614,2.006419337674972,164,1.0,1.0,14172
stacked_high,0.0,q4_a1.5_or,10226,37.5333333333334,37.13333333333336,15.318666666666655,14.589666666666641,2.7010300473659465,2.5005087170795735,163,1.0,1.0,12868
stacked_high,0.0,q4_a1.5_or,10227,34.066666666666684,23.40000000000004,12.22666666666664,8.833666666666632,2.374038471055524,1.9300204401830379,164,1.0,1.0,14468
stacked_high,0.0,q4_a1.5_or,10228,21.466666666666654,16.933333333333394,11.655666666666637,7.830666666666634,2.102255617055901,1.8165293208316902,164,1.0,1.0,14933
stacked_high,0.0,q4_a1.5_or,10229,26.533333333333402,16.4,11.026666666666637,7.771666666666632,2.089910677044225,1.779898711841693,161,1.0,1.0,14061
stacked_high,0.0,q4_a1.5_and,10200,24.666666666666664,16.600000000000044,11.128666666666636,6.67566666666663,2.138054911816673,1.743628538909574,129,1.0,1.0,14322
stacked_high,0.0,q4_a1.5_and,10201,20.466666666666754,15.200000000000038,10.710666666666635,6.914666666666632,1.9902050643265796,1.8020225440454327,135,1.0,1.0,14248
stacked_high,0.0,q4_a1.5_and,10202,25.733333333333334,28.866666666666696,13.021666666666638,12.443666666666642,2.403210317616385,2.4076352924871416,136,1.0,1.0,13336
stacked_high,0.0,q4_a1.5_and,10203,36.133333333333354,31.466666666666725,19.297666666666647,14.961666666666652,2.838922606696582,2.8612915783511057,134,1.0,1.0,12778
stacked_high,0.0,q4_a1.5_and,10204,26.46666666666667,18.40000000000005,12.011666666666635,8.912666666666631,2.2637981044467184,1.8729842491205377,137,1.0,1.0,13501
stacked_high,0.0,q4_a1.5_and,10205,25.733333333333448,13.200000000000031,12.587666666666642,6.28266666666663,2.1329873694417194,1.6369465467422952,138,1.0,1.0,14805
stacked_high,0.0,q4_a1.5_and,10206,23.533333333333367,16.33333333333335,10.828666666666637,7.197666666666629,2.1109179462373784,1.7336745178948438,142,1.0,1.0,15589
stacked_high,0.0,q4_a1.5_and,10207,18.333333333333414,16.000000000000007,8.729666666666631,6.54166666666663,1.8163270081370748,1.6672655357524508,145,1.0,1.0,14900
stacked_high,0.0,q4_a1.5_and,10208,27.133333333333326,16.60000000000005,13.850666666666639,7.387666666666625,2.5353111075625296,1.904840035129481,144,1.0,1.0,14779
stacked_high,0.0,q4_a1.5_and,10209,16.133333333333347,22.53333333333339,8.02666666666663,10.396666666666638,1.7340598318531593,2.1260304330291317,148,1.0,1.0,13249
stacked_high,0.0,q4_a1.5_and,10210,20.200000000000024,21.60000000000005,10.362666666666634,8.571666666666635,1.971002786680967,1.8721112833774358,143,1.0,1.0,14338
stacked_high,0.0,q4_a1.5_and,10211,29.533333333333353,16.866666666666703,13.140666666666641,7.822666666666628,2.4812513689057085,1.8873465529016664,139,1.0,1.0,14230
stacked_high,0.0,q4_a1.5_and,10212,31.800000000000082,17.666666666666686,13.380666666666638,8.92966666666663,2.4088492565423993,2.0139723929166995,148,1.0,1.0,13015
stacked_high,0.0,q4_a1.5_and,10213,26.39999999999999,20.4,12.04566666666664,9.416666666666634,2.1844664405828826,1.8650042281542758,150,1.0,1.0,14272
stacked_high,0.0,q4_a1.5_and,10214,23.066666666666734,18.600000000000065,9.924666666666631,9.029666666666634,1.8933134714148576,1.9977638778806526,145,1.0,1.0,13583
stacked_high,0.0,q4_a1.5_and,10215,16.466666666666697,16.33333333333335,8.487666666666634,7.8406666666666345,1.836630882906181,1.8275056874184217,141,1.0,1.0,14839
stacked_high,0.0,q4_a1.5_and,10216,29.866666666666703,16.933333333333344,12.59066666666664,8.870666666666633,2.2033801628651797,1.8866368696270976,148,1.0,1.0,14418
stacked_high,0.0,q4_a1.5_and,10217,18.46666666666667,17.06666666666672,8.744666666666632,7.62866666666663,1.8180222209203347,1.7228545278383618,146,1.0,1.0,14511
stacked_high,0.0,q4_a1.5_and,10218,15.06666666666667,13.999999999999886,7.092666666666629,6.0786666666666305,1.6948395725962653,1.5571319974518538,141,1.0,1.0,15045
stacked_high,0.0,q4_a1.5_and,10219,16.600000000000016,23.86666666666673,7.841666666666632,12.01166666666664,1.7273409886919437,2.240141152394674,149,1.0,1.0,14585
stacked_high,0.0,q4_a1.5_and,10220,23.200000000000003,19.40000000000002,10.775666666666632,8.320666666666632,2.0241070129425665,1.8658199489710199,146,1.0,1.0,13884
stacked_high,0.0,q4_a1.5_and,10221,20.666666666666757,15.19999999999962,9.813666666666636,6.51466666666663,1.8360708347705832,1.662688087356154,133,1.0,1.0,14831
stacked_high,0.0,q4_a1.5_and,10222,25.93333333333333,18.93333333333338,11.371666666666638,8.327666666666628,2.048273361795125,1.8193352231193083,138,1.0,1.0,13973
stacked_high,0.0,q4_a1.5_and,10223,20.133333333333347,16.133333333333347,9.821666666666626,7.017666666666628,1.897469131982491,1.6591047418076508,130,1.0,1.0,14412
stacked_high,0.0,q4_a1.5_and,10224,25.40000000000002,19.13333333333341,12.542666666666644,9.591666666666638,2.256276283728371,2.0854440041096605,144,1.0,1.0,13433
stacked_high,0.0,q4_a1.5_and,10225,31.933333333333373,31.533333333333353,14.752666666666636,14.868666666666641,2.4329645262323614,2.7584740212349037,138,1.0,1.0,13644
stacked_high,0.0,q4_a1.5_and,10226,37.5333333333334,21.133333333333375,15.318666666666655,9.531666666666634,2.7010300473659465,1.9843028206666478,141,1.0,1.0,13949
stacked_high,0.0,q4_a1.5_and,10227,34.066666666666684,21.800000000000026,12.22666666666664,8.434666666666635,2.374038471055524,2.0548987152702733,141,1.0,1.0,13669
stacked_high,0.0,q4_a1.5_and,10228,21.466666666666654,18.333333333333357,11.655666666666637,8.462666666666639,2.102255617055901,1.9083982139447033,146,1.0,1.0,14510
stacked_high,0.0,q4_a1.5_and,10229,26.533333333333402,15.6666666666667,11.026666666666637,8.254666666666632,2.089910677044225,1.8824964501439942,144,1.0,1.0,14420
stacked_high,0.0,q8_a0.8_or,10200,24.666666666666664,13.266666666666687,11.128666666666636,5.634666666666626,2.138054911816673,1.6152487843027183,179,1.0,1.0,15187
stacked_high,0.0,q8_a0.8_or,10201,20.466666666666754,16.666666666666714,10.710666666666635,7.4146666666666325,1.9902050643265796,1.751331537466591,179,1.0,1.0,15260
stacked_high,0.0,q8_a0.8_or,10202,25.733333333333334,20.200000000000024,13.021666666666638,7.586666666666625,2.403210317616385,1.7003443134442988,179,1.0,1.0,14782
stacked_high,0.0,q8_a0.8_or,10203,36.133333333333354,21.26666666666668,19.297666666666647,10.09666666666663,2.838922606696582,1.994200700673594,179,1.0,1.0,13748
stacked_high,0.0,q8_a0.8_or,10204,26.46666666666667,19.800000000000054,12.011666666666635,9.581666666666635,2.2637981044467184,1.8620569774576747,179,1.0,1.0,13988
stacked_high,0.0,q8_a0.8_or,10205,25.733333333333448,20.333333333333456,12.587666666666642,9.468666666666643,2.1329873694417194,1.9095046704788223,179,1.0,1.0,14504
stacked_high,0.0,q8_a0.8_or,10206,23.533333333333367,18.933333333333344,10.828666666666637,7.235666666666629,2.1109179462373784,1.810682054872264,179,1.0,1.0,14303
stacked_high,0.0,q8_a0.8_or,10207,18.333333333333414,16.133333333333347,8.729666666666631,7.808666666666627,1.8163270081370748,1.82764934591964,179,1.0,1.0,14217
stacked_high,0.0,q8_a0.8_or,10208,27.133333333333326,19.466666666666676,13.850666666666639,7.793666666666628,2.5353111075625296,1.9224063680867147,179,1.0,1.0,14390
stacked_high,0.0,q8_a0.8_or,10209,16.133333333333347,16.133333333333354,8.02666666666663,7.42066666666663,1.7340598318531593,1.7517181739314867,179,1.0,1.0,13986
stacked_high,0.0,q8_a0.8_or,10210,20.200000000000024,21.66666666666673,10.362666666666634,8.635666666666634,1.971002786680967,1.834912898343543,179,1.0,1.0,14521
stacked_high,0.0,q8_a0.8_or,10211,29.533333333333353,28.066666666666713,13.140666666666641,10.585666666666633,2.4812513689057085,2.164499420956816,179,1.0,1.0,13636
stacked_high,0.0,q8_a0.8_or,10212,31.800000000000082,18.466666666666704,13.380666666666638,8.055666666666628,2.4088492565423993,1.8756963207364603,179,1.0,1.0,13351
stacked_high,0.0,q8_a0.8_or,10213,26.39999999999999,20.800000000000054,12.04566666666664,10.147666666666638,2.1844664405828826,1.96860964511676,179,1.0,1.0,13275
stacked_high,0.0,q8_a0.8_or,10214,23.066666666666734,17.400000000000006,9.924666666666631,8.283666666666631,1.8933134714148576,1.7772945257482888,179,1.0,1.0,14894
stacked_high,0.0,q8_a0.8_or,10215,16.466666666666697,22.133333333333375,8.487666666666634,10.334666666666637,1.836630882906181,2.159489112179799,179,1.0,1.0,13704
stacked_high,0.0,q8_a0.8_or,10216,29.866666666666703,23.066666666666734,12.59066666666664,10.98966666666664,2.2033801628651797,2.0732600378759587,179,1.0,1.0,14129
stacked_high,0.0,q8_a0.8_or,10217,18.46666666666667,14.06666666666667,8.744666666666632,7.442666666666628,1.8180222209203347,1.7476084126621765,179,1.0,1.0,14591
stacked_high,0.0,q8_a0.8_or,10218,15.06666666666667,13.933333333333394,7.092666666666629,5.97966666666663,1.6948395725962653,1.665417807629416,179,1.0,1.0,15652
stacked_high,0.0,q8_a0.8_or,10219,16.600000000000016,13.39999999999958,7.841666666666632,4.858666666666631,1.7273409886919437,1.4340092857528737,179,1.0,1.0,15584
stacked_high,0.0,q8_a0.8_or,10220,23.200000000000003,17.33333333333333,10.775666666666632,6.999666666666631,2.0241070129425665,1.646955765358865,179,1.0,1.0,14440
stacked_high,0.0,q8_a0.8_or,10221,20.666666666666757,16.53333333333333,9.813666666666636,6.401666666666631,1.8360708347705832,1.56665348427976,179,1.0,1.0,15140
stacked_high,0.0,q8_a0.8_or,10222,25.93333333333333,16.33333333333335,11.371666666666638,6.486666666666631,2.048273361795125,1.6700848917261744,179,1.0,1.0,14294
stacked_high,0.0,q8_a0.8_or,10223,20.133333333333347,15.26666666666651,9.821666666666626,7.433666666666627,1.897469131982491,1.7322498969840148,179,1.0,1.0,14977
stacked_high,0.0,q8_a0.8_or,10224,25.40000000000002,17.800000000000082,12.542666666666644,7.912666666666627,2.256276283728371,1.7650260820800177,179,1.0,1.0,14483
stacked_high,0.0,q8_a0.8_or,10225,31.933333333333373,16.46666666666669,14.752666666666636,7.680666666666631,2.4329645262323614,1.8476952500767905,179,1.0,1.0,14109
stacked_high,0.0,q8_a0.8_or,10226,37.5333333333334,24.53333333333334,15.318666666666655,10.571666666666633,2.7010300473659465,2.0466455354866886,179,1.0,1.0,13491
stacked_high,0.0,q8_a0.8_or,10227,34.066666666666684,24.66666666666668,12.22666666666664,11.041666666666643,2.374038471055524,2.404266448094399,179,1.0,1.0,13878
stacked_high,0.0,q8_a0.8_or,10228,21.466666666666654,15.333333333333343,11.655666666666637,6.525666666666632,2.102255617055901,1.7071453931723903,179,1.0,1.0,15185
stacked_high,0.0,q8_a0.8_or,10229,26.533333333333402,19.400000000000006,11.026666666666637,8.57966666666663,2.089910677044225,1.8733905799915695,179,1.0,1.0,14356
stacked_high,0.0,q8_a0.8_and,10200,24.666666666666664,14.200000000000024,11.128666666666636,5.904666666666627,2.138054911816673,1.5970307214512534,95,1.0,1.0,14796
stacked_high,0.0,q8_a0.8_and,10201,20.466666666666754,21.80000000000001,10.710666666666635,8.901666666666637,1.9902050643265796,2.0020067485296416,111,1.0,1.0,13737
stacked_high,0.0,q8_a0.8_and,10202,25.733333333333334,28.86666666666668,13.021666666666638,12.042666666666639,2.403210317616385,2.3426157853577916,123,1.0,1.0,13082
stacked_high,0.0,q8_a0.8_and,10203,36.133333333333354,25.93333333333336,19.297666666666647,13.581666666666639,2.838922606696582,2.373169670908637,104,1.0,1.0,13539
stacked_high,0.0,q8_a0.8_and,10204,26.46666666666667,26.53333333333339,12.011666666666635,12.473666666666634,2.2637981044467184,2.2658445203218043,116,1.0,1.0,12998
stacked_high,0.0,q8_a0.8_and,10205,25.733333333333448,16.800000000000004,12.587666666666642,8.575666666666631,2.1329873694417194,1.826051426832209,116,1.0,1.0,14630
stacked_high,0.0,q8_a0.8_and,10206,23.533333333333367,26.60000000000003,10.828666666666637,12.37466666666664,2.1109179462373784,2.4885450045637385,123,1.0,1.0,13159
stacked_high,0.0,q8_a0.8_and,10207,18.333333333333414,21.06666666666667,8.729666666666631,8.152666666666631,1.8163270081370748,1.8593545222736518,111,1.0,1.0,13370
stacked_high,0.0,q8_a0.8_and,10208,27.133333333333326,23.333333333333393,13.850666666666639,10.93866666666663,2.5353111075625296,2.1459627676990185,97,1.0,1.0,13763
stacked_high,0.0,q8_a0.8_and,10209,16.133333333333347,21.73333333333334,8.02666666666663,10.366666666666632,1.7340598318531593,2.108868006071715,119,1.0,1.0,13392
stacked_high,0.0,q8_a0.8_and,10210,20.200000000000024,21.86666666666668,10.362666666666634,10.456666666666635,1.971002786680967,2.092006384416157,116,1.0,1.0,12963
stacked_high,0.0,q8_a0.8_and,10211,29.533333333333353,16.80000000000002,13.140666666666641,7.817666666666629,2.4812513689057085,1.8261818719136635,110,1.0,1.0,14312
stacked_high,0.0,q8_a0.8_and,10212,31.800000000000082,25.06666666666669,13.380666666666638,10.487666666666634,2.4088492565423993,2.0517396069744636,116,1.0,1.0,13038
stacked_high,0.0,q8_a0.8_and,10213,26.39999999999999,20.933333333333344,12.04566666666664,10.244666666666635,2.1844664405828826,1.952131410999571,123,1.0,1.0,14227
stacked_high,0.0,q8_a0.8_and,10214,23.066666666666734,21.13333333333334,9.924666666666631,10.250666666666637,1.8933134714148576,2.04908174268722,112,1.0,1.0,13491
stacked_high,0.0,q8_a0.8_and,10215,16.466666666666697,17.26666666666668,8.487666666666634,7.659666666666632,1.836630882906181,1.7628566905308984,107,1.0,1.0,14622
stacked_high,0.0,q8_a0.8_and,10216,29.866666666666703,21.86666666666673,12.59066666666664,10.779666666666637,2.2033801628651797,2.012308532683556,131,1.0,1.0,13778
stacked_high,0.0,q8_a0.8_and,10217,18.46666666666667,15.866666666666688,8.744666666666632,7.820666666666626,1.8180222209203347,1.739484120738661,117,1.0,1.0,14503
stacked_high,0.0,q8_a0.8_and,10218,15.06666666666667,13.933333333333358,7.092666666666629,6.6916666666666265,1.6948395725962653,1.7330460134082688,99,1.0,1.0,14185
stacked_high,0.0,q8_a0.8_and,10219,16.600000000000016,22.000000000000007,7.841666666666632,9.870666666666638,1.7273409886919437,2.057161186807125,112,1.0,1.0,13595
stacked_high,0.0,q8_a0.8_and,10220,23.200000000000003,20.200000000000074,10.775666666666632,8.39966666666663,2.0241070129425665,1.821417712368735,110,1.0,1.0,13438
stacked_high,0.0,q8_a0.8_and,10221,20.666666666666757,16.86666666666659,9.813666666666636,6.425666666666632,1.8360708347705832,1.5769569856820291,98,1.0,1.0,15594
stacked_high,0.0,q8_a0.8_and,10222,25.93333333333333,19.3333333333334,11.371666666666638,8.12666666666663,2.048273361795125,1.7623278400933986,112,1.0,1.0,13003
stacked_high,0.0,q8_a0.8_and,10223,20.133333333333347,18.200000000000024,9.821666666666626,7.920666666666632,1.897469131982491,1.839097013808828,123,1.0,1.0,13762
stacked_high,0.0,q8_a0.8_and,10224,25.40000000000002,16.466666666666683,12.542666666666644,7.519666666666632,2.256276283728371,1.738101759003189,108,1.0,1.0,14477
stacked_high,0.0,q8_a0.8_and,10225,31.933333333333373,32.200000000000024,14.752666666666636,14.69066666666664,2.4329645262323614,2.750928216456573,127,1.0,1.0,13123
stacked_high,0.0,q8_a0.8_and,10226,37.5333333333334,27.333333333333336,15.318666666666655,11.754666666666633,2.7010300473659465,2.082742934245136,121,0.8571428571428571,1.0,13351
stacked_high,0.0,q8_a0.8_and,10227,34.066666666666684,16.53333333333334,12.22666666666664,6.695666666666626,2.374038471055524,1.798064262536761,96,1.0,1.0,14229
stacked_high,0.0,q8_a0.8_and,10228,21.466666666666654,16.93333333333338,11.655666666666637,6.778666666666631,2.102255617055901,1.7467048106683642,103,1.0,1.0,14077
stacked_high,0.0,q8_a0.8_and,10229,26.533333333333402,15.000000000000043,11.026666666666637,7.963666666666629,2.089910677044225,1.8531140686292418,112,1.0,1.0,14483
stacked_high,0.0,q8_a1.5_or,10200,24.666666666666664,16.799999999999756,11.128666666666636,6.917666666666631,2.138054911816673,1.7407433796238652,151,1.0,1.0,14806
stacked_high,0.0,q8_a1.5_or,10201,20.466666666666754,15.200000000000038,10.710666666666635,6.914666666666632,1.9902050643265796,1.8020225440454327,151,1.0,1.0,14396
stacked_high,0.0,q8_a1.5_or,10202,25.733333333333334,28.866666666666696,13.021666666666638,11.93666666666664,2.403210317616385,2.343908952790594,151,1.0,1.0,13518
stacked_high,0.0,q8_a1.5_or,10203,36.133333333333354,30.79999999999984,19.297666666666647,15.208666666666653,2.838922606696582,2.9070899910461496,151,1.0,1.0,12800
stacked_high,0.0,q8_a1.5_or,10204,26.46666666666667,17.13333333333336,12.011666666666635,8.630666666666631,2.2637981044467184,1.8771900954373149,151,1.0,1.0,13395
stacked_high,0.0,q8_a1.5_or,10205,25.733333333333448,13.200000000000031,12.587666666666642,6.28266666666663,2.1329873694417194,1.6369465467422952,151,1.0,1.0,14805
stacked_high,0.0,q8_a1.5_or,10206,23.533333333333367,16.33333333333335,10.828666666666637,7.137666666666627,2.1109179462373784,1.7380786496022662,151,1.0,1.0,15413
stacked_high,0.0,q8_a1.5_or,10207,18.333333333333414,16.000000000000007,8.729666666666631,6.54166666666663,1.8163270081370748,1.6672655357524508,151,1.0,1.0,14900
stacked_high,0.0,q8_a1.5_or,10208,27.133333333333326,16.60000000000005,13.850666666666639,7.387666666666625,2.5353111075625296,1.904840035129481,151,1.0,1.0,14779
stacked_high,0.0,q8_a1.5_or,10209,16.133333333333347,22.266666666666723,8.02666666666663,9.809666666666637,1.7340598318531593,2.052054970733055,151,1.0,1.0,14180
stacked_high,0.0,q8_a1.5_or,10210,20.200000000000024,21.400000000000013,10.362666666666634,8.578666666666637,1.971002786680967,1.8648328738565851,151,1.0,1.0,14840
stacked_high,0.0,q8_a1.5_or,10211,29.533333333333353,16.866666666666703,13.140666666666641,7.808666666666628,2.4812513689057085,1.887357636645509,151,1.0,1.0,14164
stacked_high,0.0,q8_a1.5_or,10212,31.800000000000082,17.666666666666686,13.380666666666638,8.92966666666663,2.4088492565423993,2.0139723929166995,151,1.0,1.0,13015
stacked_high,0.0,q8_a1.5_or,10213,26.39999999999999,20.4,12.04566666666664,9.416666666666634,2.1844664405828826,1.8650042281542758,151,1.0,1.0,14272
stacked_high,0.0,q8_a1.5_or,10214,23.066666666666734,21.46666666666667,9.924666666666631,9.495666666666637,1.8933134714148576,2.0424094316923704,151,1.0,1.0,14269
stacked_high,0.0,q8_a1.5_or,10215,16.466666666666697,24.33333333333333,8.487666666666634,9.092666666666641,1.836630882906181,2.1357179938331483,151,1.0,1.0,13846
stacked_high,0.0,q8_a1.5_or,10216,29.866666666666703,16.933333333333344,12.59066666666664,8.870666666666633,2.2033801628651797,1.8866368696270976,151,1.0,1.0,14418
stacked_high,0.0,q8_a1.5_or,10217,18.46666666666667,17.06666666666672,8.744666666666632,7.625666666666631,1.8180222209203347,1.7185867696956034,151,1.0,1.0,14469
stacked_high,0.0,q8_a1.5_or,10218,15.06666666666667,13.933333333333337,7.092666666666629,5.372666666666629,1.6948395725962653,1.5009215846816482,151,1.0,1.0,15531
stacked_high,0.0,q8_a1.5_or,10219,16.600000000000016,26.13333333333334,7.841666666666632,11.235666666666644,1.7273409886919437,2.1468401631565786,151,1.0,1.0,14113
stacked_high,0.0,q8_a1.5_or,10220,23.200000000000003,19.40000000000002,10.775666666666632,8.320666666666632,2.0241070129425665,1.8658199489710199,151,1.0,1.0,13884
stacked_high,0.0,q8_a1.5_or,10221,20.666666666666757,12.733333333333348,9.813666666666636,5.830666666666628,1.8360708347705832,1.6337206277784109,151,1.0,1.0,14711
stacked_high,0.0,q8_a1.5_or,10222,25.93333333333333,18.93333333333338,11.371666666666638,8.321666666666628,2.048273361795125,1.8197522836461726,151,1.0,1.0,13988
stacked_high,0.0,q8_a1.5_or,10223,20.133333333333347,16.133333333333347,9.821666666666626,7.0486666666666284,1.897469131982491,1.660840599878547,151,1.0,1.0,14674
stacked_high,0.0,q8_a1.5_or,10224,25.40000000000002,19.13333333333341,12.542666666666644,9.591666666666638,2.256276283728371,2.0854440041096605,151,1.0,1.0,13433
stacked_high,0.0,q8_a1.5_or,10225,31.933333333333373,31.533333333333353,14.752666666666636,14.868666666666641,2.4329645262323614,2.7584740212349037,151,1.0,1.0,13644
stacked_high,0.0,q8_a1.5_or,10226,37.5333333333334,21.133333333333375,15.318666666666655,9.537666666666635,2.7010300473659465,1.9838008089927723,151,1.0,1.0,13772
stacked_high,0.0,q8_a1.5_or,10227,34.066666666666684,21.800000000000026,12.22666666666664,8.434666666666635,2.374038471055524,2.0548987152702733,151,1.0,1.0,13669
stacked_high,0.0,q8_a1.5_or,10228,21.466666666666654,18.333333333333357,11.655666666666637,8.462666666666639,2.102255617055901,1.9083982139447033,151,1.0,1.0,14510
stacked_high,0.0,q8_a1.5_or,10229,26.533333333333402,15.6666666666667,11.026666666666637,8.254666666666632,2.089910677044225,1.8824964501439942,151,1.0,1.0,14420
stacked_high,0.0,q8_a1.5_and,10200,24.666666666666664,14.200000000000024,11.128666666666636,5.904666666666627,2.138054911816673,1.5970307214512534,95,1.0,1.0,14796
stacked_high,0.0,q8_a1.5_and,10201,20.466666666666754,21.80000000000001,10.710666666666635,8.901666666666637,1.9902050643265796,2.0020067485296416,111,1.0,1.0,13737
stacked_high,0.0,q8_a1.5_and,10202,25.733333333333334,28.86666666666668,13.021666666666638,12.042666666666639,2.403210317616385,2.3426157853577916,123,1.0,1.0,13082
stacked_high,0.0,q8_a1.5_and,10203,36.133333333333354,25.93333333333336,19.297666666666647,13.581666666666639,2.838922606696582,2.373169670908637,104,1.0,1.0,13539
stacked_high,0.0,q8_a1.5_and,10204,26.46666666666667,26.53333333333339,12.011666666666635,12.473666666666634,2.2637981044467184,2.2658445203218043,116,1.0,1.0,12998
stacked_high,0.0,q8_a1.5_and,10205,25.733333333333448,16.800000000000004,12.587666666666642,8.575666666666631,2.1329873694417194,1.826051426832209,116,1.0,1.0,14630
stacked_high,0.0,q8_a1.5_and,10206,23.533333333333367,26.60000000000003,10.828666666666637,12.37466666666664,2.1109179462373784,2.4885450045637385,123,1.0,1.0,13159
stacked_high,0.0,q8_a1.5_and,10207,18.333333333333414,21.06666666666667,8.729666666666631,8.152666666666631,1.8163270081370748,1.8593545222736518,111,1.0,1.0,13370
stacked_high,0.0,q8_a1.5_and,10208,27.133333333333326,23.333333333333393,13.850666666666639,10.93866666666663,2.5353111075625296,2.1459627676990185,97,1.0,1.0,13763
stacked_high,0.0,q8_a1.5_and,10209,16.133333333333347,21.73333333333334,8.02666666666663,10.366666666666632,1.7340598318531593,2.108868006071715,119,1.0,1.0,13392
stacked_high,0.0,q8_a1.5_and,10210,20.200000000000024,21.86666666666668,10.362666666666634,10.456666666666635,1.971002786680967,2.092006384416157,116,1.0,1.0,12963
stacked_high,0.0,q8_a1.5_and,10211,29.533333333333353,16.80000000000002,13.140666666666641,7.817666666666629,2.4812513689057085,1.8261818719136635,110,1.0,1.0,14312
stacked_high,0.0,q8_a1.5_and,10212,31.800000000000082,25.06666666666669,13.380666666666638,10.487666666666634,2.4088492565423993,2.0517396069744636,116,1.0,1.0,13038
stacked_high,0.0,q8_a1.5_and,10213,26.39999999999999,20.933333333333344,12.04566666666664,10.244666666666635,2.1844664405828826,1.952131410999571,123,1.0,1.0,14227
stacked_high,0.0,q8_a1.5_and,10214,23.066666666666734,21.13333333333334,9.924666666666631,10.250666666666637,1.8933134714148576,2.04908174268722,112,1.0,1.0,13491
stacked_high,0.0,q8_a1.5_and,10215,16.466666666666697,17.26666666666668,8.487666666666634,7.659666666666632,1.836630882906181,1.7628566905308984,107,1.0,1.0,14622
stacked_high,0.0,q8_a1.5_and,10216,29.866666666666703,21.86666666666673,12.59066666666664,10.779666666666637,2.2033801628651797,2.012308532683556,131,1.0,1.0,13778
stacked_high,0.0,q8_a1.5_and,10217,18.46666666666667,15.866666666666688,8.744666666666632,7.820666666666626,1.8180222209203347,1.739484120738661,117,1.0,1.0,14503
stacked_high,0.0,q8_a1.5_and,10218,15.06666666666667,13.933333333333358,7.092666666666629,6.6916666666666265,1.6948395725962653,1.7330460134082688,99,1.0,1.0,14185
stacked_high,0.0,q8_a1.5_and,10219,16.600000000000016,22.000000000000007,7.841666666666632,9.870666666666638,1.7273409886919437,2.057161186807125,112,1.0,1.0,13595
stacked_high,0.0,q8_a1.5_and,10220,23.200000000000003,20.200000000000074,10.775666666666632,8.39966666666663,2.0241070129425665,1.821417712368735,110,1.0,1.0,13438
stacked_high,0.0,q8_a1.5_and,10221,20.666666666666757,16.86666666666659,9.813666666666636,6.425666666666632,1.8360708347705832,1.5769569856820291,98,1.0,1.0,15594
stacked_high,0.0,q8_a1.5_and,10222,25.93333333333333,19.3333333333334,11.371666666666638,8.12666666666663,2.048273361795125,1.7623278400933986,112,1.0,1.0,13003
stacked_high,0.0,q8_a1.5_and,10223,20.133333333333347,18.200000000000024,9.821666666666626,7.920666666666632,1.897469131982491,1.839097013808828,123,1.0,1.0,13762
stacked_high,0.0,q8_a1.5_and,10224,25.40000000000002,16.466666666666683,12.542666666666644,7.519666666666632,2.256276283728371,1.738101759003189,108,1.0,1.0,14477
stacked_high,0.0,q8_a1.5_and,10225,31.933333333333373,32.200000000000024,14.752666666666636,14.69066666666664,2.4329645262323614,2.750928216456573,127,1.0,1.0,13123
stacked_high,0.0,q8_a1.5_and,10226,37.5333333333334,27.333333333333336,15.318666666666655,11.754666666666633,2.7010300473659465,2.082742934245136,121,0.8571428571428571,1.0,13351
stacked_high,0.0,q8_a1.5_and,10227,34.066666666666684,16.53333333333334,12.22666666666664,6.695666666666626,2.374038471055524,1.798064262536761,96,1.0,1.0,14229
stacked_high,0.0,q8_a1.5_and,10228,21.466666666666654,16.93333333333338,11.655666666666637,6.778666666666631,2.102255617055901,1.7467048106683642,103,1.0,1.0,14077
stacked_high,0.0,q8_a1.5_and,10229,26.533333333333402,15.000000000000043,11.026666666666637,7.963666666666629,2.089910677044225,1.8531140686292418,112,1.0,1.0,14483
stacked_high,2.0,q2_a0.8_or,10200,41.13333333333335,27.13333333333341,17.734666666666655,11.96766666666664,3.2100501626091162,2.549971992723915,181,1.0,1.0,12340
stacked_high,2.0,q2_a0.8_or,10201,34.93333333333338,23.400000000000027,15.317666666666648,12.03666666666664,2.9854227560886466,2.674080804158054,181,1.0,1.0,12891
stacked_high,2.0,q2_a0.8_or,10202,39.46666666666658,25.866666666666475,17.59566666666665,12.595666666666636,3.4691406142954917,2.628059759830577,181,1.0,1.0,12727
stacked_high,2.0,q2_a0.8_or,10203,51.533333333333275,33.59999999999994,25.585666666666665,17.84966666666664,4.164339758578245,3.0242611478089017,181,1.0,1.0,13764
stacked_high,2.0,q2_a0.8_or,10204,41.20000000000003,25.13333333333336,17.08466666666665,12.486666666666638,3.3992846517406186,2.473623738449514,181,1.0,1.0,13322
stacked_high,2.0,q2_a0.8_or,10205,36.93333333333328,29.466666666666555,15.611666666666645,13.350666666666648,2.8685251054930894,2.79217410691674,181,1.0,1.0,12810
stacked_high,2.0,q2_a0.8_or,10206,33.266666666666566,26.066666666666713,15.344666666666642,13.260666666666634,3.069447016587018,2.746746918138092,181,1.0,1.0,13160
stacked_high,2.0,q2_a0.8_or,10207,28.066666666666663,25.80000000000004,13.402666666666635,13.414666666666637,2.6301364450550784,2.705816471706099,181,1.0,1.0,12555
stacked_high,2.0,q2_a0.8_or,10208,39.53333333333349,34.800000000000054,19.449666666666655,15.621666666666647,3.857861405840268,3.187051578920432,180,1.0,1.0,13691
stacked_high,2.0,q2_a0.8_or,10209,27.400000000000105,22.933333333333252,13.936666666666637,11.93566666666664,2.5664153502533775,2.68838577622926,181,1.0,1.0,12866
stacked_high,2.0,q2_a0.8_or,10210,34.46666666666653,26.533333333333402,16.427666666666642,13.193666666666637,3.102369122423474,2.527255570210235,181,1.0,1.0,12497
stacked_high,2.0,q2_a0.8_or,10211,38.60000000000004,28.333333333333364,16.07066666666665,14.01466666666664,3.272088065460973,2.824799734591184,181,1.0,1.0,12645
stacked_high,2.0,q2_a0.8_or,10212,37.80000000000007,27.13333333333341,17.40966666666665,12.60466666666664,3.268062633350058,2.7003046488256564,180,1.0,1.0,12472
stacked_high,2.0,q2_a0.8_or,10213,35.866666666666504,28.066666666666656,14.476666666666642,13.587666666666644,2.7361672010773463,2.7251004149683884,181,1.0,1.0,12447
stacked_high,2.0,q2_a0.8_or,10214,35.06666666666655,30.06666666666667,15.111666666666636,11.839666666666636,2.7565607233191765,2.392148127061521,181,1.0,1.0,13153
stacked_high,2.0,q2_a0.8_or,10215,30.066666666666656,35.80000000000011,14.151666666666642,15.835666666666645,2.73206610307102,3.2305636378870317,180,1.0,1.0,12970
stacked_high,2.0,q2_a0.8_or,10216,39.866666666666845,36.86666666666662,18.49066666666665,15.919666666666654,3.1186530957651435,3.0250410005760706,180,1.0,1.0,13191
stacked_high,2.0,q2_a0.8_or,10217,26.86666666666668,28.866666666666696,13.636666666666642,13.817666666666634,2.8306826009052135,2.8796004963745445,181,1.0,1.0,13256
stacked_high,2.0,q2_a0.8_or,10218,27.266666666666566,19.933333333333373,12.263666666666634,9.688666666666634,2.5568536017120795,2.314411324441281,181,1.0,1.0,12616
stacked_high,2.0,q2_a0.8_or,10219,30.6,29.00000000000002,12.572666666666636,12.394666666666645,2.5555919574460133,2.5990309337723834,181,1.0,1.0,12385
stacked_high,2.0,q2_a0.8_or,10220,35.39999999999992,25.86666666666642,15.305666666666644,13.228666666666635,2.8296577095496036,2.4965539073949885,181,1.0,1.0,12575
stacked_high,2.0,q2_a0.8_or,10221,27.800000000000047,20.86666666666671,13.62166666666664,10.127666666666633,2.542291671740473,2.173478172162203,181,1.0,1.0,13548
stacked_high,2.0,q2_a0.8_or,10222,33.86666666666667,30.400000000000013,15.058666666666648,11.48766666666664,2.979494992848668,2.631666938403455,181,1.0,1.0,12746
stacked_high,2.0,q2_a0.8_or,10223,34.866666666666696,31.59999999999991,18.387666666666643,14.439666666666646,3.0763735712095372,2.9129602282498297,181,1.0,1.0,13012
stacked_high,2.0,q2_a0.8_or,10224,34.39999999999981,23.799999999999812,15.665666666666647,12.317666666666637,3.251235899998584,2.4713043901037226,181,1.0,1.0,13016
stacked_high,2.0,q2_a0.8_or,10225,38.0666666666667,44.26666666666654,19.435666666666645,20.513666666666644,3.328678991666629,3.6966378518982315,180,1.0,1.0,12701
stacked_high,2.0,q2_a0.8_or,10226,39.40000000000003,44.86666666666659,18.844666666666665,19.64766666666665,3.7874995821053785,3.4404666858403163,181,1.0,1.0,12900
stacked_high,2.0,q2_a0.8_or,10227,34.73333333333339,32.33333333333346,14.97966666666664,14.66066666666665,3.335925478776222,3.266055050070711,181,1.0,1.0,12849
stacked_high,2.0,q2_a0.8_or,10228,27.400000000000027,23.333333333333115,14.362666666666641,11.11566666666664,2.813964140332896,2.5249093865742056,181,1.0,1.0,13429
stacked_high,2.0,q2_a0.8_or,10229,38.20000000000013,25.599999999999937,17.214666666666655,13.50166666666664,3.384368034127105,2.69649079267423,181,1.0,1.0,12691
stacked_high,2.0,q2_a0.8_and,10200,41.13333333333335,24.39999999999978,17.734666666666655,11.445666666666634,3.2100501626091162,2.4437506238935494,172,1.0,1.0,12771
stacked_high,2.0,q2_a0.8_and,10201,34.93333333333338,24.066666666666734,15.317666666666648,12.06466666666664,2.9854227560886466,2.7244788980744783,175,1.0,1.0,12824
stacked_high,2.0,q2_a0.8_and,10202,39.46666666666658,29.533333333333417,17.59566666666665,14.263666666666635,3.4691406142954917,2.7489024591878883,167,1.0,1.0,13314
stacked_high,2.0,q2_a0.8_and,10203,51.533333333333275,38.59999999999991,25.585666666666665,18.526666666666657,4.164339758578245,3.5940909943488775,157,1.0,1.0,13120
stacked_high,2.0,q2_a0.8_and,10204,41.20000000000003,32.53333333333339,17.08466666666665,17.164666666666644,3.3992846517406186,3.1201829908122254,175,1.0,1.0,12727
stacked_high,2.0,q2_a0.8_and,10205,36.93333333333328,31.533333333333324,15.611666666666645,14.64766666666665,2.8685251054930894,3.038442732844169,168,1.0,1.0,12808
stacked_high,2.0,q2_a0.8_and,10206,33.266666666666566,40.599999999999966,15.344666666666642,18.049666666666653,3.069447016587018,3.5754660867681682,175,1.0,1.0,12523
stacked_high,2.0,q2_a0.8_and,10207,28.066666666666663,31.999999999999993,13.402666666666635,15.809666666666644,2.6301364450550784,3.1809461614313297,175,1.0,1.0,12676
stacked_high,2.0,q2_a0.8_and,10208,39.53333333333349,29.333333333333314,19.449666666666655,13.402666666666637,3.857861405840268,2.928574714399053,169,1.0,1.0,13194
stacked_high,2.0,q2_a0.8_and,10209,27.400000000000105,32.599999999999824,13.936666666666637,15.416666666666647,2.5664153502533775,3.303899137156767,165,1.0,1.0,12396
stacked_high,2.0,q2_a0.8_and,10210,34.46666666666653,29.60000000000008,16.427666666666642,14.38966666666664,3.102369122423474,2.8088263058520813,170,1.0,1.0,12432
stacked_high,2.0,q2_a0.8_and,10211,38.60000000000004,26.59999999999988,16.07066666666665,13.296666666666635,3.272088065460973,2.6603573160497946,175,1.0,1.0,13174
stacked_high,2.0,q2_a0.8_and,10212,37.80000000000007,28.13333333333327,17.40966666666665,13.09466666666664,3.268062633350058,2.7691202573605085,170,1.0,1.0,11939
stacked_high,2.0,q2_a0.8_and,10213,35.866666666666504,32.79999999999973,14.476666666666642,14.518666666666645,2.7361672010773463,2.8663901521580817,169,1.0,1.0,13767
stacked_high,2.0,q2_a0.8_and,10214,35.06666666666655,40.799999999999926,15.111666666666636,17.88966666666664,2.7565607233191765,3.154709123176847,175,1.0,1.0,13121
stacked_high,2.0,q2_a0.8_and,10215,30.066666666666656,29.466666666666654,14.151666666666642,13.964666666666645,2.73206610307102,2.987480273151157,171,1.0,1.0,12279
stacked_high,2.0,q2_a0.8_and,10216,39.866666666666845,29.6666666666666,18.49066666666665,13.047666666666647,3.1186530957651435,2.8632031117805794,166,1.0,1.0,12965
stacked_high,2.0,q2_a0.8_and,10217,26.86666666666668,26.866666666666447,13.636666666666642,13.433666666666642,2.8306826009052135,2.809648280699307,175,1.0,1.0,13040
stacked_high,2.0,q2_a0.8_and,10218,27.266666666666566,30.33333333333337,12.263666666666634,15.304666666666641,2.5568536017120795,2.9670278707480304,175,1.0,1.0,12791
stacked_high,2.0,q2_a0.8_and,10219,30.6,29.40000000000005,12.572666666666636,12.05666666666664,2.5555919574460133,2.555455302974863,170,1.0,1.0,12897
stacked_high,2.0,q2_a0.8_and,10220,35.39999999999992,35.53333333333343,15.305666666666644,17.05766666666664,2.8296577095496036,3.2399335351277476,175,1.0,1.0,12432
stacked_high,2.0,q2_a0.8_and,10221,27.800000000000047,22.0,13.62166666666664,11.152666666666635,2.542291671740473,2.3102181353453357,175,1.0,1.0,13817
stacked_high,2.0,q2_a0.8_and,10222,33.86666666666667,27.20000000000006,15.058666666666648,11.969666666666635,2.979494992848668,2.5152474407773555,168,1.0,1.0,12991
stacked_high,2.0,q2_a0.8_and,10223,34.866666666666696,33.599999999999994,18.387666666666643,13.95266666666664,3.0763735712095372,2.8671026059963873,165,1.0,1.0,12865
stacked_high,2.0,q2_a0.8_and,10224,34.39999999999981,30.46666666666669,15.665666666666647,13.543666666666644,3.251235899998584,2.680294068131879,175,1.0,1.0,12508
stacked_high,2.0,q2_a0.8_and,10225,38.0666666666667,43.86666666666673,19.435666666666645,17.477666666666654,3.328678991666629,3.853311981423864,159,1.0,1.0,12700
stacked_high,2.0,q2_a0.8_and,10226,39.40000000000003,41.79999999999987,18.844666666666665,18.685666666666652,3.7874995821053785,3.4727934476156137,175,1.0,1.0,12518
stacked_high,2.0,q2_a0.8_and,10227,34.73333333333339,28.666666666666487,14.97966666666664,13.70566666666664,3.335925478776222,2.958715954426874,175,1.0,1.0,12893
stacked_high,2.0,q2_a0.8_and,10228,27.400000000000027,29.73333333333329,14.362666666666641,13.799666666666642,2.813964140332896,2.7433112774687003,171,1.0,1.0,13209
stacked_high,2.0,q2_a0.8_and,10229,38.20000000000013,24.19999999999959,17.214666666666655,12.280666666666638,3.384368034127105,2.5850534383436057,172,1.0,1.0,12735
stacked_high,2.0,q2_a1.5_or,10200,41.13333333333335,27.199999999999875,17.734666666666655,11.99166666666664,3.2100501626091162,2.557014202746547,177,1.0,1.0,12600
stacked_high,2.0,q2_a1.5_or,10201,34.93333333333338,23.13333333333337,15.317666666666648,11.97966666666664,2.9854227560886466,2.6811097809922733,177,1.0,1.0,13192
stacked_high,2.0,q2_a1.5_or,10202,39.46666666666658,25.800000000000004,17.59566666666665,14.448666666666638,3.4691406142954917,2.6849344742383265,177,1.0,1.0,13319
stacked_high,2.0,q2_a1.5_or,10203,51.533333333333275,34.93333333333322,25.585666666666665,17.80366666666665,4.164339758578245,3.466494353505419,169,1.0,1.0,13557
stacked_high,2.0,q2_a1.5_or,10204,41.20000000000003,34.53333333333338,17.08466666666665,17.170666666666644,3.3992846517406186,3.208195409018759,177,1.0,1.0,13214
stacked_high,2.0,q2_a1.5_or,10205,36.93333333333328,29.866666666666504,15.611666666666645,13.933666666666642,2.8685251054930894,2.692745248057767,181,1.0,1.0,12721
stacked_high,2.0,q2_a1.5_or,10206,33.266666666666566,44.13333333333335,15.344666666666642,18.694666666666652,3.069447016587018,3.6925004272784845,177,1.0,1.0,12436
stacked_high,2.0,q2_a1.5_or,10207,28.066666666666663,30.733333333333462,13.402666666666635,15.559666666666644,2.6301364450550784,3.156216488865358,177,1.0,1.0,12983
stacked_high,2.0,q2_a1.5_or,10208,39.53333333333349,28.200000000000003,19.449666666666655,13.961666666666638,3.857861405840268,2.965195165701596,174,1.0,1.0,13373
stacked_high,2.0,q2_a1.5_or,10209,27.400000000000105,35.333333333333144,13.936666666666637,16.14466666666665,2.5664153502533775,3.4051240202381354,174,1.0,1.0,12506
stacked_high,2.0,q2_a1.5_or,10210,34.46666666666653,29.066666666666578,16.427666666666642,13.975666666666637,3.102369122423474,2.6631808414425393,177,1.0,1.0,12291
stacked_high,2.0,q2_a1.5_or,10211,38.60000000000004,26.59999999999988,16.07066666666665,13.296666666666635,3.272088065460973,2.6603573160497946,177,1.0,1.0,13174
stacked_high,2.0,q2_a1.5_or,10212,37.80000000000007,28.20000000000003,17.40966666666665,13.005666666666643,3.268062633350058,2.84024607276225,173,1.0,1.0,12009
stacked_high,2.0,q2_a1.5_or,10213,35.866666666666504,27.60000000000005,14.476666666666642,14.451666666666645,2.7361672010773463,2.7509596936388196,177,1.0,1.0,13090
stacked_high,2.0,q2_a1.5_or,10214,35.06666666666655,37.93333333333336,15.111666666666636,17.97766666666664,2.7565607233191765,3.2022989606143226,173,1.0,1.0,13063
stacked_high,2.0,q2_a1.5_or,10215,30.066666666666656,28.799999999999997,14.151666666666642,14.194666666666643,2.73206610307102,3.0162156106128157,177,1.0,1.0,12595
stacked_high,2.0,q2_a1.5_or,10216,39.866666666666845,28.533333333333417,18.49066666666665,13.461666666666645,3.1186530957651435,2.758516932410563,170,1.0,1.0,12896
stacked_high,2.0,q2_a1.5_or,10217,26.86666666666668,26.533333333333445,13.636666666666642,13.426666666666641,2.8306826009052135,2.803611072486736,177,1.0,1.0,13010
stacked_high,2.0,q2_a1.5_or,10218,27.266666666666566,32.13333333333334,12.263666666666634,15.343666666666643,2.5568536017120795,3.0193357379472663,177,1.0,1.0,13080
stacked_high,2.0,q2_a1.5_or,10219,30.6,28.73333333333342,12.572666666666636,13.005666666666643,2.5555919574460133,2.583372201736771,177,1.0,1.0,13392
stacked_high,2.0,q2_a1.5_or,10220,35.39999999999992,36.86666666666653,15.305666666666644,16.845666666666645,2.8296577095496036,3.26856581357917,177,1.0,1.0,12009
stacked_high,2.0,q2_a1.5_or,10221,27.800000000000047,22.0,13.62166666666664,11.152666666666635,2.542291671740473,2.3102181353453357,177,1.0,1.0,13817
stacked_high,2.0,q2_a1.5_or,10222,33.86666666666667,25.06666666666669,15.058666666666648,11.825666666666637,2.979494992848668,2.4721038476800423,173,1.0,1.0,12531
stacked_high,2.0,q2_a1.5_or,10223,34.866666666666696,29.0,18.387666666666643,14.229666666666642,3.0763735712095372,2.756011751190755,172,1.0,1.0,12798
stacked_high,2.0,q2_a1.5_or,10224,34.39999999999981,29.599999999999994,15.665666666666647,14.556666666666645,3.251235899998584,2.8028048903971103,173,1.0,1.0,13114
stacked_high,2.0,q2_a1.5_or,10225,38.0666666666667,37.1999999999999,19.435666666666645,16.56266666666665,3.328678991666629,3.595908072768275,174,1.0,1.0,12934
stacked_high,2.0,q2_a1.5_or,10226,39.40000000000003,37.79999999999987,18.844666666666665,18.33866666666665,3.7874995821053785,3.4171416137755006,176,1.0,1.0,12698
stacked_high,2.0,q2_a1.5_or,10227,34.73333333333339,30.4,14.97966666666664,16.139666666666646,3.335925478776222,3.4064203709794354,176,1.0,1.0,12641
stacked_high,2.0,q2_a1.5_or,10228,27.400000000000027,29.33333333333323,14.362666666666641,13.899666666666644,2.813964140332896,2.745383281289312,177,1.0,1.0,13398
stacked_high,2.0,q2_a1.5_or,10229,38.20000000000013,21.733333333332922,17.214666666666655,11.817666666666637,3.384368034127105,2.5219404960320935,177,1.0,1.0,12877
stacked_high,2.0,q2_a1.5_and,10200,41.13333333333335,25.133333333333155,17.734666666666655,11.018666666666636,3.2100501626091162,2.526417909357842,151,1.0,1.0,13024
stacked_high,2.0,q2_a1.5_and,10201,34.93333333333338,25.466666666666725,15.317666666666648,11.686666666666637,2.9854227560886466,2.7477516973277836,150,1.0,1.0,12592
stacked_high,2.0,q2_a1.5_and,10202,39.46666666666658,38.06666666666649,17.59566666666665,17.19766666666665,3.4691406142954917,3.270438775060226,151,1.0,1.0,12766
stacked_high,2.0,q2_a1.5_and,10203,51.533333333333275,41.06666666666655,25.585666666666665,18.702666666666666,4.164339758578245,3.689727858548246,143,1.0,1.0,13014
stacked_high,2.0,q2_a1.5_and,10204,41.20000000000003,39.266666666666694,17.08466666666665,17.95066666666664,3.3992846517406186,3.2210124518634546,151,1.0,1.0,12880
stacked_high,2.0,q2_a1.5_and,10205,36.93333333333328,40.93333333333338,15.611666666666645,17.520666666666667,2.8685251054930894,3.5909551836977855,151,1.0,1.0,13387
stacked_high,2.0,q2_a1.5_and,10206,33.266666666666566,20.86666666666671,15.344666666666642,11.33666666666663,3.069447016587018,2.4812924370453513,151,1.0,1.0,13396
stacked_high,2.0,q2_a1.5_and,10207,28.066666666666663,21.800000000000054,13.402666666666635,10.343666666666635,2.6301364450550784,2.3839122310665632,151,1.0,1.0,13097
stacked_high,2.0,q2_a1.5_and,10208,39.53333333333349,29.33333333333337,19.449666666666655,13.106666666666637,3.857861405840268,2.8546408858512957,151,1.0,1.0,13461
stacked_high,2.0,q2_a1.5_and,10209,27.400000000000105,29.466666666666676,13.936666666666637,14.157666666666648,2.5664153502533775,2.9203377769847068,150,1.0,1.0,12946
stacked_high,2.0,q2_a1.5_and,10210,34.46666666666653,30.133333333333184,16.427666666666642,13.650666666666641,3.102369122423474,2.7449420949019663,149,1.0,1.0,12595
stacked_high,2.0,q2_a1.5_and,10211,38.60000000000004,32.866666666666696,16.07066666666665,14.993666666666645,3.272088065460973,3.0858180181470916,151,1.0,1.0,12638
stacked_high,2.0,q2_a1.5_and,10212,37.80000000000007,30.46666666666664,17.40966666666665,14.692666666666646,3.268062633350058,2.966663014052462,151,1.0,1.0,11806
stacked_high,2.0,q2_a1.5_and,10213,35.866666666666504,24.333333333333343,14.476666666666642,11.874666666666638,2.7361672010773463,2.4443956589203886,151,1.0,1.0,12901
stacked_high,2.0,q2_a1.5_and,10214,35.06666666666655,31.333333333333343,15.111666666666636,13.235666666666635,2.7565607233191765,2.603768809835701,151,1.0,1.0,12427
stacked_high,2.0,q2_a1.5_and,10215,30.066666666666656,33.46666666666667,14.151666666666642,14.510666666666646,2.73206610307102,2.9588169499197217,151,1.0,1.0,12812
stacked_high,2.0,q2_a1.5_and,10216,39.866666666666845,30.53333333333336,18.49066666666665,14.628666666666645,3.1186530957651435,2.843003207666139,151,1.0,1.0,12089
stacked_high,2.0,q2_a1.5_and,10217,26.86666666666668,24.533333333333346,13.636666666666642,12.484666666666639,2.8306826009052135,2.7005964547931955,151,1.0,1.0,12922
stacked_high,2.0,q2_a1.5_and,10218,27.266666666666566,19.333333333333343,12.263666666666634,8.993666666666629,2.5568536017120795,2.234325537143346,149,1.0,1.0,13120
stacked_high,2.0,q2_a1.5_and,10219,30.6,28.86666666666676,12.572666666666636,13.37566666666664,2.5555919574460133,2.608831735228384,148,1.0,1.0,13042
stacked_high,2.0,q2_a1.5_and,10220,35.39999999999992,29.79999999999999,15.305666666666644,12.856666666666635,2.8296577095496036,2.7210574183203566,149,1.0,1.0,12535
stacked_high,2.0,q2_a1.5_and,10221,27.800000000000047,23.200000000000074,13.62166666666664,11.010666666666637,2.542291671740473,2.3505475970359213,151,1.0,1.0,13095
stacked_high,2.0,q2_a1.5_and,10222,33.86666666666667,29.400000000000063,15.058666666666648,13.781666666666636,2.979494992848668,2.728826057370748,146,1.0,1.0,12454
stacked_high,2.0,q2_a1.5_and,10223,34.866666666666696,35.33333333333317,18.387666666666643,14.496666666666638,3.0763735712095372,2.760616153739942,151,1.0,1.0,13756
stacked_high,2.0,q2_a1.5_and,10224,34.39999999999981,30.200000000000045,15.665666666666647,13.93066666666664,3.251235899998584,2.7837073922280458,151,1.0,1.0,12754
stacked_high,2.0,q2_a1.5_and,10225,38.0666666666667,38.866666666666845,19.435666666666645,17.268666666666654,3.328678991666629,3.7852072307845748,145,1.0,1.0,13049
stacked_high,2.0,q2_a1.5_and,10226,39.40000000000003,34.533333333333445,18.844666666666665,16.54066666666665,3.7874995821053785,3.2837556495600135,147,1.0,1.0,11773
stacked_high,2.0,q2_a1.5_and,10227,34.73333333333339,27.19999999999979,14.97966666666664,14.466666666666647,3.335925478776222,3.1895660141325606,151,1.0,1.0,12787
stacked_high,2.0,q2_a1.5_and,10228,27.400000000000027,24.733333333333377,14.362666666666641,11.82966666666664,2.813964140332896,2.6789096450598975,151,1.0,1.0,12761
stacked_high,2.0,q2_a1.5_and,10229,38.20000000000013,27.199999999999847,17.214666666666655,13.772666666666641,3.384368034127105,2.822517418855523,151,1.0,1.0,12833
stacked_high,2.0,q4_a0.8_or,10200,41.13333333333335,25.933333333333394,17.734666666666655,11.654666666666635,3.2100501626091162,2.454467040307135,179,1.0,1.0,12808
stacked_high,2.0,q4_a0.8_or,10201,34.93333333333338,23.400000000000027,15.317666666666648,12.03666666666664,2.9854227560886466,2.674080804158054,179,1.0,1.0,12891
stacked_high,2.0,q4_a0.8_or,10202,39.46666666666658,28.066666666666684,17.59566666666665,12.485666666666637,3.4691406142954917,2.6331478637218515,179,1.0,1.0,13229
stacked_high,2.0,q4_a0.8_or,10203,51.533333333333275,24.533333333333417,25.585666666666665,12.94566666666664,4.164339758578245,2.8131626029319414,179,1.0,1.0,13187
stacked_high,2.0,q4_a0.8_or,10204,41.20000000000003,28.13333333333341,17.08466666666665,12.949666666666637,3.3992846517406186,2.502913848716486,179,1.0,1.0,13609
stacked_high,2.0,q4_a0.8_or,10205,36.93333333333328,29.199999999999875,15.611666666666645,13.485666666666647,2.8685251054930894,2.764268011084681,179,1.0,1.0,12765
stacked_high,2.0,q4_a0.8_or,10206,33.266666666666566,29.266666666666687,15.344666666666642,14.050666666666636,3.069447016587018,2.829509992009022,179,1.0,1.0,13224
stacked_high,2.0,q4_a0.8_or,10207,28.066666666666663,25.666666666666693,13.402666666666635,13.245666666666638,2.6301364450550784,2.7100557548424793,179,1.0,1.0,13318
stacked_high,2.0,q4_a0.8_or,10208,39.53333333333349,34.333333333333364,19.449666666666655,15.476666666666647,3.857861405840268,3.1615909546060808,179,1.0,1.0,13930
stacked_high,2.0,q4_a0.8_or,10209,27.400000000000105,25.733333333333363,13.936666666666637,12.31766666666664,2.5664153502533775,2.7613184228162186,179,1.0,1.0,12774
stacked_high,2.0,q4_a0.8_or,10210,34.46666666666653,27.466666666666498,16.427666666666642,13.312666666666637,3.102369122423474,2.5289856090027727,179,1.0,1.0,12875
stacked_high,2.0,q4_a0.8_or,10211,38.60000000000004,28.333333333333364,16.07066666666665,14.01466666666664,3.272088065460973,2.824799734591184,179,1.0,1.0,12645
stacked_high,2.0,q4_a0.8_or,10212,37.80000000000007,27.33333333333323,17.40966666666665,13.02166666666664,3.268062633350058,2.6718330114191273,179,1.0,1.0,11994
stacked_high,2.0,q4_a0.8_or,10213,35.866666666666504,28.79999999999987,14.476666666666642,13.464666666666641,2.7361672010773463,2.7110009976793203,179,1.0,1.0,12408
stacked_high,2.0,q4_a0.8_or,10214,35.06666666666655,28.133333333333383,15.111666666666636,13.147666666666638,2.7565607233191765,2.6149799714909263,179,1.0,1.0,12689
stacked_high,2.0,q4_a0.8_or,10215,30.066666666666656,35.80000000000011,14.151666666666642,15.835666666666645,2.73206610307102,3.2305636378870317,179,1.0,1.0,12970
stacked_high,2.0,q4_a0.8_or,10216,39.866666666666845,37.399999999999864,18.49066666666665,16.049666666666656,3.1186530957651435,3.028611487632277,179,1.0,1.0,13219
stacked_high,2.0,q4_a0.8_or,10217,26.86666666666668,29.0,13.636666666666642,14.160666666666634,2.8306826009052135,2.8191966894628693,179,1.0,1.0,12696
stacked_high,2.0,q4_a0.8_or,10218,27.266666666666566,22.53333333333333,12.263666666666634,10.235666666666633,2.5568536017120795,2.43130036186225,179,1.0,1.0,12613
stacked_high,2.0,q4_a0.8_or,10219,30.6,27.066666666666492,12.572666666666636,13.433666666666642,2.5555919574460133,2.5171388790497513,179,1.0,1.0,12954
stacked_high,2.0,q4_a0.8_or,10220,35.39999999999992,25.400000000000027,15.305666666666644,12.357666666666635,2.8296577095496036,2.4813199751961386,179,1.0,1.0,12587
stacked_high,2.0,q4_a0.8_or,10221,27.800000000000047,20.86666666666671,13.62166666666664,10.090666666666632,2.542291671740473,2.1727930102797473,179,1.0,1.0,13749
stacked_high,2.0,q4_a0.8_or,10222,33.86666666666667,31.3333333333332,15.058666666666648,12.15166666666664,2.979494992848668,2.621893481921964,179,1.0,1.0,12551
stacked_high,2.0,q4_a0.8_or,10223,34.866666666666696,25.0,18.387666666666643,13.055666666666639,3.0763735712095372,2.6048059964218715,179,1.0,1.0,13253
stacked_high,2.0,q4_a0.8_or,10224,34.39999999999981,23.66666666666646,15.665666666666647,11.237666666666634,3.251235899998584,2.395349839642518,179,1.0,1.0,13193
stacked_high,2.0,q4_a0.8_or,10225,38.0666666666667,44.26666666666654,19.435666666666645,20.513666666666644,3.328678991666629,3.6979776343879394,179,1.0,1.0,12872
stacked_high,2.0,q4_a0.8_or,10226,39.40000000000003,42.999999999999886,18.844666666666665,19.071666666666655,3.7874995821053785,3.4436049750105635,179,1.0,1.0,12687
stacked_high,2.0,q4_a0.8_or,10227,34.73333333333339,32.60000000000003,14.97966666666664,13.894666666666648,3.335925478776222,3.2706177796184215,179,1.0,1.0,13070
stacked_high,2.0,q4_a0.8_or,10228,27.400000000000027,21.26666666666671,14.362666666666641,10.61566666666664,2.813964140332896,2.500087798306063,179,1.0,1.0,13484
stacked_high,2.0,q4_a0.8_or,10229,38.20000000000013,26.33333333333303,17.214666666666655,13.877666666666642,3.384368034127105,2.722609591905297,179,1.0,1.0,13106
stacked_high,2.0,q4_a0.8_and,10200,41.13333333333335,23.53333333333319,17.734666666666655,11.502666666666634,3.2100501626091162,2.460301164986348,159,1.0,1.0,12849
stacked_high,2.0,q4_a0.8_and,10201,34.93333333333338,24.53333333333339,15.317666666666648,12.303666666666643,2.9854227560886466,2.7969013595458962,159,1.0,1.0,13955
stacked_high,2.0,q4_a0.8_and,10202,39.46666666666658,27.66666666666646,17.59566666666665,14.826666666666636,3.4691406142954917,2.784657078074015,161,1.0,1.0,12989
stacked_high,2.0,q4_a0.8_and,10203,51.533333333333275,45.06666666666649,25.585666666666665,21.121666666666666,4.164339758578245,3.917155145407402,140,1.0,1.0,13026
stacked_high,2.0,q4_a0.8_and,10204,41.20000000000003,35.66666666666654,17.08466666666665,17.987666666666648,3.3992846517406186,3.2804360387325437,160,1.0,1.0,13188
stacked_high,2.0,q4_a0.8_and,10205,36.93333333333328,34.20000000000012,15.611666666666645,15.63766666666665,2.8685251054930894,2.866236853671242,159,1.0,1.0,12933
stacked_high,2.0,q4_a0.8_and,10206,33.266666666666566,44.200000000000045,15.344666666666642,19.413666666666654,3.069447016587018,3.6512311954934633,161,1.0,1.0,12422
stacked_high,2.0,q4_a0.8_and,10207,28.066666666666663,35.13333333333337,13.402666666666635,16.466666666666647,2.6301364450550784,3.2914611310141453,156,1.0,1.0,13076
stacked_high,2.0,q4_a0.8_and,10208,39.53333333333349,29.933333333333337,19.449666666666655,14.865666666666636,3.857861405840268,3.023763084005347,162,1.0,1.0,13554
stacked_high,2.0,q4_a0.8_and,10209,27.400000000000105,31.53333333333302,13.936666666666637,15.517666666666653,2.5664153502533775,3.3009896518477166,147,1.0,1.0,12842
stacked_high,2.0,q4_a0.8_and,10210,34.46666666666653,31.20000000000001,16.427666666666642,14.486666666666643,3.102369122423474,2.7959701291450103,166,1.0,1.0,12962
stacked_high,2.0,q4_a0.8_and,10211,38.60000000000004,29.200000000000088,16.07066666666665,13.748666666666637,3.272088065460973,2.8861700933803185,156,1.0,1.0,12330
stacked_high,2.0,q4_a0.8_and,10212,37.80000000000007,28.066666666666663,17.40966666666665,13.404666666666644,3.268062633350058,2.82437800346408,158,1.0,1.0,11864
stacked_high,2.0,q4_a0.8_and,10213,35.866666666666504,28.400000000000006,14.476666666666642,14.275666666666643,2.7361672010773463,2.7463778040365163,162,1.0,1.0,12531
stacked_high,2.0,q4_a0.8_and,10214,35.06666666666655,33.80000000000003,15.111666666666636,14.725666666666639,2.7565607233191765,2.9013390699619492,164,1.0,1.0,12363
stacked_high,2.0,q4_a0.8_and,10215,30.066666666666656,28.933333333333223,14.151666666666642,14.234666666666646,2.73206610307102,3.0661929539354045,164,1.0,1.0,13154
stacked_high,2.0,q4_a0.8_and,10216,39.866666666666845,28.333333333333414,18.49066666666665,12.817666666666648,3.1186530957651435,2.6929888524209553,155,1.0,1.0,13372
stacked_high,2.0,q4_a0.8_and,10217,26.86666666666668,29.60000000000005,13.636666666666642,14.17166666666664,2.8306826009052135,2.9681151890111694,160,1.0,1.0,12872
stacked_high,2.0,q4_a0.8_and,10218,27.266666666666566,33.26666666666667,12.263666666666634,15.017666666666642,2.5568536017120795,3.0445163712586223,162,1.0,1.0,12631
stacked_high,2.0,q4_a0.8_and,10219,30.6,26.533333333333374,12.572666666666636,11.546666666666638,2.5555919574460133,2.5103401764540543,160,1.0,1.0,12859
stacked_high,2.0,q4_a0.8_and,10220,35.39999999999992,29.86666666666673,15.305666666666644,14.082666666666636,2.8296577095496036,2.9024734478530587,158,1.0,1.0,12522
stacked_high,2.0,q4_a0.8_and,10221,27.800000000000047,23.466666666666683,13.62166666666664,11.630666666666635,2.542291671740473,2.294716328534562,161,1.0,1.0,13450
stacked_high,2.0,q4_a0.8_and,10222,33.86666666666667,32.200000000000074,15.058666666666648,12.043666666666638,2.979494992848668,2.6700104340458184,148,1.0,1.0,12555
stacked_high,2.0,q4_a0.8_and,10223,34.866666666666696,40.133333333333375,18.387666666666643,14.928666666666645,3.0763735712095372,3.03366815225599,144,1.0,1.0,12684
stacked_high,2.0,q4_a0.8_and,10224,34.39999999999981,29.066666666666777,15.665666666666647,13.006666666666643,3.251235899998584,2.6765078518137813,154,1.0,1.0,12566
stacked_high,2.0,q4_a0.8_and,10225,38.0666666666667,43.600000000000016,19.435666666666645,18.517666666666653,3.328678991666629,3.78102275615522,147,1.0,1.0,12417
stacked_high,2.0,q4_a0.8_and,10226,39.40000000000003,36.73333333333339,18.844666666666665,18.27966666666665,3.7874995821053785,3.2124147718448173,150,1.0,1.0,11933
stacked_high,2.0,q4_a0.8_and,10227,34.73333333333339,30.800000000000082,14.97966666666664,13.520666666666637,3.335925478776222,2.7682478675652518,161,1.0,1.0,12891
stacked_high,2.0,q4_a0.8_and,10228,27.400000000000027,22.53333333333316,14.362666666666641,11.620666666666637,2.813964140332896,2.5119026508783424,161,1.0,1.0,13508
stacked_high,2.0,q4_a0.8_and,10229,38.20000000000013,25.00000000000007,17.214666666666655,12.281666666666638,3.384368034127105,2.572673457736454,156,1.0,1.0,12957
stacked_high,2.0,q4_a1.5_or,10200,41.13333333333335,23.53333333333319,17.734666666666655,11.502666666666634,3.2100501626091162,2.460301164986348,164,1.0,1.0,12849
stacked_high,2.0,q4_a1.5_or,10201,34.93333333333338,24.53333333333339,15.317666666666648,12.303666666666643,2.9854227560886466,2.7969013595458962,164,1.0,1.0,13955
stacked_high,2.0,q4_a1.5_or,10202,39.46666666666658,27.66666666666646,17.59566666666665,14.826666666666636,3.4691406142954917,2.784657078074015,164,1.0,1.0,12989
stacked_high,2.0,q4_a1.5_or,10203,51.533333333333275,45.06666666666649,25.585666666666665,21.121666666666666,4.164339758578245,3.917155145407402,163,1.0,1.0,13026
stacked_high,2.0,q4_a1.5_or,10204,41.20000000000003,35.66666666666654,17.08466666666665,17.987666666666648,3.3992846517406186,3.2804360387325437,164,1.0,1.0,13188
stacked_high,2.0,q4_a1.5_or,10205,36.93333333333328,34.20000000000012,15.611666666666645,15.63766666666665,2.8685251054930894,2.866236853671242,164,1.0,1.0,12933
stacked_high,2.0,q4_a1.5_or,10206,33.266666666666566,44.200000000000045,15.344666666666642,19.413666666666654,3.069447016587018,3.6512311954934633,161,1.0,1.0,12422
stacked_high,2.0,q4_a1.5_or,10207,28.066666666666663,33.86666666666666,13.402666666666635,16.775666666666645,2.6301364450550784,3.184177598096805,162,1.0,1.0,13126
stacked_high,2.0,q4_a1.5_or,10208,39.53333333333349,29.933333333333337,19.449666666666655,14.865666666666636,3.857861405840268,3.023763084005347,164,1.0,1.0,13554
stacked_high,2.0,q4_a1.5_or,10209,27.400000000000105,33.333333333333144,13.936666666666637,15.212666666666651,2.5664153502533775,3.297825887966112,161,1.0,1.0,12873
stacked_high,2.0,q4_a1.5_or,10210,34.46666666666653,31.20000000000001,16.427666666666642,14.486666666666643,3.102369122423474,2.7959701291450103,167,1.0,1.0,12962
stacked_high,2.0,q4_a1.5_or,10211,38.60000000000004,29.200000000000088,16.07066666666665,13.748666666666637,3.272088065460973,2.8861700933803185,161,1.0,1.0,12330
stacked_high,2.0,q4_a1.5_or,10212,37.80000000000007,28.066666666666663,17.40966666666665,13.404666666666644,3.268062633350058,2.82437800346408,164,1.0,1.0,11864
stacked_high,2.0,q4_a1.5_or,10213,35.866666666666504,28.400000000000006,14.476666666666642,14.275666666666643,2.7361672010773463,2.7463778040365163,164,1.0,1.0,12531
stacked_high,2.0,q4_a1.5_or,10214,35.06666666666655,33.80000000000003,15.111666666666636,14.725666666666639,2.7565607233191765,2.9013390699619492,164,1.0,1.0,12363
stacked_high,2.0,q4_a1.5_or,10215,30.066666666666656,28.933333333333223,14.151666666666642,14.234666666666646,2.73206610307102,3.0661929539354045,164,1.0,1.0,13154
stacked_high,2.0,q4_a1.5_or,10216,39.866666666666845,28.333333333333414,18.49066666666665,12.817666666666648,3.1186530957651435,2.6929888524209553,164,1.0,1.0,13372
stacked_high,2.0,q4_a1.5_or,10217,26.86666666666668,29.133333333333155,13.636666666666642,13.577666666666639,2.8306826009052135,2.731375130197859,162,1.0,1.0,12946
stacked_high,2.0,q4_a1.5_or,10218,27.266666666666566,30.333333333333428,12.263666666666634,13.244666666666646,2.5568536017120795,3.082942107107639,162,1.0,1.0,12452
stacked_high,2.0,q4_a1.5_or,10219,30.6,26.533333333333374,12.572666666666636,11.546666666666638,2.5555919574460133,2.5103401764540543,164,1.0,1.0,12859
stacked_high,2.0,q4_a1.5_or,10220,35.39999999999992,29.86666666666673,15.305666666666644,14.082666666666636,2.8296577095496036,2.9024734478530587,164,1.0,1.0,12522
stacked_high,2.0,q4_a1.5_or,10221,27.800000000000047,23.466666666666683,13.62166666666664,11.630666666666635,2.542291671740473,2.294716328534562,164,1.0,1.0,13450
stacked_high,2.0,q4_a1.5_or,10222,33.86666666666667,32.200000000000074,15.058666666666648,12.142666666666637,2.979494992848668,2.6491197794837644,160,1.0,1.0,12522
stacked_high,2.0,q4_a1.5_or,10223,34.866666666666696,40.133333333333375,18.387666666666643,14.928666666666645,3.0763735712095372,3.03366815225599,161,1.0,1.0,12684
stacked_high,2.0,q4_a1.5_or,10224,34.39999999999981,29.066666666666777,15.665666666666647,13.006666666666643,3.251235899998584,2.6765078518137813,161,1.0,1.0,12566
stacked_high,2.0,q4_a1.5_or,10225,38.0666666666667,42.39999999999989,19.435666666666645,17.54166666666665,3.328678991666629,3.5233136297060796,164,1.0,1.0,13039
stacked_high,2.0,q4_a1.5_or,10226,39.40000000000003,36.73333333333339,18.844666666666665,18.27966666666665,3.7874995821053785,3.2124147718448173,164,1.0,1.0,11933
stacked_high,2.0,q4_a1.5_or,10227,34.73333333333339,30.800000000000082,14.97966666666664,13.520666666666637,3.335925478776222,2.7682478675652518,164,1.0,1.0,12891
stacked_high,2.0,q4_a1.5_or,10228,27.400000000000027,22.53333333333316,14.362666666666641,11.620666666666637,2.813964140332896,2.5119026508783424,164,1.0,1.0,13508
stacked_high,2.0,q4_a1.5_or,10229,38.20000000000013,25.00000000000007,17.214666666666655,12.281666666666638,3.384368034127105,2.572673457736454,161,1.0,1.0,12957
stacked_high,2.0,q4_a1.5_and,10200,41.13333333333335,25.133333333333155,17.734666666666655,11.018666666666636,3.2100501626091162,2.526417909357842,142,1.0,1.0,13024
stacked_high,2.0,q4_a1.5_and,10201,34.93333333333338,25.466666666666725,15.317666666666648,11.686666666666637,2.9854227560886466,2.7477516973277836,147,1.0,1.0,12592
stacked_high,2.0,q4_a1.5_and,10202,39.46666666666658,38.06666666666649,17.59566666666665,17.19766666666665,3.4691406142954917,3.270438775060226,148,1.0,1.0,12766
stacked_high,2.0,q4_a1.5_and,10203,51.533333333333275,41.06666666666655,25.585666666666665,18.702666666666666,4.164339758578245,3.689727858548246,132,1.0,1.0,13014
stacked_high,2.0,q4_a1.5_and,10204,41.20000000000003,39.266666666666694,17.08466666666665,17.95066666666664,3.3992846517406186,3.2210124518634546,151,1.0,1.0,12880
stacked_high,2.0,q4_a1.5_and,10205,36.93333333333328,40.93333333333338,15.611666666666645,17.520666666666667,2.8685251054930894,3.5909551836977855,151,1.0,1.0,13387
stacked_high,2.0,q4_a1.5_and,10206,33.266666666666566,20.86666666666671,15.344666666666642,11.33666666666663,3.069447016587018,2.4812924370453513,151,1.0,1.0,13396
stacked_high,2.0,q4_a1.5_and,10207,28.066666666666663,22.13333333333341,13.402666666666635,10.350666666666633,2.6301364450550784,2.388681405748022,150,1.0,1.0,12992
stacked_high,2.0,q4_a1.5_and,10208,39.53333333333349,29.33333333333337,19.449666666666655,13.106666666666637,3.857861405840268,2.8546408858512957,151,1.0,1.0,13461
stacked_high,2.0,q4_a1.5_and,10209,27.400000000000105,30.06666666666652,13.936666666666637,14.176666666666645,2.5664153502533775,2.9820234537224595,149,1.0,1.0,13149
stacked_high,2.0,q4_a1.5_and,10210,34.46666666666653,30.133333333333184,16.427666666666642,13.650666666666641,3.102369122423474,2.7449420949019663,149,1.0,1.0,12595
stacked_high,2.0,q4_a1.5_and,10211,38.60000000000004,32.866666666666696,16.07066666666665,14.993666666666645,3.272088065460973,3.0858180181470916,146,1.0,1.0,12638
stacked_high,2.0,q4_a1.5_and,10212,37.80000000000007,30.46666666666664,17.40966666666665,14.692666666666646,3.268062633350058,2.966663014052462,148,1.0,1.0,11806
stacked_high,2.0,q4_a1.5_and,10213,35.866666666666504,24.333333333333343,14.476666666666642,11.874666666666638,2.7361672010773463,2.4443956589203886,151,1.0,1.0,12901
stacked_high,2.0,q4_a1.5_and,10214,35.06666666666655,31.333333333333343,15.111666666666636,13.235666666666635,2.7565607233191765,2.603768809835701,151,1.0,1.0,12427
stacked_high,2.0,q4_a1.5_and,10215,30.066666666666656,33.46666666666667,14.151666666666642,14.510666666666646,2.73206610307102,2.9588169499197217,143,1.0,1.0,12812
stacked_high,2.0,q4_a1.5_and,10216,39.866666666666845,30.53333333333336,18.49066666666665,14.628666666666645,3.1186530957651435,2.843003207666139,148,1.0,1.0,12089
stacked_high,2.0,q4_a1.5_and,10217,26.86666666666668,24.533333333333346,13.636666666666642,12.484666666666639,2.8306826009052135,2.7005964547931955,151,1.0,1.0,12922
stacked_high,2.0,q4_a1.5_and,10218,27.266666666666566,19.333333333333343,12.263666666666634,8.993666666666629,2.5568536017120795,2.234325537143346,149,1.0,1.0,13120
stacked_high,2.0,q4_a1.5_and,10219,30.6,31.20000000000006,12.572666666666636,14.564666666666644,2.5555919574460133,2.8315664385024952,149,1.0,1.0,12809
stacked_high,2.0,q4_a1.5_and,10220,35.39999999999992,29.79999999999999,15.305666666666644,12.856666666666635,2.8296577095496036,2.7210574183203566,142,1.0,1.0,12535
stacked_high,2.0,q4_a1.5_and,10221,27.800000000000047,23.066666666666706,13.62166666666664,11.020666666666637,2.542291671740473,2.3593479942700286,143,1.0,1.0,13052
stacked_high,2.0,q4_a1.5_and,10222,33.86666666666667,29.400000000000063,15.058666666666648,13.781666666666636,2.979494992848668,2.728826057370748,139,1.0,1.0,12454
stacked_high,2.0,q4_a1.5_and,10223,34.866666666666696,35.33333333333317,18.387666666666643,14.496666666666638,3.0763735712095372,2.760616153739942,148,1.0,1.0,13756
stacked_high,2.0,q4_a1.5_and,10224,34.39999999999981,30.200000000000045,15.665666666666647,13.93066666666664,3.251235899998584,2.7837073922280458,144,1.0,1.0,12754
stacked_high,2.0,q4_a1.5_and,10225,38.0666666666667,38.866666666666845,19.435666666666645,17.268666666666654,3.328678991666629,3.7852072307845748,138,1.0,1.0,13049
stacked_high,2.0,q4_a1.5_and,10226,39.40000000000003,34.533333333333445,18.844666666666665,16.54066666666665,3.7874995821053785,3.2837556495600135,143,1.0,1.0,11773
stacked_high,2.0,q4_a1.5_and,10227,34.73333333333339,27.19999999999979,14.97966666666664,14.466666666666647,3.335925478776222,3.1895660141325606,148,1.0,1.0,12787
stacked_high,2.0,q4_a1.5_and,10228,27.400000000000027,24.733333333333377,14.362666666666641,11.82966666666664,2.813964140332896,2.6789096450598975,146,1.0,1.0,12761
stacked_high,2.0,q4_a1.5_and,10229,38.20000000000013,27.199999999999847,17.214666666666655,13.772666666666641,3.384368034127105,2.822517418855523,146,1.0,1.0,12833
stacked_high,2.0,q8_a0.8_or,10200,41.13333333333335,25.933333333333394,17.734666666666655,11.654666666666635,3.2100501626091162,2.454467040307135,179,1.0,1.0,12808
stacked_high,2.0,q8_a0.8_or,10201,34.93333333333338,23.400000000000027,15.317666666666648,12.03666666666664,2.9854227560886466,2.674080804158054,179,1.0,1.0,12891
stacked_high,2.0,q8_a0.8_or,10202,39.46666666666658,28.066666666666684,17.59566666666665,12.485666666666637,3.4691406142954917,2.6331478637218515,179,1.0,1.0,13229
stacked_high,2.0,q8_a0.8_or,10203,51.533333333333275,24.533333333333417,25.585666666666665,12.94566666666664,4.164339758578245,2.8131626029319414,179,1.0,1.0,13187
stacked_high,2.0,q8_a0.8_or,10204,41.20000000000003,28.13333333333341,17.08466666666665,12.949666666666637,3.3992846517406186,2.502913848716486,179,1.0,1.0,13609
stacked_high,2.0,q8_a0.8_or,10205,36.93333333333328,29.199999999999875,15.611666666666645,13.485666666666647,2.8685251054930894,2.764268011084681,179,1.0,1.0,12765
stacked_high,2.0,q8_a0.8_or,10206,33.266666666666566,29.266666666666687,15.344666666666642,14.050666666666636,3.069447016587018,2.829509992009022,179,1.0,1.0,13224
stacked_high,2.0,q8_a0.8_or,10207,28.066666666666663,25.666666666666693,13.402666666666635,13.245666666666638,2.6301364450550784,2.7100557548424793,179,1.0,1.0,13318
stacked_high,2.0,q8_a0.8_or,10208,39.53333333333349,34.333333333333364,19.449666666666655,15.476666666666647,3.857861405840268,3.1615909546060808,179,1.0,1.0,13930
stacked_high,2.0,q8_a0.8_or,10209,27.400000000000105,25.733333333333363,13.936666666666637,12.31766666666664,2.5664153502533775,2.7613184228162186,179,1.0,1.0,12774
stacked_high,2.0,q8_a0.8_or,10210,34.46666666666653,27.466666666666498,16.427666666666642,13.312666666666637,3.102369122423474,2.5289856090027727,179,1.0,1.0,12875
stacked_high,2.0,q8_a0.8_or,10211,38.60000000000004,28.333333333333364,16.07066666666665,14.01466666666664,3.272088065460973,2.824799734591184,179,1.0,1.0,12645
stacked_high,2.0,q8_a0.8_or,10212,37.80000000000007,27.33333333333323,17.40966666666665,13.02166666666664,3.268062633350058,2.6718330114191273,179,1.0,1.0,11994
stacked_high,2.0,q8_a0.8_or,10213,35.866666666666504,28.79999999999987,14.476666666666642,13.464666666666641,2.7361672010773463,2.7110009976793203,179,1.0,1.0,12408
stacked_high,2.0,q8_a0.8_or,10214,35.06666666666655,28.133333333333383,15.111666666666636,13.147666666666638,2.7565607233191765,2.6149799714909263,179,1.0,1.0,12689
stacked_high,2.0,q8_a0.8_or,10215,30.066666666666656,35.80000000000011,14.151666666666642,15.835666666666645,2.73206610307102,3.2305636378870317,179,1.0,1.0,12970
stacked_high,2.0,q8_a0.8_or,10216,39.866666666666845,37.399999999999864,18.49066666666665,16.049666666666656,3.1186530957651435,3.028611487632277,179,1.0,1.0,13219
stacked_high,2.0,q8_a0.8_or,10217,26.86666666666668,29.0,13.636666666666642,14.160666666666634,2.8306826009052135,2.8191966894628693,179,1.0,1.0,12696
stacked_high,2.0,q8_a0.8_or,10218,27.266666666666566,22.53333333333333,12.263666666666634,10.235666666666633,2.5568536017120795,2.43130036186225,179,1.0,1.0,12613
stacked_high,2.0,q8_a0.8_or,10219,30.6,27.066666666666492,12.572666666666636,13.433666666666642,2.5555919574460133,2.5171388790497513,179,1.0,1.0,12954
stacked_high,2.0,q8_a0.8_or,10220,35.39999999999992,25.400000000000027,15.305666666666644,12.357666666666635,2.8296577095496036,2.4813199751961386,179,1.0,1.0,12587
stacked_high,2.0,q8_a0.8_or,10221,27.800000000000047,20.86666666666671,13.62166666666664,10.090666666666632,2.542291671740473,2.1727930102797473,179,1.0,1.0,13749
stacked_high,2.0,q8_a0.8_or,10222,33.86666666666667,31.3333333333332,15.058666666666648,12.15166666666664,2.979494992848668,2.621893481921964,179,1.0,1.0,12551
stacked_high,2.0,q8_a0.8_or,10223,34.866666666666696,25.0,18.387666666666643,13.055666666666639,3.0763735712095372,2.6048059964218715,179,1.0,1.0,13253
stacked_high,2.0,q8_a0.8_or,10224,34.39999999999981,23.66666666666646,15.665666666666647,11.237666666666634,3.251235899998584,2.395349839642518,179,1.0,1.0,13193
stacked_high,2.0,q8_a0.8_or,10225,38.0666666666667,44.26666666666654,19.435666666666645,20.513666666666644,3.328678991666629,3.6979776343879394,179,1.0,1.0,12872
stacked_high,2.0,q8_a0.8_or,10226,39.40000000000003,42.999999999999886,18.844666666666665,19.071666666666655,3.7874995821053785,3.4436049750105635,179,1.0,1.0,12687
stacked_high,2.0,q8_a0.8_or,10227,34.73333333333339,32.60000000000003,14.97966666666664,13.894666666666648,3.335925478776222,3.2706177796184215,179,1.0,1.0,13070
stacked_high,2.0,q8_a0.8_or,10228,27.400000000000027,21.26666666666671,14.362666666666641,10.61566666666664,2.813964140332896,2.500087798306063,179,1.0,1.0,13484
stacked_high,2.0,q8_a0.8_or,10229,38.20000000000013,26.33333333333303,17.214666666666655,13.877666666666642,3.384368034127105,2.722609591905297,179,1.0,1.0,13106
stacked_high,2.0,q8_a0.8_and,10200,41.13333333333335,24.666666666666345,17.734666666666655,10.830666666666632,3.2100501626091162,2.3957442828899986,131,1.0,1.0,12693
stacked_high,2.0,q8_a0.8_and,10201,34.93333333333338,28.599999999999767,15.317666666666648,13.738666666666646,2.9854227560886466,3.1345918893756703,135,1.0,1.0,13001
stacked_high,2.0,q8_a0.8_and,10202,39.46666666666658,35.13333333333344,17.59566666666665,16.702666666666648,3.4691406142954917,3.26429637964861,123,1.0,1.0,12514
stacked_high,2.0,q8_a0.8_and,10203,51.533333333333275,37.80000000000008,25.585666666666665,17.038666666666646,4.164339758578245,3.144274706672168,86,1.0,1.0,12939
stacked_high,2.0,q8_a0.8_and,10204,41.20000000000003,34.800000000000054,17.08466666666665,16.37166666666664,3.3992846517406186,3.0021996614080546,120,1.0,1.0,13020
stacked_high,2.0,q8_a0.8_and,10205,36.93333333333328,25.533333333333402,15.611666666666645,13.123666666666638,2.8685251054930894,2.613954555752484,124,1.0,1.0,12903
stacked_high,2.0,q8_a0.8_and,10206,33.266666666666566,29.866666666666717,15.344666666666642,13.37966666666664,3.069447016587018,2.7847039084529093,127,1.0,1.0,12654
stacked_high,2.0,q8_a0.8_and,10207,28.066666666666663,26.46666666666644,13.402666666666635,13.361666666666638,2.6301364450550784,2.7078783911123576,127,1.0,1.0,12694
stacked_high,2.0,q8_a0.8_and,10208,39.53333333333349,39.80000000000004,19.449666666666655,17.263666666666644,3.857861405840268,3.2141993311764,116,1.0,1.0,12765
stacked_high,2.0,q8_a0.8_and,10209,27.400000000000105,28.20000000000013,13.936666666666637,14.290666666666638,2.5664153502533775,2.8052692944243245,109,1.0,1.0,12973
stacked_high,2.0,q8_a0.8_and,10210,34.46666666666653,34.79999999999987,16.427666666666642,14.875666666666643,3.102369122423474,2.9666356466950945,120,1.0,1.0,11981
stacked_high,2.0,q8_a0.8_and,10211,38.60000000000004,26.066666666666706,16.07066666666665,12.25866666666664,3.272088065460973,2.6460104868227927,123,1.0,1.0,12981
stacked_high,2.0,q8_a0.8_and,10212,37.80000000000007,34.46666666666633,17.40966666666665,16.074666666666648,3.268062633350058,3.1695454027388497,120,1.0,1.0,12011
stacked_high,2.0,q8_a0.8_and,10213,35.866666666666504,25.26666666666634,14.476666666666642,13.254666666666642,2.7361672010773463,2.5768960876350335,119,1.0,1.0,13305
stacked_high,2.0,q8_a0.8_and,10214,35.06666666666655,33.4666666666665,15.111666666666636,14.112666666666641,2.7565607233191765,2.8565460308265345,123,1.0,1.0,12373
stacked_high,2.0,q8_a0.8_and,10215,30.066666666666656,23.79999999999984,14.151666666666642,12.75066666666664,2.73206610307102,2.6546904731352607,120,1.0,1.0,12391
stacked_high,2.0,q8_a0.8_and,10216,39.866666666666845,30.3333333333332,18.49066666666665,14.70966666666665,3.1186530957651435,2.789060768408581,131,1.0,1.0,12219
stacked_high,2.0,q8_a0.8_and,10217,26.86666666666668,25.933333333333138,13.636666666666642,13.78766666666664,2.8306826009052135,2.785153304955586,127,1.0,1.0,13451
stacked_high,2.0,q8_a0.8_and,10218,27.266666666666566,25.133333333333127,12.263666666666634,11.272666666666638,2.5568536017120795,2.6826704313824283,119,1.0,1.0,12733
stacked_high,2.0,q8_a0.8_and,10219,30.6,26.40000000000009,12.572666666666636,12.82066666666664,2.5555919574460133,2.515100815029754,131,1.0,1.0,12948
stacked_high,2.0,q8_a0.8_and,10220,35.39999999999992,28.200000000000117,15.305666666666644,13.420666666666639,2.8296577095496036,2.736496331943172,116,1.0,1.0,11977
stacked_high,2.0,q8_a0.8_and,10221,27.800000000000047,20.000000000000043,13.62166666666664,11.144666666666636,2.542291671740473,2.2835216848825435,131,1.0,1.0,13386
stacked_high,2.0,q8_a0.8_and,10222,33.86666666666667,29.40000000000009,15.058666666666648,12.968666666666639,2.979494992848668,2.6365162355986884,123,1.0,1.0,12221
stacked_high,2.0,q8_a0.8_and,10223,34.866666666666696,28.466666666666683,18.387666666666643,14.175666666666642,3.0763735712095372,2.821986849510253,135,1.0,1.0,13542
stacked_high,2.0,q8_a0.8_and,10224,34.39999999999981,28.733333333333405,15.665666666666647,12.766666666666643,3.251235899998584,2.600924595599011,131,1.0,1.0,12807
stacked_high,2.0,q8_a0.8_and,10225,38.0666666666667,39.933333333333195,19.435666666666645,18.251666666666654,3.328678991666629,3.6456940382945264,131,1.0,1.0,12150
stacked_high,2.0,q8_a0.8_and,10226,39.40000000000003,36.33333333333332,18.844666666666665,15.97866666666665,3.7874995821053785,3.059236975747631,129,1.0,1.0,12659
stacked_high,2.0,q8_a0.8_and,10227,34.73333333333339,29.60000000000005,14.97966666666664,14.756666666666636,3.335925478776222,3.107762174886635,131,1.0,1.0,13237
stacked_high,2.0,q8_a0.8_and,10228,27.400000000000027,25.400000000000063,14.362666666666641,12.478666666666635,2.813964140332896,2.6053032202649202,127,1.0,1.0,12893
stacked_high,2.0,q8_a0.8_and,10229,38.20000000000013,26.599999999999767,17.214666666666655,13.025666666666641,3.384368034127105,2.731133561638846,131,1.0,1.0,12668
stacked_high,2.0,q8_a1.5_or,10200,41.13333333333335,25.133333333333155,17.734666666666655,11.018666666666636,3.2100501626091162,2.526417909357842,151,1.0,1.0,13024
stacked_high,2.0,q8_a1.5_or,10201,34.93333333333338,25.466666666666725,15.317666666666648,11.686666666666637,2.9854227560886466,2.7477516973277836,151,1.0,1.0,12592
stacked_high,2.0,q8_a1.5_or,10202,39.46666666666658,38.06666666666649,17.59566666666665,17.19766666666665,3.4691406142954917,3.270438775060226,151,1.0,1.0,12766
stacked_high,2.0,q8_a1.5_or,10203,51.533333333333275,41.06666666666655,25.585666666666665,18.702666666666666,4.164339758578245,3.689727858548246,151,1.0,1.0,13014
stacked_high,2.0,q8_a1.5_or,10204,41.20000000000003,39.266666666666694,17.08466666666665,17.95066666666664,3.3992846517406186,3.2210124518634546,151,1.0,1.0,12880
stacked_high,2.0,q8_a1.5_or,10205,36.93333333333328,40.93333333333338,15.611666666666645,17.520666666666667,2.8685251054930894,3.5909551836977855,151,1.0,1.0,13387
stacked_high,2.0,q8_a1.5_or,10206,33.266666666666566,20.86666666666671,15.344666666666642,11.33666666666663,3.069447016587018,2.4812924370453513,151,1.0,1.0,13396
stacked_high,2.0,q8_a1.5_or,10207,28.066666666666663,21.800000000000054,13.402666666666635,10.343666666666635,2.6301364450550784,2.3839122310665632,151,1.0,1.0,13097
stacked_high,2.0,q8_a1.5_or,10208,39.53333333333349,29.33333333333337,19.449666666666655,13.106666666666637,3.857861405840268,2.8546408858512957,151,1.0,1.0,13461
stacked_high,2.0,q8_a1.5_or,10209,27.400000000000105,29.466666666666676,13.936666666666637,14.157666666666648,2.5664153502533775,2.9203377769847068,151,1.0,1.0,12946
stacked_high,2.0,q8_a1.5_or,10210,34.46666666666653,30.133333333333184,16.427666666666642,13.650666666666641,3.102369122423474,2.7449420949019663,152,1.0,1.0,12595
stacked_high,2.0,q8_a1.5_or,10211,38.60000000000004,32.866666666666696,16.07066666666665,14.993666666666645,3.272088065460973,3.0858180181470916,151,1.0,1.0,12638
stacked_high,2.0,q8_a1.5_or,10212,37.80000000000007,30.46666666666664,17.40966666666665,14.692666666666646,3.268062633350058,2.966663014052462,151,1.0,1.0,11806
stacked_high,2.0,q8_a1.5_or,10213,35.866666666666504,24.333333333333343,14.476666666666642,11.874666666666638,2.7361672010773463,2.4443956589203886,151,1.0,1.0,12901
stacked_high,2.0,q8_a1.5_or,10214,35.06666666666655,31.333333333333343,15.111666666666636,13.235666666666635,2.7565607233191765,2.603768809835701,151,1.0,1.0,12427
stacked_high,2.0,q8_a1.5_or,10215,30.066666666666656,33.46666666666667,14.151666666666642,14.510666666666646,2.73206610307102,2.9588169499197217,151,1.0,1.0,12812
stacked_high,2.0,q8_a1.5_or,10216,39.866666666666845,30.53333333333336,18.49066666666665,14.628666666666645,3.1186530957651435,2.843003207666139,151,1.0,1.0,12089
stacked_high,2.0,q8_a1.5_or,10217,26.86666666666668,24.533333333333346,13.636666666666642,12.484666666666639,2.8306826009052135,2.7005964547931955,151,1.0,1.0,12922
stacked_high,2.0,q8_a1.5_or,10218,27.266666666666566,19.333333333333343,12.263666666666634,8.993666666666629,2.5568536017120795,2.234325537143346,151,1.0,1.0,13120
stacked_high,2.0,q8_a1.5_or,10219,30.6,28.86666666666676,12.572666666666636,13.445666666666641,2.5555919574460133,2.6084572125604093,152,1.0,1.0,12737
stacked_high,2.0,q8_a1.5_or,10220,35.39999999999992,29.79999999999999,15.305666666666644,12.856666666666635,2.8296577095496036,2.7210574183203566,151,1.0,1.0,12535
stacked_high,2.0,q8_a1.5_or,10221,27.800000000000047,23.200000000000074,13.62166666666664,11.010666666666637,2.542291671740473,2.3505475970359213,151,1.0,1.0,13095
stacked_high,2.0,q8_a1.5_or,10222,33.86666666666667,29.400000000000063,15.058666666666648,13.824666666666637,2.979494992848668,2.736739824566669,151,1.0,1.0,12757
stacked_high,2.0,q8_a1.5_or,10223,34.866666666666696,35.33333333333317,18.387666666666643,14.496666666666638,3.0763735712095372,2.760616153739942,151,1.0,1.0,13756
stacked_high,2.0,q8_a1.5_or,10224,34.39999999999981,30.200000000000045,15.665666666666647,13.93066666666664,3.251235899998584,2.7837073922280458,151,1.0,1.0,12754
stacked_high,2.0,q8_a1.5_or,10225,38.0666666666667,38.866666666666845,19.435666666666645,17.268666666666654,3.328678991666629,3.7852072307845748,151,1.0,1.0,13049
stacked_high,2.0,q8_a1.5_or,10226,39.40000000000003,34.533333333333445,18.844666666666665,16.54066666666665,3.7874995821053785,3.2837556495600135,151,1.0,1.0,11773
stacked_high,2.0,q8_a1.5_or,10227,34.73333333333339,27.19999999999979,14.97966666666664,14.466666666666647,3.335925478776222,3.1895660141325606,151,1.0,1.0,12787
stacked_high,2.0,q8_a1.5_or,10228,27.400000000000027,24.733333333333377,14.362666666666641,11.82966666666664,2.813964140332896,2.6789096450598975,151,1.0,1.0,12761
stacked_high,2.0,q8_a1.5_or,10229,38.20000000000013,27.199999999999847,17.214666666666655,13.772666666666641,3.384368034127105,2.822517418855523,151,1.0,1.0,12833
stacked_high,2.0,q8_a1.5_and,10200,41.13333333333335,24.666666666666345,17.734666666666655,10.830666666666632,3.2100501626091162,2.3957442828899986,131,1.0,1.0,12693
stacked_high,2.0,q8_a1.5_and,10201,34.93333333333338,28.599999999999767,15.317666666666648,13.738666666666646,2.9854227560886466,3.1345918893756703,135,1.0,1.0,13001
stacked_high,2.0,q8_a1.5_and,10202,39.46666666666658,35.13333333333344,17.59566666666665,16.702666666666648,3.4691406142954917,3.26429637964861,123,1.0,1.0,12514
stacked_high,2.0,q8_a1.5_and,10203,51.533333333333275,37.80000000000008,25.585666666666665,17.038666666666646,4.164339758578245,3.144274706672168,86,1.0,1.0,12939
stacked_high,2.0,q8_a1.5_and,10204,41.20000000000003,34.800000000000054,17.08466666666665,16.37166666666664,3.3992846517406186,3.0021996614080546,120,1.0,1.0,13020
stacked_high,2.0,q8_a1.5_and,10205,36.93333333333328,25.533333333333402,15.611666666666645,13.123666666666638,2.8685251054930894,2.613954555752484,124,1.0,1.0,12903
stacked_high,2.0,q8_a1.5_and,10206,33.266666666666566,29.866666666666717,15.344666666666642,13.37966666666664,3.069447016587018,2.7847039084529093,127,1.0,1.0,12654
stacked_high,2.0,q8_a1.5_and,10207,28.066666666666663,26.46666666666644,13.402666666666635,13.361666666666638,2.6301364450550784,2.7078783911123576,127,1.0,1.0,12694
stacked_high,2.0,q8_a1.5_and,10208,39.53333333333349,39.80000000000004,19.449666666666655,17.263666666666644,3.857861405840268,3.2141993311764,116,1.0,1.0,12765
stacked_high,2.0,q8_a1.5_and,10209,27.400000000000105,28.20000000000013,13.936666666666637,14.290666666666638,2.5664153502533775,2.8052692944243245,109,1.0,1.0,12973
stacked_high,2.0,q8_a1.5_and,10210,34.46666666666653,34.79999999999987,16.427666666666642,14.875666666666643,3.102369122423474,2.9666356466950945,119,1.0,1.0,11981
stacked_high,2.0,q8_a1.5_and,10211,38.60000000000004,26.066666666666706,16.07066666666665,12.25866666666664,3.272088065460973,2.6460104868227927,123,1.0,1.0,12981
stacked_high,2.0,q8_a1.5_and,10212,37.80000000000007,34.46666666666633,17.40966666666665,16.074666666666648,3.268062633350058,3.1695454027388497,119,1.0,1.0,12011
stacked_high,2.0,q8_a1.5_and,10213,35.866666666666504,25.26666666666634,14.476666666666642,13.254666666666642,2.7361672010773463,2.5768960876350335,119,1.0,1.0,13305
stacked_high,2.0,q8_a1.5_and,10214,35.06666666666655,33.4666666666665,15.111666666666636,14.112666666666641,2.7565607233191765,2.8565460308265345,123,1.0,1.0,12373
stacked_high,2.0,q8_a1.5_and,10215,30.066666666666656,23.79999999999984,14.151666666666642,12.75066666666664,2.73206610307102,2.6546904731352607,120,1.0,1.0,12391
stacked_high,2.0,q8_a1.5_and,10216,39.866666666666845,30.3333333333332,18.49066666666665,14.70966666666665,3.1186530957651435,2.789060768408581,131,1.0,1.0,12219
stacked_high,2.0,q8_a1.5_and,10217,26.86666666666668,25.933333333333138,13.636666666666642,13.78766666666664,2.8306826009052135,2.785153304955586,127,1.0,1.0,13451
stacked_high,2.0,q8_a1.5_and,10218,27.266666666666566,25.133333333333127,12.263666666666634,11.272666666666638,2.5568536017120795,2.6826704313824283,119,1.0,1.0,12733
stacked_high,2.0,q8_a1.5_and,10219,30.6,26.40000000000009,12.572666666666636,12.82066666666664,2.5555919574460133,2.515100815029754,131,1.0,1.0,12948
stacked_high,2.0,q8_a1.5_and,10220,35.39999999999992,28.200000000000117,15.305666666666644,13.420666666666639,2.8296577095496036,2.736496331943172,116,1.0,1.0,11977
stacked_high,2.0,q8_a1.5_and,10221,27.800000000000047,20.000000000000043,13.62166666666664,11.144666666666636,2.542291671740473,2.2835216848825435,131,1.0,1.0,13386
stacked_high,2.0,q8_a1.5_and,10222,33.86666666666667,29.40000000000009,15.058666666666648,12.968666666666639,2.979494992848668,2.6365162355986884,123,1.0,1.0,12221
stacked_high,2.0,q8_a1.5_and,10223,34.866666666666696,28.466666666666683,18.387666666666643,14.175666666666642,3.0763735712095372,2.821986849510253,135,1.0,1.0,13542
stacked_high,2.0,q8_a1.5_and,10224,34.39999999999981,28.733333333333405,15.665666666666647,12.766666666666643,3.251235899998584,2.600924595599011,131,1.0,1.0,12807
stacked_high,2.0,q8_a1.5_and,10225,38.0666666666667,39.933333333333195,19.435666666666645,18.251666666666654,3.328678991666629,3.6456940382945264,131,1.0,1.0,12150
stacked_high,2.0,q8_a1.5_and,10226,39.40000000000003,36.33333333333332,18.844666666666665,15.97866666666665,3.7874995821053785,3.059236975747631,129,1.0,1.0,12659
stacked_high,2.0,q8_a1.5_and,10227,34.73333333333339,29.60000000000005,14.97966666666664,14.756666666666636,3.335925478776222,3.107762174886635,131,1.0,1.0,13237
stacked_high,2.0,q8_a1.5_and,10228,27.400000000000027,25.400000000000063,14.362666666666641,12.478666666666635,2.813964140332896,2.6053032202649202,127,1.0,1.0,12893
stacked_high,2.0,q8_a1.5_and,10229,38.20000000000013,26.599999999999767,17.214666666666655,13.025666666666641,3.384368034127105,2.731133561638846,131,1.0,1.0,12668
