workload,penalty,config,seed,baseline_p95_wait,burst_aware_p95_wait,baseline_avg_wait,burst_aware_avg_wait,baseline_avg_slowdown,burst_aware_avg_slowdown,detector_fires,recall,precision,sched_cores_scanned
bursty_high_s24,0.0,q2_a0.8_or,10300,1.6000000000000298,1.7333333333333698,0.5816666666664941,0.6049999999998281,1.0653065565183155,1.0630011158379802,12,0.5,1.0,48425
bursty_high_s24,0.0,q2_a0.8_or,10301,0.999999999999801,0.999999999999801,0.5541666666665018,0.5541666666665018,1.0548460312554526,1.0548460312554526,4,0.2,1.0,49102
bursty_high_s24,0.0,q2_a0.8_or,10302,0.9333333333333798,1.2666666666666941,0.504166666666495,0.530833333333162,1.049815491879469,1.0542198448941524,20,0.8,1.0,50492
bursty_high_s24,0.0,q2_a0.8_or,10303,1.8000000000000114,1.8666666666667027,0.581666666666494,0.583333333333162,1.0658316006053015,1.0662382266848793,14,0.8,1.0,49393
bursty_high_s24,0.0,q2_a0.8_or,10304,0.9999999999992326,1.2666666666662252,0.5208333333331642,0.531666666666498,1.0491382584333986,1.0468838854952904,12,0.6,1.0,50176
bursty_high_s24,0.0,q2_a0.8_or,10305,0.9333333333333655,0.9333333333333655,0.47999999999983073,0.4858333333331643,1.0366073224789685,1.0371335681910228,7,0.4,1.0,49408
bursty_high_s24,0.0,q2_a0.8_or,10306,1.3333333333332007,1.3333333333332007,0.5558333333331675,0.5524999999998342,1.052922057794172,1.0527180358080113,9,0.6,1.0,48804
bursty_high_s24,0.0,q2_a0.8_or,10307,0.9999999999999716,1.333333333333357,0.5049999999998338,0.5466666666664989,1.0443197131349196,1.0494287019418471,18,0.8,1.0,49793
bursty_high_s24,0.0,q2_a0.8_or,10308,0.9999999999995168,0.9999999999997442,0.5116666666664947,0.5316666666664951,1.0465464230393335,1.0472517940386503,10,0.5,1.0,49875
bursty_high_s24,0.0,q2_a0.8_or,10309,1.6000000000000227,1.6000000000000227,0.5408333333331654,0.5324999999998327,1.052877876777011,1.0543495578446451,11,0.7,1.0,49510
bursty_high_s24,0.0,q2_a0.8_or,10310,0.9999999999999147,1.199999999999278,0.49916666666649856,0.5249999999998333,1.051781191560382,1.0526794360965714,3,0.2,1.0,48249
bursty_high_s24,0.0,q2_a0.8_or,10311,1.1333333333323878,1.0666666666666913,0.5499999999998244,0.547499999999824,1.0510600613101873,1.0524831448095435,9,0.5,1.0,49534
bursty_high_s24,0.0,q2_a0.8_or,10312,1.3333333333324333,1.8666666666657648,0.5524999999998353,0.5374999999998364,1.0513389161503506,1.047633924885336,14,0.6,1.0,49080
bursty_high_s24,0.0,q2_a0.8_or,10313,0.9333333333333584,0.9999999999993179,0.48166666666649605,0.5083333333331627,1.037521354735455,1.037823863801964,14,0.7,1.0,50209
bursty_high_s24,0.0,q2_a0.8_or,10314,0.933333333333394,0.9333333333333727,0.4749999999998361,0.5058333333331666,1.0413136255580056,1.0431037478821443,7,0.3,1.0,49572
bursty_high_s24,0.0,q2_a0.8_or,10315,1.2666666666663104,1.3333333333333641,0.546666666666501,0.5541666666664997,1.04870553326988,1.0544033264122648,11,0.6,1.0,49266
bursty_high_s24,0.0,q2_a0.8_or,10316,1.333333333333357,1.6666666666658045,0.5258333333331583,0.5758333333331616,1.0517317551327787,1.0503430733989183,13,0.8,1.0,49582
bursty_high_s24,0.0,q2_a0.8_or,10317,1.0666666666667055,1.266666666666687,0.5308333333331595,0.5349999999998248,1.0519932413783997,1.0531046903298886,11,0.6,1.0,49186
bursty_high_s24,0.0,q2_a0.8_or,10318,1.2000000000000455,1.3999999999991246,0.5241666666665022,0.5258333333331692,1.0452433427646262,1.0453490505825582,8,0.5,1.0,48990
bursty_high_s24,0.0,q2_a0.8_or,10319,1.3333333333333712,1.3333333333333712,0.5374999999998311,0.5374999999998311,1.0555708879988066,1.0555708879988066,10,0.7,1.0,49450
bursty_high_s24,0.0,q2_a0.8_or,10320,1.2666666666667084,1.6000000000000512,0.573333333333163,0.569166666666496,1.0504907631964289,1.0523938642679431,12,0.7,1.0,49706
bursty_high_s24,0.0,q2_a0.8_or,10321,0.9333333333333655,0.9333333333333655,0.4749999999998298,0.4749999999998298,1.0403867423592683,1.0403867423592683,2,0.2,1.0,48993
bursty_high_s24,0.0,q2_a0.8_or,10322,1.2666666666657136,1.0666666666666984,0.5358333333331603,0.5099999999998254,1.0551309236970414,1.0493755114755534,10,0.4,1.0,49045
bursty_high_s24,0.0,q2_a0.8_or,10323,0.9999999999998579,0.9999999999998579,0.49833333333316765,0.49833333333316765,1.0415464052898409,1.0415464052898409,9,0.7,1.0,49918
bursty_high_s24,0.0,q2_a0.8_or,10324,1.6666666666666927,1.6666666666666927,0.5799999999998238,0.5799999999998238,1.0623791142373837,1.0623791142373837,8,0.3,1.0,49422
bursty_high_s24,0.0,q2_a0.8_or,10325,1.8666666666667027,1.466666666666697,0.5441666666665008,0.5458333333331665,1.0595460308699427,1.0558250758665724,16,0.7,1.0,49964
bursty_high_s24,0.0,q2_a0.8_or,10326,0.9999999999990052,0.9999999999993179,0.48416666666649816,0.5124999999998308,1.042554716872855,1.042294802683412,4,0.2,1.0,49824
bursty_high_s24,0.0,q2_a0.8_or,10327,0.9999999999999147,0.9999999999999147,0.5391666666664985,0.5391666666664985,1.0421858922117067,1.0421858922117067,5,0.4,1.0,49833
bursty_high_s24,0.0,q2_a0.8_or,10328,0.9999999999994884,0.933333333333394,0.5233333333331769,0.4966666666665093,1.0494227575548862,1.0466943324522129,8,0.5,1.0,49777
bursty_high_s24,0.0,q2_a0.8_or,10329,0.999999999999261,0.9999999999993747,0.5308333333331702,0.517499999999835,1.045702096037563,1.043909046450557,9,0.5,1.0,49943
bursty_high_s24,0.0,q2_a0.8_and,10300,1.6000000000000298,1.6000000000000298,0.5816666666664941,0.5816666666664941,1.0653065565183155,1.0653065565183155,3,0.2,1.0,47865
bursty_high_s24,0.0,q2_a0.8_and,10301,0.999999999999801,0.999999999999801,0.5541666666665018,0.5541666666665018,1.0548460312554526,1.0548460312554526,0,0.0,,48806
bursty_high_s24,0.0,q2_a0.8_and,10302,0.9333333333333798,0.9333333333333798,0.504166666666495,0.504166666666495,1.049815491879469,1.049815491879469,0,0.0,,48733
bursty_high_s24,0.0,q2_a0.8_and,10303,1.8000000000000114,1.8000000000000114,0.581666666666494,0.581666666666494,1.0658316006053015,1.0658316006053015,0,0.0,,47762
bursty_high_s24,0.0,q2_a0.8_and,10304,0.9999999999992326,0.9999999999992326,0.5208333333331642,0.5208333333331642,1.0491382584333986,1.0491382584333986,0,0.0,,48890
bursty_high_s24,0.0,q2_a0.8_and,10305,0.9333333333333655,0.9333333333333655,0.47999999999983073,0.47999999999983073,1.0366073224789685,1.0366073224789685,0,0.0,,48857
bursty_high_s24,0.0,q2_a0.8_and,10306,1.3333333333332007,1.3333333333332007,0.5558333333331675,0.5558333333331675,1.052922057794172,1.052922057794172,0,0.0,,47770
bursty_high_s24,0.0,q2_a0.8_and,10307,0.9999999999999716,0.9999999999999716,0.5049999999998338,0.5049999999998338,1.0443197131349196,1.0443197131349196,0,0.0,,47839
bursty_high_s24,0.0,q2_a0.8_and,10308,0.9999999999995168,0.9999999999995168,0.5116666666664947,0.5116666666664947,1.0465464230393335,1.0465464230393335,0,0.0,,48871
bursty_high_s24,0.0,q2_a0.8_and,10309,1.6000000000000227,1.6000000000000227,0.5408333333331654,0.5408333333331654,1.052877876777011,1.052877876777011,0,0.0,,48327
bursty_high_s24,0.0,q2_a0.8_and,10310,0.9999999999999147,0.9999999999999147,0.49916666666649856,0.49916666666649856,1.051781191560382,1.051781191560382,0,0.0,,48023
bursty_high_s24,0.0,q2_a0.8_and,10311,1.1333333333323878,1.1333333333323878,0.5499999999998244,0.5499999999998244,1.0510600613101873,1.0510600613101873,0,0.0,,48772
bursty_high_s24,0.0,q2_a0.8_and,10312,1.3333333333324333,1.3333333333324333,0.5524999999998353,0.5524999999998353,1.0513389161503506,1.0513389161503506,0,0.0,,48487
bursty_high_s24,0.0,q2_a0.8_and,10313,0.9333333333333584,0.9333333333333584,0.48166666666649605,0.48166666666649605,1.037521354735455,1.037521354735455,1,0.1,1.0,49124
bursty_high_s24,0.0,q2_a0.8_and,10314,0.933333333333394,0.933333333333394,0.4749999999998361,0.4749999999998361,1.0413136255580056,1.0413136255580056,0,0.0,,48792
bursty_high_s24,0.0,q2_a0.8_and,10315,1.2666666666663104,1.2666666666663104,0.546666666666501,0.546666666666501,1.04870553326988,1.04870553326988,1,0.1,1.0,48553
bursty_high_s24,0.0,q2_a0.8_and,10316,1.333333333333357,1.333333333333357,0.5258333333331583,0.5258333333331583,1.0517317551327787,1.0517317551327787,1,0.1,1.0,48408
bursty_high_s24,0.0,q2_a0.8_and,10317,1.0666666666667055,1.0666666666667055,0.5308333333331595,0.5308333333331595,1.0519932413783997,1.0519932413783997,0,0.0,,48914
bursty_high_s24,0.0,q2_a0.8_and,10318,1.2000000000000455,1.2000000000000455,0.5241666666665022,0.5241666666665022,1.0452433427646262,1.0452433427646262,0,0.0,,48288
bursty_high_s24,0.0,q2_a0.8_and,10319,1.3333333333333712,1.3333333333333712,0.5374999999998311,0.5374999999998311,1.0555708879988066,1.0555708879988066,0,0.0,,48273
bursty_high_s24,0.0,q2_a0.8_and,10320,1.2666666666667084,1.2666666666667084,0.573333333333163,0.573333333333163,1.0504907631964289,1.0504907631964289,0,0.0,,48120
bursty_high_s24,0.0,q2_a0.8_and,10321,0.9333333333333655,0.9333333333333655,0.4749999999998298,0.4749999999998298,1.0403867423592683,1.0403867423592683,0,0.0,,48697
bursty_high_s24,0.0,q2_a0.8_and,10322,1.2666666666657136,1.0666666666666984,0.5358333333331603,0.5149999999998276,1.0551309236970414,1.0532493170034027,1,0.1,1.0,49065
bursty_high_s24,0.0,q2_a0.8_and,10323,0.9999999999998579,0.9999999999998579,0.49833333333316765,0.49833333333316765,1.0415464052898409,1.0415464052898409,0,0.0,,48882
bursty_high_s24,0.0,q2_a0.8_and,10324,1.6666666666666927,1.6666666666666927,0.5799999999998238,0.5799999999998238,1.0623791142373837,1.0623791142373837,0,0.0,,48682
bursty_high_s24,0.0,q2_a0.8_and,10325,1.8666666666667027,1.8666666666667027,0.5441666666665008,0.5441666666665008,1.0595460308699427,1.0595460308699427,1,0.1,1.0,48083
bursty_high_s24,0.0,q2_a0.8_and,10326,0.9999999999990052,0.9999999999990052,0.48416666666649816,0.48416666666649816,1.042554716872855,1.042554716872855,0,0.0,,49547
bursty_high_s24,0.0,q2_a0.8_and,10327,0.9999999999999147,0.9999999999999147,0.5391666666664985,0.5391666666664985,1.0421858922117067,1.0421858922117067,1,0.1,1.0,49389
bursty_high_s24,0.0,q2_a0.8_and,10328,0.9999999999994884,0.9999999999994884,0.5233333333331769,0.5233333333331769,1.0494227575548862,1.0494227575548862,0,0.0,,48105
bursty_high_s24,0.0,q2_a0.8_and,10329,0.999999999999261,0.999999999999261,0.5308333333331702,0.5308333333331702,1.045702096037563,1.045702096037563,0,0.0,,49204
bursty_high_s24,0.0,q2_a1.5_or,10300,1.6000000000000298,1.6000000000000298,0.5816666666664941,0.5816666666664941,1.0653065565183155,1.0653065565183155,3,0.2,1.0,47865
bursty_high_s24,0.0,q2_a1.5_or,10301,0.999999999999801,0.999999999999801,0.5541666666665018,0.5541666666665018,1.0548460312554526,1.0548460312554526,0,0.0,,48806
bursty_high_s24,0.0,q2_a1.5_or,10302,0.9333333333333798,0.9333333333333798,0.504166666666495,0.504166666666495,1.049815491879469,1.049815491879469,0,0.0,,48733
bursty_high_s24,0.0,q2_a1.5_or,10303,1.8000000000000114,1.8666666666667027,0.581666666666494,0.5774999999998275,1.0658316006053015,1.0606051251997497,1,0.1,1.0,47852
bursty_high_s24,0.0,q2_a1.5_or,10304,0.9999999999992326,0.9999999999992326,0.5208333333331642,0.5208333333331642,1.0491382584333986,1.0491382584333986,0,0.0,,48890
bursty_high_s24,0.0,q2_a1.5_or,10305,0.9333333333333655,0.9333333333333655,0.47999999999983073,0.47999999999983073,1.0366073224789685,1.0366073224789685,0,0.0,,48857
bursty_high_s24,0.0,q2_a1.5_or,10306,1.3333333333332007,1.3333333333332007,0.5558333333331675,0.5558333333331675,1.052922057794172,1.052922057794172,0,0.0,,47770
bursty_high_s24,0.0,q2_a1.5_or,10307,0.9999999999999716,0.9999999999999716,0.5049999999998338,0.5049999999998338,1.0443197131349196,1.0443197131349196,0,0.0,,47839
bursty_high_s24,0.0,q2_a1.5_or,10308,0.9999999999995168,0.9999999999995168,0.5116666666664947,0.5116666666664947,1.0465464230393335,1.0465464230393335,0,0.0,,48871
bursty_high_s24,0.0,q2_a1.5_or,10309,1.6000000000000227,1.6000000000000227,0.5408333333331654,0.5408333333331654,1.052877876777011,1.052877876777011,0,0.0,,48327
bursty_high_s24,0.0,q2_a1.5_or,10310,0.9999999999999147,0.9999999999999147,0.49916666666649856,0.49916666666649856,1.051781191560382,1.051781191560382,0,0.0,,48023
bursty_high_s24,0.0,q2_a1.5_or,10311,1.1333333333323878,1.1333333333323878,0.5499999999998244,0.5499999999998244,1.0510600613101873,1.0510600613101873,0,0.0,,48772
bursty_high_s24,0.0,q2_a1.5_or,10312,1.3333333333324333,1.3333333333324333,0.5524999999998353,0.5524999999998353,1.0513389161503506,1.0513389161503506,1,0.1,1.0,48635
bursty_high_s24,0.0,q2_a1.5_or,10313,0.9333333333333584,0.9333333333333584,0.48166666666649605,0.48166666666649605,1.037521354735455,1.037521354735455,1,0.1,1.0,49124
bursty_high_s24,0.0,q2_a1.5_or,10314,0.933333333333394,0.933333333333394,0.4749999999998361,0.4749999999998361,1.0413136255580056,1.0413136255580056,0,0.0,,48792
bursty_high_s24,0.0,q2_a1.5_or,10315,1.2666666666663104,1.3333333333330586,0.546666666666501,0.5566666666665004,1.04870553326988,1.0538081076295323,4,0.3,1.0,48729
bursty_high_s24,0.0,q2_a1.5_or,10316,1.333333333333357,1.333333333333357,0.5258333333331583,0.5258333333331583,1.0517317551327787,1.0517317551327787,1,0.1,1.0,48408
bursty_high_s24,0.0,q2_a1.5_or,10317,1.0666666666667055,1.0666666666667055,0.5308333333331595,0.5308333333331595,1.0519932413783997,1.0519932413783997,0,0.0,,48914
bursty_high_s24,0.0,q2_a1.5_or,10318,1.2000000000000455,1.2000000000000455,0.5241666666665022,0.5241666666665022,1.0452433427646262,1.0452433427646262,0,0.0,,48288
bursty_high_s24,0.0,q2_a1.5_or,10319,1.3333333333333712,1.3333333333333712,0.5374999999998311,0.5374999999998311,1.0555708879988066,1.0555708879988066,0,0.0,,48273
bursty_high_s24,0.0,q2_a1.5_or,10320,1.2666666666667084,1.2666666666667084,0.573333333333163,0.573333333333163,1.0504907631964289,1.0504907631964289,0,0.0,,48120
bursty_high_s24,0.0,q2_a1.5_or,10321,0.9333333333333655,0.9333333333333655,0.4749999999998298,0.4749999999998298,1.0403867423592683,1.0403867423592683,1,0.1,1.0,48845
bursty_high_s24,0.0,q2_a1.5_or,10322,1.2666666666657136,1.0666666666666984,0.5358333333331603,0.5149999999998276,1.0551309236970414,1.0532493170034027,1,0.1,1.0,49065
bursty_high_s24,0.0,q2_a1.5_or,10323,0.9999999999998579,0.9999999999998579,0.49833333333316765,0.49833333333316765,1.0415464052898409,1.0415464052898409,0,0.0,,48882
bursty_high_s24,0.0,q2_a1.5_or,10324,1.6666666666666927,1.6666666666666927,0.5799999999998238,0.5799999999998238,1.0623791142373837,1.0623791142373837,1,0.1,1.0,48830
bursty_high_s24,0.0,q2_a1.5_or,10325,1.8666666666667027,1.8666666666667027,0.5441666666665008,0.5441666666665008,1.0595460308699427,1.0595460308699427,2,0.2,1.0,48231
bursty_high_s24,0.0,q2_a1.5_or,10326,0.9999999999990052,0.9999999999990052,0.48416666666649816,0.48416666666649816,1.042554716872855,1.042554716872855,0,0.0,,49547
bursty_high_s24,0.0,q2_a1.5_or,10327,0.9999999999999147,0.9999999999999147,0.5391666666664985,0.5391666666664985,1.0421858922117067,1.0421858922117067,1,0.1,1.0,49389
bursty_high_s24,0.0,q2_a1.5_or,10328,0.9999999999994884,0.9999999999994884,0.5233333333331769,0.5233333333331769,1.0494227575548862,1.0494227575548862,0,0.0,,48105
bursty_high_s24,0.0,q2_a1.5_or,10329,0.999999999999261,0.999999999999261,0.5308333333331702,0.5308333333331702,1.045702096037563,1.045702096037563,0,0.0,,49204
bursty_high_s24,0.0,q2_a1.5_and,10300,1.6000000000000298,1.6000000000000298,0.5816666666664941,0.5816666666664941,1.0653065565183155,1.0653065565183155,0,0.0,,47569
bursty_high_s24,0.0,q2_a1.5_and,10301,0.999999999999801,0.999999999999801,0.5541666666665018,0.5541666666665018,1.0548460312554526,1.0548460312554526,0,0.0,,48806
bursty_high_s24,0.0,q2_a1.5_and,10302,0.9333333333333798,0.9333333333333798,0.504166666666495,0.504166666666495,1.049815491879469,1.049815491879469,0,0.0,,48733
bursty_high_s24,0.0,q2_a1.5_and,10303,1.8000000000000114,1.8000000000000114,0.581666666666494,0.581666666666494,1.0658316006053015,1.0658316006053015,0,0.0,,47762
bursty_high_s24,0.0,q2_a1.5_and,10304,0.9999999999992326,0.9999999999992326,0.5208333333331642,0.5208333333331642,1.0491382584333986,1.0491382584333986,0,0.0,,48890
bursty_high_s24,0.0,q2_a1.5_and,10305,0.9333333333333655,0.9333333333333655,0.47999999999983073,0.47999999999983073,1.0366073224789685,1.0366073224789685,0,0.0,,48857
bursty_high_s24,0.0,q2_a1.5_and,10306,1.3333333333332007,1.3333333333332007,0.5558333333331675,0.5558333333331675,1.052922057794172,1.052922057794172,0,0.0,,47770
bursty_high_s24,0.0,q2_a1.5_and,10307,0.9999999999999716,0.9999999999999716,0.5049999999998338,0.5049999999998338,1.0443197131349196,1.0443197131349196,0,0.0,,47839
bursty_high_s24,0.0,q2_a1.5_and,10308,0.9999999999995168,0.9999999999995168,0.5116666666664947,0.5116666666664947,1.0465464230393335,1.0465464230393335,0,0.0,,48871
bursty_high_s24,0.0,q2_a1.5_and,10309,1.6000000000000227,1.6000000000000227,0.5408333333331654,0.5408333333331654,1.052877876777011,1.052877876777011,0,0.0,,48327
bursty_high_s24,0.0,q2_a1.5_and,10310,0.9999999999999147,0.9999999999999147,0.49916666666649856,0.49916666666649856,1.051781191560382,1.051781191560382,0,0.0,,48023
bursty_high_s24,0.0,q2_a1.5_and,10311,1.1333333333323878,1.1333333333323878,0.5499999999998244,0.5499999999998244,1.0510600613101873,1.0510600613101873,0,0.0,,48772
bursty_high_s24,0.0,q2_a1.5_and,10312,1.3333333333324333,1.3333333333324333,0.5524999999998353,0.5524999999998353,1.0513389161503506,1.0513389161503506,0,0.0,,48487
bursty_high_s24,0.0,q2_a1.5_and,10313,0.9333333333333584,0.9333333333333584,0.48166666666649605,0.48166666666649605,1.037521354735455,1.037521354735455,0,0.0,,48976
bursty_high_s24,0.0,q2_a1.5_and,10314,0.933333333333394,0.933333333333394,0.4749999999998361,0.4749999999998361,1.0413136255580056,1.0413136255580056,0,0.0,,48792
bursty_high_s24,0.0,q2_a1.5_and,10315,1.2666666666663104,1.2666666666663104,0.546666666666501,0.546666666666501,1.04870553326988,1.04870553326988,0,0.0,,48405
bursty_high_s24,0.0,q2_a1.5_and,10316,1.333333333333357,1.333333333333357,0.5258333333331583,0.5258333333331583,1.0517317551327787,1.0517317551327787,0,0.0,,48260
bursty_high_s24,0.0,q2_a1.5_and,10317,1.0666666666667055,1.0666666666667055,0.5308333333331595,0.5308333333331595,1.0519932413783997,1.0519932413783997,0,0.0,,48914
bursty_high_s24,0.0,q2_a1.5_and,10318,1.2000000000000455,1.2000000000000455,0.5241666666665022,0.5241666666665022,1.0452433427646262,1.0452433427646262,0,0.0,,48288
bursty_high_s24,0.0,q2_a1.5_and,10319,1.3333333333333712,1.3333333333333712,0.5374999999998311,0.5374999999998311,1.0555708879988066,1.0555708879988066,0,0.0,,48273
bursty_high_s24,0.0,q2_a1.5_and,10320,1.2666666666667084,1.2666666666667084,0.573333333333163,0.573333333333163,1.0504907631964289,1.0504907631964289,0,0.0,,48120
bursty_high_s24,0.0,q2_a1.5_and,10321,0.9333333333333655,0.9333333333333655,0.4749999999998298,0.4749999999998298,1.0403867423592683,1.0403867423592683,0,0.0,,48697
bursty_high_s24,0.0,q2_a1.5_and,10322,1.2666666666657136,1.2666666666657136,0.5358333333331603,0.5358333333331603,1.0551309236970414,1.0551309236970414,0,0.0,,48855
bursty_high_s24,0.0,q2_a1.5_and,10323,0.9999999999998579,0.9999999999998579,0.49833333333316765,0.49833333333316765,1.0415464052898409,1.0415464052898409,0,0.0,,48882
bursty_high_s24,0.0,q2_a1.5_and,10324,1.6666666666666927,1.6666666666666927,0.5799999999998238,0.5799999999998238,1.0623791142373837,1.0623791142373837,0,0.0,,48682
bursty_high_s24,0.0,q2_a1.5_and,10325,1.8666666666667027,1.8666666666667027,0.5441666666665008,0.5441666666665008,1.0595460308699427,1.0595460308699427,0,0.0,,47935
bursty_high_s24,0.0,q2_a1.5_and,10326,0.9999999999990052,0.9999999999990052,0.48416666666649816,0.48416666666649816,1.042554716872855,1.042554716872855,0,0.0,,49547
bursty_high_s24,0.0,q2_a1.5_and,10327,0.9999999999999147,0.9999999999999147,0.5391666666664985,0.5391666666664985,1.0421858922117067,1.0421858922117067,0,0.0,,49241
bursty_high_s24,0.0,q2_a1.5_and,10328,0.9999999999994884,0.9999999999994884,0.5233333333331769,0.5233333333331769,1.0494227575548862,1.0494227575548862,0,0.0,,48105
bursty_high_s24,0.0,q2_a1.5_and,10329,0.999999999999261,0.999999999999261,0.5308333333331702,0.5308333333331702,1.045702096037563,1.045702096037563,0,0.0,,49204
bursty_high_s24,0.0,q4_a0.8_or,10300,1.6000000000000298,1.7333333333333698,0.5816666666664941,0.6049999999998281,1.0653065565183155,1.0630011158379802,12,0.5,1.0,48425
bursty_high_s24,0.0,q4_a0.8_or,10301,0.999999999999801,0.999999999999801,0.5541666666665018,0.5541666666665018,1.0548460312554526,1.0548460312554526,4,0.2,1.0,49102
bursty_high_s24,0.0,q4_a0.8_or,10302,0.9333333333333798,1.2666666666666941,0.504166666666495,0.530833333333162,1.049815491879469,1.0542198448941524,20,0.8,1.0,50492
bursty_high_s24,0.0,q4_a0.8_or,10303,1.8000000000000114,1.8666666666667027,0.581666666666494,0.583333333333162,1.0658316006053015,1.0662382266848793,14,0.8,1.0,49393
bursty_high_s24,0.0,q4_a0.8_or,10304,0.9999999999992326,0.9999999999996021,0.5208333333331642,0.5116666666664972,1.0491382584333986,1.047416390970412,11,0.6,1.0,49984
bursty_high_s24,0.0,q4_a0.8_or,10305,0.9333333333333655,0.9333333333333655,0.47999999999983073,0.4858333333331643,1.0366073224789685,1.0371335681910228,7,0.4,1.0,49408
bursty_high_s24,0.0,q4_a0.8_or,10306,1.3333333333332007,1.3333333333332007,0.5558333333331675,0.5524999999998342,1.052922057794172,1.0527180358080113,9,0.6,1.0,48804
bursty_high_s24,0.0,q4_a0.8_or,10307,0.9999999999999716,1.333333333333357,0.5049999999998338,0.5466666666664989,1.0443197131349196,1.0494287019418471,18,0.8,1.0,49793
bursty_high_s24,0.0,q4_a0.8_or,10308,0.9999999999995168,0.9999999999997442,0.5116666666664947,0.5316666666664951,1.0465464230393335,1.0472517940386503,10,0.5,1.0,49875
bursty_high_s24,0.0,q4_a0.8_or,10309,1.6000000000000227,1.6000000000000227,0.5408333333331654,0.5324999999998327,1.052877876777011,1.0543495578446451,11,0.7,1.0,49510
bursty_high_s24,0.0,q4_a0.8_or,10310,0.9999999999999147,1.199999999999278,0.49916666666649856,0.5249999999998333,1.051781191560382,1.0526794360965714,3,0.2,1.0,48249
bursty_high_s24,0.0,q4_a0.8_or,10311,1.1333333333323878,1.0666666666666913,0.5499999999998244,0.547499999999824,1.0510600613101873,1.0524831448095435,9,0.5,1.0,49534
bursty_high_s24,0.0,q4_a0.8_or,10312,1.3333333333324333,1.8666666666657648,0.5524999999998353,0.5374999999998364,1.0513389161503506,1.047633924885336,14,0.6,1.0,49080
bursty_high_s24,0.0,q4_a0.8_or,10313,0.9333333333333584,0.9999999999993179,0.48166666666649605,0.5083333333331627,1.037521354735455,1.037823863801964,14,0.7,1.0,50209
bursty_high_s24,0.0,q4_a0.8_or,10314,0.933333333333394,0.9333333333333727,0.4749999999998361,0.5058333333331666,1.0413136255580056,1.0431037478821443,6,0.3,1.0,49424
bursty_high_s24,0.0,q4_a0.8_or,10315,1.2666666666663104,1.5999999999993406,0.546666666666501,0.564999999999833,1.04870553326988,1.0509838651843302,11,0.6,1.0,49375
bursty_high_s24,0.0,q4_a0.8_or,10316,1.333333333333357,1.6666666666658045,0.5258333333331583,0.5758333333331616,1.0517317551327787,1.0503430733989183,13,0.8,1.0,49582
bursty_high_s24,0.0,q4_a0.8_or,10317,1.0666666666667055,1.266666666666687,0.5308333333331595,0.5349999999998248,1.0519932413783997,1.0531046903298886,11,0.6,1.0,49186
bursty_high_s24,0.0,q4_a0.8_or,10318,1.2000000000000455,1.3999999999991246,0.5241666666665022,0.5258333333331692,1.0452433427646262,1.0453490505825582,8,0.5,1.0,48990
bursty_high_s24,0.0,q4_a0.8_or,10319,1.3333333333333712,1.3333333333333712,0.5374999999998311,0.5374999999998311,1.0555708879988066,1.0555708879988066,10,0.7,1.0,49450
bursty_high_s24,0.0,q4_a0.8_or,10320,1.2666666666667084,1.6000000000000512,0.573333333333163,0.569166666666496,1.0504907631964289,1.0523938642679431,9,0.6,1.0,49410
bursty_high_s24,0.0,q4_a0.8_or,10321,0.9333333333333655,0.9333333333333655,0.4749999999998298,0.4749999999998298,1.0403867423592683,1.0403867423592683,1,0.1,1.0,48845
bursty_high_s24,0.0,q4_a0.8_or,10322,1.2666666666657136,1.0666666666666984,0.5358333333331603,0.5099999999998254,1.0551309236970414,1.0493755114755534,10,0.4,1.0,49045
bursty_high_s24,0.0,q4_a0.8_or,10323,0.9999999999998579,0.9999999999998579,0.49833333333316765,0.49833333333316765,1.0415464052898409,1.0415464052898409,9,0.7,1.0,49918
bursty_high_s24,0.0,q4_a0.8_or,10324,1.6666666666666927,1.6666666666666927,0.5799999999998238,0.5799999999998238,1.0623791142373837,1.0623791142373837,7,0.3,1.0,49274
bursty_high_s24,0.0,q4_a0.8_or,10325,1.8666666666667027,1.466666666666697,0.5441666666665008,0.5458333333331665,1.0595460308699427,1.0558250758665724,15,0.7,1.0,49816
bursty_high_s24,0.0,q4_a0.8_or,10326,0.9999999999990052,0.9999999999993179,0.48416666666649816,0.5124999999998308,1.042554716872855,1.042294802683412,4,0.2,1.0,49824
bursty_high_s24,0.0,q4_a0.8_or,10327,0.9999999999999147,0.9999999999999147,0.5391666666664985,0.5391666666664985,1.0421858922117067,1.0421858922117067,5,0.4,1.0,49833
bursty_high_s24,0.0,q4_a0.8_or,10328,0.9999999999994884,0.933333333333394,0.5233333333331769,0.4966666666665093,1.0494227575548862,1.0466943324522129,8,0.5,1.0,49777
bursty_high_s24,0.0,q4_a0.8_or,10329,0.999999999999261,0.9999999999993747,0.5308333333331702,0.517499999999835,1.045702096037563,1.043909046450557,9,0.5,1.0,49943
bursty_high_s24,0.0,q4_a0.8_and,10300,1.6000000000000298,1.6000000000000298,0.5816666666664941,0.5816666666664941,1.0653065565183155,1.0653065565183155,0,0.0,,47569
bursty_high_s24,0.0,q4_a0.8_and,10301,0.999999999999801,0.999999999999801,0.5541666666665018,0.5541666666665018,1.0548460312554526,1.0548460312554526,0,0.0,,48806
bursty_high_s24,0.0,q4_a0.8_and,10302,0.9333333333333798,0.9333333333333798,0.504166666666495,0.504166666666495,1.049815491879469,1.049815491879469,0,0.0,,48733
bursty_high_s24,0.0,q4_a0.8_and,10303,1.8000000000000114,1.8000000000000114,0.581666666666494,0.581666666666494,1.0658316006053015,1.0658316006053015,0,0.0,,47762
bursty_high_s24,0.0,q4_a0.8_and,10304,0.9999999999992326,0.9999999999992326,0.5208333333331642,0.5208333333331642,1.0491382584333986,1.0491382584333986,0,0.0,,48890
bursty_high_s24,0.0,q4_a0.8_and,10305,0.9333333333333655,0.9333333333333655,0.47999999999983073,0.47999999999983073,1.0366073224789685,1.0366073224789685,0,0.0,,48857
bursty_high_s24,0.0,q4_a0.8_and,10306,1.3333333333332007,1.3333333333332007,0.5558333333331675,0.5558333333331675,1.052922057794172,1.052922057794172,0,0.0,,47770
bursty_high_s24,0.0,q4_a0.8_and,10307,0.9999999999999716,0.9999999999999716,0.5049999999998338,0.5049999999998338,1.0443197131349196,1.0443197131349196,0,0.0,,47839
bursty_high_s24,0.0,q4_a0.8_and,10308,0.9999999999995168,0.9999999999995168,0.5116666666664947,0.5116666666664947,1.0465464230393335,1.0465464230393335,0,0.0,,48871
bursty_high_s24,0.0,q4_a0.8_and,10309,1.6000000000000227,1.6000000000000227,0.5408333333331654,0.5408333333331654,1.052877876777011,1.052877876777011,0,0.0,,48327
bursty_high_s24,0.0,q4_a0.8_and,10310,0.9999999999999147,0.9999999999999147,0.49916666666649856,0.49916666666649856,1.051781191560382,1.051781191560382,0,0.0,,48023
bursty_high_s24,0.0,q4_a0.8_and,10311,1.1333333333323878,1.1333333333323878,0.5499999999998244,0.5499999999998244,1.0510600613101873,1.0510600613101873,0,0.0,,48772
bursty_high_s24,0.0,q4_a0.8_and,10312,1.3333333333324333,1.3333333333324333,0.5524999999998353,0.5524999999998353,1.0513389161503506,1.0513389161503506,0,0.0,,48487
bursty_high_s24,0.0,q4_a0.8_and,10313,0.9333333333333584,0.9333333333333584,0.48166666666649605,0.48166666666649605,1.037521354735455,1.037521354735455,0,0.0,,48976
bursty_high_s24,0.0,q4_a0.8_and,10314,0.933333333333394,0.933333333333394,0.4749999999998361,0.4749999999998361,1.0413136255580056,1.0413136255580056,0,0.0,,48792
bursty_high_s24,0.0,q4_a0.8_and,10315,1.2666666666663104,1.2666666666663104,0.546666666666501,0.546666666666501,1.04870553326988,1.04870553326988,0,0.0,,48405
bursty_high_s24,0.0,q4_a0.8_and,10316,1.333333333333357,1.333333333333357,0.5258333333331583,0.5258333333331583,1.0517317551327787,1.0517317551327787,0,0.0,,48260
bursty_high_s24,0.0,q4_a0.8_and,10317,1.0666666666667055,1.0666666666667055,0.5308333333331595,0.5308333333331595,1.0519932413783997,1.0519932413783997,0,0.0,,48914
bursty_high_s24,0.0,q4_a0.8_and,10318,1.2000000000000455,1.2000000000000455,0.5241666666665022,0.5241666666665022,1.0452433427646262,1.0452433427646262,0,0.0,,48288
bursty_high_s24,0.0,q4_a0.8_and,10319,1.3333333333333712,1.3333333333333712,0.5374999999998311,0.5374999999998311,1.0555708879988066,1.0555708879988066,0,0.0,,48273
bursty_high_s24,0.0,q4_a0.8_and,10320,1.2666666666667084,1.2666666666667084,0.573333333333163,0.573333333333163,1.0504907631964289,1.0504907631964289,0,0.0,,48120
bursty_high_s24,0.0,q4_a0.8_and,10321,0.9333333333333655,0.9333333333333655,0.4749999999998298,0.4749999999998298,1.0403867423592683,1.0403867423592683,0,0.0,,48697
bursty_high_s24,0.0,q4_a0.8_and,10322,1.2666666666657136,1.2666666666657136,0.5358333333331603,0.5358333333331603,1.0551309236970414,1.0551309236970414,0,0.0,,48855
bursty_high_s24,0.0,q4_a0.8_and,10323,0.9999999999998579,0.9999999999998579,0.49833333333316765,0.49833333333316765,1.0415464052898409,1.0415464052898409,0,0.0,,48882
bursty_high_s24,0.0,q4_a0.8_and,10324,1.6666666666666927,1.6666666666666927,0.5799999999998238,0.5799999999998238,1.0623791142373837,1.0623791142373837,0,0.0,,48682
bursty_high_s24,0.0,q4_a0.8_and,10325,1.8666666666667027,1.8666666666667027,0.5441666666665008,0.5441666666665008,1.0595460308699427,1.0595460308699427,0,0.0,,47935
bursty_high_s24,0.0,q4_a0.8_and,10326,0.9999999999990052,0.9999999999990052,0.48416666666649816,0.48416666666649816,1.042554716872855,1.042554716872855,0,0.0,,49547
bursty_high_s24,0.0,q4_a0.8_and,10327,0.9999999999999147,0.9999999999999147,0.5391666666664985,0.5391666666664985,1.0421858922117067,1.0421858922117067,0,0.0,,49241
bursty_high_s24,0.0,q4_a0.8_and,10328,0.9999999999994884,0.9999999999994884,0.5233333333331769,0.5233333333331769,1.0494227575548862,1.0494227575548862,0,0.0,,48105
bursty_high_s24,0.0,q4_a0.8_and,10329,0.999999999999261,0.999999999999261,0.5308333333331702,0.5308333333331702,1.045702096037563,1.045702096037563,0,0.0,,49204
bursty_high_s24,0.0,q4_a1.5_or,10300,1.6000000000000298,1.6000000000000298,0.5816666666664941,0.5816666666664941,1.0653065565183155,1.0653065565183155,0,0.0,,47569
bursty_high_s24,0.0,q4_a1.5_or,10301,0.999999999999801,0.999999999999801,0.5541666666665018,0.5541666666665018,1.0548460312554526,1.0548460312554526,0,0.0,,48806
bursty_high_s24,0.0,q4_a1.5_or,10302,0.9333333333333798,0.9333333333333798,0.504166666666495,0.504166666666495,1.049815491879469,1.049815491879469,0,0.0,,48733
bursty_high_s24,0.0,q4_a1.5_or,10303,1.8000000000000114,1.8000000000000114,0.581666666666494,0.581666666666494,1.0658316006053015,1.0658316006053015,0,0.0,,47762
bursty_high_s24,0.0,q4_a1.5_or,10304,0.9999999999992326,0.9999999999992326,0.5208333333331642,0.5208333333331642,1.0491382584333986,1.0491382584333986,0,0.0,,48890
bursty_high_s24,0.0,q4_a1.5_or,10305,0.9333333333333655,0.9333333333333655,0.47999999999983073,0.47999999999983073,1.0366073224789685,1.0366073224789685,0,0.0,,48857
bursty_high_s24,0.0,q4_a1.5_or,10306,1.3333333333332007,1.3333333333332007,0.5558333333331675,0.5558333333331675,1.052922057794172,1.052922057794172,0,0.0,,47770
bursty_high_s24,0.0,q4_a1.5_or,10307,0.9999999999999716,0.9999999999999716,0.5049999999998338,0.5049999999998338,1.0443197131349196,1.0443197131349196,0,0.0,,47839
bursty_high_s24,0.0,q4_a1.5_or,10308,0.9999999999995168,0.9999999999995168,0.5116666666664947,0.5116666666664947,1.0465464230393335,1.0465464230393335,0,0.0,,48871
bursty_high_s24,0.0,q4_a1.5_or,10309,1.6000000000000227,1.6000000000000227,0.5408333333331654,0.5408333333331654,1.052877876777011,1.052877876777011,0,0.0,,48327
bursty_high_s24,0.0,q4_a1.5_or,10310,0.9999999999999147,0.9999999999999147,0.49916666666649856,0.49916666666649856,1.051781191560382,1.051781191560382,0,0.0,,48023
bursty_high_s24,0.0,q4_a1.5_or,10311,1.1333333333323878,1.1333333333323878,0.5499999999998244,0.5499999999998244,1.0510600613101873,1.0510600613101873,0,0.0,,48772
bursty_high_s24,0.0,q4_a1.5_or,10312,1.3333333333324333,1.3333333333324333,0.5524999999998353,0.5524999999998353,1.0513389161503506,1.0513389161503506,0,0.0,,48487
bursty_high_s24,0.0,q4_a1.5_or,10313,0.9333333333333584,0.9333333333333584,0.48166666666649605,0.48166666666649605,1.037521354735455,1.037521354735455,0,0.0,,48976
bursty_high_s24,0.0,q4_a1.5_or,10314,0.933333333333394,0.933333333333394,0.4749999999998361,0.4749999999998361,1.0413136255580056,1.0413136255580056,0,0.0,,48792
bursty_high_s24,0.0,q4_a1.5_or,10315,1.2666666666663104,1.2666666666663104,0.546666666666501,0.546666666666501,1.04870553326988,1.04870553326988,0,0.0,,48405
bursty_high_s24,0.0,q4_a1.5_or,10316,1.333333333333357,1.333333333333357,0.5258333333331583,0.5258333333331583,1.0517317551327787,1.0517317551327787,0,0.0,,48260
bursty_high_s24,0.0,q4_a1.5_or,10317,1.0666666666667055,1.0666666666667055,0.5308333333331595,0.5308333333331595,1.0519932413783997,1.0519932413783997,0,0.0,,48914
bursty_high_s24,0.0,q4_a1.5_or,10318,1.2000000000000455,1.2000000000000455,0.5241666666665022,0.5241666666665022,1.0452433427646262,1.0452433427646262,0,0.0,,48288
bursty_high_s24,0.0,q4_a1.5_or,10319,1.3333333333333712,1.3333333333333712,0.5374999999998311,0.5374999999998311,1.0555708879988066,1.0555708879988066,0,0.0,,48273
bursty_high_s24,0.0,q4_a1.5_or,10320,1.2666666666667084,1.2666666666667084,0.573333333333163,0.573333333333163,1.0504907631964289,1.0504907631964289,0,0.0,,48120
bursty_high_s24,0.0,q4_a1.5_or,10321,0.9333333333333655,0.9333333333333655,0.4749999999998298,0.4749999999998298,1.0403867423592683,1.0403867423592683,0,0.0,,48697
bursty_high_s24,0.0,q4_a1.5_or,10322,1.2666666666657136,1.2666666666657136,0.5358333333331603,0.5358333333331603,1.0551309236970414,1.0551309236970414,0,0.0,,48855
bursty_high_s24,0.0,q4_a1.5_or,10323,0.9999999999998579,0.9999999999998579,0.49833333333316765,0.49833333333316765,1.0415464052898409,1.0415464052898409,0,0.0,,48882
bursty_high_s24,0.0,q4_a1.5_or,10324,1.6666666666666927,1.6666666666666927,0.5799999999998238,0.5799999999998238,1.0623791142373837,1.0623791142373837,0,0.0,,48682
bursty_high_s24,0.0,q4_a1.5_or,10325,1.8666666666667027,1.8666666666667027,0.5441666666665008,0.5441666666665008,1.0595460308699427,1.0595460308699427,0,0.0,,47935
bursty_high_s24,0.0,q4_a1.5_or,10326,0.9999999999990052,0.9999999999990052,0.48416666666649816,0.48416666666649816,1.042554716872855,1.042554716872855,0,0.0,,49547
bursty_high_s24,0.0,q4_a1.5_or,10327,0.9999999999999147,0.9999999999999147,0.5391666666664985,0.5391666666664985,1.0421858922117067,1.0421858922117067,0,0.0,,49241
bursty_high_s24,0.0,q4_a1.5_or,10328,0.9999999999994884,0.9999999999994884,0.5233333333331769,0.5233333333331769,1.0494227575548862,1.0494227575548862,0,0.0,,48105
bursty_high_s24,0.0,q4_a1.5_or,10329,0.999999999999261,0.999999999999261,0.5308333333331702,0.5308333333331702,1.045702096037563,1.045702096037563,0,0.0,,49204
bursty_high_s24,0.0,q4_a1.5_and,10300,1.6000000000000298,1.6000000000000298,0.5816666666664941,0.5816666666664941,1.0653065565183155,1.0653065565183155,0,0.0,,47569
bursty_high_s24,0.0,q4_a1.5_and,10301,0.999999999999801,0.999999999999801,0.5541666666665018,0.5541666666665018,1.0548460312554526,1.0548460312554526,0,0.0,,48806
bursty_high_s24,0.0,q4_a1.5_and,10302,0.9333333333333798,0.9333333333333798,0.504166666666495,0.504166666666495,1.049815491879469,1.049815491879469,0,0.0,,48733
bursty_high_s24,0.0,q4_a1.5_and,10303,1.8000000000000114,1.8000000000000114,0.581666666666494,0.581666666666494,1.0658316006053015,1.0658316006053015,0,0.0,,47762
bursty_high_s24,0.0,q4_a1.5_and,10304,0.9999999999992326,0.9999999999992326,0.5208333333331642,0.5208333333331642,1.0491382584333986,1.0491382584333986,0,0.0,,48890
bursty_high_s24,0.0,q4_a1.5_and,10305,0.9333333333333655,0.9333333333333655,0.47999999999983073,0.47999999999983073,1.0366073224789685,1.0366073224789685,0,0.0,,48857
bursty_high_s24,0.0,q4_a1.5_and,10306,1.3333333333332007,1.3333333333332007,0.5558333333331675,0.5558333333331675,1.052922057794172,1.052922057794172,0,0.0,,47770
bursty_high_s24,0.0,q4_a1.5_and,10307,0.9999999999999716,0.9999999999999716,0.5049999999998338,0.5049999999998338,1.0443197131349196,1.0443197131349196,0,0.0,,47839
bursty_high_s24,0.0,q4_a1.5_and,10308,0.9999999999995168,0.9999999999995168,0.5116666666664947,0.5116666666664947,1.0465464230393335,1.0465464230393335,0,0.0,,48871
bursty_high_s24,0.0,q4_a1.5_and,10309,1.6000000000000227,1.6000000000000227,0.5408333333331654,0.5408333333331654,1.052877876777011,1.052877876777011,0,0.0,,48327
bursty_high_s24,0.0,q4_a1.5_and,10310,0.9999999999999147,0.9999999999999147,0.49916666666649856,0.49916666666649856,1.051781191560382,1.051781191560382,0,0.0,,48023
bursty_high_s24,0.0,q4_a1.5_and,10311,1.1333333333323878,1.1333333333323878,0.5499999999998244,0.5499999999998244,1.0510600613101873,1.0510600613101873,0,0.0,,48772
bursty_high_s24,0.0,q4_a1.5_and,10312,1.3333333333324333,1.3333333333324333,0.5524999999998353,0.5524999999998353,1.0513389161503506,1.0513389161503506,0,0.0,,48487
bursty_high_s24,0.0,q4_a1.5_and,10313,0.9333333333333584,0.9333333333333584,0.48166666666649605,0.48166666666649605,1.037521354735455,1.037521354735455,0,0.0,,48976
bursty_high_s24,0.0,q4_a1.5_and,10314,0.933333333333394,0.933333333333394,0.4749999999998361,0.4749999999998361,1.0413136255580056,1.0413136255580056,0,0.0,,48792
bursty_high_s24,0.0,q4_a1.5_and,10315,1.2666666666663104,1.2666666666663104,0.546666666666501,0.546666666666501,1.04870553326988,1.04870553326988,0,0.0,,48405
bursty_high_s24,0.0,q4_a1.5_and,10316,1.333333333333357,1.333333333333357,0.5258333333331583,0.5258333333331583,1.0517317551327787,1.0517317551327787,0,0.0,,48260
bursty_high_s24,0.0,q4_a1.5_and,10317,1.0666666666667055,1.0666666666667055,0.5308333333331595,0.5308333333331595,1.0519932413783997,1.0519932413783997,0,0.0,,48914
bursty_high_s24,0.0,q4_a1.5_and,10318,1.2000000000000455,1.2000000000000455,0.5241666666665022,0.5241666666665022,1.0452433427646262,1.0452433427646262,0,0.0,,48288
bursty_high_s24,0.0,q4_a1.5_and,10319,1.3333333333333712,1.3333333333333712,0.5374999999998311,0.5374999999998311,1.0555708879988066,1.0555708879988066,0,0.0,,48273
bursty_high_s24,0.0,q4_a1.5_and,10320,1.2666666666667084,1.2666666666667084,0.573333333333163,0.573333333333163,1.0504907631964289,1.0504907631964289,0,0.0,,48120
bursty_high_s24,0.0,q4_a1.5_and,10321,0.9333333333333655,0.9333333333333655,0.4749999999998298,0.4749999999998298,1.0403867423592683,1.0403867423592683,0,0.0,,48697
bursty_high_s24,0.0,q4_a1.5_and,10322,1.2666666666657136,1.2666666666657136,0.5358333333331603,0.5358333333331603,1.0551309236970414,1.0551309236970414,0,0.0,,48855
bursty_high_s24,0.0,q4_a1.5_and,10323,0.9999999999998579,0.9999999999998579,0.49833333333316765,0.49833333333316765,1.0415464052898409,1.0415464052898409,0,0.0,,48882
bursty_high_s24,0.0,q4_a1.5_and,10324,1.6666666666666927,1.6666666666666927,0.5799999999998238,0.5799999999998238,1.0623791142373837,1.0623791142373837,0,0.0,,48682
bursty_high_s24,0.0,q4_a1.5_and,10325,1.8666666666667027,1.8666666666667027,0.5441666666665008,0.5441666666665008,1.0595460308699427,1.0595460308699427,0,0.0,,47935
bursty_high_s24,0.0,q4_a1.5_and,10326,0.9999999999990052,0.9999999999990052,0.48416666666649816,0.48416666666649816,1.042554716872855,1.042554716872855,0,0.0,,49547
bursty_high_s24,0.0,q4_a1.5_and,10327,0.9999999999999147,0.9999999999999147,0.5391666666664985,0.5391666666664985,1.0421858922117067,1.0421858922117067,0,0.0,,49241
bursty_high_s24,0.0,q4_a1.5_and,10328,0.9999999999994884,0.9999999999994884,0.5233333333331769,0.5233333333331769,1.0494227575548862,1.0494227575548862,0,0.0,,48105
bursty_high_s24,0.0,q4_a1.5_and,10329,0.999999999999261,0.999999999999261,0.5308333333331702,0.5308333333331702,1.045702096037563,1.045702096037563,0,0.0,,49204
bursty_high_s24,0.0,q8_a0.8_or,10300,1.6000000000000298,1.7333333333333698,0.5816666666664941,0.6049999999998281,1.0653065565183155,1.0630011158379802,12,0.5,1.0,48425
bursty_high_s24,0.0,q8_a0.8_or,10301,0.999999999999801,0.999999999999801,0.5541666666665018,0.5541666666665018,1.0548460312554526,1.0548460312554526,4,0.2,1.0,49102
bursty_high_s24,0.0,q8_a0.8_or,10302,0.9333333333333798,1.2666666666666941,0.504166666666495,0.530833333333162,1.049815491879469,1.0542198448941524,20,0.8,1.0,50492
bursty_high_s24,0.0,q8_a0.8_or,10303,1.8000000000000114,1.8666666666667027,0.581666666666494,0.583333333333162,1.0658316006053015,1.0662382266848793,14,0.8,1.0,49393
bursty_high_s24,0.0,q8_a0.8_or,10304,0.9999999999992326,0.9999999999996021,0.5208333333331642,0.5116666666664972,1.0491382584333986,1.047416390970412,11,0.6,1.0,49984
bursty_high_s24,0.0,q8_a0.8_or,10305,0.9333333333333655,0.9333333333333655,0.47999999999983073,0.4858333333331643,1.0366073224789685,1.0371335681910228,7,0.4,1.0,49408
bursty_high_s24,0.0,q8_a0.8_or,10306,1.3333333333332007,1.3333333333332007,0.5558333333331675,0.5524999999998342,1.052922057794172,1.0527180358080113,9,0.6,1.0,48804
bursty_high_s24,0.0,q8_a0.8_or,10307,0.9999999999999716,1.333333333333357,0.5049999999998338,0.5466666666664989,1.0443197131349196,1.0494287019418471,18,0.8,1.0,49793
bursty_high_s24,0.0,q8_a0.8_or,10308,0.9999999999995168,0.9999999999997442,0.5116666666664947,0.5316666666664951,1.0465464230393335,1.0472517940386503,10,0.5,1.0,49875
bursty_high_s24,0.0,q8_a0.8_or,10309,1.6000000000000227,1.6000000000000227,0.5408333333331654,0.5324999999998327,1.052877876777011,1.0543495578446451,11,0.7,1.0,49510
bursty_high_s24,0.0,q8_a0.8_or,10310,0.9999999999999147,1.199999999999278,0.49916666666649856,0.5249999999998333,1.051781191560382,1.0526794360965714,3,0.2,1.0,48249
bursty_high_s24,0.0,q8_a0.8_or,10311,1.1333333333323878,1.0666666666666913,0.5499999999998244,0.547499999999824,1.0510600613101873,1.0524831448095435,9,0.5,1.0,49534
bursty_high_s24,0.0,q8_a0.8_or,10312,1.3333333333324333,1.8666666666657648,0.5524999999998353,0.5374999999998364,1.0513389161503506,1.047633924885336,14,0.6,1.0,49080
bursty_high_s24,0.0,q8_a0.8_or,10313,0.9333333333333584,0.9999999999993179,0.48166666666649605,0.5083333333331627,1.037521354735455,1.037823863801964,14,0.7,1.0,50209
bursty_high_s24,0.0,q8_a0.8_or,10314,0.933333333333394,0.9333333333333727,0.4749999999998361,0.5058333333331666,1.0413136255580056,1.0431037478821443,6,0.3,1.0,49424
bursty_high_s24,0.0,q8_a0.8_or,10315,1.2666666666663104,1.5999999999993406,0.546666666666501,0.564999999999833,1.04870553326988,1.0509838651843302,11,0.6,1.0,49375
bursty_high_s24,0.0,q8_a0.8_or,10316,1.333333333333357,1.6666666666658045,0.5258333333331583,0.5758333333331616,1.0517317551327787,1.0503430733989183,13,0.8,1.0,49582
bursty_high_s24,0.0,q8_a0.8_or,10317,1.0666666666667055,1.266666666666687,0.5308333333331595,0.5349999999998248,1.0519932413783997,1.0531046903298886,11,0.6,1.0,49186
bursty_high_s24,0.0,q8_a0.8_or,10318,1.2000000000000455,1.3999999999991246,0.5241666666665022,0.5258333333331692,1.0452433427646262,1.0453490505825582,8,0.5,1.0,48990
bursty_high_s24,0.0,q8_a0.8_or,10319,1.3333333333333712,1.3333333333333712,0.5374999999998311,0.5374999999998311,1.0555708879988066,1.0555708879988066,10,0.7,1.0,49450
bursty_high_s24,0.0,q8_a0.8_or,10320,1.2666666666667084,1.6000000000000512,0.573333333333163,0.569166666666496,1.0504907631964289,1.0523938642679431,9,0.6,1.0,49410
bursty_high_s24,0.0,q8_a0.8_or,10321,0.9333333333333655,0.9333333333333655,0.4749999999998298,0.4749999999998298,1.0403867423592683,1.0403867423592683,1,0.1,1.0,48845
bursty_high_s24,0.0,q8_a0.8_or,10322,1.2666666666657136,1.0666666666666984,0.5358333333331603,0.5099999999998254,1.0551309236970414,1.0493755114755534,10,0.4,1.0,49045
bursty_high_s24,0.0,q8_a0.8_or,10323,0.9999999999998579,0.9999999999998579,0.49833333333316765,0.49833333333316765,1.0415464052898409,1.0415464052898409,9,0.7,1.0,49918
bursty_high_s24,0.0,q8_a0.8_or,10324,1.6666666666666927,1.6666666666666927,0.5799999999998238,0.5799999999998238,1.0623791142373837,1.0623791142373837,7,0.3,1.0,49274
bursty_high_s24,0.0,q8_a0.8_or,10325,1.8666666666667027,1.466666666666697,0.5441666666665008,0.5458333333331665,1.0595460308699427,1.0558250758665724,15,0.7,1.0,49816
bursty_high_s24,0.0,q8_a0.8_or,10326,0.9999999999990052,0.9999999999993179,0.48416666666649816,0.5124999999998308,1.042554716872855,1.042294802683412,4,0.2,1.0,49824
bursty_high_s24,0.0,q8_a0.8_or,10327,0.9999999999999147,0.9999999999999147,0.5391666666664985,0.5391666666664985,1.0421858922117067,1.0421858922117067,5,0.4,1.0,49833
bursty_high_s24,0.0,q8_a0.8_or,10328,0.9999999999994884,0.933333333333394,0.5233333333331769,0.4966666666665093,1.0494227575548862,1.0466943324522129,8,0.5,1.0,49777
bursty_high_s24,0.0,q8_a0.8_or,10329,0.999999999999261,0.9999999999993747,0.5308333333331702,0.517499999999835,1.045702096037563,1.043909046450557,9,0.5,1.0,49943
bursty_high_s24,0.0,q8_a0.8_and,10300,1.6000000000000298,1.6000000000000298,0.5816666666664941,0.5816666666664941,1.0653065565183155,1.0653065565183155,0,0.0,,47569
bursty_high_s24,0.0,q8_a0.8_and,10301,0.999999999999801,0.999999999999801,0.5541666666665018,0.5541666666665018,1.0548460312554526,1.0548460312554526,0,0.0,,48806
bursty_high_s24,0.0,q8_a0.8_and,10302,0.9333333333333798,0.9333333333333798,0.504166666666495,0.504166666666495,1.049815491879469,1.049815491879469,0,0.0,,48733
bursty_high_s24,0.0,q8_a0.8_and,10303,1.8000000000000114,1.8000000000000114,0.581666666666494,0.581666666666494,1.0658316006053015,1.0658316006053015,0,0.0,,47762
bursty_high_s24,0.0,q8_a0.8_and,10304,0.9999999999992326,0.9999999999992326,0.5208333333331642,0.5208333333331642,1.0491382584333986,1.0491382584333986,0,0.0,,48890
bursty_high_s24,0.0,q8_a0.8_and,10305,0.9333333333333655,0.9333333333333655,0.47999999999983073,0.47999999999983073,1.0366073224789685,1.0366073224789685,0,0.0,,48857
bursty_high_s24,0.0,q8_a0.8_and,10306,1.3333333333332007,1.3333333333332007,0.5558333333331675,0.5558333333331675,1.052922057794172,1.052922057794172,0,0.0,,47770
bursty_high_s24,0.0,q8_a0.8_and,10307,0.9999999999999716,0.9999999999999716,0.5049999999998338,0.5049999999998338,1.0443197131349196,1.0443197131349196,0,0.0,,47839
bursty_high_s24,0.0,q8_a0.8_and,10308,0.9999999999995168,0.9999999999995168,0.5116666666664947,0.5116666666664947,1.0465464230393335,1.0465464230393335,0,0.0,,48871
bursty_high_s24,0.0,q8_a0.8_and,10309,1.6000000000000227,1.6000000000000227,0.5408333333331654,0.5408333333331654,1.052877876777011,1.052877876777011,0,0.0,,48327
bursty_high_s24,0.0,q8_a0.8_and,10310,0.9999999999999147,0.9999999999999147,0.49916666666649856,0.49916666666649856,1.051781191560382,1.051781191560382,0,0.0,,48023
bursty_high_s24,0.0,q8_a0.8_and,10311,1.1333333333323878,1.1333333333323878,0.5499999999998244,0.5499999999998244,1.0510600613101873,1.0510600613101873,0,0.0,,48772
bursty_high_s24,0.0,q8_a0.8_and,10312,1.3333333333324333,1.3333333333324333,0.5524999999998353,0.5524999999998353,1.0513389161503506,1.0513389161503506,0,0.0,,48487
bursty_high_s24,0.0,q8_a0.8_and,10313,0.9333333333333584,0.9333333333333584,0.48166666666649605,0.48166666666649605,1.037521354735455,1.037521354735455,0,0.0,,48976
bursty_high_s24,0.0,q8_a0.8_and,10314,0.933333333333394,0.933333333333394,0.4749999999998361,0.4749999999998361,1.0413136255580056,1.0413136255580056,0,0.0,,48792
bursty_high_s24,0.0,q8_a0.8_and,10315,1.2666666666663104,1.2666666666663104,0.546666666666501,0.546666666666501,1.04870553326988,1.04870553326988,0,0.0,,48405
bursty_high_s24,0.0,q8_a0.8_and,10316,1.333333333333357,1.333333333333357,0.5258333333331583,0.5258333333331583,1.0517317551327787,1.0517317551327787,0,0.0,,48260
bursty_high_s24,0.0,q8_a0.8_and,10317,1.0666666666667055,1.0666666666667055,0.5308333333331595,0.5308333333331595,1.0519932413783997,1.0519932413783997,0,0.0,,48914
bursty_high_s24,0.0,q8_a0.8_and,10318,1.2000000000000455,1.2000000000000455,0.5241666666665022,0.5241666666665022,1.0452433427646262,1.0452433427646262,0,0.0,,48288
bursty_high_s24,0.0,q8_a0.8_and,10319,1.3333333333333712,1.3333333333333712,0.5374999999998311,0.5374999999998311,1.0555708879988066,1.0555708879988066,0,0.0,,48273
bursty_high_s24,0.0,q8_a0.8_and,10320,1.2666666666667084,1.2666666666667084,0.573333333333163,0.573333333333163,1.0504907631964289,1.0504907631964289,0,0.0,,48120
bursty_high_s24,0.0,q8_a0.8_and,10321,0.9333333333333655,0.9333333333333655,0.4749999999998298,0.4749999999998298,1.0403867423592683,1.0403867423592683,0,0.0,,48697
bursty_high_s24,0.0,q8_a0.8_and,10322,1.2666666666657136,1.2666666666657136,0.5358333333331603,0.5358333333331603,1.0551309236970414,1.0551309236970414,0,0.0,,48855
bursty_high_s24,0.0,q8_a0.8_and,10323,0.9999999999998579,0.9999999999998579,0.49833333333316765,0.49833333333316765,1.0415464052898409,1.0415464052898409,0,0.0,,48882
bursty_high_s24,0.0,q8_a0.8_and,10324,1.6666666666666927,1.6666666666666927,0.5799999999998238,0.5799999999998238,1.0623791142373837,1.0623791142373837,0,0.0,,48682
bursty_high_s24,0.0,q8_a0.8_and,10325,1.8666666666667027,1.8666666666667027,0.5441666666665008,0.5441666666665008,1.0595460308699427,1.0595460308699427,0,0.0,,47935
bursty_high_s24,0.0,q8_a0.8_and,10326,0.9999999999990052,0.9999999999990052,0.48416666666649816,0.48416666666649816,1.042554716872855,1.042554716872855,0,0.0,,49547
bursty_high_s24,0.0,q8_a0.8_and,10327,0.9999999999999147,0.9999999999999147,0.5391666666664985,0.5391666666664985,1.0421858922117067,1.0421858922117067,0,0.0,,49241
bursty_high_s24,0.0,q8_a0.8_and,10328,0.9999999999994884,0.9999999999994884,0.5233333333331769,0.5233333333331769,1.0494227575548862,1.0494227575548862,0,0.0,,48105
bursty_high_s24,0.0,q8_a0.8_and,10329,0.999999999999261,0.999999999999261,0.5308333333331702,0.5308333333331702,1.045702096037563,1.045702096037563,0,0.0,,49204
bursty_high_s24,0.0,q8_a1.5_or,10300,1.6000000000000298,1.6000000000000298,0.5816666666664941,0.5816666666664941,1.0653065565183155,1.0653065565183155,0,0.0,,47569
bursty_high_s24,0.0,q8_a1.5_or,10301,0.999999999999801,0.999999999999801,0.5541666666665018,0.5541666666665018,1.0548460312554526,1.0548460312554526,0,0.0,,48806
bursty_high_s24,0.0,q8_a1.5_or,10302,0.9333333333333798,0.9333333333333798,0.504166666666495,0.504166666666495,1.049815491879469,1.049815491879469,0,0.0,,48733
bursty_high_s24,0.0,q8_a1.5_or,10303,1.8000000000000114,1.8000000000000114,0.581666666666494,0.581666666666494,1.0658316006053015,1.0658316006053015,0,0.0,,47762
bursty_high_s24,0.0,q8_a1.5_or,10304,0.9999999999992326,0.9999999999992326,0.5208333333331642,0.5208333333331642,1.0491382584333986,1.0491382584333986,0,0.0,,48890
bursty_high_s24,0.0,q8_a1.5_or,10305,0.9333333333333655,0.9333333333333655,0.47999999999983073,0.47999999999983073,1.0366073224789685,1.0366073224789685,0,0.0,,48857
bursty_high_s24,0.0,q8_a1.5_or,10306,1.3333333333332007,1.3333333333332007,0.5558333333331675,0.5558333333331675,1.052922057794172,1.052922057794172,0,0.0,,47770
bursty_high_s24,0.0,q8_a1.5_or,10307,0.9999999999999716,0.9999999999999716,0.5049999999998338,0.5049999999998338,1.0443197131349196,1.0443197131349196,0,0.0,,47839
bursty_high_s24,0.0,q8_a1.5_or,10308,0.9999999999995168,0.9999999999995168,0.5116666666664947,0.5116666666664947,1.0465464230393335,1.0465464230393335,0,0.0,,48871
bursty_high_s24,0.0,q8_a1.5_or,10309,1.6000000000000227,1.6000000000000227,0.5408333333331654,0.5408333333331654,1.052877876777011,1.052877876777011,0,0.0,,48327
bursty_high_s24,0.0,q8_a1.5_or,10310,0.9999999999999147,0.9999999999999147,0.49916666666649856,0.49916666666649856,1.051781191560382,1.051781191560382,0,0.0,,48023
bursty_high_s24,0.0,q8_a1.5_or,10311,1.1333333333323878,1.1333333333323878,0.5499999999998244,0.5499999999998244,1.0510600613101873,1.0510600613101873,0,0.0,,48772
bursty_high_s24,0.0,q8_a1.5_or,10312,1.3333333333324333,1.3333333333324333,0.5524999999998353,0.5524999999998353,1.0513389161503506,1.0513389161503506,0,0.0,,48487
bursty_high_s24,0.0,q8_a1.5_or,10313,0.9333333333333584,0.9333333333333584,0.48166666666649605,0.48166666666649605,1.037521354735455,1.037521354735455,0,0.0,,48976
bursty_high_s24,0.0,q8_a1.5_or,10314,0.933333333333394,0.933333333333394,0.4749999999998361,0.4749999999998361,1.0413136255580056,1.0413136255580056,0,0.0,,48792
bursty_high_s24,0.0,q8_a1.5_or,10315,1.2666666666663104,1.2666666666663104,0.546666666666501,0.546666666666501,1.04870553326988,1.04870553326988,0,0.0,,48405
bursty_high_s24,0.0,q8_a1.5_or,10316,1.333333333333357,1.333333333333357,0.5258333333331583,0.5258333333331583,1.0517317551327787,1.0517317551327787,0,0.0,,48260
bursty_high_s24,0.0,q8_a1.5_or,10317,1.0666666666667055,1.0666666666667055,0.5308333333331595,0.5308333333331595,1.0519932413783997,1.0519932413783997,0,0.0,,48914
bursty_high_s24,0.0,q8_a1.5_or,10318,1.2000000000000455,1.2000000000000455,0.5241666666665022,0.5241666666665022,1.0452433427646262,1.0452433427646262,0,0.0,,48288
bursty_high_s24,0.0,q8_a1.5_or,10319,1.3333333333333712,1.3333333333333712,0.5374999999998311,0.5374999999998311,1.0555708879988066,1.0555708879988066,0,0.0,,48273
bursty_high_s24,0.0,q8_a1.5_or,10320,1.2666666666667084,1.2666666666667084,0.573333333333163,0.573333333333163,1.0504907631964289,1.0504907631964289,0,0.0,,48120
bursty_high_s24,0.0,q8_a1.5_or,10321,0.9333333333333655,0.9333333333333655,0.4749999999998298,0.4749999999998298,1.0403867423592683,1.0403867423592683,0,0.0,,48697
bursty_high_s24,0.0,q8_a1.5_or,10322,1.2666666666657136,1.2666666666657136,0.5358333333331603,0.5358333333331603,1.0551309236970414,1.0551309236970414,0,0.0,,48855
bursty_high_s24,0.0,q8_a1.5_or,10323,0.9999999999998579,0.9999999999998579,0.49833333333316765,0.49833333333316765,1.0415464052898409,1.0415464052898409,0,0.0,,48882
bursty_high_s24,0.0,q8_a1.5_or,10324,1.6666666666666927,1.6666666666666927,0.5799999999998238,0.5799999999998238,1.0623791142373837,1.0623791142373837,0,0.0,,48682
bursty_high_s24,0.0,q8_a1.5_or,10325,1.8666666666667027,1.8666666666667027,0.5441666666665008,0.5441666666665008,1.0595460308699427,1.0595460308699427,0,0.0,,47935
bursty_high_s24,0.0,q8_a1.5_or,10326,0.9999999999990052,0.9999999999990052,0.48416666666649816,0.48416666666649816,1.042554716872855,1.042554716872855,0,0.0,,49547
bursty_high_s24,0.0,q8_a1.5_or,10327,0.9999999999999147,0.9999999999999147,0.5391666666664985,0.5391666666664985,1.0421858922117067,1.0421858922117067,0,0.0,,49241
bursty_high_s24,0.0,q8_a1.5_or,10328,0.9999999999994884,0.9999999999994884,0.5233333333331769,0.5233333333331769,1.0494227575548862,1.0494227575548862,0,0.0,,48105
bursty_high_s24,0.0,q8_a1.5_or,10329,0.999999999999261,0.999999999999261,0.5308333333331702,0.5308333333331702,1.045702096037563,1.045702096037563,0,0.0,,49204
bursty_high_s24,0.0,q8_a1.5_and,10300,1.6000000000000298,1.6000000000000298,0.5816666666664941,0.5816666666664941,1.0653065565183155,1.0653065565183155,0,0.0,,47569
bursty_high_s24,0.0,q8_a1.5_and,10301,0.999999999999801,0.999999999999801,0.5541666666665018,0.5541666666665018,1.0548460312554526,1.0548460312554526,0,0.0,,48806
bursty_high_s24,0.0,q8_a1.5_and,10302,0.9333333333333798,0.9333333333333798,0.504166666666495,0.504166666666495,1.049815491879469,1.049815491879469,0,0.0,,48733
bursty_high_s24,0.0,q8_a1.5_and,10303,1.8000000000000114,1.8000000000000114,0.581666666666494,0.581666666666494,1.0658316006053015,1.0658316006053015,0,0.0,,47762
bursty_high_s24,0.0,q8_a1.5_and,10304,0.9999999999992326,0.9999999999992326,0.5208333333331642,0.5208333333331642,1.0491382584333986,1.0491382584333986,0,0.0,,48890
bursty_high_s24,0.0,q8_a1.5_and,10305,0.9333333333333655,0.9333333333333655,0.47999999999983073,0.47999999999983073,1.0366073224789685,1.0366073224789685,0,0.0,,48857
bursty_high_s24,0.0,q8_a1.5_and,10306,1.3333333333332007,1.3333333333332007,0.5558333333331675,0.5558333333331675,1.052922057794172,1.052922057794172,0,0.0,,47770
bursty_high_s24,0.0,q8_a1.5_and,10307,0.9999999999999716,0.9999999999999716,0.5049999999998338,0.5049999999998338,1.0443197131349196,1.0443197131349196,0,0.0,,47839
bursty_high_s24,0.0,q8_a1.5_and,10308,0.9999999999995168,0.9999999999995168,0.5116666666664947,0.5116666666664947,1.0465464230393335,1.0465464230393335,0,0.0,,48871
bursty_high_s24,0.0,q8_a1.5_and,10309,1.6000000000000227,1.6000000000000227,0.5408333333331654,0.5408333333331654,1.052877876777011,1.052877876777011,0,0.0,,48327
bursty_high_s24,0.0,q8_a1.5_and,10310,0.9999999999999147,0.9999999999999147,0.49916666666649856,0.49916666666649856,1.051781191560382,1.051781191560382,0,0.0,,48023
bursty_high_s24,0.0,q8_a1.5_and,10311,1.1333333333323878,1.1333333333323878,0.5499999999998244,0.5499999999998244,1.0510600613101873,1.0510600613101873,0,0.0,,48772
bursty_high_s24,0.0,q8_a1.5_and,10312,1.3333333333324333,1.3333333333324333,0.5524999999998353,0.5524999999998353,1.0513389161503506,1.0513389161503506,0,0.0,,48487
bursty_high_s24,0.0,q8_a1.5_and,10313,0.9333333333333584,0.9333333333333584,0.48166666666649605,0.48166666666649605,1.037521354735455,1.037521354735455,0,0.0,,48976
bursty_high_s24,0.0,q8_a1.5_and,10314,0.933333333333394,0.933333333333394,0.4749999999998361,0.4749999999998361,1.0413136255580056,1.0413136255580056,0,0.0,,48792
bursty_high_s24,0.0,q8_a1.5_and,10315,1.2666666666663104,1.2666666666663104,0.546666666666501,0.546666666666501,1.04870553326988,1.04870553326988,0,0.0,,48405
bursty_high_s24,0.0,q8_a1.5_and,10316,1.333333333333357,1.333333333333357,0.5258333333331583,0.5258333333331583,1.0517317551327787,1.0517317551327787,0,0.0,,48260
bursty_high_s24,0.0,q8_a1.5_and,10317,1.0666666666667055,1.0666666666667055,0.5308333333331595,0.5308333333331595,1.0519932413783997,1.0519932413783997,0,0.0,,48914
bursty_high_s24,0.0,q8_a1.5_and,10318,1.2000000000000455,1.2000000000000455,0.5241666666665022,0.5241666666665022,1.0452433427646262,1.0452433427646262,0,0.0,,48288
bursty_high_s24,0.0,q8_a1.5_and,10319,1.3333333333333712,1.3333333333333712,0.5374999999998311,0.5374999999998311,1.0555708879988066,1.0555708879988066,0,0.0,,48273
bursty_high_s24,0.0,q8_a1.5_and,10320,1.2666666666667084,1.2666666666667084,0.573333333333163,0.573333333333163,1.0504907631964289,1.0504907631964289,0,0.0,,48120
bursty_high_s24,0.0,q8_a1.5_and,10321,0.9333333333333655,0.9333333333333655,0.4749999999998298,0.4749999999998298,1.0403867423592683,1.0403867423592683,0,0.0,,48697
bursty_high_s24,0.0,q8_a1.5_and,10322,1.2666666666657136,1.2666666666657136,0.5358333333331603,0.5358333333331603,1.0551309236970414,1.0551309236970414,0,0.0,,48855
bursty_high_s24,0.0,q8_a1.5_and,10323,0.9999999999998579,0.9999999999998579,0.49833333333316765,0.49833333333316765,1.0415464052898409,1.0415464052898409,0,0.0,,48882
bursty_high_s24,0.0,q8_a1.5_and,10324,1.6666666666666927,1.6666666666666927,0.5799999999998238,0.5799999999998238,1.0623791142373837,1.0623791142373837,0,0.0,,48682
bursty_high_s24,0.0,q8_a1.5_and,10325,1.8666666666667027,1.8666666666667027,0.5441666666665008,0.5441666666665008,1.0595460308699427,1.0595460308699427,0,0.0,,47935
bursty_high_s24,0.0,q8_a1.5_and,10326,0.9999999999990052,0.9999999999990052,0.48416666666649816,0.48416666666649816,1.042554716872855,1.042554716872855,0,0.0,,49547
bursty_high_s24,0.0,q8_a1.5_and,10327,0.9999999999999147,0.9999999999999147,0.5391666666664985,0.5391666666664985,1.0421858922117067,1.0421858922117067,0,0.0,,49241
bursty_high_s24,0.0,q8_a1.5_and,10328,0.9999999999994884,0.9999999999994884,0.5233333333331769,0.5233333333331769,1.0494227575548862,1.0494227575548862,0,0.0,,48105
bursty_high_s24,0.0,q8_a1.5_and,10329,0.999999999999261,0.999999999999261,0.5308333333331702,0.5308333333331702,1.045702096037563,1.045702096037563,0,0.0,,49204
bursty_high_s24,2.0,q2_a0.8_or,10300,1.8666666666662763,2.000000000000014,0.6233333333331647,0.6358333333331633,1.1235515081336216,1.1347465920597306,15,0.7,1.0,48826
bursty_high_s24,2.0,q2_a0.8_or,10301,1.3333333333333997,1.3333333333323765,0.5583333333331717,0.5524999999998382,1.0815326632421016,1.0804288272632658,5,0.4,1.0,49103
bursty_high_s24,2.0,q2_a0.8_or,10302,1.3333333333333428,1.2000000000000313,0.5483333333331664,0.5133333333331649,1.0889235758531859,1.0903449438218273,9,0.5,1.0,48942
bursty_high_s24,2.0,q2_a0.8_or,10303,2.2000000000000313,2.200000000000017,0.6499999999998305,0.6691666666664938,1.1241428833596498,1.1241698678179814,17,0.8,1.0,49225
bursty_high_s24,2.0,q2_a0.8_or,10304,1.0666666666667055,1.5333333333323367,0.5558333333331678,0.5591666666664987,1.0982943835788879,1.0986441329191503,11,0.5,1.0,49278
bursty_high_s24,2.0,q2_a0.8_or,10305,0.9999999999990621,0.9333333333333798,0.49749999999983124,0.4966666666664968,1.0753809013808646,1.0878671401630842,21,0.7,1.0,50022
bursty_high_s24,2.0,q2_a0.8_or,10306,1.3333333333326038,1.5333333333329335,0.5391666666664997,0.571666666666502,1.1049523109328483,1.1023308594846144,10,0.6,1.0,49038
bursty_high_s24,2.0,q2_a0.8_or,10307,1.199999999999818,1.1333333333333968,0.5233333333331684,0.5066666666665053,1.0932042365215577,1.098058910102825,15,0.8,1.0,49812
bursty_high_s24,2.0,q2_a0.8_or,10308,1.1999999999991076,1.1999999999991076,0.5233333333331656,0.5233333333331656,1.0833281508580588,1.0833281508580588,4,0.3,1.0,49375
bursty_high_s24,2.0,q2_a0.8_or,10309,1.5999999999995964,1.7333333333333485,0.5574999999998348,0.5441666666665005,1.0920031867051532,1.1039653183464153,19,0.8,1.0,49297
bursty_high_s24,2.0,q2_a0.8_or,10310,1.4666666666667254,1.4666666666667254,0.57249999999983,0.5699999999998309,1.1047732540402488,1.1007070502707237,6,0.3,1.0,48362
bursty_high_s24,2.0,q2_a0.8_or,10311,1.2666666666656852,1.2666666666656852,0.534999999999826,0.534999999999826,1.0871564474269715,1.0871564474269715,9,0.5,1.0,49691
bursty_high_s24,2.0,q2_a0.8_or,10312,1.3333333333331723,1.6666666666666927,0.5649999999998382,0.5566666666665029,1.085067499010408,1.0865504896362195,9,0.5,1.0,49580
bursty_high_s24,2.0,q2_a0.8_or,10313,0.9999999999996305,0.9999999999996874,0.5374999999998297,0.4908333333331625,1.0841492106304,1.0918046919630737,18,0.8,1.0,49923
bursty_high_s24,2.0,q2_a0.8_or,10314,0.9999999999998295,0.9999999999997158,0.49499999999983757,0.5074999999998364,1.0722691386501555,1.0689566327362392,12,0.5,1.0,48946
bursty_high_s24,2.0,q2_a0.8_or,10315,1.3333333333328596,1.4666666666662422,0.5508333333331678,0.5683333333331658,1.092484539927355,1.1018654447327179,14,0.5,1.0,48409
bursty_high_s24,2.0,q2_a0.8_or,10316,1.6666666666666998,1.5333333333333599,0.6183333333331593,0.5941666666664938,1.1035091074999925,1.0945401481629786,12,0.5,1.0,49481
bursty_high_s24,2.0,q2_a0.8_or,10317,1.400000000000034,1.400000000000034,0.5616666666664933,0.5616666666664933,1.09394417523719,1.09394417523719,7,0.5,1.0,48861
bursty_high_s24,2.0,q2_a0.8_or,10318,1.4666666666667112,1.6666666666664582,0.5591666666665048,0.5391666666665053,1.1025655884201877,1.0996892002503509,9,0.5,1.0,49157
bursty_high_s24,2.0,q2_a0.8_or,10319,1.3999999999997499,1.6000000000000512,0.5649999999998324,0.5758333333331668,1.100003382710619,1.1052398861049189,18,0.8,1.0,49620
bursty_high_s24,2.0,q2_a0.8_or,10320,1.466666666666697,1.600000000000037,0.579166666666499,0.5749999999998293,1.0943609192302264,1.0911043252499804,10,0.6,1.0,48812
bursty_high_s24,2.0,q2_a0.8_or,10321,0.9999999999997726,1.0000000000000284,0.5108333333331626,0.5066666666664961,1.0880932494804347,1.0816934232311803,14,0.5,1.0,49593
bursty_high_s24,2.0,q2_a0.8_or,10322,1.6000000000000156,1.5333333333328198,0.5808333333331639,0.5549999999998281,1.092198525962182,1.1031911092858122,12,0.5,1.0,49056
bursty_high_s24,2.0,q2_a0.8_or,10323,1.5999999999992554,1.2000000000000313,0.6049999999998327,0.5541666666665005,1.089243013789114,1.0924317684772007,15,0.6,1.0,49925
bursty_high_s24,2.0,q2_a0.8_or,10324,1.333333333333357,1.5333333333333599,0.5749999999998278,0.5666666666664943,1.1091501544189246,1.1078399661617455,10,0.5,1.0,49150
bursty_high_s24,2.0,q2_a0.8_or,10325,1.6666666666662309,1.800000000000054,0.6074999999998357,0.6416666666665004,1.1274260116037385,1.1375013912620946,16,0.6,1.0,48716
bursty_high_s24,2.0,q2_a0.8_or,10326,0.9333333333333655,0.9333333333333798,0.49083333333316453,0.4824999999998303,1.0732147940534429,1.0741189719274131,7,0.2,1.0,49084
bursty_high_s24,2.0,q2_a0.8_or,10327,1.200000000000017,1.3999999999993236,0.5449999999998316,0.545833333333166,1.0796152496569489,1.0927167178421722,6,0.5,1.0,49672
bursty_high_s24,2.0,q2_a0.8_or,10328,1.1333333333333826,1.7999999999996703,0.5441666666665081,0.599999999999842,1.094728547440559,1.103080268076216,14,0.8,1.0,48864
bursty_high_s24,2.0,q2_a0.8_or,10329,0.9333333333333798,0.9333333333333798,0.5049999999998386,0.5049999999998386,1.0832025237137795,1.0832025237137795,8,0.5,1.0,49376
bursty_high_s24,2.0,q2_a0.8_and,10300,1.8666666666662763,1.8666666666662763,0.6233333333331647,0.6233333333331647,1.1235515081336216,1.1235515081336216,2,0.1,1.0,47417
bursty_high_s24,2.0,q2_a0.8_and,10301,1.3333333333333997,1.3333333333333997,0.5583333333331717,0.5583333333331717,1.0815326632421016,1.0815326632421016,0,0.0,,48494
bursty_high_s24,2.0,q2_a0.8_and,10302,1.3333333333333428,1.3333333333333428,0.5483333333331664,0.5483333333331664,1.0889235758531859,1.0889235758531859,0,0.0,,48535
bursty_high_s24,2.0,q2_a0.8_and,10303,2.2000000000000313,2.2000000000000313,0.6499999999998305,0.6499999999998305,1.1241428833596498,1.1241428833596498,2,0.1,1.0,47148
bursty_high_s24,2.0,q2_a0.8_and,10304,1.0666666666667055,1.0666666666667055,0.5558333333331678,0.5558333333331678,1.0982943835788879,1.0982943835788879,0,0.0,,48414
bursty_high_s24,2.0,q2_a0.8_and,10305,0.9999999999990621,0.9999999999990621,0.49749999999983124,0.49749999999983124,1.0753809013808646,1.0753809013808646,1,0.1,1.0,48535
bursty_high_s24,2.0,q2_a0.8_and,10306,1.3333333333326038,1.3333333333326038,0.5391666666664997,0.5391666666664997,1.1049523109328483,1.1049523109328483,0,0.0,,47733
bursty_high_s24,2.0,q2_a0.8_and,10307,1.199999999999818,1.199999999999818,0.5233333333331684,0.5233333333331684,1.0932042365215577,1.0932042365215577,1,0.1,1.0,48280
bursty_high_s24,2.0,q2_a0.8_and,10308,1.1999999999991076,1.1999999999991076,0.5233333333331656,0.5233333333331656,1.0833281508580588,1.0833281508580588,0,0.0,,48783
bursty_high_s24,2.0,q2_a0.8_and,10309,1.5999999999995964,1.5999999999995964,0.5574999999998348,0.5574999999998348,1.0920031867051532,1.0920031867051532,1,0.1,1.0,48267
bursty_high_s24,2.0,q2_a0.8_and,10310,1.4666666666667254,1.4666666666667254,0.57249999999983,0.57249999999983,1.1047732540402488,1.1047732540402488,0,0.0,,47926
bursty_high_s24,2.0,q2_a0.8_and,10311,1.2666666666656852,1.2666666666656852,0.534999999999826,0.534999999999826,1.0871564474269715,1.0871564474269715,0,0.0,,48803
bursty_high_s24,2.0,q2_a0.8_and,10312,1.3333333333331723,1.3333333333331723,0.5649999999998382,0.5649999999998382,1.085067499010408,1.085067499010408,2,0.2,1.0,48421
bursty_high_s24,2.0,q2_a0.8_and,10313,0.9999999999996305,0.9999999999996305,0.5374999999998297,0.5374999999998297,1.0841492106304,1.0841492106304,1,0.1,1.0,48518
bursty_high_s24,2.0,q2_a0.8_and,10314,0.9999999999998295,0.9999999999998295,0.49499999999983757,0.49499999999983757,1.0722691386501555,1.0722691386501555,1,0.1,1.0,48703
bursty_high_s24,2.0,q2_a0.8_and,10315,1.3333333333328596,1.3333333333328596,0.5508333333331678,0.5508333333331678,1.092484539927355,1.092484539927355,1,0.1,1.0,48121
bursty_high_s24,2.0,q2_a0.8_and,10316,1.6666666666666998,1.6666666666666998,0.6183333333331593,0.6183333333331593,1.1035091074999925,1.1035091074999925,0,0.0,,47768
bursty_high_s24,2.0,q2_a0.8_and,10317,1.400000000000034,1.400000000000034,0.5616666666664933,0.5616666666664933,1.09394417523719,1.09394417523719,0,0.0,,47973
bursty_high_s24,2.0,q2_a0.8_and,10318,1.4666666666667112,1.4666666666667112,0.5591666666665048,0.5591666666665048,1.1025655884201877,1.1025655884201877,0,0.0,,48267
bursty_high_s24,2.0,q2_a0.8_and,10319,1.3999999999997499,1.3999999999997499,0.5649999999998324,0.5649999999998324,1.100003382710619,1.100003382710619,0,0.0,,47954
bursty_high_s24,2.0,q2_a0.8_and,10320,1.466666666666697,1.466666666666697,0.579166666666499,0.579166666666499,1.0943609192302264,1.0943609192302264,0,0.0,,48138
bursty_high_s24,2.0,q2_a0.8_and,10321,0.9999999999997726,1.0000000000000284,0.5108333333331626,0.5191666666664959,1.0880932494804347,1.0866681005552858,1,0.1,1.0,48444
bursty_high_s24,2.0,q2_a0.8_and,10322,1.6000000000000156,1.40000000000002,0.5808333333331639,0.5316666666664942,1.092198525962182,1.0915264232229638,1,0.1,1.0,48741
bursty_high_s24,2.0,q2_a0.8_and,10323,1.5999999999992554,1.5999999999992554,0.6049999999998327,0.6049999999998327,1.089243013789114,1.089243013789114,0,0.0,,48826
bursty_high_s24,2.0,q2_a0.8_and,10324,1.333333333333357,1.333333333333357,0.5749999999998278,0.5749999999998278,1.1091501544189246,1.1091501544189246,0,0.0,,48269
bursty_high_s24,2.0,q2_a0.8_and,10325,1.6666666666662309,1.9333333333333584,0.6074999999998357,0.6208333333331687,1.1274260116037385,1.1199823089057035,2,0.2,1.0,47847
bursty_high_s24,2.0,q2_a0.8_and,10326,0.9333333333333655,0.9333333333333655,0.49083333333316453,0.49083333333316453,1.0732147940534429,1.0732147940534429,0,0.0,,48902
bursty_high_s24,2.0,q2_a0.8_and,10327,1.200000000000017,1.200000000000017,0.5449999999998316,0.5449999999998316,1.0796152496569489,1.0796152496569489,0,0.0,,48593
bursty_high_s24,2.0,q2_a0.8_and,10328,1.1333333333333826,1.1333333333333826,0.5441666666665081,0.5441666666665081,1.094728547440559,1.094728547440559,0,0.0,,47596
bursty_high_s24,2.0,q2_a0.8_and,10329,0.9333333333333798,0.9333333333333798,0.5049999999998386,0.5049999999998386,1.0832025237137795,1.0832025237137795,0,0.0,,48636
bursty_high_s24,2.0,q2_a1.5_or,10300,1.8666666666662763,1.8666666666662763,0.6233333333331647,0.6233333333331647,1.1235515081336216,1.1235515081336216,2,0.1,1.0,47417
bursty_high_s24,2.0,q2_a1.5_or,10301,1.3333333333333997,1.3333333333333997,0.5583333333331717,0.5583333333331717,1.0815326632421016,1.0815326632421016,0,0.0,,48494
bursty_high_s24,2.0,q2_a1.5_or,10302,1.3333333333333428,1.3333333333333428,0.5483333333331664,0.5483333333331664,1.0889235758531859,1.0889235758531859,0,0.0,,48535
bursty_high_s24,2.0,q2_a1.5_or,10303,2.2000000000000313,2.2000000000000313,0.6499999999998305,0.6499999999998305,1.1241428833596498,1.1241428833596498,2,0.1,1.0,47148
bursty_high_s24,2.0,q2_a1.5_or,10304,1.0666666666667055,1.0666666666667055,0.5558333333331678,0.5558333333331678,1.0982943835788879,1.0982943835788879,0,0.0,,48414
bursty_high_s24,2.0,q2_a1.5_or,10305,0.9999999999990621,0.9999999999997442,0.49749999999983124,0.48583333333316503,1.0753809013808646,1.0829902034429828,1,0.1,1.0,48282
bursty_high_s24,2.0,q2_a1.5_or,10306,1.3333333333326038,1.3333333333326038,0.5391666666664997,0.5391666666664997,1.1049523109328483,1.1049523109328483,0,0.0,,47733
bursty_high_s24,2.0,q2_a1.5_or,10307,1.199999999999818,1.199999999999818,0.5233333333331684,0.5233333333331684,1.0932042365215577,1.0932042365215577,1,0.1,1.0,48280
bursty_high_s24,2.0,q2_a1.5_or,10308,1.1999999999991076,1.1999999999991076,0.5233333333331656,0.5233333333331656,1.0833281508580588,1.0833281508580588,0,0.0,,48783
bursty_high_s24,2.0,q2_a1.5_or,10309,1.5999999999995964,1.5999999999995964,0.5574999999998348,0.5574999999998348,1.0920031867051532,1.0920031867051532,2,0.1,1.0,48267
bursty_high_s24,2.0,q2_a1.5_or,10310,1.4666666666667254,1.4666666666667254,0.57249999999983,0.5666666666664979,1.1047732540402488,1.1008193610616606,2,0.1,1.0,48264
bursty_high_s24,2.0,q2_a1.5_or,10311,1.2666666666656852,1.2666666666656852,0.534999999999826,0.534999999999826,1.0871564474269715,1.0871564474269715,2,0.2,1.0,49099
bursty_high_s24,2.0,q2_a1.5_or,10312,1.3333333333331723,1.3333333333331723,0.5649999999998382,0.5649999999998382,1.085067499010408,1.085067499010408,2,0.2,1.0,48421
bursty_high_s24,2.0,q2_a1.5_or,10313,0.9999999999996305,0.9999999999996305,0.5374999999998297,0.5374999999998297,1.0841492106304,1.0841492106304,2,0.2,1.0,48666
bursty_high_s24,2.0,q2_a1.5_or,10314,0.9999999999998295,0.9999999999998295,0.49499999999983757,0.49499999999983757,1.0722691386501555,1.0722691386501555,3,0.2,1.0,48851
bursty_high_s24,2.0,q2_a1.5_or,10315,1.3333333333328596,1.3333333333333641,0.5508333333331678,0.5783333333331673,1.092484539927355,1.1009821461045253,4,0.2,1.0,48222
bursty_high_s24,2.0,q2_a1.5_or,10316,1.6666666666666998,1.6666666666666998,0.6183333333331593,0.6183333333331593,1.1035091074999925,1.1035091074999925,1,0.1,1.0,47916
bursty_high_s24,2.0,q2_a1.5_or,10317,1.400000000000034,1.400000000000034,0.5616666666664933,0.5616666666664933,1.09394417523719,1.09394417523719,0,0.0,,47973
bursty_high_s24,2.0,q2_a1.5_or,10318,1.4666666666667112,1.4666666666667112,0.5591666666665048,0.5591666666665048,1.1025655884201877,1.1025655884201877,0,0.0,,48267
bursty_high_s24,2.0,q2_a1.5_or,10319,1.3999999999997499,1.3999999999997499,0.5649999999998324,0.5649999999998324,1.100003382710619,1.100003382710619,1,0.1,1.0,48102
bursty_high_s24,2.0,q2_a1.5_or,10320,1.466666666666697,1.466666666666697,0.579166666666499,0.579166666666499,1.0943609192302264,1.0943609192302264,0,0.0,,48138
bursty_high_s24,2.0,q2_a1.5_or,10321,0.9999999999997726,1.0000000000000284,0.5108333333331626,0.5191666666664959,1.0880932494804347,1.0866681005552858,1,0.1,1.0,48444
bursty_high_s24,2.0,q2_a1.5_or,10322,1.6000000000000156,1.40000000000002,0.5808333333331639,0.5316666666664942,1.092198525962182,1.0915264232229638,1,0.1,1.0,48741
bursty_high_s24,2.0,q2_a1.5_or,10323,1.5999999999992554,1.5999999999992554,0.6049999999998327,0.6049999999998327,1.089243013789114,1.089243013789114,1,0.1,1.0,48974
bursty_high_s24,2.0,q2_a1.5_or,10324,1.333333333333357,1.333333333333357,0.5749999999998278,0.5749999999998278,1.1091501544189246,1.1091501544189246,0,0.0,,48269
bursty_high_s24,2.0,q2_a1.5_or,10325,1.6666666666662309,1.9333333333333584,0.6074999999998357,0.6208333333331687,1.1274260116037385,1.1199823089057035,2,0.2,1.0,47847
bursty_high_s24,2.0,q2_a1.5_or,10326,0.9333333333333655,0.9333333333333655,0.49083333333316453,0.49083333333316453,1.0732147940534429,1.0732147940534429,0,0.0,,48902
bursty_high_s24,2.0,q2_a1.5_or,10327,1.200000000000017,1.200000000000017,0.5449999999998316,0.5449999999998316,1.0796152496569489,1.0796152496569489,0,0.0,,48593
bursty_high_s24,2.0,q2_a1.5_or,10328,1.1333333333333826,1.1333333333333826,0.5441666666665081,0.5441666666665081,1.094728547440559,1.094728547440559,0,0.0,,47596
bursty_high_s24,2.0,q2_a1.5_or,10329,0.9333333333333798,0.9333333333333798,0.5049999999998386,0.5049999999998386,1.0832025237137795,1.0832025237137795,0,0.0,,48636
bursty_high_s24,2.0,q2_a1.5_and,10300,1.8666666666662763,1.8666666666662763,0.6233333333331647,0.6233333333331647,1.1235515081336216,1.1235515081336216,0,0.0,,47121
bursty_high_s24,2.0,q2_a1.5_and,10301,1.3333333333333997,1.3333333333333997,0.5583333333331717,0.5583333333331717,1.0815326632421016,1.0815326632421016,0,0.0,,48494
bursty_high_s24,2.0,q2_a1.5_and,10302,1.3333333333333428,1.3333333333333428,0.5483333333331664,0.5483333333331664,1.0889235758531859,1.0889235758531859,0,0.0,,48535
bursty_high_s24,2.0,q2_a1.5_and,10303,2.2000000000000313,2.2000000000000313,0.6499999999998305,0.6499999999998305,1.1241428833596498,1.1241428833596498,0,0.0,,47000
bursty_high_s24,2.0,q2_a1.5_and,10304,1.0666666666667055,1.0666666666667055,0.5558333333331678,0.5558333333331678,1.0982943835788879,1.0982943835788879,0,0.0,,48414
bursty_high_s24,2.0,q2_a1.5_and,10305,0.9999999999990621,0.9999999999990621,0.49749999999983124,0.49749999999983124,1.0753809013808646,1.0753809013808646,0,0.0,,48387
bursty_high_s24,2.0,q2_a1.5_and,10306,1.3333333333326038,1.3333333333326038,0.5391666666664997,0.5391666666664997,1.1049523109328483,1.1049523109328483,0,0.0,,47733
bursty_high_s24,2.0,q2_a1.5_and,10307,1.199999999999818,1.199999999999818,0.5233333333331684,0.5233333333331684,1.0932042365215577,1.0932042365215577,0,0.0,,48132
bursty_high_s24,2.0,q2_a1.5_and,10308,1.1999999999991076,1.1999999999991076,0.5233333333331656,0.5233333333331656,1.0833281508580588,1.0833281508580588,0,0.0,,48783
bursty_high_s24,2.0,q2_a1.5_and,10309,1.5999999999995964,1.5999999999995964,0.5574999999998348,0.5574999999998348,1.0920031867051532,1.0920031867051532,0,0.0,,48119
bursty_high_s24,2.0,q2_a1.5_and,10310,1.4666666666667254,1.4666666666667254,0.57249999999983,0.57249999999983,1.1047732540402488,1.1047732540402488,0,0.0,,47926
bursty_high_s24,2.0,q2_a1.5_and,10311,1.2666666666656852,1.2666666666656852,0.534999999999826,0.534999999999826,1.0871564474269715,1.0871564474269715,0,0.0,,48803
bursty_high_s24,2.0,q2_a1.5_and,10312,1.3333333333331723,1.3333333333331723,0.5649999999998382,0.5649999999998382,1.085067499010408,1.085067499010408,0,0.0,,48125
bursty_high_s24,2.0,q2_a1.5_and,10313,0.9999999999996305,0.9999999999996305,0.5374999999998297,0.5374999999998297,1.0841492106304,1.0841492106304,0,0.0,,48370
bursty_high_s24,2.0,q2_a1.5_and,10314,0.9999999999998295,0.9999999999998295,0.49499999999983757,0.49499999999983757,1.0722691386501555,1.0722691386501555,0,0.0,,48555
bursty_high_s24,2.0,q2_a1.5_and,10315,1.3333333333328596,1.3333333333328596,0.5508333333331678,0.5508333333331678,1.092484539927355,1.092484539927355,0,0.0,,47973
bursty_high_s24,2.0,q2_a1.5_and,10316,1.6666666666666998,1.6666666666666998,0.6183333333331593,0.6183333333331593,1.1035091074999925,1.1035091074999925,0,0.0,,47768
bursty_high_s24,2.0,q2_a1.5_and,10317,1.400000000000034,1.400000000000034,0.5616666666664933,0.5616666666664933,1.09394417523719,1.09394417523719,0,0.0,,47973
bursty_high_s24,2.0,q2_a1.5_and,10318,1.4666666666667112,1.4666666666667112,0.5591666666665048,0.5591666666665048,1.1025655884201877,1.1025655884201877,0,0.0,,48267
bursty_high_s24,2.0,q2_a1.5_and,10319,1.3999999999997499,1.3999999999997499,0.5649999999998324,0.5649999999998324,1.100003382710619,1.100003382710619,0,0.0,,47954
bursty_high_s24,2.0,q2_a1.5_and,10320,1.466666666666697,1.466666666666697,0.579166666666499,0.579166666666499,1.0943609192302264,1.0943609192302264,0,0.0,,48138
bursty_high_s24,2.0,q2_a1.5_and,10321,0.9999999999997726,0.9999999999997726,0.5108333333331626,0.5108333333331626,1.0880932494804347,1.0880932494804347,0,0.0,,48190
bursty_high_s24,2.0,q2_a1.5_and,10322,1.6000000000000156,1.6000000000000156,0.5808333333331639,0.5808333333331639,1.092198525962182,1.092198525962182,0,0.0,,47822
bursty_high_s24,2.0,q2_a1.5_and,10323,1.5999999999992554,1.5999999999992554,0.6049999999998327,0.6049999999998327,1.089243013789114,1.089243013789114,0,0.0,,48826
bursty_high_s24,2.0,q2_a1.5_and,10324,1.333333333333357,1.333333333333357,0.5749999999998278,0.5749999999998278,1.1091501544189246,1.1091501544189246,0,0.0,,48269
bursty_high_s24,2.0,q2_a1.5_and,10325,1.6666666666662309,1.6666666666662309,0.6074999999998357,0.6074999999998357,1.1274260116037385,1.1274260116037385,0,0.0,,47356
bursty_high_s24,2.0,q2_a1.5_and,10326,0.9333333333333655,0.9333333333333655,0.49083333333316453,0.49083333333316453,1.0732147940534429,1.0732147940534429,0,0.0,,48902
bursty_high_s24,2.0,q2_a1.5_and,10327,1.200000000000017,1.200000000000017,0.5449999999998316,0.5449999999998316,1.0796152496569489,1.0796152496569489,0,0.0,,48593
bursty_high_s24,2.0,q2_a1.5_and,10328,1.1333333333333826,1.1333333333333826,0.5441666666665081,0.5441666666665081,1.094728547440559,1.094728547440559,0,0.0,,47596
bursty_high_s24,2.0,q2_a1.5_and,10329,0.9333333333333798,0.9333333333333798,0.5049999999998386,0.5049999999998386,1.0832025237137795,1.0832025237137795,0,0.0,,48636
bursty_high_s24,2.0,q4_a0.8_or,10300,1.8666666666662763,2.000000000000014,0.6233333333331647,0.6358333333331633,1.1235515081336216,1.1347465920597306,15,0.7,1.0,48826
bursty_high_s24,2.0,q4_a0.8_or,10301,1.3333333333333997,1.3333333333323765,0.5583333333331717,0.5524999999998382,1.0815326632421016,1.0804288272632658,5,0.4,1.0,49103
bursty_high_s24,2.0,q4_a0.8_or,10302,1.3333333333333428,1.2000000000000313,0.5483333333331664,0.5133333333331649,1.0889235758531859,1.0903449438218273,9,0.5,1.0,48942
bursty_high_s24,2.0,q4_a0.8_or,10303,2.2000000000000313,1.9333333333331382,0.6499999999998305,0.6583333333331614,1.1241428833596498,1.1234716609210165,16,0.8,1.0,49021
bursty_high_s24,2.0,q4_a0.8_or,10304,1.0666666666667055,1.5333333333323367,0.5558333333331678,0.5591666666664987,1.0982943835788879,1.0986441329191503,11,0.5,1.0,49278
bursty_high_s24,2.0,q4_a0.8_or,10305,0.9999999999990621,0.9333333333333798,0.49749999999983124,0.4966666666664968,1.0753809013808646,1.0878671401630842,19,0.7,1.0,49874
bursty_high_s24,2.0,q4_a0.8_or,10306,1.3333333333326038,1.5333333333329335,0.5391666666664997,0.571666666666502,1.1049523109328483,1.1023308594846144,10,0.6,1.0,49038
bursty_high_s24,2.0,q4_a0.8_or,10307,1.199999999999818,1.1333333333333968,0.5233333333331684,0.5066666666665053,1.0932042365215577,1.098058910102825,15,0.8,1.0,49812
bursty_high_s24,2.0,q4_a0.8_or,10308,1.1999999999991076,1.1999999999991076,0.5233333333331656,0.5233333333331656,1.0833281508580588,1.0833281508580588,4,0.3,1.0,49375
bursty_high_s24,2.0,q4_a0.8_or,10309,1.5999999999995964,1.7333333333333485,0.5574999999998348,0.5441666666665005,1.0920031867051532,1.1039653183464153,18,0.8,1.0,49297
bursty_high_s24,2.0,q4_a0.8_or,10310,1.4666666666667254,1.4666666666667254,0.57249999999983,0.5699999999998309,1.1047732540402488,1.1007070502707237,5,0.3,1.0,48214
bursty_high_s24,2.0,q4_a0.8_or,10311,1.2666666666656852,1.2666666666656852,0.534999999999826,0.534999999999826,1.0871564474269715,1.0871564474269715,7,0.3,1.0,49395
bursty_high_s24,2.0,q4_a0.8_or,10312,1.3333333333331723,1.6666666666666927,0.5649999999998382,0.5566666666665029,1.085067499010408,1.0865504896362195,8,0.5,1.0,49432
bursty_high_s24,2.0,q4_a0.8_or,10313,0.9999999999996305,0.9999999999996874,0.5374999999998297,0.4908333333331625,1.0841492106304,1.0918046919630737,17,0.8,1.0,49775
bursty_high_s24,2.0,q4_a0.8_or,10314,0.9999999999998295,0.9999999999997158,0.49499999999983757,0.5074999999998364,1.0722691386501555,1.0689566327362392,12,0.5,1.0,48946
bursty_high_s24,2.0,q4_a0.8_or,10315,1.3333333333328596,1.2000000000000313,0.5508333333331678,0.5191666666664999,1.092484539927355,1.1000757781319768,8,0.4,1.0,48559
bursty_high_s24,2.0,q4_a0.8_or,10316,1.6666666666666998,1.5333333333333599,0.6183333333331593,0.5941666666664938,1.1035091074999925,1.0945401481629786,11,0.5,1.0,49333
bursty_high_s24,2.0,q4_a0.8_or,10317,1.400000000000034,1.400000000000034,0.5616666666664933,0.5616666666664933,1.09394417523719,1.09394417523719,7,0.5,1.0,48861
bursty_high_s24,2.0,q4_a0.8_or,10318,1.4666666666667112,1.6666666666664582,0.5591666666665048,0.5391666666665053,1.1025655884201877,1.0996892002503509,9,0.5,1.0,49157
bursty_high_s24,2.0,q4_a0.8_or,10319,1.3999999999997499,1.6000000000000512,0.5649999999998324,0.5758333333331668,1.100003382710619,1.1052398861049189,18,0.8,1.0,49620
bursty_high_s24,2.0,q4_a0.8_or,10320,1.466666666666697,1.600000000000037,0.579166666666499,0.5749999999998293,1.0943609192302264,1.0911043252499804,9,0.5,1.0,48664
bursty_high_s24,2.0,q4_a0.8_or,10321,0.9999999999997726,1.0000000000000284,0.5108333333331626,0.5066666666664961,1.0880932494804347,1.0816934232311803,14,0.5,1.0,49593
bursty_high_s24,2.0,q4_a0.8_or,10322,1.6000000000000156,1.5333333333328198,0.5808333333331639,0.5549999999998281,1.092198525962182,1.1031911092858122,12,0.5,1.0,49056
bursty_high_s24,2.0,q4_a0.8_or,10323,1.5999999999992554,1.2000000000000313,0.6049999999998327,0.5541666666665005,1.089243013789114,1.0924317684772007,15,0.6,1.0,49925
bursty_high_s24,2.0,q4_a0.8_or,10324,1.333333333333357,1.5333333333333599,0.5749999999998278,0.5666666666664943,1.1091501544189246,1.1078399661617455,10,0.5,1.0,49150
bursty_high_s24,2.0,q4_a0.8_or,10325,1.6666666666662309,1.800000000000054,0.6074999999998357,0.6416666666665004,1.1274260116037385,1.1375013912620946,16,0.6,1.0,48716
bursty_high_s24,2.0,q4_a0.8_or,10326,0.9333333333333655,0.9333333333333798,0.49083333333316453,0.4824999999998303,1.0732147940534429,1.0741189719274131,7,0.2,1.0,49084
bursty_high_s24,2.0,q4_a0.8_or,10327,1.200000000000017,1.3999999999993236,0.5449999999998316,0.545833333333166,1.0796152496569489,1.0927167178421722,4,0.4,1.0,49524
bursty_high_s24,2.0,q4_a0.8_or,10328,1.1333333333333826,1.6666666666664582,0.5441666666665081,0.5816666666665085,1.094728547440559,1.1041384124467841,18,0.8,1.0,49269
bursty_high_s24,2.0,q4_a0.8_or,10329,0.9333333333333798,0.9333333333333798,0.5049999999998386,0.5049999999998386,1.0832025237137795,1.0832025237137795,8,0.5,1.0,49376
bursty_high_s24,2.0,q4_a0.8_and,10300,1.8666666666662763,1.8666666666662763,0.6233333333331647,0.6233333333331647,1.1235515081336216,1.1235515081336216,0,0.0,,47121
bursty_high_s24,2.0,q4_a0.8_and,10301,1.3333333333333997,1.3333333333333997,0.5583333333331717,0.5583333333331717,1.0815326632421016,1.0815326632421016,0,0.0,,48494
bursty_high_s24,2.0,q4_a0.8_and,10302,1.3333333333333428,1.3333333333333428,0.5483333333331664,0.5483333333331664,1.0889235758531859,1.0889235758531859,0,0.0,,48535
bursty_high_s24,2.0,q4_a0.8_and,10303,2.2000000000000313,2.2000000000000313,0.6499999999998305,0.6499999999998305,1.1241428833596498,1.1241428833596498,0,0.0,,47000
bursty_high_s24,2.0,q4_a0.8_and,10304,1.0666666666667055,1.0666666666667055,0.5558333333331678,0.5558333333331678,1.0982943835788879,1.0982943835788879,0,0.0,,48414
bursty_high_s24,2.0,q4_a0.8_and,10305,0.9999999999990621,0.9999999999990621,0.49749999999983124,0.49749999999983124,1.0753809013808646,1.0753809013808646,0,0.0,,48387
bursty_high_s24,2.0,q4_a0.8_and,10306,1.3333333333326038,1.3333333333326038,0.5391666666664997,0.5391666666664997,1.1049523109328483,1.1049523109328483,0,0.0,,47733
bursty_high_s24,2.0,q4_a0.8_and,10307,1.199999999999818,1.199999999999818,0.5233333333331684,0.5233333333331684,1.0932042365215577,1.0932042365215577,0,0.0,,48132
bursty_high_s24,2.0,q4_a0.8_and,10308,1.1999999999991076,1.1999999999991076,0.5233333333331656,0.5233333333331656,1.0833281508580588,1.0833281508580588,0,0.0,,48783
bursty_high_s24,2.0,q4_a0.8_and,10309,1.5999999999995964,1.5999999999995964,0.5574999999998348,0.5574999999998348,1.0920031867051532,1.0920031867051532,0,0.0,,48119
bursty_high_s24,2.0,q4_a0.8_and,10310,1.4666666666667254,1.4666666666667254,0.57249999999983,0.57249999999983,1.1047732540402488,1.1047732540402488,0,0.0,,47926
bursty_high_s24,2.0,q4_a0.8_and,10311,1.2666666666656852,1.2666666666656852,0.534999999999826,0.534999999999826,1.0871564474269715,1.0871564474269715,0,0.0,,48803
bursty_high_s24,2.0,q4_a0.8_and,10312,1.3333333333331723,1.3333333333331723,0.5649999999998382,0.5649999999998382,1.085067499010408,1.085067499010408,0,0.0,,48125
bursty_high_s24,2.0,q4_a0.8_and,10313,0.9999999999996305,0.9999999999996305,0.5374999999998297,0.5374999999998297,1.0841492106304,1.0841492106304,0,0.0,,48370
bursty_high_s24,2.0,q4_a0.8_and,10314,0.9999999999998295,0.9999999999998295,0.49499999999983757,0.49499999999983757,1.0722691386501555,1.0722691386501555,0,0.0,,48555
bursty_high_s24,2.0,q4_a0.8_and,10315,1.3333333333328596,1.3333333333328596,0.5508333333331678,0.5508333333331678,1.092484539927355,1.092484539927355,0,0.0,,47973
bursty_high_s24,2.0,q4_a0.8_and,10316,1.6666666666666998,1.6666666666666998,0.6183333333331593,0.6183333333331593,1.1035091074999925,1.1035091074999925,0,0.0,,47768
bursty_high_s24,2.0,q4_a0.8_and,10317,1.400000000000034,1.400000000000034,0.5616666666664933,0.5616666666664933,1.09394417523719,1.09394417523719,0,0.0,,47973
bursty_high_s24,2.0,q4_a0.8_and,10318,1.4666666666667112,1.4666666666667112,0.5591666666665048,0.5591666666665048,1.1025655884201877,1.1025655884201877,0,0.0,,48267
bursty_high_s24,2.0,q4_a0.8_and,10319,1.3999999999997499,1.3999999999997499,0.5649999999998324,0.5649999999998324,1.100003382710619,1.100003382710619,0,0.0,,47954
bursty_high_s24,2.0,q4_a0.8_and,10320,1.466666666666697,1.466666666666697,0.579166666666499,0.579166666666499,1.0943609192302264,1.0943609192302264,0,0.0,,48138
bursty_high_s24,2.0,q4_a0.8_and,10321,0.9999999999997726,0.9999999999997726,0.5108333333331626,0.5108333333331626,1.0880932494804347,1.0880932494804347,0,0.0,,48190
bursty_high_s24,2.0,q4_a0.8_and,10322,1.6000000000000156,1.6000000000000156,0.5808333333331639,0.5808333333331639,1.092198525962182,1.092198525962182,0,0.0,,47822
bursty_high_s24,2.0,q4_a0.8_and,10323,1.5999999999992554,1.5999999999992554,0.6049999999998327,0.6049999999998327,1.089243013789114,1.089243013789114,0,0.0,,48826
bursty_high_s24,2.0,q4_a0.8_and,10324,1.333333333333357,1.333333333333357,0.5749999999998278,0.5749999999998278,1.1091501544189246,1.1091501544189246,0,0.0,,48269
bursty_high_s24,2.0,q4_a0.8_and,10325,1.6666666666662309,1.6666666666662309,0.6074999999998357,0.6074999999998357,1.1274260116037385,1.1274260116037385,0,0.0,,47356
bursty_high_s24,2.0,q4_a0.8_and,10326,0.9333333333333655,0.9333333333333655,0.49083333333316453,0.49083333333316453,1.0732147940534429,1.0732147940534429,0,0.0,,48902
bursty_high_s24,2.0,q4_a0.8_and,10327,1.200000000000017,1.200000000000017,0.5449999999998316,0.5449999999998316,1.0796152496569489,1.0796152496569489,0,0.0,,48593
bursty_high_s24,2.0,q4_a0.8_and,10328,1.1333333333333826,1.1333333333333826,0.5441666666665081,0.5441666666665081,1.094728547440559,1.094728547440559,0,0.0,,47596
bursty_high_s24,2.0,q4_a0.8_and,10329,0.9333333333333798,0.9333333333333798,0.5049999999998386,0.5049999999998386,1.0832025237137795,1.0832025237137795,0,0.0,,48636
bursty_high_s24,2.0,q4_a1.5_or,10300,1.8666666666662763,1.8666666666662763,0.6233333333331647,0.6233333333331647,1.1235515081336216,1.1235515081336216,0,0.0,,47121
bursty_high_s24,2.0,q4_a1.5_or,10301,1.3333333333333997,1.3333333333333997,0.5583333333331717,0.5583333333331717,1.0815326632421016,1.0815326632421016,0,0.0,,48494
bursty_high_s24,2.0,q4_a1.5_or,10302,1.3333333333333428,1.3333333333333428,0.5483333333331664,0.5483333333331664,1.0889235758531859,1.0889235758531859,0,0.0,,48535
bursty_high_s24,2.0,q4_a1.5_or,10303,2.2000000000000313,2.2000000000000313,0.6499999999998305,0.6499999999998305,1.1241428833596498,1.1241428833596498,0,0.0,,47000
bursty_high_s24,2.0,q4_a1.5_or,10304,1.0666666666667055,1.0666666666667055,0.5558333333331678,0.5558333333331678,1.0982943835788879,1.0982943835788879,0,0.0,,48414
bursty_high_s24,2.0,q4_a1.5_or,10305,0.9999999999990621,0.9999999999990621,0.49749999999983124,0.49749999999983124,1.0753809013808646,1.0753809013808646,0,0.0,,48387
bursty_high_s24,2.0,q4_a1.5_or,10306,1.3333333333326038,1.3333333333326038,0.5391666666664997,0.5391666666664997,1.1049523109328483,1.1049523109328483,0,0.0,,47733
bursty_high_s24,2.0,q4_a1.5_or,10307,1.199999999999818,1.199999999999818,0.5233333333331684,0.5233333333331684,1.0932042365215577,1.0932042365215577,0,0.0,,48132
bursty_high_s24,2.0,q4_a1.5_or,10308,1.1999999999991076,1.1999999999991076,0.5233333333331656,0.5233333333331656,1.0833281508580588,1.0833281508580588,0,0.0,,48783
bursty_high_s24,2.0,q4_a1.5_or,10309,1.5999999999995964,1.5999999999995964,0.5574999999998348,0.5574999999998348,1.0920031867051532,1.0920031867051532,0,0.0,,48119
bursty_high_s24,2.0,q4_a1.5_or,10310,1.4666666666667254,1.4666666666667254,0.57249999999983,0.57249999999983,1.1047732540402488,1.1047732540402488,0,0.0,,47926
bursty_high_s24,2.0,q4_a1.5_or,10311,1.2666666666656852,1.2666666666656852,0.534999999999826,0.534999999999826,1.0871564474269715,1.0871564474269715,0,0.0,,48803
bursty_high_s24,2.0,q4_a1.5_or,10312,1.3333333333331723,1.3333333333331723,0.5649999999998382,0.5649999999998382,1.085067499010408,1.085067499010408,0,0.0,,48125
bursty_high_s24,2.0,q4_a1.5_or,10313,0.9999999999996305,0.9999999999996305,0.5374999999998297,0.5374999999998297,1.0841492106304,1.0841492106304,0,0.0,,48370
bursty_high_s24,2.0,q4_a1.5_or,10314,0.9999999999998295,0.9999999999998295,0.49499999999983757,0.49499999999983757,1.0722691386501555,1.0722691386501555,2,0.1,1.0,48703
bursty_high_s24,2.0,q4_a1.5_or,10315,1.3333333333328596,1.3333333333328596,0.5508333333331678,0.5508333333331678,1.092484539927355,1.092484539927355,0,0.0,,47973
bursty_high_s24,2.0,q4_a1.5_or,10316,1.6666666666666998,1.6666666666666998,0.6183333333331593,0.6183333333331593,1.1035091074999925,1.1035091074999925,0,0.0,,47768
bursty_high_s24,2.0,q4_a1.5_or,10317,1.400000000000034,1.400000000000034,0.5616666666664933,0.5616666666664933,1.09394417523719,1.09394417523719,0,0.0,,47973
bursty_high_s24,2.0,q4_a1.5_or,10318,1.4666666666667112,1.4666666666667112,0.5591666666665048,0.5591666666665048,1.1025655884201877,1.1025655884201877,0,0.0,,48267
bursty_high_s24,2.0,q4_a1.5_or,10319,1.3999999999997499,1.3999999999997499,0.5649999999998324,0.5649999999998324,1.100003382710619,1.100003382710619,0,0.0,,47954
bursty_high_s24,2.0,q4_a1.5_or,10320,1.466666666666697,1.466666666666697,0.579166666666499,0.579166666666499,1.0943609192302264,1.0943609192302264,0,0.0,,48138
bursty_high_s24,2.0,q4_a1.5_or,10321,0.9999999999997726,0.9999999999997726,0.5108333333331626,0.5108333333331626,1.0880932494804347,1.0880932494804347,0,0.0,,48190
bursty_high_s24,2.0,q4_a1.5_or,10322,1.6000000000000156,1.6000000000000156,0.5808333333331639,0.5808333333331639,1.092198525962182,1.092198525962182,0,0.0,,47822
bursty_high_s24,2.0,q4_a1.5_or,10323,1.5999999999992554,1.5999999999992554,0.6049999999998327,0.6049999999998327,1.089243013789114,1.089243013789114,0,0.0,,48826
bursty_high_s24,2.0,q4_a1.5_or,10324,1.333333333333357,1.333333333333357,0.5749999999998278,0.5749999999998278,1.1091501544189246,1.1091501544189246,0,0.0,,48269
bursty_high_s24,2.0,q4_a1.5_or,10325,1.6666666666662309,1.6666666666662309,0.6074999999998357,0.6074999999998357,1.1274260116037385,1.1274260116037385,0,0.0,,47356
bursty_high_s24,2.0,q4_a1.5_or,10326,0.9333333333333655,0.9333333333333655,0.49083333333316453,0.49083333333316453,1.0732147940534429,1.0732147940534429,0,0.0,,48902
bursty_high_s24,2.0,q4_a1.5_or,10327,1.200000000000017,1.200000000000017,0.5449999999998316,0.5449999999998316,1.0796152496569489,1.0796152496569489,0,0.0,,48593
bursty_high_s24,2.0,q4_a1.5_or,10328,1.1333333333333826,1.1333333333333826,0.5441666666665081,0.5441666666665081,1.094728547440559,1.094728547440559,0,0.0,,47596
bursty_high_s24,2.0,q4_a1.5_or,10329,0.9333333333333798,0.9333333333333798,0.5049999999998386,0.5049999999998386,1.0832025237137795,1.0832025237137795,0,0.0,,48636
bursty_high_s24,2.0,q4_a1.5_and,10300,1.8666666666662763,1.8666666666662763,0.6233333333331647,0.6233333333331647,1.1235515081336216,1.1235515081336216,0,0.0,,47121
bursty_high_s24,2.0,q4_a1.5_and,10301,1.3333333333333997,1.3333333333333997,0.5583333333331717,0.5583333333331717,1.0815326632421016,1.0815326632421016,0,0.0,,48494
bursty_high_s24,2.0,q4_a1.5_and,10302,1.3333333333333428,1.3333333333333428,0.5483333333331664,0.5483333333331664,1.0889235758531859,1.0889235758531859,0,0.0,,48535
bursty_high_s24,2.0,q4_a1.5_and,10303,2.2000000000000313,2.2000000000000313,0.6499999999998305,0.6499999999998305,1.1241428833596498,1.1241428833596498,0,0.0,,47000
bursty_high_s24,2.0,q4_a1.5_and,10304,1.0666666666667055,1.0666666666667055,0.5558333333331678,0.5558333333331678,1.0982943835788879,1.0982943835788879,0,0.0,,48414
bursty_high_s24,2.0,q4_a1.5_and,10305,0.9999999999990621,0.9999999999990621,0.49749999999983124,0.49749999999983124,1.0753809013808646,1.0753809013808646,0,0.0,,48387
bursty_high_s24,2.0,q4_a1.5_and,10306,1.3333333333326038,1.3333333333326038,0.5391666666664997,0.5391666666664997,1.1049523109328483,1.1049523109328483,0,0.0,,47733
bursty_high_s24,2.0,q4_a1.5_and,10307,1.199999999999818,1.199999999999818,0.5233333333331684,0.5233333333331684,1.0932042365215577,1.0932042365215577,0,0.0,,48132
bursty_high_s24,2.0,q4_a1.5_and,10308,1.1999999999991076,1.1999999999991076,0.5233333333331656,0.5233333333331656,1.0833281508580588,1.0833281508580588,0,0.0,,48783
bursty_high_s24,2.0,q4_a1.5_and,10309,1.5999999999995964,1.5999999999995964,0.5574999999998348,0.5574999999998348,1.0920031867051532,1.0920031867051532,0,0.0,,48119
bursty_high_s24,2.0,q4_a1.5_and,10310,1.4666666666667254,1.4666666666667254,0.57249999999983,0.57249999999983,1.1047732540402488,1.1047732540402488,0,0.0,,47926
bursty_high_s24,2.0,q4_a1.5_and,10311,1.2666666666656852,1.2666666666656852,0.534999999999826,0.534999999999826,1.0871564474269715,1.0871564474269715,0,0.0,,48803
bursty_high_s24,2.0,q4_a1.5_and,10312,1.3333333333331723,1.3333333333331723,0.5649999999998382,0.5649999999998382,1.085067499010408,1.085067499010408,0,0.0,,48125
bursty_high_s24,2.0,q4_a1.5_and,10313,0.9999999999996305,0.9999999999996305,0.5374999999998297,0.5374999999998297,1.0841492106304,1.0841492106304,0,0.0,,48370
bursty_high_s24,2.0,q4_a1.5_and,10314,0.9999999999998295,0.9999999999998295,0.49499999999983757,0.49499999999983757,1.0722691386501555,1.0722691386501555,0,0.0,,48555
bursty_high_s24,2.0,q4_a1.5_and,10315,1.3333333333328596,1.3333333333328596,0.5508333333331678,0.5508333333331678,1.092484539927355,1.092484539927355,0,0.0,,47973
bursty_high_s24,2.0,q4_a1.5_and,10316,1.6666666666666998,1.6666666666666998,0.6183333333331593,0.6183333333331593,1.1035091074999925,1.1035091074999925,0,0.0,,47768
bursty_high_s24,2.0,q4_a1.5_and,10317,1.400000000000034,1.400000000000034,0.5616666666664933,0.5616666666664933,1.09394417523719,1.09394417523719,0,0.0,,47973
bursty_high_s24,2.0,q4_a1.5_and,10318,1.4666666666667112,1.4666666666667112,0.5591666666665048,0.5591666666665048,1.1025655884201877,1.1025655884201877,0,0.0,,48267
bursty_high_s24,2.0,q4_a1.5_and,10319,1.3999999999997499,1.3999999999997499,0.5649999999998324,0.5649999999998324,1.100003382710619,1.100003382710619,0,0.0,,47954
bursty_high_s24,2.0,q4_a1.5_and,10320,1.466666666666697,1.466666666666697,0.579166666666499,0.579166666666499,1.0943609192302264,1.0943609192302264,0,0.0,,48138
bursty_high_s24,2.0,q4_a1.5_and,10321,0.9999999999997726,0.9999999999997726,0.5108333333331626,0.5108333333331626,1.0880932494804347,1.0880932494804347,0,0.0,,48190
bursty_high_s24,2.0,q4_a1.5_and,10322,1.6000000000000156,1.6000000000000156,0.5808333333331639,0.5808333333331639,1.092198525962182,1.092198525962182,0,0.0,,47822
bursty_high_s24,2.0,q4_a1.5_and,10323,1.5999999999992554,1.5999999999992554,0.6049999999998327,0.6049999999998327,1.089243013789114,1.089243013789114,0,0.0,,48826
bursty_high_s24,2.0,q4_a1.5_and,10324,1.333333333333357,1.333333333333357,0.5749999999998278,0.5749999999998278,1.1091501544189246,1.1091501544189246,0,0.0,,48269
bursty_high_s24,2.0,q4_a1.5_and,10325,1.6666666666662309,1.6666666666662309,0.6074999999998357,0.6074999999998357,1.1274260116037385,1.1274260116037385,0,0.0,,47356
bursty_high_s24,2.0,q4_a1.5_and,10326,0.9333333333333655,0.9333333333333655,0.49083333333316453,0.49083333333316453,1.0732147940534429,1.0732147940534429,0,0.0,,48902
bursty_high_s24,2.0,q4_a1.5_and,10327,1.200000000000017,1.200000000000017,0.5449999999998316,0.5449999999998316,1.0796152496569489,1.0796152496569489,0,0.0,,48593
bursty_high_s24,2.0,q4_a1.5_and,10328,1.1333333333333826,1.1333333333333826,0.5441666666665081,0.5441666666665081,1.094728547440559,1.094728547440559,0,0.0,,47596
bursty_high_s24,2.0,q4_a1.5_and,10329,0.9333333333333798,0.9333333333333798,0.5049999999998386,0.5049999999998386,1.0832025237137795,1.0832025237137795,0,0.0,,48636
bursty_high_s24,2.0,q8_a0.8_or,10300,1.8666666666662763,2.000000000000014,0.6233333333331647,0.6358333333331633,1.1235515081336216,1.1347465920597306,15,0.7,1.0,48826
bursty_high_s24,2.0,q8_a0.8_or,10301,1.3333333333333997,1.3333333333323765,0.5583333333331717,0.5524999999998382,1.0815326632421016,1.0804288272632658,5,0.4,1.0,49103
bursty_high_s24,2.0,q8_a0.8_or,10302,1.3333333333333428,1.2000000000000313,0.5483333333331664,0.5133333333331649,1.0889235758531859,1.0903449438218273,9,0.5,1.0,48942
bursty_high_s24,2.0,q8_a0.8_or,10303,2.2000000000000313,1.9333333333331382,0.6499999999998305,0.6583333333331614,1.1241428833596498,1.1234716609210165,16,0.8,1.0,49021
bursty_high_s24,2.0,q8_a0.8_or,10304,1.0666666666667055,1.5333333333323367,0.5558333333331678,0.5591666666664987,1.0982943835788879,1.0986441329191503,11,0.5,1.0,49278
bursty_high_s24,2.0,q8_a0.8_or,10305,0.9999999999990621,0.9333333333333798,0.49749999999983124,0.4966666666664968,1.0753809013808646,1.0878671401630842,19,0.7,1.0,49874
bursty_high_s24,2.0,q8_a0.8_or,10306,1.3333333333326038,1.5333333333329335,0.5391666666664997,0.571666666666502,1.1049523109328483,1.1023308594846144,10,0.6,1.0,49038
bursty_high_s24,2.0,q8_a0.8_or,10307,1.199999999999818,1.1333333333333968,0.5233333333331684,0.5066666666665053,1.0932042365215577,1.098058910102825,15,0.8,1.0,49812
bursty_high_s24,2.0,q8_a0.8_or,10308,1.1999999999991076,1.1999999999991076,0.5233333333331656,0.5233333333331656,1.0833281508580588,1.0833281508580588,4,0.3,1.0,49375
bursty_high_s24,2.0,q8_a0.8_or,10309,1.5999999999995964,1.7333333333333485,0.5574999999998348,0.5441666666665005,1.0920031867051532,1.1039653183464153,18,0.8,1.0,49297
bursty_high_s24,2.0,q8_a0.8_or,10310,1.4666666666667254,1.4666666666667254,0.57249999999983,0.5699999999998309,1.1047732540402488,1.1007070502707237,5,0.3,1.0,48214
bursty_high_s24,2.0,q8_a0.8_or,10311,1.2666666666656852,1.2666666666656852,0.534999999999826,0.534999999999826,1.0871564474269715,1.0871564474269715,7,0.3,1.0,49395
bursty_high_s24,2.0,q8_a0.8_or,10312,1.3333333333331723,1.6666666666666927,0.5649999999998382,0.5566666666665029,1.085067499010408,1.0865504896362195,8,0.5,1.0,49432
bursty_high_s24,2.0,q8_a0.8_or,10313,0.9999999999996305,0.9999999999996874,0.5374999999998297,0.4908333333331625,1.0841492106304,1.0918046919630737,17,0.8,1.0,49775
bursty_high_s24,2.0,q8_a0.8_or,10314,0.9999999999998295,0.9999999999997158,0.49499999999983757,0.5074999999998364,1.0722691386501555,1.0689566327362392,12,0.5,1.0,48946
bursty_high_s24,2.0,q8_a0.8_or,10315,1.3333333333328596,1.2000000000000313,0.5508333333331678,0.5191666666664999,1.092484539927355,1.1000757781319768,8,0.4,1.0,48559
bursty_high_s24,2.0,q8_a0.8_or,10316,1.6666666666666998,1.5333333333333599,0.6183333333331593,0.5941666666664938,1.1035091074999925,1.0945401481629786,11,0.5,1.0,49333
bursty_high_s24,2.0,q8_a0.8_or,10317,1.400000000000034,1.400000000000034,0.5616666666664933,0.5616666666664933,1.09394417523719,1.09394417523719,7,0.5,1.0,48861
bursty_high_s24,2.0,q8_a0.8_or,10318,1.4666666666667112,1.6666666666664582,0.5591666666665048,0.5391666666665053,1.1025655884201877,1.0996892002503509,9,0.5,1.0,49157
bursty_high_s24,2.0,q8_a0.8_or,10319,1.3999999999997499,1.6000000000000512,0.5649999999998324,0.5758333333331668,1.100003382710619,1.1052398861049189,18,0.8,1.0,49620
bursty_high_s24,2.0,q8_a0.8_or,10320,1.466666666666697,1.600000000000037,0.579166666666499,0.5749999999998293,1.0943609192302264,1.0911043252499804,9,0.5,1.0,48664
bursty_high_s24,2.0,q8_a0.8_or,10321,0.9999999999997726,1.0000000000000284,0.5108333333331626,0.5066666666664961,1.0880932494804347,1.0816934232311803,14,0.5,1.0,49593
bursty_high_s24,2.0,q8_a0.8_or,10322,1.6000000000000156,1.5333333333328198,0.5808333333331639,0.5549999999998281,1.092198525962182,1.1031911092858122,12,0.5,1.0,49056
bursty_high_s24,2.0,q8_a0.8_or,10323,1.5999999999992554,1.2000000000000313,0.6049999999998327,0.5541666666665005,1.089243013789114,1.0924317684772007,15,0.6,1.0,49925
bursty_high_s24,2.0,q8_a0.8_or,10324,1.333333333333357,1.5333333333333599,0.5749999999998278,0.5666666666664943,1.1091501544189246,1.1078399661617455,10,0.5,1.0,49150
bursty_high_s24,2.0,q8_a0.8_or,10325,1.6666666666662309,1.800000000000054,0.6074999999998357,0.6416666666665004,1.1274260116037385,1.1375013912620946,16,0.6,1.0,48716
bursty_high_s24,2.0,q8_a0.8_or,10326,0.9333333333333655,0.9333333333333798,0.49083333333316453,0.4824999999998303,1.0732147940534429,1.0741189719274131,7,0.2,1.0,49084
bursty_high_s24,2.0,q8_a0.8_or,10327,1.200000000000017,1.3999999999993236,0.5449999999998316,0.545833333333166,1.0796152496569489,1.0927167178421722,4,0.4,1.0,49524
bursty_high_s24,2.0,q8_a0.8_or,10328,1.1333333333333826,1.6666666666664582,0.5441666666665081,0.5816666666665085,1.094728547440559,1.1041384124467841,18,0.8,1.0,49269
bursty_high_s24,2.0,q8_a0.8_or,10329,0.9333333333333798,0.9333333333333798,0.5049999999998386,0.5049999999998386,1.0832025237137795,1.0832025237137795,8,0.5,1.0,49376
bursty_high_s24,2.0,q8_a0.8_and,10300,1.8666666666662763,1.8666666666662763,0.6233333333331647,0.6233333333331647,1.1235515081336216,1.1235515081336216,0,0.0,,47121
bursty_high_s24,2.0,q8_a0.8_and,10301,1.3333333333333997,1.3333333333333997,0.5583333333331717,0.5583333333331717,1.0815326632421016,1.0815326632421016,0,0.0,,48494
bursty_high_s24,2.0,q8_a0.8_and,10302,1.3333333333333428,1.3333333333333428,0.5483333333331664,0.5483333333331664,1.0889235758531859,1.0889235758531859,0,0.0,,48535
bursty_high_s24,2.0,q8_a0.8_and,10303,2.2000000000000313,2.2000000000000313,0.6499999999998305,0.6499999999998305,1.1241428833596498,1.1241428833596498,0,0.0,,47000
bursty_high_s24,2.0,q8_a0.8_and,10304,1.0666666666667055,1.0666666666667055,0.5558333333331678,0.5558333333331678,1.0982943835788879,1.0982943835788879,0,0.0,,48414
bursty_high_s24,2.0,q8_a0.8_and,10305,0.9999999999990621,0.9999999999990621,0.49749999999983124,0.49749999999983124,1.0753809013808646,1.0753809013808646,0,0.0,,48387
bursty_high_s24,2.0,q8_a0.8_and,10306,1.3333333333326038,1.3333333333326038,0.5391666666664997,0.5391666666664997,1.1049523109328483,1.1049523109328483,0,0.0,,47733
bursty_high_s24,2.0,q8_a0.8_and,10307,1.199999999999818,1.199999999999818,0.5233333333331684,0.5233333333331684,1.0932042365215577,1.0932042365215577,0,0.0,,48132
bursty_high_s24,2.0,q8_a0.8_and,10308,1.1999999999991076,1.1999999999991076,0.5233333333331656,0.5233333333331656,1.0833281508580588,1.0833281508580588,0,0.0,,48783
bursty_high_s24,2.0,q8_a0.8_and,10309,1.5999999999995964,1.5999999999995964,0.5574999999998348,0.5574999999998348,1.0920031867051532,1.0920031867051532,0,0.0,,48119
bursty_high_s24,2.0,q8_a0.8_and,10310,1.4666666666667254,1.4666666666667254,0.57249999999983,0.57249999999983,1.1047732540402488,1.1047732540402488,0,0.0,,47926
bursty_high_s24,2.0,q8_a0.8_and,10311,1.2666666666656852,1.2666666666656852,0.534999999999826,0.534999999999826,1.0871564474269715,1.0871564474269715,0,0.0,,48803
bursty_high_s24,2.0,q8_a0.8_and,10312,1.3333333333331723,1.3333333333331723,0.5649999999998382,0.5649999999998382,1.085067499010408,1.085067499010408,0,0.0,,48125
bursty_high_s24,2.0,q8_a0.8_and,10313,0.9999999999996305,0.9999999999996305,0.5374999999998297,0.5374999999998297,1.0841492106304,1.0841492106304,0,0.0,,48370
bursty_high_s24,2.0,q8_a0.8_and,10314,0.9999999999998295,0.9999999999998295,0.49499999999983757,0.49499999999983757,1.0722691386501555,1.0722691386501555,0,0.0,,48555
bursty_high_s24,2.0,q8_a0.8_and,10315,1.3333333333328596,1.3333333333328596,0.5508333333331678,0.5508333333331678,1.092484539927355,1.092484539927355,0,0.0,,47973
bursty_high_s24,2.0,q8_a0.8_and,10316,1.6666666666666998,1.6666666666666998,0.6183333333331593,0.6183333333331593,1.1035091074999925,1.1035091074999925,0,0.0,,47768
bursty_high_s24,2.0,q8_a0.8_and,10317,1.400000000000034,1.400000000000034,0.5616666666664933,0.5616666666664933,1.09394417523719,1.09394417523719,0,0.0,,47973
bursty_high_s24,2.0,q8_a0.8_and,10318,1.4666666666667112,1.4666666666667112,0.5591666666665048,0.5591666666665048,1.1025655884201877,1.1025655884201877,0,0.0,,48267
bursty_high_s24,2.0,q8_a0.8_and,10319,1.3999999999997499,1.3999999999997499,0.5649999999998324,0.5649999999998324,1.100003382710619,1.100003382710619,0,0.0,,47954
bursty_high_s24,2.0,q8_a0.8_and,10320,1.466666666666697,1.466666666666697,0.579166666666499,0.579166666666499,1.0943609192302264,1.0943609192302264,0,0.0,,48138
bursty_high_s24,2.0,q8_a0.8_and,10321,0.9999999999997726,0.9999999999997726,0.5108333333331626,0.5108333333331626,1.0880932494804347,1.0880932494804347,0,0.0,,48190
bursty_high_s24,2.0,q8_a0.8_and,10322,1.6000000000000156,1.6000000000000156,0.5808333333331639,0.5808333333331639,1.092198525962182,1.092198525962182,0,0.0,,47822
bursty_high_s24,2.0,q8_a0.8_and,10323,1.5999999999992554,1.5999999999992554,0.6049999999998327,0.6049999999998327,1.089243013789114,1.089243013789114,0,0.0,,48826
bursty_high_s24,2.0,q8_a0.8_and,10324,1.333333333333357,1.333333333333357,0.5749999999998278,0.5749999999998278,1.1091501544189246,1.1091501544189246,0,0.0,,48269
bursty_high_s24,2.0,q8_a0.8_and,10325,1.6666666666662309,1.6666666666662309,0.6074999999998357,0.6074999999998357,1.1274260116037385,1.1274260116037385,0,0.0,,47356
bursty_high_s24,2.0,q8_a0.8_and,10326,0.9333333333333655,0.9333333333333655,0.49083333333316453,0.49083333333316453,1.0732147940534429,1.0732147940534429,0,0.0,,48902
bursty_high_s24,2.0,q8_a0.8_and,10327,1.200000000000017,1.200000000000017,0.5449999999998316,0.5449999999998316,1.0796152496569489,1.0796152496569489,0,0.0,,48593
bursty_high_s24,2.0,q8_a0.8_and,10328,1.1333333333333826,1.1333333333333826,0.5441666666665081,0.5441666666665081,1.094728547440559,1.094728547440559,0,0.0,,47596
bursty_high_s24,2.0,q8_a0.8_and,10329,0.9333333333333798,0.9333333333333798,0.5049999999998386,0.5049999999998386,1.0832025237137795,1.0832025237137795,0,0.0,,48636
bursty_high_s24,2.0,q8_a1.5_or,10300,1.8666666666662763,1.8666666666662763,0.6233333333331647,0.6233333333331647,1.1235515081336216,1.1235515081336216,0,0.0,,47121
bursty_high_s24,2.0,q8_a1.5_or,10301,1.3333333333333997,1.3333333333333997,0.5583333333331717,0.5583333333331717,1.0815326632421016,1.0815326632421016,0,0.0,,48494
bursty_high_s24,2.0,q8_a1.5_or,10302,1.3333333333333428,1.3333333333333428,0.5483333333331664,0.5483333333331664,1.0889235758531859,1.0889235758531859,0,0.0,,48535
bursty_high_s24,2.0,q8_a1.5_or,10303,2.2000000000000313,2.2000000000000313,0.6499999999998305,0.6499999999998305,1.1241428833596498,1.1241428833596498,0,0.0,,47000
bursty_high_s24,2.0,q8_a1.5_or,10304,1.0666666666667055,1.0666666666667055,0.5558333333331678,0.5558333333331678,1.0982943835788879,1.0982943835788879,0,0.0,,48414
bursty_high_s24,2.0,q8_a1.5_or,10305,0.9999999999990621,0.9999999999990621,0.49749999999983124,0.49749999999983124,1.0753809013808646,1.0753809013808646,0,0.0,,48387
bursty_high_s24,2.0,q8_a1.5_or,10306,1.3333333333326038,1.3333333333326038,0.5391666666664997,0.5391666666664997,1.1049523109328483,1.1049523109328483,0,0.0,,47733
bursty_high_s24,2.0,q8_a1.5_or,10307,1.199999999999818,1.199999999999818,0.5233333333331684,0.5233333333331684,1.0932042365215577,1.0932042365215577,0,0.0,,48132
bursty_high_s24,2.0,q8_a1.5_or,10308,1.1999999999991076,1.1999999999991076,0.5233333333331656,0.5233333333331656,1.0833281508580588,1.0833281508580588,0,0.0,,48783
bursty_high_s24,2.0,q8_a1.5_or,10309,1.5999999999995964,1.5999999999995964,0.5574999999998348,0.5574999999998348,1.0920031867051532,1.0920031867051532,0,0.0,,48119
bursty_high_s24,2.0,q8_a1.5_or,10310,1.4666666666667254,1.4666666666667254,0.57249999999983,0.57249999999983,1.1047732540402488,1.1047732540402488,0,0.0,,47926
bursty_high_s24,2.0,q8_a1.5_or,10311,1.2666666666656852,1.2666666666656852,0.534999999999826,0.534999999999826,1.0871564474269715,1.0871564474269715,0,0.0,,48803
bursty_high_s24,2.0,q8_a1.5_or,10312,1.3333333333331723,1.3333333333331723,0.5649999999998382,0.5649999999998382,1.085067499010408,1.085067499010408,0,0.0,,48125
bursty_high_s24,2.0,q8_a1.5_or,10313,0.9999999999996305,0.9999999999996305,0.5374999999998297,0.5374999999998297,1.0841492106304,1.0841492106304,0,0.0,,48370
bursty_high_s24,2.0,q8_a1.5_or,10314,0.9999999999998295,0.9999999999998295,0.49499999999983757,0.49499999999983757,1.0722691386501555,1.0722691386501555,2,0.1,1.0,48703
bursty_high_s24,2.0,q8_a1.5_or,10315,1.3333333333328596,1.3333333333328596,0.5508333333331678,0.5508333333331678,1.092484539927355,1.092484539927355,0,0.0,,47973
bursty_high_s24,2.0,q8_a1.5_or,10316,1.6666666666666998,1.6666666666666998,0.6183333333331593,0.6183333333331593,1.1035091074999925,1.1035091074999925,0,0.0,,47768
bursty_high_s24,2.0,q8_a1.5_or,10317,1.400000000000034,1.400000000000034,0.5616666666664933,0.5616666666664933,1.09394417523719,1.09394417523719,0,0.0,,47973
bursty_high_s24,2.0,q8_a1.5_or,10318,1.4666666666667112,1.4666666666667112,0.5591666666665048,0.5591666666665048,1.1025655884201877,1.1025655884201877,0,0.0,,48267
bursty_high_s24,2.0,q8_a1.5_or,10319,1.3999999999997499,1.3999999999997499,0.5649999999998324,0.5649999999998324,1.100003382710619,1.100003382710619,0,0.0,,47954
bursty_high_s24,2.0,q8_a1.5_or,10320,1.466666666666697,1.466666666666697,0.579166666666499,0.579166666666499,1.0943609192302264,1.0943609192302264,0,0.0,,48138
bursty_high_s24,2.0,q8_a1.5_or,10321,0.9999999999997726,0.9999999999997726,0.5108333333331626,0.5108333333331626,1.0880932494804347,1.0880932494804347,0,0.0,,48190
bursty_high_s24,2.0,q8_a1.5_or,10322,1.6000000000000156,1.6000000000000156,0.5808333333331639,0.5808333333331639,1.092198525962182,1.092198525962182,0,0.0,,47822
bursty_high_s24,2.0,q8_a1.5_or,10323,1.5999999999992554,1.5999999999992554,0.6049999999998327,0.6049999999998327,1.089243013789114,1.089243013789114,0,0.0,,48826
bursty_high_s24,2.0,q8_a1.5_or,10324,1.333333333333357,1.333333333333357,0.5749999999998278,0.5749999999998278,1.1091501544189246,1.1091501544189246,0,0.0,,48269
bursty_high_s24,2.0,q8_a1.5_or,10325,1.6666666666662309,1.6666666666662309,0.6074999999998357,0.6074999999998357,1.1274260116037385,1.1274260116037385,0,0.0,,47356
bursty_high_s24,2.0,q8_a1.5_or,10326,0.9333333333333655,0.9333333333333655,0.49083333333316453,0.49083333333316453,1.0732147940534429,1.0732147940534429,0,0.0,,48902
bursty_high_s24,2.0,q8_a1.5_or,10327,1.200000000000017,1.200000000000017,0.5449999999998316,0.5449999999998316,1.0796152496569489,1.0796152496569489,0,0.0,,48593
bursty_high_s24,2.0,q8_a1.5_or,10328,1.1333333333333826,1.1333333333333826,0.5441666666665081,0.5441666666665081,1.094728547440559,1.094728547440559,0,0.0,,47596
bursty_high_s24,2.0,q8_a1.5_or,10329,0.9333333333333798,0.9333333333333798,0.5049999999998386,0.5049999999998386,1.0832025237137795,1.0832025237137795,0,0.0,,48636
bursty_high_s24,2.0,q8_a1.5_and,10300,1.8666666666662763,1.8666666666662763,0.6233333333331647,0.6233333333331647,1.1235515081336216,1.1235515081336216,0,0.0,,47121
bursty_high_s24,2.0,q8_a1.5_and,10301,1.3333333333333997,1.3333333333333997,0.5583333333331717,0.5583333333331717,1.0815326632421016,1.0815326632421016,0,0.0,,48494
bursty_high_s24,2.0,q8_a1.5_and,10302,1.3333333333333428,1.3333333333333428,0.5483333333331664,0.5483333333331664,1.0889235758531859,1.0889235758531859,0,0.0,,48535
bursty_high_s24,2.0,q8_a1.5_and,10303,2.2000000000000313,2.2000000000000313,0.6499999999998305,0.6499999999998305,1.1241428833596498,1.1241428833596498,0,0.0,,47000
bursty_high_s24,2.0,q8_a1.5_and,10304,1.0666666666667055,1.0666666666667055,0.5558333333331678,0.5558333333331678,1.0982943835788879,1.0982943835788879,0,0.0,,48414
bursty_high_s24,2.0,q8_a1.5_and,10305,0.9999999999990621,0.9999999999990621,0.49749999999983124,0.49749999999983124,1.0753809013808646,1.0753809013808646,0,0.0,,48387
bursty_high_s24,2.0,q8_a1.5_and,10306,1.3333333333326038,1.3333333333326038,0.5391666666664997,0.5391666666664997,1.1049523109328483,1.1049523109328483,0,0.0,,47733
bursty_high_s24,2.0,q8_a1.5_and,10307,1.199999999999818,1.199999999999818,0.5233333333331684,0.5233333333331684,1.0932042365215577,1.0932042365215577,0,0.0,,48132
bursty_high_s24,2.0,q8_a1.5_and,10308,1.1999999999991076,1.1999999999991076,0.5233333333331656,0.5233333333331656,1.0833281508580588,1.0833281508580588,0,0.0,,48783
bursty_high_s24,2.0,q8_a1.5_and,10309,1.5999999999995964,1.5999999999995964,0.5574999999998348,0.5574999999998348,1.0920031867051532,1.0920031867051532,0,0.0,,48119
bursty_high_s24,2.0,q8_a1.5_and,10310,1.4666666666667254,1.4666666666667254,0.57249999999983,0.57249999999983,1.1047732540402488,1.1047732540402488,0,0.0,,47926
bursty_high_s24,2.0,q8_a1.5_and,10311,1.2666666666656852,1.2666666666656852,0.534999999999826,0.534999999999826,1.0871564474269715,1.0871564474269715,0,0.0,,48803
bursty_high_s24,2.0,q8_a1.5_and,10312,1.3333333333331723,1.3333333333331723,0.5649999999998382,0.5649999999998382,1.085067499010408,1.085067499010408,0,0.0,,48125
bursty_high_s24,2.0,q8_a1.5_and,10313,0.9999999999996305,0.9999999999996305,0.5374999999998297,0.5374999999998297,1.0841492106304,1.0841492106304,0,0.0,,48370
bursty_high_s24,2.0,q8_a1.5_and,10314,0.9999999999998295,0.9999999999998295,0.49499999999983757,0.49499999999983757,1.0722691386501555,1.0722691386501555,0,0.0,,48555
bursty_high_s24,2.0,q8_a1.5_and,10315,1.3333333333328596,1.3333333333328596,0.5508333333331678,0.5508333333331678,1.092484539927355,1.092484539927355,0,0.0,,47973
bursty_high_s24,2.0,q8_a1.5_and,10316,1.6666666666666998,1.6666666666666998,0.6183333333331593,0.6183333333331593,1.1035091074999925,1.1035091074999925,0,0.0,,47768
bursty_high_s24,2.0,q8_a1.5_and,10317,1.400000000000034,1.400000000000034,0.5616666666664933,0.5616666666664933,1.09394417523719,1.09394417523719,0,0.0,,47973
bursty_high_s24,2.0,q8_a1.5_and,10318,1.4666666666667112,1.4666666666667112,0.5591666666665048,0.5591666666665048,1.1025655884201877,1.1025655884201877,0,0.0,,48267
bursty_high_s24,2.0,q8_a1.5_and,10319,1.3999999999997499,1.3999999999997499,0.5649999999998324,0.5649999999998324,1.100003382710619,1.100003382710619,0,0.0,,47954
bursty_high_s24,2.0,q8_a1.5_and,10320,1.466666666666697,1.466666666666697,0.579166666666499,0.579166666666499,1.0943609192302264,1.0943609192302264,0,0.0,,48138
bursty_high_s24,2.0,q8_a1.5_and,10321,0.9999999999997726,0.9999999999997726,0.5108333333331626,0.5108333333331626,1.0880932494804347,1.0880932494804347,0,0.0,,48190
bursty_high_s24,2.0,q8_a1.5_and,10322,1.6000000000000156,1.6000000000000156,0.5808333333331639,0.5808333333331639,1.092198525962182,1.092198525962182,0,0.0,,47822
bursty_high_s24,2.0,q8_a1.5_and,10323,1.5999999999992554,1.5999999999992554,0.6049999999998327,0.6049999999998327,1.089243013789114,1.089243013789114,0,0.0,,48826
bursty_high_s24,2.0,q8_a1.5_and,10324,1.333333333333357,1.333333333333357,0.5749999999998278,0.5749999999998278,1.1091501544189246,1.1091501544189246,0,0.0,,48269
bursty_high_s24,2.0,q8_a1.5_and,10325,1.6666666666662309,1.6666666666662309,0.6074999999998357,0.6074999999998357,1.1274260116037385,1.1274260116037385,0,0.0,,47356
bursty_high_s24,2.0,q8_a1.5_and,10326,0.9333333333333655,0.9333333333333655,0.49083333333316453,0.49083333333316453,1.0732147940534429,1.0732147940534429,0,0.0,,48902
bursty_high_s24,2.0,q8_a1.5_and,10327,1.200000000000017,1.200000000000017,0.5449999999998316,0.5449999999998316,1.0796152496569489,1.0796152496569489,0,0.0,,48593
bursty_high_s24,2.0,q8_a1.5_and,10328,1.1333333333333826,1.1333333333333826,0.5441666666665081,0.5441666666665081,1.094728547440559,1.094728547440559,0,0.0,,47596
bursty_high_s24,2.0,q8_a1.5_and,10329,0.9333333333333798,0.9333333333333798,0.5049999999998386,0.5049999999998386,1.0832025237137795,1.0832025237137795,0,0.0,,48636
