workload,penalty,config,seed,baseline_p95_wait,burst_aware_p95_wait,baseline_avg_wait,burst_aware_avg_wait,baseline_avg_slowdown,burst_aware_avg_slowdown,detector_fires,recall,precision,sched_cores_scanned
stacked_medium,0.0,q2_a0.8_or,70100,11.533333333333758,7.533333333333019,3.92133333333328,2.827333333333306,1.5129035844997305,1.466759805602448,160,1.0,1.0,50060
stacked_medium,0.0,q2_a0.8_or,70101,10.133333333332985,7.066666666667402,3.6173333333332267,2.7513333333332555,1.5506576372306555,1.4821635435771916,159,1.0,1.0,49018
stacked_medium,0.0,q2_a0.8_or,70102,14.200000000000273,10.133333333333155,4.529333333333211,3.2783333333332343,1.6921164013428227,1.5459238042369885,161,1.0,1.0,49617
stacked_medium,0.0,q2_a0.8_or,70103,10.400000000000091,7.266666666666197,4.108333333333225,2.7723333333332736,1.5548371001282075,1.4594084379097938,161,1.0,1.0,50595
stacked_medium,0.0,q2_a0.8_or,70104,11.800000000000182,7.266666666666708,4.134333333333265,2.5093333333332257,1.5924858670779338,1.4467920441838222,160,1.0,1.0,50273
stacked_medium,0.0,q2_a0.8_or,70105,12.199999999999761,8.466666666666654,4.080333333333204,2.9393333333331686,1.610696404863477,1.5077677364978614,161,1.0,1.0,50622
stacked_medium,0.0,q2_a0.8_or,70106,10.533333333332735,6.466666666666612,3.6063333333331933,2.4963333333332467,1.5195425671432026,1.3878642049093808,159,1.0,1.0,49216
stacked_medium,0.0,q2_a0.8_or,70107,10.399999999998954,8.933333333333337,3.7943333333332494,3.169333333333295,1.5990242845606877,1.4891887323685669,160,1.0,1.0,50563
stacked_medium,0.0,q2_a0.8_or,70108,11.933333333333053,7.7999999999999545,4.20233333333328,3.0533333333332786,1.552141609941271,1.5235289854896097,159,1.0,1.0,49324
stacked_medium,0.0,q2_a0.8_or,70109,10.666666666666586,7.7999999999999545,3.4843333333332622,2.6243333333332286,1.50251628206205,1.433449569092259,160,1.0,1.0,49761
stacked_medium,0.0,q2_a0.8_or,70110,11.13333333333378,6.266666666666879,4.008333333333219,2.5043333333331588,1.5646774234353047,1.4076919102481573,161,1.0,1.0,49555
stacked_medium,0.0,q2_a0.8_or,70111,10.53333333333336,8.200000000000273,3.9793333333332455,2.7993333333332204,1.6238624107542363,1.5146033863255075,159,1.0,1.0,49689
stacked_medium,0.0,q2_a0.8_or,70112,12.999999999998636,8.466666666666697,4.0793333333331985,2.686333333333207,1.6792676829568374,1.506467025611918,160,1.0,1.0,50129
stacked_medium,0.0,q2_a0.8_or,70113,12.199999999999704,8.999999999999545,4.406333333333221,3.0103333333332403,1.6178783034252873,1.4907172849664119,162,1.0,1.0,49713
stacked_medium,0.0,q2_a0.8_or,70114,11.000000000000014,9.400000000000205,4.126333333333206,3.5033333333332712,1.5484215832850987,1.5552441358045828,160,1.0,1.0,48198
stacked_medium,0.0,q2_a0.8_or,70115,11.266666666666637,8.666666666666742,4.003333333333169,3.00833333333319,1.576189607673792,1.452958753342608,157,1.0,1.0,49561
stacked_medium,0.0,q2_a0.8_or,70116,12.533333333333132,8.333333333333712,4.353333333333219,2.822333333333258,1.6346831050818726,1.4744621152049568,160,1.0,1.0,49838
stacked_medium,0.0,q2_a0.8_or,70117,11.133333333333312,9.999999999999773,3.9573333333332448,3.396333333333226,1.5566142314617486,1.5729409255761266,162,1.0,1.0,49677
stacked_medium,0.0,q2_a0.8_or,70118,11.266666666666637,8.333333333332575,3.725333333333262,2.955333333333217,1.5354255109225545,1.443817946599323,155,1.0,1.0,49600
stacked_medium,0.0,q2_a0.8_or,70119,11.466666666666356,7.466666666667152,4.255333333333241,2.8753333333332187,1.6493476010058865,1.4928123188098652,161,1.0,1.0,50530
stacked_medium,0.0,q2_a0.8_or,70120,13.400000000000318,8.133333333333283,4.164333333333258,2.879333333333241,1.571612359533181,1.4646490011985456,160,1.0,1.0,48686
stacked_medium,0.0,q2_a0.8_or,70121,11.133333333333269,6.399999999999835,3.616333333333214,2.338333333333237,1.5536321112449516,1.3863969254122042,159,1.0,1.0,48725
stacked_medium,0.0,q2_a0.8_or,70122,9.400000000000375,7.5999999999999375,3.7343333333332747,2.761333333333259,1.557590576520645,1.410586308123309,160,1.0,1.0,49301
stacked_medium,0.0,q2_a0.8_or,70123,11.799999999999827,7.666666666666671,3.9043333333332284,2.530333333333205,1.5744756464112775,1.4620845224799637,159,1.0,1.0,50426
stacked_medium,0.0,q2_a0.8_or,70124,11.466666666667038,7.1333333333333115,4.118333333333199,2.86333333333322,1.6279129404376431,1.5319421539683278,162,1.0,1.0,48859
stacked_medium,0.0,q2_a0.8_or,70125,10.866666666666731,6.933333333333394,4.0933333333332325,2.6573333333332334,1.5619549578097618,1.456683719919756,158,1.0,1.0,48994
stacked_medium,0.0,q2_a0.8_or,70126,11.06666666666672,8.333333333333258,3.8743333333332073,2.8283333333331835,1.586751822369359,1.4701990532016607,163,1.0,1.0,49861
stacked_medium,0.0,q2_a0.8_or,70127,12.466666666666129,7.733333333333462,4.296333333333228,2.8013333333332593,1.5399239195373073,1.4732043223513862,161,1.0,1.0,49010
stacked_medium,0.0,q2_a0.8_or,70128,10.466666666666242,8.0,4.05633333333322,2.8083333333332585,1.5953565423220863,1.4531257947533067,160,1.0,1.0,51532
stacked_medium,0.0,q2_a0.8_or,70129,11.866666666666447,7.066666666666379,3.9083333333332435,2.543333333333195,1.609699892808629,1.4111422979298118,160,1.0,1.0,50301
stacked_medium,0.0,q2_a0.8_and,70100,11.533333333333758,9.80000000000041,3.92133333333328,2.963333333333295,1.5129035844997305,1.4104694593521594,135,1.0,1.0,49628
stacked_medium,0.0,q2_a0.8_and,70101,10.133333333332985,7.266666666666879,3.6173333333332267,2.703333333333235,1.5506576372306555,1.3842679922139811,137,1.0,1.0,48893
stacked_medium,0.0,q2_a0.8_and,70102,14.200000000000273,8.133333333333098,4.529333333333211,2.768333333333244,1.6921164013428227,1.506125684753016,140,1.0,1.0,49770
stacked_medium,0.0,q2_a0.8_and,70103,10.400000000000091,6.133333333333638,4.108333333333225,2.6343333333332333,1.5548371001282075,1.426586112924933,134,1.0,1.0,50051
stacked_medium,0.0,q2_a0.8_and,70104,11.800000000000182,8.200000000000614,4.134333333333265,2.9883333333332422,1.5924858670779338,1.5243670590869698,138,1.0,1.0,49878
stacked_medium,0.0,q2_a0.8_and,70105,12.199999999999761,7.466666666665958,4.080333333333204,2.6963333333332367,1.610696404863477,1.471525447709524,138,1.0,1.0,50312
stacked_medium,0.0,q2_a0.8_and,70106,10.533333333332735,8.666666666666742,3.6063333333331933,2.9923333333332245,1.5195425671432026,1.4755676741099908,138,1.0,1.0,49320
stacked_medium,0.0,q2_a0.8_and,70107,10.399999999998954,9.46666666666772,3.7943333333332494,3.20133333333326,1.5990242845606877,1.5429730292037234,138,1.0,1.0,50049
stacked_medium,0.0,q2_a0.8_and,70108,11.933333333333053,7.799999999999983,4.20233333333328,2.7953333333332124,1.552141609941271,1.501591039667931,143,1.0,1.0,49145
stacked_medium,0.0,q2_a0.8_and,70109,10.666666666666586,7.933333333333309,3.4843333333332622,2.701333333333248,1.50251628206205,1.4328677187068626,130,1.0,1.0,48581
stacked_medium,0.0,q2_a0.8_and,70110,11.13333333333378,7.999999999999716,4.008333333333219,2.73233333333318,1.5646774234353047,1.441027239362361,137,1.0,1.0,49268
stacked_medium,0.0,q2_a0.8_and,70111,10.53333333333336,9.400000000000318,3.9793333333332455,3.2433333333331973,1.6238624107542363,1.5535384451973042,141,1.0,1.0,49752
stacked_medium,0.0,q2_a0.8_and,70112,12.999999999998636,7.199999999999875,4.0793333333331985,2.6373333333332134,1.6792676829568374,1.3973133930545736,142,1.0,1.0,49614
stacked_medium,0.0,q2_a0.8_and,70113,12.199999999999704,8.466666666667606,4.406333333333221,3.056333333333212,1.6178783034252873,1.5456993851994723,140,1.0,1.0,49043
stacked_medium,0.0,q2_a0.8_and,70114,11.000000000000014,7.799999999999983,4.126333333333206,2.7693333333332286,1.5484215832850987,1.4561468985048418,127,1.0,1.0,49136
stacked_medium,0.0,q2_a0.8_and,70115,11.266666666666637,10.599999999999966,4.003333333333169,3.3203333333331715,1.576189607673792,1.5476950502733136,133,1.0,1.0,49549
stacked_medium,0.0,q2_a0.8_and,70116,12.533333333333132,8.799999999999784,4.353333333333219,3.2233333333332426,1.6346831050818726,1.532039144600573,137,1.0,1.0,49368
stacked_medium,0.0,q2_a0.8_and,70117,11.133333333333312,8.466666666666654,3.9573333333332448,3.011333333333227,1.5566142314617486,1.5308325595630865,142,1.0,1.0,49848
stacked_medium,0.0,q2_a0.8_and,70118,11.266666666666637,5.866666666666333,3.725333333333262,2.4123333333332493,1.5354255109225545,1.4191564226523519,128,1.0,1.0,48739
stacked_medium,0.0,q2_a0.8_and,70119,11.466666666666356,8.59999999999998,4.255333333333241,3.0513333333332895,1.6493476010058865,1.5101235211994244,145,1.0,1.0,50493
stacked_medium,0.0,q2_a0.8_and,70120,13.400000000000318,8.799999999999898,4.164333333333258,2.8333333333332247,1.571612359533181,1.4369097178618688,136,1.0,1.0,49071
stacked_medium,0.0,q2_a0.8_and,70121,11.133333333333269,9.133333333333269,3.616333333333214,2.9063333333332624,1.5536321112449516,1.4725001243580158,132,1.0,1.0,48724
stacked_medium,0.0,q2_a0.8_and,70122,9.400000000000375,7.333333333333272,3.7343333333332747,2.752333333333262,1.557590576520645,1.444588402850381,144,1.0,1.0,50471
stacked_medium,0.0,q2_a0.8_and,70123,11.799999999999827,7.2000000000005,3.9043333333332284,2.7233333333332364,1.5744756464112775,1.466093660662114,133,1.0,1.0,50258
stacked_medium,0.0,q2_a0.8_and,70124,11.466666666667038,7.266666666667561,4.118333333333199,2.856333333333272,1.6279129404376431,1.5129421130346339,135,1.0,1.0,48419
stacked_medium,0.0,q2_a0.8_and,70125,10.866666666666731,7.266666666666708,4.0933333333332325,2.831333333333232,1.5619549578097618,1.4867056713248177,143,1.0,1.0,49101
stacked_medium,0.0,q2_a0.8_and,70126,11.06666666666672,7.33333333333335,3.8743333333332073,2.7553333333332626,1.586751822369359,1.4671459278712762,139,1.0,1.0,50469
stacked_medium,0.0,q2_a0.8_and,70127,12.466666666666129,7.000000000000341,4.296333333333228,2.6943333333332644,1.5399239195373073,1.3753154717587261,141,1.0,1.0,49624
stacked_medium,0.0,q2_a0.8_and,70128,10.466666666666242,7.933333333333309,4.05633333333322,2.680333333333167,1.5953565423220863,1.4102301465764695,135,1.0,1.0,49809
stacked_medium,0.0,q2_a0.8_and,70129,11.866666666666447,10.066666666666777,3.9083333333332435,3.1483333333331753,1.609699892808629,1.4905451116051327,129,1.0,1.0,49600
stacked_medium,0.0,q2_a1.5_or,70100,11.533333333333758,7.266666666667135,3.92133333333328,2.7093333333333134,1.5129035844997305,1.4735716998210504,146,1.0,1.0,49340
stacked_medium,0.0,q2_a1.5_or,70101,10.133333333332985,8.66666666666572,3.6173333333332267,2.8373333333332287,1.5506576372306555,1.4257488484626262,151,1.0,1.0,49047
stacked_medium,0.0,q2_a1.5_or,70102,14.200000000000273,10.466666666666697,4.529333333333211,3.5113333333332095,1.6921164013428227,1.5587761457247629,153,1.0,1.0,50408
stacked_medium,0.0,q2_a1.5_or,70103,10.400000000000091,8.933333333333564,4.108333333333225,2.8533333333332416,1.5548371001282075,1.4510587231259706,151,1.0,1.0,50609
stacked_medium,0.0,q2_a1.5_or,70104,11.800000000000182,7.666666666666686,4.134333333333265,2.7213333333332734,1.5924858670779338,1.4930861211872988,153,1.0,1.0,49040
stacked_medium,0.0,q2_a1.5_or,70105,12.199999999999761,8.466666666666654,4.080333333333204,2.9393333333331686,1.610696404863477,1.5077677364978614,157,1.0,1.0,50622
stacked_medium,0.0,q2_a1.5_or,70106,10.533333333332735,6.66666666666606,3.6063333333331933,2.756333333333239,1.5195425671432026,1.483124326974202,146,1.0,1.0,48715
stacked_medium,0.0,q2_a1.5_or,70107,10.399999999998954,10.399999999999949,3.7943333333332494,3.440333333333243,1.5990242845606877,1.4643320849324328,155,1.0,1.0,50745
stacked_medium,0.0,q2_a1.5_or,70108,11.933333333333053,7.999999999999488,4.20233333333328,2.936333333333238,1.552141609941271,1.546315024330271,151,1.0,1.0,49167
stacked_medium,0.0,q2_a1.5_or,70109,10.666666666666586,7.800000000000182,3.4843333333332622,2.9493333333332425,1.50251628206205,1.5165822911410498,155,1.0,1.0,48872
stacked_medium,0.0,q2_a1.5_or,70110,11.13333333333378,8.266666666666673,4.008333333333219,2.782333333333235,1.5646774234353047,1.4603834001031055,156,1.0,1.0,49222
stacked_medium,0.0,q2_a1.5_or,70111,10.53333333333336,7.599999999999625,3.9793333333332455,2.6163333333332104,1.6238624107542363,1.4983908169115865,155,1.0,1.0,49117
stacked_medium,0.0,q2_a1.5_or,70112,12.999999999998636,8.333333333332916,4.0793333333331985,2.8513333333332143,1.6792676829568374,1.524440702291307,151,1.0,1.0,49222
stacked_medium,0.0,q2_a1.5_or,70113,12.199999999999704,8.999999999999545,4.406333333333221,3.0103333333332403,1.6178783034252873,1.4907172849664119,160,1.0,1.0,49713
stacked_medium,0.0,q2_a1.5_or,70114,11.000000000000014,9.400000000000205,4.126333333333206,3.5033333333332712,1.5484215832850987,1.5552441358045828,151,1.0,1.0,48198
stacked_medium,0.0,q2_a1.5_or,70115,11.266666666666637,9.599999999999113,4.003333333333169,3.2453333333331886,1.576189607673792,1.467125322661231,148,1.0,1.0,49946
stacked_medium,0.0,q2_a1.5_or,70116,12.533333333333132,8.066666666666578,4.353333333333219,2.9523333333332515,1.6346831050818726,1.466653599898502,145,1.0,1.0,50139
stacked_medium,0.0,q2_a1.5_or,70117,11.133333333333312,9.999999999999773,3.9573333333332448,3.396333333333226,1.5566142314617486,1.5729409255761266,154,1.0,1.0,49677
stacked_medium,0.0,q2_a1.5_or,70118,11.266666666666637,7.733333333334031,3.725333333333262,2.761333333333226,1.5354255109225545,1.432869982769207,148,1.0,1.0,48568
stacked_medium,0.0,q2_a1.5_or,70119,11.466666666666356,6.799999999999898,4.255333333333241,2.645333333333255,1.6493476010058865,1.4555010786941704,154,1.0,1.0,49874
stacked_medium,0.0,q2_a1.5_or,70120,13.400000000000318,8.799999999999443,4.164333333333258,2.959333333333221,1.571612359533181,1.455675913783177,150,1.0,1.0,48968
stacked_medium,0.0,q2_a1.5_or,70121,11.133333333333269,7.5999999999999375,3.616333333333214,2.6873333333332248,1.5536321112449516,1.4070213882392923,151,1.0,1.0,48597
stacked_medium,0.0,q2_a1.5_or,70122,9.400000000000375,7.5999999999999375,3.7343333333332747,2.761333333333259,1.557590576520645,1.410586308123309,158,1.0,1.0,49301
stacked_medium,0.0,q2_a1.5_or,70123,11.799999999999827,8.266666666666673,3.9043333333332284,2.970333333333236,1.5744756464112775,1.4655662196020218,153,1.0,1.0,50297
stacked_medium,0.0,q2_a1.5_or,70124,11.466666666667038,7.1333333333333115,4.118333333333199,2.86333333333322,1.6279129404376431,1.5319421539683278,158,1.0,1.0,48859
stacked_medium,0.0,q2_a1.5_or,70125,10.866666666666731,8.133333333332871,4.0933333333332325,2.847333333333235,1.5619549578097618,1.4516935790826901,152,1.0,1.0,49007
stacked_medium,0.0,q2_a1.5_or,70126,11.06666666666672,8.333333333333286,3.8743333333332073,2.8583333333331917,1.586751822369359,1.4759464104267042,152,1.0,1.0,49715
stacked_medium,0.0,q2_a1.5_or,70127,12.466666666666129,8.46666666666664,4.296333333333228,2.8743333333332712,1.5399239195373073,1.4834444728677372,152,1.0,1.0,49431
stacked_medium,0.0,q2_a1.5_or,70128,10.466666666666242,7.866666666666816,4.05633333333322,2.7973333333332038,1.5953565423220863,1.4759299523367346,153,1.0,1.0,50380
stacked_medium,0.0,q2_a1.5_or,70129,11.866666666666447,7.066666666666379,3.9083333333332435,2.543333333333195,1.609699892808629,1.4111422979298118,158,1.0,1.0,50301
stacked_medium,0.0,q2_a1.5_and,70100,11.533333333333758,9.000000000000014,3.92133333333328,3.2233333333332705,1.5129035844997305,1.5069991303105172,46,1.0,1.0,47862
stacked_medium,0.0,q2_a1.5_and,70101,10.133333333332985,9.799999999998818,3.6173333333332267,3.008333333333237,1.5506576372306555,1.4625012873349144,39,1.0,1.0,48337
stacked_medium,0.0,q2_a1.5_and,70102,14.200000000000273,9.999999999999915,4.529333333333211,3.2843333333332083,1.6921164013428227,1.5381841379657624,44,1.0,1.0,48607
stacked_medium,0.0,q2_a1.5_and,70103,10.400000000000091,7.933333333333309,4.108333333333225,3.0193333333331793,1.5548371001282075,1.4235765834389225,57,1.0,1.0,48639
stacked_medium,0.0,q2_a1.5_and,70104,11.800000000000182,8.333333333333343,4.134333333333265,3.0663333333331466,1.5924858670779338,1.5183136227481606,44,1.0,1.0,48493
stacked_medium,0.0,q2_a1.5_and,70105,12.199999999999761,8.0,4.080333333333204,3.128333333333207,1.610696404863477,1.5079765121943438,52,1.0,1.0,49006
stacked_medium,0.0,q2_a1.5_and,70106,10.533333333332735,7.333333333332575,3.6063333333331933,2.643333333333219,1.5195425671432026,1.4027983092762222,42,1.0,1.0,47619
stacked_medium,0.0,q2_a1.5_and,70107,10.399999999998954,8.599999999999994,3.7943333333332494,3.1403333333332815,1.5990242845606877,1.5363084379584473,50,1.0,1.0,49023
stacked_medium,0.0,q2_a1.5_and,70108,11.933333333333053,8.999999999999432,4.20233333333328,3.157333333333207,1.552141609941271,1.4762177074227554,46,1.0,1.0,48468
stacked_medium,0.0,q2_a1.5_and,70109,10.666666666666586,8.333333333333144,3.4843333333332622,2.7153333333332985,1.50251628206205,1.4364833712493887,42,1.0,1.0,48091
stacked_medium,0.0,q2_a1.5_and,70110,11.13333333333378,7.999999999999545,4.008333333333219,2.8123333333332226,1.5646774234353047,1.460719156473691,52,1.0,1.0,47947
stacked_medium,0.0,q2_a1.5_and,70111,10.53333333333336,7.666666666666586,3.9793333333332455,2.774333333333236,1.6238624107542363,1.5158895757873558,48,1.0,1.0,49037
stacked_medium,0.0,q2_a1.5_and,70112,12.999999999998636,8.133333333333468,4.0793333333331985,2.859333333333207,1.6792676829568374,1.4792313730526294,41,1.0,1.0,48107
stacked_medium,0.0,q2_a1.5_and,70113,12.199999999999704,9.799999999999997,4.406333333333221,3.4113333333332276,1.6178783034252873,1.553050575604987,46,1.0,1.0,48055
stacked_medium,0.0,q2_a1.5_and,70114,11.000000000000014,8.200000000000728,4.126333333333206,3.1493333333332383,1.5484215832850987,1.4482753200207248,52,1.0,1.0,47944
stacked_medium,0.0,q2_a1.5_and,70115,11.266666666666637,10.333333333331893,4.003333333333169,2.9513333333331797,1.576189607673792,1.4898066198376936,38,1.0,1.0,48080
stacked_medium,0.0,q2_a1.5_and,70116,12.533333333333132,8.800000000000637,4.353333333333219,3.438333333333237,1.6346831050818726,1.5398793407334623,50,1.0,1.0,48457
stacked_medium,0.0,q2_a1.5_and,70117,11.133333333333312,8.466666666666612,3.9573333333332448,3.225333333333239,1.5566142314617486,1.5320158230157648,42,1.0,1.0,48127
stacked_medium,0.0,q2_a1.5_and,70118,11.266666666666637,9.599999999998886,3.725333333333262,3.497333333333284,1.5354255109225545,1.5613504947466508,54,1.0,1.0,47675
stacked_medium,0.0,q2_a1.5_and,70119,11.466666666666356,7.733333333333121,4.255333333333241,2.9653333333332483,1.6493476010058865,1.4878809771681647,42,1.0,1.0,48261
stacked_medium,0.0,q2_a1.5_and,70120,13.400000000000318,10.13333333333324,4.164333333333258,3.1893333333332192,1.571612359533181,1.4899844144177723,43,1.0,1.0,48235
stacked_medium,0.0,q2_a1.5_and,70121,11.133333333333269,7.933333333333508,3.616333333333214,3.0873333333332753,1.5536321112449516,1.4538002282030758,43,1.0,1.0,48337
stacked_medium,0.0,q2_a1.5_and,70122,9.400000000000375,8.13333333333334,3.7343333333332747,2.856333333333242,1.557590576520645,1.4464041794801819,41,1.0,1.0,47839
stacked_medium,0.0,q2_a1.5_and,70123,11.799999999999827,10.000000000000227,3.9043333333332284,3.249333333333185,1.5744756464112775,1.5198531423392663,46,1.0,1.0,49030
stacked_medium,0.0,q2_a1.5_and,70124,11.466666666667038,9.266666666666822,4.118333333333199,3.338333333333222,1.6279129404376431,1.5038295761787,50,1.0,1.0,47716
stacked_medium,0.0,q2_a1.5_and,70125,10.866666666666731,7.6666666666666,4.0933333333332325,2.8593333333332054,1.5619549578097618,1.497076071696732,42,1.0,1.0,47307
stacked_medium,0.0,q2_a1.5_and,70126,11.06666666666672,8.266666666666652,3.8743333333332073,2.9413333333332163,1.586751822369359,1.4774698743392265,38,1.0,1.0,47886
stacked_medium,0.0,q2_a1.5_and,70127,12.466666666666129,8.266666666666254,4.296333333333228,3.165333333333284,1.5399239195373073,1.4865323550520815,52,1.0,1.0,48599
stacked_medium,0.0,q2_a1.5_and,70128,10.466666666666242,8.333333333333258,4.05633333333322,3.0353333333332078,1.5953565423220863,1.4872847795050046,42,1.0,1.0,48550
stacked_medium,0.0,q2_a1.5_and,70129,11.866666666666447,9.399999999998386,3.9083333333332435,3.1533333333331965,1.609699892808629,1.4581816897818163,55,0.9411764705882353,1.0,47785
stacked_medium,0.0,q4_a0.8_or,70100,11.533333333333758,7.800000000000296,3.92133333333328,2.678333333333278,1.5129035844997305,1.4155329449026988,149,1.0,1.0,50890
stacked_medium,0.0,q4_a0.8_or,70101,10.133333333332985,7.066666666666265,3.6173333333332267,2.65133333333325,1.5506576372306555,1.359855690538874,149,1.0,1.0,49158
stacked_medium,0.0,q4_a0.8_or,70102,14.200000000000273,6.133333333333411,4.529333333333211,2.3553333333332036,1.6921164013428227,1.41379584884723,149,1.0,1.0,50720
stacked_medium,0.0,q4_a0.8_or,70103,10.400000000000091,7.33333333333335,4.108333333333225,2.644333333333201,1.5548371001282075,1.4286398568700627,149,1.0,1.0,49900
stacked_medium,0.0,q4_a0.8_or,70104,11.800000000000182,8.400000000000148,4.134333333333265,2.982333333333281,1.5924858670779338,1.5215939170897892,149,1.0,1.0,49982
stacked_medium,0.0,q4_a0.8_or,70105,12.199999999999761,7.466666666665958,4.080333333333204,2.6603333333332393,1.610696404863477,1.4790595072522603,149,1.0,1.0,50611
stacked_medium,0.0,q4_a0.8_or,70106,10.533333333332735,7.866666666666561,3.6063333333331933,2.8063333333332086,1.5195425671432026,1.4433360088441451,149,1.0,1.0,50109
stacked_medium,0.0,q4_a0.8_or,70107,10.399999999998954,8.266666666666673,3.7943333333332494,2.967333333333284,1.5990242845606877,1.505048849754841,149,1.0,1.0,50847
stacked_medium,0.0,q4_a0.8_or,70108,11.933333333333053,8.133333333333098,4.20233333333328,2.7393333333332355,1.552141609941271,1.487891823709657,149,1.0,1.0,49516
stacked_medium,0.0,q4_a0.8_or,70109,10.666666666666586,7.600000000000705,3.4843333333332622,2.757333333333297,1.50251628206205,1.4292078487704134,149,1.0,1.0,50037
stacked_medium,0.0,q4_a0.8_or,70110,11.13333333333378,7.199999999999477,4.008333333333219,2.650333333333196,1.5646774234353047,1.418996699471601,149,1.0,1.0,49694
stacked_medium,0.0,q4_a0.8_or,70111,10.53333333333336,7.19999999999925,3.9793333333332455,2.765333333333291,1.6238624107542363,1.4822227789549194,149,1.0,1.0,50146
stacked_medium,0.0,q4_a0.8_or,70112,12.999999999998636,7.466666666666626,4.0793333333331985,2.4753333333332406,1.6792676829568374,1.418843804199764,149,1.0,1.0,48838
stacked_medium,0.0,q4_a0.8_or,70113,12.199999999999704,7.933333333333337,4.406333333333221,3.1233333333332256,1.6178783034252873,1.569822089516994,149,1.0,1.0,49037
stacked_medium,0.0,q4_a0.8_or,70114,11.000000000000014,7.799999999999983,4.126333333333206,2.9473333333332543,1.5484215832850987,1.4253013209519525,149,1.0,1.0,49062
stacked_medium,0.0,q4_a0.8_or,70115,11.266666666666637,7.133333333332416,4.003333333333169,2.8613333333332416,1.576189607673792,1.4797244828793152,149,1.0,1.0,49950
stacked_medium,0.0,q4_a0.8_or,70116,12.533333333333132,8.26666666666668,4.353333333333219,3.0083333333332165,1.6346831050818726,1.5219359862061308,149,1.0,1.0,49995
stacked_medium,0.0,q4_a0.8_or,70117,11.133333333333312,6.3999999999995225,3.9573333333332448,2.5973333333332294,1.5566142314617486,1.4855363803973134,149,1.0,1.0,49972
stacked_medium,0.0,q4_a0.8_or,70118,11.266666666666637,6.333333333332575,3.725333333333262,2.388333333333245,1.5354255109225545,1.417999113223919,149,1.0,1.0,49390
stacked_medium,0.0,q4_a0.8_or,70119,11.466666666666356,8.59999999999998,4.255333333333241,3.0513333333332895,1.6493476010058865,1.5101235211994244,149,1.0,1.0,50493
stacked_medium,0.0,q4_a0.8_or,70120,13.400000000000318,7.7999999999996135,4.164333333333258,2.7253333333332095,1.571612359533181,1.429250124742417,149,1.0,1.0,49539
stacked_medium,0.0,q4_a0.8_or,70121,11.133333333333269,7.666666666666572,3.616333333333214,2.5393333333332277,1.5536321112449516,1.466899433897888,149,1.0,1.0,48660
stacked_medium,0.0,q4_a0.8_or,70122,9.400000000000375,7.066666666667288,3.7343333333332747,2.6283333333332615,1.557590576520645,1.4328498032077814,149,1.0,1.0,50203
stacked_medium,0.0,q4_a0.8_or,70123,11.799999999999827,7.866666666666106,3.9043333333332284,2.790333333333194,1.5744756464112775,1.485397870513579,149,1.0,1.0,50738
stacked_medium,0.0,q4_a0.8_or,70124,11.466666666667038,7.1333333333333115,4.118333333333199,2.7483333333332665,1.6279129404376431,1.49813222222584,149,1.0,1.0,49309
stacked_medium,0.0,q4_a0.8_or,70125,10.866666666666731,7.266666666666026,4.0933333333332325,2.8143333333331952,1.5619549578097618,1.4411260575633873,149,1.0,1.0,48848
stacked_medium,0.0,q4_a0.8_or,70126,11.06666666666672,7.400000000000148,3.8743333333332073,2.6553333333332048,1.586751822369359,1.4424811961717094,149,1.0,1.0,49359
stacked_medium,0.0,q4_a0.8_or,70127,12.466666666666129,6.466666666665901,4.296333333333228,2.409333333333286,1.5399239195373073,1.3654867495381797,149,1.0,1.0,50245
stacked_medium,0.0,q4_a0.8_or,70128,10.466666666666242,7.333333333333371,4.05633333333322,2.5463333333332425,1.5953565423220863,1.3914824935292096,149,1.0,1.0,50091
stacked_medium,0.0,q4_a0.8_or,70129,11.866666666666447,9.666666666666401,3.9083333333332435,3.0823333333332226,1.609699892808629,1.5248841799212831,149,1.0,1.0,49735
stacked_medium,0.0,q4_a0.8_and,70100,11.533333333333758,8.666666666666629,3.92133333333328,3.2633333333332306,1.5129035844997305,1.466574838483242,45,0.9411764705882353,1.0,48335
stacked_medium,0.0,q4_a0.8_and,70101,10.133333333332985,9.79999999999984,3.6173333333332267,3.275333333333173,1.5506576372306555,1.4955102219419976,33,1.0,1.0,47529
stacked_medium,0.0,q4_a0.8_and,70102,14.200000000000273,8.533333333333132,4.529333333333211,2.993333333333226,1.6921164013428227,1.5234035807976665,35,0.9411764705882353,1.0,47492
stacked_medium,0.0,q4_a0.8_and,70103,10.400000000000091,8.60000000000025,4.108333333333225,2.955333333333274,1.5548371001282075,1.4790648787588867,43,1.0,1.0,49889
stacked_medium,0.0,q4_a0.8_and,70104,11.800000000000182,7.799999999999969,4.134333333333265,2.7343333333332818,1.5924858670779338,1.4179213997105173,35,0.9411764705882353,1.0,49012
stacked_medium,0.0,q4_a0.8_and,70105,12.199999999999761,9.93333333333294,4.080333333333204,3.463333333333229,1.610696404863477,1.5536425608778401,51,1.0,1.0,49559
stacked_medium,0.0,q4_a0.8_and,70106,10.533333333332735,8.999999999999986,3.6063333333331933,3.0793333333332513,1.5195425671432026,1.4161149487924813,41,1.0,1.0,48958
stacked_medium,0.0,q4_a0.8_and,70107,10.399999999998954,10.466666666666654,3.7943333333332494,3.474333333333212,1.5990242845606877,1.5529636337605897,54,1.0,1.0,49016
stacked_medium,0.0,q4_a0.8_and,70108,11.933333333333053,9.933333333332655,4.20233333333328,3.2903333333332356,1.552141609941271,1.5209809883367056,41,1.0,1.0,47753
stacked_medium,0.0,q4_a0.8_and,70109,10.666666666666586,8.666666666666629,3.4843333333332622,3.011333333333292,1.50251628206205,1.484572730819773,35,1.0,1.0,48068
stacked_medium,0.0,q4_a0.8_and,70110,11.13333333333378,8.20000000000016,4.008333333333219,3.1433333333332008,1.5646774234353047,1.455053875079053,37,0.9411764705882353,1.0,48105
stacked_medium,0.0,q4_a0.8_and,70111,10.53333333333336,9.73333333333295,3.9793333333332455,3.4223333333332424,1.6238624107542363,1.5705948552922628,44,1.0,1.0,48878
stacked_medium,0.0,q4_a0.8_and,70112,12.999999999998636,7.866666666666561,4.0793333333331985,3.320333333333246,1.6792676829568374,1.5039710521256477,48,1.0,1.0,48526
stacked_medium,0.0,q4_a0.8_and,70113,12.199999999999704,9.666666666665378,4.406333333333221,3.2263333333332302,1.6178783034252873,1.4995602221002002,40,1.0,1.0,48216
stacked_medium,0.0,q4_a0.8_and,70114,11.000000000000014,7.800000000000637,4.126333333333206,2.9663333333332242,1.5484215832850987,1.4595555748945315,42,0.9411764705882353,1.0,47978
stacked_medium,0.0,q4_a0.8_and,70115,11.266666666666637,10.666666666666643,4.003333333333169,3.6363333333331465,1.576189607673792,1.5568155165996231,46,0.9411764705882353,1.0,48090
stacked_medium,0.0,q4_a0.8_and,70116,12.533333333333132,8.666666666666686,4.353333333333219,3.165333333333254,1.6346831050818726,1.4843252736061632,48,1.0,1.0,49227
stacked_medium,0.0,q4_a0.8_and,70117,11.133333333333312,10.733333333333292,3.9573333333332448,3.3233333333331854,1.5566142314617486,1.544746866791678,41,1.0,1.0,48968
stacked_medium,0.0,q4_a0.8_and,70118,11.266666666666637,9.133333333332985,3.725333333333262,3.357333333333279,1.5354255109225545,1.5120520833264368,35,0.9411764705882353,1.0,47762
stacked_medium,0.0,q4_a0.8_and,70119,11.466666666666356,8.200000000000358,4.255333333333241,3.066333333333268,1.6493476010058865,1.5298834302178888,32,1.0,1.0,48671
stacked_medium,0.0,q4_a0.8_and,70120,13.400000000000318,10.399999999999935,4.164333333333258,3.4693333333331906,1.571612359533181,1.5110746896748493,37,0.9411764705882353,1.0,46483
stacked_medium,0.0,q4_a0.8_and,70121,11.133333333333269,9.333333333333336,3.616333333333214,3.3363333333332617,1.5536321112449516,1.5223816572799636,42,1.0,1.0,47564
stacked_medium,0.0,q4_a0.8_and,70122,9.400000000000375,10.19999999999942,3.7343333333332747,3.510333333333226,1.557590576520645,1.5620276600376648,47,1.0,1.0,48225
stacked_medium,0.0,q4_a0.8_and,70123,11.799999999999827,9.399999999999906,3.9043333333332284,3.1993333333332252,1.5744756464112775,1.5562886550873953,43,1.0,1.0,49334
stacked_medium,0.0,q4_a0.8_and,70124,11.466666666667038,10.466666666666754,4.118333333333199,3.617333333333221,1.6279129404376431,1.5829854887980739,60,1.0,1.0,48071
stacked_medium,0.0,q4_a0.8_and,70125,10.866666666666731,6.533333333332962,4.0933333333332325,2.8463333333332326,1.5619549578097618,1.4284235895842934,34,1.0,1.0,47840
stacked_medium,0.0,q4_a0.8_and,70126,11.06666666666672,7.799999999999969,3.8743333333332073,2.912333333333193,1.586751822369359,1.4478380879054114,35,1.0,1.0,48900
stacked_medium,0.0,q4_a0.8_and,70127,12.466666666666129,8.799999999999955,4.296333333333228,2.9103333333332633,1.5399239195373073,1.4307522033320448,50,1.0,1.0,49446
stacked_medium,0.0,q4_a0.8_and,70128,10.466666666666242,9.866666666666106,4.05633333333322,3.4513333333332343,1.5953565423220863,1.554169574025057,34,1.0,1.0,47916
stacked_medium,0.0,q4_a0.8_and,70129,11.866666666666447,9.46666666666681,3.9083333333332435,3.2373333333332353,1.609699892808629,1.484094288886778,35,0.9411764705882353,1.0,48544
stacked_medium,0.0,q4_a1.5_or,70100,11.533333333333758,9.333333333332575,3.92133333333328,3.2273333333332483,1.5129035844997305,1.4947715995104178,99,1.0,1.0,47482
stacked_medium,0.0,q4_a1.5_or,70101,10.133333333332985,10.866666666666106,3.6173333333332267,3.549333333333211,1.5506576372306555,1.507442744216399,100,1.0,1.0,47530
stacked_medium,0.0,q4_a1.5_or,70102,14.200000000000273,8.666666666666401,4.529333333333211,2.9873333333332273,1.6921164013428227,1.517918548582997,97,1.0,1.0,48068
stacked_medium,0.0,q4_a1.5_or,70103,10.400000000000091,8.666666666666671,4.108333333333225,3.1253333333331867,1.5548371001282075,1.507803859493244,99,1.0,1.0,48479
stacked_medium,0.0,q4_a1.5_or,70104,11.800000000000182,7.799999999999969,4.134333333333265,2.7133333333332788,1.5924858670779338,1.4214682042217945,98,1.0,1.0,48818
stacked_medium,0.0,q4_a1.5_or,70105,12.199999999999761,9.93333333333294,4.080333333333204,3.463333333333229,1.610696404863477,1.5536425608778401,102,1.0,1.0,49559
stacked_medium,0.0,q4_a1.5_or,70106,10.533333333332735,8.999999999999986,3.6063333333331933,3.0793333333332513,1.5195425671432026,1.4161149487924813,94,1.0,1.0,48958
stacked_medium,0.0,q4_a1.5_or,70107,10.399999999998954,10.466666666666654,3.7943333333332494,3.474333333333212,1.5990242845606877,1.5529636337605897,101,1.0,1.0,49016
stacked_medium,0.0,q4_a1.5_or,70108,11.933333333333053,9.933333333332655,4.20233333333328,3.2903333333332356,1.552141609941271,1.5209809883367056,100,1.0,1.0,47753
stacked_medium,0.0,q4_a1.5_or,70109,10.666666666666586,9.266666666667447,3.4843333333332622,3.012333333333304,1.50251628206205,1.4684717718466545,100,1.0,1.0,48106
stacked_medium,0.0,q4_a1.5_or,70110,11.13333333333378,8.666666666666693,4.008333333333219,3.1533333333332063,1.5646774234353047,1.4449533667977608,97,1.0,1.0,48625
stacked_medium,0.0,q4_a1.5_or,70111,10.53333333333336,9.73333333333295,3.9793333333332455,3.4223333333332424,1.6238624107542363,1.5705948552922628,102,1.0,1.0,48878
stacked_medium,0.0,q4_a1.5_or,70112,12.999999999998636,7.866666666666561,4.0793333333331985,3.320333333333246,1.6792676829568374,1.5039710521256477,101,1.0,1.0,48526
stacked_medium,0.0,q4_a1.5_or,70113,12.199999999999704,9.333333333333485,4.406333333333221,3.194333333333225,1.6178783034252873,1.5055885237671374,99,1.0,1.0,47902
stacked_medium,0.0,q4_a1.5_or,70114,11.000000000000014,7.800000000000637,4.126333333333206,2.9543333333332282,1.5484215832850987,1.4644159203361256,100,1.0,1.0,48086
stacked_medium,0.0,q4_a1.5_or,70115,11.266666666666637,10.666666666666643,4.003333333333169,3.6843333333331243,1.576189607673792,1.5415693472446999,98,1.0,1.0,48569
stacked_medium,0.0,q4_a1.5_or,70116,12.533333333333132,8.666666666666686,4.353333333333219,3.165333333333254,1.6346831050818726,1.4843252736061632,103,1.0,1.0,49227
stacked_medium,0.0,q4_a1.5_or,70117,11.133333333333312,10.733333333333292,3.9573333333332448,3.3233333333331854,1.5566142314617486,1.544746866791678,97,1.0,1.0,48968
stacked_medium,0.0,q4_a1.5_or,70118,11.266666666666637,8.93333333333345,3.725333333333262,3.211333333333263,1.5354255109225545,1.4635813521085965,96,1.0,1.0,48508
stacked_medium,0.0,q4_a1.5_or,70119,11.466666666666356,8.200000000000358,4.255333333333241,3.066333333333268,1.6493476010058865,1.5298834302178888,99,1.0,1.0,48671
stacked_medium,0.0,q4_a1.5_or,70120,13.400000000000318,10.000000000000085,4.164333333333258,3.4193333333331855,1.571612359533181,1.5251798953748832,96,1.0,1.0,47020
stacked_medium,0.0,q4_a1.5_or,70121,11.133333333333269,9.333333333333336,3.616333333333214,3.3363333333332617,1.5536321112449516,1.5223816572799636,101,1.0,1.0,47564
stacked_medium,0.0,q4_a1.5_or,70122,9.400000000000375,8.733333333333547,3.7343333333332747,3.1673333333332447,1.557590576520645,1.4967179512280566,102,1.0,1.0,48282
stacked_medium,0.0,q4_a1.5_or,70123,11.799999999999827,9.399999999999906,3.9043333333332284,3.1993333333332252,1.5744756464112775,1.5562886550873953,100,1.0,1.0,49334
stacked_medium,0.0,q4_a1.5_or,70124,11.466666666667038,10.466666666666754,4.118333333333199,3.617333333333221,1.6279129404376431,1.5829854887980739,104,1.0,1.0,48071
stacked_medium,0.0,q4_a1.5_or,70125,10.866666666666731,10.399999999999409,4.0933333333332325,3.3333333333332535,1.5619549578097618,1.4757731780493044,97,1.0,1.0,47647
stacked_medium,0.0,q4_a1.5_or,70126,11.06666666666672,7.799999999999969,3.8743333333332073,2.912333333333193,1.586751822369359,1.4478380879054114,96,1.0,1.0,48900
stacked_medium,0.0,q4_a1.5_or,70127,12.466666666666129,8.799999999999955,4.296333333333228,2.9103333333332633,1.5399239195373073,1.4307522033320448,102,1.0,1.0,49446
stacked_medium,0.0,q4_a1.5_or,70128,10.466666666666242,9.866666666666106,4.05633333333322,3.4513333333332343,1.5953565423220863,1.554169574025057,100,1.0,1.0,47916
stacked_medium,0.0,q4_a1.5_or,70129,11.866666666666447,9.46666666666681,3.9083333333332435,3.2303333333332342,1.609699892808629,1.4835558273483165,96,1.0,1.0,48600
stacked_medium,0.0,q4_a1.5_and,70100,11.533333333333758,9.266666666666254,3.92133333333328,3.280333333333287,1.5129035844997305,1.5060406205705237,26,1.0,1.0,47946
stacked_medium,0.0,q4_a1.5_and,70101,10.133333333332985,8.333333333333329,3.6173333333332267,3.052333333333207,1.5506576372306555,1.4733206970730242,25,0.9411764705882353,1.0,48156
stacked_medium,0.0,q4_a1.5_and,70102,14.200000000000273,8.266666666666879,4.529333333333211,2.984333333333241,1.6921164013428227,1.4488054732915419,21,0.8235294117647058,1.0,48557
stacked_medium,0.0,q4_a1.5_and,70103,10.400000000000091,8.533333333332394,4.108333333333225,3.1633333333332043,1.5548371001282075,1.4629956478621837,27,0.8823529411764706,1.0,48648
stacked_medium,0.0,q4_a1.5_and,70104,11.800000000000182,10.13333333333334,4.134333333333265,3.360333333333226,1.5924858670779338,1.5315243727999317,23,0.8823529411764706,1.0,47713
stacked_medium,0.0,q4_a1.5_and,70105,12.199999999999761,9.333333333333655,4.080333333333204,3.4463333333332002,1.610696404863477,1.5556958222028905,28,1.0,1.0,48829
stacked_medium,0.0,q4_a1.5_and,70106,10.533333333332735,7.666666666666615,3.6063333333331933,2.972333333333249,1.5195425671432026,1.450210108645409,21,0.8823529411764706,1.0,47030
stacked_medium,0.0,q4_a1.5_and,70107,10.399999999998954,9.466666666667265,3.7943333333332494,3.1753333333332794,1.5990242845606877,1.5275367803899482,31,1.0,1.0,49745
stacked_medium,0.0,q4_a1.5_and,70108,11.933333333333053,8.06666666666672,4.20233333333328,2.8663333333332046,1.552141609941271,1.4889068016999891,26,1.0,1.0,47743
stacked_medium,0.0,q4_a1.5_and,70109,10.666666666666586,7.93333333333328,3.4843333333332622,2.7523333333332345,1.50251628206205,1.4557489474118892,23,1.0,1.0,48186
stacked_medium,0.0,q4_a1.5_and,70110,11.13333333333378,7.0,4.008333333333219,2.694333333333218,1.5646774234353047,1.4659372177863503,25,0.8823529411764706,1.0,47781
stacked_medium,0.0,q4_a1.5_and,70111,10.53333333333336,8.466666666665844,3.9793333333332455,3.0833333333332194,1.6238624107542363,1.552301777712746,22,0.8823529411764706,1.0,48669
stacked_medium,0.0,q4_a1.5_and,70112,12.999999999998636,8.000000000000014,4.0793333333331985,2.880333333333176,1.6792676829568374,1.5210960481074784,24,0.9411764705882353,1.0,48321
stacked_medium,0.0,q4_a1.5_and,70113,12.199999999999704,8.133333333333468,4.406333333333221,3.0013333333331964,1.6178783034252873,1.4928284789293298,25,1.0,1.0,48278
stacked_medium,0.0,q4_a1.5_and,70114,11.000000000000014,8.800000000000182,4.126333333333206,3.1553333333332088,1.5484215832850987,1.4254309501019002,28,0.9411764705882353,1.0,47815
stacked_medium,0.0,q4_a1.5_and,70115,11.266666666666637,9.599999999999625,4.003333333333169,3.3083333333332154,1.576189607673792,1.54493595921121,27,0.9411764705882353,1.0,48241
stacked_medium,0.0,q4_a1.5_and,70116,12.533333333333132,8.800000000000637,4.353333333333219,3.438333333333237,1.6346831050818726,1.5398793407334623,32,1.0,1.0,48457
stacked_medium,0.0,q4_a1.5_and,70117,11.133333333333312,7.666666666666856,3.9573333333332448,3.130333333333218,1.5566142314617486,1.4813983270099458,23,1.0,1.0,48746
stacked_medium,0.0,q4_a1.5_and,70118,11.266666666666637,8.133333333333383,3.725333333333262,3.1043333333332783,1.5354255109225545,1.5274958189786885,23,0.8823529411764706,1.0,47015
stacked_medium,0.0,q4_a1.5_and,70119,11.466666666666356,7.733333333333121,4.255333333333241,2.9653333333332483,1.6493476010058865,1.4878809771681647,25,1.0,1.0,48261
stacked_medium,0.0,q4_a1.5_and,70120,13.400000000000318,10.13333333333324,4.164333333333258,3.2793333333331964,1.571612359533181,1.5216395038239714,24,0.7647058823529411,1.0,47872
stacked_medium,0.0,q4_a1.5_and,70121,11.133333333333269,7.933333333333508,3.616333333333214,3.0873333333332753,1.5536321112449516,1.4538002282030758,24,1.0,1.0,48337
stacked_medium,0.0,q4_a1.5_and,70122,9.400000000000375,8.13333333333334,3.7343333333332747,2.8753333333332396,1.557590576520645,1.4487663378240518,21,0.9411764705882353,1.0,47441
stacked_medium,0.0,q4_a1.5_and,70123,11.799999999999827,9.999999999999773,3.9043333333332284,3.07233333333323,1.5744756464112775,1.4811632252220839,23,0.9411764705882353,1.0,48895
stacked_medium,0.0,q4_a1.5_and,70124,11.466666666667038,9.6666666666666,4.118333333333199,3.4623333333332376,1.6279129404376431,1.5447749011327998,32,0.9411764705882353,1.0,48151
stacked_medium,0.0,q4_a1.5_and,70125,10.866666666666731,7.6666666666666,4.0933333333332325,3.0023333333332567,1.5619549578097618,1.467059283190334,24,0.9411764705882353,1.0,47224
stacked_medium,0.0,q4_a1.5_and,70126,11.06666666666672,8.600000000000001,3.8743333333332073,3.002333333333209,1.586751822369359,1.461622753737804,22,0.9411764705882353,1.0,47955
stacked_medium,0.0,q4_a1.5_and,70127,12.466666666666129,9.999999999999886,4.296333333333228,3.571333333333265,1.5399239195373073,1.5155223578643253,25,0.8823529411764706,1.0,47920
stacked_medium,0.0,q4_a1.5_and,70128,10.466666666666242,8.33333333333303,4.05633333333322,3.0313333333332,1.5953565423220863,1.5402507629416713,27,1.0,1.0,48233
stacked_medium,0.0,q4_a1.5_and,70129,11.866666666666447,8.933333333333678,3.9083333333332435,2.9983333333332314,1.609699892808629,1.4721982346430706,24,0.8823529411764706,1.0,48775
stacked_medium,0.0,q8_a0.8_or,70100,11.533333333333758,7.800000000000296,3.92133333333328,2.678333333333278,1.5129035844997305,1.4155329449026988,149,1.0,1.0,50890
stacked_medium,0.0,q8_a0.8_or,70101,10.133333333332985,7.066666666666265,3.6173333333332267,2.65133333333325,1.5506576372306555,1.359855690538874,149,1.0,1.0,49158
stacked_medium,0.0,q8_a0.8_or,70102,14.200000000000273,6.133333333333411,4.529333333333211,2.3553333333332036,1.6921164013428227,1.41379584884723,149,1.0,1.0,50720
stacked_medium,0.0,q8_a0.8_or,70103,10.400000000000091,7.33333333333335,4.108333333333225,2.644333333333201,1.5548371001282075,1.4286398568700627,149,1.0,1.0,49900
stacked_medium,0.0,q8_a0.8_or,70104,11.800000000000182,8.400000000000148,4.134333333333265,2.982333333333281,1.5924858670779338,1.5215939170897892,149,1.0,1.0,49982
stacked_medium,0.0,q8_a0.8_or,70105,12.199999999999761,7.466666666665958,4.080333333333204,2.6603333333332393,1.610696404863477,1.4790595072522603,149,1.0,1.0,50611
stacked_medium,0.0,q8_a0.8_or,70106,10.533333333332735,7.866666666666561,3.6063333333331933,2.8063333333332086,1.5195425671432026,1.4433360088441451,149,1.0,1.0,50109
stacked_medium,0.0,q8_a0.8_or,70107,10.399999999998954,8.266666666666673,3.7943333333332494,2.967333333333284,1.5990242845606877,1.505048849754841,149,1.0,1.0,50847
stacked_medium,0.0,q8_a0.8_or,70108,11.933333333333053,8.133333333333098,4.20233333333328,2.7393333333332355,1.552141609941271,1.487891823709657,149,1.0,1.0,49516
stacked_medium,0.0,q8_a0.8_or,70109,10.666666666666586,7.600000000000705,3.4843333333332622,2.757333333333297,1.50251628206205,1.4292078487704134,149,1.0,1.0,50037
stacked_medium,0.0,q8_a0.8_or,70110,11.13333333333378,7.199999999999477,4.008333333333219,2.650333333333196,1.5646774234353047,1.418996699471601,149,1.0,1.0,49694
stacked_medium,0.0,q8_a0.8_or,70111,10.53333333333336,7.19999999999925,3.9793333333332455,2.765333333333291,1.6238624107542363,1.4822227789549194,149,1.0,1.0,50146
stacked_medium,0.0,q8_a0.8_or,70112,12.999999999998636,7.466666666666626,4.0793333333331985,2.4753333333332406,1.6792676829568374,1.418843804199764,149,1.0,1.0,48838
stacked_medium,0.0,q8_a0.8_or,70113,12.199999999999704,7.933333333333337,4.406333333333221,3.1233333333332256,1.6178783034252873,1.569822089516994,149,1.0,1.0,49037
stacked_medium,0.0,q8_a0.8_or,70114,11.000000000000014,7.799999999999983,4.126333333333206,2.9473333333332543,1.5484215832850987,1.4253013209519525,149,1.0,1.0,49062
stacked_medium,0.0,q8_a0.8_or,70115,11.266666666666637,7.133333333332416,4.003333333333169,2.8613333333332416,1.576189607673792,1.4797244828793152,149,1.0,1.0,49950
stacked_medium,0.0,q8_a0.8_or,70116,12.533333333333132,8.26666666666668,4.353333333333219,3.0083333333332165,1.6346831050818726,1.5219359862061308,149,1.0,1.0,49995
stacked_medium,0.0,q8_a0.8_or,70117,11.133333333333312,6.3999999999995225,3.9573333333332448,2.5973333333332294,1.5566142314617486,1.4855363803973134,149,1.0,1.0,49972
stacked_medium,0.0,q8_a0.8_or,70118,11.266666666666637,6.333333333332575,3.725333333333262,2.388333333333245,1.5354255109225545,1.417999113223919,149,1.0,1.0,49390
stacked_medium,0.0,q8_a0.8_or,70119,11.466666666666356,8.59999999999998,4.255333333333241,3.0513333333332895,1.6493476010058865,1.5101235211994244,149,1.0,1.0,50493
stacked_medium,0.0,q8_a0.8_or,70120,13.400000000000318,7.7999999999996135,4.164333333333258,2.7253333333332095,1.571612359533181,1.429250124742417,149,1.0,1.0,49539
stacked_medium,0.0,q8_a0.8_or,70121,11.133333333333269,7.666666666666572,3.616333333333214,2.5393333333332277,1.5536321112449516,1.466899433897888,149,1.0,1.0,48660
stacked_medium,0.0,q8_a0.8_or,70122,9.400000000000375,7.066666666667288,3.7343333333332747,2.6283333333332615,1.557590576520645,1.4328498032077814,149,1.0,1.0,50203
stacked_medium,0.0,q8_a0.8_or,70123,11.799999999999827,7.866666666666106,3.9043333333332284,2.790333333333194,1.5744756464112775,1.485397870513579,149,1.0,1.0,50738
stacked_medium,0.0,q8_a0.8_or,70124,11.466666666667038,7.1333333333333115,4.118333333333199,2.7483333333332665,1.6279129404376431,1.49813222222584,149,1.0,1.0,49309
stacked_medium,0.0,q8_a0.8_or,70125,10.866666666666731,7.266666666666026,4.0933333333332325,2.8143333333331952,1.5619549578097618,1.4411260575633873,149,1.0,1.0,48848
stacked_medium,0.0,q8_a0.8_or,70126,11.06666666666672,7.400000000000148,3.8743333333332073,2.6553333333332048,1.586751822369359,1.4424811961717094,149,1.0,1.0,49359
stacked_medium,0.0,q8_a0.8_or,70127,12.466666666666129,6.466666666665901,4.296333333333228,2.409333333333286,1.5399239195373073,1.3654867495381797,149,1.0,1.0,50245
stacked_medium,0.0,q8_a0.8_or,70128,10.466666666666242,7.333333333333371,4.05633333333322,2.5463333333332425,1.5953565423220863,1.3914824935292096,149,1.0,1.0,50091
stacked_medium,0.0,q8_a0.8_or,70129,11.866666666666447,9.666666666666401,3.9083333333332435,3.0823333333332226,1.609699892808629,1.5248841799212831,149,1.0,1.0,49735
stacked_medium,0.0,q8_a0.8_and,70100,11.533333333333758,11.266666666666424,3.92133333333328,3.811333333333275,1.5129035844997305,1.5181262257778587,1,0.058823529411764705,1.0,47267
stacked_medium,0.0,q8_a0.8_and,70101,10.133333333332985,10.133333333332985,3.6173333333332267,3.6173333333332267,1.5506576372306555,1.5506576372306555,0,0.0,,46544
stacked_medium,0.0,q8_a0.8_and,70102,14.200000000000273,14.200000000000273,4.529333333333211,4.39733333333319,1.6921164013428227,1.6576881015569094,1,0.058823529411764705,1.0,47042
stacked_medium,0.0,q8_a0.8_and,70103,10.400000000000091,10.200000000000557,4.108333333333225,3.8953333333332223,1.5548371001282075,1.5209283238192086,1,0.058823529411764705,1.0,48436
stacked_medium,0.0,q8_a0.8_and,70104,11.800000000000182,11.800000000000182,4.134333333333265,4.134333333333265,1.5924858670779338,1.5924858670779338,0,0.0,,46250
stacked_medium,0.0,q8_a0.8_and,70105,12.199999999999761,12.199999999999761,4.080333333333204,4.080333333333204,1.610696404863477,1.610696404863477,0,0.0,,47639
stacked_medium,0.0,q8_a0.8_and,70106,10.533333333332735,10.533333333332735,3.6063333333331933,3.6063333333331933,1.5195425671432026,1.5195425671432026,0,0.0,,46627
stacked_medium,0.0,q8_a0.8_and,70107,10.399999999998954,10.399999999998954,3.7943333333332494,3.7943333333332494,1.5990242845606877,1.5990242845606877,0,0.0,,48333
stacked_medium,0.0,q8_a0.8_and,70108,11.933333333333053,11.933333333333053,4.20233333333328,4.20233333333328,1.552141609941271,1.552141609941271,0,0.0,,47706
stacked_medium,0.0,q8_a0.8_and,70109,10.666666666666586,10.666666666666586,3.4843333333332622,3.4843333333332622,1.50251628206205,1.50251628206205,0,0.0,,47203
stacked_medium,0.0,q8_a0.8_and,70110,11.13333333333378,11.666666666666714,4.008333333333219,4.261333333333161,1.5646774234353047,1.6001305795359075,1,0.058823529411764705,1.0,46607
stacked_medium,0.0,q8_a0.8_and,70111,10.53333333333336,11.333333333333258,3.9793333333332455,4.215333333333257,1.6238624107542363,1.699348932517054,1,0.058823529411764705,1.0,47130
stacked_medium,0.0,q8_a0.8_and,70112,12.999999999998636,10.533333333333672,4.0793333333331985,4.002333333333188,1.6792676829568374,1.675163887435394,1,0.058823529411764705,1.0,46852
stacked_medium,0.0,q8_a0.8_and,70113,12.199999999999704,12.199999999999704,4.406333333333221,4.406333333333221,1.6178783034252873,1.6178783034252873,0,0.0,,46966
stacked_medium,0.0,q8_a0.8_and,70114,11.000000000000014,11.000000000000014,4.126333333333206,4.126333333333206,1.5484215832850987,1.5484215832850987,0,0.0,,46367
stacked_medium,0.0,q8_a0.8_and,70115,11.266666666666637,11.266666666666637,4.003333333333169,4.003333333333169,1.576189607673792,1.576189607673792,0,0.0,,47048
stacked_medium,0.0,q8_a0.8_and,70116,12.533333333333132,12.066666666666833,4.353333333333219,4.039333333333182,1.6346831050818726,1.6052163295964599,2,0.11764705882352941,1.0,47368
stacked_medium,0.0,q8_a0.8_and,70117,11.133333333333312,11.133333333333312,3.9573333333332448,3.9573333333332448,1.5566142314617486,1.5566142314617486,1,0.058823529411764705,1.0,47554
stacked_medium,0.0,q8_a0.8_and,70118,11.266666666666637,11.799999999999969,3.725333333333262,3.730333333333258,1.5354255109225545,1.5181106253296093,1,0.058823529411764705,1.0,46706
stacked_medium,0.0,q8_a0.8_and,70119,11.466666666666356,9.666666666666671,4.255333333333241,3.907333333333276,1.6493476010058865,1.5689737801145045,1,0.058823529411764705,1.0,47316
stacked_medium,0.0,q8_a0.8_and,70120,13.400000000000318,13.400000000000318,4.164333333333258,4.164333333333258,1.571612359533181,1.571612359533181,0,0.0,,47040
stacked_medium,0.0,q8_a0.8_and,70121,11.133333333333269,11.733333333332553,3.616333333333214,4.016333333333231,1.5536321112449516,1.5729037929617828,1,0.058823529411764705,1.0,46180
stacked_medium,0.0,q8_a0.8_and,70122,9.400000000000375,10.13333333333324,3.7343333333332747,3.7743333333332334,1.557590576520645,1.5225252949431638,2,0.11764705882352941,1.0,47359
stacked_medium,0.0,q8_a0.8_and,70123,11.799999999999827,11.333333333333371,3.9043333333332284,3.8563333333332412,1.5744756464112775,1.580975832242784,2,0.11764705882352941,1.0,48063
stacked_medium,0.0,q8_a0.8_and,70124,11.466666666667038,11.19999999999925,4.118333333333199,3.9613333333332683,1.6279129404376431,1.6125729780817095,1,0.058823529411764705,1.0,46841
stacked_medium,0.0,q8_a0.8_and,70125,10.866666666666731,11.73333333333369,4.0933333333332325,4.251333333333239,1.5619549578097618,1.597622421365756,1,0.058823529411764705,1.0,46142
stacked_medium,0.0,q8_a0.8_and,70126,11.06666666666672,11.06666666666672,3.8743333333332073,3.8743333333332073,1.586751822369359,1.586751822369359,0,0.0,,47193
stacked_medium,0.0,q8_a0.8_and,70127,12.466666666666129,11.733333333333405,4.296333333333228,3.838333333333247,1.5399239195373073,1.4857405551149099,1,0.058823529411764705,1.0,47566
stacked_medium,0.0,q8_a0.8_and,70128,10.466666666666242,10.666666666666686,4.05633333333322,3.9763333333332507,1.5953565423220863,1.5809363936874978,1,0.058823529411764705,1.0,46905
stacked_medium,0.0,q8_a0.8_and,70129,11.866666666666447,11.866666666666447,3.9083333333332435,3.9083333333332435,1.609699892808629,1.609699892808629,0,0.0,,46549
stacked_medium,0.0,q8_a1.5_or,70100,11.533333333333758,9.000000000000014,3.92133333333328,3.2233333333332705,1.5129035844997305,1.5069991303105172,81,1.0,1.0,47862
stacked_medium,0.0,q8_a1.5_or,70101,10.133333333332985,9.799999999998818,3.6173333333332267,3.008333333333237,1.5506576372306555,1.4625012873349144,81,1.0,1.0,48337
stacked_medium,0.0,q8_a1.5_or,70102,14.200000000000273,9.999999999999915,4.529333333333211,3.2843333333332083,1.6921164013428227,1.5381841379657624,81,1.0,1.0,48607
stacked_medium,0.0,q8_a1.5_or,70103,10.400000000000091,7.933333333333309,4.108333333333225,3.0193333333331793,1.5548371001282075,1.4235765834389225,81,1.0,1.0,48639
stacked_medium,0.0,q8_a1.5_or,70104,11.800000000000182,8.333333333333343,4.134333333333265,3.0663333333331466,1.5924858670779338,1.5183136227481606,81,1.0,1.0,48493
stacked_medium,0.0,q8_a1.5_or,70105,12.199999999999761,8.0,4.080333333333204,3.128333333333207,1.610696404863477,1.5079765121943438,81,1.0,1.0,49006
stacked_medium,0.0,q8_a1.5_or,70106,10.533333333332735,7.333333333332575,3.6063333333331933,2.643333333333219,1.5195425671432026,1.4027983092762222,81,1.0,1.0,47619
stacked_medium,0.0,q8_a1.5_or,70107,10.399999999998954,8.599999999999994,3.7943333333332494,3.1403333333332815,1.5990242845606877,1.5363084379584473,81,1.0,1.0,49023
stacked_medium,0.0,q8_a1.5_or,70108,11.933333333333053,8.999999999999432,4.20233333333328,3.157333333333207,1.552141609941271,1.4762177074227554,81,1.0,1.0,48468
stacked_medium,0.0,q8_a1.5_or,70109,10.666666666666586,8.333333333333144,3.4843333333332622,2.7153333333332985,1.50251628206205,1.4364833712493887,81,1.0,1.0,48091
stacked_medium,0.0,q8_a1.5_or,70110,11.13333333333378,7.999999999999545,4.008333333333219,2.8123333333332226,1.5646774234353047,1.460719156473691,81,1.0,1.0,47947
stacked_medium,0.0,q8_a1.5_or,70111,10.53333333333336,7.666666666666586,3.9793333333332455,2.774333333333236,1.6238624107542363,1.5158895757873558,81,1.0,1.0,49037
stacked_medium,0.0,q8_a1.5_or,70112,12.999999999998636,8.133333333333468,4.0793333333331985,2.859333333333207,1.6792676829568374,1.4792313730526294,81,1.0,1.0,48107
stacked_medium,0.0,q8_a1.5_or,70113,12.199999999999704,9.799999999999997,4.406333333333221,3.4113333333332276,1.6178783034252873,1.553050575604987,81,1.0,1.0,48055
stacked_medium,0.0,q8_a1.5_or,70114,11.000000000000014,8.200000000000728,4.126333333333206,3.1493333333332383,1.5484215832850987,1.4482753200207248,81,1.0,1.0,47944
stacked_medium,0.0,q8_a1.5_or,70115,11.266666666666637,10.333333333331893,4.003333333333169,2.9513333333331797,1.576189607673792,1.4898066198376936,81,1.0,1.0,48080
stacked_medium,0.0,q8_a1.5_or,70116,12.533333333333132,8.800000000000637,4.353333333333219,3.438333333333237,1.6346831050818726,1.5398793407334623,81,1.0,1.0,48457
stacked_medium,0.0,q8_a1.5_or,70117,11.133333333333312,8.466666666666612,3.9573333333332448,3.225333333333239,1.5566142314617486,1.5320158230157648,81,1.0,1.0,48127
stacked_medium,0.0,q8_a1.5_or,70118,11.266666666666637,9.599999999998886,3.725333333333262,3.497333333333284,1.5354255109225545,1.5613504947466508,81,1.0,1.0,47675
stacked_medium,0.0,q8_a1.5_or,70119,11.466666666666356,7.733333333333121,4.255333333333241,2.9653333333332483,1.6493476010058865,1.4878809771681647,81,1.0,1.0,48261
stacked_medium,0.0,q8_a1.5_or,70120,13.400000000000318,9.066666666666265,4.164333333333258,3.1063333333332186,1.571612359533181,1.4787089454413218,81,1.0,1.0,48211
stacked_medium,0.0,q8_a1.5_or,70121,11.133333333333269,7.933333333333508,3.616333333333214,3.0873333333332753,1.5536321112449516,1.4538002282030758,81,1.0,1.0,48337
stacked_medium,0.0,q8_a1.5_or,70122,9.400000000000375,8.13333333333334,3.7343333333332747,2.856333333333242,1.557590576520645,1.4464041794801819,81,1.0,1.0,47839
stacked_medium,0.0,q8_a1.5_or,70123,11.799999999999827,10.000000000000227,3.9043333333332284,3.249333333333185,1.5744756464112775,1.5198531423392663,81,1.0,1.0,49030
stacked_medium,0.0,q8_a1.5_or,70124,11.466666666667038,9.266666666666822,4.118333333333199,3.338333333333222,1.6279129404376431,1.5038295761787,81,1.0,1.0,47716
stacked_medium,0.0,q8_a1.5_or,70125,10.866666666666731,7.6666666666666,4.0933333333332325,2.8593333333332054,1.5619549578097618,1.497076071696732,81,1.0,1.0,47307
stacked_medium,0.0,q8_a1.5_or,70126,11.06666666666672,8.266666666666652,3.8743333333332073,2.9413333333332163,1.586751822369359,1.4774698743392265,81,1.0,1.0,47886
stacked_medium,0.0,q8_a1.5_or,70127,12.466666666666129,8.266666666666254,4.296333333333228,3.165333333333284,1.5399239195373073,1.4865323550520815,81,1.0,1.0,48599
stacked_medium,0.0,q8_a1.5_or,70128,10.466666666666242,8.333333333333258,4.05633333333322,3.0353333333332078,1.5953565423220863,1.4872847795050046,81,1.0,1.0,48550
stacked_medium,0.0,q8_a1.5_or,70129,11.866666666666447,9.399999999998386,3.9083333333332435,3.1563333333331896,1.609699892808629,1.458025279525406,81,1.0,1.0,47979
stacked_medium,0.0,q8_a1.5_and,70100,11.533333333333758,11.266666666666424,3.92133333333328,3.811333333333275,1.5129035844997305,1.5181262257778587,1,0.058823529411764705,1.0,47267
stacked_medium,0.0,q8_a1.5_and,70101,10.133333333332985,10.133333333332985,3.6173333333332267,3.6173333333332267,1.5506576372306555,1.5506576372306555,0,0.0,,46544
stacked_medium,0.0,q8_a1.5_and,70102,14.200000000000273,14.200000000000273,4.529333333333211,4.39733333333319,1.6921164013428227,1.6576881015569094,1,0.058823529411764705,1.0,47042
stacked_medium,0.0,q8_a1.5_and,70103,10.400000000000091,10.200000000000557,4.108333333333225,3.8953333333332223,1.5548371001282075,1.5209283238192086,1,0.058823529411764705,1.0,48436
stacked_medium,0.0,q8_a1.5_and,70104,11.800000000000182,11.800000000000182,4.134333333333265,4.134333333333265,1.5924858670779338,1.5924858670779338,0,0.0,,46250
stacked_medium,0.0,q8_a1.5_and,70105,12.199999999999761,12.199999999999761,4.080333333333204,4.080333333333204,1.610696404863477,1.610696404863477,0,0.0,,47639
stacked_medium,0.0,q8_a1.5_and,70106,10.533333333332735,10.533333333332735,3.6063333333331933,3.6063333333331933,1.5195425671432026,1.5195425671432026,0,0.0,,46627
stacked_medium,0.0,q8_a1.5_and,70107,10.399999999998954,10.399999999998954,3.7943333333332494,3.7943333333332494,1.5990242845606877,1.5990242845606877,0,0.0,,48333
stacked_medium,0.0,q8_a1.5_and,70108,11.933333333333053,11.933333333333053,4.20233333333328,4.20233333333328,1.552141609941271,1.552141609941271,0,0.0,,47706
stacked_medium,0.0,q8_a1.5_and,70109,10.666666666666586,10.666666666666586,3.4843333333332622,3.4843333333332622,1.50251628206205,1.50251628206205,0,0.0,,47203
stacked_medium,0.0,q8_a1.5_and,70110,11.13333333333378,11.666666666666714,4.008333333333219,4.261333333333161,1.5646774234353047,1.6001305795359075,1,0.058823529411764705,1.0,46607
stacked_medium,0.0,q8_a1.5_and,70111,10.53333333333336,11.333333333333258,3.9793333333332455,4.215333333333257,1.6238624107542363,1.699348932517054,1,0.058823529411764705,1.0,47130
stacked_medium,0.0,q8_a1.5_and,70112,12.999999999998636,10.533333333333672,4.0793333333331985,4.002333333333188,1.6792676829568374,1.675163887435394,1,0.058823529411764705,1.0,46852
stacked_medium,0.0,q8_a1.5_and,70113,12.199999999999704,12.199999999999704,4.406333333333221,4.406333333333221,1.6178783034252873,1.6178783034252873,0,0.0,,46966
stacked_medium,0.0,q8_a1.5_and,70114,11.000000000000014,11.000000000000014,4.126333333333206,4.126333333333206,1.5484215832850987,1.5484215832850987,0,0.0,,46367
stacked_medium,0.0,q8_a1.5_and,70115,11.266666666666637,11.266666666666637,4.003333333333169,4.003333333333169,1.576189607673792,1.576189607673792,0,0.0,,47048
stacked_medium,0.0,q8_a1.5_and,70116,12.533333333333132,12.066666666666833,4.353333333333219,4.039333333333182,1.6346831050818726,1.6052163295964599,2,0.11764705882352941,1.0,47368
stacked_medium,0.0,q8_a1.5_and,70117,11.133333333333312,11.133333333333312,3.9573333333332448,3.9573333333332448,1.5566142314617486,1.5566142314617486,1,0.058823529411764705,1.0,47554
stacked_medium,0.0,q8_a1.5_and,70118,11.266666666666637,11.799999999999969,3.725333333333262,3.730333333333258,1.5354255109225545,1.5181106253296093,1,0.058823529411764705,1.0,46706
stacked_medium,0.0,q8_a1.5_and,70119,11.466666666666356,9.666666666666671,4.255333333333241,3.907333333333276,1.6493476010058865,1.5689737801145045,1,0.058823529411764705,1.0,47316
stacked_medium,0.0,q8_a1.5_and,70120,13.400000000000318,13.400000000000318,4.164333333333258,4.164333333333258,1.571612359533181,1.571612359533181,0,0.0,,47040
stacked_medium,0.0,q8_a1.5_and,70121,11.133333333333269,11.733333333332553,3.616333333333214,4.016333333333231,1.5536321112449516,1.5729037929617828,1,0.058823529411764705,1.0,46180
stacked_medium,0.0,q8_a1.5_and,70122,9.400000000000375,10.13333333333324,3.7343333333332747,3.7743333333332334,1.557590576520645,1.5225252949431638,2,0.11764705882352941,1.0,47359
stacked_medium,0.0,q8_a1.5_and,70123,11.799999999999827,11.333333333333371,3.9043333333332284,3.8563333333332412,1.5744756464112775,1.580975832242784,2,0.11764705882352941,1.0,48063
stacked_medium,0.0,q8_a1.5_and,70124,11.466666666667038,11.19999999999925,4.118333333333199,3.9613333333332683,1.6279129404376431,1.6125729780817095,1,0.058823529411764705,1.0,46841
stacked_medium,0.0,q8_a1.5_and,70125,10.866666666666731,11.73333333333369,4.0933333333332325,4.251333333333239,1.5619549578097618,1.597622421365756,1,0.058823529411764705,1.0,46142
stacked_medium,0.0,q8_a1.5_and,70126,11.06666666666672,11.06666666666672,3.8743333333332073,3.8743333333332073,1.586751822369359,1.586751822369359,0,0.0,,47193
stacked_medium,0.0,q8_a1.5_and,70127,12.466666666666129,11.733333333333405,4.296333333333228,3.838333333333247,1.5399239195373073,1.4857405551149099,1,0.058823529411764705,1.0,47566
stacked_medium,0.0,q8_a1.5_and,70128,10.466666666666242,10.666666666666686,4.05633333333322,3.9763333333332507,1.5953565423220863,1.5809363936874978,1,0.058823529411764705,1.0,46905
stacked_medium,0.0,q8_a1.5_and,70129,11.866666666666447,11.866666666666447,3.9083333333332435,3.9083333333332435,1.609699892808629,1.609699892808629,0,0.0,,46549
stacked_medium,0.5,q2_a0.8_or,70100,11.333333333333599,9.46666666666573,4.006333333333232,3.1198333333332986,1.5864964084092343,1.524304195979075,159,1.0,1.0,50126
stacked_medium,0.5,q2_a0.8_or,70101,10.333333333333343,7.100000000000705,3.9583333333332487,2.73233333333324,1.5661329085951852,1.432390742328309,162,1.0,1.0,49188
stacked_medium,0.5,q2_a0.8_or,70102,11.133333333333312,8.1666666666666,4.201833333333234,3.061333333333221,1.6051013315055562,1.5393792735226186,158,1.0,1.0,51163
stacked_medium,0.5,q2_a0.8_or,70103,10.799999999999926,7.366666666666106,4.125833333333223,2.5553333333332375,1.55526677417971,1.4064987997441663,161,1.0,1.0,49974
stacked_medium,0.5,q2_a0.8_or,70104,9.0,7.466666666666924,3.4933333333332657,2.7278333333332654,1.547423892695009,1.4118861646066996,159,1.0,1.0,50272
stacked_medium,0.5,q2_a0.8_or,70105,11.933333333333294,8.433333333333394,4.126333333333197,3.1313333333332283,1.6696027513923033,1.5434062053298832,160,1.0,1.0,49789
stacked_medium,0.5,q2_a0.8_or,70106,9.833333333333428,7.733333333333576,3.804333333333207,2.79883333333328,1.503280058005833,1.469120943638319,159,1.0,1.0,49201
stacked_medium,0.5,q2_a0.8_or,70107,12.333333333333428,8.399999999999523,4.654833333333284,2.741333333333244,1.7311757452665513,1.445214196900025,161,1.0,1.0,49611
stacked_medium,0.5,q2_a0.8_or,70108,11.999999999999929,7.4666666666665265,4.003833333333272,2.674833333333262,1.5748555861872888,1.5029204530890738,159,1.0,1.0,49309
stacked_medium,0.5,q2_a0.8_or,70109,13.20000000000016,7.566666666666208,4.422333333333228,2.749333333333244,1.6584047371819994,1.480155889239166,158,1.0,1.0,49015
stacked_medium,0.5,q2_a0.8_or,70110,10.466666666666754,8.266666666666673,3.7953333333332178,2.813333333333259,1.5739602728532838,1.4237615901128737,157,1.0,1.0,49563
stacked_medium,0.5,q2_a0.8_or,70111,9.366666666666788,8.133333333333553,3.5928333333332274,2.5943333333332803,1.614577213704835,1.477960533148001,159,1.0,1.0,49931
stacked_medium,0.5,q2_a0.8_or,70112,10.399999999999807,8.266666666666424,3.809333333333261,2.7903333333332636,1.6379594228628174,1.5171943277559456,159,1.0,1.0,49521
stacked_medium,0.5,q2_a0.8_or,70113,10.599999999999909,8.133333333333297,3.7893333333332317,2.937833333333273,1.5611074311895674,1.5953786490493544,157,1.0,1.0,49474
stacked_medium,0.5,q2_a0.8_or,70114,10.03333333333319,8.633333333333553,3.7393333333332426,3.059333333333302,1.5684420225797482,1.501171027313414,160,1.0,1.0,49808
stacked_medium,0.5,q2_a0.8_or,70115,11.800000000000068,8.599999999999227,4.494333333333165,3.069333333333244,1.6033388697995141,1.528593603167656,159,1.0,1.0,49271
stacked_medium,0.5,q2_a0.8_or,70116,12.766666666666794,8.533333333331939,4.621833333333213,2.7108333333332513,1.679464894754169,1.5084932082177887,160,1.0,1.0,49118
stacked_medium,0.5,q2_a0.8_or,70117,11.06666666666689,8.899999999999295,4.178833333333225,3.214333333333221,1.595281064820935,1.5536282113749038,161,1.0,1.0,50115
stacked_medium,0.5,q2_a0.8_or,70118,10.599999999999113,8.299999999998931,3.836833333333276,3.1153333333332807,1.5816426317182242,1.4997857018022156,157,1.0,1.0,49440
stacked_medium,0.5,q2_a0.8_or,70119,10.666666666666586,8.833333333333314,4.3228333333333016,2.935333333333269,1.5839199211779178,1.5009260846328814,158,1.0,1.0,50289
stacked_medium,0.5,q2_a0.8_or,70120,13.000000000000142,7.799999999999997,4.518333333333223,2.909833333333253,1.6298196148760915,1.4636240618090808,161,1.0,1.0,49198
stacked_medium,0.5,q2_a0.8_or,70121,11.333333333333371,6.433333333332769,3.7898333333332888,2.4633333333332628,1.6156964885504594,1.4707966602547902,161,1.0,1.0,48360
stacked_medium,0.5,q2_a0.8_or,70122,10.800000000000004,8.000000000000085,3.9013333333332243,2.8293333333332,1.6304292334229407,1.4662981955399694,159,1.0,1.0,49503
stacked_medium,0.5,q2_a0.8_or,70123,10.799999999999045,7.79999999999967,3.770333333333223,2.8488333333332347,1.6132555793012964,1.5687601059858525,158,1.0,1.0,50356
stacked_medium,0.5,q2_a0.8_or,70124,13.46666666666664,8.800000000000182,4.478833333333214,3.0398333333332603,1.6803560322147029,1.5281588430276167,162,1.0,1.0,49207
stacked_medium,0.5,q2_a0.8_or,70125,12.333333333332462,8.066666666666606,4.273333333333194,2.7878333333332073,1.6159908823402946,1.4543293573651561,158,1.0,1.0,48558
stacked_medium,0.5,q2_a0.8_or,70126,11.399999999999295,8.79999999999994,4.168333333333175,2.8063333333332174,1.6302999116059664,1.4708010019476117,159,1.0,1.0,49378
stacked_medium,0.5,q2_a0.8_or,70127,13.899999999999807,7.599999999999568,4.679833333333232,2.784833333333282,1.6399014068303286,1.471804802706873,159,1.0,1.0,49523
stacked_medium,0.5,q2_a0.8_or,70128,11.39999999999992,6.566666666666151,4.405333333333249,2.6648333333332097,1.6479034015529377,1.4886342261236871,158,1.0,1.0,49065
stacked_medium,0.5,q2_a0.8_or,70129,13.800000000000523,8.266666666666623,4.723833333333298,2.745333333333215,1.6920645271140067,1.4603727262812343,161,1.0,1.0,50332
stacked_medium,0.5,q2_a0.8_and,70100,11.333333333333599,9.100000000000023,4.006333333333232,3.2048333333332435,1.5864964084092343,1.4511851835950729,143,1.0,1.0,49405
stacked_medium,0.5,q2_a0.8_and,70101,10.333333333333343,8.6666666666666,3.9583333333332487,2.974333333333243,1.5661329085951852,1.5040948242075842,136,1.0,1.0,48887
stacked_medium,0.5,q2_a0.8_and,70102,11.133333333333312,6.5999999999999375,4.201833333333234,2.669833333333258,1.6051013315055562,1.467041326366864,138,1.0,1.0,49731
stacked_medium,0.5,q2_a0.8_and,70103,10.799999999999926,7.6666666666667425,4.125833333333223,2.858833333333237,1.55526677417971,1.4388771700702199,133,1.0,1.0,51419
stacked_medium,0.5,q2_a0.8_and,70104,9.0,7.333333333333599,3.4933333333332657,2.6838333333332556,1.547423892695009,1.450940572457511,139,1.0,1.0,50448
stacked_medium,0.5,q2_a0.8_and,70105,11.933333333333294,8.833333333333272,4.126333333333197,3.0383333333332003,1.6696027513923033,1.5762066737651879,142,1.0,1.0,50316
stacked_medium,0.5,q2_a0.8_and,70106,9.833333333333428,7.499999999999659,3.804333333333207,2.8353333333332715,1.503280058005833,1.456444271775093,142,1.0,1.0,49268
stacked_medium,0.5,q2_a0.8_and,70107,12.333333333333428,8.733333333333718,4.654833333333284,3.0298333333332423,1.7311757452665513,1.5041582724411102,133,1.0,1.0,49730
stacked_medium,0.5,q2_a0.8_and,70108,11.999999999999929,9.066666666666492,4.003833333333272,2.920833333333241,1.5748555861872888,1.5264653176714122,133,1.0,1.0,47838
stacked_medium,0.5,q2_a0.8_and,70109,13.20000000000016,8.899999999999864,4.422333333333228,3.1268333333332925,1.6584047371819994,1.5165431590275156,137,1.0,1.0,49127
stacked_medium,0.5,q2_a0.8_and,70110,10.466666666666754,7.999999999999545,3.7953333333332178,2.8023333333332268,1.5739602728532838,1.4655928026832783,133,1.0,1.0,48586
stacked_medium,0.5,q2_a0.8_and,70111,9.366666666666788,7.633333333332871,3.5928333333332274,2.914333333333259,1.614577213704835,1.5547090299118813,145,1.0,1.0,49995
stacked_medium,0.5,q2_a0.8_and,70112,10.399999999999807,7.133333333333525,3.809333333333261,2.6133333333332422,1.6379594228628174,1.4218997622708582,144,1.0,1.0,49580
stacked_medium,0.5,q2_a0.8_and,70113,10.599999999999909,8.59999999999934,3.7893333333332317,2.9963333333332445,1.5611074311895674,1.5621579510222474,133,1.0,1.0,49008
stacked_medium,0.5,q2_a0.8_and,70114,10.03333333333319,8.033333333332791,3.7393333333332426,2.8768333333332397,1.5684420225797482,1.4329746362870412,134,1.0,1.0,48631
stacked_medium,0.5,q2_a0.8_and,70115,11.800000000000068,9.366666666666958,4.494333333333165,3.3383333333331837,1.6033388697995141,1.6184736789650593,128,1.0,1.0,48945
stacked_medium,0.5,q2_a0.8_and,70116,12.766666666666794,9.40000000000012,4.621833333333213,3.098333333333238,1.679464894754169,1.494410049983146,139,1.0,1.0,50352
stacked_medium,0.5,q2_a0.8_and,70117,11.06666666666689,8.466666666667152,4.178833333333225,2.9363333333332395,1.595281064820935,1.5037022251423704,139,1.0,1.0,49575
stacked_medium,0.5,q2_a0.8_and,70118,10.599999999999113,6.699999999999932,3.836833333333276,2.521833333333278,1.5816426317182242,1.4061283644938962,122,1.0,1.0,49144
stacked_medium,0.5,q2_a0.8_and,70119,10.666666666666586,8.466666666667038,4.3228333333333016,2.925333333333259,1.5839199211779178,1.4745697785908283,140,1.0,1.0,49915
stacked_medium,0.5,q2_a0.8_and,70120,13.000000000000142,8.499999999999943,4.518333333333223,2.628333333333182,1.6298196148760915,1.4235890910309794,128,1.0,1.0,49028
stacked_medium,0.5,q2_a0.8_and,70121,11.333333333333371,7.433333333333621,3.7898333333332888,2.5893333333332675,1.6156964885504594,1.4621142132224338,128,1.0,1.0,47860
stacked_medium,0.5,q2_a0.8_and,70122,10.800000000000004,7.06666666666689,3.9013333333332243,2.759333333333245,1.6304292334229407,1.4443729698697725,131,1.0,1.0,49223
stacked_medium,0.5,q2_a0.8_and,70123,10.799999999999045,7.399999999999125,3.770333333333223,2.5733333333332644,1.6132555793012964,1.4739171184928184,140,1.0,1.0,50205
stacked_medium,0.5,q2_a0.8_and,70124,13.46666666666664,8.26666666666722,4.478833333333214,3.235833333333292,1.6803560322147029,1.5581850770964742,143,1.0,1.0,49267
stacked_medium,0.5,q2_a0.8_and,70125,12.333333333332462,7.133333333333553,4.273333333333194,2.809833333333229,1.6159908823402946,1.4430657966989306,140,1.0,1.0,48900
stacked_medium,0.5,q2_a0.8_and,70126,11.399999999999295,7.33333333333335,4.168333333333175,2.9268333333332106,1.6302999116059664,1.3956403537313293,140,1.0,1.0,49505
stacked_medium,0.5,q2_a0.8_and,70127,13.899999999999807,7.099999999999795,4.679833333333232,2.679333333333276,1.6399014068303286,1.4015757545587446,141,1.0,1.0,49267
stacked_medium,0.5,q2_a0.8_and,70128,11.39999999999992,6.966666666666015,4.405333333333249,2.522833333333199,1.6479034015529377,1.4099381637653718,118,1.0,1.0,49369
stacked_medium,0.5,q2_a0.8_and,70129,13.800000000000523,8.333333333333144,4.723833333333298,3.104833333333248,1.6920645271140067,1.5286868469329962,139,1.0,1.0,49713
stacked_medium,0.5,q2_a1.5_or,70100,11.333333333333599,7.333333333333272,4.006333333333232,2.846833333333261,1.5864964084092343,1.472638377013689,149,1.0,1.0,49379
stacked_medium,0.5,q2_a1.5_or,70101,10.333333333333343,7.100000000000705,3.9583333333332487,2.73233333333324,1.5661329085951852,1.432390742328309,160,1.0,1.0,49188
stacked_medium,0.5,q2_a1.5_or,70102,11.133333333333312,8.099999999999795,4.201833333333234,2.7798333333332113,1.6051013315055562,1.4804049222233788,151,1.0,1.0,49490
stacked_medium,0.5,q2_a1.5_or,70103,10.799999999999926,7.500000000000114,4.125833333333223,2.617833333333272,1.55526677417971,1.4180287473021276,158,1.0,1.0,49751
stacked_medium,0.5,q2_a1.5_or,70104,9.0,7.066666666666094,3.4933333333332657,2.4373333333332914,1.547423892695009,1.4357126109023355,149,1.0,1.0,49012
stacked_medium,0.5,q2_a1.5_or,70105,11.933333333333294,8.16666666666572,4.126333333333197,3.001833333333205,1.6696027513923033,1.5172071665412288,154,1.0,1.0,50322
stacked_medium,0.5,q2_a1.5_or,70106,9.833333333333428,8.666666666666742,3.804333333333207,3.035833333333218,1.503280058005833,1.4605197373489631,155,1.0,1.0,48615
stacked_medium,0.5,q2_a1.5_or,70107,12.333333333333428,9.533333333333289,4.654833333333284,3.233333333333287,1.7311757452665513,1.512560213209774,155,1.0,1.0,49645
stacked_medium,0.5,q2_a1.5_or,70108,11.999999999999929,8.466666666666654,4.003833333333272,2.7183333333332356,1.5748555861872888,1.473423796439104,147,1.0,1.0,49114
stacked_medium,0.5,q2_a1.5_or,70109,13.20000000000016,9.799999999999613,4.422333333333228,3.3713333333333173,1.6584047371819994,1.5279539902370727,145,1.0,1.0,49144
stacked_medium,0.5,q2_a1.5_or,70110,10.466666666666754,6.46666666666664,3.7953333333332178,2.3448333333332227,1.5739602728532838,1.3991394210258477,157,1.0,1.0,49027
stacked_medium,0.5,q2_a1.5_or,70111,9.366666666666788,8.60000000000025,3.5928333333332274,2.693833333333259,1.614577213704835,1.4968975253652175,156,1.0,1.0,49552
stacked_medium,0.5,q2_a1.5_or,70112,10.399999999999807,8.266666666666424,3.809333333333261,2.7863333333332623,1.6379594228628174,1.511393313233975,156,1.0,1.0,48996
stacked_medium,0.5,q2_a1.5_or,70113,10.599999999999909,7.466666666665958,3.7893333333332317,2.8393333333332276,1.5611074311895674,1.5318212355778384,148,1.0,1.0,49026
stacked_medium,0.5,q2_a1.5_or,70114,10.03333333333319,8.933333333333337,3.7393333333332426,3.0713333333332273,1.5684420225797482,1.5263662862466003,148,1.0,1.0,49462
stacked_medium,0.5,q2_a1.5_or,70115,11.800000000000068,9.166666666666686,4.494333333333165,2.8843333333332493,1.6033388697995141,1.5148942718086593,154,1.0,1.0,49983
stacked_medium,0.5,q2_a1.5_or,70116,12.766666666666794,8.733333333333235,4.621833333333213,2.9773333333332572,1.679464894754169,1.5674402056210237,155,1.0,1.0,48926
stacked_medium,0.5,q2_a1.5_or,70117,11.06666666666689,8.0,4.178833333333225,3.0978333333332255,1.595281064820935,1.5019272137398527,156,1.0,1.0,49625
stacked_medium,0.5,q2_a1.5_or,70118,10.599999999999113,7.53333333333336,3.836833333333276,2.725333333333234,1.5816426317182242,1.4734517968078102,154,1.0,1.0,49631
stacked_medium,0.5,q2_a1.5_or,70119,10.666666666666586,9.46666666666681,4.3228333333333016,3.150833333333276,1.5839199211779178,1.5353409134920768,151,1.0,1.0,51309
stacked_medium,0.5,q2_a1.5_or,70120,13.000000000000142,7.933333333333678,4.518333333333223,3.009833333333268,1.6298196148760915,1.4783362324904528,153,1.0,1.0,49259
stacked_medium,0.5,q2_a1.5_or,70121,11.333333333333371,6.433333333332769,3.7898333333332888,2.4633333333332628,1.6156964885504594,1.4707966602547902,147,1.0,1.0,48360
stacked_medium,0.5,q2_a1.5_or,70122,10.800000000000004,8.933333333333337,3.9013333333332243,2.971333333333236,1.6304292334229407,1.4480337118578686,157,1.0,1.0,49396
stacked_medium,0.5,q2_a1.5_or,70123,10.799999999999045,8.266666666666673,3.770333333333223,2.7543333333332294,1.6132555793012964,1.5055671841600908,152,1.0,1.0,50126
stacked_medium,0.5,q2_a1.5_or,70124,13.46666666666664,8.800000000000182,4.478833333333214,3.0398333333332603,1.6803560322147029,1.5281588430276167,160,1.0,1.0,49207
stacked_medium,0.5,q2_a1.5_or,70125,12.333333333332462,7.400000000000119,4.273333333333194,2.8703333333332703,1.6159908823402946,1.4687138250825342,151,1.0,1.0,48840
stacked_medium,0.5,q2_a1.5_or,70126,11.399999999999295,8.333333333333258,4.168333333333175,2.855833333333249,1.6302999116059664,1.4870455659347968,156,1.0,1.0,48590
stacked_medium,0.5,q2_a1.5_or,70127,13.899999999999807,7.799999999999969,4.679833333333232,2.8988333333332847,1.6399014068303286,1.481788961509464,152,1.0,1.0,49112
stacked_medium,0.5,q2_a1.5_or,70128,11.39999999999992,7.6999999999998465,4.405333333333249,2.8433333333332196,1.6479034015529377,1.5063366283665445,150,1.0,1.0,48875
stacked_medium,0.5,q2_a1.5_or,70129,13.800000000000523,7.733333333333235,4.723833333333298,2.722833333333242,1.6920645271140067,1.4790608338121212,152,1.0,1.0,49876
stacked_medium,0.5,q2_a1.5_and,70100,11.333333333333599,8.899999999999068,4.006333333333232,2.9253333333332487,1.5864964084092343,1.496632554178891,45,1.0,1.0,47763
stacked_medium,0.5,q2_a1.5_and,70101,10.333333333333343,7.599999999999454,3.9583333333332487,2.8418333333332457,1.5661329085951852,1.4535363644906567,39,1.0,1.0,47773
stacked_medium,0.5,q2_a1.5_and,70102,11.133333333333312,8.866666666666106,4.201833333333234,3.221333333333273,1.6051013315055562,1.5533378546337366,50,1.0,1.0,49798
stacked_medium,0.5,q2_a1.5_and,70103,10.799999999999926,9.13333333333344,4.125833333333223,3.4123333333332595,1.55526677417971,1.5137416060287416,50,1.0,1.0,48968
stacked_medium,0.5,q2_a1.5_and,70104,9.0,10.13333333333334,3.4933333333332657,3.4203333333332955,1.547423892695009,1.5504047761379136,52,1.0,1.0,47850
stacked_medium,0.5,q2_a1.5_and,70105,11.933333333333294,8.533333333332394,4.126333333333197,3.3048333333331597,1.6696027513923033,1.5196014040081653,43,1.0,1.0,49098
stacked_medium,0.5,q2_a1.5_and,70106,9.833333333333428,7.2666666666668505,3.804333333333207,2.872833333333231,1.503280058005833,1.4332951875993343,47,1.0,1.0,47783
stacked_medium,0.5,q2_a1.5_and,70107,12.333333333333428,10.133333333333212,4.654833333333284,3.536333333333255,1.7311757452665513,1.5851196361491486,57,1.0,1.0,48470
stacked_medium,0.5,q2_a1.5_and,70108,11.999999999999929,9.933333333333294,4.003833333333272,3.4403333333332022,1.5748555861872888,1.5542045812272003,52,1.0,1.0,48136
stacked_medium,0.5,q2_a1.5_and,70109,13.20000000000016,8.433333333333394,4.422333333333228,2.9738333333333093,1.6584047371819994,1.5121654025612716,43,1.0,1.0,48752
stacked_medium,0.5,q2_a1.5_and,70110,10.466666666666754,8.000000000000007,3.7953333333332178,2.8663333333331877,1.5739602728532838,1.5139092137111496,40,1.0,1.0,47500
stacked_medium,0.5,q2_a1.5_and,70111,9.366666666666788,9.599999999999682,3.5928333333332274,3.254833333333232,1.614577213704835,1.5772668502263831,46,1.0,1.0,48314
stacked_medium,0.5,q2_a1.5_and,70112,10.399999999999807,8.133333333333333,3.809333333333261,3.0068333333332147,1.6379594228628174,1.5465469783418202,55,1.0,1.0,48726
stacked_medium,0.5,q2_a1.5_and,70113,10.599999999999909,9.033333333333758,3.7893333333332317,3.3268333333332625,1.5611074311895674,1.524146656701733,43,1.0,1.0,47186
stacked_medium,0.5,q2_a1.5_and,70114,10.03333333333319,8.600000000000279,3.7393333333332426,3.250333333333237,1.5684420225797482,1.505946875296067,51,1.0,1.0,48266
stacked_medium,0.5,q2_a1.5_and,70115,11.800000000000068,9.466666666666782,4.494333333333165,3.319333333333175,1.6033388697995141,1.5570441134135558,47,1.0,1.0,47970
stacked_medium,0.5,q2_a1.5_and,70116,12.766666666666794,10.33333333333303,4.621833333333213,3.6143333333332546,1.679464894754169,1.5181289256112662,51,1.0,1.0,49049
stacked_medium,0.5,q2_a1.5_and,70117,11.06666666666689,10.333333333332916,4.178833333333225,3.2953333333332084,1.595281064820935,1.5308710787215085,43,1.0,1.0,48912
stacked_medium,0.5,q2_a1.5_and,70118,10.599999999999113,10.266666666665856,3.836833333333276,3.415333333333257,1.5816426317182242,1.5418263709568691,42,1.0,1.0,47835
stacked_medium,0.5,q2_a1.5_and,70119,10.666666666666586,10.666666666666856,4.3228333333333016,3.205333333333323,1.5839199211779178,1.5530735824897997,44,1.0,1.0,49431
stacked_medium,0.5,q2_a1.5_and,70120,13.000000000000142,9.93333333333294,4.518333333333223,3.2728333333332085,1.6298196148760915,1.5116399091788084,53,1.0,1.0,49083
stacked_medium,0.5,q2_a1.5_and,70121,11.333333333333371,7.13333333333334,3.7898333333332888,2.887333333333192,1.6156964885504594,1.493275620940115,46,1.0,1.0,48199
stacked_medium,0.5,q2_a1.5_and,70122,10.800000000000004,7.2666666666666515,3.9013333333332243,2.870833333333237,1.6304292334229407,1.4817927301448157,45,1.0,1.0,48400
stacked_medium,0.5,q2_a1.5_and,70123,10.799999999999045,8.466666666666612,3.770333333333223,3.105333333333267,1.6132555793012964,1.5518201936442455,44,1.0,1.0,48186
stacked_medium,0.5,q2_a1.5_and,70124,13.46666666666664,8.93333333333328,4.478833333333214,3.194333333333244,1.6803560322147029,1.5088378681433654,45,1.0,1.0,47833
stacked_medium,0.5,q2_a1.5_and,70125,12.333333333332462,7.599999999999511,4.273333333333194,2.788333333333191,1.6159908823402946,1.5087775112857509,40,1.0,1.0,47675
stacked_medium,0.5,q2_a1.5_and,70126,11.399999999999295,8.199999999999989,4.168333333333175,3.0928333333332234,1.6302999116059664,1.4509720397197576,42,1.0,1.0,47695
stacked_medium,0.5,q2_a1.5_and,70127,13.899999999999807,10.800000000000004,4.679833333333232,3.4613333333332696,1.6399014068303286,1.5724397510864088,48,1.0,1.0,47708
stacked_medium,0.5,q2_a1.5_and,70128,11.39999999999992,8.133333333333155,4.405333333333249,2.879833333333211,1.6479034015529377,1.4906734480729134,48,1.0,1.0,48585
stacked_medium,0.5,q2_a1.5_and,70129,13.800000000000523,8.966666666666868,4.723833333333298,3.144833333333219,1.6920645271140067,1.518696552507551,52,1.0,1.0,49095
stacked_medium,0.5,q4_a0.8_or,70100,11.333333333333599,7.9999999999990905,4.006333333333232,2.815333333333248,1.5864964084092343,1.4577487378561669,149,1.0,1.0,50160
stacked_medium,0.5,q4_a0.8_or,70101,10.333333333333343,7.100000000000591,3.9583333333332487,2.6718333333332187,1.5661329085951852,1.3765628263494056,149,1.0,1.0,49595
stacked_medium,0.5,q4_a0.8_or,70102,11.133333333333312,6.5999999999999375,4.201833333333234,2.48383333333321,1.6051013315055562,1.4277172592140814,149,1.0,1.0,50580
stacked_medium,0.5,q4_a0.8_or,70103,10.799999999999926,7.600000000000364,4.125833333333223,2.8298333333332635,1.55526677417971,1.4763803388684353,149,1.0,1.0,50087
stacked_medium,0.5,q4_a0.8_or,70104,9.0,7.666666666666998,3.4933333333332657,2.6768333333332577,1.547423892695009,1.4499324784832879,149,1.0,1.0,50411
stacked_medium,0.5,q4_a0.8_or,70105,11.933333333333294,8.933333333333167,4.126333333333197,3.0443333333331837,1.6696027513923033,1.5467111689174582,149,1.0,1.0,50654
stacked_medium,0.5,q4_a0.8_or,70106,9.833333333333428,6.89999999999975,3.804333333333207,2.5063333333332434,1.503280058005833,1.4295524607355525,149,1.0,1.0,48952
stacked_medium,0.5,q4_a0.8_or,70107,12.333333333333428,9.599999999998772,4.654833333333284,2.968833333333241,1.7311757452665513,1.5170659077849442,149,1.0,1.0,49749
stacked_medium,0.5,q4_a0.8_or,70108,11.999999999999929,6.933333333333621,4.003833333333272,2.550333333333229,1.5748555861872888,1.5033976705810708,149,1.0,1.0,48520
stacked_medium,0.5,q4_a0.8_or,70109,13.20000000000016,7.666666666666615,4.422333333333228,2.6233333333333064,1.6584047371819994,1.4414164996866308,149,1.0,1.0,48755
stacked_medium,0.5,q4_a0.8_or,70110,10.466666666666754,8.166666666665606,3.7953333333332178,2.993333333333181,1.5739602728532838,1.452508337858456,149,1.0,1.0,48696
stacked_medium,0.5,q4_a0.8_or,70111,9.366666666666788,7.633333333332871,3.5928333333332274,2.921333333333264,1.614577213704835,1.5696394683476358,149,1.0,1.0,49855
stacked_medium,0.5,q4_a0.8_or,70112,10.399999999999807,8.43333333333294,3.809333333333261,2.834833333333222,1.6379594228628174,1.4750061048770409,149,1.0,1.0,48945
stacked_medium,0.5,q4_a0.8_or,70113,10.599999999999909,8.133333333334122,3.7893333333332317,2.8873333333332662,1.5611074311895674,1.509380279919879,149,1.0,1.0,49133
stacked_medium,0.5,q4_a0.8_or,70114,10.03333333333319,7.199999999999591,3.7393333333332426,2.5768333333332505,1.5684420225797482,1.4003719365118334,149,1.0,1.0,48846
stacked_medium,0.5,q4_a0.8_or,70115,11.800000000000068,11.033333333333644,4.494333333333165,3.3198333333331966,1.6033388697995141,1.5935018906544456,149,1.0,1.0,50232
stacked_medium,0.5,q4_a0.8_or,70116,12.766666666666794,8.866666666667356,4.621833333333213,3.148833333333256,1.679464894754169,1.5428535777112622,149,1.0,1.0,50249
stacked_medium,0.5,q4_a0.8_or,70117,11.06666666666689,7.933333333333394,4.178833333333225,2.7808333333331996,1.595281064820935,1.508361110553235,149,1.0,1.0,49567
stacked_medium,0.5,q4_a0.8_or,70118,10.599999999999113,7.1333333333333115,3.836833333333276,2.5648333333332287,1.5816426317182242,1.444576138619836,149,1.0,1.0,48485
stacked_medium,0.5,q4_a0.8_or,70119,10.666666666666586,8.59999999999998,4.3228333333333016,3.0083333333332765,1.5839199211779178,1.5110922886193507,149,1.0,1.0,50163
stacked_medium,0.5,q4_a0.8_or,70120,13.000000000000142,7.5999999999997385,4.518333333333223,2.6673333333332834,1.6298196148760915,1.4256234685426523,149,1.0,1.0,49342
stacked_medium,0.5,q4_a0.8_or,70121,11.333333333333371,6.46666666666664,3.7898333333332888,2.368333333333223,1.6156964885504594,1.4747153763199299,149,1.0,1.0,48907
stacked_medium,0.5,q4_a0.8_or,70122,10.800000000000004,6.000000000000085,3.9013333333332243,2.2488333333332564,1.6304292334229407,1.3944369844105984,149,1.0,1.0,49457
stacked_medium,0.5,q4_a0.8_or,70123,10.799999999999045,6.133333333332644,3.770333333333223,2.3353333333331996,1.6132555793012964,1.4815365262938895,149,1.0,1.0,50356
stacked_medium,0.5,q4_a0.8_or,70124,13.46666666666664,8.733333333333519,4.478833333333214,3.1508333333332854,1.6803560322147029,1.5830923525558394,149,1.0,1.0,48781
stacked_medium,0.5,q4_a0.8_or,70125,12.333333333332462,6.633333333332644,4.273333333333194,2.550333333333219,1.6159908823402946,1.4356555870755656,149,1.0,1.0,48430
stacked_medium,0.5,q4_a0.8_or,70126,11.399999999999295,7.566666666665867,4.168333333333175,2.8123333333332297,1.6302999116059664,1.450812920261693,149,1.0,1.0,49102
stacked_medium,0.5,q4_a0.8_or,70127,13.899999999999807,7.200000000000102,4.679833333333232,2.514333333333293,1.6399014068303286,1.4062988114449677,149,1.0,1.0,50207
stacked_medium,0.5,q4_a0.8_or,70128,11.39999999999992,7.000000000000227,4.405333333333249,2.7433333333332475,1.6479034015529377,1.4826269641412315,149,1.0,1.0,48907
stacked_medium,0.5,q4_a0.8_or,70129,13.800000000000523,7.666666666666629,4.723833333333298,2.8188333333332336,1.6920645271140067,1.4824059212192378,149,1.0,1.0,49874
stacked_medium,0.5,q4_a0.8_and,70100,11.333333333333599,7.5666666666671745,4.006333333333232,2.8858333333332133,1.5864964084092343,1.4411606269385926,36,1.0,1.0,48861
stacked_medium,0.5,q4_a0.8_and,70101,10.333333333333343,10.066666666665242,3.9583333333332487,3.4998333333331675,1.5661329085951852,1.5452379054761054,37,1.0,1.0,47974
stacked_medium,0.5,q4_a0.8_and,70102,11.133333333333312,7.666666666666615,4.201833333333234,2.9658333333332285,1.6051013315055562,1.4583106850621907,37,0.9411764705882353,1.0,48868
stacked_medium,0.5,q4_a0.8_and,70103,10.799999999999926,9.10000000000025,4.125833333333223,3.3023333333331935,1.55526677417971,1.5629217267902025,48,1.0,1.0,48621
stacked_medium,0.5,q4_a0.8_and,70104,9.0,8.66666666666572,3.4933333333332657,3.1148333333332823,1.547423892695009,1.4746306964568476,48,1.0,1.0,49777
stacked_medium,0.5,q4_a0.8_and,70105,11.933333333333294,8.999999999999986,4.126333333333197,3.1463333333331773,1.6696027513923033,1.5167179671067432,42,1.0,1.0,49360
stacked_medium,0.5,q4_a0.8_and,70106,9.833333333333428,9.199999999999875,3.804333333333207,3.2913333333332395,1.503280058005833,1.5034002402217161,33,1.0,1.0,47494
stacked_medium,0.5,q4_a0.8_and,70107,12.333333333333428,10.466666666666654,4.654833333333284,3.5648333333333033,1.7311757452665513,1.589882548981458,45,1.0,1.0,49717
stacked_medium,0.5,q4_a0.8_and,70108,11.999999999999929,10.233333333333178,4.003833333333272,3.481333333333219,1.5748555861872888,1.5809465688559703,53,1.0,1.0,48533
stacked_medium,0.5,q4_a0.8_and,70109,13.20000000000016,9.13333333333236,4.422333333333228,3.2023333333333217,1.6584047371819994,1.5363077008046182,30,1.0,1.0,48787
stacked_medium,0.5,q4_a0.8_and,70110,10.466666666666754,10.400000000001228,3.7953333333332178,3.6943333333331982,1.5739602728532838,1.5587948867823191,53,1.0,1.0,48706
stacked_medium,0.5,q4_a0.8_and,70111,9.366666666666788,10.333333333333144,3.5928333333332274,3.496833333333242,1.614577213704835,1.5815728752533096,50,1.0,1.0,48685
stacked_medium,0.5,q4_a0.8_and,70112,10.399999999999807,8.300000000000011,3.809333333333261,3.192333333333254,1.6379594228628174,1.5298189618785887,39,1.0,1.0,48612
stacked_medium,0.5,q4_a0.8_and,70113,10.599999999999909,10.800000000000125,3.7893333333332317,3.535833333333278,1.5611074311895674,1.5853236335140286,49,1.0,1.0,47040
stacked_medium,0.5,q4_a0.8_and,70114,10.03333333333319,9.733333333333576,3.7393333333332426,3.0033333333332592,1.5684420225797482,1.4526694302634058,38,0.9411764705882353,1.0,47637
stacked_medium,0.5,q4_a0.8_and,70115,11.800000000000068,10.13333333333334,4.494333333333165,3.2138333333332003,1.6033388697995141,1.5303687103559673,42,1.0,1.0,47548
stacked_medium,0.5,q4_a0.8_and,70116,12.766666666666794,9.56666666666581,4.621833333333213,2.9773333333332648,1.679464894754169,1.4801962740261385,32,1.0,1.0,48399
stacked_medium,0.5,q4_a0.8_and,70117,11.06666666666689,9.466666666666299,4.178833333333225,3.139833333333172,1.595281064820935,1.5513920730465096,42,1.0,1.0,48437
stacked_medium,0.5,q4_a0.8_and,70118,10.599999999999113,10.033333333333559,3.836833333333276,3.130333333333274,1.5816426317182242,1.5117374669934742,37,0.9411764705882353,1.0,48248
stacked_medium,0.5,q4_a0.8_and,70119,10.666666666666586,8.266666666666765,4.3228333333333016,3.1013333333332644,1.5839199211779178,1.5042907898613294,38,0.9411764705882353,1.0,48124
stacked_medium,0.5,q4_a0.8_and,70120,13.000000000000142,10.266666666665856,4.518333333333223,3.4108333333332452,1.6298196148760915,1.526188044021662,41,0.9411764705882353,1.0,47707
stacked_medium,0.5,q4_a0.8_and,70121,11.333333333333371,8.46666666666664,3.7898333333332888,3.12733333333331,1.6156964885504594,1.5666401679716202,39,1.0,1.0,48195
stacked_medium,0.5,q4_a0.8_and,70122,10.800000000000004,8.93333333333328,3.9013333333332243,3.153833333333233,1.6304292334229407,1.483440709025487,38,1.0,1.0,49179
stacked_medium,0.5,q4_a0.8_and,70123,10.799999999999045,10.366666666666674,3.770333333333223,3.312333333333187,1.6132555793012964,1.6044213538051586,51,1.0,1.0,49153
stacked_medium,0.5,q4_a0.8_and,70124,13.46666666666664,8.43333333333294,4.478833333333214,3.021833333333244,1.6803560322147029,1.5683663451678092,36,1.0,1.0,47745
stacked_medium,0.5,q4_a0.8_and,70125,12.333333333332462,9.866666666666603,4.273333333333194,3.356833333333227,1.6159908823402946,1.4647654201912743,47,0.9411764705882353,1.0,48083
stacked_medium,0.5,q4_a0.8_and,70126,11.399999999999295,8.3333333333332,4.168333333333175,3.2713333333332018,1.6302999116059664,1.4683936837834832,46,1.0,1.0,49112
stacked_medium,0.5,q4_a0.8_and,70127,13.899999999999807,9.133333333333212,4.679833333333232,3.055833333333272,1.6399014068303286,1.4873597997154062,40,1.0,1.0,48191
stacked_medium,0.5,q4_a0.8_and,70128,11.39999999999992,11.599999999999852,4.405333333333249,3.9428333333332013,1.6479034015529377,1.6258235058089994,47,1.0,1.0,48266
stacked_medium,0.5,q4_a0.8_and,70129,13.800000000000523,9.200000000000557,4.723833333333298,3.297333333333242,1.6920645271140067,1.5419673459653422,33,0.9411764705882353,1.0,47916
stacked_medium,0.5,q4_a1.5_or,70100,11.333333333333599,7.999999999999943,4.006333333333232,2.8988333333332275,1.5864964084092343,1.4426362115473161,95,1.0,1.0,48242
stacked_medium,0.5,q4_a1.5_or,70101,10.333333333333343,9.000000000000057,3.9583333333332487,3.1488333333332355,1.5661329085951852,1.5552114760179714,97,1.0,1.0,48011
stacked_medium,0.5,q4_a1.5_or,70102,11.133333333333312,7.666666666666615,4.201833333333234,2.8918333333332344,1.6051013315055562,1.4489937131918622,100,1.0,1.0,48736
stacked_medium,0.5,q4_a1.5_or,70103,10.799999999999926,9.10000000000025,4.125833333333223,3.3023333333331935,1.55526677417971,1.5629217267902025,97,1.0,1.0,48621
stacked_medium,0.5,q4_a1.5_or,70104,9.0,8.66666666666572,3.4933333333332657,3.1148333333332823,1.547423892695009,1.4746306964568476,103,1.0,1.0,49777
stacked_medium,0.5,q4_a1.5_or,70105,11.933333333333294,8.666666666666693,4.126333333333197,3.046333333333165,1.6696027513923033,1.510090223506114,100,1.0,1.0,49414
stacked_medium,0.5,q4_a1.5_or,70106,9.833333333333428,9.199999999999875,3.804333333333207,3.2913333333332395,1.503280058005833,1.5034002402217161,97,1.0,1.0,47494
stacked_medium,0.5,q4_a1.5_or,70107,12.333333333333428,10.933333333332484,4.654833333333284,3.824833333333296,1.7311757452665513,1.635799425076626,106,1.0,1.0,48676
stacked_medium,0.5,q4_a1.5_or,70108,11.999999999999929,10.233333333333178,4.003833333333272,3.481333333333219,1.5748555861872888,1.5809465688559703,103,1.0,1.0,48533
stacked_medium,0.5,q4_a1.5_or,70109,13.20000000000016,9.13333333333236,4.422333333333228,3.2023333333333217,1.6584047371819994,1.5363077008046182,95,1.0,1.0,48787
stacked_medium,0.5,q4_a1.5_or,70110,10.466666666666754,9.33333333333335,3.7953333333332178,3.3338333333332146,1.5739602728532838,1.5075157490695639,101,1.0,1.0,48579
stacked_medium,0.5,q4_a1.5_or,70111,9.366666666666788,10.333333333333144,3.5928333333332274,3.496833333333242,1.614577213704835,1.5815728752533096,104,1.0,1.0,48685
stacked_medium,0.5,q4_a1.5_or,70112,10.399999999999807,9.799999999999983,3.809333333333261,3.1678333333332005,1.6379594228628174,1.5246356185708683,97,1.0,1.0,48138
stacked_medium,0.5,q4_a1.5_or,70113,10.599999999999909,10.800000000000125,3.7893333333332317,3.535833333333278,1.5611074311895674,1.5853236335140286,105,1.0,1.0,47040
stacked_medium,0.5,q4_a1.5_or,70114,10.03333333333319,9.500000000000796,3.7393333333332426,3.1528333333332563,1.5684420225797482,1.4706917547731784,99,1.0,1.0,47999
stacked_medium,0.5,q4_a1.5_or,70115,11.800000000000068,10.13333333333334,4.494333333333165,3.2138333333332003,1.6033388697995141,1.5303687103559673,97,1.0,1.0,47548
stacked_medium,0.5,q4_a1.5_or,70116,12.766666666666794,9.56666666666581,4.621833333333213,2.9773333333332648,1.679464894754169,1.4801962740261385,98,1.0,1.0,48399
stacked_medium,0.5,q4_a1.5_or,70117,11.06666666666689,9.466666666666299,4.178833333333225,3.139833333333172,1.595281064820935,1.5513920730465096,98,1.0,1.0,48437
stacked_medium,0.5,q4_a1.5_or,70118,10.599999999999113,9.03333333333319,3.836833333333276,2.9763333333332462,1.5816426317182242,1.4690816359386418,99,1.0,1.0,47799
stacked_medium,0.5,q4_a1.5_or,70119,10.666666666666586,9.500000000000284,4.3228333333333016,3.06783333333324,1.5839199211779178,1.532660407292606,97,1.0,1.0,49206
stacked_medium,0.5,q4_a1.5_or,70120,13.000000000000142,10.266666666665856,4.518333333333223,3.398333333333245,1.6298196148760915,1.5259981181979598,99,1.0,1.0,47703
stacked_medium,0.5,q4_a1.5_or,70121,11.333333333333371,9.333333333333336,3.7898333333332888,3.0738333333332934,1.6156964885504594,1.5478318771477695,97,1.0,1.0,48911
stacked_medium,0.5,q4_a1.5_or,70122,10.800000000000004,8.93333333333328,3.9013333333332243,3.153833333333233,1.6304292334229407,1.483440709025487,100,1.0,1.0,49179
stacked_medium,0.5,q4_a1.5_or,70123,10.799999999999045,9.933333333333593,3.770333333333223,3.28683333333322,1.6132555793012964,1.5888447383002517,103,1.0,1.0,48931
stacked_medium,0.5,q4_a1.5_or,70124,13.46666666666664,10.800000000000004,4.478833333333214,3.4463333333332105,1.6803560322147029,1.6110557273003723,103,1.0,1.0,48263
stacked_medium,0.5,q4_a1.5_or,70125,12.333333333332462,8.033333333333985,4.273333333333194,3.0508333333332365,1.6159908823402946,1.4669145303858337,99,1.0,1.0,47662
stacked_medium,0.5,q4_a1.5_or,70126,11.399999999999295,8.933333333332769,4.168333333333175,3.2358333333331397,1.6302999116059664,1.5076927932055064,100,1.0,1.0,48683
stacked_medium,0.5,q4_a1.5_or,70127,13.899999999999807,9.133333333333212,4.679833333333232,3.055833333333272,1.6399014068303286,1.4873597997154062,98,1.0,1.0,48191
stacked_medium,0.5,q4_a1.5_or,70128,11.39999999999992,11.599999999999852,4.405333333333249,3.9428333333332013,1.6479034015529377,1.6258235058089994,103,1.0,1.0,48266
stacked_medium,0.5,q4_a1.5_or,70129,13.800000000000523,10.53333333333353,4.723833333333298,3.659833333333253,1.6920645271140067,1.584952203385138,99,1.0,1.0,47995
stacked_medium,0.5,q4_a1.5_and,70100,11.333333333333599,9.599999999999795,4.006333333333232,3.1473333333332683,1.5864964084092343,1.5296302316611148,25,0.9411764705882353,1.0,48627
stacked_medium,0.5,q4_a1.5_and,70101,10.333333333333343,8.033333333332394,3.9583333333332487,2.924333333333186,1.5661329085951852,1.5035013800764574,20,0.8823529411764706,1.0,47880
stacked_medium,0.5,q4_a1.5_and,70102,11.133333333333312,8.933333333332598,4.201833333333234,3.254333333333246,1.6051013315055562,1.5803050735247939,25,0.9411764705882353,1.0,49101
stacked_medium,0.5,q4_a1.5_and,70103,10.799999999999926,8.299999999998477,4.125833333333223,3.3228333333332434,1.55526677417971,1.5211109424994524,28,0.8235294117647058,1.0,49115
stacked_medium,0.5,q4_a1.5_and,70104,9.0,10.13333333333334,3.4933333333332657,3.3858333333333093,1.547423892695009,1.5781385700618773,23,0.8235294117647058,1.0,47664
stacked_medium,0.5,q4_a1.5_and,70105,11.933333333333294,8.333333333333343,4.126333333333197,3.117833333333181,1.6696027513923033,1.4622102399629033,23,1.0,1.0,48560
stacked_medium,0.5,q4_a1.5_and,70106,9.833333333333428,7.333333333332575,3.804333333333207,2.8113333333332404,1.503280058005833,1.4048762093108713,26,0.9411764705882353,1.0,48583
stacked_medium,0.5,q4_a1.5_and,70107,12.333333333333428,10.133333333333212,4.654833333333284,3.556833333333249,1.7311757452665513,1.6178947903802325,36,0.9411764705882353,1.0,48704
stacked_medium,0.5,q4_a1.5_and,70108,11.999999999999929,10.199999999999477,4.003833333333272,3.707833333333219,1.5748555861872888,1.5871891078208784,27,0.8235294117647058,1.0,47974
stacked_medium,0.5,q4_a1.5_and,70109,13.20000000000016,8.600000000000392,4.422333333333228,3.28383333333329,1.6584047371819994,1.559253589076024,29,0.9411764705882353,1.0,47775
stacked_medium,0.5,q4_a1.5_and,70110,10.466666666666754,9.133333333333269,3.7953333333332178,2.974833333333218,1.5739602728532838,1.480526515198669,20,0.8823529411764706,1.0,48675
stacked_medium,0.5,q4_a1.5_and,70111,9.366666666666788,8.599999999999909,3.5928333333332274,3.1898333333332416,1.614577213704835,1.5459976285448271,26,1.0,1.0,49005
stacked_medium,0.5,q4_a1.5_and,70112,10.399999999999807,8.133333333333333,3.809333333333261,3.037333333333178,1.6379594228628174,1.5657627584316451,23,0.9411764705882353,1.0,48497
stacked_medium,0.5,q4_a1.5_and,70113,10.599999999999909,9.199999999999989,3.7893333333332317,3.1033333333332456,1.5611074311895674,1.5138284638796824,26,0.8823529411764706,1.0,46942
stacked_medium,0.5,q4_a1.5_and,70114,10.03333333333319,8.133333333333297,3.7393333333332426,3.318833333333253,1.5684420225797482,1.482688759722532,27,0.8823529411764706,1.0,47908
stacked_medium,0.5,q4_a1.5_and,70115,11.800000000000068,9.466666666666782,4.494333333333165,3.144333333333173,1.6033388697995141,1.5347460689760632,27,0.9411764705882353,1.0,47795
stacked_medium,0.5,q4_a1.5_and,70116,12.766666666666794,10.666666666666586,4.621833333333213,3.628333333333257,1.679464894754169,1.5796693324438933,27,0.9411764705882353,1.0,48165
stacked_medium,0.5,q4_a1.5_and,70117,11.06666666666689,10.999999999999659,4.178833333333225,3.3043333333332146,1.595281064820935,1.5207306492345172,25,0.9411764705882353,1.0,49839
stacked_medium,0.5,q4_a1.5_and,70118,10.599999999999113,10.266666666665856,3.836833333333276,3.415333333333257,1.5816426317182242,1.5418263709568691,28,1.0,1.0,47835
stacked_medium,0.5,q4_a1.5_and,70119,10.666666666666586,10.666666666666856,4.3228333333333016,3.205333333333323,1.5839199211779178,1.5530735824897997,25,1.0,1.0,49431
stacked_medium,0.5,q4_a1.5_and,70120,13.000000000000142,9.499999999999432,4.518333333333223,3.273333333333207,1.6298196148760915,1.5163525770351345,21,0.8823529411764706,1.0,47485
stacked_medium,0.5,q4_a1.5_and,70121,11.333333333333371,8.733333333332666,3.7898333333332888,3.0238333333332577,1.6156964885504594,1.5122461842873725,27,0.8823529411764706,1.0,47576
stacked_medium,0.5,q4_a1.5_and,70122,10.800000000000004,7.733333333333377,3.9013333333332243,2.9433333333332623,1.6304292334229407,1.5062471960996684,19,0.8235294117647058,1.0,48556
stacked_medium,0.5,q4_a1.5_and,70123,10.799999999999045,7.599999999999795,3.770333333333223,2.853833333333191,1.6132555793012964,1.4822285599716931,21,0.9411764705882353,1.0,48942
stacked_medium,0.5,q4_a1.5_and,70124,13.46666666666664,8.699999999999761,4.478833333333214,3.2578333333332115,1.6803560322147029,1.5236867659654343,28,0.9411764705882353,1.0,47332
stacked_medium,0.5,q4_a1.5_and,70125,12.333333333332462,8.066666666665924,4.273333333333194,3.0028333333331703,1.6159908823402946,1.5195900450462754,25,1.0,1.0,47349
stacked_medium,0.5,q4_a1.5_and,70126,11.399999999999295,7.133333333334122,4.168333333333175,2.6893333333331864,1.6302999116059664,1.4326598740395753,23,0.9411764705882353,1.0,47754
stacked_medium,0.5,q4_a1.5_and,70127,13.899999999999807,9.999999999999915,4.679833333333232,3.4928333333332855,1.6399014068303286,1.6120720352397655,27,0.8235294117647058,1.0,47009
stacked_medium,0.5,q4_a1.5_and,70128,11.39999999999992,9.20000000000001,4.405333333333249,3.1773333333332494,1.6479034015529377,1.5444666862519338,29,0.9411764705882353,1.0,48412
stacked_medium,0.5,q4_a1.5_and,70129,13.800000000000523,10.033333333333388,4.723833333333298,3.3548333333332345,1.6920645271140067,1.555634971837981,36,0.9411764705882353,1.0,48443
stacked_medium,0.5,q8_a0.8_or,70100,11.333333333333599,7.9999999999990905,4.006333333333232,2.815333333333248,1.5864964084092343,1.4577487378561669,149,1.0,1.0,50160
stacked_medium,0.5,q8_a0.8_or,70101,10.333333333333343,7.100000000000591,3.9583333333332487,2.6718333333332187,1.5661329085951852,1.3765628263494056,149,1.0,1.0,49595
stacked_medium,0.5,q8_a0.8_or,70102,11.133333333333312,6.5999999999999375,4.201833333333234,2.48383333333321,1.6051013315055562,1.4277172592140814,149,1.0,1.0,50580
stacked_medium,0.5,q8_a0.8_or,70103,10.799999999999926,7.600000000000364,4.125833333333223,2.8298333333332635,1.55526677417971,1.4763803388684353,149,1.0,1.0,50087
stacked_medium,0.5,q8_a0.8_or,70104,9.0,7.666666666666998,3.4933333333332657,2.6768333333332577,1.547423892695009,1.4499324784832879,149,1.0,1.0,50411
stacked_medium,0.5,q8_a0.8_or,70105,11.933333333333294,8.933333333333167,4.126333333333197,3.0443333333331837,1.6696027513923033,1.5467111689174582,149,1.0,1.0,50654
stacked_medium,0.5,q8_a0.8_or,70106,9.833333333333428,6.89999999999975,3.804333333333207,2.5063333333332434,1.503280058005833,1.4295524607355525,149,1.0,1.0,48952
stacked_medium,0.5,q8_a0.8_or,70107,12.333333333333428,9.599999999998772,4.654833333333284,2.968833333333241,1.7311757452665513,1.5170659077849442,149,1.0,1.0,49749
stacked_medium,0.5,q8_a0.8_or,70108,11.999999999999929,6.933333333333621,4.003833333333272,2.550333333333229,1.5748555861872888,1.5033976705810708,149,1.0,1.0,48520
stacked_medium,0.5,q8_a0.8_or,70109,13.20000000000016,7.666666666666615,4.422333333333228,2.6233333333333064,1.6584047371819994,1.4414164996866308,149,1.0,1.0,48755
stacked_medium,0.5,q8_a0.8_or,70110,10.466666666666754,8.166666666665606,3.7953333333332178,2.993333333333181,1.5739602728532838,1.452508337858456,149,1.0,1.0,48696
stacked_medium,0.5,q8_a0.8_or,70111,9.366666666666788,7.633333333332871,3.5928333333332274,2.921333333333264,1.614577213704835,1.5696394683476358,149,1.0,1.0,49855
stacked_medium,0.5,q8_a0.8_or,70112,10.399999999999807,8.43333333333294,3.809333333333261,2.834833333333222,1.6379594228628174,1.4750061048770409,149,1.0,1.0,48945
stacked_medium,0.5,q8_a0.8_or,70113,10.599999999999909,8.133333333334122,3.7893333333332317,2.8873333333332662,1.5611074311895674,1.509380279919879,149,1.0,1.0,49133
stacked_medium,0.5,q8_a0.8_or,70114,10.03333333333319,7.199999999999591,3.7393333333332426,2.5768333333332505,1.5684420225797482,1.4003719365118334,149,1.0,1.0,48846
stacked_medium,0.5,q8_a0.8_or,70115,11.800000000000068,11.033333333333644,4.494333333333165,3.3198333333331966,1.6033388697995141,1.5935018906544456,149,1.0,1.0,50232
stacked_medium,0.5,q8_a0.8_or,70116,12.766666666666794,8.866666666667356,4.621833333333213,3.148833333333256,1.679464894754169,1.5428535777112622,149,1.0,1.0,50249
stacked_medium,0.5,q8_a0.8_or,70117,11.06666666666689,7.933333333333394,4.178833333333225,2.7808333333331996,1.595281064820935,1.508361110553235,149,1.0,1.0,49567
stacked_medium,0.5,q8_a0.8_or,70118,10.599999999999113,7.1333333333333115,3.836833333333276,2.5648333333332287,1.5816426317182242,1.444576138619836,149,1.0,1.0,48485
stacked_medium,0.5,q8_a0.8_or,70119,10.666666666666586,8.59999999999998,4.3228333333333016,3.0083333333332765,1.5839199211779178,1.5110922886193507,149,1.0,1.0,50163
stacked_medium,0.5,q8_a0.8_or,70120,13.000000000000142,7.5999999999997385,4.518333333333223,2.6673333333332834,1.6298196148760915,1.4256234685426523,149,1.0,1.0,49342
stacked_medium,0.5,q8_a0.8_or,70121,11.333333333333371,6.46666666666664,3.7898333333332888,2.368333333333223,1.6156964885504594,1.4747153763199299,149,1.0,1.0,48907
stacked_medium,0.5,q8_a0.8_or,70122,10.800000000000004,6.000000000000085,3.9013333333332243,2.2488333333332564,1.6304292334229407,1.3944369844105984,149,1.0,1.0,49457
stacked_medium,0.5,q8_a0.8_or,70123,10.799999999999045,6.133333333332644,3.770333333333223,2.3353333333331996,1.6132555793012964,1.4815365262938895,149,1.0,1.0,50356
stacked_medium,0.5,q8_a0.8_or,70124,13.46666666666664,8.733333333333519,4.478833333333214,3.1508333333332854,1.6803560322147029,1.5830923525558394,149,1.0,1.0,48781
stacked_medium,0.5,q8_a0.8_or,70125,12.333333333332462,6.633333333332644,4.273333333333194,2.550333333333219,1.6159908823402946,1.4356555870755656,149,1.0,1.0,48430
stacked_medium,0.5,q8_a0.8_or,70126,11.399999999999295,7.566666666665867,4.168333333333175,2.8123333333332297,1.6302999116059664,1.450812920261693,149,1.0,1.0,49102
stacked_medium,0.5,q8_a0.8_or,70127,13.899999999999807,7.200000000000102,4.679833333333232,2.514333333333293,1.6399014068303286,1.4062988114449677,149,1.0,1.0,50207
stacked_medium,0.5,q8_a0.8_or,70128,11.39999999999992,7.000000000000227,4.405333333333249,2.7433333333332475,1.6479034015529377,1.4826269641412315,149,1.0,1.0,48907
stacked_medium,0.5,q8_a0.8_or,70129,13.800000000000523,7.666666666666629,4.723833333333298,2.8188333333332336,1.6920645271140067,1.4824059212192378,149,1.0,1.0,49874
stacked_medium,0.5,q8_a0.8_and,70100,11.333333333333599,11.333333333333599,4.006333333333232,4.006333333333232,1.5864964084092343,1.5864964084092343,0,0.0,,46893
stacked_medium,0.5,q8_a0.8_and,70101,10.333333333333343,10.333333333333343,3.9583333333332487,3.9583333333332487,1.5661329085951852,1.5661329085951852,0,0.0,,46814
stacked_medium,0.5,q8_a0.8_and,70102,11.133333333333312,11.466666666666754,4.201833333333234,4.281333333333244,1.6051013315055562,1.6146214153565241,1,0.058823529411764705,1.0,47672
stacked_medium,0.5,q8_a0.8_and,70103,10.799999999999926,10.799999999999926,4.125833333333223,4.125833333333223,1.55526677417971,1.55526677417971,0,0.0,,48625
stacked_medium,0.5,q8_a0.8_and,70104,9.0,9.0,3.4933333333332657,3.4933333333332657,1.547423892695009,1.547423892695009,0,0.0,,47086
stacked_medium,0.5,q8_a0.8_and,70105,11.933333333333294,11.933333333333294,4.126333333333197,4.126333333333197,1.6696027513923033,1.6696027513923033,0,0.0,,48050
stacked_medium,0.5,q8_a0.8_and,70106,9.833333333333428,9.833333333333428,3.804333333333207,3.804333333333207,1.503280058005833,1.503280058005833,0,0.0,,47438
stacked_medium,0.5,q8_a0.8_and,70107,12.333333333333428,12.333333333333428,4.654833333333284,4.654833333333284,1.7311757452665513,1.7311757452665513,0,0.0,,48049
stacked_medium,0.5,q8_a0.8_and,70108,11.999999999999929,11.166666666666288,4.003833333333272,3.8518333333332206,1.5748555861872888,1.5556300609413858,2,0.11764705882352941,1.0,47172
stacked_medium,0.5,q8_a0.8_and,70109,13.20000000000016,12.866666666666788,4.422333333333228,4.295833333333256,1.6584047371819994,1.6635625544719768,1,0.058823529411764705,1.0,47371
stacked_medium,0.5,q8_a0.8_and,70110,10.466666666666754,10.466666666666754,3.7953333333332178,3.7953333333332178,1.5739602728532838,1.5739602728532838,0,0.0,,47138
stacked_medium,0.5,q8_a0.8_and,70111,9.366666666666788,10.699999999999818,3.5928333333332274,3.944833333333209,1.614577213704835,1.6590925160315597,2,0.11764705882352941,1.0,47198
stacked_medium,0.5,q8_a0.8_and,70112,10.399999999999807,10.399999999999807,3.809333333333261,3.809333333333261,1.6379594228628174,1.6379594228628174,0,0.0,,46305
stacked_medium,0.5,q8_a0.8_and,70113,10.599999999999909,10.599999999999909,3.7893333333332317,3.7893333333332317,1.5611074311895674,1.5611074311895674,0,0.0,,47416
stacked_medium,0.5,q8_a0.8_and,70114,10.03333333333319,10.03333333333319,3.7393333333332426,3.7393333333332426,1.5684420225797482,1.5684420225797482,0,0.0,,46459
stacked_medium,0.5,q8_a0.8_and,70115,11.800000000000068,11.800000000000068,4.494333333333165,4.494333333333165,1.6033388697995141,1.6033388697995141,0,0.0,,47442
stacked_medium,0.5,q8_a0.8_and,70116,12.766666666666794,12.666666666666515,4.621833333333213,4.525333333333191,1.679464894754169,1.6886105963126172,1,0.058823529411764705,1.0,47029
stacked_medium,0.5,q8_a0.8_and,70117,11.06666666666689,10.833333333333712,4.178833333333225,4.013333333333142,1.595281064820935,1.5563906975735964,1,0.058823529411764705,1.0,47756
stacked_medium,0.5,q8_a0.8_and,70118,10.599999999999113,10.599999999999113,3.836833333333276,3.836833333333276,1.5816426317182242,1.5816426317182242,0,0.0,,46679
stacked_medium,0.5,q8_a0.8_and,70119,10.666666666666586,11.933333333333309,4.3228333333333016,4.390333333333274,1.5839199211779178,1.6590473630005653,3,0.17647058823529413,1.0,47894
stacked_medium,0.5,q8_a0.8_and,70120,13.000000000000142,13.000000000000142,4.518333333333223,4.518333333333223,1.6298196148760915,1.6298196148760915,0,0.0,,46759
stacked_medium,0.5,q8_a0.8_and,70121,11.333333333333371,11.333333333333371,3.7898333333332888,3.8293333333332074,1.6156964885504594,1.6179350657467486,1,0.058823529411764705,1.0,46504
stacked_medium,0.5,q8_a0.8_and,70122,10.800000000000004,10.800000000000004,3.9013333333332243,3.9013333333332243,1.6304292334229407,1.6304292334229407,0,0.0,,46840
stacked_medium,0.5,q8_a0.8_and,70123,10.799999999999045,12.433333333333593,3.770333333333223,4.086833333333241,1.6132555793012964,1.6931785731380347,1,0.058823529411764705,1.0,47003
stacked_medium,0.5,q8_a0.8_and,70124,13.46666666666664,13.46666666666664,4.478833333333214,4.478833333333214,1.6803560322147029,1.6803560322147029,0,0.0,,46935
stacked_medium,0.5,q8_a0.8_and,70125,12.333333333332462,12.333333333332462,4.273333333333194,4.273333333333194,1.6159908823402946,1.6159908823402946,0,0.0,,45767
stacked_medium,0.5,q8_a0.8_and,70126,11.399999999999295,13.06666666666672,4.168333333333175,4.427833333333239,1.6302999116059664,1.6322314399788431,2,0.11764705882352941,1.0,47169
stacked_medium,0.5,q8_a0.8_and,70127,13.899999999999807,13.899999999999807,4.679833333333232,4.679833333333232,1.6399014068303286,1.6399014068303286,0,0.0,,47408
stacked_medium,0.5,q8_a0.8_and,70128,11.39999999999992,11.39999999999992,4.405333333333249,4.240333333333231,1.6479034015529377,1.6454471472715264,1,0.058823529411764705,1.0,46916
stacked_medium,0.5,q8_a0.8_and,70129,13.800000000000523,13.800000000000523,4.723833333333298,4.723833333333298,1.6920645271140067,1.6920645271140067,0,0.0,,46779
stacked_medium,0.5,q8_a1.5_or,70100,11.333333333333599,8.899999999999068,4.006333333333232,2.9253333333332487,1.5864964084092343,1.496632554178891,81,1.0,1.0,47763
stacked_medium,0.5,q8_a1.5_or,70101,10.333333333333343,7.599999999999454,3.9583333333332487,2.8418333333332457,1.5661329085951852,1.4535363644906567,81,1.0,1.0,47773
stacked_medium,0.5,q8_a1.5_or,70102,11.133333333333312,8.866666666666106,4.201833333333234,3.221333333333273,1.6051013315055562,1.5533378546337366,81,1.0,1.0,49798
stacked_medium,0.5,q8_a1.5_or,70103,10.799999999999926,9.13333333333344,4.125833333333223,3.4123333333332595,1.55526677417971,1.5137416060287416,81,1.0,1.0,48968
stacked_medium,0.5,q8_a1.5_or,70104,9.0,10.13333333333334,3.4933333333332657,3.4203333333332955,1.547423892695009,1.5504047761379136,81,1.0,1.0,47850
stacked_medium,0.5,q8_a1.5_or,70105,11.933333333333294,8.533333333332394,4.126333333333197,3.3048333333331597,1.6696027513923033,1.5196014040081653,81,1.0,1.0,49098
stacked_medium,0.5,q8_a1.5_or,70106,9.833333333333428,7.2666666666668505,3.804333333333207,2.872833333333231,1.503280058005833,1.4332951875993343,81,1.0,1.0,47783
stacked_medium,0.5,q8_a1.5_or,70107,12.333333333333428,10.133333333333212,4.654833333333284,3.536333333333255,1.7311757452665513,1.5851196361491486,81,1.0,1.0,48470
stacked_medium,0.5,q8_a1.5_or,70108,11.999999999999929,9.933333333333294,4.003833333333272,3.4403333333332022,1.5748555861872888,1.5542045812272003,81,1.0,1.0,48136
stacked_medium,0.5,q8_a1.5_or,70109,13.20000000000016,8.433333333333394,4.422333333333228,2.9738333333333093,1.6584047371819994,1.5121654025612716,81,1.0,1.0,48752
stacked_medium,0.5,q8_a1.5_or,70110,10.466666666666754,8.000000000000007,3.7953333333332178,2.8663333333331877,1.5739602728532838,1.5139092137111496,81,1.0,1.0,47500
stacked_medium,0.5,q8_a1.5_or,70111,9.366666666666788,9.599999999999682,3.5928333333332274,3.254833333333232,1.614577213704835,1.5772668502263831,81,1.0,1.0,48314
stacked_medium,0.5,q8_a1.5_or,70112,10.399999999999807,8.133333333333333,3.809333333333261,3.0068333333332147,1.6379594228628174,1.5465469783418202,81,1.0,1.0,48726
stacked_medium,0.5,q8_a1.5_or,70113,10.599999999999909,9.033333333333758,3.7893333333332317,3.3268333333332625,1.5611074311895674,1.524146656701733,81,1.0,1.0,47186
stacked_medium,0.5,q8_a1.5_or,70114,10.03333333333319,8.133333333333297,3.7393333333332426,3.3748333333332257,1.5684420225797482,1.487737618927046,81,1.0,1.0,48106
stacked_medium,0.5,q8_a1.5_or,70115,11.800000000000068,9.466666666666782,4.494333333333165,3.319333333333175,1.6033388697995141,1.5570441134135558,81,1.0,1.0,47970
stacked_medium,0.5,q8_a1.5_or,70116,12.766666666666794,10.33333333333303,4.621833333333213,3.6143333333332546,1.679464894754169,1.5181289256112662,81,1.0,1.0,49049
stacked_medium,0.5,q8_a1.5_or,70117,11.06666666666689,10.333333333332916,4.178833333333225,3.2953333333332084,1.595281064820935,1.5308710787215085,81,1.0,1.0,48912
stacked_medium,0.5,q8_a1.5_or,70118,10.599999999999113,10.266666666665856,3.836833333333276,3.415333333333257,1.5816426317182242,1.5418263709568691,81,1.0,1.0,47835
stacked_medium,0.5,q8_a1.5_or,70119,10.666666666666586,10.666666666666856,4.3228333333333016,3.205333333333323,1.5839199211779178,1.5530735824897997,81,1.0,1.0,49431
stacked_medium,0.5,q8_a1.5_or,70120,13.000000000000142,9.93333333333294,4.518333333333223,3.2728333333332085,1.6298196148760915,1.5116399091788084,81,1.0,1.0,49083
stacked_medium,0.5,q8_a1.5_or,70121,11.333333333333371,7.13333333333334,3.7898333333332888,2.887333333333192,1.6156964885504594,1.493275620940115,81,1.0,1.0,48199
stacked_medium,0.5,q8_a1.5_or,70122,10.800000000000004,7.333333333332519,3.9013333333332243,2.8163333333332434,1.6304292334229407,1.4674216318997617,81,1.0,1.0,48383
stacked_medium,0.5,q8_a1.5_or,70123,10.799999999999045,8.466666666666612,3.770333333333223,3.105333333333267,1.6132555793012964,1.5518201936442455,81,1.0,1.0,48186
stacked_medium,0.5,q8_a1.5_or,70124,13.46666666666664,8.93333333333328,4.478833333333214,3.194333333333244,1.6803560322147029,1.5088378681433654,81,1.0,1.0,47833
stacked_medium,0.5,q8_a1.5_or,70125,12.333333333332462,7.599999999999511,4.273333333333194,2.788333333333191,1.6159908823402946,1.5087775112857509,81,1.0,1.0,47675
stacked_medium,0.5,q8_a1.5_or,70126,11.399999999999295,8.199999999999989,4.168333333333175,3.0928333333332234,1.6302999116059664,1.4509720397197576,81,1.0,1.0,47695
stacked_medium,0.5,q8_a1.5_or,70127,13.899999999999807,10.800000000000004,4.679833333333232,3.4613333333332696,1.6399014068303286,1.5724397510864088,81,1.0,1.0,47708
stacked_medium,0.5,q8_a1.5_or,70128,11.39999999999992,8.133333333333155,4.405333333333249,2.879833333333211,1.6479034015529377,1.4906734480729134,81,1.0,1.0,48585
stacked_medium,0.5,q8_a1.5_or,70129,13.800000000000523,8.966666666666868,4.723833333333298,3.144833333333219,1.6920645271140067,1.518696552507551,81,1.0,1.0,49095
stacked_medium,0.5,q8_a1.5_and,70100,11.333333333333599,11.333333333333599,4.006333333333232,4.006333333333232,1.5864964084092343,1.5864964084092343,0,0.0,,46893
stacked_medium,0.5,q8_a1.5_and,70101,10.333333333333343,10.333333333333343,3.9583333333332487,3.9583333333332487,1.5661329085951852,1.5661329085951852,0,0.0,,46814
stacked_medium,0.5,q8_a1.5_and,70102,11.133333333333312,11.466666666666754,4.201833333333234,4.281333333333244,1.6051013315055562,1.6146214153565241,1,0.058823529411764705,1.0,47672
stacked_medium,0.5,q8_a1.5_and,70103,10.799999999999926,10.799999999999926,4.125833333333223,4.125833333333223,1.55526677417971,1.55526677417971,0,0.0,,48625
stacked_medium,0.5,q8_a1.5_and,70104,9.0,9.0,3.4933333333332657,3.4933333333332657,1.547423892695009,1.547423892695009,0,0.0,,47086
stacked_medium,0.5,q8_a1.5_and,70105,11.933333333333294,11.933333333333294,4.126333333333197,4.126333333333197,1.6696027513923033,1.6696027513923033,0,0.0,,48050
stacked_medium,0.5,q8_a1.5_and,70106,9.833333333333428,9.833333333333428,3.804333333333207,3.804333333333207,1.503280058005833,1.503280058005833,0,0.0,,47438
stacked_medium,0.5,q8_a1.5_and,70107,12.333333333333428,12.333333333333428,4.654833333333284,4.654833333333284,1.7311757452665513,1.7311757452665513,0,0.0,,48049
stacked_medium,0.5,q8_a1.5_and,70108,11.999999999999929,11.166666666666288,4.003833333333272,3.8518333333332206,1.5748555861872888,1.5556300609413858,2,0.11764705882352941,1.0,47172
stacked_medium,0.5,q8_a1.5_and,70109,13.20000000000016,12.866666666666788,4.422333333333228,4.295833333333256,1.6584047371819994,1.6635625544719768,1,0.058823529411764705,1.0,47371
stacked_medium,0.5,q8_a1.5_and,70110,10.466666666666754,10.466666666666754,3.7953333333332178,3.7953333333332178,1.5739602728532838,1.5739602728532838,0,0.0,,47138
stacked_medium,0.5,q8_a1.5_and,70111,9.366666666666788,10.699999999999818,3.5928333333332274,3.944833333333209,1.614577213704835,1.6590925160315597,2,0.11764705882352941,1.0,47198
stacked_medium,0.5,q8_a1.5_and,70112,10.399999999999807,10.399999999999807,3.809333333333261,3.809333333333261,1.6379594228628174,1.6379594228628174,0,0.0,,46305
stacked_medium,0.5,q8_a1.5_and,70113,10.599999999999909,10.599999999999909,3.7893333333332317,3.7893333333332317,1.5611074311895674,1.5611074311895674,0,0.0,,47416
stacked_medium,0.5,q8_a1.5_and,70114,10.03333333333319,10.03333333333319,3.7393333333332426,3.7393333333332426,1.5684420225797482,1.5684420225797482,0,0.0,,46459
stacked_medium,0.5,q8_a1.5_and,70115,11.800000000000068,11.800000000000068,4.494333333333165,4.494333333333165,1.6033388697995141,1.6033388697995141,0,0.0,,47442
stacked_medium,0.5,q8_a1.5_and,70116,12.766666666666794,12.666666666666515,4.621833333333213,4.525333333333191,1.679464894754169,1.6886105963126172,1,0.058823529411764705,1.0,47029
stacked_medium,0.5,q8_a1.5_and,70117,11.06666666666689,10.833333333333712,4.178833333333225,4.013333333333142,1.595281064820935,1.5563906975735964,1,0.058823529411764705,1.0,47756
stacked_medium,0.5,q8_a1.5_and,70118,10.599999999999113,10.599999999999113,3.836833333333276,3.836833333333276,1.5816426317182242,1.5816426317182242,0,0.0,,46679
stacked_medium,0.5,q8_a1.5_and,70119,10.666666666666586,11.933333333333309,4.3228333333333016,4.390333333333274,1.5839199211779178,1.6590473630005653,3,0.17647058823529413,1.0,47894
stacked_medium,0.5,q8_a1.5_and,70120,13.000000000000142,13.000000000000142,4.518333333333223,4.518333333333223,1.6298196148760915,1.6298196148760915,0,0.0,,46759
stacked_medium,0.5,q8_a1.5_and,70121,11.333333333333371,11.333333333333371,3.7898333333332888,3.8293333333332074,1.6156964885504594,1.6179350657467486,1,0.058823529411764705,1.0,46504
stacked_medium,0.5,q8_a1.5_and,70122,10.800000000000004,10.800000000000004,3.9013333333332243,3.9013333333332243,1.6304292334229407,1.6304292334229407,0,0.0,,46840
stacked_medium,0.5,q8_a1.5_and,70123,10.799999999999045,12.433333333333593,3.770333333333223,4.086833333333241,1.6132555793012964,1.6931785731380347,1,0.058823529411764705,1.0,47003
stacked_medium,0.5,q8_a1.5_and,70124,13.46666666666664,13.46666666666664,4.478833333333214,4.478833333333214,1.6803560322147029,1.6803560322147029,0,0.0,,46935
stacked_medium,0.5,q8_a1.5_and,70125,12.333333333332462,12.333333333332462,4.273333333333194,4.273333333333194,1.6159908823402946,1.6159908823402946,0,0.0,,45767
stacked_medium,0.5,q8_a1.5_and,70126,11.399999999999295,13.06666666666672,4.168333333333175,4.427833333333239,1.6302999116059664,1.6322314399788431,2,0.11764705882352941,1.0,47169
stacked_medium,0.5,q8_a1.5_and,70127,13.899999999999807,13.899999999999807,4.679833333333232,4.679833333333232,1.6399014068303286,1.6399014068303286,0,0.0,,47408
stacked_medium,0.5,q8_a1.5_and,70128,11.39999999999992,11.39999999999992,4.405333333333249,4.240333333333231,1.6479034015529377,1.6454471472715264,1,0.058823529411764705,1.0,46916
stacked_medium,0.5,q8_a1.5_and,70129,13.800000000000523,13.800000000000523,4.723833333333298,4.723833333333298,1.6920645271140067,1.6920645271140067,0,0.0,,46779
stacked_medium,2.0,q2_a0.8_or,70100,12.199999999999704,9.933333333333053,4.361333333333209,3.227333333333286,1.6165999379511187,1.5720304660120283,160,1.0,1.0,49612
stacked_medium,2.0,q2_a0.8_or,70101,11.866666666666447,7.93333333333419,3.8793333333332214,2.9473333333331904,1.6476030012316678,1.5321632260767755,158,1.0,1.0,48904
stacked_medium,2.0,q2_a0.8_or,70102,11.799999999999443,7.933333333333621,3.883333333333269,2.948333333333224,1.6638950134150081,1.5632697363221857,159,1.0,1.0,49604
stacked_medium,2.0,q2_a0.8_or,70103,10.733333333333917,7.266666666666637,4.113333333333228,2.6403333333332317,1.6065854763295873,1.4600571320356759,160,1.0,1.0,49867
stacked_medium,2.0,q2_a0.8_or,70104,9.799999999999969,6.999999999999972,4.140333333333322,2.521333333333246,1.7165005588895743,1.4777401749020103,158,1.0,1.0,50120
stacked_medium,2.0,q2_a0.8_or,70105,10.266666666666524,9.333333333333599,3.840333333333259,3.336333333333194,1.6435148218276654,1.6423247018164941,158,1.0,1.0,49897
stacked_medium,2.0,q2_a0.8_or,70106,8.999999999999432,6.6666666666666,3.4923333333332183,2.5983333333332377,1.53793634551304,1.4603512867772253,159,1.0,1.0,48493
stacked_medium,2.0,q2_a0.8_or,70107,10.799999999999613,7.60000000000025,3.9593333333332508,2.9573333333332372,1.7231665728111114,1.5519599737576792,160,1.0,1.0,50722
stacked_medium,2.0,q2_a0.8_or,70108,12.333333333333087,8.799999999999955,4.310333333333213,3.003333333333279,1.7034436417922008,1.5406183987793336,161,1.0,1.0,49853
stacked_medium,2.0,q2_a0.8_or,70109,9.866666666666617,8.800000000000125,3.859333333333277,3.132333333333295,1.6297984798714484,1.5693568728422769,159,1.0,1.0,48726
stacked_medium,2.0,q2_a0.8_or,70110,10.999999999999773,7.200000000000728,3.639333333333169,2.8233333333332347,1.6598405949861044,1.4985261973156088,160,1.0,1.0,49769
stacked_medium,2.0,q2_a0.8_or,70111,12.133333333332757,8.600000000000591,4.098333333333215,2.777333333333252,1.7790959701066351,1.5869256486524081,159,1.0,1.0,49839
stacked_medium,2.0,q2_a0.8_or,70112,9.333333333333314,6.800000000000068,3.9373333333332785,2.4533333333332257,1.657620817341843,1.4895783308948378,159,1.0,1.0,48842
stacked_medium,2.0,q2_a0.8_or,70113,10.133333333332587,9.599999999999966,3.618333333333284,3.2863333333332547,1.654452512961538,1.6571869693637646,160,1.0,1.0,48851
stacked_medium,2.0,q2_a0.8_or,70114,10.933333333333337,8.466666666666654,3.9143333333332375,2.8043333333332066,1.5854330482835937,1.5174446880322794,159,1.0,1.0,49127
stacked_medium,2.0,q2_a0.8_or,70115,13.533333333332962,10.266666666666993,4.623333333333162,3.1943333333332102,1.710625097287722,1.549540021107743,160,1.0,1.0,49713
stacked_medium,2.0,q2_a0.8_or,70116,9.466666666666868,7.333333333333599,3.585333333333241,2.668333333333194,1.627988350572775,1.5857111707402876,158,1.0,1.0,48942
stacked_medium,2.0,q2_a0.8_or,70117,12.2000000000005,9.133333333333326,4.297333333333233,3.182333333333256,1.6566464282635085,1.5532578665956585,160,1.0,1.0,50064
stacked_medium,2.0,q2_a0.8_or,70118,11.400000000000205,7.53333333333336,3.7073333333332483,2.764333333333196,1.603253538577353,1.4962126463519605,158,1.0,1.0,49360
stacked_medium,2.0,q2_a0.8_or,70119,9.199999999999918,7.266666666665856,3.6143333333332293,2.6223333333332657,1.620938412538309,1.5963621850607255,159,1.0,1.0,50046
stacked_medium,2.0,q2_a0.8_or,70120,14.133333333333496,7.799999999999969,4.574333333333217,2.859333333333222,1.6787577710029111,1.4563968862173582,159,1.0,1.0,49860
stacked_medium,2.0,q2_a0.8_or,70121,13.666666666666643,7.933333333332257,4.602333333333266,2.7003333333332846,1.7246699597679607,1.537496444351389,159,1.0,1.0,49105
stacked_medium,2.0,q2_a0.8_or,70122,10.666666666666742,8.933333333333337,3.65533333333324,3.10133333333323,1.64609590629563,1.528090508044197,159,1.0,1.0,49118
stacked_medium,2.0,q2_a0.8_or,70123,10.333333333333172,8.39999999999992,3.900333333333216,2.887333333333217,1.655189593193545,1.6175920785343538,162,1.0,1.0,51085
stacked_medium,2.0,q2_a0.8_or,70124,10.79999999999967,7.799999999999997,4.0853333333331765,3.044333333333273,1.792683119970304,1.6211942985194683,161,1.0,1.0,48884
stacked_medium,2.0,q2_a0.8_or,70125,10.800000000000004,7.599999999999881,4.013333333333247,2.6903333333332067,1.661083571463241,1.526918074834881,159,1.0,1.0,48754
stacked_medium,2.0,q2_a0.8_or,70126,9.666666666666671,5.733333333333221,3.8573333333331705,2.428333333333251,1.554968652265836,1.460150192262708,159,1.0,1.0,50068
stacked_medium,2.0,q2_a0.8_or,70127,12.933333333333337,8.133333333334008,4.326333333333298,2.510333333333298,1.674982040879681,1.4736218574924025,161,1.0,1.0,49012
stacked_medium,2.0,q2_a0.8_or,70128,11.666666666666629,7.066666666666379,3.9943333333332407,2.6923333333332264,1.6904571695098138,1.5769289411427467,160,1.0,1.0,49969
stacked_medium,2.0,q2_a0.8_or,70129,10.666666666666742,7.466666666666811,4.324333333333222,2.7103333333332307,1.6613419240289824,1.4885321293368292,159,1.0,1.0,50266
stacked_medium,2.0,q2_a0.8_and,70100,12.199999999999704,7.866666666666845,4.361333333333209,2.814333333333269,1.6165999379511187,1.5014250534801818,142,1.0,1.0,49588
stacked_medium,2.0,q2_a0.8_and,70101,11.866666666666447,7.933333333334076,3.8793333333332214,2.922333333333171,1.6476030012316678,1.5297749711474184,136,1.0,1.0,48700
stacked_medium,2.0,q2_a0.8_and,70102,11.799999999999443,8.266666666666993,3.883333333333269,3.056333333333206,1.6638950134150081,1.597505613221609,143,1.0,1.0,49561
stacked_medium,2.0,q2_a0.8_and,70103,10.733333333333917,7.400000000000489,4.113333333333228,2.63733333333325,1.6065854763295873,1.4742657458428425,144,1.0,1.0,50690
stacked_medium,2.0,q2_a0.8_and,70104,9.799999999999969,7.800000000000409,4.140333333333322,2.9263333333332735,1.7165005588895743,1.6184278043656743,140,1.0,1.0,49367
stacked_medium,2.0,q2_a0.8_and,70105,10.266666666666524,9.066666666666606,3.840333333333259,3.0623333333332527,1.6435148218276654,1.5895728408567917,135,1.0,1.0,49476
stacked_medium,2.0,q2_a0.8_and,70106,8.999999999999432,7.466666666666754,3.4923333333332183,2.725333333333237,1.53793634551304,1.4382769248023408,142,1.0,1.0,49467
stacked_medium,2.0,q2_a0.8_and,70107,10.799999999999613,9.266666666666524,3.9593333333332508,3.4413333333332488,1.7231665728111114,1.6334108785466084,138,1.0,1.0,50689
stacked_medium,2.0,q2_a0.8_and,70108,12.333333333333087,9.733333333333292,4.310333333333213,3.0593333333332215,1.7034436417922008,1.5974122378649147,144,1.0,1.0,50051
stacked_medium,2.0,q2_a0.8_and,70109,9.866666666666617,9.399999999999977,3.859333333333277,3.08233333333329,1.6297984798714484,1.5362767842273855,133,1.0,1.0,48573
stacked_medium,2.0,q2_a0.8_and,70110,10.999999999999773,7.799999999999557,3.639333333333169,3.083333333333182,1.6598405949861044,1.5542263046570368,139,1.0,1.0,49087
stacked_medium,2.0,q2_a0.8_and,70111,12.133333333332757,8.333333333333599,4.098333333333215,2.9333333333332847,1.7790959701066351,1.54016639456544,145,1.0,1.0,49557
stacked_medium,2.0,q2_a0.8_and,70112,9.333333333333314,8.533333333332905,3.9373333333332785,2.8203333333331932,1.657620817341843,1.5046308753039157,139,1.0,1.0,49686
stacked_medium,2.0,q2_a0.8_and,70113,10.133333333332587,7.066666666666606,3.618333333333284,2.843333333333256,1.654452512961538,1.5386487452930901,142,1.0,1.0,49348
stacked_medium,2.0,q2_a0.8_and,70114,10.933333333333337,7.599999999998431,3.9143333333332375,2.886333333333237,1.5854330482835937,1.472186680827709,129,1.0,1.0,48314
stacked_medium,2.0,q2_a0.8_and,70115,13.533333333332962,7.066666666666691,4.623333333333162,2.7483333333332265,1.710625097287722,1.5480648296862092,141,1.0,1.0,49162
stacked_medium,2.0,q2_a0.8_and,70116,9.466666666666868,8.66666666666677,3.585333333333241,2.8873333333332516,1.627988350572775,1.5411668691000509,124,1.0,1.0,49024
stacked_medium,2.0,q2_a0.8_and,70117,12.2000000000005,7.7999999999999545,4.297333333333233,2.719333333333178,1.6566464282635085,1.5203290945987147,134,1.0,1.0,49694
stacked_medium,2.0,q2_a0.8_and,70118,11.400000000000205,8.466666666667038,3.7073333333332483,3.0343333333332168,1.603253538577353,1.5372491962578323,128,1.0,1.0,48992
stacked_medium,2.0,q2_a0.8_and,70119,9.199999999999918,7.799999999999912,3.6143333333332293,3.0553333333332433,1.620938412538309,1.566711581800012,135,1.0,1.0,49865
stacked_medium,2.0,q2_a0.8_and,70120,14.133333333333496,9.466666666665958,4.574333333333217,3.335333333333251,1.6787577710029111,1.5132187774130115,129,1.0,1.0,49376
stacked_medium,2.0,q2_a0.8_and,70121,13.666666666666643,8.3333333333332,4.602333333333266,2.861333333333205,1.7246699597679607,1.5158182049373405,139,1.0,1.0,49021
stacked_medium,2.0,q2_a0.8_and,70122,10.666666666666742,6.666666666666686,3.65533333333324,2.4413333333332417,1.64609590629563,1.4186120346242563,137,1.0,1.0,49817
stacked_medium,2.0,q2_a0.8_and,70123,10.333333333333172,8.59999999999998,3.900333333333216,3.118333333333214,1.655189593193545,1.6091218240198595,144,1.0,1.0,50744
stacked_medium,2.0,q2_a0.8_and,70124,10.79999999999967,7.266666666666595,4.0853333333331765,2.6013333333332906,1.792683119970304,1.5004692070708763,138,1.0,1.0,49494
stacked_medium,2.0,q2_a0.8_and,70125,10.800000000000004,8.80000000000004,4.013333333333247,2.9113333333332503,1.661083571463241,1.5430219243428414,146,1.0,1.0,48891
stacked_medium,2.0,q2_a0.8_and,70126,9.666666666666671,7.666666666666629,3.8573333333331705,2.9353333333332325,1.554968652265836,1.469482869600566,139,1.0,1.0,49297
stacked_medium,2.0,q2_a0.8_and,70127,12.933333333333337,7.799999999999386,4.326333333333298,2.861333333333244,1.674982040879681,1.4792664694350923,141,1.0,1.0,49472
stacked_medium,2.0,q2_a0.8_and,70128,11.666666666666629,6.800000000000637,3.9943333333332407,2.7863333333332116,1.6904571695098138,1.5712846327215508,139,1.0,1.0,48471
stacked_medium,2.0,q2_a0.8_and,70129,10.666666666666742,8.266666666666623,4.324333333333222,3.1283333333332273,1.6613419240289824,1.6590276238431023,142,1.0,1.0,49221
stacked_medium,2.0,q2_a1.5_or,70100,12.199999999999704,9.666666666667169,4.361333333333209,3.2823333333332534,1.6165999379511187,1.5473190625310358,158,1.0,1.0,49686
stacked_medium,2.0,q2_a1.5_or,70101,11.866666666666447,7.799999999999926,3.8793333333332214,2.814333333333206,1.6476030012316678,1.513120363972563,156,1.0,1.0,49400
stacked_medium,2.0,q2_a1.5_or,70102,11.799999999999443,7.933333333333621,3.883333333333269,2.983333333333224,1.6638950134150081,1.5685563333998274,156,1.0,1.0,49522
stacked_medium,2.0,q2_a1.5_or,70103,10.733333333333917,8.20000000000033,4.113333333333228,2.802333333333177,1.6065854763295873,1.469991014619273,149,1.0,1.0,49975
stacked_medium,2.0,q2_a1.5_or,70104,9.799999999999969,7.266666666666367,4.140333333333322,2.7693333333332744,1.7165005588895743,1.527923038228055,156,1.0,1.0,49234
stacked_medium,2.0,q2_a1.5_or,70105,10.266666666666524,7.533333333332735,3.840333333333259,2.707333333333172,1.6435148218276654,1.5379223940815923,152,1.0,1.0,50139
stacked_medium,2.0,q2_a1.5_or,70106,8.999999999999432,7.933333333333621,3.4923333333332183,2.959333333333269,1.53793634551304,1.5208544290940573,151,1.0,1.0,48571
stacked_medium,2.0,q2_a1.5_or,70107,10.799999999999613,8.666666666666615,3.9593333333332508,3.096333333333298,1.7231665728111114,1.5788572228768536,153,1.0,1.0,49456
stacked_medium,2.0,q2_a1.5_or,70108,12.333333333333087,8.799999999999955,4.310333333333213,3.003333333333279,1.7034436417922008,1.5406183987793336,161,1.0,1.0,49853
stacked_medium,2.0,q2_a1.5_or,70109,9.866666666666617,8.599999999999966,3.859333333333277,3.2343333333333306,1.6297984798714484,1.5643751135371604,154,1.0,1.0,49277
stacked_medium,2.0,q2_a1.5_or,70110,10.999999999999773,8.933333333333422,3.639333333333169,3.3353333333332085,1.6598405949861044,1.5312519729455714,148,1.0,1.0,48535
stacked_medium,2.0,q2_a1.5_or,70111,12.133333333332757,8.266666666666673,4.098333333333215,2.9133333333332314,1.7790959701066351,1.6111049800679647,146,1.0,1.0,48844
stacked_medium,2.0,q2_a1.5_or,70112,9.333333333333314,8.466666666666654,3.9373333333332785,2.7513333333332626,1.657620817341843,1.5266849876262478,150,1.0,1.0,49701
stacked_medium,2.0,q2_a1.5_or,70113,10.133333333332587,9.599999999999966,3.618333333333284,3.236333333333231,1.654452512961538,1.6403076336429918,154,1.0,1.0,48779
stacked_medium,2.0,q2_a1.5_or,70114,10.933333333333337,7.733333333333803,3.9143333333332375,2.853333333333245,1.5854330482835937,1.4786759053236396,156,1.0,1.0,49024
stacked_medium,2.0,q2_a1.5_or,70115,13.533333333332962,10.466666666666754,4.623333333333162,3.187333333333188,1.710625097287722,1.5503880366270075,158,1.0,1.0,49568
stacked_medium,2.0,q2_a1.5_or,70116,9.466666666666868,7.266666666667334,3.585333333333241,2.8323333333332403,1.627988350572775,1.550769872631798,151,1.0,1.0,49197
stacked_medium,2.0,q2_a1.5_or,70117,12.2000000000005,9.133333333333326,4.297333333333233,3.182333333333256,1.6566464282635085,1.5532578665956585,158,1.0,1.0,50064
stacked_medium,2.0,q2_a1.5_or,70118,11.400000000000205,7.1333333333333115,3.7073333333332483,2.7223333333332844,1.603253538577353,1.4765646895322098,150,1.0,1.0,48644
stacked_medium,2.0,q2_a1.5_or,70119,9.199999999999918,7.266666666665856,3.6143333333332293,2.686333333333265,1.620938412538309,1.6056078231744761,155,1.0,1.0,50325
stacked_medium,2.0,q2_a1.5_or,70120,14.133333333333496,8.1333333333327,4.574333333333217,2.705333333333198,1.6787577710029111,1.512718570077488,144,1.0,1.0,48975
stacked_medium,2.0,q2_a1.5_or,70121,13.666666666666643,8.666666666666174,4.602333333333266,3.0003333333332307,1.7246699597679607,1.57996584381544,151,1.0,1.0,49112
stacked_medium,2.0,q2_a1.5_or,70122,10.666666666666742,8.06666666666581,3.65533333333324,2.9843333333332356,1.64609590629563,1.5397367143845755,152,1.0,1.0,49359
stacked_medium,2.0,q2_a1.5_or,70123,10.333333333333172,8.39999999999992,3.900333333333216,2.887333333333217,1.655189593193545,1.6175920785343538,157,1.0,1.0,51085
stacked_medium,2.0,q2_a1.5_or,70124,10.79999999999967,7.799999999999997,4.0853333333331765,3.044333333333273,1.792683119970304,1.6211942985194683,157,1.0,1.0,48884
stacked_medium,2.0,q2_a1.5_or,70125,10.800000000000004,6.466666666666697,4.013333333333247,2.5053333333331573,1.661083571463241,1.5023648141210924,149,1.0,1.0,48666
stacked_medium,2.0,q2_a1.5_or,70126,9.666666666666671,7.53333333333245,3.8573333333331705,2.688333333333239,1.554968652265836,1.469842575765083,149,1.0,1.0,49225
stacked_medium,2.0,q2_a1.5_or,70127,12.933333333333337,8.133333333334008,4.326333333333298,2.510333333333298,1.674982040879681,1.4736218574924025,153,1.0,1.0,49012
stacked_medium,2.0,q2_a1.5_or,70128,11.666666666666629,7.7999999999999545,3.9943333333332407,2.818333333333212,1.6904571695098138,1.5907836317457316,148,1.0,1.0,48626
stacked_medium,2.0,q2_a1.5_or,70129,10.666666666666742,8.266666666666623,4.324333333333222,2.9983333333332847,1.6613419240289824,1.546354429869723,148,1.0,1.0,49516
stacked_medium,2.0,q2_a1.5_and,70100,12.199999999999704,6.866666666666617,4.361333333333209,2.8083333333332154,1.6165999379511187,1.5365375354812993,50,1.0,1.0,48324
stacked_medium,2.0,q2_a1.5_and,70101,11.866666666666447,8.466666666666129,3.8793333333332214,2.9473333333332112,1.6476030012316678,1.4950891787278788,39,1.0,1.0,48054
stacked_medium,2.0,q2_a1.5_and,70102,11.799999999999443,6.999999999999943,3.883333333333269,2.7433333333332466,1.6638950134150081,1.550961872463486,51,1.0,1.0,49185
stacked_medium,2.0,q2_a1.5_and,70103,10.733333333333917,7.999999999999602,4.113333333333228,2.9773333333332817,1.6065854763295873,1.5621113951831436,49,1.0,1.0,48608
stacked_medium,2.0,q2_a1.5_and,70104,9.799999999999969,8.133333333333468,4.140333333333322,2.9583333333332864,1.7165005588895743,1.5119082070823853,49,1.0,1.0,48585
stacked_medium,2.0,q2_a1.5_and,70105,10.266666666666524,10.599999999999966,3.840333333333259,3.3693333333332025,1.6435148218276654,1.6008224113798446,53,1.0,1.0,48444
stacked_medium,2.0,q2_a1.5_and,70106,8.999999999999432,7.266666666666083,3.4923333333332183,2.7293333333332193,1.53793634551304,1.469018010428245,40,1.0,1.0,47734
stacked_medium,2.0,q2_a1.5_and,70107,10.799999999999613,8.666666666666714,3.9593333333332508,3.1513333333332785,1.7231665728111114,1.6367738547972106,56,1.0,1.0,49018
stacked_medium,2.0,q2_a1.5_and,70108,12.333333333333087,8.266666666666538,4.310333333333213,2.920333333333287,1.7034436417922008,1.557342167609726,43,1.0,1.0,48333
stacked_medium,2.0,q2_a1.5_and,70109,9.866666666666617,9.06666666666672,3.859333333333277,3.20633333333329,1.6297984798714484,1.6650456665310458,43,1.0,1.0,47045
stacked_medium,2.0,q2_a1.5_and,70110,10.999999999999773,8.000000000000007,3.639333333333169,3.1563333333332575,1.6598405949861044,1.5821481762192633,45,1.0,1.0,47690
stacked_medium,2.0,q2_a1.5_and,70111,12.133333333332757,9.799999999999997,4.098333333333215,3.2373333333332317,1.7790959701066351,1.6645735931985206,49,1.0,1.0,48841
stacked_medium,2.0,q2_a1.5_and,70112,9.333333333333314,8.133333333333333,3.9373333333332785,2.849333333333196,1.657620817341843,1.5540970648987982,52,1.0,1.0,47738
stacked_medium,2.0,q2_a1.5_and,70113,10.133333333332587,9.933333333333053,3.618333333333284,3.3023333333332583,1.654452512961538,1.6290158227921168,50,1.0,1.0,46664
stacked_medium,2.0,q2_a1.5_and,70114,10.933333333333337,7.866666666666333,3.9143333333332375,3.2073333333332488,1.5854330482835937,1.5369788858001883,42,1.0,1.0,47691
stacked_medium,2.0,q2_a1.5_and,70115,13.533333333332962,9.999999999999915,4.623333333333162,3.179333333333164,1.710625097287722,1.6072048486231825,48,1.0,1.0,48104
stacked_medium,2.0,q2_a1.5_and,70116,9.466666666666868,7.1333333333337805,3.585333333333241,2.9303333333332575,1.627988350572775,1.5247483449738324,50,1.0,1.0,48381
stacked_medium,2.0,q2_a1.5_and,70117,12.2000000000005,9.600000000000165,4.297333333333233,3.196333333333222,1.6566464282635085,1.5522298469679263,54,1.0,1.0,48102
stacked_medium,2.0,q2_a1.5_and,70118,11.400000000000205,8.466666666666413,3.7073333333332483,2.7903333333332796,1.603253538577353,1.5084416266306357,38,1.0,1.0,47468
stacked_medium,2.0,q2_a1.5_and,70119,9.199999999999918,8.133333333333667,3.6143333333332293,2.9413333333332634,1.620938412538309,1.5145204023866006,51,1.0,1.0,48257
stacked_medium,2.0,q2_a1.5_and,70120,14.133333333333496,9.133333333333255,4.574333333333217,3.4903333333332927,1.6787577710029111,1.5616650546308946,53,1.0,1.0,48802
stacked_medium,2.0,q2_a1.5_and,70121,13.666666666666643,8.133333333333468,4.602333333333266,2.978333333333224,1.7246699597679607,1.576630677637418,44,1.0,1.0,47641
stacked_medium,2.0,q2_a1.5_and,70122,10.666666666666742,7.733333333333405,3.65533333333324,2.9523333333332165,1.64609590629563,1.549864303036834,40,1.0,1.0,47138
stacked_medium,2.0,q2_a1.5_and,70123,10.333333333333172,8.133333333332075,3.900333333333216,2.968333333333186,1.655189593193545,1.5609159520815725,54,1.0,1.0,48570
stacked_medium,2.0,q2_a1.5_and,70124,10.79999999999967,8.533333333333317,4.0853333333331765,3.1053333333333173,1.792683119970304,1.5600236201261464,40,1.0,1.0,47760
stacked_medium,2.0,q2_a1.5_and,70125,10.800000000000004,9.399999999999181,4.013333333333247,3.060333333333235,1.661083571463241,1.5895431597296181,48,1.0,1.0,46921
stacked_medium,2.0,q2_a1.5_and,70126,9.666666666666671,8.466666666666754,3.8573333333331705,3.133333333333195,1.554968652265836,1.5174739064943037,48,1.0,1.0,47376
stacked_medium,2.0,q2_a1.5_and,70127,12.933333333333337,10.333333333333371,4.326333333333298,3.487333333333242,1.674982040879681,1.5953088232555583,50,1.0,1.0,48309
stacked_medium,2.0,q2_a1.5_and,70128,11.666666666666629,7.133333333333297,3.9943333333332407,3.0843333333332237,1.6904571695098138,1.6204599023867106,49,1.0,1.0,47602
stacked_medium,2.0,q2_a1.5_and,70129,10.666666666666742,8.13333333333334,4.324333333333222,2.9923333333332285,1.6613419240289824,1.564086227722222,42,1.0,1.0,47812
stacked_medium,2.0,q4_a0.8_or,70100,12.199999999999704,7.933333333333309,4.361333333333209,2.8433333333333013,1.6165999379511187,1.5233007276281578,149,1.0,1.0,49696
stacked_medium,2.0,q4_a0.8_or,70101,11.866666666666447,6.933333333333351,3.8793333333332214,2.5043333333332125,1.6476030012316678,1.4674214854198981,149,1.0,1.0,49089
stacked_medium,2.0,q4_a0.8_or,70102,11.799999999999443,7.333333333333428,3.883333333333269,2.7003333333332766,1.6638950134150081,1.5282028654091573,149,1.0,1.0,49595
stacked_medium,2.0,q4_a0.8_or,70103,10.733333333333917,7.266666666666993,4.113333333333228,2.757333333333211,1.6065854763295873,1.5248898559578217,149,1.0,1.0,49470
stacked_medium,2.0,q4_a0.8_or,70104,9.799999999999969,6.933333333333351,4.140333333333322,2.737333333333278,1.7165005588895743,1.5411440912845304,149,1.0,1.0,49823
stacked_medium,2.0,q4_a0.8_or,70105,10.266666666666524,8.600000000000023,3.840333333333259,2.877333333333228,1.6435148218276654,1.5897167617661767,149,1.0,1.0,50725
stacked_medium,2.0,q4_a0.8_or,70106,8.999999999999432,6.933333333333962,3.4923333333332183,2.5353333333332535,1.53793634551304,1.4452594366391613,149,1.0,1.0,48540
stacked_medium,2.0,q4_a0.8_or,70107,10.799999999999613,9.600000000000009,3.9593333333332508,3.12433333333325,1.7231665728111114,1.545299831107634,149,1.0,1.0,50629
stacked_medium,2.0,q4_a0.8_or,70108,12.333333333333087,7.5333333333334735,4.310333333333213,2.5963333333332366,1.7034436417922008,1.5025502001933035,149,1.0,1.0,49284
stacked_medium,2.0,q4_a0.8_or,70109,9.866666666666617,8.933333333333621,3.859333333333277,2.894333333333284,1.6297984798714484,1.5265288439958684,149,1.0,1.0,49200
stacked_medium,2.0,q4_a0.8_or,70110,10.999999999999773,6.599999999999852,3.639333333333169,2.503333333333243,1.6598405949861044,1.4636950471489123,149,1.0,1.0,49130
stacked_medium,2.0,q4_a0.8_or,70111,12.133333333332757,7.599999999999227,4.098333333333215,2.865333333333244,1.7790959701066351,1.5505319944382594,149,1.0,1.0,49701
stacked_medium,2.0,q4_a0.8_or,70112,9.333333333333314,8.333333333332348,3.9373333333332785,2.7163333333332016,1.657620817341843,1.4855739414928548,149,1.0,1.0,49137
stacked_medium,2.0,q4_a0.8_or,70113,10.133333333332587,7.066666666666947,3.618333333333284,2.7083333333332846,1.654452512961538,1.5265607913298782,149,1.0,1.0,49128
stacked_medium,2.0,q4_a0.8_or,70114,10.933333333333337,6.666666666666771,3.9143333333332375,2.4763333333332236,1.5854330482835937,1.395039583133893,149,1.0,1.0,48744
stacked_medium,2.0,q4_a0.8_or,70115,13.533333333332962,10.466666666665958,4.623333333333162,3.4483333333332307,1.710625097287722,1.6365207514045426,149,1.0,1.0,48832
stacked_medium,2.0,q4_a0.8_or,70116,9.466666666666868,7.93333333333311,3.585333333333241,2.8213333333332504,1.627988350572775,1.5727891973424064,149,1.0,1.0,49462
stacked_medium,2.0,q4_a0.8_or,70117,12.2000000000005,7.7999999999999545,4.297333333333233,2.7253333333332432,1.6566464282635085,1.5293932637017236,149,1.0,1.0,50522
stacked_medium,2.0,q4_a0.8_or,70118,11.400000000000205,7.800000000000182,3.7073333333332483,2.618333333333273,1.603253538577353,1.4381652466182309,149,1.0,1.0,49438
stacked_medium,2.0,q4_a0.8_or,70119,9.199999999999918,7.799999999999784,3.6143333333332293,3.0283333333332583,1.620938412538309,1.5646137151318704,149,1.0,1.0,50111
stacked_medium,2.0,q4_a0.8_or,70120,14.133333333333496,8.133333333333155,4.574333333333217,2.9683333333332644,1.6787577710029111,1.526656835059994,149,1.0,1.0,48940
stacked_medium,2.0,q4_a0.8_or,70121,13.666666666666643,9.600000000000136,4.602333333333266,3.087333333333252,1.7246699597679607,1.534882734144423,149,1.0,1.0,49205
stacked_medium,2.0,q4_a0.8_or,70122,10.666666666666742,7.333333333333371,3.65533333333324,2.6233333333332554,1.64609590629563,1.4632183822151308,149,1.0,1.0,50256
stacked_medium,2.0,q4_a0.8_or,70123,10.333333333333172,8.26666666666668,3.900333333333216,2.926333333333217,1.655189593193545,1.5770628455268414,149,1.0,1.0,49958
stacked_medium,2.0,q4_a0.8_or,70124,10.79999999999967,9.6666666666668,4.0853333333331765,3.168333333333261,1.792683119970304,1.6799279136894134,149,1.0,1.0,48678
stacked_medium,2.0,q4_a0.8_or,70125,10.800000000000004,9.466666666666782,4.013333333333247,3.1453333333332414,1.661083571463241,1.5155954306457202,149,1.0,1.0,49280
stacked_medium,2.0,q4_a0.8_or,70126,9.666666666666671,7.33333333333335,3.8573333333331705,2.742333333333221,1.554968652265836,1.483599890027038,149,1.0,1.0,49417
stacked_medium,2.0,q4_a0.8_or,70127,12.933333333333337,6.866666666667015,4.326333333333298,2.6473333333332585,1.674982040879681,1.5058594336524898,149,1.0,1.0,49329
stacked_medium,2.0,q4_a0.8_or,70128,11.666666666666629,6.7999999999999545,3.9943333333332407,2.651333333333217,1.6904571695098138,1.5361635300076397,149,1.0,1.0,49080
stacked_medium,2.0,q4_a0.8_or,70129,10.666666666666742,8.266666666666623,4.324333333333222,3.1183333333332275,1.6613419240289824,1.6586430084584871,149,1.0,1.0,49294
stacked_medium,2.0,q4_a0.8_and,70100,12.199999999999704,7.933333333333238,4.361333333333209,2.908333333333286,1.6165999379511187,1.5205526820375284,44,1.0,1.0,49009
stacked_medium,2.0,q4_a0.8_and,70101,11.866666666666447,10.13333333333253,3.8793333333332214,3.4813333333332044,1.6476030012316678,1.6261084990426249,32,1.0,1.0,47321
stacked_medium,2.0,q4_a0.8_and,70102,11.799999999999443,10.800000000000004,3.883333333333269,3.2343333333332236,1.6638950134150081,1.6821890378134807,59,1.0,1.0,47977
stacked_medium,2.0,q4_a0.8_and,70103,10.733333333333917,7.06666666666672,4.113333333333228,2.996333333333244,1.6065854763295873,1.5670124594364145,40,1.0,1.0,48243
stacked_medium,2.0,q4_a0.8_and,70104,9.799999999999969,8.666666666666693,4.140333333333322,2.8473333333333,1.7165005588895743,1.500544317196588,62,1.0,1.0,48385
stacked_medium,2.0,q4_a0.8_and,70105,10.266666666666524,8.66666666666653,3.840333333333259,3.246333333333213,1.6435148218276654,1.5889642726472895,40,1.0,1.0,49226
stacked_medium,2.0,q4_a0.8_and,70106,8.999999999999432,9.33333333333335,3.4923333333332183,3.2403333333332536,1.53793634551304,1.48240299013095,46,1.0,1.0,48158
stacked_medium,2.0,q4_a0.8_and,70107,10.799999999999613,9.59999999999917,3.9593333333332508,3.4743333333332695,1.7231665728111114,1.6448406243389642,49,0.9411764705882353,1.0,49095
stacked_medium,2.0,q4_a0.8_and,70108,12.333333333333087,10.666666666665947,4.310333333333213,3.342333333333209,1.7034436417922008,1.5435099869377558,40,1.0,1.0,48546
stacked_medium,2.0,q4_a0.8_and,70109,9.866666666666617,10.533333333332735,3.859333333333277,3.3193333333333026,1.6297984798714484,1.5871782302196604,28,0.9411764705882353,1.0,48099
stacked_medium,2.0,q4_a0.8_and,70110,10.999999999999773,9.133333333333383,3.639333333333169,3.3443333333331857,1.6598405949861044,1.5915843489264239,48,1.0,1.0,47794
stacked_medium,2.0,q4_a0.8_and,70111,12.133333333332757,10.466666666666654,4.098333333333215,3.5323333333332436,1.7790959701066351,1.6168966042471342,38,0.9411764705882353,1.0,48539
stacked_medium,2.0,q4_a0.8_and,70112,9.333333333333314,9.000000000000455,3.9373333333332785,3.5863333333332075,1.657620817341843,1.6619997874922554,51,1.0,1.0,47749
stacked_medium,2.0,q4_a0.8_and,70113,10.133333333332587,10.13333333333344,3.618333333333284,3.5143333333332527,1.654452512961538,1.6704937253679844,45,1.0,1.0,48603
stacked_medium,2.0,q4_a0.8_and,70114,10.933333333333337,9.46666666666647,3.9143333333332375,3.1013333333332236,1.5854330482835937,1.531845623372736,42,0.9411764705882353,1.0,47766
stacked_medium,2.0,q4_a0.8_and,70115,13.533333333332962,11.466666666666896,4.623333333333162,3.593333333333195,1.710625097287722,1.6391746815632318,48,0.9411764705882353,1.0,48359
stacked_medium,2.0,q4_a0.8_and,70116,9.466666666666868,11.46666666666669,3.585333333333241,3.8613333333332007,1.627988350572775,1.6411707435612388,48,1.0,1.0,49088
stacked_medium,2.0,q4_a0.8_and,70117,12.2000000000005,10.3333333333333,4.297333333333233,3.3753333333331716,1.6566464282635085,1.61422645108145,49,0.8823529411764706,1.0,48892
stacked_medium,2.0,q4_a0.8_and,70118,11.400000000000205,9.600000000000108,3.7073333333332483,3.3883333333332546,1.603253538577353,1.537780913276,49,1.0,1.0,48455
stacked_medium,2.0,q4_a0.8_and,70119,9.199999999999918,8.999999999999318,3.6143333333332293,3.3443333333333043,1.620938412538309,1.6513903212475296,37,1.0,1.0,49001
stacked_medium,2.0,q4_a0.8_and,70120,14.133333333333496,6.933333333333394,4.574333333333217,2.8183333333331837,1.6787577710029111,1.4980475386384844,34,0.9411764705882353,1.0,48438
stacked_medium,2.0,q4_a0.8_and,70121,13.666666666666643,9.73333333333295,4.602333333333266,3.3673333333332245,1.7246699597679607,1.6053698178063387,46,0.9411764705882353,1.0,47070
stacked_medium,2.0,q4_a0.8_and,70122,10.666666666666742,8.066666666666038,3.65533333333324,2.6583333333331995,1.64609590629563,1.4698125550670886,42,0.9411764705882353,1.0,49022
stacked_medium,2.0,q4_a0.8_and,70123,10.333333333333172,8.333333333333314,3.900333333333216,2.8683333333331404,1.655189593193545,1.5344250832775932,34,1.0,1.0,48817
stacked_medium,2.0,q4_a0.8_and,70124,10.79999999999967,9.200000000000244,4.0853333333331765,3.3663333333332224,1.792683119970304,1.619703066375917,41,0.9411764705882353,1.0,47807
stacked_medium,2.0,q4_a0.8_and,70125,10.800000000000004,7.333333333333371,4.013333333333247,3.0403333333331806,1.661083571463241,1.487553860936914,33,0.9411764705882353,1.0,46737
stacked_medium,2.0,q4_a0.8_and,70126,9.666666666666671,9.33333333333335,3.8573333333331705,3.474333333333249,1.554968652265836,1.591068124265384,51,0.9411764705882353,1.0,47756
stacked_medium,2.0,q4_a0.8_and,70127,12.933333333333337,8.533333333332507,4.326333333333298,3.0373333333332404,1.674982040879681,1.4921837188784468,51,1.0,1.0,48393
stacked_medium,2.0,q4_a0.8_and,70128,11.666666666666629,9.399999999999636,3.9943333333332407,3.212333333333209,1.6904571695098138,1.5955381345561137,29,1.0,1.0,48166
stacked_medium,2.0,q4_a0.8_and,70129,10.666666666666742,9.533333333333132,4.324333333333222,3.3063333333332223,1.6613419240289824,1.5925598335064066,40,1.0,1.0,48308
stacked_medium,2.0,q4_a1.5_or,70100,12.199999999999704,7.933333333333238,4.361333333333209,2.908333333333286,1.6165999379511187,1.5205526820375284,100,1.0,1.0,49009
stacked_medium,2.0,q4_a1.5_or,70101,11.866666666666447,10.333333333332575,3.8793333333332214,3.1913333333332288,1.6476030012316678,1.5434094434894228,101,1.0,1.0,47658
stacked_medium,2.0,q4_a1.5_or,70102,11.799999999999443,10.800000000000004,3.883333333333269,3.2343333333332236,1.6638950134150081,1.6821890378134807,102,1.0,1.0,47977
stacked_medium,2.0,q4_a1.5_or,70103,10.733333333333917,7.06666666666672,4.113333333333228,2.996333333333244,1.6065854763295873,1.5670124594364145,100,1.0,1.0,48243
stacked_medium,2.0,q4_a1.5_or,70104,9.799999999999969,8.666666666666693,4.140333333333322,2.8473333333333,1.7165005588895743,1.500544317196588,109,1.0,1.0,48385
stacked_medium,2.0,q4_a1.5_or,70105,10.266666666666524,8.66666666666653,3.840333333333259,3.246333333333213,1.6435148218276654,1.5889642726472895,99,1.0,1.0,49226
stacked_medium,2.0,q4_a1.5_or,70106,8.999999999999432,9.33333333333335,3.4923333333332183,3.2403333333332536,1.53793634551304,1.48240299013095,97,1.0,1.0,48158
stacked_medium,2.0,q4_a1.5_or,70107,10.799999999999613,9.133333333333312,3.9593333333332508,3.3253333333332638,1.7231665728111114,1.6226174246299134,102,1.0,1.0,48634
stacked_medium,2.0,q4_a1.5_or,70108,12.333333333333087,10.20000000000016,4.310333333333213,3.192333333333229,1.7034436417922008,1.4992480293631758,99,1.0,1.0,48425
stacked_medium,2.0,q4_a1.5_or,70109,9.866666666666617,9.333333333333336,3.859333333333277,3.389333333333335,1.6297984798714484,1.6315705246223653,100,1.0,1.0,48102
stacked_medium,2.0,q4_a1.5_or,70110,10.999999999999773,9.133333333333383,3.639333333333169,3.3443333333331857,1.6598405949861044,1.5915843489264239,101,1.0,1.0,47794
stacked_medium,2.0,q4_a1.5_or,70111,12.133333333332757,10.466666666666654,4.098333333333215,3.5293333333332386,1.7790959701066351,1.6137966560471861,99,1.0,1.0,48595
stacked_medium,2.0,q4_a1.5_or,70112,9.333333333333314,9.466666666666782,3.9373333333332785,3.4763333333331845,1.657620817341843,1.6601927650736426,96,1.0,1.0,47696
stacked_medium,2.0,q4_a1.5_or,70113,10.133333333332587,10.13333333333344,3.618333333333284,3.5143333333332527,1.654452512961538,1.6704937253679844,103,1.0,1.0,48603
stacked_medium,2.0,q4_a1.5_or,70114,10.933333333333337,9.933333333333294,3.9143333333332375,3.3513333333332516,1.5854330482835937,1.5546793504724408,95,1.0,1.0,46459
stacked_medium,2.0,q4_a1.5_or,70115,13.533333333332962,11.133333333333326,4.623333333333162,3.6583333333331707,1.710625097287722,1.6043889596611047,100,1.0,1.0,48100
stacked_medium,2.0,q4_a1.5_or,70116,9.466666666666868,11.46666666666669,3.585333333333241,3.8613333333332007,1.627988350572775,1.6411707435612388,99,1.0,1.0,49088
stacked_medium,2.0,q4_a1.5_or,70117,12.2000000000005,9.599999999999227,4.297333333333233,3.3233333333331814,1.6566464282635085,1.6025873581324412,103,1.0,1.0,48689
stacked_medium,2.0,q4_a1.5_or,70118,11.400000000000205,9.600000000000108,3.7073333333332483,3.3883333333332546,1.603253538577353,1.537780913276,105,1.0,1.0,48455
stacked_medium,2.0,q4_a1.5_or,70119,9.199999999999918,8.999999999999318,3.6143333333332293,3.3443333333333043,1.620938412538309,1.6513903212475296,102,1.0,1.0,49001
stacked_medium,2.0,q4_a1.5_or,70120,14.133333333333496,6.733333333333547,4.574333333333217,2.7543333333332236,1.6787577710029111,1.498938487604288,96,1.0,1.0,47356
stacked_medium,2.0,q4_a1.5_or,70121,13.666666666666643,9.73333333333295,4.602333333333266,3.3443333333332244,1.7246699597679607,1.6024739844730052,104,1.0,1.0,47150
stacked_medium,2.0,q4_a1.5_or,70122,10.666666666666742,7.399999999999693,3.65533333333324,2.8153333333332364,1.64609590629563,1.4987185305771549,98,1.0,1.0,48644
stacked_medium,2.0,q4_a1.5_or,70123,10.333333333333172,9.799999999999898,3.900333333333216,3.497333333333232,1.655189593193545,1.608749954062544,102,1.0,1.0,48526
stacked_medium,2.0,q4_a1.5_or,70124,10.79999999999967,9.999999999999261,4.0853333333331765,3.3803333333332466,1.792683119970304,1.6496701242305079,101,1.0,1.0,47655
stacked_medium,2.0,q4_a1.5_or,70125,10.800000000000004,9.399999999999295,4.013333333333247,3.2283333333331785,1.661083571463241,1.5184304374732205,99,1.0,1.0,47382
stacked_medium,2.0,q4_a1.5_or,70126,9.666666666666671,9.266666666666765,3.8573333333331705,3.2173333333332024,1.554968652265836,1.5271536467570106,96,1.0,1.0,48564
stacked_medium,2.0,q4_a1.5_or,70127,12.933333333333337,8.533333333332507,4.326333333333298,3.0373333333332404,1.674982040879681,1.4921837188784468,105,1.0,1.0,48393
stacked_medium,2.0,q4_a1.5_or,70128,11.666666666666629,9.733333333333249,3.9943333333332407,3.4093333333332514,1.6904571695098138,1.5766325700128798,100,1.0,1.0,48424
stacked_medium,2.0,q4_a1.5_or,70129,10.666666666666742,8.733333333333576,4.324333333333222,3.0273333333332046,1.6613419240289824,1.5682750123742517,102,1.0,1.0,47572
stacked_medium,2.0,q4_a1.5_and,70100,12.199999999999704,9.0,4.361333333333209,3.1093333333331925,1.6165999379511187,1.528883735321956,31,1.0,1.0,48168
stacked_medium,2.0,q4_a1.5_and,70101,11.866666666666447,7.6666666666670835,3.8793333333332214,3.0243333333332263,1.6476030012316678,1.4983613353415695,20,0.8823529411764706,1.0,47678
stacked_medium,2.0,q4_a1.5_and,70102,11.799999999999443,7.666666666666572,3.883333333333269,2.8943333333332792,1.6638950134150081,1.5875395032570585,24,1.0,1.0,48740
stacked_medium,2.0,q4_a1.5_and,70103,10.733333333333917,7.999999999999602,4.113333333333228,3.138333333333249,1.6065854763295873,1.581315607110177,30,1.0,1.0,48567
stacked_medium,2.0,q4_a1.5_and,70104,9.799999999999969,8.133333333333468,4.140333333333322,2.946333333333279,1.7165005588895743,1.513068921368099,24,0.8823529411764706,1.0,48522
stacked_medium,2.0,q4_a1.5_and,70105,10.266666666666524,8.199999999999704,3.840333333333259,3.0773333333331796,1.6435148218276654,1.5606617921291548,21,0.9411764705882353,1.0,47854
stacked_medium,2.0,q4_a1.5_and,70106,8.999999999999432,7.266666666666673,3.4923333333332183,2.7133333333332574,1.53793634551304,1.4461256597264298,22,0.9411764705882353,1.0,48174
stacked_medium,2.0,q4_a1.5_and,70107,10.799999999999613,8.066666666666322,3.9593333333332508,3.232333333333257,1.7231665728111114,1.63281911648036,25,0.9411764705882353,1.0,47940
stacked_medium,2.0,q4_a1.5_and,70108,12.333333333333087,9.666666666666679,4.310333333333213,3.0653333333332204,1.7034436417922008,1.6266336130054757,22,0.8823529411764706,1.0,47799
stacked_medium,2.0,q4_a1.5_and,70109,9.866666666666617,7.666666666666657,3.859333333333277,2.913333333333272,1.6297984798714484,1.5106549563160498,25,0.9411764705882353,1.0,47640
stacked_medium,2.0,q4_a1.5_and,70110,10.999999999999773,7.800000000000097,3.639333333333169,2.9003333333332533,1.6598405949861044,1.5495170789962633,22,0.9411764705882353,1.0,48001
stacked_medium,2.0,q4_a1.5_and,70111,12.133333333332757,9.733333333333462,4.098333333333215,3.2173333333332312,1.7790959701066351,1.6207999751062048,25,1.0,1.0,48572
stacked_medium,2.0,q4_a1.5_and,70112,9.333333333333314,8.000000000000014,3.9373333333332785,2.8533333333332296,1.657620817341843,1.5865793826578782,23,0.8823529411764706,1.0,48031
stacked_medium,2.0,q4_a1.5_and,70113,10.133333333332587,9.666666666666742,3.618333333333284,3.188333333333239,1.654452512961538,1.6403014972960361,22,0.8823529411764706,1.0,47344
stacked_medium,2.0,q4_a1.5_and,70114,10.933333333333337,8.533333333333644,3.9143333333332375,3.2433333333331977,1.5854330482835937,1.5711386585850802,25,0.9411764705882353,1.0,47317
stacked_medium,2.0,q4_a1.5_and,70115,13.533333333332962,11.066666666667345,4.623333333333162,3.55633333333321,1.710625097287722,1.676365897786202,28,0.9411764705882353,1.0,47583
stacked_medium,2.0,q4_a1.5_and,70116,9.466666666666868,8.666666666666742,3.585333333333241,3.3083333333332585,1.627988350572775,1.5883816585657706,24,0.9411764705882353,1.0,49259
stacked_medium,2.0,q4_a1.5_and,70117,12.2000000000005,9.600000000000165,4.297333333333233,3.196333333333222,1.6566464282635085,1.5522298469679263,29,1.0,1.0,48102
stacked_medium,2.0,q4_a1.5_and,70118,11.400000000000205,9.266666666666879,3.7073333333332483,2.9803333333332893,1.603253538577353,1.5250183154248225,20,0.8823529411764706,1.0,48040
stacked_medium,2.0,q4_a1.5_and,70119,9.199999999999918,7.866666666666674,3.6143333333332293,2.955333333333255,1.620938412538309,1.4917357007336287,24,0.9411764705882353,1.0,48970
stacked_medium,2.0,q4_a1.5_and,70120,14.133333333333496,8.266666666666367,4.574333333333217,2.968333333333256,1.6787577710029111,1.5016279579410676,27,1.0,1.0,47613
stacked_medium,2.0,q4_a1.5_and,70121,13.666666666666643,9.79999999999967,4.602333333333266,3.316333333333299,1.7246699597679607,1.6247938927165868,23,0.9411764705882353,1.0,47819
stacked_medium,2.0,q4_a1.5_and,70122,10.666666666666742,7.733333333333405,3.65533333333324,2.9793333333331953,1.64609590629563,1.5630950237575514,24,0.9411764705882353,1.0,47638
stacked_medium,2.0,q4_a1.5_and,70123,10.333333333333172,8.533333333332735,3.900333333333216,3.0483333333332046,1.655189593193545,1.593742757142596,26,0.9411764705882353,1.0,48193
stacked_medium,2.0,q4_a1.5_and,70124,10.79999999999967,8.533333333333317,4.0853333333331765,3.1403333333332837,1.792683119970304,1.5575982261177668,27,0.9411764705882353,1.0,47757
stacked_medium,2.0,q4_a1.5_and,70125,10.800000000000004,9.399999999999181,4.013333333333247,3.060333333333235,1.661083571463241,1.5895431597296181,26,1.0,1.0,46921
stacked_medium,2.0,q4_a1.5_and,70126,9.666666666666671,8.600000000000136,3.8573333333331705,3.2503333333332396,1.554968652265836,1.5300008345133551,17,0.7058823529411765,1.0,47538
stacked_medium,2.0,q4_a1.5_and,70127,12.933333333333337,8.266666666666609,4.326333333333298,3.2103333333332444,1.674982040879681,1.587114365970394,22,0.9411764705882353,1.0,47547
stacked_medium,2.0,q4_a1.5_and,70128,11.666666666666629,8.733333333332894,3.9943333333332407,3.2143333333332107,1.6904571695098138,1.60471031402189,29,0.9411764705882353,1.0,47819
stacked_medium,2.0,q4_a1.5_and,70129,10.666666666666742,9.999999999999915,4.324333333333222,3.2963333333332576,1.6613419240289824,1.5919917600784657,23,0.9411764705882353,1.0,48120
stacked_medium,2.0,q8_a0.8_or,70100,12.199999999999704,7.933333333333309,4.361333333333209,2.8433333333333013,1.6165999379511187,1.5233007276281578,149,1.0,1.0,49696
stacked_medium,2.0,q8_a0.8_or,70101,11.866666666666447,6.933333333333351,3.8793333333332214,2.5043333333332125,1.6476030012316678,1.4674214854198981,149,1.0,1.0,49089
stacked_medium,2.0,q8_a0.8_or,70102,11.799999999999443,7.333333333333428,3.883333333333269,2.7003333333332766,1.6638950134150081,1.5282028654091573,149,1.0,1.0,49595
stacked_medium,2.0,q8_a0.8_or,70103,10.733333333333917,7.266666666666993,4.113333333333228,2.757333333333211,1.6065854763295873,1.5248898559578217,149,1.0,1.0,49470
stacked_medium,2.0,q8_a0.8_or,70104,9.799999999999969,6.933333333333351,4.140333333333322,2.737333333333278,1.7165005588895743,1.5411440912845304,149,1.0,1.0,49823
stacked_medium,2.0,q8_a0.8_or,70105,10.266666666666524,8.600000000000023,3.840333333333259,2.877333333333228,1.6435148218276654,1.5897167617661767,149,1.0,1.0,50725
stacked_medium,2.0,q8_a0.8_or,70106,8.999999999999432,6.933333333333962,3.4923333333332183,2.5353333333332535,1.53793634551304,1.4452594366391613,149,1.0,1.0,48540
stacked_medium,2.0,q8_a0.8_or,70107,10.799999999999613,9.600000000000009,3.9593333333332508,3.12433333333325,1.7231665728111114,1.545299831107634,149,1.0,1.0,50629
stacked_medium,2.0,q8_a0.8_or,70108,12.333333333333087,7.5333333333334735,4.310333333333213,2.5963333333332366,1.7034436417922008,1.5025502001933035,149,1.0,1.0,49284
stacked_medium,2.0,q8_a0.8_or,70109,9.866666666666617,8.933333333333621,3.859333333333277,2.894333333333284,1.6297984798714484,1.5265288439958684,149,1.0,1.0,49200
stacked_medium,2.0,q8_a0.8_or,70110,10.999999999999773,6.599999999999852,3.639333333333169,2.503333333333243,1.6598405949861044,1.4636950471489123,149,1.0,1.0,49130
stacked_medium,2.0,q8_a0.8_or,70111,12.133333333332757,7.599999999999227,4.098333333333215,2.865333333333244,1.7790959701066351,1.5505319944382594,149,1.0,1.0,49701
stacked_medium,2.0,q8_a0.8_or,70112,9.333333333333314,8.333333333332348,3.9373333333332785,2.7163333333332016,1.657620817341843,1.4855739414928548,149,1.0,1.0,49137
stacked_medium,2.0,q8_a0.8_or,70113,10.133333333332587,7.066666666666947,3.618333333333284,2.7083333333332846,1.654452512961538,1.5265607913298782,149,1.0,1.0,49128
stacked_medium,2.0,q8_a0.8_or,70114,10.933333333333337,6.666666666666771,3.9143333333332375,2.4763333333332236,1.5854330482835937,1.395039583133893,149,1.0,1.0,48744
stacked_medium,2.0,q8_a0.8_or,70115,13.533333333332962,10.466666666665958,4.623333333333162,3.4483333333332307,1.710625097287722,1.6365207514045426,149,1.0,1.0,48832
stacked_medium,2.0,q8_a0.8_or,70116,9.466666666666868,7.93333333333311,3.585333333333241,2.8213333333332504,1.627988350572775,1.5727891973424064,149,1.0,1.0,49462
stacked_medium,2.0,q8_a0.8_or,70117,12.2000000000005,7.7999999999999545,4.297333333333233,2.7253333333332432,1.6566464282635085,1.5293932637017236,149,1.0,1.0,50522
stacked_medium,2.0,q8_a0.8_or,70118,11.400000000000205,7.800000000000182,3.7073333333332483,2.618333333333273,1.603253538577353,1.4381652466182309,149,1.0,1.0,49438
stacked_medium,2.0,q8_a0.8_or,70119,9.199999999999918,7.799999999999784,3.6143333333332293,3.0283333333332583,1.620938412538309,1.5646137151318704,149,1.0,1.0,50111
stacked_medium,2.0,q8_a0.8_or,70120,14.133333333333496,8.133333333333155,4.574333333333217,2.9683333333332644,1.6787577710029111,1.526656835059994,149,1.0,1.0,48940
stacked_medium,2.0,q8_a0.8_or,70121,13.666666666666643,9.600000000000136,4.602333333333266,3.087333333333252,1.7246699597679607,1.534882734144423,149,1.0,1.0,49205
stacked_medium,2.0,q8_a0.8_or,70122,10.666666666666742,7.333333333333371,3.65533333333324,2.6233333333332554,1.64609590629563,1.4632183822151308,149,1.0,1.0,50256
stacked_medium,2.0,q8_a0.8_or,70123,10.333333333333172,8.26666666666668,3.900333333333216,2.926333333333217,1.655189593193545,1.5770628455268414,149,1.0,1.0,49958
stacked_medium,2.0,q8_a0.8_or,70124,10.79999999999967,9.6666666666668,4.0853333333331765,3.168333333333261,1.792683119970304,1.6799279136894134,149,1.0,1.0,48678
stacked_medium,2.0,q8_a0.8_or,70125,10.800000000000004,9.466666666666782,4.013333333333247,3.1453333333332414,1.661083571463241,1.5155954306457202,149,1.0,1.0,49280
stacked_medium,2.0,q8_a0.8_or,70126,9.666666666666671,7.33333333333335,3.8573333333331705,2.742333333333221,1.554968652265836,1.483599890027038,149,1.0,1.0,49417
stacked_medium,2.0,q8_a0.8_or,70127,12.933333333333337,6.866666666667015,4.326333333333298,2.6473333333332585,1.674982040879681,1.5058594336524898,149,1.0,1.0,49329
stacked_medium,2.0,q8_a0.8_or,70128,11.666666666666629,6.7999999999999545,3.9943333333332407,2.651333333333217,1.6904571695098138,1.5361635300076397,149,1.0,1.0,49080
stacked_medium,2.0,q8_a0.8_or,70129,10.666666666666742,8.266666666666623,4.324333333333222,3.1183333333332275,1.6613419240289824,1.6586430084584871,149,1.0,1.0,49294
stacked_medium,2.0,q8_a0.8_and,70100,12.199999999999704,11.066666666666492,4.361333333333209,3.9023333333331847,1.6165999379511187,1.5756019713432903,1,0.058823529411764705,1.0,46805
stacked_medium,2.0,q8_a0.8_and,70101,11.866666666666447,11.866666666666447,3.8793333333332214,3.8793333333332214,1.6476030012316678,1.6476030012316678,0,0.0,,47284
stacked_medium,2.0,q8_a0.8_and,70102,11.799999999999443,11.799999999999443,3.883333333333269,3.883333333333269,1.6638950134150081,1.6638950134150081,0,0.0,,48069
stacked_medium,2.0,q8_a0.8_and,70103,10.733333333333917,10.733333333333917,4.113333333333228,4.113333333333228,1.6065854763295873,1.6065854763295873,0,0.0,,47385
stacked_medium,2.0,q8_a0.8_and,70104,9.799999999999969,9.799999999999969,4.140333333333322,4.140333333333322,1.7165005588895743,1.7165005588895743,0,0.0,,46759
stacked_medium,2.0,q8_a0.8_and,70105,10.266666666666524,10.800000000000097,3.840333333333259,4.117333333333263,1.6435148218276654,1.7019598050201237,1,0.058823529411764705,1.0,48171
stacked_medium,2.0,q8_a0.8_and,70106,8.999999999999432,9.466666666665901,3.4923333333332183,3.5253333333332675,1.53793634551304,1.547252914721887,2,0.11764705882352941,1.0,46710
stacked_medium,2.0,q8_a0.8_and,70107,10.799999999999613,10.799999999999613,3.9593333333332508,3.9593333333332508,1.7231665728111114,1.7231665728111114,0,0.0,,47629
stacked_medium,2.0,q8_a0.8_and,70108,12.333333333333087,12.933333333333394,4.310333333333213,4.405333333333247,1.7034436417922008,1.7213608672465097,1,0.058823529411764705,1.0,46464
stacked_medium,2.0,q8_a0.8_and,70109,9.866666666666617,10.666666666666586,3.859333333333277,3.907333333333248,1.6297984798714484,1.6010595561941605,1,0.058823529411764705,1.0,46955
stacked_medium,2.0,q8_a0.8_and,70110,10.999999999999773,10.999999999999773,3.639333333333169,3.639333333333169,1.6598405949861044,1.6598405949861044,0,0.0,,46026
stacked_medium,2.0,q8_a0.8_and,70111,12.133333333332757,12.133333333332757,4.098333333333215,3.9613333333332204,1.7790959701066351,1.7439478752755897,1,0.058823529411764705,1.0,46870
stacked_medium,2.0,q8_a0.8_and,70112,9.333333333333314,9.999999999999432,3.9373333333332785,3.975333333333258,1.657620817341843,1.6573585970477063,2,0.11764705882352941,1.0,46693
stacked_medium,2.0,q8_a0.8_and,70113,10.133333333332587,10.133333333332587,3.618333333333284,3.618333333333284,1.654452512961538,1.654452512961538,0,0.0,,46270
stacked_medium,2.0,q8_a0.8_and,70114,10.933333333333337,10.933333333333337,3.9143333333332375,3.9143333333332375,1.5854330482835937,1.5854330482835937,0,0.0,,46695
stacked_medium,2.0,q8_a0.8_and,70115,13.533333333332962,13.533333333332962,4.623333333333162,4.623333333333162,1.710625097287722,1.710625097287722,0,0.0,,46293
stacked_medium,2.0,q8_a0.8_and,70116,9.466666666666868,11.333333333333272,3.585333333333241,4.122333333333199,1.627988350572775,1.698889480567951,2,0.11764705882352941,1.0,46305
stacked_medium,2.0,q8_a0.8_and,70117,12.2000000000005,12.2000000000005,4.297333333333233,4.297333333333233,1.6566464282635085,1.6566464282635085,0,0.0,,47882
stacked_medium,2.0,q8_a0.8_and,70118,11.400000000000205,11.400000000000205,3.7073333333332483,3.7073333333332483,1.603253538577353,1.603253538577353,0,0.0,,46784
stacked_medium,2.0,q8_a0.8_and,70119,9.199999999999918,9.26666666666722,3.6143333333332293,3.6973333333332694,1.620938412538309,1.6762987513568879,1,0.058823529411764705,1.0,48551
stacked_medium,2.0,q8_a0.8_and,70120,14.133333333333496,14.133333333333496,4.574333333333217,4.574333333333217,1.6787577710029111,1.6787577710029111,0,0.0,,46956
stacked_medium,2.0,q8_a0.8_and,70121,13.666666666666643,13.666666666666643,4.602333333333266,4.602333333333266,1.7246699597679607,1.7246699597679607,0,0.0,,47056
stacked_medium,2.0,q8_a0.8_and,70122,10.666666666666742,10.666666666666742,3.65533333333324,3.65533333333324,1.64609590629563,1.64609590629563,0,0.0,,46696
stacked_medium,2.0,q8_a0.8_and,70123,10.333333333333172,11.333333333333371,3.900333333333216,3.6153333333332025,1.655189593193545,1.6913576037856362,1,0.058823529411764705,1.0,47467
stacked_medium,2.0,q8_a0.8_and,70124,10.79999999999967,10.79999999999967,4.0853333333331765,4.0853333333331765,1.792683119970304,1.792683119970304,0,0.0,,47179
stacked_medium,2.0,q8_a0.8_and,70125,10.800000000000004,10.800000000000004,4.013333333333247,4.013333333333247,1.661083571463241,1.661083571463241,0,0.0,,46756
stacked_medium,2.0,q8_a0.8_and,70126,9.666666666666671,8.733333333333348,3.8573333333331705,3.634333333333191,1.554968652265836,1.5600824480659239,1,0.058823529411764705,1.0,46591
stacked_medium,2.0,q8_a0.8_and,70127,12.933333333333337,11.599999999999909,4.326333333333298,4.201333333333309,1.674982040879681,1.640496250205652,1,0.058823529411764705,1.0,46697
stacked_medium,2.0,q8_a0.8_and,70128,11.666666666666629,11.666666666666629,3.9943333333332407,3.9943333333332407,1.6904571695098138,1.6904571695098138,0,0.0,,47057
stacked_medium,2.0,q8_a0.8_and,70129,10.666666666666742,10.666666666666742,4.324333333333222,4.324333333333222,1.6613419240289824,1.6613419240289824,0,0.0,,47046
stacked_medium,2.0,q8_a1.5_or,70100,12.199999999999704,6.866666666666617,4.361333333333209,2.8083333333332154,1.6165999379511187,1.5365375354812993,81,1.0,1.0,48324
stacked_medium,2.0,q8_a1.5_or,70101,11.866666666666447,8.466666666666129,3.8793333333332214,2.9473333333332112,1.6476030012316678,1.4950891787278788,81,1.0,1.0,48054
stacked_medium,2.0,q8_a1.5_or,70102,11.799999999999443,6.999999999999943,3.883333333333269,2.7433333333332466,1.6638950134150081,1.550961872463486,81,1.0,1.0,49185
stacked_medium,2.0,q8_a1.5_or,70103,10.733333333333917,7.999999999999602,4.113333333333228,2.9773333333332817,1.6065854763295873,1.5621113951831436,81,1.0,1.0,48608
stacked_medium,2.0,q8_a1.5_or,70104,9.799999999999969,8.133333333333468,4.140333333333322,2.9583333333332864,1.7165005588895743,1.5119082070823853,81,1.0,1.0,48585
stacked_medium,2.0,q8_a1.5_or,70105,10.266666666666524,10.599999999999966,3.840333333333259,3.3693333333332025,1.6435148218276654,1.6008224113798446,81,1.0,1.0,48444
stacked_medium,2.0,q8_a1.5_or,70106,8.999999999999432,7.266666666666083,3.4923333333332183,2.7293333333332193,1.53793634551304,1.469018010428245,81,1.0,1.0,47734
stacked_medium,2.0,q8_a1.5_or,70107,10.799999999999613,8.666666666666714,3.9593333333332508,3.1513333333332785,1.7231665728111114,1.6367738547972106,81,1.0,1.0,49018
stacked_medium,2.0,q8_a1.5_or,70108,12.333333333333087,8.266666666666538,4.310333333333213,2.920333333333287,1.7034436417922008,1.557342167609726,81,1.0,1.0,48333
stacked_medium,2.0,q8_a1.5_or,70109,9.866666666666617,9.06666666666672,3.859333333333277,3.20633333333329,1.6297984798714484,1.6650456665310458,81,1.0,1.0,47045
stacked_medium,2.0,q8_a1.5_or,70110,10.999999999999773,8.000000000000007,3.639333333333169,3.1563333333332575,1.6598405949861044,1.5821481762192633,81,1.0,1.0,47690
stacked_medium,2.0,q8_a1.5_or,70111,12.133333333332757,9.799999999999997,4.098333333333215,3.2373333333332317,1.7790959701066351,1.6645735931985206,81,1.0,1.0,48841
stacked_medium,2.0,q8_a1.5_or,70112,9.333333333333314,8.133333333333333,3.9373333333332785,2.849333333333196,1.657620817341843,1.5540970648987982,81,1.0,1.0,47738
stacked_medium,2.0,q8_a1.5_or,70113,10.133333333332587,9.933333333333053,3.618333333333284,3.3023333333332583,1.654452512961538,1.6290158227921168,81,1.0,1.0,46664
stacked_medium,2.0,q8_a1.5_or,70114,10.933333333333337,7.866666666666333,3.9143333333332375,3.2073333333332488,1.5854330482835937,1.5369788858001883,81,1.0,1.0,47691
stacked_medium,2.0,q8_a1.5_or,70115,13.533333333332962,9.999999999999915,4.623333333333162,3.179333333333164,1.710625097287722,1.6072048486231825,81,1.0,1.0,48104
stacked_medium,2.0,q8_a1.5_or,70116,9.466666666666868,7.1333333333337805,3.585333333333241,2.9303333333332575,1.627988350572775,1.5247483449738324,81,1.0,1.0,48381
stacked_medium,2.0,q8_a1.5_or,70117,12.2000000000005,9.600000000000165,4.297333333333233,3.196333333333222,1.6566464282635085,1.5522298469679263,81,1.0,1.0,48102
stacked_medium,2.0,q8_a1.5_or,70118,11.400000000000205,8.466666666666413,3.7073333333332483,2.7903333333332796,1.603253538577353,1.5084416266306357,81,1.0,1.0,47468
stacked_medium,2.0,q8_a1.5_or,70119,9.199999999999918,8.133333333333667,3.6143333333332293,2.9413333333332634,1.620938412538309,1.5145204023866006,81,1.0,1.0,48257
stacked_medium,2.0,q8_a1.5_or,70120,14.133333333333496,9.133333333333255,4.574333333333217,3.4903333333332927,1.6787577710029111,1.5616650546308946,81,1.0,1.0,48802
stacked_medium,2.0,q8_a1.5_or,70121,13.666666666666643,8.133333333333468,4.602333333333266,2.978333333333224,1.7246699597679607,1.576630677637418,81,1.0,1.0,47641
stacked_medium,2.0,q8_a1.5_or,70122,10.666666666666742,7.733333333333405,3.65533333333324,2.9523333333332165,1.64609590629563,1.549864303036834,81,1.0,1.0,47138
stacked_medium,2.0,q8_a1.5_or,70123,10.333333333333172,8.133333333332075,3.900333333333216,2.968333333333186,1.655189593193545,1.5609159520815725,81,1.0,1.0,48570
stacked_medium,2.0,q8_a1.5_or,70124,10.79999999999967,8.533333333333317,4.0853333333331765,3.1053333333333173,1.792683119970304,1.5600236201261464,81,1.0,1.0,47760
stacked_medium,2.0,q8_a1.5_or,70125,10.800000000000004,9.399999999999181,4.013333333333247,3.060333333333235,1.661083571463241,1.5895431597296181,81,1.0,1.0,46921
stacked_medium,2.0,q8_a1.5_or,70126,9.666666666666671,8.466666666666754,3.8573333333331705,3.133333333333195,1.554968652265836,1.5174739064943037,81,1.0,1.0,47376
stacked_medium,2.0,q8_a1.5_or,70127,12.933333333333337,10.333333333333371,4.326333333333298,3.487333333333242,1.674982040879681,1.5953088232555583,81,1.0,1.0,48309
stacked_medium,2.0,q8_a1.5_or,70128,11.666666666666629,7.133333333333297,3.9943333333332407,3.0843333333332237,1.6904571695098138,1.6204599023867106,81,1.0,1.0,47602
stacked_medium,2.0,q8_a1.5_or,70129,10.666666666666742,8.13333333333334,4.324333333333222,2.9923333333332285,1.6613419240289824,1.564086227722222,81,1.0,1.0,47812
stacked_medium,2.0,q8_a1.5_and,70100,12.199999999999704,11.066666666666492,4.361333333333209,3.9023333333331847,1.6165999379511187,1.5756019713432903,1,0.058823529411764705,1.0,46805
stacked_medium,2.0,q8_a1.5_and,70101,11.866666666666447,11.866666666666447,3.8793333333332214,3.8793333333332214,1.6476030012316678,1.6476030012316678,0,0.0,,47284
stacked_medium,2.0,q8_a1.5_and,70102,11.799999999999443,11.799999999999443,3.883333333333269,3.883333333333269,1.6638950134150081,1.6638950134150081,0,0.0,,48069
stacked_medium,2.0,q8_a1.5_and,70103,10.733333333333917,10.733333333333917,4.113333333333228,4.113333333333228,1.6065854763295873,1.6065854763295873,0,0.0,,47385
stacked_medium,2.0,q8_a1.5_and,70104,9.799999999999969,9.799999999999969,4.140333333333322,4.140333333333322,1.7165005588895743,1.7165005588895743,0,0.0,,46759
stacked_medium,2.0,q8_a1.5_and,70105,10.266666666666524,10.800000000000097,3.840333333333259,4.117333333333263,1.6435148218276654,1.7019598050201237,1,0.058823529411764705,1.0,48171
stacked_medium,2.0,q8_a1.5_and,70106,8.999999999999432,9.466666666665901,3.4923333333332183,3.5253333333332675,1.53793634551304,1.547252914721887,2,0.11764705882352941,1.0,46710
stacked_medium,2.0,q8_a1.5_and,70107,10.799999999999613,10.799999999999613,3.9593333333332508,3.9593333333332508,1.7231665728111114,1.7231665728111114,0,0.0,,47629
stacked_medium,2.0,q8_a1.5_and,70108,12.333333333333087,12.933333333333394,4.310333333333213,4.405333333333247,1.7034436417922008,1.7213608672465097,1,0.058823529411764705,1.0,46464
stacked_medium,2.0,q8_a1.5_and,70109,9.866666666666617,10.666666666666586,3.859333333333277,3.907333333333248,1.6297984798714484,1.6010595561941605,1,0.058823529411764705,1.0,46955
stacked_medium,2.0,q8_a1.5_and,70110,10.999999999999773,10.999999999999773,3.639333333333169,3.639333333333169,1.6598405949861044,1.6598405949861044,0,0.0,,46026
stacked_medium,2.0,q8_a1.5_and,70111,12.133333333332757,12.133333333332757,4.098333333333215,3.9613333333332204,1.7790959701066351,1.7439478752755897,1,0.058823529411764705,1.0,46870
stacked_medium,2.0,q8_a1.5_and,70112,9.333333333333314,9.999999999999432,3.9373333333332785,3.975333333333258,1.657620817341843,1.6573585970477063,2,0.11764705882352941,1.0,46693
stacked_medium,2.0,q8_a1.5_and,70113,10.133333333332587,10.133333333332587,3.618333333333284,3.618333333333284,1.654452512961538,1.654452512961538,0,0.0,,46270
stacked_medium,2.0,q8_a1.5_and,70114,10.933333333333337,10.933333333333337,3.9143333333332375,3.9143333333332375,1.5854330482835937,1.5854330482835937,0,0.0,,46695
stacked_medium,2.0,q8_a1.5_and,70115,13.533333333332962,13.533333333332962,4.623333333333162,4.623333333333162,1.710625097287722,1.710625097287722,0,0.0,,46293
stacked_medium,2.0,q8_a1.5_and,70116,9.466666666666868,11.333333333333272,3.585333333333241,4.122333333333199,1.627988350572775,1.698889480567951,2,0.11764705882352941,1.0,46305
stacked_medium,2.0,q8_a1.5_and,70117,12.2000000000005,12.2000000000005,4.297333333333233,4.297333333333233,1.6566464282635085,1.6566464282635085,0,0.0,,47882
stacked_medium,2.0,q8_a1.5_and,70118,11.400000000000205,11.400000000000205,3.7073333333332483,3.7073333333332483,1.603253538577353,1.603253538577353,0,0.0,,46784
stacked_medium,2.0,q8_a1.5_and,70119,9.199999999999918,9.26666666666722,3.6143333333332293,3.6973333333332694,1.620938412538309,1.6762987513568879,1,0.058823529411764705,1.0,48551
stacked_medium,2.0,q8_a1.5_and,70120,14.133333333333496,14.133333333333496,4.574333333333217,4.574333333333217,1.6787577710029111,1.6787577710029111,0,0.0,,46956
stacked_medium,2.0,q8_a1.5_and,70121,13.666666666666643,13.666666666666643,4.602333333333266,4.602333333333266,1.7246699597679607,1.7246699597679607,0,0.0,,47056
stacked_medium,2.0,q8_a1.5_and,70122,10.666666666666742,10.666666666666742,3.65533333333324,3.65533333333324,1.64609590629563,1.64609590629563,0,0.0,,46696
stacked_medium,2.0,q8_a1.5_and,70123,10.333333333333172,11.333333333333371,3.900333333333216,3.6153333333332025,1.655189593193545,1.6913576037856362,1,0.058823529411764705,1.0,47467
stacked_medium,2.0,q8_a1.5_and,70124,10.79999999999967,10.79999999999967,4.0853333333331765,4.0853333333331765,1.792683119970304,1.792683119970304,0,0.0,,47179
stacked_medium,2.0,q8_a1.5_and,70125,10.800000000000004,10.800000000000004,4.013333333333247,4.013333333333247,1.661083571463241,1.661083571463241,0,0.0,,46756
stacked_medium,2.0,q8_a1.5_and,70126,9.666666666666671,8.733333333333348,3.8573333333331705,3.634333333333191,1.554968652265836,1.5600824480659239,1,0.058823529411764705,1.0,46591
stacked_medium,2.0,q8_a1.5_and,70127,12.933333333333337,11.599999999999909,4.326333333333298,4.201333333333309,1.674982040879681,1.640496250205652,1,0.058823529411764705,1.0,46697
stacked_medium,2.0,q8_a1.5_and,70128,11.666666666666629,11.666666666666629,3.9943333333332407,3.9943333333332407,1.6904571695098138,1.6904571695098138,0,0.0,,47057
stacked_medium,2.0,q8_a1.5_and,70129,10.666666666666742,10.666666666666742,4.324333333333222,4.324333333333222,1.6613419240289824,1.6613419240289824,0,0.0,,47046
