workload,penalty,config,seed,baseline_p95_wait,burst_aware_p95_wait,baseline_avg_wait,burst_aware_avg_wait,baseline_avg_slowdown,burst_aware_avg_slowdown,detector_fires,recall,precision,sched_cores_scanned
bursty_high_s64,0.0,q2_a0.8_or,70400,51.7333333333313,50.73333333333187,15.558124999999242,16.063437499999242,5.09050354626486,5.058545207629475,429,1.0,1.0,88080
bursty_high_s64,0.0,q2_a0.8_or,70401,61.86666666666571,57.26666666666489,16.69062499999924,16.22124999999924,5.062423185887136,5.0789779225832525,440,1.0,1.0,85488
bursty_high_s64,0.0,q2_a0.8_or,70402,51.99999999999949,48.39999999999881,15.18156249999924,15.308437499999238,4.800883308336899,4.8380864246266615,418,1.0,1.0,86943
bursty_high_s64,0.0,q2_a0.8_or,70403,54.80000000000018,59.266666666665515,15.899687499999242,16.618437499999242,5.2171069926931235,5.183929463648072,423,1.0,1.0,88853
bursty_high_s64,0.0,q2_a0.8_or,70404,63.79999999999933,65.5999999999978,16.71031249999924,18.77999999999925,5.316644497297848,5.42909530088081,440,1.0,1.0,87817
bursty_high_s64,0.0,q2_a0.8_or,70405,56.7999999999991,60.99999999999869,16.050312499999233,17.39281249999924,5.202615105641952,5.151984533609551,427,1.0,1.0,88760
bursty_high_s64,0.0,q2_a0.8_or,70406,64.39999999999839,62.13333333333168,17.273437499999243,18.440624999999255,5.473648836302006,5.466556607242701,436,1.0,1.0,88350
bursty_high_s64,0.0,q2_a0.8_or,70407,62.13333333333219,59.39999999999884,16.58187499999925,18.40531249999925,5.502196109254684,5.508256742218622,437,1.0,1.0,87345
bursty_high_s64,0.0,q2_a0.8_or,70408,55.600000000000165,50.46666666666579,14.31781249999924,15.290624999999242,4.839044802105705,5.0141515680730695,406,1.0,1.0,86822
bursty_high_s64,0.0,q2_a0.8_or,70409,58.46666666666431,52.66666666666441,17.442812499999242,17.198437499999237,5.104796180818583,4.993716023382747,444,1.0,1.0,87466
bursty_high_s64,0.0,q2_a0.8_or,70410,56.79999999999768,59.39999999999941,16.68593749999924,16.20156249999924,4.995093957662274,5.099026600299189,435,1.0,1.0,87968
bursty_high_s64,0.0,q2_a0.8_or,70411,58.39999999999796,54.66666666666498,17.31687499999925,16.322812499999248,5.321987428340798,5.240348767845976,418,1.0,1.0,87482
bursty_high_s64,0.0,q2_a0.8_or,70412,42.19999999999942,48.399999999999466,12.266562499999228,14.18437499999924,4.38180262021533,4.389920699553877,411,1.0,1.0,87071
bursty_high_s64,0.0,q2_a0.8_or,70413,61.73333333333085,58.99999999999966,16.950312499999242,17.199687499999246,5.55994055594723,5.339414917195272,430,1.0,1.0,88536
bursty_high_s64,0.0,q2_a0.8_or,70414,53.79999999999791,60.59999999999937,14.63468749999924,15.51312499999924,4.805466837566718,4.9798737643890885,409,1.0,1.0,89026
bursty_high_s64,0.0,q2_a0.8_or,70415,52.86666666666662,57.13333333333185,16.339062499999237,17.54624999999924,5.603257962860671,5.831368530328788,443,1.0,1.0,86372
bursty_high_s64,0.0,q2_a0.8_or,70416,59.06666666666547,56.59999999999815,17.797812499999246,16.64624999999924,5.225826924829817,5.203683471776033,431,1.0,1.0,88177
bursty_high_s64,0.0,q2_a0.8_or,70417,54.53333333333185,62.19999999999797,15.070937499999237,16.852187499999246,4.896049346075776,5.129161575308919,423,1.0,1.0,88531
bursty_high_s64,0.0,q2_a0.8_or,70418,53.53333333333259,57.53333333333228,15.841562499999242,17.37406249999924,5.260068512812681,5.032912518596251,444,1.0,1.0,87881
bursty_high_s64,0.0,q2_a0.8_or,70419,52.26666666666506,47.266666666664406,14.941562499999241,14.561874999999237,4.934815083719579,4.891789364432734,399,1.0,1.0,86847
bursty_high_s64,0.0,q2_a0.8_or,70420,51.133333333331706,51.33333333333363,14.956562499999242,14.89031249999924,4.952880253220693,5.0516382173683425,406,1.0,1.0,87341
bursty_high_s64,0.0,q2_a0.8_or,70421,54.13333333333338,52.999999999999545,16.22468749999924,16.337812499999245,5.036188469588183,5.370094857500712,435,1.0,1.0,86865
bursty_high_s64,0.0,q2_a0.8_or,70422,59.93333333333345,55.199999999998056,17.58843749999925,17.158749999999248,5.686819233614704,5.515052514087101,434,1.0,1.0,87171
bursty_high_s64,0.0,q2_a0.8_or,70423,54.59999999999974,49.66666666666458,15.589374999999247,15.124062499999246,4.845750337637269,4.708626144330202,412,1.0,1.0,88867
bursty_high_s64,0.0,q2_a0.8_or,70424,55.66666666666492,62.400000000000375,16.312187499999236,18.06281249999924,5.429253414245098,5.54327703165908,436,1.0,1.0,86265
bursty_high_s64,0.0,q2_a0.8_or,70425,61.19999999999908,63.06666666666507,16.51499999999925,19.287187499999252,5.197304734566384,5.120792327039684,437,1.0,1.0,89385
bursty_high_s64,0.0,q2_a0.8_or,70426,54.59999999999991,57.79999999999916,16.262187499999243,16.884999999999245,5.155975964763525,5.260367357307276,419,1.0,1.0,86758
bursty_high_s64,0.0,q2_a0.8_or,70427,56.13333333333108,65.79999999999905,15.123124999999234,17.995312499999248,5.023391846558373,4.860106842768105,437,1.0,1.0,87807
bursty_high_s64,0.0,q2_a0.8_or,70428,65.4666666666649,57.13333333333236,17.88718749999925,17.169062499999246,5.596611538983836,5.612635507689687,433,1.0,1.0,87425
bursty_high_s64,0.0,q2_a0.8_or,70429,42.26666666666506,54.133333333333596,13.889687499999235,15.677187499999244,4.736643181411208,4.917779513784771,414,1.0,1.0,88125
bursty_high_s64,0.0,q2_a0.8_and,70400,51.7333333333313,47.99999999999923,15.558124999999242,15.141249999999236,5.09050354626486,5.061462528229829,331,1.0,1.0,87188
bursty_high_s64,0.0,q2_a0.8_and,70401,61.86666666666571,57.199999999999164,16.69062499999924,16.114687499999242,5.062423185887136,5.266440040919852,309,1.0,1.0,85071
bursty_high_s64,0.0,q2_a0.8_and,70402,51.99999999999949,50.79999999999927,15.18156249999924,14.723437499999235,4.800883308336899,4.876129527748733,289,0.9,1.0,87670
bursty_high_s64,0.0,q2_a0.8_and,70403,54.80000000000018,50.73333333333133,15.899687499999242,16.543124999999247,5.2171069926931235,5.256710565699731,359,1.0,1.0,87513
bursty_high_s64,0.0,q2_a0.8_and,70404,63.79999999999933,57.53333333333279,16.71031249999924,17.44843749999925,5.316644497297848,5.399142540136071,342,1.0,1.0,87077
bursty_high_s64,0.0,q2_a0.8_and,70405,56.7999999999991,57.33333333333104,16.050312499999233,16.61406249999924,5.202615105641952,5.237657771147172,329,1.0,1.0,86972
bursty_high_s64,0.0,q2_a0.8_and,70406,64.39999999999839,63.06666666666669,17.273437499999243,17.06187499999924,5.473648836302006,5.449573957345796,348,1.0,1.0,88071
bursty_high_s64,0.0,q2_a0.8_and,70407,62.13333333333219,66.59999999999872,16.58187499999925,17.90749999999925,5.502196109254684,5.363148699145864,344,1.0,1.0,86271
bursty_high_s64,0.0,q2_a0.8_and,70408,55.600000000000165,48.46666666666442,14.31781249999924,14.636562499999238,4.839044802105705,4.9793128023303925,327,1.0,1.0,87501
bursty_high_s64,0.0,q2_a0.8_and,70409,58.46666666666431,62.99999999999898,17.442812499999242,17.324999999999243,5.104796180818583,4.980556176909031,340,1.0,1.0,88809
bursty_high_s64,0.0,q2_a0.8_and,70410,56.79999999999768,54.333333333333556,16.68593749999924,17.19343749999924,4.995093957662274,5.175084345030643,340,1.0,1.0,86921
bursty_high_s64,0.0,q2_a0.8_and,70411,58.39999999999796,64.79999999999848,17.31687499999925,18.09156249999926,5.321987428340798,5.269818347725407,340,1.0,1.0,87243
bursty_high_s64,0.0,q2_a0.8_and,70412,42.19999999999942,44.7999999999991,12.266562499999228,13.809062499999238,4.38180262021533,4.410386669200399,298,1.0,1.0,87595
bursty_high_s64,0.0,q2_a0.8_and,70413,61.73333333333085,53.66666666666569,16.950312499999242,15.216874999999245,5.55994055594723,5.521238806572629,314,1.0,1.0,87533
bursty_high_s64,0.0,q2_a0.8_and,70414,53.79999999999791,56.33333333333246,14.63468749999924,15.82437499999924,4.805466837566718,4.9876500925774945,315,0.9,1.0,87291
bursty_high_s64,0.0,q2_a0.8_and,70415,52.86666666666662,60.13333333333139,16.339062499999237,17.423124999999242,5.603257962860671,5.743462503620874,338,1.0,1.0,86396
bursty_high_s64,0.0,q2_a0.8_and,70416,59.06666666666547,55.79999999999785,17.797812499999246,16.472187499999244,5.225826924829817,5.084523191621297,336,1.0,1.0,87712
bursty_high_s64,0.0,q2_a0.8_and,70417,54.53333333333185,52.79999999999933,15.070937499999237,15.61406249999924,4.896049346075776,4.99476399524807,340,1.0,1.0,87097
bursty_high_s64,0.0,q2_a0.8_and,70418,53.53333333333259,53.466666666665446,15.841562499999242,16.18468749999925,5.260068512812681,5.053588949490345,346,1.0,1.0,87369
bursty_high_s64,0.0,q2_a0.8_and,70419,52.26666666666506,52.39999999999873,14.941562499999241,15.589999999999241,4.934815083719579,4.9315502429408316,326,1.0,1.0,86358
bursty_high_s64,0.0,q2_a0.8_and,70420,51.133333333331706,56.066666666665526,14.956562499999242,15.96218749999924,4.952880253220693,5.082305169471102,323,1.0,1.0,87593
bursty_high_s64,0.0,q2_a0.8_and,70421,54.13333333333338,53.59999999999803,16.22468749999924,16.399687499999242,5.036188469588183,5.1826937311429155,342,1.0,1.0,86515
bursty_high_s64,0.0,q2_a0.8_and,70422,59.93333333333345,51.19999999999936,17.58843749999925,15.594374999999243,5.686819233614704,5.421697564646102,341,1.0,1.0,87362
bursty_high_s64,0.0,q2_a0.8_and,70423,54.59999999999974,58.066666666665924,15.589374999999247,16.118749999999245,4.845750337637269,5.001801141353487,331,1.0,1.0,86197
bursty_high_s64,0.0,q2_a0.8_and,70424,55.66666666666492,67.33333333333263,16.312187499999236,19.46781249999925,5.429253414245098,5.49653840319389,341,1.0,1.0,87826
bursty_high_s64,0.0,q2_a0.8_and,70425,61.19999999999908,61.06666666666598,16.51499999999925,17.263124999999246,5.197304734566384,4.9896062070924065,349,1.0,1.0,87662
bursty_high_s64,0.0,q2_a0.8_and,70426,54.59999999999991,49.46666666666562,16.262187499999243,15.276874999999233,5.155975964763525,5.246574007605252,313,1.0,1.0,86870
bursty_high_s64,0.0,q2_a0.8_and,70427,56.13333333333108,54.59999999999877,15.123124999999234,15.543437499999238,5.023391846558373,4.814608947585992,322,1.0,1.0,87635
bursty_high_s64,0.0,q2_a0.8_and,70428,65.4666666666649,60.399999999999636,17.88718749999925,18.171562499999247,5.596611538983836,5.44760449447328,381,1.0,1.0,87275
bursty_high_s64,0.0,q2_a0.8_and,70429,42.26666666666506,47.9333333333326,13.889687499999235,14.369687499999241,4.736643181411208,4.836941506685088,289,1.0,1.0,87174
bursty_high_s64,0.0,q2_a1.5_or,70400,51.7333333333313,57.599999999998516,15.558124999999242,17.154999999999234,5.09050354626486,5.190075880480808,397,1.0,1.0,87126
bursty_high_s64,0.0,q2_a1.5_or,70401,61.86666666666571,56.06666666666467,16.69062499999924,16.70968749999924,5.062423185887136,5.091673103669295,352,1.0,1.0,85748
bursty_high_s64,0.0,q2_a1.5_or,70402,51.99999999999949,54.46666666666505,15.18156249999924,15.216249999999238,4.800883308336899,4.935800666294061,322,0.9,1.0,88237
bursty_high_s64,0.0,q2_a1.5_or,70403,54.80000000000018,57.933333333333366,15.899687499999242,18.642499999999252,5.2171069926931235,5.289133638004541,395,1.0,1.0,87488
bursty_high_s64,0.0,q2_a1.5_or,70404,63.79999999999933,60.79999999999802,16.71031249999924,17.939062499999245,5.316644497297848,5.36119721921076,403,1.0,1.0,88022
bursty_high_s64,0.0,q2_a1.5_or,70405,56.7999999999991,55.86666666666514,16.050312499999233,17.772499999999248,5.202615105641952,5.253341386215416,375,1.0,1.0,86060
bursty_high_s64,0.0,q2_a1.5_or,70406,64.39999999999839,57.066666666665384,17.273437499999243,16.90812499999924,5.473648836302006,5.415191216133711,376,1.0,1.0,87858
bursty_high_s64,0.0,q2_a1.5_or,70407,62.13333333333219,61.40000000000023,16.58187499999925,17.69624999999925,5.502196109254684,5.425595455350367,393,1.0,1.0,87205
bursty_high_s64,0.0,q2_a1.5_or,70408,55.600000000000165,47.7333333333317,14.31781249999924,15.220312499999233,4.839044802105705,5.009574486875762,372,1.0,1.0,87776
bursty_high_s64,0.0,q2_a1.5_or,70409,58.46666666666431,59.93333333333135,17.442812499999242,17.13687499999924,5.104796180818583,4.981779412640028,372,1.0,1.0,88484
bursty_high_s64,0.0,q2_a1.5_or,70410,56.79999999999768,51.06666666666487,16.68593749999924,16.54468749999924,4.995093957662274,5.104785646234161,358,1.0,1.0,86497
bursty_high_s64,0.0,q2_a1.5_or,70411,58.39999999999796,64.79999999999848,17.31687499999925,18.09156249999926,5.321987428340798,5.269818347725407,357,1.0,1.0,87325
bursty_high_s64,0.0,q2_a1.5_or,70412,42.19999999999942,47.733333333331814,12.266562499999228,13.343124999999239,4.38180262021533,4.475683585835303,328,1.0,1.0,86623
bursty_high_s64,0.0,q2_a1.5_or,70413,61.73333333333085,58.133333333332416,16.950312499999242,17.83968749999925,5.55994055594723,5.501912028031249,385,1.0,1.0,88048
bursty_high_s64,0.0,q2_a1.5_or,70414,53.79999999999791,56.33333333333357,14.63468749999924,16.305624999999246,4.805466837566718,4.782038969739497,352,0.9,1.0,88416
bursty_high_s64,0.0,q2_a1.5_or,70415,52.86666666666662,68.86666666666599,16.339062499999237,18.726874999999247,5.603257962860671,5.717821341975406,383,1.0,1.0,86414
bursty_high_s64,0.0,q2_a1.5_or,70416,59.06666666666547,65.00000000000017,17.797812499999246,18.369999999999244,5.225826924829817,5.256974010624797,385,1.0,1.0,88030
bursty_high_s64,0.0,q2_a1.5_or,70417,54.53333333333185,54.999999999998664,15.070937499999237,16.184687499999242,4.896049346075776,4.928365907691137,366,1.0,1.0,87038
bursty_high_s64,0.0,q2_a1.5_or,70418,53.53333333333259,54.73333333333356,15.841562499999242,16.767187499999242,5.260068512812681,4.972018693706453,371,1.0,1.0,87060
bursty_high_s64,0.0,q2_a1.5_or,70419,52.26666666666506,53.39999999999873,14.941562499999241,16.03531249999924,4.934815083719579,5.015629032210001,357,1.0,1.0,86615
bursty_high_s64,0.0,q2_a1.5_or,70420,51.133333333331706,51.19999999999891,14.956562499999242,15.275937499999245,4.952880253220693,4.939844918853984,340,1.0,1.0,86916
bursty_high_s64,0.0,q2_a1.5_or,70421,54.13333333333338,50.799999999999045,16.22468749999924,15.326562499999241,5.036188469588183,5.133763430755516,351,1.0,1.0,87467
bursty_high_s64,0.0,q2_a1.5_or,70422,59.93333333333345,53.66666666666475,17.58843749999925,17.582187499999243,5.686819233614704,5.553553899709074,392,1.0,1.0,88284
bursty_high_s64,0.0,q2_a1.5_or,70423,54.59999999999974,53.53333333333285,15.589374999999247,15.639999999999244,4.845750337637269,4.826036406769434,363,1.0,1.0,86833
bursty_high_s64,0.0,q2_a1.5_or,70424,55.66666666666492,62.933333333332854,16.312187499999236,17.751562499999245,5.429253414245098,5.453360357859774,376,1.0,1.0,86271
bursty_high_s64,0.0,q2_a1.5_or,70425,61.19999999999908,61.73333333333164,16.51499999999925,17.00562499999925,5.197304734566384,4.995215429584005,372,1.0,1.0,87818
bursty_high_s64,0.0,q2_a1.5_or,70426,54.59999999999991,63.19999999999794,16.262187499999243,17.49874999999925,5.155975964763525,5.138207103324492,355,1.0,1.0,87392
bursty_high_s64,0.0,q2_a1.5_or,70427,56.13333333333108,49.26666666666432,15.123124999999234,14.274999999999233,5.023391846558373,4.8728096779453045,346,1.0,1.0,86839
bursty_high_s64,0.0,q2_a1.5_or,70428,65.4666666666649,68.99999999999818,17.88718749999925,18.40156249999925,5.596611538983836,5.440128151734371,385,1.0,1.0,88222
bursty_high_s64,0.0,q2_a1.5_or,70429,42.26666666666506,47.9333333333326,13.889687499999235,14.369687499999241,4.736643181411208,4.836941506685088,327,1.0,1.0,87324
bursty_high_s64,0.0,q2_a1.5_and,70400,51.7333333333313,55.99999999999966,15.558124999999242,17.035937499999243,5.09050354626486,5.163430429594543,252,0.9,1.0,86639
bursty_high_s64,0.0,q2_a1.5_and,70401,61.86666666666571,60.53333333333131,16.69062499999924,17.19312499999925,5.062423185887136,5.1858279525038125,236,0.9,1.0,85283
bursty_high_s64,0.0,q2_a1.5_and,70402,51.99999999999949,44.866666666666944,15.18156249999924,14.244374999999238,4.800883308336899,4.811796891172561,218,0.9,1.0,85685
bursty_high_s64,0.0,q2_a1.5_and,70403,54.80000000000018,54.66666666666654,15.899687499999242,15.629374999999243,5.2171069926931235,5.169004152393693,220,0.9,1.0,86411
bursty_high_s64,0.0,q2_a1.5_and,70404,63.79999999999933,68.19999999999791,16.71031249999924,18.74968749999925,5.316644497297848,5.48793788745067,239,0.9,1.0,86052
bursty_high_s64,0.0,q2_a1.5_and,70405,56.7999999999991,56.333333333332035,16.050312499999233,16.02249999999923,5.202615105641952,5.230411521678632,217,1.0,1.0,86110
bursty_high_s64,0.0,q2_a1.5_and,70406,64.39999999999839,65.33333333333292,17.273437499999243,18.339062499999244,5.473648836302006,5.478630664967528,244,1.0,1.0,87530
bursty_high_s64,0.0,q2_a1.5_and,70407,62.13333333333219,60.73333333333301,16.58187499999925,19.286562499999253,5.502196109254684,5.460982587244105,264,0.9,1.0,85588
bursty_high_s64,0.0,q2_a1.5_and,70408,55.600000000000165,46.73333333333355,14.31781249999924,14.550624999999238,4.839044802105705,5.088973716151093,221,0.9,1.0,84765
bursty_high_s64,0.0,q2_a1.5_and,70409,58.46666666666431,53.133333333331876,17.442812499999242,15.318124999999238,5.104796180818583,4.950219509085539,229,0.9,1.0,86262
bursty_high_s64,0.0,q2_a1.5_and,70410,56.79999999999768,55.3999999999981,16.68593749999924,16.46874999999924,4.995093957662274,5.183844507054155,229,0.9,1.0,85828
bursty_high_s64,0.0,q2_a1.5_and,70411,58.39999999999796,63.13333333333122,17.31687499999925,17.97343749999925,5.321987428340798,5.288519342343514,250,1.0,1.0,86360
bursty_high_s64,0.0,q2_a1.5_and,70412,42.19999999999942,44.93333333333206,12.266562499999228,13.513124999999238,4.38180262021533,4.534437601026458,199,0.9,1.0,86551
bursty_high_s64,0.0,q2_a1.5_and,70413,61.73333333333085,60.133333333333354,16.950312499999242,16.354062499999245,5.55994055594723,5.520914161597392,208,0.9,1.0,84840
bursty_high_s64,0.0,q2_a1.5_and,70414,53.79999999999791,61.933333333330864,14.63468749999924,15.993749999999247,4.805466837566718,4.79118706917603,220,0.9,1.0,86709
bursty_high_s64,0.0,q2_a1.5_and,70415,52.86666666666662,54.13333333333179,16.339062499999237,17.52249999999924,5.603257962860671,5.729895938306621,255,0.9,1.0,85610
bursty_high_s64,0.0,q2_a1.5_and,70416,59.06666666666547,60.53333333333114,17.797812499999246,17.465624999999243,5.225826924829817,5.348868721596509,235,1.0,1.0,87235
bursty_high_s64,0.0,q2_a1.5_and,70417,54.53333333333185,50.1333333333327,15.070937499999237,15.642812499999238,4.896049346075776,4.845422227613222,222,0.9,1.0,86412
bursty_high_s64,0.0,q2_a1.5_and,70418,53.53333333333259,54.13333333333091,15.841562499999242,15.464062499999244,5.260068512812681,5.113312676318699,233,0.9,1.0,86905
bursty_high_s64,0.0,q2_a1.5_and,70419,52.26666666666506,53.39999999999918,14.941562499999241,15.38718749999924,4.934815083719579,4.773699938324966,220,0.9,1.0,85935
bursty_high_s64,0.0,q2_a1.5_and,70420,51.133333333331706,52.33333333333084,14.956562499999242,16.28687499999925,4.952880253220693,5.035596394419602,229,0.9,1.0,86441
bursty_high_s64,0.0,q2_a1.5_and,70421,54.13333333333338,53.266666666665856,16.22468749999924,16.014687499999248,5.036188469588183,5.273974807747093,223,0.9,1.0,86265
bursty_high_s64,0.0,q2_a1.5_and,70422,59.93333333333345,54.93333333333254,17.58843749999925,16.73218749999925,5.686819233614704,5.526650048580557,260,0.9,1.0,86473
bursty_high_s64,0.0,q2_a1.5_and,70423,54.59999999999974,54.93333333333271,15.589374999999247,16.094999999999246,4.845750337637269,4.739245087133881,224,0.8,1.0,86419
bursty_high_s64,0.0,q2_a1.5_and,70424,55.66666666666492,60.53333333333228,16.312187499999236,17.189062499999242,5.429253414245098,5.426331436253165,247,0.9,1.0,86085
bursty_high_s64,0.0,q2_a1.5_and,70425,61.19999999999908,63.39999999999765,16.51499999999925,18.136874999999254,5.197304734566384,4.993430365541519,251,0.9,1.0,87518
bursty_high_s64,0.0,q2_a1.5_and,70426,54.59999999999991,67.99999999999824,16.262187499999243,18.254062499999243,5.155975964763525,5.164520825673291,246,0.9,1.0,86740
bursty_high_s64,0.0,q2_a1.5_and,70427,56.13333333333108,61.199999999998056,15.123124999999234,16.92968749999924,5.023391846558373,4.802914073519255,215,0.9,1.0,87330
bursty_high_s64,0.0,q2_a1.5_and,70428,65.4666666666649,59.73333333333338,17.88718749999925,17.897812499999244,5.596611538983836,5.497533924779082,264,0.9,1.0,85696
bursty_high_s64,0.0,q2_a1.5_and,70429,42.26666666666506,52.399999999997505,13.889687499999235,14.969374999999236,4.736643181411208,4.816822740286007,220,0.9,1.0,86104
bursty_high_s64,0.0,q4_a0.8_or,70400,51.7333333333313,54.4666666666659,15.558124999999242,15.332187499999236,5.09050354626486,5.16162943063931,407,1.0,1.0,87861
bursty_high_s64,0.0,q4_a0.8_or,70401,61.86666666666571,58.13333333333128,16.69062499999924,17.728124999999242,5.062423185887136,5.228279926529405,431,1.0,1.0,87121
bursty_high_s64,0.0,q4_a0.8_or,70402,51.99999999999949,50.66666666666521,15.18156249999924,15.869374999999234,4.800883308336899,4.819189826196036,416,1.0,1.0,87008
bursty_high_s64,0.0,q4_a0.8_or,70403,54.80000000000018,58.59999999999849,15.899687499999242,16.59968749999924,5.2171069926931235,5.215581045601389,419,1.0,1.0,87949
bursty_high_s64,0.0,q4_a0.8_or,70404,63.79999999999933,65.99999999999773,16.71031249999924,17.917187499999248,5.316644497297848,5.361292296406912,420,1.0,1.0,86720
bursty_high_s64,0.0,q4_a0.8_or,70405,56.7999999999991,60.99999999999869,16.050312499999233,17.39281249999924,5.202615105641952,5.151984533609551,422,1.0,1.0,88760
bursty_high_s64,0.0,q4_a0.8_or,70406,64.39999999999839,62.13333333333168,17.273437499999243,18.440624999999255,5.473648836302006,5.466556607242701,432,1.0,1.0,88268
bursty_high_s64,0.0,q4_a0.8_or,70407,62.13333333333219,60.73333333333193,16.58187499999925,16.644374999999247,5.502196109254684,5.502134087685299,428,1.0,1.0,85973
bursty_high_s64,0.0,q4_a0.8_or,70408,55.600000000000165,50.933333333331575,14.31781249999924,15.49968749999924,4.839044802105705,4.899935592917929,398,1.0,1.0,87456
bursty_high_s64,0.0,q4_a0.8_or,70409,58.46666666666431,53.33333333333289,17.442812499999242,16.925937499999232,5.104796180818583,4.921718088619662,429,1.0,1.0,87831
bursty_high_s64,0.0,q4_a0.8_or,70410,56.79999999999768,58.866666666664344,16.68593749999924,16.08406249999924,4.995093957662274,5.070772719899949,435,1.0,1.0,87826
bursty_high_s64,0.0,q4_a0.8_or,70411,58.39999999999796,55.866666666665424,17.31687499999925,15.67999999999924,5.321987428340798,5.1193829591723725,401,1.0,1.0,87680
bursty_high_s64,0.0,q4_a0.8_or,70412,42.19999999999942,47.999999999998124,12.266562499999228,13.369374999999232,4.38180262021533,4.454720884027627,411,1.0,1.0,88047
bursty_high_s64,0.0,q4_a0.8_or,70413,61.73333333333085,60.733333333330904,16.950312499999242,17.653749999999246,5.55994055594723,5.410489274122738,410,1.0,1.0,86365
bursty_high_s64,0.0,q4_a0.8_or,70414,53.79999999999791,60.59999999999937,14.63468749999924,15.51312499999924,4.805466837566718,4.9798737643890885,401,1.0,1.0,89028
bursty_high_s64,0.0,q4_a0.8_or,70415,52.86666666666662,61.19999999999811,16.339062499999237,18.459687499999244,5.603257962860671,5.977418422439982,438,1.0,1.0,86682
bursty_high_s64,0.0,q4_a0.8_or,70416,59.06666666666547,61.13333333333168,17.797812499999246,18.094999999999246,5.225826924829817,5.3401562710465145,424,1.0,1.0,88141
bursty_high_s64,0.0,q4_a0.8_or,70417,54.53333333333185,62.19999999999797,15.070937499999237,16.852187499999246,4.896049346075776,5.129161575308919,419,1.0,1.0,88451
bursty_high_s64,0.0,q4_a0.8_or,70418,53.53333333333259,57.333333333332746,15.841562499999242,16.881874999999248,5.260068512812681,5.054628772684512,412,1.0,1.0,87772
bursty_high_s64,0.0,q4_a0.8_or,70419,52.26666666666506,54.666666666666,14.941562499999241,14.800937499999241,4.934815083719579,4.839607287269146,386,1.0,1.0,87784
bursty_high_s64,0.0,q4_a0.8_or,70420,51.133333333331706,50.53333333333211,14.956562499999242,14.990937499999237,4.952880253220693,4.877345422944088,407,1.0,1.0,87338
bursty_high_s64,0.0,q4_a0.8_or,70421,54.13333333333338,58.399999999999125,16.22468749999924,17.138124999999242,5.036188469588183,5.264412314104384,420,1.0,1.0,86889
bursty_high_s64,0.0,q4_a0.8_or,70422,59.93333333333345,51.79999999999916,17.58843749999925,16.47437499999924,5.686819233614704,5.5524058152966855,432,1.0,1.0,87944
bursty_high_s64,0.0,q4_a0.8_or,70423,54.59999999999974,51.59999999999951,15.589374999999247,14.461562499999237,4.845750337637269,4.854819345683378,396,1.0,1.0,87926
bursty_high_s64,0.0,q4_a0.8_or,70424,55.66666666666492,62.13333333333145,16.312187499999236,17.407812499999245,5.429253414245098,5.354320869059792,426,1.0,1.0,87716
bursty_high_s64,0.0,q4_a0.8_or,70425,61.19999999999908,55.19999999999823,16.51499999999925,16.41281249999924,5.197304734566384,5.085232938937062,415,1.0,1.0,88590
bursty_high_s64,0.0,q4_a0.8_or,70426,54.59999999999991,63.59999999999917,16.262187499999243,17.891249999999253,5.155975964763525,5.2479530385079665,425,1.0,1.0,87751
bursty_high_s64,0.0,q4_a0.8_or,70427,56.13333333333108,62.26666666666438,15.123124999999234,17.205624999999248,5.023391846558373,4.943735885277632,424,1.0,1.0,88471
bursty_high_s64,0.0,q4_a0.8_or,70428,65.4666666666649,53.59999999999815,17.88718749999925,16.301874999999242,5.596611538983836,5.399987479651463,415,1.0,1.0,86846
bursty_high_s64,0.0,q4_a0.8_or,70429,42.26666666666506,51.26666666666591,13.889687499999235,15.03531249999924,4.736643181411208,4.846875947846137,411,1.0,1.0,88245
bursty_high_s64,0.0,q4_a0.8_and,70400,51.7333333333313,53.46666666666417,15.558124999999242,15.728124999999242,5.09050354626486,5.152121750574447,242,0.9,1.0,86743
bursty_high_s64,0.0,q4_a0.8_and,70401,61.86666666666571,66.46666666666545,16.69062499999924,17.283749999999245,5.062423185887136,5.1574779642497095,252,0.9,1.0,86209
bursty_high_s64,0.0,q4_a0.8_and,70402,51.99999999999949,51.26666666666529,15.18156249999924,14.639687499999237,4.800883308336899,4.859885902236564,209,0.9,1.0,85905
bursty_high_s64,0.0,q4_a0.8_and,70403,54.80000000000018,55.4666666666668,15.899687499999242,17.62999999999924,5.2171069926931235,5.1973667966339985,271,0.9,1.0,86351
bursty_high_s64,0.0,q4_a0.8_and,70404,63.79999999999933,66.39999999999893,16.71031249999924,17.966562499999252,5.316644497297848,5.547798848461648,252,1.0,1.0,85773
bursty_high_s64,0.0,q4_a0.8_and,70405,56.7999999999991,54.26666666666591,16.050312499999233,17.22031249999924,5.202615105641952,5.1660546883794085,284,1.0,1.0,85110
bursty_high_s64,0.0,q4_a0.8_and,70406,64.39999999999839,62.53333333333296,17.273437499999243,17.725937499999254,5.473648836302006,5.3134105830644005,244,1.0,1.0,86339
bursty_high_s64,0.0,q4_a0.8_and,70407,62.13333333333219,56.266666666666026,16.58187499999925,16.822499999999245,5.502196109254684,5.314867163417183,252,1.0,1.0,86424
bursty_high_s64,0.0,q4_a0.8_and,70408,55.600000000000165,43.86666666666548,14.31781249999924,13.925312499999233,4.839044802105705,4.996099493885309,199,0.9,1.0,86620
bursty_high_s64,0.0,q4_a0.8_and,70409,58.46666666666431,59.86666666666423,17.442812499999242,17.862499999999244,5.104796180818583,5.030284306297057,258,0.9,1.0,87165
bursty_high_s64,0.0,q4_a0.8_and,70410,56.79999999999768,48.599999999999994,16.68593749999924,16.324062499999247,4.995093957662274,5.152191696049449,248,1.0,1.0,86232
bursty_high_s64,0.0,q4_a0.8_and,70411,58.39999999999796,58.13333333333247,17.31687499999925,17.189062499999253,5.321987428340798,5.236476510133393,249,1.0,1.0,86996
bursty_high_s64,0.0,q4_a0.8_and,70412,42.19999999999942,47.99999999999824,12.266562499999228,14.57718749999924,4.38180262021533,4.511816006134461,221,0.9,1.0,86859
bursty_high_s64,0.0,q4_a0.8_and,70413,61.73333333333085,63.53333333333268,16.950312499999242,17.378437499999254,5.55994055594723,5.456931795146159,257,1.0,1.0,85951
bursty_high_s64,0.0,q4_a0.8_and,70414,53.79999999999791,57.93333333333254,14.63468749999924,16.166562499999245,4.805466837566718,4.940017552163436,236,0.9,1.0,86641
bursty_high_s64,0.0,q4_a0.8_and,70415,52.86666666666662,56.26666666666446,16.339062499999237,18.244062499999238,5.603257962860671,5.668142951487359,288,0.9,1.0,86696
bursty_high_s64,0.0,q4_a0.8_and,70416,59.06666666666547,64.06666666666433,17.797812499999246,17.841562499999245,5.225826924829817,5.228851374314565,240,0.9,1.0,85924
bursty_high_s64,0.0,q4_a0.8_and,70417,54.53333333333185,54.333333333332064,15.070937499999237,15.844062499999243,4.896049346075776,4.966190054892058,239,1.0,1.0,87370
bursty_high_s64,0.0,q4_a0.8_and,70418,53.53333333333259,57.666666666664725,15.841562499999242,16.560312499999235,5.260068512812681,5.013579597465068,239,0.9,1.0,87127
bursty_high_s64,0.0,q4_a0.8_and,70419,52.26666666666506,56.466666666664935,14.941562499999241,15.216874999999234,4.934815083719579,4.903346217429821,229,1.0,1.0,85866
bursty_high_s64,0.0,q4_a0.8_and,70420,51.133333333331706,61.1999999999982,14.956562499999242,17.11437499999925,4.952880253220693,4.9960501724355675,262,1.0,1.0,86838
bursty_high_s64,0.0,q4_a0.8_and,70421,54.13333333333338,59.79999999999876,16.22468749999924,16.576562499999238,5.036188469588183,5.311147219673743,232,0.9,1.0,85283
bursty_high_s64,0.0,q4_a0.8_and,70422,59.93333333333345,58.79999999999882,17.58843749999925,16.84499999999925,5.686819233614704,5.695795741800699,250,0.9,1.0,86578
bursty_high_s64,0.0,q4_a0.8_and,70423,54.59999999999974,51.133333333332956,15.589374999999247,15.546249999999242,4.845750337637269,4.782652234717899,241,1.0,1.0,86647
bursty_high_s64,0.0,q4_a0.8_and,70424,55.66666666666492,61.99999999999949,16.312187499999236,17.472499999999247,5.429253414245098,5.591764487674673,259,0.9,1.0,86071
bursty_high_s64,0.0,q4_a0.8_and,70425,61.19999999999908,57.39999999999844,16.51499999999925,16.482499999999252,5.197304734566384,5.141671955809995,230,0.9,1.0,86354
bursty_high_s64,0.0,q4_a0.8_and,70426,54.59999999999991,54.13333333333145,16.262187499999243,15.63187499999924,5.155975964763525,5.181040762395111,226,1.0,1.0,86526
bursty_high_s64,0.0,q4_a0.8_and,70427,56.13333333333108,57.79999999999956,15.123124999999234,16.24187499999924,5.023391846558373,4.679232242928112,232,1.0,1.0,86580
bursty_high_s64,0.0,q4_a0.8_and,70428,65.4666666666649,65.06666666666496,17.88718749999925,20.20874999999925,5.596611538983836,5.542367652462429,286,0.9,1.0,86087
bursty_high_s64,0.0,q4_a0.8_and,70429,42.26666666666506,56.599999999999454,13.889687499999235,15.458124999999239,4.736643181411208,4.953009164912938,219,1.0,1.0,85906
bursty_high_s64,0.0,q4_a1.5_or,70400,51.7333333333313,56.933333333331404,15.558124999999242,16.53718749999924,5.09050354626486,5.155171447837723,301,0.9,1.0,87926
bursty_high_s64,0.0,q4_a1.5_or,70401,61.86666666666571,59.80000000000027,16.69062499999924,16.622812499999245,5.062423185887136,5.180738110450082,306,0.9,1.0,85477
bursty_high_s64,0.0,q4_a1.5_or,70402,51.99999999999949,52.59999999999755,15.18156249999924,14.751249999999235,4.800883308336899,5.000327644412414,276,0.9,1.0,86181
bursty_high_s64,0.0,q4_a1.5_or,70403,54.80000000000018,58.66666666666549,15.899687499999242,17.42124999999924,5.2171069926931235,5.197982098861332,300,0.9,1.0,87098
bursty_high_s64,0.0,q4_a1.5_or,70404,63.79999999999933,65.06666666666462,16.71031249999924,18.508437499999253,5.316644497297848,5.3742367877849535,316,1.0,1.0,85777
bursty_high_s64,0.0,q4_a1.5_or,70405,56.7999999999991,53.4666666666657,16.050312499999233,16.264687499999237,5.202615105641952,5.077564473699244,308,1.0,1.0,85470
bursty_high_s64,0.0,q4_a1.5_or,70406,64.39999999999839,61.79999999999788,17.273437499999243,18.391249999999246,5.473648836302006,5.43218833815148,319,1.0,1.0,86831
bursty_high_s64,0.0,q4_a1.5_or,70407,62.13333333333219,58.26666666666432,16.58187499999925,17.02406249999925,5.502196109254684,5.566463757930275,307,1.0,1.0,86390
bursty_high_s64,0.0,q4_a1.5_or,70408,55.600000000000165,53.06666666666473,14.31781249999924,15.28531249999924,4.839044802105705,5.053267585791572,280,0.9,1.0,87098
bursty_high_s64,0.0,q4_a1.5_or,70409,58.46666666666431,53.93333333333095,17.442812499999242,15.846874999999239,5.104796180818583,4.830278385114307,279,0.9,1.0,86436
bursty_high_s64,0.0,q4_a1.5_or,70410,56.79999999999768,56.933333333332655,16.68593749999924,17.241874999999247,4.995093957662274,4.999302213506185,332,1.0,1.0,85719
bursty_high_s64,0.0,q4_a1.5_or,70411,58.39999999999796,59.73333333333184,17.31687499999925,17.167499999999254,5.321987428340798,5.16118561882921,303,1.0,1.0,86558
bursty_high_s64,0.0,q4_a1.5_or,70412,42.19999999999942,52.066666666665014,12.266562499999228,14.277187499999235,4.38180262021533,4.42835063884351,278,0.9,1.0,86826
bursty_high_s64,0.0,q4_a1.5_or,70413,61.73333333333085,63.60000000000019,16.950312499999242,18.63687499999925,5.55994055594723,5.504011276474048,302,1.0,1.0,85521
bursty_high_s64,0.0,q4_a1.5_or,70414,53.79999999999791,52.733333333332666,14.63468749999924,16.43468749999925,4.805466837566718,4.905818692894426,292,0.9,1.0,86941
bursty_high_s64,0.0,q4_a1.5_or,70415,52.86666666666662,60.33333333333121,16.339062499999237,18.421249999999244,5.603257962860671,5.909263673422298,324,0.9,1.0,85362
bursty_high_s64,0.0,q4_a1.5_or,70416,59.06666666666547,64.59999999999951,17.797812499999246,18.69437499999925,5.225826924829817,5.328412723523175,308,1.0,1.0,88002
bursty_high_s64,0.0,q4_a1.5_or,70417,54.53333333333185,52.133333333331166,15.070937499999237,14.380312499999235,4.896049346075776,4.984145168415387,271,1.0,1.0,85798
bursty_high_s64,0.0,q4_a1.5_or,70418,53.53333333333259,58.39999999999844,15.841562499999242,16.697187499999238,5.260068512812681,4.87588964862788,297,0.9,1.0,87374
bursty_high_s64,0.0,q4_a1.5_or,70419,52.26666666666506,47.53333333333239,14.941562499999241,15.037187499999234,4.934815083719579,4.825416598824786,277,1.0,1.0,85365
bursty_high_s64,0.0,q4_a1.5_or,70420,51.133333333331706,55.33333333333212,14.956562499999242,16.439062499999245,4.952880253220693,5.0088972200788335,305,1.0,1.0,86438
bursty_high_s64,0.0,q4_a1.5_or,70421,54.13333333333338,56.86666666666471,16.22468749999924,18.20937499999925,5.036188469588183,5.157336374540007,330,0.9,1.0,86587
bursty_high_s64,0.0,q4_a1.5_or,70422,59.93333333333345,53.599999999999085,17.58843749999925,16.784062499999244,5.686819233614704,5.718010992986781,312,0.9,1.0,87162
bursty_high_s64,0.0,q4_a1.5_or,70423,54.59999999999974,55.799999999999216,15.589374999999247,15.493749999999244,4.845750337637269,4.824677535261702,277,1.0,1.0,87370
bursty_high_s64,0.0,q4_a1.5_or,70424,55.66666666666492,55.40000000000012,16.312187499999236,17.20124999999924,5.429253414245098,5.473224538425063,303,0.9,1.0,85596
bursty_high_s64,0.0,q4_a1.5_or,70425,61.19999999999908,61.399999999999636,16.51499999999925,17.78343749999925,5.197304734566384,5.096319999246586,319,0.9,1.0,86814
bursty_high_s64,0.0,q4_a1.5_or,70426,54.59999999999991,53.86666666666491,16.262187499999243,14.964062499999239,5.155975964763525,5.1512790957207635,272,1.0,1.0,86633
bursty_high_s64,0.0,q4_a1.5_or,70427,56.13333333333108,59.133333333332416,15.123124999999234,15.76093749999924,5.023391846558373,4.916510890469657,265,1.0,1.0,85708
bursty_high_s64,0.0,q4_a1.5_or,70428,65.4666666666649,58.86666666666446,17.88718749999925,17.854687499999244,5.596611538983836,5.521964091882028,309,0.9,1.0,85816
bursty_high_s64,0.0,q4_a1.5_or,70429,42.26666666666506,53.66666666666498,13.889687499999235,15.536562499999238,4.736643181411208,4.908403939540426,287,1.0,1.0,86907
bursty_high_s64,0.0,q4_a1.5_and,70400,51.7333333333313,47.19999999999925,15.558124999999242,15.125937499999239,5.09050354626486,5.15632449166562,190,0.9,1.0,86322
bursty_high_s64,0.0,q4_a1.5_and,70401,61.86666666666571,57.466666666664196,16.69062499999924,16.479999999999244,5.062423185887136,5.158878374916378,198,0.9,1.0,85284
bursty_high_s64,0.0,q4_a1.5_and,70402,51.99999999999949,59.06666666666604,15.18156249999924,16.138437499999245,4.800883308336899,4.8449876393734,198,0.9,1.0,85534
bursty_high_s64,0.0,q4_a1.5_and,70403,54.80000000000018,59.933333333331746,15.899687499999242,16.99406249999925,5.2171069926931235,5.270286685174215,213,0.9,1.0,85577
bursty_high_s64,0.0,q4_a1.5_and,70404,63.79999999999933,64.66666666666492,16.71031249999924,18.74062499999925,5.316644497297848,5.259930544752478,220,0.9,1.0,86507
bursty_high_s64,0.0,q4_a1.5_and,70405,56.7999999999991,58.53333333333211,16.050312499999233,17.57281249999924,5.202615105641952,5.157174922780232,216,1.0,1.0,84972
bursty_high_s64,0.0,q4_a1.5_and,70406,64.39999999999839,59.73333333333255,17.273437499999243,17.890312499999247,5.473648836302006,5.316090697776174,207,1.0,1.0,86763
bursty_high_s64,0.0,q4_a1.5_and,70407,62.13333333333219,54.93333333333362,16.58187499999925,15.92718749999924,5.502196109254684,5.472130737750673,186,0.9,1.0,86135
bursty_high_s64,0.0,q4_a1.5_and,70408,55.600000000000165,53.33333333333209,14.31781249999924,16.500937499999246,4.839044802105705,4.936709432885203,215,0.9,1.0,86536
bursty_high_s64,0.0,q4_a1.5_and,70409,58.46666666666431,59.13333333333131,17.442812499999242,16.898749999999243,5.104796180818583,4.955503894692159,213,0.9,1.0,87041
bursty_high_s64,0.0,q4_a1.5_and,70410,56.79999999999768,56.73333333333295,16.68593749999924,17.02937499999924,4.995093957662274,5.081016477686016,228,0.9,1.0,85454
bursty_high_s64,0.0,q4_a1.5_and,70411,58.39999999999796,62.73333333333244,17.31687499999925,17.04218749999925,5.321987428340798,5.253015310871566,187,1.0,1.0,86088
bursty_high_s64,0.0,q4_a1.5_and,70412,42.19999999999942,42.866666666665765,12.266562499999228,12.958749999999242,4.38180262021533,4.355682947970361,164,0.9,1.0,86251
bursty_high_s64,0.0,q4_a1.5_and,70413,61.73333333333085,56.9999999999979,16.950312499999242,17.21343749999924,5.55994055594723,5.33490127647377,208,0.9,1.0,86034
bursty_high_s64,0.0,q4_a1.5_and,70414,53.79999999999791,52.666666666666345,14.63468749999924,15.149374999999242,4.805466837566718,4.8374372228011335,187,0.9,1.0,85986
bursty_high_s64,0.0,q4_a1.5_and,70415,52.86666666666662,63.13333333333219,16.339062499999237,17.701874999999244,5.603257962860671,5.8931360477793895,217,0.9,1.0,86389
bursty_high_s64,0.0,q4_a1.5_and,70416,59.06666666666547,60.6666666666643,17.797812499999246,16.91687499999924,5.225826924829817,5.2529173517021785,204,0.9,1.0,86427
bursty_high_s64,0.0,q4_a1.5_and,70417,54.53333333333185,52.33333333333138,15.070937499999237,16.135624999999248,4.896049346075776,4.8663715223025275,203,0.9,1.0,85995
bursty_high_s64,0.0,q4_a1.5_and,70418,53.53333333333259,50.79999999999839,15.841562499999242,15.452499999999244,5.260068512812681,5.108831682396888,202,0.9,1.0,86532
bursty_high_s64,0.0,q4_a1.5_and,70419,52.26666666666506,51.133333333333326,14.941562499999241,14.880312499999244,4.934815083719579,4.903778593646956,191,0.8,1.0,86256
bursty_high_s64,0.0,q4_a1.5_and,70420,51.133333333331706,56.66666666666546,14.956562499999242,16.46031249999924,4.952880253220693,5.074995287531655,206,0.9,1.0,85484
bursty_high_s64,0.0,q4_a1.5_and,70421,54.13333333333338,53.199999999998056,16.22468749999924,15.620624999999245,5.036188469588183,5.287642635455399,194,0.9,1.0,85745
bursty_high_s64,0.0,q4_a1.5_and,70422,59.93333333333345,56.9999999999998,17.58843749999925,17.025624999999245,5.686819233614704,5.579789165370121,216,0.9,1.0,86494
bursty_high_s64,0.0,q4_a1.5_and,70423,54.59999999999974,54.93333333333271,15.589374999999247,16.094999999999246,4.845750337637269,4.739245087133881,218,0.8,1.0,86419
bursty_high_s64,0.0,q4_a1.5_and,70424,55.66666666666492,62.79999999999893,16.312187499999236,17.714374999999237,5.429253414245098,5.542643187003257,214,0.9,1.0,87023
bursty_high_s64,0.0,q4_a1.5_and,70425,61.19999999999908,55.13333333333324,16.51499999999925,16.61093749999924,5.197304734566384,5.006266157706817,233,0.9,1.0,87512
bursty_high_s64,0.0,q4_a1.5_and,70426,54.59999999999991,63.33333333333297,16.262187499999243,19.32593749999925,5.155975964763525,5.076101465393561,229,0.9,1.0,85217
bursty_high_s64,0.0,q4_a1.5_and,70427,56.13333333333108,60.133333333332644,15.123124999999234,16.165937499999238,5.023391846558373,4.885444893964909,191,0.9,1.0,85441
bursty_high_s64,0.0,q4_a1.5_and,70428,65.4666666666649,57.26666666666645,17.88718749999925,16.87999999999924,5.596611538983836,5.434631547088758,215,0.9,1.0,85860
bursty_high_s64,0.0,q4_a1.5_and,70429,42.26666666666506,45.06666666666416,13.889687499999235,14.33906249999924,4.736643181411208,4.857119281513522,188,0.9,1.0,85701
bursty_high_s64,0.0,q8_a0.8_or,70400,51.7333333333313,54.4666666666659,15.558124999999242,15.332187499999236,5.09050354626486,5.16162943063931,407,1.0,1.0,87861
bursty_high_s64,0.0,q8_a0.8_or,70401,61.86666666666571,58.13333333333128,16.69062499999924,17.728124999999242,5.062423185887136,5.228279926529405,431,1.0,1.0,87121
bursty_high_s64,0.0,q8_a0.8_or,70402,51.99999999999949,50.66666666666521,15.18156249999924,15.869374999999234,4.800883308336899,4.819189826196036,416,1.0,1.0,87008
bursty_high_s64,0.0,q8_a0.8_or,70403,54.80000000000018,58.59999999999849,15.899687499999242,16.59968749999924,5.2171069926931235,5.215581045601389,419,1.0,1.0,87949
bursty_high_s64,0.0,q8_a0.8_or,70404,63.79999999999933,65.99999999999773,16.71031249999924,17.917187499999248,5.316644497297848,5.361292296406912,420,1.0,1.0,86720
bursty_high_s64,0.0,q8_a0.8_or,70405,56.7999999999991,60.99999999999869,16.050312499999233,17.39281249999924,5.202615105641952,5.151984533609551,422,1.0,1.0,88760
bursty_high_s64,0.0,q8_a0.8_or,70406,64.39999999999839,62.13333333333168,17.273437499999243,18.440624999999255,5.473648836302006,5.466556607242701,432,1.0,1.0,88268
bursty_high_s64,0.0,q8_a0.8_or,70407,62.13333333333219,60.73333333333193,16.58187499999925,16.644374999999247,5.502196109254684,5.502134087685299,428,1.0,1.0,85973
bursty_high_s64,0.0,q8_a0.8_or,70408,55.600000000000165,48.53333333333097,14.31781249999924,15.083749999999238,4.839044802105705,4.9782479444891665,403,1.0,1.0,88237
bursty_high_s64,0.0,q8_a0.8_or,70409,58.46666666666431,53.399999999999295,17.442812499999242,16.840624999999232,5.104796180818583,4.915910852993977,425,1.0,1.0,87801
bursty_high_s64,0.0,q8_a0.8_or,70410,56.79999999999768,58.866666666664344,16.68593749999924,16.08406249999924,4.995093957662274,5.070772719899949,435,1.0,1.0,87826
bursty_high_s64,0.0,q8_a0.8_or,70411,58.39999999999796,55.866666666665424,17.31687499999925,15.67999999999924,5.321987428340798,5.1193829591723725,400,1.0,1.0,87680
bursty_high_s64,0.0,q8_a0.8_or,70412,42.19999999999942,47.999999999998124,12.266562499999228,13.369374999999232,4.38180262021533,4.454720884027627,410,1.0,1.0,88047
bursty_high_s64,0.0,q8_a0.8_or,70413,61.73333333333085,60.733333333330904,16.950312499999242,17.653749999999246,5.55994055594723,5.410489274122738,410,1.0,1.0,86365
bursty_high_s64,0.0,q8_a0.8_or,70414,53.79999999999791,60.59999999999937,14.63468749999924,15.51312499999924,4.805466837566718,4.9798737643890885,401,1.0,1.0,89028
bursty_high_s64,0.0,q8_a0.8_or,70415,52.86666666666662,55.26666666666668,16.339062499999237,16.423749999999238,5.603257962860671,5.668045271473711,436,1.0,1.0,85927
bursty_high_s64,0.0,q8_a0.8_or,70416,59.06666666666547,61.13333333333168,17.797812499999246,18.094999999999246,5.225826924829817,5.3401562710465145,424,1.0,1.0,88141
bursty_high_s64,0.0,q8_a0.8_or,70417,54.53333333333185,62.19999999999797,15.070937499999237,16.852187499999246,4.896049346075776,5.129161575308919,419,1.0,1.0,88451
bursty_high_s64,0.0,q8_a0.8_or,70418,53.53333333333259,57.333333333332746,15.841562499999242,16.881874999999248,5.260068512812681,5.054628772684512,412,1.0,1.0,87772
bursty_high_s64,0.0,q8_a0.8_or,70419,52.26666666666506,54.19999999999919,14.941562499999241,14.78499999999924,4.934815083719579,4.822874471289023,378,1.0,1.0,87592
bursty_high_s64,0.0,q8_a0.8_or,70420,51.133333333331706,50.53333333333211,14.956562499999242,14.990937499999237,4.952880253220693,4.877345422944088,407,1.0,1.0,87338
bursty_high_s64,0.0,q8_a0.8_or,70421,54.13333333333338,59.39999999999861,16.22468749999924,17.210312499999244,5.036188469588183,5.257960427447685,420,1.0,1.0,86738
bursty_high_s64,0.0,q8_a0.8_or,70422,59.93333333333345,56.933333333332854,17.58843749999925,17.472499999999247,5.686819233614704,5.620094845309817,419,1.0,1.0,87675
bursty_high_s64,0.0,q8_a0.8_or,70423,54.59999999999974,51.59999999999951,15.589374999999247,14.461562499999237,4.845750337637269,4.854819345683378,396,1.0,1.0,87926
bursty_high_s64,0.0,q8_a0.8_or,70424,55.66666666666492,62.13333333333145,16.312187499999236,17.407812499999245,5.429253414245098,5.354320869059792,426,1.0,1.0,87716
bursty_high_s64,0.0,q8_a0.8_or,70425,61.19999999999908,55.19999999999823,16.51499999999925,16.41281249999924,5.197304734566384,5.085232938937062,415,1.0,1.0,88590
bursty_high_s64,0.0,q8_a0.8_or,70426,54.59999999999991,63.59999999999917,16.262187499999243,17.765312499999254,5.155975964763525,5.251092919897175,422,1.0,1.0,87913
bursty_high_s64,0.0,q8_a0.8_or,70427,56.13333333333108,62.26666666666438,15.123124999999234,17.205624999999248,5.023391846558373,4.943735885277632,422,1.0,1.0,88471
bursty_high_s64,0.0,q8_a0.8_or,70428,65.4666666666649,53.59999999999815,17.88718749999925,16.301874999999242,5.596611538983836,5.399987479651463,415,1.0,1.0,86846
bursty_high_s64,0.0,q8_a0.8_or,70429,42.26666666666506,51.26666666666591,13.889687499999235,15.03531249999924,4.736643181411208,4.846875947846137,411,1.0,1.0,88245
bursty_high_s64,0.0,q8_a0.8_and,70400,51.7333333333313,51.33333333333263,15.558124999999242,15.603749999999234,5.09050354626486,5.111537420064705,92,0.8,1.0,84708
bursty_high_s64,0.0,q8_a0.8_and,70401,61.86666666666571,58.53333333333366,16.69062499999924,16.36312499999924,5.062423185887136,5.216381452069815,111,0.8,1.0,84672
bursty_high_s64,0.0,q8_a0.8_and,70402,51.99999999999949,48.06666666666655,15.18156249999924,14.138749999999238,4.800883308336899,4.817342685461065,85,0.8,1.0,83834
bursty_high_s64,0.0,q8_a0.8_and,70403,54.80000000000018,61.33333333333215,15.899687499999242,16.74187499999924,5.2171069926931235,5.195071929973382,126,0.9,1.0,85802
bursty_high_s64,0.0,q8_a0.8_and,70404,63.79999999999933,60.399999999998386,16.71031249999924,17.43156249999925,5.316644497297848,5.425718674832253,107,0.9,1.0,84837
bursty_high_s64,0.0,q8_a0.8_and,70405,56.7999999999991,61.99999999999818,16.050312499999233,17.399687499999242,5.202615105641952,5.153586079121901,104,0.7,1.0,84460
bursty_high_s64,0.0,q8_a0.8_and,70406,64.39999999999839,56.86666666666514,17.273437499999243,17.210312499999244,5.473648836302006,5.325036998544774,116,1.0,1.0,85201
bursty_high_s64,0.0,q8_a0.8_and,70407,62.13333333333219,65.59999999999951,16.58187499999925,17.888124999999256,5.502196109254684,5.583667369329161,140,0.8,1.0,85329
bursty_high_s64,0.0,q8_a0.8_and,70408,55.600000000000165,47.13333333333253,14.31781249999924,15.009374999999235,4.839044802105705,4.921641408768925,114,0.9,1.0,85044
bursty_high_s64,0.0,q8_a0.8_and,70409,58.46666666666431,55.333333333331694,17.442812499999242,16.20499999999924,5.104796180818583,5.129303626500293,91,0.8,1.0,84107
bursty_high_s64,0.0,q8_a0.8_and,70410,56.79999999999768,58.26666666666509,16.68593749999924,15.866562499999239,4.995093957662274,5.0814475721899255,82,0.9,1.0,85525
bursty_high_s64,0.0,q8_a0.8_and,70411,58.39999999999796,54.26666666666475,17.31687499999925,16.337187499999253,5.321987428340798,5.327950552906495,82,0.8,1.0,84968
bursty_high_s64,0.0,q8_a0.8_and,70412,42.19999999999942,44.99999999999778,12.266562499999228,13.374687499999231,4.38180262021533,4.395161649520441,88,0.8,1.0,85212
bursty_high_s64,0.0,q8_a0.8_and,70413,61.73333333333085,59.200000000000244,16.950312499999242,17.039687499999253,5.55994055594723,5.529729621063956,130,0.8,1.0,84588
bursty_high_s64,0.0,q8_a0.8_and,70414,53.79999999999791,51.6666666666666,14.63468749999924,15.14312499999924,4.805466837566718,4.907901044514223,81,0.8,1.0,87011
bursty_high_s64,0.0,q8_a0.8_and,70415,52.86666666666662,52.79999999999768,16.339062499999237,16.11218749999924,5.603257962860671,5.704875078848067,105,0.8,1.0,83682
bursty_high_s64,0.0,q8_a0.8_and,70416,59.06666666666547,59.13333333333122,17.797812499999246,17.463749999999244,5.225826924829817,5.4353228961134645,133,0.9,1.0,84998
bursty_high_s64,0.0,q8_a0.8_and,70417,54.53333333333185,55.13333333333276,15.070937499999237,15.769687499999245,4.896049346075776,4.979205475062534,96,0.9,1.0,85294
bursty_high_s64,0.0,q8_a0.8_and,70418,53.53333333333259,53.3999999999989,15.841562499999242,16.291562499999245,5.260068512812681,5.156668768202997,106,0.8,1.0,85623
bursty_high_s64,0.0,q8_a0.8_and,70419,52.26666666666506,55.06666666666635,14.941562499999241,16.08187499999924,4.934815083719579,5.122316125060954,116,0.8,1.0,85025
bursty_high_s64,0.0,q8_a0.8_and,70420,51.133333333331706,58.399999999999466,14.956562499999242,16.565624999999248,4.952880253220693,4.972758529725462,107,0.7,1.0,84234
bursty_high_s64,0.0,q8_a0.8_and,70421,54.13333333333338,55.26666666666608,16.22468749999924,17.074687499999246,5.036188469588183,5.293985331988525,123,0.7,1.0,83993
bursty_high_s64,0.0,q8_a0.8_and,70422,59.93333333333345,57.000000000000114,17.58843749999925,17.237499999999248,5.686819233614704,5.5176241065580465,129,0.9,1.0,85331
bursty_high_s64,0.0,q8_a0.8_and,70423,54.59999999999974,59.133333333332814,15.589374999999247,16.46281249999925,4.845750337637269,4.835190447888906,128,0.8,1.0,85104
bursty_high_s64,0.0,q8_a0.8_and,70424,55.66666666666492,60.66666666666535,16.312187499999236,17.302812499999245,5.429253414245098,5.4851954976389825,110,0.8,1.0,86323
bursty_high_s64,0.0,q8_a0.8_and,70425,61.19999999999908,56.19999999999982,16.51499999999925,16.180312499999243,5.197304734566384,5.022326832094598,79,0.8,1.0,85899
bursty_high_s64,0.0,q8_a0.8_and,70426,54.59999999999991,56.39999999999958,16.262187499999243,16.27187499999924,5.155975964763525,5.284140028436759,117,0.9,1.0,83377
bursty_high_s64,0.0,q8_a0.8_and,70427,56.13333333333108,56.46666666666454,15.123124999999234,16.68624999999924,5.023391846558373,4.800530390254756,99,0.7,1.0,84642
bursty_high_s64,0.0,q8_a0.8_and,70428,65.4666666666649,57.33333333333155,17.88718749999925,17.898437499999247,5.596611538983836,5.541714122438225,105,0.8,1.0,84757
bursty_high_s64,0.0,q8_a0.8_and,70429,42.26666666666506,53.99999999999886,13.889687499999235,14.724374999999236,4.736643181411208,4.806013409312418,105,0.8,1.0,84701
bursty_high_s64,0.0,q8_a1.5_or,70400,51.7333333333313,50.0000000000003,15.558124999999242,14.926249999999232,5.09050354626486,5.106188745514685,252,0.9,1.0,86839
bursty_high_s64,0.0,q8_a1.5_or,70401,61.86666666666571,57.799999999998136,16.69062499999924,16.284999999999247,5.062423185887136,5.12598036067202,250,0.9,1.0,84974
bursty_high_s64,0.0,q8_a1.5_or,70402,51.99999999999949,57.199999999998056,15.18156249999924,16.19718749999924,4.800883308336899,4.799784797944146,249,0.9,1.0,86029
bursty_high_s64,0.0,q8_a1.5_or,70403,54.80000000000018,61.866666666664514,15.899687499999242,16.329062499999246,5.2171069926931235,5.190771951307878,287,0.9,1.0,85773
bursty_high_s64,0.0,q8_a1.5_or,70404,63.79999999999933,67.93333333333248,16.71031249999924,18.49656249999925,5.316644497297848,5.50833553881944,255,1.0,1.0,86256
bursty_high_s64,0.0,q8_a1.5_or,70405,56.7999999999991,58.93333333333089,16.050312499999233,17.260937499999237,5.202615105641952,5.203563033047134,270,1.0,1.0,86090
bursty_high_s64,0.0,q8_a1.5_or,70406,64.39999999999839,55.93333333333146,17.273437499999243,16.325312499999235,5.473648836302006,5.5548667152592,268,1.0,1.0,86270
bursty_high_s64,0.0,q8_a1.5_or,70407,62.13333333333219,51.333333333332234,16.58187499999925,15.77031249999924,5.502196109254684,5.457238955346059,248,0.9,1.0,85372
bursty_high_s64,0.0,q8_a1.5_or,70408,55.600000000000165,46.73333333333355,14.31781249999924,14.550624999999238,4.839044802105705,5.088973716151093,238,0.9,1.0,84845
bursty_high_s64,0.0,q8_a1.5_or,70409,58.46666666666431,57.53333333333251,17.442812499999242,17.294374999999242,5.104796180818583,5.0552371227041295,287,0.9,1.0,86643
bursty_high_s64,0.0,q8_a1.5_or,70410,56.79999999999768,53.33333333333155,16.68593749999924,16.38593749999924,4.995093957662274,5.135319333370662,259,0.9,1.0,85504
bursty_high_s64,0.0,q8_a1.5_or,70411,58.39999999999796,59.866666666664514,17.31687499999925,17.702187499999255,5.321987428340798,5.2219363751707935,272,1.0,1.0,86430
bursty_high_s64,0.0,q8_a1.5_or,70412,42.19999999999942,43.59999999999812,12.266562499999228,12.526562499999232,4.38180262021533,4.428194725215176,210,0.9,1.0,86289
bursty_high_s64,0.0,q8_a1.5_or,70413,61.73333333333085,59.8666666666669,16.950312499999242,17.21749999999925,5.55994055594723,5.425051629373566,275,0.9,1.0,85260
bursty_high_s64,0.0,q8_a1.5_or,70414,53.79999999999791,54.933333333332826,14.63468749999924,15.226562499999247,4.805466837566718,4.796793988049503,226,0.9,1.0,85997
bursty_high_s64,0.0,q8_a1.5_or,70415,52.86666666666662,57.533333333332166,16.339062499999237,17.85718749999924,5.603257962860671,5.800455141766507,268,0.9,1.0,85705
bursty_high_s64,0.0,q8_a1.5_or,70416,59.06666666666547,61.00000000000014,17.797812499999246,16.80781249999924,5.225826924829817,5.324630584774299,268,1.0,1.0,86893
bursty_high_s64,0.0,q8_a1.5_or,70417,54.53333333333185,46.66666666666475,15.070937499999237,15.031249999999236,4.896049346075776,4.809518233316407,243,0.9,1.0,86283
bursty_high_s64,0.0,q8_a1.5_or,70418,53.53333333333259,52.7333333333315,15.841562499999242,15.727812499999242,5.260068512812681,5.029619231349345,248,0.9,1.0,86509
bursty_high_s64,0.0,q8_a1.5_or,70419,52.26666666666506,53.39999999999918,14.941562499999241,15.38718749999924,4.934815083719579,4.773699938324966,245,0.9,1.0,86015
bursty_high_s64,0.0,q8_a1.5_or,70420,51.133333333331706,54.13333333333114,14.956562499999242,15.40218749999924,4.952880253220693,4.9945669056964075,248,0.9,1.0,85630
bursty_high_s64,0.0,q8_a1.5_or,70421,54.13333333333338,56.199999999998056,16.22468749999924,17.04468749999924,5.036188469588183,5.280599472687774,254,0.9,1.0,85944
bursty_high_s64,0.0,q8_a1.5_or,70422,59.93333333333345,57.3999999999977,17.58843749999925,16.84906249999925,5.686819233614704,5.43973971765891,256,0.9,1.0,87118
bursty_high_s64,0.0,q8_a1.5_or,70423,54.59999999999974,54.93333333333271,15.589374999999247,16.094999999999246,4.845750337637269,4.739245087133881,236,0.8,1.0,86419
bursty_high_s64,0.0,q8_a1.5_or,70424,55.66666666666492,60.40000000000015,16.312187499999236,18.68937499999924,5.429253414245098,5.4403537464154565,287,0.9,1.0,86476
bursty_high_s64,0.0,q8_a1.5_or,70425,61.19999999999908,60.266666666666936,16.51499999999925,16.792187499999237,5.197304734566384,5.070494639748399,260,0.9,1.0,86926
bursty_high_s64,0.0,q8_a1.5_or,70426,54.59999999999991,71.9999999999983,16.262187499999243,18.38124999999925,5.155975964763525,5.204425628086475,262,0.9,1.0,86605
bursty_high_s64,0.0,q8_a1.5_or,70427,56.13333333333108,55.333333333333584,15.123124999999234,16.049374999999237,5.023391846558373,4.8909947414599095,257,0.9,1.0,86457
bursty_high_s64,0.0,q8_a1.5_or,70428,65.4666666666649,59.73333333333338,17.88718749999925,17.897812499999244,5.596611538983836,5.497533924779082,291,0.9,1.0,85696
bursty_high_s64,0.0,q8_a1.5_or,70429,42.26666666666506,52.399999999997505,13.889687499999235,14.969374999999236,4.736643181411208,4.816822740286007,239,1.0,1.0,86104
bursty_high_s64,0.0,q8_a1.5_and,70400,51.7333333333313,51.33333333333263,15.558124999999242,15.603749999999234,5.09050354626486,5.111537420064705,92,0.8,1.0,84708
bursty_high_s64,0.0,q8_a1.5_and,70401,61.86666666666571,59.39999999999924,16.69062499999924,16.247812499999245,5.062423185887136,5.239637012486757,101,0.8,1.0,84031
bursty_high_s64,0.0,q8_a1.5_and,70402,51.99999999999949,48.06666666666655,15.18156249999924,14.138749999999238,4.800883308336899,4.817342685461065,85,0.8,1.0,83834
bursty_high_s64,0.0,q8_a1.5_and,70403,54.80000000000018,60.466666666664764,15.899687499999242,16.69874999999924,5.2171069926931235,5.19219603338492,122,0.9,1.0,85758
bursty_high_s64,0.0,q8_a1.5_and,70404,63.79999999999933,60.399999999998386,16.71031249999924,17.43156249999925,5.316644497297848,5.425718674832253,107,0.9,1.0,84837
bursty_high_s64,0.0,q8_a1.5_and,70405,56.7999999999991,61.99999999999818,16.050312499999233,17.399687499999242,5.202615105641952,5.153586079121901,104,0.7,1.0,84460
bursty_high_s64,0.0,q8_a1.5_and,70406,64.39999999999839,56.86666666666514,17.273437499999243,17.210312499999244,5.473648836302006,5.325036998544774,115,1.0,1.0,85201
bursty_high_s64,0.0,q8_a1.5_and,70407,62.13333333333219,65.59999999999951,16.58187499999925,17.888124999999256,5.502196109254684,5.583667369329161,140,0.8,1.0,85329
bursty_high_s64,0.0,q8_a1.5_and,70408,55.600000000000165,47.13333333333253,14.31781249999924,15.009374999999235,4.839044802105705,4.921641408768925,114,0.9,1.0,85044
bursty_high_s64,0.0,q8_a1.5_and,70409,58.46666666666431,55.333333333331694,17.442812499999242,16.20499999999924,5.104796180818583,5.129303626500293,91,0.8,1.0,84107
bursty_high_s64,0.0,q8_a1.5_and,70410,56.79999999999768,58.26666666666509,16.68593749999924,15.866562499999239,4.995093957662274,5.0814475721899255,82,0.9,1.0,85525
bursty_high_s64,0.0,q8_a1.5_and,70411,58.39999999999796,54.26666666666475,17.31687499999925,16.337187499999253,5.321987428340798,5.327950552906495,82,0.8,1.0,84968
bursty_high_s64,0.0,q8_a1.5_and,70412,42.19999999999942,44.99999999999778,12.266562499999228,13.374687499999231,4.38180262021533,4.395161649520441,88,0.8,1.0,85212
bursty_high_s64,0.0,q8_a1.5_and,70413,61.73333333333085,59.200000000000244,16.950312499999242,17.039687499999253,5.55994055594723,5.529729621063956,130,0.8,1.0,84588
bursty_high_s64,0.0,q8_a1.5_and,70414,53.79999999999791,51.6666666666666,14.63468749999924,15.14312499999924,4.805466837566718,4.907901044514223,81,0.8,1.0,87011
bursty_high_s64,0.0,q8_a1.5_and,70415,52.86666666666662,52.79999999999768,16.339062499999237,16.169062499999242,5.603257962860671,5.717957546025347,104,0.8,1.0,84038
bursty_high_s64,0.0,q8_a1.5_and,70416,59.06666666666547,59.13333333333122,17.797812499999246,17.463749999999244,5.225826924829817,5.4353228961134645,133,0.9,1.0,84998
bursty_high_s64,0.0,q8_a1.5_and,70417,54.53333333333185,55.13333333333276,15.070937499999237,15.769687499999245,4.896049346075776,4.979205475062534,96,0.9,1.0,85294
bursty_high_s64,0.0,q8_a1.5_and,70418,53.53333333333259,53.3999999999989,15.841562499999242,16.296249999999244,5.260068512812681,5.152489510303967,105,0.8,1.0,85395
bursty_high_s64,0.0,q8_a1.5_and,70419,52.26666666666506,55.06666666666635,14.941562499999241,16.08187499999924,4.934815083719579,5.122316125060954,116,0.8,1.0,85025
bursty_high_s64,0.0,q8_a1.5_and,70420,51.133333333331706,58.399999999999466,14.956562499999242,16.565624999999248,4.952880253220693,4.972758529725462,107,0.7,1.0,84234
bursty_high_s64,0.0,q8_a1.5_and,70421,54.13333333333338,55.26666666666608,16.22468749999924,17.074687499999246,5.036188469588183,5.293985331988525,123,0.7,1.0,83993
bursty_high_s64,0.0,q8_a1.5_and,70422,59.93333333333345,57.000000000000114,17.58843749999925,17.237499999999248,5.686819233614704,5.5176241065580465,128,0.9,1.0,85331
bursty_high_s64,0.0,q8_a1.5_and,70423,54.59999999999974,59.133333333332814,15.589374999999247,16.46281249999925,4.845750337637269,4.835190447888906,128,0.8,1.0,85104
bursty_high_s64,0.0,q8_a1.5_and,70424,55.66666666666492,60.66666666666535,16.312187499999236,17.302812499999245,5.429253414245098,5.4851954976389825,110,0.8,1.0,86323
bursty_high_s64,0.0,q8_a1.5_and,70425,61.19999999999908,56.19999999999982,16.51499999999925,16.625312499999247,5.197304734566384,5.077444181670607,105,0.8,1.0,85146
bursty_high_s64,0.0,q8_a1.5_and,70426,54.59999999999991,56.39999999999958,16.262187499999243,16.27187499999924,5.155975964763525,5.284140028436759,117,0.9,1.0,83377
bursty_high_s64,0.0,q8_a1.5_and,70427,56.13333333333108,56.46666666666454,15.123124999999234,16.68624999999924,5.023391846558373,4.800530390254756,99,0.7,1.0,84642
bursty_high_s64,0.0,q8_a1.5_and,70428,65.4666666666649,57.33333333333155,17.88718749999925,17.898437499999247,5.596611538983836,5.541714122438225,105,0.8,1.0,84757
bursty_high_s64,0.0,q8_a1.5_and,70429,42.26666666666506,53.99999999999886,13.889687499999235,14.724374999999236,4.736643181411208,4.806013409312418,105,0.8,1.0,84701
bursty_high_s64,0.5,q2_a0.8_or,70400,57.06666666666604,59.566666666664474,16.879843749999246,17.45546874999925,5.2577149693337475,5.620986106339245,432,1.0,1.0,88907
bursty_high_s64,0.5,q2_a0.8_or,70401,61.36666666666508,58.69999999999766,16.64843749999924,17.29562499999924,5.410135389571688,5.447996847008905,438,1.0,1.0,86769
bursty_high_s64,0.5,q2_a0.8_or,70402,59.166666666665094,50.86666666666554,16.412968749999248,14.577656249999237,5.006178197625742,4.999287919130941,415,1.0,1.0,86801
bursty_high_s64,0.5,q2_a0.8_or,70403,60.999999999999716,63.49999999999807,16.684687499999242,17.760937499999248,5.41405405255631,5.58149557527525,443,1.0,1.0,87117
bursty_high_s64,0.5,q2_a0.8_or,70404,62.333333333332945,61.23333333333079,17.211093749999247,17.66796874999925,5.747098577749279,5.616915960672861,418,1.0,1.0,87335
bursty_high_s64,0.5,q2_a0.8_or,70405,57.93333333333106,54.333333333333385,16.668281249999243,16.637031249999243,5.436324623094125,5.468208001016994,425,1.0,1.0,87248
bursty_high_s64,0.5,q2_a0.8_or,70406,63.53333333333171,59.233333333331984,17.298749999999245,18.373281249999245,5.587939179358119,5.587118867794482,438,1.0,1.0,87531
bursty_high_s64,0.5,q2_a0.8_or,70407,65.06666666666513,58.23333333333366,17.720937499999255,17.31937499999925,5.731830022184032,5.844493461768012,435,1.0,1.0,86794
bursty_high_s64,0.5,q2_a0.8_or,70408,51.33333333333361,63.366666666664884,15.139999999999244,16.615468749999245,5.0630559947220215,5.294347511240832,415,1.0,1.0,87700
bursty_high_s64,0.5,q2_a0.8_or,70409,52.80000000000018,52.999999999997954,16.449374999999243,16.25468749999924,5.265988288703706,5.219869849190994,438,1.0,1.0,87740
bursty_high_s64,0.5,q2_a0.8_or,70410,56.79999999999819,55.49999999999869,16.30031249999924,16.324999999999243,5.108735175604596,5.33752797193908,440,1.0,1.0,87708
bursty_high_s64,0.5,q2_a0.8_or,70411,55.63333333333276,64.43333333333192,17.17453124999925,18.23578124999926,5.170395650163992,5.4991594230597505,427,1.0,1.0,86714
bursty_high_s64,0.5,q2_a0.8_or,70412,44.7666666666662,46.09999999999829,12.729843749999239,13.499062499999244,4.656039325421803,4.750189916715227,406,1.0,1.0,88122
bursty_high_s64,0.5,q2_a0.8_or,70413,64.66666666666498,62.899999999998215,18.01703124999925,18.037812499999248,5.472836596802093,5.635353527578703,439,1.0,1.0,86770
bursty_high_s64,0.5,q2_a0.8_or,70414,58.999999999997954,48.39999999999998,15.837812499999249,14.705781249999248,5.0388229019053234,5.073528029312695,397,1.0,1.0,88108
bursty_high_s64,0.5,q2_a0.8_or,70415,57.03333333333177,57.03333333333222,18.14593749999925,18.915937499999252,5.888971833277305,6.092748768937463,440,1.0,1.0,85706
bursty_high_s64,0.5,q2_a0.8_or,70416,62.26666666666503,54.566666666664275,16.702812499999247,16.239687499999242,5.598966061200509,5.44558587518652,423,1.0,1.0,87153
bursty_high_s64,0.5,q2_a0.8_or,70417,51.43333333333254,58.533333333331086,15.92609374999924,17.807187499999245,5.230146064170514,5.272293883502842,425,1.0,1.0,86955
bursty_high_s64,0.5,q2_a0.8_or,70418,55.866666666664685,57.50000000000003,16.307968749999247,16.426093749999247,5.434073905355019,5.407968752800108,435,1.0,1.0,87781
bursty_high_s64,0.5,q2_a0.8_or,70419,56.93333333333163,53.49999999999798,14.649687499999242,15.463749999999237,5.129477959310975,5.106959681464821,414,1.0,1.0,84975
bursty_high_s64,0.5,q2_a0.8_or,70420,58.633333333332416,54.16666666666572,17.301406249999243,16.50374999999925,5.390537911736536,5.312231754984304,416,1.0,1.0,86418
bursty_high_s64,0.5,q2_a0.8_or,70421,52.16666666666487,59.89999999999782,15.379062499999245,17.59343749999925,5.3648494018516,5.4038946655249305,420,1.0,1.0,87721
bursty_high_s64,0.5,q2_a0.8_or,70422,60.06666666666422,56.833333333333655,17.09015624999924,16.543749999999243,5.87210604888187,5.783695414718781,431,1.0,1.0,86979
bursty_high_s64,0.5,q2_a0.8_or,70423,56.86666666666571,53.966666666664935,16.55734374999925,15.634218749999246,5.132207342196438,5.167655805821252,407,1.0,1.0,88792
bursty_high_s64,0.5,q2_a0.8_or,70424,65.99999999999787,59.09999999999761,17.933593749999243,17.919374999999246,5.7208093163934,5.592817550920114,441,1.0,1.0,87705
bursty_high_s64,0.5,q2_a0.8_or,70425,53.166666666664156,64.09999999999889,16.28406249999924,16.997343749999253,5.319557307138758,5.260356929311395,405,1.0,1.0,87731
bursty_high_s64,0.5,q2_a0.8_or,70426,61.19999999999828,64.76666666666702,16.16828124999925,16.799531249999248,5.415267353779982,5.501869168083095,413,1.0,1.0,86480
bursty_high_s64,0.5,q2_a0.8_or,70427,54.96666666666499,51.433333333331234,15.887968749999242,15.64359374999924,5.162336261138707,5.163977473090741,413,1.0,1.0,86971
bursty_high_s64,0.5,q2_a0.8_or,70428,70.06666666666462,58.599999999997976,19.292343749999258,18.329062499999253,5.6863409538437075,5.804082347264898,439,1.0,1.0,87505
bursty_high_s64,0.5,q2_a0.8_or,70429,56.06666666666479,56.133333333333155,15.04734374999924,16.20468749999924,4.83625550687286,5.053697832064641,420,1.0,1.0,86922
bursty_high_s64,0.5,q2_a0.8_and,70400,57.06666666666604,54.766666666665486,16.879843749999246,16.785624999999243,5.2577149693337475,5.422701000991024,366,1.0,1.0,87139
bursty_high_s64,0.5,q2_a0.8_and,70401,61.36666666666508,52.93333333333257,16.64843749999924,16.980468749999243,5.410135389571688,5.2692393573601315,344,1.0,1.0,86870
bursty_high_s64,0.5,q2_a0.8_and,70402,59.166666666665094,53.40000000000006,16.412968749999248,15.493749999999238,5.006178197625742,5.21378778793182,303,0.9,1.0,86354
bursty_high_s64,0.5,q2_a0.8_and,70403,60.999999999999716,56.39999999999776,16.684687499999242,15.789999999999239,5.41405405255631,5.340108680190989,316,1.0,1.0,86955
bursty_high_s64,0.5,q2_a0.8_and,70404,62.333333333332945,58.699999999998965,17.211093749999247,17.850312499999255,5.747098577749279,5.628108874119639,352,1.0,1.0,86871
bursty_high_s64,0.5,q2_a0.8_and,70405,57.93333333333106,55.53333333333363,16.668281249999243,16.459218749999234,5.436324623094125,5.447015784255848,333,1.0,1.0,86882
bursty_high_s64,0.5,q2_a0.8_and,70406,63.53333333333171,52.59999999999866,17.298749999999245,15.816718749999234,5.587939179358119,5.558730831214778,319,1.0,1.0,88313
bursty_high_s64,0.5,q2_a0.8_and,70407,65.06666666666513,57.93333333333271,17.720937499999255,18.45953124999925,5.731830022184032,5.673888308425512,359,1.0,1.0,86636
bursty_high_s64,0.5,q2_a0.8_and,70408,51.33333333333361,52.366666666665935,15.139999999999244,16.238593749999243,5.0630559947220215,5.246178369598772,330,1.0,1.0,87112
bursty_high_s64,0.5,q2_a0.8_and,70409,52.80000000000018,53.93333333333197,16.449374999999243,16.65890624999924,5.265988288703706,5.342847422193007,346,1.0,1.0,88459
bursty_high_s64,0.5,q2_a0.8_and,70410,56.79999999999819,52.83333333333087,16.30031249999924,15.759999999999232,5.108735175604596,5.346994567032914,330,1.0,1.0,86175
bursty_high_s64,0.5,q2_a0.8_and,70411,55.63333333333276,67.96666666666562,17.17453124999925,17.67484374999925,5.170395650163992,5.461843760181936,344,1.0,1.0,86291
bursty_high_s64,0.5,q2_a0.8_and,70412,44.7666666666662,49.29999999999919,12.729843749999239,14.57218749999924,4.656039325421803,4.674337102214371,303,1.0,1.0,87709
bursty_high_s64,0.5,q2_a0.8_and,70413,64.66666666666498,65.96666666666454,18.01703124999925,18.13765624999925,5.472836596802093,5.759341031752975,338,1.0,1.0,88151
bursty_high_s64,0.5,q2_a0.8_and,70414,58.999999999997954,55.233333333332496,15.837812499999249,16.31421874999925,5.0388229019053234,5.175933565982323,306,0.9,1.0,87801
bursty_high_s64,0.5,q2_a0.8_and,70415,57.03333333333177,62.03333333333262,18.14593749999925,19.642499999999252,5.888971833277305,6.049953050061196,357,1.0,1.0,86414
bursty_high_s64,0.5,q2_a0.8_and,70416,62.26666666666503,61.566666666665355,16.702812499999247,17.410781249999246,5.598966061200509,5.591896679974124,329,1.0,1.0,87005
bursty_high_s64,0.5,q2_a0.8_and,70417,51.43333333333254,61.2333333333315,15.92609374999924,16.91999999999925,5.230146064170514,5.401345617965353,322,1.0,1.0,87165
bursty_high_s64,0.5,q2_a0.8_and,70418,55.866666666664685,55.033333333332564,16.307968749999247,16.207187499999243,5.434073905355019,5.3548846078790575,325,1.0,1.0,86955
bursty_high_s64,0.5,q2_a0.8_and,70419,56.93333333333163,49.99999999999878,14.649687499999242,14.987812499999247,5.129477959310975,5.174606635685899,315,1.0,1.0,86247
bursty_high_s64,0.5,q2_a0.8_and,70420,58.633333333332416,54.499999999997925,17.301406249999243,15.480312499999243,5.390537911736536,5.239635357654459,323,1.0,1.0,85864
bursty_high_s64,0.5,q2_a0.8_and,70421,52.16666666666487,51.73333333333156,15.379062499999245,16.52093749999925,5.3648494018516,5.363452304101225,334,1.0,1.0,86325
bursty_high_s64,0.5,q2_a0.8_and,70422,60.06666666666422,58.49999999999852,17.09015624999924,16.86562499999925,5.87210604888187,5.743316520501813,348,1.0,1.0,88154
bursty_high_s64,0.5,q2_a0.8_and,70423,56.86666666666571,56.6999999999984,16.55734374999925,16.04046874999925,5.132207342196438,5.06862792907585,321,1.0,1.0,87822
bursty_high_s64,0.5,q2_a0.8_and,70424,65.99999999999787,63.63333333333145,17.933593749999243,18.58968749999925,5.7208093163934,5.705922231709197,335,1.0,1.0,87365
bursty_high_s64,0.5,q2_a0.8_and,70425,53.166666666664156,66.33333333333252,16.28406249999924,17.357656249999245,5.319557307138758,5.268298920390217,323,1.0,1.0,87036
bursty_high_s64,0.5,q2_a0.8_and,70426,61.19999999999828,58.899999999998386,16.16828124999925,16.953593749999246,5.415267353779982,5.538201945617837,359,1.0,1.0,86218
bursty_high_s64,0.5,q2_a0.8_and,70427,54.96666666666499,57.76666666666563,15.887968749999242,16.288593749999244,5.162336261138707,5.1900376056500885,301,1.0,1.0,87161
bursty_high_s64,0.5,q2_a0.8_and,70428,70.06666666666462,66.73333333333238,19.292343749999258,19.604687499999255,5.6863409538437075,5.729966986352858,353,1.0,1.0,87546
bursty_high_s64,0.5,q2_a0.8_and,70429,56.06666666666479,49.59999999999917,15.04734374999924,14.612656249999237,4.83625550687286,4.968262471779434,314,1.0,1.0,86164
bursty_high_s64,0.5,q2_a1.5_or,70400,57.06666666666604,61.69999999999965,16.879843749999246,17.245156249999244,5.2577149693337475,5.273288667830703,368,1.0,1.0,87235
bursty_high_s64,0.5,q2_a1.5_or,70401,61.36666666666508,56.59999999999803,16.64843749999924,18.507343749999247,5.410135389571688,5.371289063357811,372,1.0,1.0,86774
bursty_high_s64,0.5,q2_a1.5_or,70402,59.166666666665094,51.0000000000002,16.412968749999248,14.829062499999239,5.006178197625742,5.232775905349215,352,0.9,1.0,85859
bursty_high_s64,0.5,q2_a1.5_or,70403,60.999999999999716,60.4666666666668,16.684687499999242,17.394062499999254,5.41405405255631,5.443120766618135,379,1.0,1.0,86702
bursty_high_s64,0.5,q2_a1.5_or,70404,62.333333333332945,67.83333333333104,17.211093749999247,18.731562499999253,5.747098577749279,5.573983094301644,377,1.0,1.0,86965
bursty_high_s64,0.5,q2_a1.5_or,70405,57.93333333333106,56.23333333333238,16.668281249999243,16.690156249999237,5.436324623094125,5.403687847171908,369,1.0,1.0,86945
bursty_high_s64,0.5,q2_a1.5_or,70406,63.53333333333171,60.833333333331524,17.298749999999245,17.652031249999247,5.587939179358119,5.599761752619292,375,1.0,1.0,88067
bursty_high_s64,0.5,q2_a1.5_or,70407,65.06666666666513,56.49999999999932,17.720937499999255,17.350312499999248,5.731830022184032,5.703439806704717,386,1.0,1.0,87833
bursty_high_s64,0.5,q2_a1.5_or,70408,51.33333333333361,55.866666666665566,15.139999999999244,15.86468749999924,5.0630559947220215,5.22198208708524,374,1.0,1.0,87431
bursty_high_s64,0.5,q2_a1.5_or,70409,52.80000000000018,52.03333333333171,16.449374999999243,16.45468749999924,5.265988288703706,5.136193345435361,385,1.0,1.0,87090
bursty_high_s64,0.5,q2_a1.5_or,70410,56.79999999999819,53.733333333333036,16.30031249999924,16.105156249999233,5.108735175604596,5.430905156910244,376,1.0,1.0,87326
bursty_high_s64,0.5,q2_a1.5_or,70411,55.63333333333276,62.633333333332416,17.17453124999925,18.17078124999926,5.170395650163992,5.449930846909429,379,1.0,1.0,88679
bursty_high_s64,0.5,q2_a1.5_or,70412,44.7666666666662,50.533333333333104,12.729843749999239,14.326249999999243,4.656039325421803,4.785100285929926,340,1.0,1.0,87654
bursty_high_s64,0.5,q2_a1.5_or,70413,64.66666666666498,62.66666666666464,18.01703124999925,17.37734374999925,5.472836596802093,5.653373495078897,384,1.0,1.0,87412
bursty_high_s64,0.5,q2_a1.5_or,70414,58.999999999997954,55.233333333332496,15.837812499999249,16.31421874999925,5.0388229019053234,5.175933565982323,345,0.9,1.0,87881
bursty_high_s64,0.5,q2_a1.5_or,70415,57.03333333333177,58.33333333333218,18.14593749999925,18.181562499999252,5.888971833277305,6.012587528554178,399,1.0,1.0,86756
bursty_high_s64,0.5,q2_a1.5_or,70416,62.26666666666503,62.866666666664344,16.702812499999247,18.461874999999257,5.598966061200509,5.496373543406893,364,1.0,1.0,86861
bursty_high_s64,0.5,q2_a1.5_or,70417,51.43333333333254,56.90000000000032,15.92609374999924,16.78578124999924,5.230146064170514,5.300797427702458,368,1.0,1.0,87335
bursty_high_s64,0.5,q2_a1.5_or,70418,55.866666666664685,58.766666666664946,16.307968749999247,17.962968749999252,5.434073905355019,5.266760000623201,388,1.0,1.0,87512
bursty_high_s64,0.5,q2_a1.5_or,70419,56.93333333333163,57.49999999999878,14.649687499999242,15.961406249999243,5.129477959310975,5.134076433808748,370,1.0,1.0,87273
bursty_high_s64,0.5,q2_a1.5_or,70420,58.633333333332416,58.59999999999951,17.301406249999243,16.51421874999924,5.390537911736536,5.139795570918592,357,1.0,1.0,87127
bursty_high_s64,0.5,q2_a1.5_or,70421,52.16666666666487,57.2666666666654,15.379062499999245,16.665937499999252,5.3648494018516,5.472071424195161,363,1.0,1.0,87076
bursty_high_s64,0.5,q2_a1.5_or,70422,60.06666666666422,66.29999999999842,17.09015624999924,18.52031249999925,5.87210604888187,5.876298876710559,400,1.0,1.0,87264
bursty_high_s64,0.5,q2_a1.5_or,70423,56.86666666666571,56.6999999999984,16.55734374999925,16.04046874999925,5.132207342196438,5.06862792907585,344,1.0,1.0,87818
bursty_high_s64,0.5,q2_a1.5_or,70424,65.99999999999787,59.99999999999781,17.933593749999243,17.22312499999925,5.7208093163934,5.661486465478015,387,1.0,1.0,86677
bursty_high_s64,0.5,q2_a1.5_or,70425,53.166666666664156,60.59999999999883,16.28406249999924,16.104218749999244,5.319557307138758,5.373062230997581,345,1.0,1.0,85914
bursty_high_s64,0.5,q2_a1.5_or,70426,61.19999999999828,49.33333333333084,16.16828124999925,15.85546874999925,5.415267353779982,5.414846216712653,383,1.0,1.0,86430
bursty_high_s64,0.5,q2_a1.5_or,70427,54.96666666666499,56.333333333331325,15.887968749999242,16.052187499999242,5.162336261138707,5.110369338356628,328,1.0,1.0,87500
bursty_high_s64,0.5,q2_a1.5_or,70428,70.06666666666462,59.733333333331956,19.292343749999258,17.11374999999925,5.6863409538437075,5.747905495109306,377,1.0,1.0,87505
bursty_high_s64,0.5,q2_a1.5_or,70429,56.06666666666479,61.46666666666516,15.04734374999924,18.051874999999246,4.83625550687286,5.132460309022805,373,1.0,1.0,87738
bursty_high_s64,0.5,q2_a1.5_and,70400,57.06666666666604,54.06666666666587,16.879843749999246,16.241093749999244,5.2577149693337475,5.326673634193871,221,0.9,1.0,85405
bursty_high_s64,0.5,q2_a1.5_and,70401,61.36666666666508,61.70000000000012,16.64843749999924,17.49171874999925,5.410135389571688,5.378355294643386,237,0.9,1.0,85997
bursty_high_s64,0.5,q2_a1.5_and,70402,59.166666666665094,61.299999999998875,16.412968749999248,15.48468749999924,5.006178197625742,5.065567494707979,232,0.9,1.0,85984
bursty_high_s64,0.5,q2_a1.5_and,70403,60.999999999999716,63.93333333333226,16.684687499999242,17.890156249999247,5.41405405255631,5.212409354443357,260,0.9,1.0,86015
bursty_high_s64,0.5,q2_a1.5_and,70404,62.333333333332945,68.13333333333179,17.211093749999247,18.572499999999252,5.747098577749279,5.626988429440413,243,0.9,1.0,85561
bursty_high_s64,0.5,q2_a1.5_and,70405,57.93333333333106,60.03333333333214,16.668281249999243,18.15109374999924,5.436324623094125,5.453236175305651,233,1.0,1.0,85221
bursty_high_s64,0.5,q2_a1.5_and,70406,63.53333333333171,53.06666666666618,17.298749999999245,16.114062499999243,5.587939179358119,5.562936723033928,221,1.0,1.0,85922
bursty_high_s64,0.5,q2_a1.5_and,70407,65.06666666666513,61.83333333333212,17.720937499999255,17.98171874999925,5.731830022184032,5.799380301958515,240,0.9,1.0,85601
bursty_high_s64,0.5,q2_a1.5_and,70408,51.33333333333361,53.39999999999861,15.139999999999244,15.26453124999924,5.0630559947220215,5.061315317038114,208,0.9,1.0,86015
bursty_high_s64,0.5,q2_a1.5_and,70409,52.80000000000018,55.7666666666654,16.449374999999243,17.840624999999243,5.265988288703706,5.293930584123924,258,0.9,1.0,87093
bursty_high_s64,0.5,q2_a1.5_and,70410,56.79999999999819,58.76666666666682,16.30031249999924,17.007812499999243,5.108735175604596,5.302006529513237,242,0.9,1.0,86064
bursty_high_s64,0.5,q2_a1.5_and,70411,55.63333333333276,57.599999999998886,17.17453124999925,17.82203124999925,5.170395650163992,5.508867638620403,252,1.0,1.0,86952
bursty_high_s64,0.5,q2_a1.5_and,70412,44.7666666666662,49.43333333333098,12.729843749999239,13.75124999999924,4.656039325421803,4.771471072071515,195,0.9,1.0,85928
bursty_high_s64,0.5,q2_a1.5_and,70413,64.66666666666498,60.733333333330904,18.01703124999925,17.722968749999247,5.472836596802093,5.523172731579436,240,0.9,1.0,85197
bursty_high_s64,0.5,q2_a1.5_and,70414,58.999999999997954,66.83333333333235,15.837812499999249,16.86093749999925,5.0388229019053234,5.159377475737272,213,0.9,1.0,87908
bursty_high_s64,0.5,q2_a1.5_and,70415,57.03333333333177,55.50000000000023,18.14593749999925,16.657187499999242,5.888971833277305,6.075907470294502,232,0.9,1.0,85965
bursty_high_s64,0.5,q2_a1.5_and,70416,62.26666666666503,62.19999999999828,16.702812499999247,17.307499999999244,5.598966061200509,5.46392496335922,232,1.0,1.0,86490
bursty_high_s64,0.5,q2_a1.5_and,70417,51.43333333333254,60.16666666666481,15.92609374999924,17.069999999999247,5.230146064170514,5.29786747462247,227,0.9,1.0,85554
bursty_high_s64,0.5,q2_a1.5_and,70418,55.866666666664685,58.03333333333268,16.307968749999247,16.20484374999925,5.434073905355019,5.462110195917691,235,0.9,1.0,86014
bursty_high_s64,0.5,q2_a1.5_and,70419,56.93333333333163,53.13333333333219,14.649687499999242,15.71828124999924,5.129477959310975,5.183090303861283,215,0.9,1.0,86004
bursty_high_s64,0.5,q2_a1.5_and,70420,58.633333333332416,63.09999999999948,17.301406249999243,17.005156249999246,5.390537911736536,5.325950708755805,219,0.9,1.0,86618
bursty_high_s64,0.5,q2_a1.5_and,70421,52.16666666666487,56.799999999999216,15.379062499999245,17.681093749999253,5.3648494018516,5.490546488188064,236,0.9,1.0,86347
bursty_high_s64,0.5,q2_a1.5_and,70422,60.06666666666422,57.733333333331416,17.09015624999924,16.50562499999925,5.87210604888187,5.9928828675114385,241,0.9,1.0,86897
bursty_high_s64,0.5,q2_a1.5_and,70423,56.86666666666571,58.36666666666525,16.55734374999925,15.64187499999925,5.132207342196438,5.035928061560164,209,0.9,1.0,85886
bursty_high_s64,0.5,q2_a1.5_and,70424,65.99999999999787,62.69999999999868,17.933593749999243,19.15812499999925,5.7208093163934,5.670999373850599,296,0.9,1.0,86330
bursty_high_s64,0.5,q2_a1.5_and,70425,53.166666666664156,66.26666666666591,16.28406249999924,18.399062499999253,5.319557307138758,5.3257696472057106,260,0.9,1.0,88605
bursty_high_s64,0.5,q2_a1.5_and,70426,61.19999999999828,57.099999999998374,16.16828124999925,17.19890624999925,5.415267353779982,5.392267177131272,252,0.9,1.0,86034
bursty_high_s64,0.5,q2_a1.5_and,70427,54.96666666666499,60.69999999999894,15.887968749999242,16.639374999999237,5.162336261138707,4.903128041091852,233,0.9,1.0,85992
bursty_high_s64,0.5,q2_a1.5_and,70428,70.06666666666462,62.23333333333261,19.292343749999258,18.951718749999255,5.6863409538437075,5.7851299646818015,253,0.9,1.0,85851
bursty_high_s64,0.5,q2_a1.5_and,70429,56.06666666666479,53.466666666665446,15.04734374999924,15.499062499999244,4.83625550687286,5.087098598857008,212,0.9,1.0,86300
bursty_high_s64,0.5,q4_a0.8_or,70400,57.06666666666604,61.833333333332746,16.879843749999246,17.857656249999245,5.2577149693337475,5.421955217640119,420,1.0,1.0,88388
bursty_high_s64,0.5,q4_a0.8_or,70401,61.36666666666508,58.69999999999766,16.64843749999924,17.29562499999924,5.410135389571688,5.447996847008905,435,1.0,1.0,86769
bursty_high_s64,0.5,q4_a0.8_or,70402,59.166666666665094,54.29999999999856,16.412968749999248,15.652656249999236,5.006178197625742,5.2284187475485036,413,1.0,1.0,87550
bursty_high_s64,0.5,q4_a0.8_or,70403,60.999999999999716,60.93333333333209,16.684687499999242,17.492499999999247,5.41405405255631,5.451011874478999,435,1.0,1.0,88370
bursty_high_s64,0.5,q4_a0.8_or,70404,62.333333333332945,66.09999999999775,17.211093749999247,18.61984374999925,5.747098577749279,5.717683624427446,410,1.0,1.0,87354
bursty_high_s64,0.5,q4_a0.8_or,70405,57.93333333333106,59.8666666666646,16.668281249999243,17.08187499999924,5.436324623094125,5.364424253552864,414,1.0,1.0,85538
bursty_high_s64,0.5,q4_a0.8_or,70406,63.53333333333171,62.09999999999778,17.298749999999245,17.504843749999246,5.587939179358119,5.705147171818748,433,1.0,1.0,87635
bursty_high_s64,0.5,q4_a0.8_or,70407,65.06666666666513,58.20000000000019,17.720937499999255,17.750312499999254,5.731830022184032,5.747492053291356,432,1.0,1.0,87232
bursty_high_s64,0.5,q4_a0.8_or,70408,51.33333333333361,48.19999999999783,15.139999999999244,15.180781249999248,5.0630559947220215,5.272714797489534,407,1.0,1.0,86445
bursty_high_s64,0.5,q4_a0.8_or,70409,52.80000000000018,61.33333333333138,16.449374999999243,19.175781249999247,5.265988288703706,5.322569607317522,438,1.0,1.0,87508
bursty_high_s64,0.5,q4_a0.8_or,70410,56.79999999999819,57.533333333333104,16.30031249999924,17.348437499999243,5.108735175604596,5.39686111676114,430,1.0,1.0,86771
bursty_high_s64,0.5,q4_a0.8_or,70411,55.63333333333276,70.1333333333325,17.17453124999925,17.740468749999255,5.170395650163992,5.6855190781959255,422,1.0,1.0,89180
bursty_high_s64,0.5,q4_a0.8_or,70412,44.7666666666662,50.96666666666573,12.729843749999239,14.997031249999244,4.656039325421803,4.545981653583853,406,1.0,1.0,86804
bursty_high_s64,0.5,q4_a0.8_or,70413,64.66666666666498,55.46666666666573,18.01703124999925,16.710624999999247,5.472836596802093,5.76886446082686,419,1.0,1.0,87386
bursty_high_s64,0.5,q4_a0.8_or,70414,58.999999999997954,52.99999999999946,15.837812499999249,15.910781249999246,5.0388229019053234,5.078266753464739,402,1.0,1.0,88148
bursty_high_s64,0.5,q4_a0.8_or,70415,57.03333333333177,57.13333333333344,18.14593749999925,19.37734374999925,5.888971833277305,6.006808655079185,432,1.0,1.0,85797
bursty_high_s64,0.5,q4_a0.8_or,70416,62.26666666666503,62.23333333333139,16.702812499999247,18.902343749999247,5.598966061200509,5.686207243587658,427,1.0,1.0,87701
bursty_high_s64,0.5,q4_a0.8_or,70417,51.43333333333254,59.5333333333312,15.92609374999924,16.299218749999252,5.230146064170514,5.264302792527383,415,1.0,1.0,88194
bursty_high_s64,0.5,q4_a0.8_or,70418,55.866666666664685,57.86666666666633,16.307968749999247,17.11765624999925,5.434073905355019,5.442816459203341,424,1.0,1.0,87662
bursty_high_s64,0.5,q4_a0.8_or,70419,56.93333333333163,54.533333333332564,14.649687499999242,15.658593749999245,5.129477959310975,5.064418060776782,411,1.0,1.0,87493
bursty_high_s64,0.5,q4_a0.8_or,70420,58.633333333332416,59.1999999999982,17.301406249999243,17.29515624999925,5.390537911736536,5.263710811711881,421,1.0,1.0,87294
bursty_high_s64,0.5,q4_a0.8_or,70421,52.16666666666487,50.5333333333312,15.379062499999245,15.628593749999249,5.3648494018516,5.457662020083552,386,1.0,1.0,86562
bursty_high_s64,0.5,q4_a0.8_or,70422,60.06666666666422,56.766666666666,17.09015624999924,17.686249999999248,5.87210604888187,5.606894135891303,422,1.0,1.0,88088
bursty_high_s64,0.5,q4_a0.8_or,70423,56.86666666666571,55.83333333333172,16.55734374999925,15.939374999999249,5.132207342196438,5.122431585252441,401,1.0,1.0,88395
bursty_high_s64,0.5,q4_a0.8_or,70424,65.99999999999787,64.03333333333222,17.933593749999243,17.641249999999246,5.7208093163934,5.731963279422729,444,1.0,1.0,86070
bursty_high_s64,0.5,q4_a0.8_or,70425,53.166666666664156,59.96666666666471,16.28406249999924,16.93109374999925,5.319557307138758,5.3323391584958015,402,1.0,1.0,87542
bursty_high_s64,0.5,q4_a0.8_or,70426,61.19999999999828,61.466666666664366,16.16828124999925,18.006718749999248,5.415267353779982,5.4051053832023275,419,1.0,1.0,86331
bursty_high_s64,0.5,q4_a0.8_or,70427,54.96666666666499,48.066666666664275,15.887968749999242,15.525781249999238,5.162336261138707,5.101087293485885,405,1.0,1.0,86752
bursty_high_s64,0.5,q4_a0.8_or,70428,70.06666666666462,57.63333333333202,19.292343749999258,18.614218749999253,5.6863409538437075,5.824431105598323,434,1.0,1.0,86555
bursty_high_s64,0.5,q4_a0.8_or,70429,56.06666666666479,51.633333333333624,15.04734374999924,15.488906249999237,4.83625550687286,5.02036469573989,401,1.0,1.0,87466
bursty_high_s64,0.5,q4_a0.8_and,70400,57.06666666666604,47.29999999999853,16.879843749999246,15.052343749999242,5.2577149693337475,5.276452678551273,225,0.9,1.0,85393
bursty_high_s64,0.5,q4_a0.8_and,70401,61.36666666666508,60.19999999999871,16.64843749999924,17.584531249999245,5.410135389571688,5.326021498319335,268,0.9,1.0,84956
bursty_high_s64,0.5,q4_a0.8_and,70402,59.166666666665094,51.06666666666504,16.412968749999248,15.587187499999235,5.006178197625742,5.015382933350029,236,0.9,1.0,86364
bursty_high_s64,0.5,q4_a0.8_and,70403,60.999999999999716,60.199999999999136,16.684687499999242,17.48234374999925,5.41405405255631,5.552982401253763,263,0.9,1.0,87128
bursty_high_s64,0.5,q4_a0.8_and,70404,62.333333333332945,70.16666666666595,17.211093749999247,18.70734374999926,5.747098577749279,5.574598157798732,247,0.9,1.0,86484
bursty_high_s64,0.5,q4_a0.8_and,70405,57.93333333333106,57.23333333333201,16.668281249999243,17.25343749999924,5.436324623094125,5.339866787091962,270,1.0,1.0,85428
bursty_high_s64,0.5,q4_a0.8_and,70406,63.53333333333171,69.09999999999815,17.298749999999245,18.907968749999256,5.587939179358119,5.696639731831629,269,1.0,1.0,86569
bursty_high_s64,0.5,q4_a0.8_and,70407,65.06666666666513,57.73333333333113,17.720937499999255,17.070624999999247,5.731830022184032,5.663512783773871,242,1.0,1.0,86929
bursty_high_s64,0.5,q4_a0.8_and,70408,51.33333333333361,60.59999999999886,15.139999999999244,17.188906249999253,5.0630559947220215,5.1580622071007145,256,0.9,1.0,86463
bursty_high_s64,0.5,q4_a0.8_and,70409,52.80000000000018,54.56666666666621,16.449374999999243,17.283124999999245,5.265988288703706,5.227690383701649,264,0.9,1.0,86353
bursty_high_s64,0.5,q4_a0.8_and,70410,56.79999999999819,57.5999999999984,16.30031249999924,17.17062499999924,5.108735175604596,5.350283843841034,242,1.0,1.0,84923
bursty_high_s64,0.5,q4_a0.8_and,70411,55.63333333333276,60.73333333333201,17.17453124999925,17.511718749999257,5.170395650163992,5.37617606666871,240,1.0,1.0,86995
bursty_high_s64,0.5,q4_a0.8_and,70412,44.7666666666662,53.433333333332655,12.729843749999239,14.762656249999242,4.656039325421803,4.795255084946689,223,0.9,1.0,87992
bursty_high_s64,0.5,q4_a0.8_and,70413,64.66666666666498,62.266666666665685,18.01703124999925,18.144843749999254,5.472836596802093,5.6366893461847445,248,1.0,1.0,85442
bursty_high_s64,0.5,q4_a0.8_and,70414,58.999999999997954,51.966666666664594,15.837812499999249,15.610624999999242,5.0388229019053234,5.199968348722241,224,0.9,1.0,87412
bursty_high_s64,0.5,q4_a0.8_and,70415,57.03333333333177,53.06666666666598,18.14593749999925,16.845156249999242,5.888971833277305,5.889422465618546,243,0.9,1.0,86505
bursty_high_s64,0.5,q4_a0.8_and,70416,62.26666666666503,56.49999999999878,16.702812499999247,15.92499999999924,5.598966061200509,5.532122145070875,221,0.9,1.0,85253
bursty_high_s64,0.5,q4_a0.8_and,70417,51.43333333333254,57.16666666666589,15.92609374999924,16.207187499999243,5.230146064170514,5.245793015358691,248,1.0,1.0,86525
bursty_high_s64,0.5,q4_a0.8_and,70418,55.866666666664685,59.366666666664344,16.307968749999247,16.162343749999245,5.434073905355019,5.355760398736019,217,0.9,1.0,86059
bursty_high_s64,0.5,q4_a0.8_and,70419,56.93333333333163,60.19999999999925,14.649687499999242,16.11312499999924,5.129477959310975,5.15816579510212,226,1.0,1.0,86141
bursty_high_s64,0.5,q4_a0.8_and,70420,58.633333333332416,54.06666666666558,17.301406249999243,15.868749999999247,5.390537911736536,5.369722100010079,247,1.0,1.0,85629
bursty_high_s64,0.5,q4_a0.8_and,70421,52.16666666666487,58.566666666666904,15.379062499999245,16.78109374999925,5.3648494018516,5.490055358595773,229,0.9,1.0,85213
bursty_high_s64,0.5,q4_a0.8_and,70422,60.06666666666422,64.50000000000014,17.09015624999924,19.320312499999257,5.87210604888187,5.878626932342501,279,0.9,1.0,86653
bursty_high_s64,0.5,q4_a0.8_and,70423,56.86666666666571,54.53333333333296,16.55734374999925,16.417968749999247,5.132207342196438,4.980834578550469,247,1.0,1.0,87490
bursty_high_s64,0.5,q4_a0.8_and,70424,65.99999999999787,58.73333333333187,17.933593749999243,18.56624999999925,5.7208093163934,5.715914143425174,269,0.9,1.0,86811
bursty_high_s64,0.5,q4_a0.8_and,70425,53.166666666664156,60.33333333333246,16.28406249999924,17.985937499999245,5.319557307138758,5.465033533273635,246,0.9,1.0,86664
bursty_high_s64,0.5,q4_a0.8_and,70426,61.19999999999828,61.69999999999996,16.16828124999925,16.67609374999925,5.415267353779982,5.559234533656653,232,1.0,1.0,86456
bursty_high_s64,0.5,q4_a0.8_and,70427,54.96666666666499,55.333333333331325,15.887968749999242,16.347499999999236,5.162336261138707,5.102927076752521,230,1.0,1.0,87327
bursty_high_s64,0.5,q4_a0.8_and,70428,70.06666666666462,62.46666666666579,19.292343749999258,19.09984374999926,5.6863409538437075,5.831802538342014,261,0.9,1.0,86781
bursty_high_s64,0.5,q4_a0.8_and,70429,56.06666666666479,56.69999999999777,15.04734374999924,16.388124999999253,4.83625550687286,5.062819329911414,255,1.0,1.0,86339
bursty_high_s64,0.5,q4_a1.5_or,70400,57.06666666666604,57.23333333333227,16.879843749999246,15.976718749999247,5.2577149693337475,5.3109736762885875,281,0.9,1.0,85939
bursty_high_s64,0.5,q4_a1.5_or,70401,61.36666666666508,62.63333333333128,16.64843749999924,17.14843749999925,5.410135389571688,5.38193926223129,312,0.9,1.0,85037
bursty_high_s64,0.5,q4_a1.5_or,70402,59.166666666665094,53.566666666664474,16.412968749999248,16.408437499999245,5.006178197625742,5.097830361281947,290,0.9,1.0,84560
bursty_high_s64,0.5,q4_a1.5_or,70403,60.999999999999716,56.99999999999801,16.684687499999242,17.991874999999254,5.41405405255631,5.50806242517012,321,0.9,1.0,86625
bursty_high_s64,0.5,q4_a1.5_or,70404,62.333333333332945,63.69999999999871,17.211093749999247,18.102031249999254,5.747098577749279,5.508920015318532,308,1.0,1.0,85062
bursty_high_s64,0.5,q4_a1.5_or,70405,57.93333333333106,51.76666666666475,16.668281249999243,16.095312499999235,5.436324623094125,5.352659210659615,295,1.0,1.0,85704
bursty_high_s64,0.5,q4_a1.5_or,70406,63.53333333333171,58.39999999999782,17.298749999999245,18.154843749999248,5.587939179358119,5.761896547971149,302,1.0,1.0,86642
bursty_high_s64,0.5,q4_a1.5_or,70407,65.06666666666513,57.96666666666499,17.720937499999255,17.76281249999925,5.731830022184032,5.69762420803959,303,1.0,1.0,85900
bursty_high_s64,0.5,q4_a1.5_or,70408,51.33333333333361,53.499999999998494,15.139999999999244,17.14093749999925,5.0630559947220215,5.207080276419232,309,0.9,1.0,86455
bursty_high_s64,0.5,q4_a1.5_or,70409,52.80000000000018,58.63333333333128,16.449374999999243,17.942031249999246,5.265988288703706,5.327605235602678,325,0.9,1.0,86532
bursty_high_s64,0.5,q4_a1.5_or,70410,56.79999999999819,56.999999999998636,16.30031249999924,17.241249999999248,5.108735175604596,5.358375882762298,317,1.0,1.0,86953
bursty_high_s64,0.5,q4_a1.5_or,70411,55.63333333333276,53.399999999998215,17.17453124999925,16.56249999999925,5.170395650163992,5.53260140338083,301,1.0,1.0,86258
bursty_high_s64,0.5,q4_a1.5_or,70412,44.7666666666662,50.59999999999792,12.729843749999239,15.451249999999249,4.656039325421803,4.725230248138081,290,0.9,1.0,87845
bursty_high_s64,0.5,q4_a1.5_or,70413,64.66666666666498,59.23333333333278,18.01703124999925,17.486249999999252,5.472836596802093,5.62665985470025,304,1.0,1.0,84949
bursty_high_s64,0.5,q4_a1.5_or,70414,58.999999999997954,56.79999999999828,15.837812499999249,16.455156249999252,5.0388229019053234,5.143595491275337,287,0.9,1.0,88726
bursty_high_s64,0.5,q4_a1.5_or,70415,57.03333333333177,60.69999999999834,18.14593749999925,18.461249999999247,5.888971833277305,6.21211709432992,334,0.9,1.0,85419
bursty_high_s64,0.5,q4_a1.5_or,70416,62.26666666666503,59.133333333332416,16.702812499999247,17.621562499999243,5.598966061200509,5.551911374482876,305,1.0,1.0,87461
bursty_high_s64,0.5,q4_a1.5_or,70417,51.43333333333254,53.93333333333169,15.92609374999924,15.804374999999244,5.230146064170514,5.321075586656992,297,1.0,1.0,87018
bursty_high_s64,0.5,q4_a1.5_or,70418,55.866666666664685,55.499999999998096,16.307968749999247,16.629218749999247,5.434073905355019,5.4504049591098,281,0.9,1.0,86613
bursty_high_s64,0.5,q4_a1.5_or,70419,56.93333333333163,61.83333333333297,14.649687499999242,16.332031249999243,5.129477959310975,4.999255585834328,292,1.0,1.0,85536
bursty_high_s64,0.5,q4_a1.5_or,70420,58.633333333332416,56.49999999999923,17.301406249999243,15.429218749999242,5.390537911736536,5.325362619940164,289,1.0,1.0,85090
bursty_high_s64,0.5,q4_a1.5_or,70421,52.16666666666487,59.9333333333318,15.379062499999245,17.840624999999253,5.3648494018516,5.464297778648303,285,0.9,1.0,85085
bursty_high_s64,0.5,q4_a1.5_or,70422,60.06666666666422,57.76666666666546,17.09015624999924,17.438437499999257,5.87210604888187,5.910410736718182,333,0.9,1.0,86375
bursty_high_s64,0.5,q4_a1.5_or,70423,56.86666666666571,51.933333333332854,16.55734374999925,15.686249999999244,5.132207342196438,4.990605204348938,279,1.0,1.0,87711
bursty_high_s64,0.5,q4_a1.5_or,70424,65.99999999999787,59.6999999999984,17.933593749999243,17.38078124999924,5.7208093163934,5.704991738163385,310,0.9,1.0,86525
bursty_high_s64,0.5,q4_a1.5_or,70425,53.166666666664156,59.166666666665606,16.28406249999924,17.33765624999925,5.319557307138758,5.284059232561445,328,0.9,1.0,87515
bursty_high_s64,0.5,q4_a1.5_or,70426,61.19999999999828,57.69999999999959,16.16828124999925,17.001562499999245,5.415267353779982,5.478197595044323,307,1.0,1.0,85878
bursty_high_s64,0.5,q4_a1.5_or,70427,54.96666666666499,62.99999999999778,15.887968749999242,17.084374999999245,5.162336261138707,5.256671735735238,295,1.0,1.0,86579
bursty_high_s64,0.5,q4_a1.5_or,70428,70.06666666666462,68.03333333333299,19.292343749999258,17.858124999999255,5.6863409538437075,5.8947950573132895,306,0.9,1.0,86010
bursty_high_s64,0.5,q4_a1.5_or,70429,56.06666666666479,57.89999999999762,15.04734374999924,16.044374999999242,4.83625550687286,5.039535806227705,292,1.0,1.0,86905
bursty_high_s64,0.5,q4_a1.5_and,70400,57.06666666666604,53.03333333333131,16.879843749999246,15.186249999999243,5.2577149693337475,5.232702395561921,192,0.9,1.0,85979
bursty_high_s64,0.5,q4_a1.5_and,70401,61.36666666666508,61.70000000000012,16.64843749999924,16.150624999999245,5.410135389571688,5.551192821029707,176,0.9,1.0,85536
bursty_high_s64,0.5,q4_a1.5_and,70402,59.166666666665094,58.23333333333355,16.412968749999248,16.491562499999244,5.006178197625742,5.133311938783625,181,0.9,1.0,86869
bursty_high_s64,0.5,q4_a1.5_and,70403,60.999999999999716,64.33333333333121,16.684687499999242,18.587656249999256,5.41405405255631,5.401838139451124,231,0.9,1.0,86182
bursty_high_s64,0.5,q4_a1.5_and,70404,62.333333333332945,63.399999999998954,17.211093749999247,19.068281249999256,5.747098577749279,5.574809480952111,228,0.8,1.0,85286
bursty_high_s64,0.5,q4_a1.5_and,70405,57.93333333333106,58.93333333333288,16.668281249999243,18.22874999999925,5.436324623094125,5.404735442431256,238,1.0,1.0,85357
bursty_high_s64,0.5,q4_a1.5_and,70406,63.53333333333171,63.766666666665174,17.298749999999245,18.337031249999256,5.587939179358119,5.503230358182271,211,1.0,1.0,86134
bursty_high_s64,0.5,q4_a1.5_and,70407,65.06666666666513,57.13333333333287,17.720937499999255,17.34906249999925,5.731830022184032,5.6974052530963935,231,0.9,1.0,85054
bursty_high_s64,0.5,q4_a1.5_and,70408,51.33333333333361,56.766666666666254,15.139999999999244,17.050468749999244,5.0630559947220215,5.288719101008133,194,0.9,1.0,85952
bursty_high_s64,0.5,q4_a1.5_and,70409,52.80000000000018,53.49999999999892,16.449374999999243,16.979218749999244,5.265988288703706,5.213034796044573,214,0.9,1.0,87936
bursty_high_s64,0.5,q4_a1.5_and,70410,56.79999999999819,53.666666666666885,16.30031249999924,16.38015624999924,5.108735175604596,5.266783331888883,234,0.9,1.0,85860
bursty_high_s64,0.5,q4_a1.5_and,70411,55.63333333333276,63.233333333332496,17.17453124999925,18.609374999999254,5.170395650163992,5.589875309935778,223,1.0,1.0,86892
bursty_high_s64,0.5,q4_a1.5_and,70412,44.7666666666662,52.333333333332746,12.729843749999239,14.531249999999236,4.656039325421803,4.676519723882427,214,0.9,1.0,85583
bursty_high_s64,0.5,q4_a1.5_and,70413,64.66666666666498,61.79999999999899,18.01703124999925,18.654999999999248,5.472836596802093,5.639480277232322,229,0.9,1.0,85469
bursty_high_s64,0.5,q4_a1.5_and,70414,58.999999999997954,65.53333333333362,15.837812499999249,16.59640624999925,5.0388229019053234,5.079282815079181,207,0.9,1.0,87338
bursty_high_s64,0.5,q4_a1.5_and,70415,57.03333333333177,60.73333333333102,18.14593749999925,17.921093749999248,5.888971833277305,6.036372766608206,217,0.9,1.0,86178
bursty_high_s64,0.5,q4_a1.5_and,70416,62.26666666666503,59.03333333333322,16.702812499999247,17.17421874999925,5.598966061200509,5.557829534911004,184,0.9,1.0,85848
bursty_high_s64,0.5,q4_a1.5_and,70417,51.43333333333254,59.69999999999925,15.92609374999924,17.778437499999242,5.230146064170514,5.098409158452517,227,0.9,1.0,86865
bursty_high_s64,0.5,q4_a1.5_and,70418,55.866666666664685,59.59999999999832,16.307968749999247,17.080156249999245,5.434073905355019,5.468631735637254,214,0.9,1.0,85192
bursty_high_s64,0.5,q4_a1.5_and,70419,56.93333333333163,53.86666666666605,14.649687499999242,16.24281249999924,5.129477959310975,5.100252967903517,201,0.9,1.0,86382
bursty_high_s64,0.5,q4_a1.5_and,70420,58.633333333332416,58.86666666666582,17.301406249999243,16.73531249999925,5.390537911736536,5.26918553085387,199,0.9,1.0,86380
bursty_high_s64,0.5,q4_a1.5_and,70421,52.16666666666487,54.43333333333152,15.379062499999245,16.987187499999248,5.3648494018516,5.457219010979282,197,0.9,1.0,86129
bursty_high_s64,0.5,q4_a1.5_and,70422,60.06666666666422,56.999999999998806,17.09015624999924,16.865312499999252,5.87210604888187,5.676248095177539,214,0.9,1.0,85429
bursty_high_s64,0.5,q4_a1.5_and,70423,56.86666666666571,54.39999999999969,16.55734374999925,15.665624999999249,5.132207342196438,5.107248963190786,187,0.9,1.0,85935
bursty_high_s64,0.5,q4_a1.5_and,70424,65.99999999999787,62.69999999999874,17.933593749999243,17.920937499999248,5.7208093163934,5.85356285594116,211,0.9,1.0,86504
bursty_high_s64,0.5,q4_a1.5_and,70425,53.166666666664156,61.49999999999932,16.28406249999924,17.29984374999925,5.319557307138758,5.345639430897807,215,0.9,1.0,86678
bursty_high_s64,0.5,q4_a1.5_and,70426,61.19999999999828,49.49999999999875,16.16828124999925,14.986406249999245,5.415267353779982,5.44751400110523,170,0.9,1.0,84333
bursty_high_s64,0.5,q4_a1.5_and,70427,54.96666666666499,57.899999999999125,15.887968749999242,16.958124999999246,5.162336261138707,5.161794029742851,211,0.9,1.0,86595
bursty_high_s64,0.5,q4_a1.5_and,70428,70.06666666666462,57.333333333333286,19.292343749999258,17.927968749999252,5.6863409538437075,5.651121468692253,236,0.9,1.0,86152
bursty_high_s64,0.5,q4_a1.5_and,70429,56.06666666666479,46.733333333332496,15.04734374999924,14.136249999999237,4.83625550687286,5.018044067333805,170,0.9,1.0,86397
bursty_high_s64,0.5,q8_a0.8_or,70400,57.06666666666604,61.833333333332746,16.879843749999246,17.857656249999245,5.2577149693337475,5.421955217640119,420,1.0,1.0,88388
bursty_high_s64,0.5,q8_a0.8_or,70401,61.36666666666508,58.69999999999766,16.64843749999924,17.29562499999924,5.410135389571688,5.447996847008905,435,1.0,1.0,86769
bursty_high_s64,0.5,q8_a0.8_or,70402,59.166666666665094,52.76666666666512,16.412968749999248,15.36234374999924,5.006178197625742,5.1784683399711025,412,1.0,1.0,86827
bursty_high_s64,0.5,q8_a0.8_or,70403,60.999999999999716,60.333333333332234,16.684687499999242,17.417343749999247,5.41405405255631,5.452301835208975,432,1.0,1.0,88223
bursty_high_s64,0.5,q8_a0.8_or,70404,62.333333333332945,66.09999999999775,17.211093749999247,18.57890624999925,5.747098577749279,5.655980918705611,409,1.0,1.0,87132
bursty_high_s64,0.5,q8_a0.8_or,70405,57.93333333333106,59.8666666666646,16.668281249999243,17.08187499999924,5.436324623094125,5.364424253552864,413,1.0,1.0,85538
bursty_high_s64,0.5,q8_a0.8_or,70406,63.53333333333171,63.43333333333254,17.298749999999245,17.667968749999247,5.587939179358119,5.668294643932992,432,1.0,1.0,88391
bursty_high_s64,0.5,q8_a0.8_or,70407,65.06666666666513,62.93333333333106,17.720937499999255,17.969531249999253,5.731830022184032,5.7506186812298115,432,1.0,1.0,87127
bursty_high_s64,0.5,q8_a0.8_or,70408,51.33333333333361,46.133333333331734,15.139999999999244,15.063593749999246,5.0630559947220215,5.266963282081989,405,1.0,1.0,86413
bursty_high_s64,0.5,q8_a0.8_or,70409,52.80000000000018,61.33333333333138,16.449374999999243,19.175781249999247,5.265988288703706,5.322569607317522,437,1.0,1.0,87508
bursty_high_s64,0.5,q8_a0.8_or,70410,56.79999999999819,57.533333333333104,16.30031249999924,17.348437499999243,5.108735175604596,5.39686111676114,430,1.0,1.0,86771
bursty_high_s64,0.5,q8_a0.8_or,70411,55.63333333333276,70.1333333333325,17.17453124999925,17.740468749999255,5.170395650163992,5.6855190781959255,419,1.0,1.0,89182
bursty_high_s64,0.5,q8_a0.8_or,70412,44.7666666666662,50.96666666666573,12.729843749999239,14.997031249999244,4.656039325421803,4.545981653583853,406,1.0,1.0,86804
bursty_high_s64,0.5,q8_a0.8_or,70413,64.66666666666498,55.46666666666573,18.01703124999925,16.694218749999244,5.472836596802093,5.7827226406266075,416,1.0,1.0,87452
bursty_high_s64,0.5,q8_a0.8_or,70414,58.999999999997954,52.99999999999946,15.837812499999249,15.910781249999246,5.0388229019053234,5.078266753464739,401,1.0,1.0,88066
bursty_high_s64,0.5,q8_a0.8_or,70415,57.03333333333177,57.13333333333344,18.14593749999925,19.37734374999925,5.888971833277305,6.006808655079185,431,1.0,1.0,85715
bursty_high_s64,0.5,q8_a0.8_or,70416,62.26666666666503,62.23333333333139,16.702812499999247,18.902343749999247,5.598966061200509,5.686207243587658,427,1.0,1.0,87701
bursty_high_s64,0.5,q8_a0.8_or,70417,51.43333333333254,59.5333333333312,15.92609374999924,16.299218749999252,5.230146064170514,5.264302792527383,415,1.0,1.0,88194
bursty_high_s64,0.5,q8_a0.8_or,70418,55.866666666664685,57.86666666666633,16.307968749999247,17.11765624999925,5.434073905355019,5.442816459203341,424,1.0,1.0,87662
bursty_high_s64,0.5,q8_a0.8_or,70419,56.93333333333163,54.533333333332564,14.649687499999242,15.658593749999245,5.129477959310975,5.064418060776782,411,1.0,1.0,87493
bursty_high_s64,0.5,q8_a0.8_or,70420,58.633333333332416,59.1999999999982,17.301406249999243,17.29515624999925,5.390537911736536,5.263710811711881,420,1.0,1.0,87294
bursty_high_s64,0.5,q8_a0.8_or,70421,52.16666666666487,50.5333333333312,15.379062499999245,15.628593749999249,5.3648494018516,5.457662020083552,386,1.0,1.0,86562
bursty_high_s64,0.5,q8_a0.8_or,70422,60.06666666666422,56.766666666666,17.09015624999924,17.686249999999248,5.87210604888187,5.606894135891303,422,1.0,1.0,88088
bursty_high_s64,0.5,q8_a0.8_or,70423,56.86666666666571,54.133333333332644,16.55734374999925,15.959218749999248,5.132207342196438,5.064254678230062,401,1.0,1.0,88246
bursty_high_s64,0.5,q8_a0.8_or,70424,65.99999999999787,64.03333333333222,17.933593749999243,17.641249999999246,5.7208093163934,5.731963279422729,441,1.0,1.0,86070
bursty_high_s64,0.5,q8_a0.8_or,70425,53.166666666664156,59.96666666666471,16.28406249999924,16.93109374999925,5.319557307138758,5.3323391584958015,402,1.0,1.0,87542
bursty_high_s64,0.5,q8_a0.8_or,70426,61.19999999999828,61.466666666664366,16.16828124999925,18.006718749999248,5.415267353779982,5.4051053832023275,418,1.0,1.0,86331
bursty_high_s64,0.5,q8_a0.8_or,70427,54.96666666666499,52.29999999999848,15.887968749999242,15.994374999999243,5.162336261138707,5.098487128839594,408,1.0,1.0,87053
bursty_high_s64,0.5,q8_a0.8_or,70428,70.06666666666462,57.63333333333202,19.292343749999258,18.614218749999253,5.6863409538437075,5.824431105598323,434,1.0,1.0,86555
bursty_high_s64,0.5,q8_a0.8_or,70429,56.06666666666479,51.633333333333624,15.04734374999924,15.488906249999237,4.83625550687286,5.02036469573989,401,1.0,1.0,87466
bursty_high_s64,0.5,q8_a0.8_and,70400,57.06666666666604,52.63333333333276,16.879843749999246,16.353281249999235,5.2577149693337475,5.253450758416551,124,0.9,1.0,85604
bursty_high_s64,0.5,q8_a0.8_and,70401,61.36666666666508,59.19999999999831,16.64843749999924,16.53546874999924,5.410135389571688,5.336558331808856,102,0.9,1.0,84389
bursty_high_s64,0.5,q8_a0.8_and,70402,59.166666666665094,50.23333333333093,16.412968749999248,15.227812499999242,5.006178197625742,5.045584560739236,111,0.9,1.0,85391
bursty_high_s64,0.5,q8_a0.8_and,70403,60.999999999999716,62.433333333331234,16.684687499999242,18.620468749999247,5.41405405255631,5.449647993532582,146,0.9,1.0,85256
bursty_high_s64,0.5,q8_a0.8_and,70404,62.333333333332945,64.43333333333084,17.211093749999247,19.50249999999925,5.747098577749279,5.652170859810469,114,0.8,1.0,84805
bursty_high_s64,0.5,q8_a0.8_and,70405,57.93333333333106,58.83333333333215,16.668281249999243,16.870937499999236,5.436324623094125,5.418506128891321,109,0.8,1.0,84663
bursty_high_s64,0.5,q8_a0.8_and,70406,63.53333333333171,66.96666666666559,17.298749999999245,18.253749999999243,5.587939179358119,5.71780841406886,120,1.0,1.0,86608
bursty_high_s64,0.5,q8_a0.8_and,70407,65.06666666666513,62.83333333333347,17.720937499999255,18.501249999999253,5.731830022184032,5.685927563027138,131,0.8,1.0,83774
bursty_high_s64,0.5,q8_a0.8_and,70408,51.33333333333361,49.76666666666492,15.139999999999244,15.862968749999244,5.0630559947220215,5.141486959336735,113,0.8,1.0,84725
bursty_high_s64,0.5,q8_a0.8_and,70409,52.80000000000018,61.433333333331774,16.449374999999243,16.765781249999243,5.265988288703706,5.227097638797739,107,0.9,1.0,85321
bursty_high_s64,0.5,q8_a0.8_and,70410,56.79999999999819,59.466666666665134,16.30031249999924,17.40453124999924,5.108735175604596,5.353663897818612,119,0.9,1.0,84803
bursty_high_s64,0.5,q8_a0.8_and,70411,55.63333333333276,61.73333333333204,17.17453124999925,17.384374999999253,5.170395650163992,5.516745959688193,105,0.8,1.0,85600
bursty_high_s64,0.5,q8_a0.8_and,70412,44.7666666666662,45.766666666665344,12.729843749999239,13.372031249999239,4.656039325421803,4.718880755778421,81,0.7,1.0,84245
bursty_high_s64,0.5,q8_a0.8_and,70413,64.66666666666498,64.4999999999988,18.01703124999925,18.57468749999925,5.472836596802093,5.705685802364515,136,0.9,1.0,84026
bursty_high_s64,0.5,q8_a0.8_and,70414,58.999999999997954,56.96666666666431,15.837812499999249,15.927812499999245,5.0388229019053234,5.03795153618591,102,0.7,1.0,85379
bursty_high_s64,0.5,q8_a0.8_and,70415,57.03333333333177,54.266666666666936,18.14593749999925,18.851874999999247,5.888971833277305,6.060717325547527,135,0.9,1.0,85410
bursty_high_s64,0.5,q8_a0.8_and,70416,62.26666666666503,59.26666666666608,16.702812499999247,17.32437499999925,5.598966061200509,5.623117025981399,108,0.8,1.0,85082
bursty_high_s64,0.5,q8_a0.8_and,70417,51.43333333333254,61.83333333333121,15.92609374999924,17.09531249999925,5.230146064170514,5.247190423724411,107,0.7,1.0,85144
bursty_high_s64,0.5,q8_a0.8_and,70418,55.866666666664685,59.29999999999848,16.307968749999247,17.25953124999925,5.434073905355019,5.40915892165029,142,0.9,1.0,85411
bursty_high_s64,0.5,q8_a0.8_and,70419,56.93333333333163,56.76666666666637,14.649687499999242,15.180156249999243,5.129477959310975,5.126904958623094,78,0.7,1.0,83581
bursty_high_s64,0.5,q8_a0.8_and,70420,58.633333333332416,60.49999999999915,17.301406249999243,17.228437499999252,5.390537911736536,5.292021513731856,115,0.8,1.0,84536
bursty_high_s64,0.5,q8_a0.8_and,70421,52.16666666666487,57.733333333331586,15.379062499999245,17.592968749999255,5.3648494018516,5.388435054357954,107,0.9,1.0,84243
bursty_high_s64,0.5,q8_a0.8_and,70422,60.06666666666422,57.59999999999823,17.09015624999924,17.159218749999244,5.87210604888187,5.752080287159302,120,0.8,1.0,84511
bursty_high_s64,0.5,q8_a0.8_and,70423,56.86666666666571,57.66666666666532,16.55734374999925,15.662812499999248,5.132207342196438,5.160394183157676,97,0.7,1.0,83908
bursty_high_s64,0.5,q8_a0.8_and,70424,65.99999999999787,62.66666666666427,17.933593749999243,17.649999999999253,5.7208093163934,5.645614278034991,110,0.8,1.0,84806
bursty_high_s64,0.5,q8_a0.8_and,70425,53.166666666664156,57.26666666666438,16.28406249999924,17.211718749999243,5.319557307138758,5.5325274382033856,114,0.8,1.0,84487
bursty_high_s64,0.5,q8_a0.8_and,70426,61.19999999999828,54.133333333331166,16.16828124999925,16.24781249999925,5.415267353779982,5.376047465494017,108,0.7,1.0,83738
bursty_high_s64,0.5,q8_a0.8_and,70427,54.96666666666499,59.13333333333168,15.887968749999242,16.561562499999248,5.162336261138707,5.1121411618296495,102,0.8,1.0,84297
bursty_high_s64,0.5,q8_a0.8_and,70428,70.06666666666462,67.20000000000027,19.292343749999258,18.852812499999253,5.6863409538437075,5.604359310092884,125,0.9,1.0,84584
bursty_high_s64,0.5,q8_a0.8_and,70429,56.06666666666479,53.66666666666515,15.04734374999924,14.149999999999242,4.83625550687286,4.965735277319317,94,0.7,1.0,84776
bursty_high_s64,0.5,q8_a1.5_or,70400,57.06666666666604,55.66666666666475,16.879843749999246,16.317031249999246,5.2577149693337475,5.312263033924641,259,0.9,1.0,85473
bursty_high_s64,0.5,q8_a1.5_or,70401,61.36666666666508,60.566666666666066,16.64843749999924,17.362656249999247,5.410135389571688,5.312722439169502,276,0.9,1.0,85430
bursty_high_s64,0.5,q8_a1.5_or,70402,59.166666666665094,58.499999999998835,16.412968749999248,15.800781249999241,5.006178197625742,5.008259125741343,252,0.9,1.0,86465
bursty_high_s64,0.5,q8_a1.5_or,70403,60.999999999999716,60.63333333333347,16.684687499999242,17.58312499999925,5.41405405255631,5.215459047040325,290,0.9,1.0,86057
bursty_high_s64,0.5,q8_a1.5_or,70404,62.333333333332945,72.79999999999933,17.211093749999247,19.740937499999262,5.747098577749279,5.710546449697167,276,1.0,1.0,85155
bursty_high_s64,0.5,q8_a1.5_or,70405,57.93333333333106,60.03333333333214,16.668281249999243,18.15109374999924,5.436324623094125,5.453236175305651,255,1.0,1.0,85221
bursty_high_s64,0.5,q8_a1.5_or,70406,63.53333333333171,68.36666666666594,17.298749999999245,18.261093749999254,5.587939179358119,5.642366852663159,268,1.0,1.0,87464
bursty_high_s64,0.5,q8_a1.5_or,70407,65.06666666666513,59.66666666666623,17.720937499999255,18.319999999999247,5.731830022184032,5.666312685429403,254,0.9,1.0,85421
bursty_high_s64,0.5,q8_a1.5_or,70408,51.33333333333361,56.79999999999961,15.139999999999244,16.393906249999244,5.0630559947220215,5.234789341270359,232,0.9,1.0,85132
bursty_high_s64,0.5,q8_a1.5_or,70409,52.80000000000018,55.7666666666654,16.449374999999243,17.840624999999243,5.265988288703706,5.293930584123924,281,0.9,1.0,87173
bursty_high_s64,0.5,q8_a1.5_or,70410,56.79999999999819,59.13333333333347,16.30031249999924,17.378593749999247,5.108735175604596,5.411206646805317,279,0.9,1.0,86931
bursty_high_s64,0.5,q8_a1.5_or,70411,55.63333333333276,65.8333333333324,17.17453124999925,19.00546874999926,5.170395650163992,5.429074144595229,271,1.0,1.0,86326
bursty_high_s64,0.5,q8_a1.5_or,70412,44.7666666666662,51.86666666666588,12.729843749999239,14.074374999999241,4.656039325421803,4.76925920157546,227,0.9,1.0,85379
bursty_high_s64,0.5,q8_a1.5_or,70413,64.66666666666498,60.8333333333336,18.01703124999925,17.04562499999924,5.472836596802093,5.472945337941694,262,0.9,1.0,85503
bursty_high_s64,0.5,q8_a1.5_or,70414,58.999999999997954,62.566666666665355,15.837812499999249,16.50703124999925,5.0388229019053234,5.107976800454099,227,0.9,1.0,87806
bursty_high_s64,0.5,q8_a1.5_or,70415,57.03333333333177,61.93333333333186,18.14593749999925,19.26109374999925,5.888971833277305,6.007142941493052,312,0.9,1.0,85053
bursty_high_s64,0.5,q8_a1.5_or,70416,62.26666666666503,61.6666666666643,16.702812499999247,17.918124999999254,5.598966061200509,5.533407604822317,276,1.0,1.0,86581
bursty_high_s64,0.5,q8_a1.5_or,70417,51.43333333333254,56.13333333333176,15.92609374999924,16.541718749999248,5.230146064170514,5.425070873527192,267,0.9,1.0,87409
bursty_high_s64,0.5,q8_a1.5_or,70418,55.866666666664685,58.03333333333268,16.307968749999247,16.20484374999925,5.434073905355019,5.462110195917691,256,0.9,1.0,86014
bursty_high_s64,0.5,q8_a1.5_or,70419,56.93333333333163,52.899999999998954,14.649687499999242,15.634999999999241,5.129477959310975,5.068026769752722,247,0.9,1.0,85735
bursty_high_s64,0.5,q8_a1.5_or,70420,58.633333333332416,63.19999999999919,17.301406249999243,16.74374999999925,5.390537911736536,5.275178539314515,224,0.9,1.0,85887
bursty_high_s64,0.5,q8_a1.5_or,70421,52.16666666666487,56.799999999999216,15.379062499999245,17.681093749999253,5.3648494018516,5.490546488188064,262,0.9,1.0,86347
bursty_high_s64,0.5,q8_a1.5_or,70422,60.06666666666422,57.466666666665986,17.09015624999924,17.82984374999925,5.87210604888187,5.870625498311392,280,0.9,1.0,86707
bursty_high_s64,0.5,q8_a1.5_or,70423,56.86666666666571,55.13333333333276,16.55734374999925,15.307343749999248,5.132207342196438,5.10049610953069,249,0.9,1.0,87133
bursty_high_s64,0.5,q8_a1.5_or,70424,65.99999999999787,55.166666666666,17.933593749999243,18.028749999999242,5.7208093163934,5.631956539352373,291,0.9,1.0,86653
bursty_high_s64,0.5,q8_a1.5_or,70425,53.166666666664156,66.26666666666591,16.28406249999924,18.399062499999253,5.319557307138758,5.3257696472057106,283,0.9,1.0,88677
bursty_high_s64,0.5,q8_a1.5_or,70426,61.19999999999828,57.099999999998374,16.16828124999925,17.17812499999925,5.415267353779982,5.389792455524916,272,0.9,1.0,86236
bursty_high_s64,0.5,q8_a1.5_or,70427,54.96666666666499,61.633333333331535,15.887968749999242,16.20953124999924,5.162336261138707,5.072086223444502,256,0.9,1.0,86024
bursty_high_s64,0.5,q8_a1.5_or,70428,70.06666666666462,58.59999999999809,19.292343749999258,18.906718749999257,5.6863409538437075,5.759259355993862,279,0.9,1.0,86039
bursty_high_s64,0.5,q8_a1.5_or,70429,56.06666666666479,54.93333333333112,15.04734374999924,15.996874999999246,4.83625550687286,5.104959103675187,240,0.9,1.0,86673
bursty_high_s64,0.5,q8_a1.5_and,70400,57.06666666666604,52.63333333333276,16.879843749999246,16.353281249999235,5.2577149693337475,5.253450758416551,124,0.9,1.0,85604
bursty_high_s64,0.5,q8_a1.5_and,70401,61.36666666666508,59.19999999999831,16.64843749999924,16.711874999999242,5.410135389571688,5.335988443142193,102,0.9,1.0,84146
bursty_high_s64,0.5,q8_a1.5_and,70402,59.166666666665094,50.23333333333093,16.412968749999248,15.227812499999242,5.006178197625742,5.045584560739236,109,0.9,1.0,85391
bursty_high_s64,0.5,q8_a1.5_and,70403,60.999999999999716,62.433333333331234,16.684687499999242,18.620468749999247,5.41405405255631,5.449647993532582,146,0.9,1.0,85256
bursty_high_s64,0.5,q8_a1.5_and,70404,62.333333333332945,61.06666666666496,17.211093749999247,18.25953124999925,5.747098577749279,5.680203296189633,120,0.8,1.0,85063
bursty_high_s64,0.5,q8_a1.5_and,70405,57.93333333333106,58.83333333333215,16.668281249999243,16.870937499999236,5.436324623094125,5.418506128891321,109,0.8,1.0,84663
bursty_high_s64,0.5,q8_a1.5_and,70406,63.53333333333171,66.96666666666559,17.298749999999245,18.253749999999243,5.587939179358119,5.71780841406886,120,1.0,1.0,86608
bursty_high_s64,0.5,q8_a1.5_and,70407,65.06666666666513,62.83333333333347,17.720937499999255,18.501249999999253,5.731830022184032,5.685927563027138,126,0.8,1.0,83692
bursty_high_s64,0.5,q8_a1.5_and,70408,51.33333333333361,49.76666666666492,15.139999999999244,15.862968749999244,5.0630559947220215,5.141486959336735,112,0.8,1.0,84725
bursty_high_s64,0.5,q8_a1.5_and,70409,52.80000000000018,61.433333333331774,16.449374999999243,16.765781249999243,5.265988288703706,5.227097638797739,107,0.9,1.0,85321
bursty_high_s64,0.5,q8_a1.5_and,70410,56.79999999999819,59.466666666665134,16.30031249999924,17.40453124999924,5.108735175604596,5.353663897818612,118,0.9,1.0,84803
bursty_high_s64,0.5,q8_a1.5_and,70411,55.63333333333276,61.73333333333204,17.17453124999925,17.384374999999253,5.170395650163992,5.516745959688193,105,0.8,1.0,85600
bursty_high_s64,0.5,q8_a1.5_and,70412,44.7666666666662,45.766666666665344,12.729843749999239,13.372031249999239,4.656039325421803,4.718880755778421,81,0.7,1.0,84245
bursty_high_s64,0.5,q8_a1.5_and,70413,64.66666666666498,64.4999999999988,18.01703124999925,18.57468749999925,5.472836596802093,5.705685802364515,135,0.9,1.0,84026
bursty_high_s64,0.5,q8_a1.5_and,70414,58.999999999997954,55.8333333333328,15.837812499999249,16.335624999999247,5.0388229019053234,5.169510689001288,105,0.7,1.0,85285
bursty_high_s64,0.5,q8_a1.5_and,70415,57.03333333333177,54.266666666666936,18.14593749999925,18.851874999999247,5.888971833277305,6.060717325547527,135,0.9,1.0,85410
bursty_high_s64,0.5,q8_a1.5_and,70416,62.26666666666503,59.26666666666608,16.702812499999247,17.31796874999925,5.598966061200509,5.623998621445133,104,0.8,1.0,85230
bursty_high_s64,0.5,q8_a1.5_and,70417,51.43333333333254,61.83333333333121,15.92609374999924,17.09531249999925,5.230146064170514,5.247190423724411,106,0.7,1.0,85062
bursty_high_s64,0.5,q8_a1.5_and,70418,55.866666666664685,59.29999999999848,16.307968749999247,17.25953124999925,5.434073905355019,5.40915892165029,142,0.9,1.0,85411
bursty_high_s64,0.5,q8_a1.5_and,70419,56.93333333333163,56.76666666666637,14.649687499999242,15.180156249999243,5.129477959310975,5.126904958623094,78,0.7,1.0,83581
bursty_high_s64,0.5,q8_a1.5_and,70420,58.633333333332416,60.49999999999915,17.301406249999243,17.228437499999252,5.390537911736536,5.292021513731856,115,0.8,1.0,84536
bursty_high_s64,0.5,q8_a1.5_and,70421,52.16666666666487,58.866666666664514,15.379062499999245,17.896249999999256,5.3648494018516,5.322372897241222,118,0.9,1.0,84887
bursty_high_s64,0.5,q8_a1.5_and,70422,60.06666666666422,57.59999999999823,17.09015624999924,17.159218749999244,5.87210604888187,5.752080287159302,120,0.8,1.0,84511
bursty_high_s64,0.5,q8_a1.5_and,70423,56.86666666666571,57.66666666666532,16.55734374999925,15.662812499999248,5.132207342196438,5.160394183157676,97,0.7,1.0,83908
bursty_high_s64,0.5,q8_a1.5_and,70424,65.99999999999787,61.06666666666419,17.933593749999243,17.430937499999253,5.7208093163934,5.632763172888483,104,0.8,1.0,84926
bursty_high_s64,0.5,q8_a1.5_and,70425,53.166666666664156,57.26666666666438,16.28406249999924,17.211718749999243,5.319557307138758,5.5325274382033856,114,0.8,1.0,84487
bursty_high_s64,0.5,q8_a1.5_and,70426,61.19999999999828,54.133333333331166,16.16828124999925,16.24781249999925,5.415267353779982,5.376047465494017,108,0.7,1.0,83738
bursty_high_s64,0.5,q8_a1.5_and,70427,54.96666666666499,59.13333333333168,15.887968749999242,16.561562499999248,5.162336261138707,5.1121411618296495,102,0.8,1.0,84297
bursty_high_s64,0.5,q8_a1.5_and,70428,70.06666666666462,67.20000000000027,19.292343749999258,18.852812499999253,5.6863409538437075,5.604359310092884,125,0.9,1.0,84584
bursty_high_s64,0.5,q8_a1.5_and,70429,56.06666666666479,53.66666666666515,15.04734374999924,14.149999999999242,4.83625550687286,4.965735277319317,94,0.7,1.0,84776
bursty_high_s64,2.0,q2_a0.8_or,70400,54.19999999999783,57.99999999999778,16.07187499999924,18.00562499999925,5.726791605053119,6.054774103407434,448,1.0,1.0,86949
bursty_high_s64,2.0,q2_a0.8_or,70401,61.599999999997976,58.53333333333245,18.65374999999925,16.53562499999924,5.865121101754328,6.262605009045083,420,1.0,1.0,86942
bursty_high_s64,2.0,q2_a0.8_or,70402,63.599999999997635,56.86666666666446,17.791562499999245,16.534062499999244,5.785423546383617,5.930994628072055,418,1.0,1.0,88570
bursty_high_s64,2.0,q2_a0.8_or,70403,66.26666666666691,69.73333333333218,18.154374999999252,20.686874999999258,5.926134994462759,6.372416819994459,459,1.0,1.0,88009
bursty_high_s64,2.0,q2_a0.8_or,70404,73.99999999999966,65.93333333333237,20.55062499999926,19.097499999999258,6.108634934020808,6.43251444346749,451,1.0,1.0,87768
bursty_high_s64,2.0,q2_a0.8_or,70405,63.93333333333226,69.13333333333253,17.611249999999245,19.853749999999252,5.911019912322054,6.341899115191513,438,1.0,1.0,85476
bursty_high_s64,2.0,q2_a0.8_or,70406,67.13333333333148,65.99999999999838,17.84999999999925,18.10437499999925,6.175922693468914,6.425586704660122,432,1.0,1.0,87150
bursty_high_s64,2.0,q2_a0.8_or,70407,70.59999999999792,68.86666666666619,18.91249999999926,19.51937499999926,6.25477962885712,6.5425531887240975,435,1.0,1.0,87410
bursty_high_s64,2.0,q2_a0.8_or,70408,55.99999999999923,59.06666666666439,15.44124999999924,17.72093749999925,5.8517871358242415,6.04386352423559,433,1.0,1.0,88057
bursty_high_s64,2.0,q2_a0.8_or,70409,61.199999999997885,64.79999999999961,17.221874999999248,19.621249999999247,5.7147359152005155,6.020879394763467,454,1.0,1.0,87493
bursty_high_s64,2.0,q2_a0.8_or,70410,65.79999999999774,59.066666666665014,19.067499999999253,17.343124999999247,6.062769071826261,6.11444342173723,445,1.0,1.0,87109
bursty_high_s64,2.0,q2_a0.8_or,70411,58.599999999998005,57.333333333332575,17.41187499999925,18.903437499999256,6.0443512804585655,6.523228258413877,444,1.0,1.0,87444
bursty_high_s64,2.0,q2_a0.8_or,70412,54.06666666666581,56.133333333332416,15.000312499999245,16.61656249999925,5.364934914863917,5.296329647838976,423,1.0,1.0,87958
bursty_high_s64,2.0,q2_a0.8_or,70413,70.06666666666567,69.0666666666651,18.597812499999257,19.218749999999257,6.439840324115276,6.592152346774702,444,1.0,1.0,87931
bursty_high_s64,2.0,q2_a0.8_or,70414,60.26666666666594,57.066666666665185,17.34656249999925,17.291874999999248,5.699786561173403,5.848196861106118,428,1.0,1.0,87159
bursty_high_s64,2.0,q2_a0.8_or,70415,62.53333333333177,67.33333333333229,18.84937499999925,21.512812499999264,6.679176551991354,6.880482508790321,460,1.0,1.0,86190
bursty_high_s64,2.0,q2_a0.8_or,70416,70.13333333333168,63.79999999999893,18.659687499999258,18.65468749999925,6.03458139956306,6.214389154709779,454,1.0,1.0,87404
bursty_high_s64,2.0,q2_a0.8_or,70417,60.13333333333222,62.53333333333231,17.188437499999246,17.69249999999925,5.8504973189124945,5.920454928728367,421,1.0,1.0,86903
bursty_high_s64,2.0,q2_a0.8_or,70418,60.06666666666675,71.79999999999893,16.92437499999925,19.19874999999926,5.8813376084208215,6.222700508074928,444,1.0,1.0,86971
bursty_high_s64,2.0,q2_a0.8_or,70419,54.26666666666614,58.466666666664764,15.049999999999239,16.649999999999245,5.681344135346263,5.838999189083427,444,1.0,1.0,86946
bursty_high_s64,2.0,q2_a0.8_or,70420,61.133333333331336,61.53333333333276,17.004999999999242,17.91562499999925,5.79230990640626,5.911808404771855,433,1.0,1.0,87905
bursty_high_s64,2.0,q2_a0.8_or,70421,61.266666666666936,55.333333333332405,16.644062499999254,18.183124999999258,5.9057458307585575,6.262661410581282,428,1.0,1.0,87086
bursty_high_s64,2.0,q2_a0.8_or,70422,55.999999999999204,64.4666666666642,16.81874999999924,19.34656249999925,6.344428484438799,6.683311002540071,438,1.0,1.0,87269
bursty_high_s64,2.0,q2_a0.8_or,70423,63.399999999999466,59.06666666666652,16.38781249999925,17.35124999999925,5.6809046756808605,5.985976011290705,424,1.0,1.0,86667
bursty_high_s64,2.0,q2_a0.8_or,70424,65.46666666666627,71.13333333333219,17.323437499999244,19.929374999999254,6.124888775257171,6.6956855535068796,443,1.0,1.0,87133
bursty_high_s64,2.0,q2_a0.8_or,70425,71.60000000000036,60.19999999999834,18.437499999999257,18.239062499999253,5.923665052681808,6.061618242324351,437,1.0,1.0,87742
bursty_high_s64,2.0,q2_a0.8_or,70426,68.4666666666655,67.3333333333335,18.767499999999245,17.93312499999925,6.331200759043904,6.434179628073411,421,1.0,1.0,86269
bursty_high_s64,2.0,q2_a0.8_or,70427,64.73333333333096,65.13333333333307,17.78531249999925,18.807499999999248,5.64705378080651,5.683065720880181,434,1.0,1.0,86939
bursty_high_s64,2.0,q2_a0.8_or,70428,73.46666666666502,63.199999999998795,20.140312499999258,20.33812499999926,6.2390988896368835,6.708658863712475,454,1.0,1.0,87238
bursty_high_s64,2.0,q2_a0.8_or,70429,55.19999999999848,62.066666666664275,16.04124999999924,18.290937499999252,5.6585845385977676,5.848466145337163,436,1.0,1.0,87440
bursty_high_s64,2.0,q2_a0.8_and,70400,54.19999999999783,55.93333333333189,16.07187499999924,17.43562499999925,5.726791605053119,6.0847567112774525,358,1.0,1.0,87936
bursty_high_s64,2.0,q2_a0.8_and,70401,61.599999999997976,63.1333333333323,18.65374999999925,17.58468749999924,5.865121101754328,6.2530376359671065,327,1.0,1.0,85960
bursty_high_s64,2.0,q2_a0.8_and,70402,63.599999999997635,60.53333333333279,17.791562499999245,17.331562499999254,5.785423546383617,5.9889612984884355,344,0.9,1.0,86826
bursty_high_s64,2.0,q2_a0.8_and,70403,66.26666666666691,64.13333333333142,18.154374999999252,18.56624999999925,5.926134994462759,6.197656901121346,362,1.0,1.0,86543
bursty_high_s64,2.0,q2_a0.8_and,70404,73.99999999999966,73.13333333333094,20.55062499999926,20.28343749999927,6.108634934020808,6.609390451598189,343,1.0,1.0,86225
bursty_high_s64,2.0,q2_a0.8_and,70405,63.93333333333226,56.93333333333355,17.611249999999245,17.94656249999925,5.911019912322054,5.979230830122574,346,1.0,1.0,86485
bursty_high_s64,2.0,q2_a0.8_and,70406,67.13333333333148,70.33333333333286,17.84999999999925,19.831249999999255,6.175922693468914,6.284329111881056,372,1.0,1.0,87768
bursty_high_s64,2.0,q2_a0.8_and,70407,70.59999999999792,66.99999999999807,18.91249999999926,20.116249999999255,6.25477962885712,6.507579454951163,352,1.0,1.0,87817
bursty_high_s64,2.0,q2_a0.8_and,70408,55.99999999999923,61.20000000000033,15.44124999999924,17.676562499999246,5.8517871358242415,6.094889602478775,334,1.0,1.0,86837
bursty_high_s64,2.0,q2_a0.8_and,70409,61.199999999997885,68.06666666666439,17.221874999999248,20.08843749999925,5.7147359152005155,6.101225013193416,352,1.0,1.0,88805
bursty_high_s64,2.0,q2_a0.8_and,70410,65.79999999999774,60.26666666666438,19.067499999999253,19.707812499999257,6.062769071826261,6.144844389510935,358,1.0,1.0,86525
bursty_high_s64,2.0,q2_a0.8_and,70411,58.599999999998005,66.19999999999828,17.41187499999925,18.51906249999925,6.0443512804585655,6.425713453520278,346,1.0,1.0,86723
bursty_high_s64,2.0,q2_a0.8_and,70412,54.06666666666581,51.93333333333098,15.000312499999245,15.438437499999244,5.364934914863917,5.472066965597958,309,1.0,1.0,87436
bursty_high_s64,2.0,q2_a0.8_and,70413,70.06666666666567,61.99999999999807,18.597812499999257,18.443749999999252,6.439840324115276,6.653971422056429,352,1.0,1.0,87772
bursty_high_s64,2.0,q2_a0.8_and,70414,60.26666666666594,64.79999999999825,17.34656249999925,18.870624999999254,5.699786561173403,6.097872296073106,340,0.9,1.0,87398
bursty_high_s64,2.0,q2_a0.8_and,70415,62.53333333333177,61.59999999999917,18.84937499999925,19.75906249999926,6.679176551991354,6.924868700185788,366,1.0,1.0,86459
bursty_high_s64,2.0,q2_a0.8_and,70416,70.13333333333168,66.333333333333,18.659687499999258,17.963749999999248,6.03458139956306,6.397816735275205,332,1.0,1.0,86975
bursty_high_s64,2.0,q2_a0.8_and,70417,60.13333333333222,66.66666666666572,17.188437499999246,18.72968749999925,5.8504973189124945,5.949322368929386,348,1.0,1.0,86617
bursty_high_s64,2.0,q2_a0.8_and,70418,60.06666666666675,65.7999999999983,16.92437499999925,18.591874999999256,5.8813376084208215,6.122683508774012,359,1.0,1.0,87037
bursty_high_s64,2.0,q2_a0.8_and,70419,54.26666666666614,55.79999999999799,15.049999999999239,15.932187499999241,5.681344135346263,5.916510979628087,322,1.0,1.0,86725
bursty_high_s64,2.0,q2_a0.8_and,70420,61.133333333331336,57.86666666666423,17.004999999999242,16.453437499999247,5.79230990640626,6.010839999025539,314,1.0,1.0,85680
bursty_high_s64,2.0,q2_a0.8_and,70421,61.266666666666936,59.19999999999874,16.644062499999254,17.110312499999253,5.9057458307585575,6.265833623629154,336,1.0,1.0,86663
bursty_high_s64,2.0,q2_a0.8_and,70422,55.999999999999204,56.533333333332905,16.81874999999924,17.235624999999246,6.344428484438799,6.869238221160984,357,1.0,1.0,87132
bursty_high_s64,2.0,q2_a0.8_and,70423,63.399999999999466,58.39999999999878,16.38781249999925,16.967187499999255,5.6809046756808605,5.816721551006696,318,1.0,1.0,87236
bursty_high_s64,2.0,q2_a0.8_and,70424,65.46666666666627,54.86666666666426,17.323437499999244,18.311874999999247,6.124888775257171,6.725272122576625,353,1.0,1.0,87624
bursty_high_s64,2.0,q2_a0.8_and,70425,71.60000000000036,73.99999999999852,18.437499999999257,18.656249999999265,5.923665052681808,5.96238813685567,343,1.0,1.0,87873
bursty_high_s64,2.0,q2_a0.8_and,70426,68.4666666666655,68.93333333333183,18.767499999999245,17.82593749999925,6.331200759043904,6.082772133187943,343,1.0,1.0,86132
bursty_high_s64,2.0,q2_a0.8_and,70427,64.73333333333096,65.06666666666467,17.78531249999925,18.31343749999925,5.64705378080651,5.769834105662721,347,1.0,1.0,87023
bursty_high_s64,2.0,q2_a0.8_and,70428,73.46666666666502,63.466666666666725,20.140312499999258,18.993749999999253,6.2390988896368835,6.708803259904178,348,1.0,1.0,86089
bursty_high_s64,2.0,q2_a0.8_and,70429,55.19999999999848,61.86666666666491,16.04124999999924,16.711562499999253,5.6585845385977676,5.796257632678214,343,1.0,1.0,88163
bursty_high_s64,2.0,q2_a1.5_or,70400,54.19999999999783,59.2000000000003,16.07187499999924,17.968749999999247,5.726791605053119,6.23906415249172,403,1.0,1.0,89274
bursty_high_s64,2.0,q2_a1.5_or,70401,61.599999999997976,63.1333333333323,18.65374999999925,17.58468749999924,5.865121101754328,6.2530376359671065,359,1.0,1.0,85960
bursty_high_s64,2.0,q2_a1.5_or,70402,63.599999999997635,60.46666666666533,17.791562499999245,17.047187499999247,5.785423546383617,5.772039528001743,370,0.9,1.0,86349
bursty_high_s64,2.0,q2_a1.5_or,70403,66.26666666666691,64.13333333333276,18.154374999999252,18.969374999999253,5.926134994462759,6.192762256654077,412,1.0,1.0,86983
bursty_high_s64,2.0,q2_a1.5_or,70404,73.99999999999966,70.19999999999959,20.55062499999926,20.530312499999262,6.108634934020808,6.348437133692899,413,1.0,1.0,87153
bursty_high_s64,2.0,q2_a1.5_or,70405,63.93333333333226,63.199999999999136,17.611249999999245,18.57187499999925,5.911019912322054,6.154282404035633,384,1.0,1.0,85750
bursty_high_s64,2.0,q2_a1.5_or,70406,67.13333333333148,72.06666666666524,17.84999999999925,19.980312499999254,6.175922693468914,6.2849005239521105,407,1.0,1.0,88137
bursty_high_s64,2.0,q2_a1.5_or,70407,70.59999999999792,67.26666666666614,18.91249999999926,20.02843749999926,6.25477962885712,6.621853384982012,395,1.0,1.0,86687
bursty_high_s64,2.0,q2_a1.5_or,70408,55.99999999999923,61.333333333332774,15.44124999999924,17.891874999999253,5.8517871358242415,6.015720033292498,386,1.0,1.0,87218
bursty_high_s64,2.0,q2_a1.5_or,70409,61.199999999997885,61.79999999999771,17.221874999999248,19.49531249999925,5.7147359152005155,6.179738867100216,422,1.0,1.0,88523
bursty_high_s64,2.0,q2_a1.5_or,70410,65.79999999999774,64.666666666667,19.067499999999253,18.999687499999247,6.062769071826261,6.130352882686876,391,1.0,1.0,86518
bursty_high_s64,2.0,q2_a1.5_or,70411,58.599999999998005,62.19999999999834,17.41187499999925,17.599374999999245,6.0443512804585655,6.403631225001905,393,1.0,1.0,86133
bursty_high_s64,2.0,q2_a1.5_or,70412,54.06666666666581,52.39999999999816,15.000312499999245,17.087812499999252,5.364934914863917,5.565574165641632,376,1.0,1.0,86712
bursty_high_s64,2.0,q2_a1.5_or,70413,70.06666666666567,70.53333333333322,18.597812499999257,19.41718749999925,6.439840324115276,6.609779381177897,399,1.0,1.0,87263
bursty_high_s64,2.0,q2_a1.5_or,70414,60.26666666666594,68.86666666666434,17.34656249999925,18.734999999999253,5.699786561173403,6.185344810372338,374,0.9,1.0,87339
bursty_high_s64,2.0,q2_a1.5_or,70415,62.53333333333177,63.13333333333122,18.84937499999925,19.34624999999926,6.679176551991354,6.70014910316217,401,1.0,1.0,86957
bursty_high_s64,2.0,q2_a1.5_or,70416,70.13333333333168,63.599999999999284,18.659687499999258,18.763437499999256,6.03458139956306,6.380195636488458,380,1.0,1.0,86309
bursty_high_s64,2.0,q2_a1.5_or,70417,60.13333333333222,59.666666666665776,17.188437499999246,17.896249999999256,5.8504973189124945,6.070013547041584,378,1.0,1.0,86655
bursty_high_s64,2.0,q2_a1.5_or,70418,60.06666666666675,66.1333333333327,16.92437499999925,19.249374999999254,5.8813376084208215,6.1348830694961505,392,1.0,1.0,87392
bursty_high_s64,2.0,q2_a1.5_or,70419,54.26666666666614,55.66666666666606,15.049999999999239,17.850312499999255,5.681344135346263,6.193927824067798,391,1.0,1.0,86944
bursty_high_s64,2.0,q2_a1.5_or,70420,61.133333333331336,61.19999999999834,17.004999999999242,17.974062499999253,5.79230990640626,5.923326247601004,399,1.0,1.0,87951
bursty_high_s64,2.0,q2_a1.5_or,70421,61.266666666666936,57.599999999999284,16.644062499999254,16.82374999999925,5.9057458307585575,6.284231552641304,367,1.0,1.0,86331
bursty_high_s64,2.0,q2_a1.5_or,70422,55.999999999999204,72.66666666666575,16.81874999999924,20.257812499999265,6.344428484438799,6.595599237260264,397,1.0,1.0,87820
bursty_high_s64,2.0,q2_a1.5_or,70423,63.399999999999466,58.39999999999878,16.38781249999925,16.967187499999255,5.6809046756808605,5.816721551006696,360,1.0,1.0,87314
bursty_high_s64,2.0,q2_a1.5_or,70424,65.46666666666627,62.73333333333119,17.323437499999244,17.54156249999925,6.124888775257171,6.3669534564100045,391,1.0,1.0,86132
bursty_high_s64,2.0,q2_a1.5_or,70425,71.60000000000036,73.19999999999936,18.437499999999257,19.48249999999926,5.923665052681808,6.026903359478876,384,1.0,1.0,87086
bursty_high_s64,2.0,q2_a1.5_or,70426,68.4666666666655,61.466666666665276,18.767499999999245,17.82999999999926,6.331200759043904,6.384205083226792,390,1.0,1.0,86319
bursty_high_s64,2.0,q2_a1.5_or,70427,64.73333333333096,66.13333333333122,17.78531249999925,18.727812499999253,5.64705378080651,5.7888679224499215,384,1.0,1.0,86570
bursty_high_s64,2.0,q2_a1.5_or,70428,73.46666666666502,60.86666666666588,20.140312499999258,19.244062499999256,6.2390988896368835,6.5027829048847705,387,1.0,1.0,86359
bursty_high_s64,2.0,q2_a1.5_or,70429,55.19999999999848,59.066666666665185,16.04124999999924,16.45749999999925,5.6585845385977676,5.738927181711295,376,1.0,1.0,87763
bursty_high_s64,2.0,q2_a1.5_and,70400,54.19999999999783,62.86666666666437,16.07187499999924,17.669687499999245,5.726791605053119,6.211457638544291,248,0.9,1.0,85028
bursty_high_s64,2.0,q2_a1.5_and,70401,61.599999999997976,58.66666666666464,18.65374999999925,16.64624999999924,5.865121101754328,6.111478297749821,225,0.9,1.0,84948
bursty_high_s64,2.0,q2_a1.5_and,70402,63.599999999997635,65.13333333333236,17.791562499999245,17.708437499999246,5.785423546383617,5.878893506184772,252,0.9,1.0,84324
bursty_high_s64,2.0,q2_a1.5_and,70403,66.26666666666691,62.933333333333564,18.154374999999252,18.853437499999252,5.926134994462759,6.051319258076983,257,0.9,1.0,85986
bursty_high_s64,2.0,q2_a1.5_and,70404,73.99999999999966,62.466666666664594,20.55062499999926,19.532187499999253,6.108634934020808,6.167737062218761,258,0.9,1.0,85334
bursty_high_s64,2.0,q2_a1.5_and,70405,63.93333333333226,66.66666666666484,17.611249999999245,19.24906249999926,5.911019912322054,6.214907477298626,243,1.0,1.0,84957
bursty_high_s64,2.0,q2_a1.5_and,70406,67.13333333333148,70.19999999999936,17.84999999999925,18.916874999999255,6.175922693468914,6.365992878729488,244,1.0,1.0,86562
bursty_high_s64,2.0,q2_a1.5_and,70407,70.59999999999792,60.99999999999858,18.91249999999926,20.137812499999256,6.25477962885712,6.435818264969191,269,0.9,1.0,85112
bursty_high_s64,2.0,q2_a1.5_and,70408,55.99999999999923,53.73333333333238,15.44124999999924,17.00781249999925,5.8517871358242415,5.971106007329253,234,0.9,1.0,85790
bursty_high_s64,2.0,q2_a1.5_and,70409,61.199999999997885,60.599999999999596,17.221874999999248,18.37687499999925,5.7147359152005155,6.017526431846963,238,0.9,1.0,86364
bursty_high_s64,2.0,q2_a1.5_and,70410,65.79999999999774,66.19999999999891,19.067499999999253,18.922499999999253,6.062769071826261,6.211683048528734,239,0.9,1.0,86241
bursty_high_s64,2.0,q2_a1.5_and,70411,58.599999999998005,64.59999999999889,17.41187499999925,19.781874999999253,6.0443512804585655,6.463553937478106,254,1.0,1.0,87028
bursty_high_s64,2.0,q2_a1.5_and,70412,54.06666666666581,56.53333333333151,15.000312499999245,15.247499999999238,5.364934914863917,5.476786642615712,190,0.9,1.0,85156
bursty_high_s64,2.0,q2_a1.5_and,70413,70.06666666666567,71.26666666666637,18.597812499999257,19.54906249999926,6.439840324115276,6.5962845370255625,261,0.9,1.0,87092
bursty_high_s64,2.0,q2_a1.5_and,70414,60.26666666666594,60.9999999999979,17.34656249999925,16.47781249999925,5.699786561173403,5.972222016218125,205,0.9,1.0,87763
bursty_high_s64,2.0,q2_a1.5_and,70415,62.53333333333177,62.799999999997965,18.84937499999925,19.776874999999258,6.679176551991354,6.926501437666514,270,0.9,1.0,85332
bursty_high_s64,2.0,q2_a1.5_and,70416,70.13333333333168,70.93333333333328,18.659687499999258,19.70187499999926,6.03458139956306,6.55007833775949,242,1.0,1.0,88316
bursty_high_s64,2.0,q2_a1.5_and,70417,60.13333333333222,67.0666666666661,17.188437499999246,18.33312499999926,5.8504973189124945,6.1497563846205985,251,0.9,1.0,85852
bursty_high_s64,2.0,q2_a1.5_and,70418,60.06666666666675,66.73333333333099,16.92437499999925,20.212812499999256,5.8813376084208215,6.2387384502289125,268,0.9,1.0,85809
bursty_high_s64,2.0,q2_a1.5_and,70419,54.26666666666614,64.59999999999943,15.049999999999239,17.763124999999253,5.681344135346263,5.905020185303404,229,0.9,1.0,84295
bursty_high_s64,2.0,q2_a1.5_and,70420,61.133333333331336,62.59999999999965,17.004999999999242,17.270937499999246,5.79230990640626,6.147197158614982,246,0.9,1.0,86698
bursty_high_s64,2.0,q2_a1.5_and,70421,61.266666666666936,62.46666666666516,16.644062499999254,18.55312499999926,5.9057458307585575,6.125441649134239,233,0.9,1.0,85489
bursty_high_s64,2.0,q2_a1.5_and,70422,55.999999999999204,64.66666666666566,16.81874999999924,19.723124999999264,6.344428484438799,6.528553302976924,279,0.9,1.0,86469
bursty_high_s64,2.0,q2_a1.5_and,70423,63.399999999999466,61.19999999999851,16.38781249999925,17.66187499999926,5.6809046756808605,5.865810788108179,212,0.9,1.0,84921
bursty_high_s64,2.0,q2_a1.5_and,70424,65.46666666666627,63.066666666667004,17.323437499999244,17.87968749999925,6.124888775257171,6.529743410034632,235,0.9,1.0,86433
bursty_high_s64,2.0,q2_a1.5_and,70425,71.60000000000036,63.86666666666605,18.437499999999257,18.374999999999257,5.923665052681808,6.084830913821517,246,0.9,1.0,86331
bursty_high_s64,2.0,q2_a1.5_and,70426,68.4666666666655,66.46666666666673,18.767499999999245,19.660312499999264,6.331200759043904,6.269067325500529,276,0.9,1.0,85742
bursty_high_s64,2.0,q2_a1.5_and,70427,64.73333333333096,65.99999999999926,17.78531249999925,19.154062499999263,5.64705378080651,6.005708335662835,247,0.9,1.0,85496
bursty_high_s64,2.0,q2_a1.5_and,70428,73.46666666666502,64.19999999999987,20.140312499999258,18.467187499999252,6.2390988896368835,6.674818175760239,222,0.9,1.0,85439
bursty_high_s64,2.0,q2_a1.5_and,70429,55.19999999999848,48.06666666666496,16.04124999999924,14.499999999999241,5.6585845385977676,5.797346555979539,210,1.0,1.0,86074
bursty_high_s64,2.0,q4_a0.8_or,70400,54.19999999999783,67.8000000000004,16.07187499999924,18.672812499999242,5.726791605053119,6.100459436997738,433,1.0,1.0,86631
bursty_high_s64,2.0,q4_a0.8_or,70401,61.599999999997976,61.73333333333147,18.65374999999925,17.400624999999245,5.865121101754328,6.104429233593306,419,1.0,1.0,85969
bursty_high_s64,2.0,q4_a0.8_or,70402,63.599999999997635,56.86666666666446,17.791562499999245,16.534062499999244,5.785423546383617,5.930994628072055,412,1.0,1.0,88500
bursty_high_s64,2.0,q4_a0.8_or,70403,66.26666666666691,72.06666666666564,18.154374999999252,19.61499999999926,5.926134994462759,6.123099092129616,440,1.0,1.0,88394
bursty_high_s64,2.0,q4_a0.8_or,70404,73.99999999999966,73.39999999999924,20.55062499999926,20.457499999999264,6.108634934020808,6.345824017008806,436,1.0,1.0,87052
bursty_high_s64,2.0,q4_a0.8_or,70405,63.93333333333226,70.39999999999958,17.611249999999245,20.32374999999925,5.911019912322054,6.389556788424002,434,1.0,1.0,86043
bursty_high_s64,2.0,q4_a0.8_or,70406,67.13333333333148,60.266666666664236,17.84999999999925,17.22468749999925,6.175922693468914,6.48656576565463,428,1.0,1.0,87010
bursty_high_s64,2.0,q4_a0.8_or,70407,70.59999999999792,68.86666666666619,18.91249999999926,19.51937499999926,6.25477962885712,6.5425531887240975,426,1.0,1.0,87410
bursty_high_s64,2.0,q4_a0.8_or,70408,55.99999999999923,58.333333333332575,15.44124999999924,17.021249999999245,5.8517871358242415,5.948358308267656,425,1.0,1.0,88119
bursty_high_s64,2.0,q4_a0.8_or,70409,61.199999999997885,64.66666666666572,17.221874999999248,19.64374999999925,5.7147359152005155,6.172016686996433,442,1.0,1.0,88258
bursty_high_s64,2.0,q4_a0.8_or,70410,65.79999999999774,59.066666666665014,19.067499999999253,17.323749999999247,6.062769071826261,6.112009906693728,439,1.0,1.0,87020
bursty_high_s64,2.0,q4_a0.8_or,70411,58.599999999998005,64.73333333333187,17.41187499999925,18.946874999999253,6.0443512804585655,6.370114454595891,431,1.0,1.0,86725
bursty_high_s64,2.0,q4_a0.8_or,70412,54.06666666666581,50.666666666664526,15.000312499999245,15.296249999999247,5.364934914863917,5.573941624442695,395,1.0,1.0,87050
bursty_high_s64,2.0,q4_a0.8_or,70413,70.06666666666567,77.1999999999976,18.597812499999257,20.189999999999262,6.439840324115276,6.758937004493868,437,1.0,1.0,88308
bursty_high_s64,2.0,q4_a0.8_or,70414,60.26666666666594,66.13333333333304,17.34656249999925,18.06749999999925,5.699786561173403,5.885807286533099,418,1.0,1.0,88903
bursty_high_s64,2.0,q4_a0.8_or,70415,62.53333333333177,64.93333333333311,18.84937499999925,20.49249999999926,6.679176551991354,6.956021918437129,433,1.0,1.0,85788
bursty_high_s64,2.0,q4_a0.8_or,70416,70.13333333333168,64.06666666666439,18.659687499999258,18.65937499999925,6.03458139956306,6.203854313859699,443,1.0,1.0,87402
bursty_high_s64,2.0,q4_a0.8_or,70417,60.13333333333222,62.53333333333231,17.188437499999246,17.69249999999925,5.8504973189124945,5.920454928728367,420,1.0,1.0,86903
bursty_high_s64,2.0,q4_a0.8_or,70418,60.06666666666675,62.99999999999835,16.92437499999925,19.426249999999257,5.8813376084208215,5.997316479841213,443,1.0,1.0,87611
bursty_high_s64,2.0,q4_a0.8_or,70419,54.26666666666614,55.40000000000012,15.049999999999239,16.545624999999248,5.681344135346263,6.174011858171152,422,1.0,1.0,87061
bursty_high_s64,2.0,q4_a0.8_or,70420,61.133333333331336,63.399999999998414,17.004999999999242,17.38343749999925,5.79230990640626,5.9780125021318185,427,1.0,1.0,87500
bursty_high_s64,2.0,q4_a0.8_or,70421,61.266666666666936,61.46666666666695,16.644062499999254,18.292812499999258,5.9057458307585575,6.201130625169528,420,1.0,1.0,86183
bursty_high_s64,2.0,q4_a0.8_or,70422,55.999999999999204,54.39999999999901,16.81874999999924,17.883437499999253,6.344428484438799,6.758941687756914,429,1.0,1.0,87707
bursty_high_s64,2.0,q4_a0.8_or,70423,63.399999999999466,62.73333333333284,16.38781249999925,18.12781249999926,5.6809046756808605,5.871801565422014,419,1.0,1.0,88269
bursty_high_s64,2.0,q4_a0.8_or,70424,65.46666666666627,64.33333333333331,17.323437499999244,19.500937499999253,6.124888775257171,6.578311212095438,435,1.0,1.0,86250
bursty_high_s64,2.0,q4_a0.8_or,70425,71.60000000000036,63.73333333333096,18.437499999999257,17.85406249999925,5.923665052681808,5.990137166964409,425,1.0,1.0,88072
bursty_high_s64,2.0,q4_a0.8_or,70426,68.4666666666655,75.06666666666604,18.767499999999245,20.42187499999926,6.331200759043904,6.337470425336123,427,1.0,1.0,87074
bursty_high_s64,2.0,q4_a0.8_or,70427,64.73333333333096,67.33333333333138,17.78531249999925,19.484687499999254,5.64705378080651,5.94853342411722,438,1.0,1.0,86692
bursty_high_s64,2.0,q4_a0.8_or,70428,73.46666666666502,70.73333333333102,20.140312499999258,20.841874999999263,6.2390988896368835,6.534783738373131,433,1.0,1.0,88022
bursty_high_s64,2.0,q4_a0.8_or,70429,55.19999999999848,59.46666666666698,16.04124999999924,17.57593749999925,5.6585845385977676,5.850322535016504,431,1.0,1.0,86787
bursty_high_s64,2.0,q4_a0.8_and,70400,54.19999999999783,63.9333333333322,16.07187499999924,18.164374999999247,5.726791605053119,6.208359328148439,257,0.9,1.0,85854
bursty_high_s64,2.0,q4_a0.8_and,70401,61.599999999997976,64.00000000000028,18.65374999999925,18.563437499999246,5.865121101754328,5.9748666625006654,271,0.9,1.0,85505
bursty_high_s64,2.0,q4_a0.8_and,70402,63.599999999997635,63.19999999999777,17.791562499999245,17.847187499999247,5.785423546383617,5.796585784533412,264,0.9,1.0,85888
bursty_high_s64,2.0,q4_a0.8_and,70403,66.26666666666691,58.39999999999861,18.154374999999252,17.959999999999248,5.926134994462759,6.109740359674346,266,0.9,1.0,86167
bursty_high_s64,2.0,q4_a0.8_and,70404,73.99999999999966,65.99999999999795,20.55062499999926,18.45499999999925,6.108634934020808,6.444778302167745,254,1.0,1.0,86413
bursty_high_s64,2.0,q4_a0.8_and,70405,63.93333333333226,67.79999999999865,17.611249999999245,19.36249999999926,5.911019912322054,6.340536255567864,254,1.0,1.0,87214
bursty_high_s64,2.0,q4_a0.8_and,70406,67.13333333333148,67.5333333333331,17.84999999999925,18.749687499999254,6.175922693468914,6.413336801927177,276,1.0,1.0,85932
bursty_high_s64,2.0,q4_a0.8_and,70407,70.59999999999792,65.7333333333329,18.91249999999926,19.99937499999926,6.25477962885712,6.562403876142531,296,1.0,1.0,85885
bursty_high_s64,2.0,q4_a0.8_and,70408,55.99999999999923,56.866666666664344,15.44124999999924,16.464062499999248,5.8517871358242415,5.853203860772998,257,0.9,1.0,86166
bursty_high_s64,2.0,q4_a0.8_and,70409,61.199999999997885,60.73333333333258,17.221874999999248,18.867812499999253,5.7147359152005155,5.918468497767571,292,0.9,1.0,87950
bursty_high_s64,2.0,q4_a0.8_and,70410,65.79999999999774,62.733333333332155,19.067499999999253,17.711874999999246,6.062769071826261,6.2458449657389945,255,1.0,1.0,85922
bursty_high_s64,2.0,q4_a0.8_and,70411,58.599999999998005,65.19999999999862,17.41187499999925,18.31874999999925,6.0443512804585655,6.259256824946158,252,1.0,1.0,86960
bursty_high_s64,2.0,q4_a0.8_and,70412,54.06666666666581,53.73333333333102,15.000312499999245,14.848124999999243,5.364934914863917,5.391541711682746,216,0.9,1.0,85747
bursty_high_s64,2.0,q4_a0.8_and,70413,70.06666666666567,62.999999999998835,18.597812499999257,18.973124999999254,6.439840324115276,6.510311253576606,275,1.0,1.0,85918
bursty_high_s64,2.0,q4_a0.8_and,70414,60.26666666666594,61.06666666666433,17.34656249999925,18.258749999999253,5.699786561173403,5.842487126883173,234,0.9,1.0,87209
bursty_high_s64,2.0,q4_a0.8_and,70415,62.53333333333177,63.06666666666601,18.84937499999925,18.158437499999252,6.679176551991354,6.723244713632985,260,0.9,1.0,85166
bursty_high_s64,2.0,q4_a0.8_and,70416,70.13333333333168,71.66666666666589,18.659687499999258,18.65343749999925,6.03458139956306,6.423083052726123,256,0.9,1.0,85669
bursty_high_s64,2.0,q4_a0.8_and,70417,60.13333333333222,56.93333333333237,17.188437499999246,17.639687499999248,5.8504973189124945,6.165516404904081,254,1.0,1.0,86616
bursty_high_s64,2.0,q4_a0.8_and,70418,60.06666666666675,57.53333333333143,16.92437499999925,17.858437499999248,5.8813376084208215,6.218036467936858,271,0.9,1.0,87142
bursty_high_s64,2.0,q4_a0.8_and,70419,54.26666666666614,58.333333333332035,15.049999999999239,16.809687499999246,5.681344135346263,6.004567115548953,254,1.0,1.0,85326
bursty_high_s64,2.0,q4_a0.8_and,70420,61.133333333331336,56.53333333333228,17.004999999999242,17.841249999999253,5.79230990640626,5.98822247391807,266,1.0,1.0,87510
bursty_high_s64,2.0,q4_a0.8_and,70421,61.266666666666936,61.266666666666964,16.644062499999254,18.690624999999255,5.9057458307585575,6.128476333889773,268,0.9,1.0,85942
bursty_high_s64,2.0,q4_a0.8_and,70422,55.999999999999204,65.99999999999815,16.81874999999924,18.81406249999926,6.344428484438799,6.5510116240126095,272,0.9,1.0,86448
bursty_high_s64,2.0,q4_a0.8_and,70423,63.399999999999466,60.1333333333323,16.38781249999925,17.472187499999258,5.6809046756808605,5.900792041093436,217,1.0,1.0,87027
bursty_high_s64,2.0,q4_a0.8_and,70424,65.46666666666627,59.19999999999942,17.323437499999244,18.27562499999924,6.124888775257171,6.446226311671157,264,0.9,1.0,85617
bursty_high_s64,2.0,q4_a0.8_and,70425,71.60000000000036,72.06666666666487,18.437499999999257,18.49249999999926,5.923665052681808,6.093471710579678,265,0.9,1.0,84890
bursty_high_s64,2.0,q4_a0.8_and,70426,68.4666666666655,58.66666666666572,18.767499999999245,17.363124999999247,6.331200759043904,6.437998663985968,249,1.0,1.0,86320
bursty_high_s64,2.0,q4_a0.8_and,70427,64.73333333333096,66.0666666666657,17.78531249999925,18.118124999999246,5.64705378080651,5.888157290086263,230,1.0,1.0,86453
bursty_high_s64,2.0,q4_a0.8_and,70428,73.46666666666502,65.93333333333248,20.140312499999258,19.700312499999264,6.2390988896368835,6.5334804773376955,270,0.9,1.0,86044
bursty_high_s64,2.0,q4_a0.8_and,70429,55.19999999999848,57.3333333333311,16.04124999999924,16.796874999999254,5.6585845385977676,5.758227159359416,249,1.0,1.0,86533
bursty_high_s64,2.0,q4_a1.5_or,70400,54.19999999999783,57.13333333333122,16.07187499999924,17.573749999999247,5.726791605053119,6.148311869646987,321,0.9,1.0,85582
bursty_high_s64,2.0,q4_a1.5_or,70401,61.599999999997976,64.00000000000028,18.65374999999925,17.929062499999247,5.865121101754328,6.0124012801321545,323,0.9,1.0,85910
bursty_high_s64,2.0,q4_a1.5_or,70402,63.599999999997635,60.26666666666438,17.791562499999245,16.577499999999247,5.785423546383617,5.814266271361721,307,0.9,1.0,86227
bursty_high_s64,2.0,q4_a1.5_or,70403,66.26666666666691,66.19999999999968,18.154374999999252,19.211874999999257,5.926134994462759,6.199508717871412,319,0.9,1.0,86604
bursty_high_s64,2.0,q4_a1.5_or,70404,73.99999999999966,64.46666666666701,20.55062499999926,18.08312499999925,6.108634934020808,6.2728942696318875,297,1.0,1.0,85982
bursty_high_s64,2.0,q4_a1.5_or,70405,63.93333333333226,75.46666666666704,17.611249999999245,20.49874999999925,5.911019912322054,6.222513661264896,341,1.0,1.0,87252
bursty_high_s64,2.0,q4_a1.5_or,70406,67.13333333333148,73.99999999999903,17.84999999999925,20.54374999999926,6.175922693468914,6.277290508801898,320,1.0,1.0,86758
bursty_high_s64,2.0,q4_a1.5_or,70407,70.59999999999792,78.7999999999999,18.91249999999926,21.643749999999265,6.25477962885712,6.56347832437941,350,1.0,1.0,85180
bursty_high_s64,2.0,q4_a1.5_or,70408,55.99999999999923,60.99999999999875,15.44124999999924,18.749999999999254,5.8517871358242415,6.000806566681527,313,0.9,1.0,85218
bursty_high_s64,2.0,q4_a1.5_or,70409,61.199999999997885,55.39999999999907,17.221874999999248,18.16749999999925,5.7147359152005155,5.990289517871547,328,0.9,1.0,85973
bursty_high_s64,2.0,q4_a1.5_or,70410,65.79999999999774,59.00000000000027,19.067499999999253,17.993749999999242,6.062769071826261,6.168037415259315,312,1.0,1.0,86115
bursty_high_s64,2.0,q4_a1.5_or,70411,58.599999999998005,65.46666666666601,17.41187499999925,19.724687499999256,6.0443512804585655,6.270398885516971,323,1.0,1.0,86628
bursty_high_s64,2.0,q4_a1.5_or,70412,54.06666666666581,49.4666666666659,15.000312499999245,14.64499999999924,5.364934914863917,5.480992995127339,245,0.9,1.0,86385
bursty_high_s64,2.0,q4_a1.5_or,70413,70.06666666666567,60.93333333333135,18.597812499999257,18.43656249999925,6.439840324115276,6.448725404301909,315,1.0,1.0,86697
bursty_high_s64,2.0,q4_a1.5_or,70414,60.26666666666594,55.13333333333088,17.34656249999925,17.68437499999925,5.699786561173403,5.8433848047030885,293,0.9,1.0,86669
bursty_high_s64,2.0,q4_a1.5_or,70415,62.53333333333177,63.666666666665435,18.84937499999925,19.76343749999926,6.679176551991354,6.786318440480761,334,0.9,1.0,84821
bursty_high_s64,2.0,q4_a1.5_or,70416,70.13333333333168,59.00000000000033,18.659687499999258,18.327812499999254,6.03458139956306,6.52717320410945,315,1.0,1.0,86842
bursty_high_s64,2.0,q4_a1.5_or,70417,60.13333333333222,54.19999999999925,17.188437499999246,16.031249999999247,5.8504973189124945,5.9471773010901945,268,1.0,1.0,86571
bursty_high_s64,2.0,q4_a1.5_or,70418,60.06666666666675,58.3999999999989,16.92437499999925,17.96843749999925,5.8813376084208215,6.216242602015646,330,0.9,1.0,86870
bursty_high_s64,2.0,q4_a1.5_or,70419,54.26666666666614,54.99999999999949,15.049999999999239,17.16406249999925,5.681344135346263,5.95663581913394,289,1.0,1.0,85719
bursty_high_s64,2.0,q4_a1.5_or,70420,61.133333333331336,70.2666666666652,17.004999999999242,19.374999999999254,5.79230990640626,6.001371166037785,300,1.0,1.0,87782
bursty_high_s64,2.0,q4_a1.5_or,70421,61.266666666666936,51.86666666666554,16.644062499999254,16.753437499999254,5.9057458307585575,6.296594429543049,313,0.9,1.0,85472
bursty_high_s64,2.0,q4_a1.5_or,70422,55.999999999999204,58.99999999999875,16.81874999999924,18.57124999999926,6.344428484438799,6.599836570783521,324,0.9,1.0,86037
bursty_high_s64,2.0,q4_a1.5_or,70423,63.399999999999466,60.333333333330955,16.38781249999925,16.952187499999248,5.6809046756808605,5.823749969951249,280,1.0,1.0,86033
bursty_high_s64,2.0,q4_a1.5_or,70424,65.46666666666627,59.73333333333261,17.323437499999244,18.91406249999925,6.124888775257171,6.422549401027593,355,0.9,1.0,86437
bursty_high_s64,2.0,q4_a1.5_or,70425,71.60000000000036,66.46666666666556,18.437499999999257,18.242187499999254,5.923665052681808,6.074718051537135,310,0.9,1.0,86338
bursty_high_s64,2.0,q4_a1.5_or,70426,68.4666666666655,61.99999999999824,18.767499999999245,18.26437499999925,6.331200759043904,6.336477444923719,326,1.0,1.0,86547
bursty_high_s64,2.0,q4_a1.5_or,70427,64.73333333333096,67.13333333333208,17.78531249999925,19.010937499999258,5.64705378080651,6.006558242484045,331,1.0,1.0,86861
bursty_high_s64,2.0,q4_a1.5_or,70428,73.46666666666502,63.13333333333259,20.140312499999258,19.474062499999253,6.2390988896368835,6.738315453776447,352,0.9,1.0,87433
bursty_high_s64,2.0,q4_a1.5_or,70429,55.19999999999848,65.19999999999831,16.04124999999924,18.061874999999254,5.6585845385977676,5.953153460597049,281,1.0,1.0,85929
bursty_high_s64,2.0,q4_a1.5_and,70400,54.19999999999783,55.26666666666554,16.07187499999924,17.56812499999924,5.726791605053119,6.143239835805256,210,0.9,1.0,86201
bursty_high_s64,2.0,q4_a1.5_and,70401,61.599999999997976,67.86666666666554,18.65374999999925,19.111249999999256,5.865121101754328,6.040489673300871,228,0.9,1.0,86381
bursty_high_s64,2.0,q4_a1.5_and,70402,63.599999999997635,77.7333333333325,17.791562499999245,18.98249999999926,5.785423546383617,6.027735072989722,210,0.9,1.0,84641
bursty_high_s64,2.0,q4_a1.5_and,70403,66.26666666666691,73.13333333333134,18.154374999999252,19.313437499999253,5.926134994462759,6.168294854929193,221,0.9,1.0,86018
bursty_high_s64,2.0,q4_a1.5_and,70404,73.99999999999966,64.86666666666446,20.55062499999926,20.01968749999926,6.108634934020808,6.419658563742553,245,0.9,1.0,85557
bursty_high_s64,2.0,q4_a1.5_and,70405,63.93333333333226,64.73333333333218,17.611249999999245,19.54531249999925,5.911019912322054,6.303352711905148,228,1.0,1.0,86116
bursty_high_s64,2.0,q4_a1.5_and,70406,67.13333333333148,71.59999999999863,17.84999999999925,20.084374999999262,6.175922693468914,6.558841202519344,233,1.0,1.0,87191
bursty_high_s64,2.0,q4_a1.5_and,70407,70.59999999999792,70.599999999999,18.91249999999926,19.769999999999264,6.25477962885712,6.648567719794632,230,0.9,1.0,85716
bursty_high_s64,2.0,q4_a1.5_and,70408,55.99999999999923,55.533333333333445,15.44124999999924,17.196562499999253,5.8517871358242415,6.049673306191501,225,0.9,1.0,85643
bursty_high_s64,2.0,q4_a1.5_and,70409,61.199999999997885,64.59999999999914,17.221874999999248,20.139687499999255,5.7147359152005155,6.179727649791152,255,0.9,1.0,85983
bursty_high_s64,2.0,q4_a1.5_and,70410,65.79999999999774,62.53333333333366,19.067499999999253,18.817499999999253,6.062769071826261,6.158347412481195,224,0.9,1.0,86508
bursty_high_s64,2.0,q4_a1.5_and,70411,58.599999999998005,58.26666666666469,17.41187499999925,18.430624999999257,6.0443512804585655,6.172924130261576,233,1.0,1.0,85541
bursty_high_s64,2.0,q4_a1.5_and,70412,54.06666666666581,57.066666666665895,15.000312499999245,15.70624999999925,5.364934914863917,5.339840498664718,183,0.9,1.0,84842
bursty_high_s64,2.0,q4_a1.5_and,70413,70.06666666666567,64.73333333333272,18.597812499999257,18.835937499999254,6.439840324115276,6.252385605850838,243,0.9,1.0,85944
bursty_high_s64,2.0,q4_a1.5_and,70414,60.26666666666594,57.73333333333173,17.34656249999925,16.389999999999247,5.699786561173403,5.9668568902465795,212,0.9,1.0,85741
bursty_high_s64,2.0,q4_a1.5_and,70415,62.53333333333177,64.73333333333198,18.84937499999925,19.220312499999256,6.679176551991354,6.883171580678612,234,0.9,1.0,85466
bursty_high_s64,2.0,q4_a1.5_and,70416,70.13333333333168,72.86666666666468,18.659687499999258,20.234062499999258,6.03458139956306,6.330267359473643,227,0.9,1.0,85992
bursty_high_s64,2.0,q4_a1.5_and,70417,60.13333333333222,63.93333333333226,17.188437499999246,18.246562499999246,5.8504973189124945,6.0635607340143505,220,0.9,1.0,85010
bursty_high_s64,2.0,q4_a1.5_and,70418,60.06666666666675,70.99999999999824,16.92437499999925,20.05593749999926,5.8813376084208215,6.215180936349972,240,0.9,1.0,85894
bursty_high_s64,2.0,q4_a1.5_and,70419,54.26666666666614,64.59999999999943,15.049999999999239,17.763124999999253,5.681344135346263,5.905020185303404,222,0.9,1.0,84295
bursty_high_s64,2.0,q4_a1.5_and,70420,61.133333333331336,70.33333333333167,17.004999999999242,18.42281249999925,5.79230990640626,6.041887269722988,216,0.9,1.0,86891
bursty_high_s64,2.0,q4_a1.5_and,70421,61.266666666666936,61.73333333333085,16.644062499999254,18.514999999999258,5.9057458307585575,6.121217571122369,218,0.9,1.0,85179
bursty_high_s64,2.0,q4_a1.5_and,70422,55.999999999999204,60.933333333333664,16.81874999999924,18.473124999999257,6.344428484438799,6.507570084169747,237,0.9,1.0,86093
bursty_high_s64,2.0,q4_a1.5_and,70423,63.399999999999466,58.00000000000037,16.38781249999925,16.748124999999252,5.6809046756808605,5.685013279658453,191,0.9,1.0,85149
bursty_high_s64,2.0,q4_a1.5_and,70424,65.46666666666627,60.93333333333254,17.323437499999244,18.976249999999247,6.124888775257171,6.317207563009972,220,0.9,1.0,85859
bursty_high_s64,2.0,q4_a1.5_and,70425,71.60000000000036,61.000000000000284,18.437499999999257,17.792812499999254,5.923665052681808,6.143067283017583,198,0.9,1.0,86318
bursty_high_s64,2.0,q4_a1.5_and,70426,68.4666666666655,63.46666666666471,18.767499999999245,18.59468749999926,6.331200759043904,6.317344506245687,234,0.9,1.0,83725
bursty_high_s64,2.0,q4_a1.5_and,70427,64.73333333333096,61.133333333331905,17.78531249999925,17.01593749999925,5.64705378080651,5.900933156433103,200,0.9,1.0,85221
bursty_high_s64,2.0,q4_a1.5_and,70428,73.46666666666502,74.59999999999917,20.140312499999258,19.796874999999257,6.2390988896368835,6.439821002789671,218,0.9,1.0,85548
bursty_high_s64,2.0,q4_a1.5_and,70429,55.19999999999848,57.93333333333358,16.04124999999924,17.41718749999925,5.6585845385977676,5.70810695808619,236,1.0,1.0,86367
bursty_high_s64,2.0,q8_a0.8_or,70400,54.19999999999783,61.33333333333229,16.07187499999924,18.295312499999245,5.726791605053119,6.044343675388794,421,1.0,1.0,86912
bursty_high_s64,2.0,q8_a0.8_or,70401,61.599999999997976,61.73333333333147,18.65374999999925,17.400624999999245,5.865121101754328,6.104429233593306,419,1.0,1.0,85969
bursty_high_s64,2.0,q8_a0.8_or,70402,63.599999999997635,56.86666666666446,17.791562499999245,16.534062499999244,5.785423546383617,5.930994628072055,410,1.0,1.0,88500
bursty_high_s64,2.0,q8_a0.8_or,70403,66.26666666666691,72.06666666666564,18.154374999999252,19.61499999999926,5.926134994462759,6.123099092129616,440,1.0,1.0,88394
bursty_high_s64,2.0,q8_a0.8_or,70404,73.99999999999966,73.39999999999924,20.55062499999926,20.457499999999264,6.108634934020808,6.345824017008806,434,1.0,1.0,87052
bursty_high_s64,2.0,q8_a0.8_or,70405,63.93333333333226,70.39999999999958,17.611249999999245,20.32374999999925,5.911019912322054,6.389556788424002,434,1.0,1.0,86043
bursty_high_s64,2.0,q8_a0.8_or,70406,67.13333333333148,60.266666666664236,17.84999999999925,17.22468749999925,6.175922693468914,6.48656576565463,428,1.0,1.0,87010
bursty_high_s64,2.0,q8_a0.8_or,70407,70.59999999999792,65.93333333333285,18.91249999999926,18.41687499999926,6.25477962885712,6.519692403645673,417,1.0,1.0,86492
bursty_high_s64,2.0,q8_a0.8_or,70408,55.99999999999923,57.33333333333212,15.44124999999924,16.752499999999245,5.8517871358242415,5.992488311579399,424,1.0,1.0,88108
bursty_high_s64,2.0,q8_a0.8_or,70409,61.199999999997885,64.66666666666572,17.221874999999248,19.64374999999925,5.7147359152005155,6.172016686996433,442,1.0,1.0,88258
bursty_high_s64,2.0,q8_a0.8_or,70410,65.79999999999774,59.066666666665014,19.067499999999253,17.013124999999246,6.062769071826261,6.064927106247231,436,1.0,1.0,87189
bursty_high_s64,2.0,q8_a0.8_or,70411,58.599999999998005,64.73333333333187,17.41187499999925,18.946874999999253,6.0443512804585655,6.370114454595891,431,1.0,1.0,86725
bursty_high_s64,2.0,q8_a0.8_or,70412,54.06666666666581,50.666666666664526,15.000312499999245,15.296249999999247,5.364934914863917,5.573941624442695,395,1.0,1.0,87050
bursty_high_s64,2.0,q8_a0.8_or,70413,70.06666666666567,64.39999999999895,18.597812499999257,18.76812499999925,6.439840324115276,6.628020599475538,427,1.0,1.0,88601
bursty_high_s64,2.0,q8_a0.8_or,70414,60.26666666666594,66.13333333333304,17.34656249999925,18.06749999999925,5.699786561173403,5.885807286533099,412,1.0,1.0,88903
bursty_high_s64,2.0,q8_a0.8_or,70415,62.53333333333177,64.93333333333311,18.84937499999925,20.49249999999926,6.679176551991354,6.956021918437129,433,1.0,1.0,85788
bursty_high_s64,2.0,q8_a0.8_or,70416,70.13333333333168,64.06666666666439,18.659687499999258,18.65937499999925,6.03458139956306,6.203854313859699,442,1.0,1.0,87404
bursty_high_s64,2.0,q8_a0.8_or,70417,60.13333333333222,62.53333333333231,17.188437499999246,17.69249999999925,5.8504973189124945,5.920454928728367,420,1.0,1.0,86903
bursty_high_s64,2.0,q8_a0.8_or,70418,60.06666666666675,62.99999999999835,16.92437499999925,19.426249999999257,5.8813376084208215,5.997316479841213,443,1.0,1.0,87611
bursty_high_s64,2.0,q8_a0.8_or,70419,54.26666666666614,56.99999999999784,15.049999999999239,17.08249999999925,5.681344135346263,6.14095246749212,415,1.0,1.0,87082
bursty_high_s64,2.0,q8_a0.8_or,70420,61.133333333331336,63.399999999998414,17.004999999999242,17.38343749999925,5.79230990640626,5.9780125021318185,427,1.0,1.0,87500
bursty_high_s64,2.0,q8_a0.8_or,70421,61.266666666666936,61.46666666666695,16.644062499999254,18.292812499999258,5.9057458307585575,6.201130625169528,420,1.0,1.0,86183
bursty_high_s64,2.0,q8_a0.8_or,70422,55.999999999999204,67.9999999999983,16.81874999999924,19.32999999999926,6.344428484438799,6.8102703477506905,437,1.0,1.0,88861
bursty_high_s64,2.0,q8_a0.8_or,70423,63.399999999999466,62.73333333333284,16.38781249999925,18.12781249999926,5.6809046756808605,5.871801565422014,419,1.0,1.0,88269
bursty_high_s64,2.0,q8_a0.8_or,70424,65.46666666666627,64.33333333333331,17.323437499999244,19.500937499999253,6.124888775257171,6.578311212095438,434,1.0,1.0,86250
bursty_high_s64,2.0,q8_a0.8_or,70425,71.60000000000036,63.73333333333096,18.437499999999257,17.85406249999925,5.923665052681808,5.990137166964409,425,1.0,1.0,88072
bursty_high_s64,2.0,q8_a0.8_or,70426,68.4666666666655,75.06666666666604,18.767499999999245,20.42187499999926,6.331200759043904,6.337470425336123,426,1.0,1.0,87074
bursty_high_s64,2.0,q8_a0.8_or,70427,64.73333333333096,67.33333333333138,17.78531249999925,19.484687499999254,5.64705378080651,5.94853342411722,438,1.0,1.0,86692
bursty_high_s64,2.0,q8_a0.8_or,70428,73.46666666666502,70.73333333333102,20.140312499999258,20.841874999999263,6.2390988896368835,6.526416517328082,428,1.0,1.0,88201
bursty_high_s64,2.0,q8_a0.8_or,70429,55.19999999999848,59.46666666666698,16.04124999999924,17.57593749999925,5.6585845385977676,5.850322535016504,431,1.0,1.0,86787
bursty_high_s64,2.0,q8_a0.8_and,70400,54.19999999999783,58.933333333331234,16.07187499999924,17.85281249999925,5.726791605053119,6.021507498600684,114,0.8,1.0,85081
bursty_high_s64,2.0,q8_a0.8_and,70401,61.599999999997976,57.93333333333257,18.65374999999925,17.940624999999248,5.865121101754328,6.001338818774865,126,0.9,1.0,84780
bursty_high_s64,2.0,q8_a0.8_and,70402,63.599999999997635,68.79999999999885,17.791562499999245,18.117499999999254,5.785423546383617,5.834931664389858,106,0.8,1.0,83959
bursty_high_s64,2.0,q8_a0.8_and,70403,66.26666666666691,64.93333333333138,18.154374999999252,19.59156249999926,5.926134994462759,6.21893828273607,144,0.9,1.0,85126
bursty_high_s64,2.0,q8_a0.8_and,70404,73.99999999999966,65.19999999999871,20.55062499999926,18.774687499999253,6.108634934020808,6.509414416270852,108,0.8,1.0,84510
bursty_high_s64,2.0,q8_a0.8_and,70405,63.93333333333226,66.66666666666461,17.611249999999245,18.852812499999246,5.911019912322054,6.1166562388709504,129,0.8,1.0,84275
bursty_high_s64,2.0,q8_a0.8_and,70406,67.13333333333148,58.99999999999892,17.84999999999925,17.980937499999246,6.175922693468914,6.242301850589743,129,1.0,1.0,84570
bursty_high_s64,2.0,q8_a0.8_and,70407,70.59999999999792,61.73333333333187,18.91249999999926,18.844062499999254,6.25477962885712,6.444248505032396,130,0.8,1.0,83772
bursty_high_s64,2.0,q8_a0.8_and,70408,55.99999999999923,61.66666666666441,15.44124999999924,17.17093749999925,5.8517871358242415,5.9608238833459115,127,0.8,1.0,84561
bursty_high_s64,2.0,q8_a0.8_and,70409,61.199999999997885,62.99999999999824,17.221874999999248,18.274999999999245,5.7147359152005155,5.798715246011511,133,0.8,1.0,85472
bursty_high_s64,2.0,q8_a0.8_and,70410,65.79999999999774,56.53333333333131,19.067499999999253,17.648749999999247,6.062769071826261,6.0414811449443855,123,0.9,1.0,83649
bursty_high_s64,2.0,q8_a0.8_and,70411,58.599999999998005,66.19999999999845,17.41187499999925,18.653124999999253,6.0443512804585655,6.148769831179743,136,0.9,1.0,86298
bursty_high_s64,2.0,q8_a0.8_and,70412,54.06666666666581,53.33333333333101,15.000312499999245,15.926874999999251,5.364934914863917,5.462239528670479,106,0.8,1.0,84602
bursty_high_s64,2.0,q8_a0.8_and,70413,70.06666666666567,68.93333333333342,18.597812499999257,19.901874999999254,6.439840324115276,6.399192491826593,136,0.9,1.0,85440
bursty_high_s64,2.0,q8_a0.8_and,70414,60.26666666666594,58.86666666666619,17.34656249999925,15.275624999999241,5.699786561173403,5.864900414398511,84,0.7,1.0,83850
bursty_high_s64,2.0,q8_a0.8_and,70415,62.53333333333177,60.733333333331814,18.84937499999925,18.249687499999247,6.679176551991354,6.784792890524083,111,0.9,1.0,84754
bursty_high_s64,2.0,q8_a0.8_and,70416,70.13333333333168,68.0666666666645,18.659687499999258,19.157499999999253,6.03458139956306,6.284061915580217,146,0.8,1.0,85572
bursty_high_s64,2.0,q8_a0.8_and,70417,60.13333333333222,61.93333333333214,17.188437499999246,17.96718749999925,5.8504973189124945,5.758359155075946,116,0.6,1.0,83991
bursty_high_s64,2.0,q8_a0.8_and,70418,60.06666666666675,57.06666666666433,16.92437499999925,16.70656249999925,5.8813376084208215,6.077120557018663,106,0.9,1.0,84502
bursty_high_s64,2.0,q8_a0.8_and,70419,54.26666666666614,59.79999999999802,15.049999999999239,15.916874999999246,5.681344135346263,5.751118721451588,115,0.7,1.0,84775
bursty_high_s64,2.0,q8_a0.8_and,70420,61.133333333331336,58.199999999997885,17.004999999999242,17.81093749999925,5.79230990640626,6.140862263672419,129,0.9,1.0,84549
bursty_high_s64,2.0,q8_a0.8_and,70421,61.266666666666936,58.99999999999926,16.644062499999254,17.443437499999256,5.9057458307585575,6.125266224361652,119,0.8,1.0,84919
bursty_high_s64,2.0,q8_a0.8_and,70422,55.999999999999204,62.39999999999833,16.81874999999924,18.526562499999255,6.344428484438799,6.5874783035435645,138,0.9,1.0,85826
bursty_high_s64,2.0,q8_a0.8_and,70423,63.399999999999466,62.39999999999816,16.38781249999925,17.649374999999253,5.6809046756808605,5.768440103822774,111,0.9,1.0,83746
bursty_high_s64,2.0,q8_a0.8_and,70424,65.46666666666627,70.66666666666475,17.323437499999244,19.71187499999925,6.124888775257171,6.35640659037683,149,0.8,1.0,84873
bursty_high_s64,2.0,q8_a0.8_and,70425,71.60000000000036,62.66666666666518,18.437499999999257,19.05843749999925,5.923665052681808,6.103203009140776,142,0.8,1.0,84564
bursty_high_s64,2.0,q8_a0.8_and,70426,68.4666666666655,57.00000000000024,18.767499999999245,16.47531249999924,6.331200759043904,6.0956880591044635,98,0.8,1.0,84185
bursty_high_s64,2.0,q8_a0.8_and,70427,64.73333333333096,63.599999999998516,17.78531249999925,17.601874999999243,5.64705378080651,6.081820000705446,125,0.8,1.0,85510
bursty_high_s64,2.0,q8_a0.8_and,70428,73.46666666666502,62.59999999999917,20.140312499999258,19.495624999999258,6.2390988896368835,6.602414441699028,123,0.9,1.0,84603
bursty_high_s64,2.0,q8_a0.8_and,70429,55.19999999999848,63.93333333333305,16.04124999999924,18.33093749999926,5.6585845385977676,5.932001582730764,147,0.7,1.0,84795
bursty_high_s64,2.0,q8_a1.5_or,70400,54.19999999999783,56.7333333333317,16.07187499999924,17.332499999999246,5.726791605053119,6.156149476578946,273,0.9,1.0,85349
bursty_high_s64,2.0,q8_a1.5_or,70401,61.599999999997976,60.199999999998084,18.65374999999925,17.801874999999246,5.865121101754328,6.151694196554287,242,0.9,1.0,85130
bursty_high_s64,2.0,q8_a1.5_or,70402,63.599999999997635,55.66666666666612,17.791562499999245,16.38718749999924,5.785423546383617,5.732612835466349,253,0.9,1.0,86231
bursty_high_s64,2.0,q8_a1.5_or,70403,66.26666666666691,59.666666666664526,18.154374999999252,17.553437499999248,5.926134994462759,6.071886914879683,259,0.9,1.0,86390
bursty_high_s64,2.0,q8_a1.5_or,70404,73.99999999999966,62.466666666664594,20.55062499999926,19.501562499999253,6.108634934020808,6.184192755975343,286,1.0,1.0,85409
bursty_high_s64,2.0,q8_a1.5_or,70405,63.93333333333226,59.399999999998215,17.611249999999245,19.497812499999252,5.911019912322054,6.197838210705604,283,1.0,1.0,85515
bursty_high_s64,2.0,q8_a1.5_or,70406,67.13333333333148,67.53333333333363,17.84999999999925,18.41687499999926,6.175922693468914,6.480939773150746,281,1.0,1.0,86098
bursty_high_s64,2.0,q8_a1.5_or,70407,70.59999999999792,64.99999999999906,18.91249999999926,19.75687499999926,6.25477962885712,6.530428280348803,305,0.9,1.0,85884
bursty_high_s64,2.0,q8_a1.5_or,70408,55.99999999999923,55.66666666666504,15.44124999999924,17.08249999999925,5.8517871358242415,6.034013677602966,267,0.9,1.0,85644
bursty_high_s64,2.0,q8_a1.5_or,70409,61.199999999997885,59.99999999999841,17.221874999999248,18.526249999999248,5.7147359152005155,6.044253160606931,285,0.9,1.0,88141
bursty_high_s64,2.0,q8_a1.5_or,70410,65.79999999999774,64.7999999999987,19.067499999999253,18.466874999999256,6.062769071826261,6.284808637895832,260,0.9,1.0,85368
bursty_high_s64,2.0,q8_a1.5_or,70411,58.599999999998005,64.59999999999889,17.41187499999925,19.781874999999253,6.0443512804585655,6.463553937478106,284,1.0,1.0,87028
bursty_high_s64,2.0,q8_a1.5_or,70412,54.06666666666581,53.99999999999841,15.000312499999245,15.585624999999244,5.364934914863917,5.363444227022078,246,0.9,1.0,85401
bursty_high_s64,2.0,q8_a1.5_or,70413,70.06666666666567,61.666666666665776,18.597812499999257,17.350312499999255,6.439840324115276,6.515106224066034,261,0.9,1.0,85702
bursty_high_s64,2.0,q8_a1.5_or,70414,60.26666666666594,66.33333333333098,17.34656249999925,17.62781249999926,5.699786561173403,5.79947171165659,256,0.9,1.0,85839
bursty_high_s64,2.0,q8_a1.5_or,70415,62.53333333333177,58.866666666665736,18.84937499999925,19.257812499999254,6.679176551991354,6.980527928298448,293,0.9,1.0,85206
bursty_high_s64,2.0,q8_a1.5_or,70416,70.13333333333168,70.93333333333328,18.659687499999258,19.70187499999926,6.03458139956306,6.55007833775949,268,1.0,1.0,88316
bursty_high_s64,2.0,q8_a1.5_or,70417,60.13333333333222,67.59999999999957,17.188437499999246,19.112499999999258,5.8504973189124945,6.197528813759368,262,0.9,1.0,86648
bursty_high_s64,2.0,q8_a1.5_or,70418,60.06666666666675,66.73333333333099,16.92437499999925,20.212812499999256,5.8813376084208215,6.2387384502289125,286,0.9,1.0,85809
bursty_high_s64,2.0,q8_a1.5_or,70419,54.26666666666614,64.59999999999943,15.049999999999239,17.763124999999253,5.681344135346263,5.905020185303404,251,0.9,1.0,84295
bursty_high_s64,2.0,q8_a1.5_or,70420,61.133333333331336,59.799999999998704,17.004999999999242,17.967187499999252,5.79230990640626,5.98573561219646,272,0.9,1.0,85419
bursty_high_s64,2.0,q8_a1.5_or,70421,61.266666666666936,52.13333333333111,16.644062499999254,17.59406249999926,5.9057458307585575,5.95074149080712,262,0.9,1.0,84011
bursty_high_s64,2.0,q8_a1.5_or,70422,55.999999999999204,63.26666666666523,16.81874999999924,18.61812499999926,6.344428484438799,6.436013920227017,292,0.9,1.0,85768
bursty_high_s64,2.0,q8_a1.5_or,70423,63.399999999999466,58.266666666665486,16.38781249999925,17.33937499999925,5.6809046756808605,5.742554918000572,240,0.9,1.0,85555
bursty_high_s64,2.0,q8_a1.5_or,70424,65.46666666666627,64.80000000000038,17.323437499999244,18.231249999999253,6.124888775257171,6.48393492163972,271,0.9,1.0,85669
bursty_high_s64,2.0,q8_a1.5_or,70425,71.60000000000036,63.86666666666605,18.437499999999257,18.374999999999257,5.923665052681808,6.084830913821517,265,0.9,1.0,86411
bursty_high_s64,2.0,q8_a1.5_or,70426,68.4666666666655,54.466666666664594,18.767499999999245,17.468749999999243,6.331200759043904,6.204554488362269,281,0.9,1.0,83867
bursty_high_s64,2.0,q8_a1.5_or,70427,64.73333333333096,69.73333333333096,17.78531249999925,19.00437499999926,5.64705378080651,6.16050372900442,268,0.9,1.0,85486
bursty_high_s64,2.0,q8_a1.5_or,70428,73.46666666666502,61.399999999999864,20.140312499999258,18.422187499999254,6.2390988896368835,6.7368837222886055,266,0.9,1.0,85314
bursty_high_s64,2.0,q8_a1.5_or,70429,55.19999999999848,48.06666666666496,16.04124999999924,14.499999999999241,5.6585845385977676,5.797346555979539,243,1.0,1.0,86074
bursty_high_s64,2.0,q8_a1.5_and,70400,54.19999999999783,58.933333333331234,16.07187499999924,17.85281249999925,5.726791605053119,6.021507498600684,114,0.8,1.0,85081
bursty_high_s64,2.0,q8_a1.5_and,70401,61.599999999997976,57.93333333333257,18.65374999999925,17.940624999999248,5.865121101754328,6.001338818774865,126,0.9,1.0,84780
bursty_high_s64,2.0,q8_a1.5_and,70402,63.599999999997635,68.79999999999885,17.791562499999245,18.117499999999254,5.785423546383617,5.834931664389858,105,0.8,1.0,83959
bursty_high_s64,2.0,q8_a1.5_and,70403,66.26666666666691,64.93333333333138,18.154374999999252,19.59156249999926,5.926134994462759,6.21893828273607,144,0.9,1.0,85126
bursty_high_s64,2.0,q8_a1.5_and,70404,73.99999999999966,65.19999999999871,20.55062499999926,18.774687499999253,6.108634934020808,6.509414416270852,108,0.8,1.0,84510
bursty_high_s64,2.0,q8_a1.5_and,70405,63.93333333333226,66.66666666666461,17.611249999999245,18.852812499999246,5.911019912322054,6.1166562388709504,129,0.8,1.0,84275
bursty_high_s64,2.0,q8_a1.5_and,70406,67.13333333333148,58.99999999999892,17.84999999999925,17.980937499999246,6.175922693468914,6.242301850589743,129,1.0,1.0,84570
bursty_high_s64,2.0,q8_a1.5_and,70407,70.59999999999792,61.73333333333187,18.91249999999926,18.844062499999254,6.25477962885712,6.444248505032396,130,0.8,1.0,83772
bursty_high_s64,2.0,q8_a1.5_and,70408,55.99999999999923,61.66666666666441,15.44124999999924,17.17093749999925,5.8517871358242415,5.9608238833459115,127,0.8,1.0,84561
bursty_high_s64,2.0,q8_a1.5_and,70409,61.199999999997885,62.99999999999824,17.221874999999248,18.274999999999245,5.7147359152005155,5.798715246011511,133,0.8,1.0,85472
bursty_high_s64,2.0,q8_a1.5_and,70410,65.79999999999774,56.53333333333131,19.067499999999253,17.648749999999247,6.062769071826261,6.0414811449443855,123,0.9,1.0,83649
bursty_high_s64,2.0,q8_a1.5_and,70411,58.599999999998005,66.19999999999845,17.41187499999925,18.653124999999253,6.0443512804585655,6.148769831179743,135,0.9,1.0,86298
bursty_high_s64,2.0,q8_a1.5_and,70412,54.06666666666581,53.33333333333101,15.000312499999245,15.926874999999251,5.364934914863917,5.462239528670479,106,0.8,1.0,84602
bursty_high_s64,2.0,q8_a1.5_and,70413,70.06666666666567,68.93333333333342,18.597812499999257,19.901874999999254,6.439840324115276,6.399192491826593,133,0.9,1.0,85360
bursty_high_s64,2.0,q8_a1.5_and,70414,60.26666666666594,58.86666666666619,17.34656249999925,15.275624999999241,5.699786561173403,5.864900414398511,83,0.7,1.0,83850
bursty_high_s64,2.0,q8_a1.5_and,70415,62.53333333333177,60.733333333331814,18.84937499999925,18.249687499999247,6.679176551991354,6.784792890524083,110,0.9,1.0,84754
bursty_high_s64,2.0,q8_a1.5_and,70416,70.13333333333168,68.0666666666645,18.659687499999258,19.157499999999253,6.03458139956306,6.284061915580217,146,0.8,1.0,85572
bursty_high_s64,2.0,q8_a1.5_and,70417,60.13333333333222,61.93333333333214,17.188437499999246,17.96718749999925,5.8504973189124945,5.758359155075946,116,0.6,1.0,83991
bursty_high_s64,2.0,q8_a1.5_and,70418,60.06666666666675,57.06666666666433,16.92437499999925,16.70656249999925,5.8813376084208215,6.077120557018663,106,0.9,1.0,84502
bursty_high_s64,2.0,q8_a1.5_and,70419,54.26666666666614,59.79999999999802,15.049999999999239,15.916874999999246,5.681344135346263,5.751118721451588,114,0.7,1.0,84775
bursty_high_s64,2.0,q8_a1.5_and,70420,61.133333333331336,58.199999999997885,17.004999999999242,17.81093749999925,5.79230990640626,6.140862263672419,128,0.9,1.0,84549
bursty_high_s64,2.0,q8_a1.5_and,70421,61.266666666666936,58.99999999999926,16.644062499999254,17.443437499999256,5.9057458307585575,6.125266224361652,118,0.8,1.0,84919
bursty_high_s64,2.0,q8_a1.5_and,70422,55.999999999999204,58.19999999999982,16.81874999999924,17.894062499999254,6.344428484438799,6.276679209669396,127,0.9,1.0,86369
bursty_high_s64,2.0,q8_a1.5_and,70423,63.399999999999466,62.39999999999816,16.38781249999925,17.649374999999253,5.6809046756808605,5.768440103822774,111,0.9,1.0,83746
bursty_high_s64,2.0,q8_a1.5_and,70424,65.46666666666627,72.59999999999795,17.323437499999244,19.74312499999925,6.124888775257171,6.363600128250179,147,0.8,1.0,84403
bursty_high_s64,2.0,q8_a1.5_and,70425,71.60000000000036,62.66666666666518,18.437499999999257,19.05843749999925,5.923665052681808,6.103203009140776,139,0.8,1.0,84564
bursty_high_s64,2.0,q8_a1.5_and,70426,68.4666666666655,57.00000000000024,18.767499999999245,16.47531249999924,6.331200759043904,6.0956880591044635,96,0.8,1.0,84185
bursty_high_s64,2.0,q8_a1.5_and,70427,64.73333333333096,63.266666666664776,17.78531249999925,17.39624999999924,5.64705378080651,5.966838443135058,119,0.8,1.0,85691
bursty_high_s64,2.0,q8_a1.5_and,70428,73.46666666666502,62.59999999999917,20.140312499999258,19.495624999999258,6.2390988896368835,6.602414441699028,121,0.9,1.0,84603
bursty_high_s64,2.0,q8_a1.5_and,70429,55.19999999999848,63.93333333333305,16.04124999999924,18.33093749999926,5.6585845385977676,5.932001582730764,147,0.7,1.0,84795
