workload,penalty,variant,seed,baseline_p95_wait,variant_p95_wait,baseline_p99_wait,variant_p99_wait,baseline_avg_wait,variant_avg_wait,baseline_avg_slowdown,variant_avg_slowdown,baseline_p95_slowdown,variant_p95_slowdown,baseline_makespan_excess,variant_makespan_excess,baseline_sched_cores_scanned,variant_sched_cores_scanned,baseline_burst_balance_levels_walked,variant_burst_balance_levels_walked,baseline_total_migrations,variant_total_migrations,detector_fires,recall,precision
rate0.5_s12,0.0,selected_checked,120700,7.60000000000008,7.60000000000008,11.799999999999997,11.799999999999997,2.4299999999999975,2.4299999999999975,1.490250828335861,1.490250828335861,2.514285714285722,2.514285714285722,18.199999999999136,18.199999999999136,53420,53420,0,0,152,152,0,0.0,
rate0.5_s12,0.0,selected_checked,120701,9.0,9.0,12.200000000000003,12.200000000000003,2.7683333333333473,2.7683333333333473,1.5921438870693916,1.5921438870693916,2.574999999999946,2.574999999999946,9.599999999999,9.599999999999,52284,52284,0,0,159,159,0,0.0,
rate0.5_s12,0.0,selected_checked,120702,5.799999999999997,5.799999999999997,11.399999999999991,11.399999999999991,2.2533333333333085,2.2533333333333085,1.510227550251468,1.510227550251468,2.424999999999999,2.424999999999999,38.79999999999791,38.79999999999791,55120,55120,0,0,154,154,0,0.0,
rate0.5_s12,0.0,selected_checked,120703,7.800000000000068,7.800000000000068,9.0,9.0,2.331666666666526,2.331666666666526,1.575506326744179,1.575506326744179,2.8333333333332384,2.8333333333332384,20.99999999999875,20.99999999999875,52748,52748,0,0,145,145,0,0.0,
rate0.5_s12,0.0,selected_checked,120704,6.400000000000205,6.400000000000205,15.400000000000034,15.400000000000034,2.421666666666599,2.421666666666599,1.5814738278209215,1.5814738278209215,2.8999999999999964,2.8999999999999964,6.999999999999204,6.999999999999204,52375,52375,0,0,145,145,0,0.0,
rate0.5_s12,0.0,selected_checked,120705,6.7999999999999545,6.7999999999999545,9.39999999999992,9.39999999999992,2.2333333333333294,2.2333333333333294,1.417727718203054,1.417727718203054,2.050000000000002,2.050000000000002,2.1999999999989086,2.1999999999989086,52967,52967,0,0,153,153,0,0.0,
rate0.5_s12,0.0,selected_checked,120706,9.0,9.0,11.0,11.0,2.8849999999997995,2.8849999999997995,1.6030083304969627,1.6030083304969627,2.6285714285712465,2.6285714285712465,8.799999999998477,8.799999999998477,51810,51810,0,0,149,149,0,0.0,
rate0.5_s12,0.0,selected_checked,120707,7.0,7.0,11.0,11.0,2.4883333333332858,2.4883333333332858,1.502870588206537,1.502870588206537,2.342857142857152,2.342857142857152,3.7999999999984766,3.7999999999984766,52503,52503,0,0,152,152,0,0.0,
rate0.5_s12,0.0,selected_checked,120708,10.799999999999983,10.799999999999983,18.200000000000045,18.200000000000045,3.0766666666665454,3.0766666666665454,1.6632048616170614,1.6632048616170614,3.1000000000000085,3.1000000000000085,7.9999999999990905,7.9999999999990905,52309,52309,0,0,162,162,0,0.0,
rate0.5_s12,0.0,selected_checked,120709,9.599999999999227,9.599999999999227,11.799999999999997,11.799999999999997,2.609999999999955,2.609999999999955,1.5195294081229385,1.5195294081229385,2.3500000000000014,2.3500000000000014,8.199999999998568,8.199999999998568,52922,52922,0,0,156,156,0,0.0,
rate0.5_s12,0.0,selected_checked,120710,8.600000000000193,8.600000000000193,11.800000000000011,11.800000000000011,2.644999999999955,2.644999999999955,1.6667945356167218,1.6667945356167218,2.7142857142857144,2.7142857142857144,13.199999999998795,13.199999999998795,52033,52033,0,0,149,149,0,0.0,
rate0.5_s12,0.0,selected_checked,120711,7.199999999999974,7.199999999999974,13.0,13.0,2.3949999999998943,2.3949999999998943,1.5777835926045813,1.5777835926045813,2.577777777777775,2.577777777777775,16.199999999999363,16.199999999999363,53157,53157,0,0,151,151,0,0.0,
rate0.5_s12,0.0,selected_checked,120712,5.800000000000011,5.800000000000011,7.999999999999972,7.999999999999972,2.2549999999999746,2.2549999999999746,1.490077890104836,1.490077890104836,2.2250000000000014,2.2250000000000014,0.799999999999045,0.799999999999045,52535,52535,0,0,152,152,0,0.0,
rate0.5_s12,0.0,selected_checked,120713,7.0,7.0,8.19999999999925,8.19999999999925,2.269999999999984,2.269999999999984,1.5151412131366773,1.5151412131366773,2.5999999999999943,2.5999999999999943,9.599999999999,9.599999999999,52368,52368,0,0,142,142,0,0.0,
rate0.5_s12,0.0,selected_checked,120714,9.0,9.0,12.000000000000057,12.000000000000057,2.9516666666665787,2.9516666666665787,1.499907439287069,1.499907439287069,2.244444444444456,2.244444444444456,11.399999999999295,11.399999999999295,52479,52479,0,0,138,138,0,0.0,
rate0.5_s12,0.0,selected_checked,120715,6.000000000000512,6.000000000000512,7.800000000000409,7.800000000000409,2.1133333333331876,2.1133333333331876,1.5204291409634014,1.5204291409634014,2.51428571428575,2.51428571428575,0.5999999999978627,0.5999999999978627,53313,53313,0,0,148,148,0,0.0,
rate0.5_s12,0.0,selected_checked,120716,6.399999999998727,6.399999999998727,9.400000000000318,9.400000000000318,2.4766666666666235,2.4766666666666235,1.4894333938238409,1.4894333938238409,2.4333333333332425,2.4333333333332425,2.1999999999985675,2.1999999999985675,51818,51818,0,0,149,149,0,0.0,
rate0.5_s12,0.0,selected_checked,120717,6.400000000000205,6.400000000000205,12.800000000000296,12.800000000000296,2.4133333333333087,2.4133333333333087,1.629086818035155,1.629086818035155,3.1200000000000045,3.1200000000000045,4.799999999998477,4.799999999998477,52000,52000,0,0,132,132,0,0.0,
rate0.5_s12,0.0,selected_checked,120718,7.000000000000114,7.000000000000114,10.799999999998818,10.799999999998818,2.62833333333332,2.62833333333332,1.6324751307962577,1.6324751307962577,2.5749999999999993,2.5749999999999993,4.799999999999272,4.799999999999272,51661,51661,0,0,154,154,0,0.0,
rate0.5_s12,0.0,selected_checked,120719,7.399999999999977,7.399999999999977,15.199999999999818,15.199999999999818,2.5316666666665744,2.5316666666665744,1.4988886515755302,1.4988886515755302,2.240000000000009,2.240000000000009,8.199999999998454,8.199999999998454,53175,53175,0,0,150,150,0,0.0,
rate0.5_s12,0.0,selected_checked,120720,5.0,5.0,9.0,9.0,2.2733333333332584,2.2733333333332584,1.4698093581130007,1.4698093581130007,2.2799999999999954,2.2799999999999954,8.799999999999159,8.799999999999159,52757,52757,0,0,153,153,0,0.0,
rate0.5_s12,0.0,selected_checked,120721,5.999999999999972,5.999999999999972,9.0,9.0,2.4816666666665865,2.4816666666665865,1.5687743416400588,1.5687743416400588,2.4285714285714204,2.4285714285714204,13.199999999999022,13.199999999999022,52195,52195,0,0,147,147,0,0.0,
rate0.5_s12,0.0,selected_checked,120722,5.0,5.0,5.799999999999997,5.799999999999997,1.9816666666666323,1.9816666666666323,1.4356523819253888,1.4356523819253888,2.1142857142856917,2.1142857142856917,16.99999999999943,16.99999999999943,53059,53059,0,0,137,137,0,0.0,
rate0.5_s12,0.0,selected_checked,120723,5.800000000000011,5.800000000000011,12.200000000000074,12.200000000000074,2.3916666666665067,2.3916666666665067,1.521508735846532,1.521508735846532,2.533333333333322,2.533333333333322,3.3999999999988404,3.3999999999988404,52517,52517,0,0,150,150,0,0.0,
rate0.5_s12,0.0,selected_checked,120724,8.800000000000011,8.800000000000011,10.399999999999977,10.399999999999977,2.5316666666667014,2.5316666666667014,1.5922750237723766,1.5922750237723766,2.8999999999999986,2.8999999999999986,11.399999999999068,11.399999999999068,51933,51933,0,0,153,153,0,0.0,
rate0.5_s12,0.0,selected_checked,120725,9.0,9.0,12.200000000000074,12.200000000000074,2.8883333333332057,2.8883333333332057,1.616497493898531,1.616497493898531,3.0333333333333505,3.0333333333333505,10.399999999998158,10.399999999998158,53105,53105,0,0,155,155,0,0.0,
rate0.5_s12,0.0,selected_checked,120726,9.799999999999613,9.799999999999613,12.600000000000023,12.600000000000023,3.1116666666666637,3.1116666666666637,1.5983370459272073,1.5983370459272073,2.6588235294117806,2.6588235294117806,5.9999999999990905,5.9999999999990905,51833,51833,0,0,157,157,0,0.0,
rate0.5_s12,0.0,selected_checked,120727,5.999999999999972,5.999999999999972,11.799999999999983,11.799999999999983,2.3399999999998524,2.3399999999998524,1.5670979241845577,1.5670979241845577,2.519999999999777,2.519999999999777,2.3999999999984993,2.3999999999984993,52297,52297,0,0,142,142,0,0.0,
rate0.5_s12,0.0,selected_checked,120728,8.0,8.0,11.400000000000432,11.400000000000432,2.8583333333333987,2.8583333333333987,1.5546335676688545,1.5546335676688545,2.6833333333332994,2.6833333333332994,5.199999999999136,5.199999999999136,52907,52907,0,0,158,158,0,0.0,
rate0.5_s12,0.0,selected_checked,120729,9.0,9.0,16.600000000000023,16.600000000000023,2.963333333333256,2.963333333333256,1.5797720308598782,1.5797720308598782,2.610526315789493,2.610526315789493,12.399999999999295,12.399999999999295,52359,52359,0,0,144,144,0,0.0,
rate0.5_s12,0.0,selected_unchecked,120700,7.60000000000008,7.60000000000008,11.799999999999997,11.799999999999997,2.4299999999999975,2.4299999999999975,1.490250828335861,1.490250828335861,2.514285714285722,2.514285714285722,18.199999999999136,18.199999999999136,53420,53420,0,0,152,152,0,0.0,
rate0.5_s12,0.0,selected_unchecked,120701,9.0,9.0,12.200000000000003,12.200000000000003,2.7683333333333473,2.7683333333333473,1.5921438870693916,1.5921438870693916,2.574999999999946,2.574999999999946,9.599999999999,9.599999999999,52284,52284,0,0,159,159,0,0.0,
rate0.5_s12,0.0,selected_unchecked,120702,5.799999999999997,5.799999999999997,11.399999999999991,11.399999999999991,2.2533333333333085,2.2533333333333085,1.510227550251468,1.510227550251468,2.424999999999999,2.424999999999999,38.79999999999791,38.79999999999791,55120,55120,0,0,154,154,0,0.0,
rate0.5_s12,0.0,selected_unchecked,120703,7.800000000000068,7.800000000000068,9.0,9.0,2.331666666666526,2.331666666666526,1.575506326744179,1.575506326744179,2.8333333333332384,2.8333333333332384,20.99999999999875,20.99999999999875,52748,52748,0,0,145,145,0,0.0,
rate0.5_s12,0.0,selected_unchecked,120704,6.400000000000205,6.400000000000205,15.400000000000034,15.400000000000034,2.421666666666599,2.421666666666599,1.5814738278209215,1.5814738278209215,2.8999999999999964,2.8999999999999964,6.999999999999204,6.999999999999204,52375,52375,0,0,145,145,0,0.0,
rate0.5_s12,0.0,selected_unchecked,120705,6.7999999999999545,6.7999999999999545,9.39999999999992,9.39999999999992,2.2333333333333294,2.2333333333333294,1.417727718203054,1.417727718203054,2.050000000000002,2.050000000000002,2.1999999999989086,2.1999999999989086,52967,52967,0,0,153,153,0,0.0,
rate0.5_s12,0.0,selected_unchecked,120706,9.0,9.0,11.0,11.0,2.8849999999997995,2.8849999999997995,1.6030083304969627,1.6030083304969627,2.6285714285712465,2.6285714285712465,8.799999999998477,8.799999999998477,51810,51810,0,0,149,149,0,0.0,
rate0.5_s12,0.0,selected_unchecked,120707,7.0,7.0,11.0,11.0,2.4883333333332858,2.4883333333332858,1.502870588206537,1.502870588206537,2.342857142857152,2.342857142857152,3.7999999999984766,3.7999999999984766,52503,52503,0,0,152,152,0,0.0,
rate0.5_s12,0.0,selected_unchecked,120708,10.799999999999983,10.799999999999983,18.200000000000045,18.200000000000045,3.0766666666665454,3.0766666666665454,1.6632048616170614,1.6632048616170614,3.1000000000000085,3.1000000000000085,7.9999999999990905,7.9999999999990905,52309,52309,0,0,162,162,0,0.0,
rate0.5_s12,0.0,selected_unchecked,120709,9.599999999999227,9.599999999999227,11.799999999999997,11.799999999999997,2.609999999999955,2.609999999999955,1.5195294081229385,1.5195294081229385,2.3500000000000014,2.3500000000000014,8.199999999998568,8.199999999998568,52922,52922,0,0,156,156,0,0.0,
rate0.5_s12,0.0,selected_unchecked,120710,8.600000000000193,8.600000000000193,11.800000000000011,11.800000000000011,2.644999999999955,2.644999999999955,1.6667945356167218,1.6667945356167218,2.7142857142857144,2.7142857142857144,13.199999999998795,13.199999999998795,52033,52033,0,0,149,149,0,0.0,
rate0.5_s12,0.0,selected_unchecked,120711,7.199999999999974,7.199999999999974,13.0,13.0,2.3949999999998943,2.3949999999998943,1.5777835926045813,1.5777835926045813,2.577777777777775,2.577777777777775,16.199999999999363,16.199999999999363,53157,53157,0,0,151,151,0,0.0,
rate0.5_s12,0.0,selected_unchecked,120712,5.800000000000011,5.800000000000011,7.999999999999972,7.999999999999972,2.2549999999999746,2.2549999999999746,1.490077890104836,1.490077890104836,2.2250000000000014,2.2250000000000014,0.799999999999045,0.799999999999045,52535,52535,0,0,152,152,0,0.0,
rate0.5_s12,0.0,selected_unchecked,120713,7.0,7.0,8.19999999999925,8.19999999999925,2.269999999999984,2.269999999999984,1.5151412131366773,1.5151412131366773,2.5999999999999943,2.5999999999999943,9.599999999999,9.599999999999,52368,52368,0,0,142,142,0,0.0,
rate0.5_s12,0.0,selected_unchecked,120714,9.0,9.0,12.000000000000057,12.000000000000057,2.9516666666665787,2.9516666666665787,1.499907439287069,1.499907439287069,2.244444444444456,2.244444444444456,11.399999999999295,11.399999999999295,52479,52479,0,0,138,138,0,0.0,
rate0.5_s12,0.0,selected_unchecked,120715,6.000000000000512,6.000000000000512,7.800000000000409,7.800000000000409,2.1133333333331876,2.1133333333331876,1.5204291409634014,1.5204291409634014,2.51428571428575,2.51428571428575,0.5999999999978627,0.5999999999978627,53313,53313,0,0,148,148,0,0.0,
rate0.5_s12,0.0,selected_unchecked,120716,6.399999999998727,6.399999999998727,9.400000000000318,9.400000000000318,2.4766666666666235,2.4766666666666235,1.4894333938238409,1.4894333938238409,2.4333333333332425,2.4333333333332425,2.1999999999985675,2.1999999999985675,51818,51818,0,0,149,149,0,0.0,
rate0.5_s12,0.0,selected_unchecked,120717,6.400000000000205,6.400000000000205,12.800000000000296,12.800000000000296,2.4133333333333087,2.4133333333333087,1.629086818035155,1.629086818035155,3.1200000000000045,3.1200000000000045,4.799999999998477,4.799999999998477,52000,52000,0,0,132,132,0,0.0,
rate0.5_s12,0.0,selected_unchecked,120718,7.000000000000114,7.000000000000114,10.799999999998818,10.799999999998818,2.62833333333332,2.62833333333332,1.6324751307962577,1.6324751307962577,2.5749999999999993,2.5749999999999993,4.799999999999272,4.799999999999272,51661,51661,0,0,154,154,0,0.0,
rate0.5_s12,0.0,selected_unchecked,120719,7.399999999999977,7.399999999999977,15.199999999999818,15.199999999999818,2.5316666666665744,2.5316666666665744,1.4988886515755302,1.4988886515755302,2.240000000000009,2.240000000000009,8.199999999998454,8.199999999998454,53175,53175,0,0,150,150,0,0.0,
rate0.5_s12,0.0,selected_unchecked,120720,5.0,5.0,9.0,9.0,2.2733333333332584,2.2733333333332584,1.4698093581130007,1.4698093581130007,2.2799999999999954,2.2799999999999954,8.799999999999159,8.799999999999159,52757,52757,0,0,153,153,0,0.0,
rate0.5_s12,0.0,selected_unchecked,120721,5.999999999999972,5.999999999999972,9.0,9.0,2.4816666666665865,2.4816666666665865,1.5687743416400588,1.5687743416400588,2.4285714285714204,2.4285714285714204,13.199999999999022,13.199999999999022,52195,52195,0,0,147,147,0,0.0,
rate0.5_s12,0.0,selected_unchecked,120722,5.0,5.0,5.799999999999997,5.799999999999997,1.9816666666666323,1.9816666666666323,1.4356523819253888,1.4356523819253888,2.1142857142856917,2.1142857142856917,16.99999999999943,16.99999999999943,53059,53059,0,0,137,137,0,0.0,
rate0.5_s12,0.0,selected_unchecked,120723,5.800000000000011,5.800000000000011,12.200000000000074,12.200000000000074,2.3916666666665067,2.3916666666665067,1.521508735846532,1.521508735846532,2.533333333333322,2.533333333333322,3.3999999999988404,3.3999999999988404,52517,52517,0,0,150,150,0,0.0,
rate0.5_s12,0.0,selected_unchecked,120724,8.800000000000011,8.800000000000011,10.399999999999977,10.399999999999977,2.5316666666667014,2.5316666666667014,1.5922750237723766,1.5922750237723766,2.8999999999999986,2.8999999999999986,11.399999999999068,11.399999999999068,51933,51933,0,0,153,153,0,0.0,
rate0.5_s12,0.0,selected_unchecked,120725,9.0,9.0,12.200000000000074,12.200000000000074,2.8883333333332057,2.8883333333332057,1.616497493898531,1.616497493898531,3.0333333333333505,3.0333333333333505,10.399999999998158,10.399999999998158,53105,53105,0,0,155,155,0,0.0,
rate0.5_s12,0.0,selected_unchecked,120726,9.799999999999613,9.799999999999613,12.600000000000023,12.600000000000023,3.1116666666666637,3.1116666666666637,1.5983370459272073,1.5983370459272073,2.6588235294117806,2.6588235294117806,5.9999999999990905,5.9999999999990905,51833,51833,0,0,157,157,0,0.0,
rate0.5_s12,0.0,selected_unchecked,120727,5.999999999999972,5.999999999999972,11.799999999999983,11.799999999999983,2.3399999999998524,2.3399999999998524,1.5670979241845577,1.5670979241845577,2.519999999999777,2.519999999999777,2.3999999999984993,2.3999999999984993,52297,52297,0,0,142,142,0,0.0,
rate0.5_s12,0.0,selected_unchecked,120728,8.0,8.0,11.400000000000432,11.400000000000432,2.8583333333333987,2.8583333333333987,1.5546335676688545,1.5546335676688545,2.6833333333332994,2.6833333333332994,5.199999999999136,5.199999999999136,52907,52907,0,0,158,158,0,0.0,
rate0.5_s12,0.0,selected_unchecked,120729,9.0,9.0,16.600000000000023,16.600000000000023,2.963333333333256,2.963333333333256,1.5797720308598782,1.5797720308598782,2.610526315789493,2.610526315789493,12.399999999999295,12.399999999999295,52359,52359,0,0,144,144,0,0.0,
rate0.5_s12,0.0,original_q2_a0.8_or_unchecked,120700,7.60000000000008,4.999999999999886,11.799999999999997,6.0,2.4299999999999975,1.9866666666667114,1.490250828335861,1.4925651715131656,2.514285714285722,2.3666666666666742,18.199999999999136,17.399999999998954,53420,55866,0,96,152,139,24,0.9,1.0
rate0.5_s12,0.0,original_q2_a0.8_or_unchecked,120701,9.0,5.0,12.200000000000003,5.59999999999998,2.7683333333333473,1.8233333333332913,1.5921438870693916,1.4535555771188742,2.574999999999946,2.1142857142857485,9.599999999999,12.199999999999477,52284,55986,0,112,159,151,28,1.0,1.0
rate0.5_s12,0.0,original_q2_a0.8_or_unchecked,120702,5.799999999999997,5.800000000000011,11.399999999999991,8.199999999999818,2.2533333333333085,2.0249999999999773,1.510227550251468,1.480544145683101,2.424999999999999,2.159999999999968,38.79999999999791,20.799999999998363,55120,56943,0,108,154,142,27,1.0,1.0
rate0.5_s12,0.0,original_q2_a0.8_or_unchecked,120703,7.800000000000068,7.400000000000006,9.0,8.80000000000041,2.331666666666526,2.4066666666665535,1.575506326744179,1.5090861351255787,2.8333333333332384,2.549999999999997,20.99999999999875,10.999999999998636,52748,56085,0,96,145,160,26,1.0,1.0
rate0.5_s12,0.0,original_q2_a0.8_or_unchecked,120704,6.400000000000205,5.0,15.400000000000034,5.599999999999454,2.421666666666599,1.9149999999999505,1.5814738278209215,1.5362211868258642,2.8999999999999964,2.5199999999999134,6.999999999999204,4.199999999999363,52375,55908,0,108,145,144,27,1.0,1.0
rate0.5_s12,0.0,original_q2_a0.8_or_unchecked,120705,6.7999999999999545,5.60000000000008,9.39999999999992,7.7999999999999545,2.2333333333333294,2.004999999999973,1.417727718203054,1.43004401495035,2.050000000000002,2.1999999999999966,2.1999999999989086,2.3999999999984993,52967,54271,0,80,153,145,20,1.0,1.0
rate0.5_s12,0.0,original_q2_a0.8_or_unchecked,120706,9.0,5.400000000000318,11.0,6.799999999998704,2.8849999999997995,2.171666666666473,1.6030083304969627,1.5028729118592117,2.6285714285712465,2.4666666666666877,8.799999999998477,6.9999999999987494,51810,55673,0,92,149,142,25,1.0,1.0
rate0.5_s12,0.0,original_q2_a0.8_or_unchecked,120707,7.0,5.800000000000011,11.0,9.0,2.4883333333332858,2.0766666666664815,1.502870588206537,1.4889238958020157,2.342857142857152,2.3999999999999986,3.7999999999984766,10.999999999999204,52503,56879,0,108,152,148,27,1.0,1.0
rate0.5_s12,0.0,original_q2_a0.8_or_unchecked,120708,10.799999999999983,5.400000000000091,18.200000000000045,9.799999999999272,3.0766666666665454,2.0416666666666083,1.6632048616170614,1.4742558479249075,3.1000000000000085,2.2888888888888976,7.9999999999990905,16.199999999998795,52309,56813,0,104,162,147,26,1.0,1.0
rate0.5_s12,0.0,original_q2_a0.8_or_unchecked,120709,9.599999999999227,5.0,11.799999999999997,7.200000000000273,2.609999999999955,2.0066666666665944,1.5195294081229385,1.4119634288175689,2.3500000000000014,2.0599999999999796,8.199999999998568,9.79999999999859,52922,55451,0,84,156,139,21,1.0,1.0
rate0.5_s12,0.0,original_q2_a0.8_or_unchecked,120710,8.600000000000193,5.800000000000523,11.800000000000011,7.999999999999972,2.644999999999955,2.329999999999986,1.6667945356167218,1.4794878044708237,2.7142857142857144,2.1500000000000306,13.199999999998795,13.999999999999659,52033,55590,0,96,149,152,28,1.0,1.0
rate0.5_s12,0.0,original_q2_a0.8_or_unchecked,120711,7.199999999999974,5.800000000000011,13.0,9.800000000000011,2.3949999999998943,2.3349999999998894,1.5777835926045813,1.4997446628741382,2.577777777777775,2.4000000000000057,16.199999999999363,8.199999999997658,53157,56087,0,100,151,146,25,1.0,1.0
rate0.5_s12,0.0,original_q2_a0.8_or_unchecked,120712,5.800000000000011,5.0,7.999999999999972,7.999999999999972,2.2549999999999746,1.9400000000000144,1.490077890104836,1.4236011839489662,2.2250000000000014,2.037500000000012,0.799999999999045,9.599999999999454,52535,55618,0,92,152,154,23,1.0,1.0
rate0.5_s12,0.0,original_q2_a0.8_or_unchecked,120713,7.0,5.0,8.19999999999925,8.799999999999159,2.269999999999984,1.9633333333333078,1.5151412131366773,1.4727457785862095,2.5999999999999943,2.6111111111110668,9.599999999999,9.39999999999884,52368,55782,0,96,142,152,24,1.0,1.0
rate0.5_s12,0.0,original_q2_a0.8_or_unchecked,120714,9.0,5.400000000000205,12.000000000000057,9.0,2.9516666666665787,2.2183333333333035,1.499907439287069,1.4529464651909554,2.244444444444456,2.233333333333339,11.399999999999295,15.399999999999295,52479,55394,0,92,138,141,23,1.0,1.0
rate0.5_s12,0.0,original_q2_a0.8_or_unchecked,120715,6.000000000000512,5.0,7.800000000000409,7.400000000000091,2.1133333333331876,2.031666666666501,1.5204291409634014,1.5246134156963633,2.51428571428575,2.780000000000018,0.5999999999978627,2.7999999999984766,53313,55468,0,92,148,144,25,1.0,1.0
rate0.5_s12,0.0,original_q2_a0.8_or_unchecked,120716,6.399999999998727,5.0,9.400000000000318,7.999999999999972,2.4766666666666235,1.9516666666666547,1.4894333938238409,1.427724536135543,2.4333333333332425,2.309090909090907,2.1999999999985675,8.999999999999432,51818,55553,0,96,149,152,24,1.0,1.0
rate0.5_s12,0.0,original_q2_a0.8_or_unchecked,120717,6.400000000000205,5.599999999999682,12.800000000000296,6.399999999999977,2.4133333333333087,2.023333333333297,1.629086818035155,1.5415504232567434,3.1200000000000045,2.6999999999999886,4.799999999998477,5.999999999998636,52000,55771,0,84,132,148,21,1.0,1.0
rate0.5_s12,0.0,original_q2_a0.8_or_unchecked,120718,7.000000000000114,5.0,10.799999999998818,7.0,2.62833333333332,1.9516666666666491,1.6324751307962577,1.4636378565411976,2.5749999999999993,2.1999999999999966,4.799999999999272,2.199999999999136,51661,55669,0,100,154,146,25,1.0,1.0
rate0.5_s12,0.0,original_q2_a0.8_or_unchecked,120719,7.399999999999977,6.400000000000205,15.199999999999818,10.7999999999995,2.5316666666665744,2.2816666666665175,1.4988886515755302,1.5284819660270539,2.240000000000009,2.4666666666666663,8.199999999998454,22.199999999998113,53175,56191,0,80,150,144,20,1.0,1.0
rate0.5_s12,0.0,original_q2_a0.8_or_unchecked,120720,5.0,7.199999999999932,9.0,9.800000000000011,2.2733333333332584,2.4733333333333225,1.4698093581130007,1.505871900655474,2.2799999999999954,2.3454545454544795,8.799999999999159,12.799999999999613,52757,56370,0,108,153,146,27,1.0,1.0
rate0.5_s12,0.0,original_q2_a0.8_or_unchecked,120721,5.999999999999972,6.200000000000074,9.0,8.200000000000273,2.4816666666665865,2.191666666666642,1.5687743416400588,1.4644494668863068,2.4285714285714204,2.285714285714294,13.199999999999022,14.399999999998727,52195,56244,0,88,147,142,22,1.0,1.0
rate0.5_s12,0.0,original_q2_a0.8_or_unchecked,120722,5.0,5.0,5.799999999999997,7.999999999999545,1.9816666666666323,2.029999999999926,1.4356523819253888,1.4360208624058914,2.1142857142856917,1.9636363636363088,16.99999999999943,13.999999999999204,53059,55319,0,76,137,142,19,1.0,1.0
rate0.5_s12,0.0,original_q2_a0.8_or_unchecked,120723,5.800000000000011,5.0,12.200000000000074,6.000000000000142,2.3916666666665067,1.7449999999998687,1.521508735846532,1.3812145577952575,2.533333333333322,2.15000000000002,3.3999999999988404,3.799999999999727,52517,55060,0,80,150,140,20,1.0,1.0
rate0.5_s12,0.0,original_q2_a0.8_or_unchecked,120724,8.800000000000011,5.600000000000023,10.399999999999977,7.399999999999977,2.5316666666667014,1.9749999999999759,1.5922750237723766,1.4679993555236939,2.8999999999999986,2.266666666666675,11.399999999999068,14.599999999999,51933,55953,0,88,153,145,22,1.0,1.0
rate0.5_s12,0.0,original_q2_a0.8_or_unchecked,120725,9.0,5.199999999999591,12.200000000000074,9.0,2.8883333333332057,2.1883333333332424,1.616497493898531,1.4593371940089843,3.0333333333333505,2.433333333333337,10.399999999998158,11.599999999998545,53105,56390,0,112,155,151,28,1.0,1.0
rate0.5_s12,0.0,original_q2_a0.8_or_unchecked,120726,9.799999999999613,6.199999999999363,12.600000000000023,11.0,3.1116666666666637,2.476666666666673,1.5983370459272073,1.5730588371249976,2.6588235294117806,2.3692307692307746,5.9999999999990905,21.39999999999941,51833,56777,0,112,157,154,28,1.0,1.0
rate0.5_s12,0.0,original_q2_a0.8_or_unchecked,120727,5.999999999999972,5.200000000000102,11.799999999999983,7.400000000000148,2.3399999999998524,2.0333333333331987,1.5670979241845577,1.5047187191049691,2.519999999999777,2.75,2.3999999999984993,12.199999999999022,52297,56719,0,92,142,139,23,1.0,1.0
rate0.5_s12,0.0,original_q2_a0.8_or_unchecked,120728,8.0,5.600000000000364,11.400000000000432,6.600000000000193,2.8583333333333987,2.146666666666695,1.5546335676688545,1.497816533157413,2.6833333333332994,2.2000000000000384,5.199999999999136,5.199999999999136,52907,55526,0,88,158,147,22,1.0,1.0
rate0.5_s12,0.0,original_q2_a0.8_or_unchecked,120729,9.0,6.199999999999477,16.600000000000023,7.0,2.963333333333256,2.131666666666585,1.5797720308598782,1.5127610423038156,2.610526315789493,2.199999999999999,12.399999999999295,12.599999999998886,52359,55132,0,96,144,137,24,1.0,1.0
rate0.5_s12,0.0,runner_up_checked,120700,7.60000000000008,7.60000000000008,11.799999999999997,11.799999999999997,2.4299999999999975,2.4299999999999975,1.490250828335861,1.490250828335861,2.514285714285722,2.514285714285722,18.199999999999136,18.199999999999136,53420,53420,0,0,152,152,0,0.0,
rate0.5_s12,0.0,runner_up_checked,120701,9.0,9.0,12.200000000000003,12.200000000000003,2.7683333333333473,2.7683333333333473,1.5921438870693916,1.5921438870693916,2.574999999999946,2.574999999999946,9.599999999999,9.599999999999,52284,52284,0,0,159,159,0,0.0,
rate0.5_s12,0.0,runner_up_checked,120702,5.799999999999997,5.799999999999997,11.399999999999991,11.399999999999991,2.2533333333333085,2.2533333333333085,1.510227550251468,1.510227550251468,2.424999999999999,2.424999999999999,38.79999999999791,38.79999999999791,55120,55120,0,0,154,154,0,0.0,
rate0.5_s12,0.0,runner_up_checked,120703,7.800000000000068,7.800000000000068,9.0,9.0,2.331666666666526,2.331666666666526,1.575506326744179,1.575506326744179,2.8333333333332384,2.8333333333332384,20.99999999999875,20.99999999999875,52748,52748,0,0,145,145,0,0.0,
rate0.5_s12,0.0,runner_up_checked,120704,6.400000000000205,6.400000000000205,15.400000000000034,15.400000000000034,2.421666666666599,2.421666666666599,1.5814738278209215,1.5814738278209215,2.8999999999999964,2.8999999999999964,6.999999999999204,6.999999999999204,52375,52375,0,0,145,145,0,0.0,
rate0.5_s12,0.0,runner_up_checked,120705,6.7999999999999545,6.7999999999999545,9.39999999999992,9.39999999999992,2.2333333333333294,2.2333333333333294,1.417727718203054,1.417727718203054,2.050000000000002,2.050000000000002,2.1999999999989086,2.1999999999989086,52967,52967,0,0,153,153,0,0.0,
rate0.5_s12,0.0,runner_up_checked,120706,9.0,9.0,11.0,11.0,2.8849999999997995,2.8849999999997995,1.6030083304969627,1.6030083304969627,2.6285714285712465,2.6285714285712465,8.799999999998477,8.799999999998477,51810,51810,0,0,149,149,0,0.0,
rate0.5_s12,0.0,runner_up_checked,120707,7.0,7.0,11.0,11.0,2.4883333333332858,2.4883333333332858,1.502870588206537,1.502870588206537,2.342857142857152,2.342857142857152,3.7999999999984766,3.7999999999984766,52503,52503,0,0,152,152,0,0.0,
rate0.5_s12,0.0,runner_up_checked,120708,10.799999999999983,10.799999999999983,18.200000000000045,18.200000000000045,3.0766666666665454,3.0766666666665454,1.6632048616170614,1.6632048616170614,3.1000000000000085,3.1000000000000085,7.9999999999990905,7.9999999999990905,52309,52309,0,0,162,162,0,0.0,
rate0.5_s12,0.0,runner_up_checked,120709,9.599999999999227,9.599999999999227,11.799999999999997,11.799999999999997,2.609999999999955,2.609999999999955,1.5195294081229385,1.5195294081229385,2.3500000000000014,2.3500000000000014,8.199999999998568,8.199999999998568,52922,52922,0,0,156,156,0,0.0,
rate0.5_s12,0.0,runner_up_checked,120710,8.600000000000193,8.600000000000193,11.800000000000011,11.800000000000011,2.644999999999955,2.644999999999955,1.6667945356167218,1.6667945356167218,2.7142857142857144,2.7142857142857144,13.199999999998795,13.199999999998795,52033,52033,0,0,149,149,0,0.0,
rate0.5_s12,0.0,runner_up_checked,120711,7.199999999999974,7.199999999999974,13.0,13.0,2.3949999999998943,2.3949999999998943,1.5777835926045813,1.5777835926045813,2.577777777777775,2.577777777777775,16.199999999999363,16.199999999999363,53157,53157,0,0,151,151,0,0.0,
rate0.5_s12,0.0,runner_up_checked,120712,5.800000000000011,5.800000000000011,7.999999999999972,7.999999999999972,2.2549999999999746,2.2549999999999746,1.490077890104836,1.490077890104836,2.2250000000000014,2.2250000000000014,0.799999999999045,0.799999999999045,52535,52535,0,0,152,152,0,0.0,
rate0.5_s12,0.0,runner_up_checked,120713,7.0,7.0,8.19999999999925,8.19999999999925,2.269999999999984,2.269999999999984,1.5151412131366773,1.5151412131366773,2.5999999999999943,2.5999999999999943,9.599999999999,9.599999999999,52368,52368,0,0,142,142,0,0.0,
rate0.5_s12,0.0,runner_up_checked,120714,9.0,9.0,12.000000000000057,12.000000000000057,2.9516666666665787,2.9516666666665787,1.499907439287069,1.499907439287069,2.244444444444456,2.244444444444456,11.399999999999295,11.399999999999295,52479,52479,0,0,138,138,0,0.0,
rate0.5_s12,0.0,runner_up_checked,120715,6.000000000000512,6.000000000000512,7.800000000000409,7.800000000000409,2.1133333333331876,2.1133333333331876,1.5204291409634014,1.5204291409634014,2.51428571428575,2.51428571428575,0.5999999999978627,0.5999999999978627,53313,53313,0,0,148,148,0,0.0,
rate0.5_s12,0.0,runner_up_checked,120716,6.399999999998727,6.399999999998727,9.400000000000318,9.400000000000318,2.4766666666666235,2.4766666666666235,1.4894333938238409,1.4894333938238409,2.4333333333332425,2.4333333333332425,2.1999999999985675,2.1999999999985675,51818,51818,0,0,149,149,0,0.0,
rate0.5_s12,0.0,runner_up_checked,120717,6.400000000000205,6.400000000000205,12.800000000000296,12.800000000000296,2.4133333333333087,2.4133333333333087,1.629086818035155,1.629086818035155,3.1200000000000045,3.1200000000000045,4.799999999998477,4.799999999998477,52000,52000,0,0,132,132,0,0.0,
rate0.5_s12,0.0,runner_up_checked,120718,7.000000000000114,7.000000000000114,10.799999999998818,10.799999999998818,2.62833333333332,2.62833333333332,1.6324751307962577,1.6324751307962577,2.5749999999999993,2.5749999999999993,4.799999999999272,4.799999999999272,51661,51661,0,0,154,154,0,0.0,
rate0.5_s12,0.0,runner_up_checked,120719,7.399999999999977,7.399999999999977,15.199999999999818,15.199999999999818,2.5316666666665744,2.5316666666665744,1.4988886515755302,1.4988886515755302,2.240000000000009,2.240000000000009,8.199999999998454,8.199999999998454,53175,53175,0,0,150,150,0,0.0,
rate0.5_s12,0.0,runner_up_checked,120720,5.0,5.0,9.0,9.0,2.2733333333332584,2.2733333333332584,1.4698093581130007,1.4698093581130007,2.2799999999999954,2.2799999999999954,8.799999999999159,8.799999999999159,52757,52757,0,0,153,153,0,0.0,
rate0.5_s12,0.0,runner_up_checked,120721,5.999999999999972,5.999999999999972,9.0,9.0,2.4816666666665865,2.4816666666665865,1.5687743416400588,1.5687743416400588,2.4285714285714204,2.4285714285714204,13.199999999999022,13.199999999999022,52195,52195,0,0,147,147,0,0.0,
rate0.5_s12,0.0,runner_up_checked,120722,5.0,5.0,5.799999999999997,5.799999999999997,1.9816666666666323,1.9816666666666323,1.4356523819253888,1.4356523819253888,2.1142857142856917,2.1142857142856917,16.99999999999943,16.99999999999943,53059,53059,0,0,137,137,0,0.0,
rate0.5_s12,0.0,runner_up_checked,120723,5.800000000000011,5.800000000000011,12.200000000000074,12.200000000000074,2.3916666666665067,2.3916666666665067,1.521508735846532,1.521508735846532,2.533333333333322,2.533333333333322,3.3999999999988404,3.3999999999988404,52517,52517,0,0,150,150,0,0.0,
rate0.5_s12,0.0,runner_up_checked,120724,8.800000000000011,8.800000000000011,10.399999999999977,10.399999999999977,2.5316666666667014,2.5316666666667014,1.5922750237723766,1.5922750237723766,2.8999999999999986,2.8999999999999986,11.399999999999068,11.399999999999068,51933,51933,0,0,153,153,0,0.0,
rate0.5_s12,0.0,runner_up_checked,120725,9.0,9.0,12.200000000000074,12.200000000000074,2.8883333333332057,2.8883333333332057,1.616497493898531,1.616497493898531,3.0333333333333505,3.0333333333333505,10.399999999998158,10.399999999998158,53105,53105,0,0,155,155,0,0.0,
rate0.5_s12,0.0,runner_up_checked,120726,9.799999999999613,9.799999999999613,12.600000000000023,12.600000000000023,3.1116666666666637,3.1116666666666637,1.5983370459272073,1.5983370459272073,2.6588235294117806,2.6588235294117806,5.9999999999990905,5.9999999999990905,51833,51833,0,0,157,157,0,0.0,
rate0.5_s12,0.0,runner_up_checked,120727,5.999999999999972,5.999999999999972,11.799999999999983,11.799999999999983,2.3399999999998524,2.3399999999998524,1.5670979241845577,1.5670979241845577,2.519999999999777,2.519999999999777,2.3999999999984993,2.3999999999984993,52297,52297,0,0,142,142,0,0.0,
rate0.5_s12,0.0,runner_up_checked,120728,8.0,8.0,11.400000000000432,11.400000000000432,2.8583333333333987,2.8583333333333987,1.5546335676688545,1.5546335676688545,2.6833333333332994,2.6833333333332994,5.199999999999136,5.199999999999136,52907,52907,0,0,158,158,0,0.0,
rate0.5_s12,0.0,runner_up_checked,120729,9.0,9.0,16.600000000000023,16.600000000000023,2.963333333333256,2.963333333333256,1.5797720308598782,1.5797720308598782,2.610526315789493,2.610526315789493,12.399999999999295,12.399999999999295,52359,52359,0,0,144,144,0,0.0,
rate0.5_s12,0.5,selected_checked,120700,7.0,7.0,12.600000000000023,12.600000000000023,2.495000000000038,2.495000000000038,1.6050225750124423,1.6050225750124423,2.471428571428569,2.471428571428569,25.49999999999909,25.49999999999909,53034,53034,0,0,150,150,0,0.0,
rate0.5_s12,0.5,selected_checked,120701,7.0,7.0,12.700000000000003,12.700000000000003,2.547499999999958,2.547499999999958,1.5546535369396919,1.5546535369396919,2.333333333333338,2.333333333333338,4.199999999999363,4.199999999999363,52659,52659,0,0,148,148,0,0.0,
rate0.5_s12,0.5,selected_checked,120702,6.699999999999363,6.699999999999363,12.399999999999991,12.399999999999991,2.600833333333343,2.600833333333343,1.6014524452674224,1.6014524452674224,2.549999999999999,2.549999999999999,21.799999999999045,21.799999999999045,54033,54033,0,0,156,156,0,0.0,
rate0.5_s12,0.5,selected_checked,120703,8.000000000000057,8.000000000000057,12.600000000000023,12.600000000000023,2.5033333333332086,2.5033333333332086,1.6468558450847801,1.6468558450847801,2.6999999999999154,2.6999999999999154,5.199999999999591,5.199999999999591,52516,52516,0,0,170,170,0,0.0,
rate0.5_s12,0.5,selected_checked,120704,5.5,5.5,8.700000000000045,8.700000000000045,2.2999999999999634,2.2999999999999634,1.6233047268072691,1.6233047268072691,2.98571428571425,2.98571428571425,10.399999999998954,10.399999999998954,52568,52568,0,0,145,145,0,0.0,
rate0.5_s12,0.5,selected_checked,120705,6.600000000000023,6.600000000000023,9.0,9.0,2.241666666666658,2.241666666666658,1.5604432517897853,1.5604432517897853,2.642857142857175,2.642857142857175,5.3999999999995225,5.3999999999995225,52078,52078,0,0,147,147,0,0.0,
rate0.5_s12,0.5,selected_checked,120706,5.100000000000136,5.100000000000136,10.900000000000034,10.900000000000034,2.247499999999833,2.247499999999833,1.5326534792268798,1.5326534792268798,2.571428571428474,2.571428571428474,6.299999999998022,6.299999999998022,52142,52142,0,0,150,150,0,0.0,
rate0.5_s12,0.5,selected_checked,120707,7.800000000000182,7.800000000000182,13.099999999999966,13.099999999999966,2.5483333333333054,2.5483333333333054,1.5505250068023069,1.5505250068023069,2.566666666666677,2.566666666666677,13.899999999997704,13.899999999997704,53161,53161,0,0,140,140,0,0.0,
rate0.5_s12,0.5,selected_checked,120708,9.0,9.0,13.800000000000011,13.800000000000011,2.7441666666664903,2.7441666666664903,1.600126797337285,1.600126797337285,2.6000000000000028,2.6000000000000028,8.799999999999045,8.799999999999045,52954,52954,0,0,158,158,0,0.0,
rate0.5_s12,0.5,selected_checked,120709,8.400000000000205,8.400000000000205,11.200000000000102,11.200000000000102,2.547499999999901,2.547499999999901,1.5178134313848894,1.5178134313848894,2.424999999999997,2.424999999999997,10.699999999998795,10.699999999998795,52543,52543,0,0,154,154,0,0.0,
rate0.5_s12,0.5,selected_checked,120710,7.0,7.0,11.60000000000008,11.60000000000008,2.519999999999961,2.519999999999961,1.576851125999934,1.576851125999934,2.4142857142855974,2.4142857142855974,13.599999999998886,13.599999999998886,52441,52441,0,0,155,155,0,0.0,
rate0.5_s12,0.5,selected_checked,120711,7.0,7.0,13.0,13.0,2.665833333333262,2.665833333333262,1.65663186004286,1.65663186004286,2.6874999999999982,2.6874999999999982,33.19999999999811,33.19999999999811,53533,53533,0,0,152,152,0,0.0,
rate0.5_s12,0.5,selected_checked,120712,7.0,7.0,9.0,9.0,2.411666666666653,2.411666666666653,1.5695189467196802,1.5695189467196802,2.5,2.5,5.499999999998408,5.499999999998408,52457,52457,0,0,161,161,0,0.0,
rate0.5_s12,0.5,selected_checked,120713,5.59999999999998,5.59999999999998,7.999999999999972,7.999999999999972,2.066666666666672,2.066666666666672,1.4573988171336434,1.4573988171336434,2.4249999999999687,2.4249999999999687,5.799999999998363,5.799999999998363,51750,51750,0,0,140,140,0,0.0,
rate0.5_s12,0.5,selected_checked,120714,6.300000000000125,6.300000000000125,9.799999999999997,9.799999999999997,2.499999999999937,2.499999999999937,1.5016189935332542,1.5016189935332542,2.211764705882361,2.211764705882361,6.299999999998249,6.299999999998249,51998,51998,0,0,154,154,0,0.0,
rate0.5_s12,0.5,selected_checked,120715,5.899999999999949,5.899999999999949,9.0,9.0,2.2433333333331564,2.2433333333331564,1.562280859778269,1.562280859778269,2.6333333333333315,2.6333333333333315,4.599999999999341,4.599999999999341,52778,52778,0,0,154,154,0,0.0,
rate0.5_s12,0.5,selected_checked,120716,6.400000000000091,6.400000000000091,9.0,9.0,2.6908333333332797,2.6908333333332797,1.5491944939023519,1.5491944939023519,2.283333333333246,2.283333333333246,7.999999999999545,7.999999999999545,52787,52787,0,0,153,153,0,0.0,
rate0.5_s12,0.5,selected_checked,120717,5.7999999999999545,5.7999999999999545,8.999999999999986,8.999999999999986,2.1049999999999707,2.1049999999999707,1.5815647856770247,1.5815647856770247,2.514285714285722,2.514285714285722,7.699999999998113,7.699999999998113,52129,52129,0,0,137,137,0,0.0,
rate0.5_s12,0.5,selected_checked,120718,7.600000000000023,7.600000000000023,12.400000000000034,12.400000000000034,2.6058333333332864,2.6058333333332864,1.5263577117964466,1.5263577117964466,2.4526315789473787,2.4526315789473787,5.9999999999990905,5.9999999999990905,52251,52251,0,0,145,145,0,0.0,
rate0.5_s12,0.5,selected_checked,120719,9.700000000000045,9.700000000000045,11.0,11.0,2.7199999999999016,2.7199999999999016,1.5943324281027444,1.5943324281027444,2.8333333333333335,2.8333333333333335,9.599999999998772,9.599999999998772,53260,53260,0,0,160,160,0,0.0,
rate0.5_s12,0.5,selected_checked,120720,8.400000000000091,8.400000000000091,13.400000000000034,13.400000000000034,2.5833333333332797,2.5833333333332797,1.6813632020436744,1.6813632020436744,3.1181818181818297,3.1181818181818297,10.899999999999636,10.899999999999636,51899,51899,0,0,149,149,0,0.0,
rate0.5_s12,0.5,selected_checked,120721,5.999999999999972,5.999999999999972,9.000000000000057,9.000000000000057,2.4191666666666203,2.4191666666666203,1.6156837014385028,1.6156837014385028,2.469999999999999,2.469999999999999,16.099999999999,16.099999999999,52342,52342,0,0,152,152,0,0.0,
rate0.5_s12,0.5,selected_checked,120722,6.800000000000068,6.800000000000068,11.0,11.0,2.4208333333332877,2.4208333333332877,1.6018704555146386,1.6018704555146386,2.6499999999999986,2.6499999999999986,13.999999999999204,13.999999999999204,52462,52462,0,0,148,148,0,0.0,
rate0.5_s12,0.5,selected_checked,120723,5.899999999999409,5.899999999999409,10.999999999998863,10.999999999998863,2.5574999999998465,2.5574999999998465,1.6015673020497483,1.6015673020497483,2.560000000000025,2.560000000000025,5.699999999998113,5.699999999998113,51858,51858,0,0,157,157,0,0.0,
rate0.5_s12,0.5,selected_checked,120724,7.000000000000114,7.000000000000114,12.50000000000017,12.50000000000017,2.3366666666666984,2.3366666666666984,1.5957726818706928,1.5957726818706928,2.650000000000015,2.650000000000015,25.599999999999227,25.599999999999227,52937,52937,0,0,144,144,0,0.0,
rate0.5_s12,0.5,selected_checked,120725,10.100000000000364,10.100000000000364,15.0,15.0,3.2083333333332322,3.2083333333332322,1.7677039644749988,1.7677039644749988,3.649999999999963,3.649999999999963,16.999999999998522,16.999999999998522,52553,52553,0,0,161,161,0,0.0,
rate0.5_s12,0.5,selected_checked,120726,8.200000000000045,8.200000000000045,15.0,15.0,2.7816666666666614,2.7816666666666614,1.6046801292606656,1.6046801292606656,2.725000000000051,2.725000000000051,8.799999999998931,8.799999999998931,51853,51853,0,0,148,148,0,0.0,
rate0.5_s12,0.5,selected_checked,120727,6.199999999999989,6.199999999999989,11.800000000000011,11.800000000000011,2.2599999999998857,2.2599999999998857,1.5350681366910357,1.5350681366910357,2.3399999999999976,2.3399999999999976,0.49999999999772626,0.49999999999772626,52537,52537,0,0,140,140,0,0.0,
rate0.5_s12,0.5,selected_checked,120728,5.799999999999997,5.799999999999997,7.800000000000182,7.800000000000182,2.2675000000000205,2.2675000000000205,1.5236019462166817,1.5236019462166817,2.2210526315789196,2.2210526315789196,3.6999999999989086,3.6999999999989086,52337,52337,0,0,144,144,0,0.0,
rate0.5_s12,0.5,selected_checked,120729,5.799999999999997,5.799999999999997,9.800000000000011,9.800000000000011,2.3316666666665924,2.3316666666665924,1.572253149448239,1.572253149448239,2.3875000000000455,2.3875000000000455,6.599999999998886,6.599999999998886,51962,51962,0,0,152,152,0,0.0,
rate0.5_s12,0.5,selected_unchecked,120700,7.0,7.0,12.600000000000023,12.600000000000023,2.495000000000038,2.495000000000038,1.6050225750124423,1.6050225750124423,2.471428571428569,2.471428571428569,25.49999999999909,25.49999999999909,53034,53034,0,0,150,150,0,0.0,
rate0.5_s12,0.5,selected_unchecked,120701,7.0,7.0,12.700000000000003,12.700000000000003,2.547499999999958,2.547499999999958,1.5546535369396919,1.5546535369396919,2.333333333333338,2.333333333333338,4.199999999999363,4.199999999999363,52659,52659,0,0,148,148,0,0.0,
rate0.5_s12,0.5,selected_unchecked,120702,6.699999999999363,6.699999999999363,12.399999999999991,12.399999999999991,2.600833333333343,2.600833333333343,1.6014524452674224,1.6014524452674224,2.549999999999999,2.549999999999999,21.799999999999045,21.799999999999045,54033,54033,0,0,156,156,0,0.0,
rate0.5_s12,0.5,selected_unchecked,120703,8.000000000000057,8.000000000000057,12.600000000000023,12.600000000000023,2.5033333333332086,2.5033333333332086,1.6468558450847801,1.6468558450847801,2.6999999999999154,2.6999999999999154,5.199999999999591,5.199999999999591,52516,52516,0,0,170,170,0,0.0,
rate0.5_s12,0.5,selected_unchecked,120704,5.5,5.5,8.700000000000045,8.700000000000045,2.2999999999999634,2.2999999999999634,1.6233047268072691,1.6233047268072691,2.98571428571425,2.98571428571425,10.399999999998954,10.399999999998954,52568,52568,0,0,145,145,0,0.0,
rate0.5_s12,0.5,selected_unchecked,120705,6.600000000000023,6.600000000000023,9.0,9.0,2.241666666666658,2.241666666666658,1.5604432517897853,1.5604432517897853,2.642857142857175,2.642857142857175,5.3999999999995225,5.3999999999995225,52078,52078,0,0,147,147,0,0.0,
rate0.5_s12,0.5,selected_unchecked,120706,5.100000000000136,5.100000000000136,10.900000000000034,10.900000000000034,2.247499999999833,2.247499999999833,1.5326534792268798,1.5326534792268798,2.571428571428474,2.571428571428474,6.299999999998022,6.299999999998022,52142,52142,0,0,150,150,0,0.0,
rate0.5_s12,0.5,selected_unchecked,120707,7.800000000000182,7.800000000000182,13.099999999999966,13.099999999999966,2.5483333333333054,2.5483333333333054,1.5505250068023069,1.5505250068023069,2.566666666666677,2.566666666666677,13.899999999997704,13.899999999997704,53161,53161,0,0,140,140,0,0.0,
rate0.5_s12,0.5,selected_unchecked,120708,9.0,9.0,13.800000000000011,13.800000000000011,2.7441666666664903,2.7441666666664903,1.600126797337285,1.600126797337285,2.6000000000000028,2.6000000000000028,8.799999999999045,8.799999999999045,52954,52954,0,0,158,158,0,0.0,
rate0.5_s12,0.5,selected_unchecked,120709,8.400000000000205,8.400000000000205,11.200000000000102,11.200000000000102,2.547499999999901,2.547499999999901,1.5178134313848894,1.5178134313848894,2.424999999999997,2.424999999999997,10.699999999998795,10.699999999998795,52543,52543,0,0,154,154,0,0.0,
rate0.5_s12,0.5,selected_unchecked,120710,7.0,7.0,11.60000000000008,11.60000000000008,2.519999999999961,2.519999999999961,1.576851125999934,1.576851125999934,2.4142857142855974,2.4142857142855974,13.599999999998886,13.599999999998886,52441,52441,0,0,155,155,0,0.0,
rate0.5_s12,0.5,selected_unchecked,120711,7.0,7.0,13.0,13.0,2.665833333333262,2.665833333333262,1.65663186004286,1.65663186004286,2.6874999999999982,2.6874999999999982,33.19999999999811,33.19999999999811,53533,53533,0,0,152,152,0,0.0,
rate0.5_s12,0.5,selected_unchecked,120712,7.0,7.0,9.0,9.0,2.411666666666653,2.411666666666653,1.5695189467196802,1.5695189467196802,2.5,2.5,5.499999999998408,5.499999999998408,52457,52457,0,0,161,161,0,0.0,
rate0.5_s12,0.5,selected_unchecked,120713,5.59999999999998,5.59999999999998,7.999999999999972,7.999999999999972,2.066666666666672,2.066666666666672,1.4573988171336434,1.4573988171336434,2.4249999999999687,2.4249999999999687,5.799999999998363,5.799999999998363,51750,51750,0,0,140,140,0,0.0,
rate0.5_s12,0.5,selected_unchecked,120714,6.300000000000125,6.300000000000125,9.799999999999997,9.799999999999997,2.499999999999937,2.499999999999937,1.5016189935332542,1.5016189935332542,2.211764705882361,2.211764705882361,6.299999999998249,6.299999999998249,51998,51998,0,0,154,154,0,0.0,
rate0.5_s12,0.5,selected_unchecked,120715,5.899999999999949,5.899999999999949,9.0,9.0,2.2433333333331564,2.2433333333331564,1.562280859778269,1.562280859778269,2.6333333333333315,2.6333333333333315,4.599999999999341,4.599999999999341,52778,52778,0,0,154,154,0,0.0,
rate0.5_s12,0.5,selected_unchecked,120716,6.400000000000091,6.400000000000091,9.0,9.0,2.6908333333332797,2.6908333333332797,1.5491944939023519,1.5491944939023519,2.283333333333246,2.283333333333246,7.999999999999545,7.999999999999545,52787,52787,0,0,153,153,0,0.0,
rate0.5_s12,0.5,selected_unchecked,120717,5.7999999999999545,5.7999999999999545,8.999999999999986,8.999999999999986,2.1049999999999707,2.1049999999999707,1.5815647856770247,1.5815647856770247,2.514285714285722,2.514285714285722,7.699999999998113,7.699999999998113,52129,52129,0,0,137,137,0,0.0,
rate0.5_s12,0.5,selected_unchecked,120718,7.600000000000023,7.600000000000023,12.400000000000034,12.400000000000034,2.6058333333332864,2.6058333333332864,1.5263577117964466,1.5263577117964466,2.4526315789473787,2.4526315789473787,5.9999999999990905,5.9999999999990905,52251,52251,0,0,145,145,0,0.0,
rate0.5_s12,0.5,selected_unchecked,120719,9.700000000000045,9.700000000000045,11.0,11.0,2.7199999999999016,2.7199999999999016,1.5943324281027444,1.5943324281027444,2.8333333333333335,2.8333333333333335,9.599999999998772,9.599999999998772,53260,53260,0,0,160,160,0,0.0,
rate0.5_s12,0.5,selected_unchecked,120720,8.400000000000091,8.400000000000091,13.400000000000034,13.400000000000034,2.5833333333332797,2.5833333333332797,1.6813632020436744,1.6813632020436744,3.1181818181818297,3.1181818181818297,10.899999999999636,10.899999999999636,51899,51899,0,0,149,149,0,0.0,
rate0.5_s12,0.5,selected_unchecked,120721,5.999999999999972,5.999999999999972,9.000000000000057,9.000000000000057,2.4191666666666203,2.4191666666666203,1.6156837014385028,1.6156837014385028,2.469999999999999,2.469999999999999,16.099999999999,16.099999999999,52342,52342,0,0,152,152,0,0.0,
rate0.5_s12,0.5,selected_unchecked,120722,6.800000000000068,6.800000000000068,11.0,11.0,2.4208333333332877,2.4208333333332877,1.6018704555146386,1.6018704555146386,2.6499999999999986,2.6499999999999986,13.999999999999204,13.999999999999204,52462,52462,0,0,148,148,0,0.0,
rate0.5_s12,0.5,selected_unchecked,120723,5.899999999999409,5.899999999999409,10.999999999998863,10.999999999998863,2.5574999999998465,2.5574999999998465,1.6015673020497483,1.6015673020497483,2.560000000000025,2.560000000000025,5.699999999998113,5.699999999998113,51858,51858,0,0,157,157,0,0.0,
rate0.5_s12,0.5,selected_unchecked,120724,7.000000000000114,7.000000000000114,12.50000000000017,12.50000000000017,2.3366666666666984,2.3366666666666984,1.5957726818706928,1.5957726818706928,2.650000000000015,2.650000000000015,25.599999999999227,25.599999999999227,52937,52937,0,0,144,144,0,0.0,
rate0.5_s12,0.5,selected_unchecked,120725,10.100000000000364,10.100000000000364,15.0,15.0,3.2083333333332322,3.2083333333332322,1.7677039644749988,1.7677039644749988,3.649999999999963,3.649999999999963,16.999999999998522,16.999999999998522,52553,52553,0,0,161,161,0,0.0,
rate0.5_s12,0.5,selected_unchecked,120726,8.200000000000045,8.200000000000045,15.0,15.0,2.7816666666666614,2.7816666666666614,1.6046801292606656,1.6046801292606656,2.725000000000051,2.725000000000051,8.799999999998931,8.799999999998931,51853,51853,0,0,148,148,0,0.0,
rate0.5_s12,0.5,selected_unchecked,120727,6.199999999999989,6.199999999999989,11.800000000000011,11.800000000000011,2.2599999999998857,2.2599999999998857,1.5350681366910357,1.5350681366910357,2.3399999999999976,2.3399999999999976,0.49999999999772626,0.49999999999772626,52537,52537,0,0,140,140,0,0.0,
rate0.5_s12,0.5,selected_unchecked,120728,5.799999999999997,5.799999999999997,7.800000000000182,7.800000000000182,2.2675000000000205,2.2675000000000205,1.5236019462166817,1.5236019462166817,2.2210526315789196,2.2210526315789196,3.6999999999989086,3.6999999999989086,52337,52337,0,0,144,144,0,0.0,
rate0.5_s12,0.5,selected_unchecked,120729,5.799999999999997,5.799999999999997,9.800000000000011,9.800000000000011,2.3316666666665924,2.3316666666665924,1.572253149448239,1.572253149448239,2.3875000000000455,2.3875000000000455,6.599999999998886,6.599999999998886,51962,51962,0,0,152,152,0,0.0,
rate0.5_s12,0.5,original_q2_a0.8_or_unchecked,120700,7.0,5.7999999999999545,12.600000000000023,6.4000000000002615,2.495000000000038,2.021666666666683,1.6050225750124423,1.4766408376191493,2.471428571428569,2.3714285714285745,25.49999999999909,11.19999999999925,53034,55460,0,76,150,138,19,1.0,1.0
rate0.5_s12,0.5,original_q2_a0.8_or_unchecked,120701,7.0,5.59999999999998,12.700000000000003,6.900000000000091,2.547499999999958,1.9708333333332855,1.5546535369396919,1.5617894194589388,2.333333333333338,2.4714285714285773,4.199999999999363,13.199999999999477,52659,55483,0,100,148,140,25,1.0,1.0
rate0.5_s12,0.5,original_q2_a0.8_or_unchecked,120702,6.699999999999363,5.400000000000006,12.399999999999991,7.0,2.600833333333343,2.1124999999999967,1.6014524452674224,1.5699267105065542,2.549999999999999,2.4538461538461607,21.799999999999045,23.7999999999995,54033,56831,0,108,156,146,27,1.0,1.0
rate0.5_s12,0.5,original_q2_a0.8_or_unchecked,120703,8.000000000000057,5.800000000000011,12.600000000000023,9.300000000000239,2.5033333333332086,2.1591666666665095,1.6468558450847801,1.5137416148807348,2.6999999999999154,2.599999999999909,5.199999999999591,8.899999999998386,52516,55284,0,104,170,153,26,1.0,1.0
rate0.5_s12,0.5,original_q2_a0.8_or_unchecked,120704,5.5,4.100000000000136,8.700000000000045,6.0,2.2999999999999634,1.8049999999998316,1.6233047268072691,1.469087428655495,2.98571428571425,2.3777777777777818,10.399999999998954,7.399999999999295,52568,55798,0,84,145,146,21,1.0,1.0
rate0.5_s12,0.5,original_q2_a0.8_or_unchecked,120705,6.600000000000023,5.7999999999999545,9.0,8.70000000000016,2.241666666666658,2.169166666666649,1.5604432517897853,1.510893990225135,2.642857142857175,2.1799999999999047,5.3999999999995225,9.799999999998931,52078,54261,0,68,147,142,17,1.0,1.0
rate0.5_s12,0.5,original_q2_a0.8_or_unchecked,120706,5.100000000000136,5.3999999999995225,10.900000000000034,7.2000000000000455,2.247499999999833,2.134166666666517,1.5326534792268798,1.5388540095713692,2.571428571428474,2.625000000000071,6.299999999998022,14.399999999998386,52142,55814,0,104,150,150,27,1.0,1.0
rate0.5_s12,0.5,original_q2_a0.8_or_unchecked,120707,7.800000000000182,7.0,13.099999999999966,10.000000000000227,2.5483333333333054,2.2241666666666218,1.5505250068023069,1.5279272883190058,2.566666666666677,2.6199999999999988,13.899999999997704,1.399999999997931,53161,55703,0,96,140,144,25,1.0,1.0
rate0.5_s12,0.5,original_q2_a0.8_or_unchecked,120708,9.0,5.600000000000193,13.800000000000011,7.199999999999989,2.7441666666664903,2.0249999999999106,1.600126797337285,1.48803236882054,2.6000000000000028,2.5090909090908697,8.799999999999045,12.899999999998727,52954,56382,0,92,158,154,23,1.0,1.0
rate0.5_s12,0.5,original_q2_a0.8_or_unchecked,120709,8.400000000000205,5.499999999999432,11.200000000000102,7.0,2.547499999999901,2.0241666666666123,1.5178134313848894,1.5050254077200407,2.424999999999997,2.29411764705883,10.699999999998795,0.5999999999988859,52543,55486,0,96,154,145,24,1.0,1.0
rate0.5_s12,0.5,original_q2_a0.8_or_unchecked,120710,7.0,6.799999999999727,11.60000000000008,8.20000000000016,2.519999999999961,2.2258333333333544,1.576851125999934,1.4850999050636218,2.4142857142855974,2.2285714285714318,13.599999999998886,12.199999999999136,52441,55766,0,100,155,154,25,1.0,1.0
rate0.5_s12,0.5,original_q2_a0.8_or_unchecked,120711,7.0,5.700000000000273,13.0,9.0,2.665833333333262,2.269166666666564,1.65663186004286,1.5934485278504025,2.6874999999999982,2.500000000000019,33.19999999999811,23.799999999998363,53533,56547,0,96,152,140,26,1.0,1.0
rate0.5_s12,0.5,original_q2_a0.8_or_unchecked,120712,7.0,5.9000000000002615,9.0,8.299999999999613,2.411666666666653,2.018333333333294,1.5695189467196802,1.4898315714204384,2.5,2.3666666666666885,5.499999999998408,6.399999999999068,52457,55693,0,88,161,154,22,1.0,1.0
rate0.5_s12,0.5,original_q2_a0.8_or_unchecked,120713,5.59999999999998,4.800000000000011,7.999999999999972,6.400000000000148,2.066666666666672,1.8308333333332674,1.4573988171336434,1.4935011068733313,2.4249999999999687,2.2888888888888834,5.799999999998363,9.99999999999875,51750,55140,0,100,140,148,25,1.0,1.0
rate0.5_s12,0.5,original_q2_a0.8_or_unchecked,120714,6.300000000000125,5.800000000000011,9.799999999999997,9.0,2.499999999999937,2.156666666666637,1.5016189935332542,1.4864657111437256,2.211764705882361,2.1499999999999964,6.299999999998249,9.7999999999995,51998,55443,0,104,154,146,26,1.0,1.0
rate0.5_s12,0.5,original_q2_a0.8_or_unchecked,120715,5.899999999999949,5.099999999999966,9.0,7.299999999999841,2.2433333333331564,1.8874999999998439,1.562280859778269,1.46084490884785,2.6333333333333315,2.3285714285714545,4.599999999999341,1.999999999998181,52778,54897,0,84,154,152,21,1.0,1.0
rate0.5_s12,0.5,original_q2_a0.8_or_unchecked,120716,6.400000000000091,6.300000000000182,9.0,7.999999999999972,2.6908333333332797,2.4199999999999515,1.5491944939023519,1.5444056394567098,2.283333333333246,2.468421052631587,7.999999999999545,4.599999999999227,52787,55727,0,108,153,148,28,1.0,1.0
rate0.5_s12,0.5,original_q2_a0.8_or_unchecked,120717,5.7999999999999545,5.60000000000025,8.999999999999986,7.0,2.1049999999999707,2.002500000000007,1.5815647856770247,1.5570835905650933,2.514285714285722,2.9749999999999943,7.699999999998113,5.899999999998386,52129,54813,0,80,137,145,20,1.0,1.0
rate0.5_s12,0.5,original_q2_a0.8_or_unchecked,120718,7.600000000000023,6.800000000000068,12.400000000000034,8.699999999998909,2.6058333333332864,2.113333333333244,1.5263577117964466,1.4687508932696778,2.4526315789473787,2.049999999999987,5.9999999999990905,3.099999999999568,52251,55757,0,108,145,148,27,1.0,1.0
rate0.5_s12,0.5,original_q2_a0.8_or_unchecked,120719,9.700000000000045,7.999999999999972,11.0,10.900000000000205,2.7199999999999016,2.4216666666666007,1.5943324281027444,1.5660078270685598,2.8333333333333335,2.6578947368421293,9.599999999998772,3.7999999999989313,53260,55242,0,88,160,148,24,1.0,1.0
rate0.5_s12,0.5,original_q2_a0.8_or_unchecked,120720,8.400000000000091,5.900000000000148,13.400000000000034,8.800000000000011,2.5833333333332797,2.257499999999912,1.6813632020436744,1.5423306517895292,3.1181818181818297,2.360000000000011,10.899999999999636,8.199999999999136,51899,55822,0,104,149,148,26,1.0,1.0
rate0.5_s12,0.5,original_q2_a0.8_or_unchecked,120721,5.999999999999972,5.699999999999591,9.000000000000057,7.700000000000102,2.4191666666666203,2.0574999999999957,1.6156837014385028,1.4357834095479731,2.469999999999999,2.279166666666665,16.099999999999,6.599999999998545,52342,55496,0,80,152,144,20,1.0,1.0
rate0.5_s12,0.5,original_q2_a0.8_or_unchecked,120722,6.800000000000068,5.0,11.0,5.89999999999992,2.4208333333332877,1.9574999999999803,1.6018704555146386,1.5358637181579151,2.6499999999999986,2.466666666666716,13.999999999999204,11.899999999999409,52462,55804,0,100,148,144,25,1.0,1.0
rate0.5_s12,0.5,original_q2_a0.8_or_unchecked,120723,5.899999999999409,5.0,10.999999999998863,7.400000000000034,2.5574999999998465,2.124166666666615,1.6015673020497483,1.5322690237123477,2.560000000000025,2.700000000000017,5.699999999998113,3.9999999999986358,51858,55267,0,80,157,144,20,1.0,1.0
rate0.5_s12,0.5,original_q2_a0.8_or_unchecked,120724,7.000000000000114,5.700000000000102,12.50000000000017,11.0,2.3366666666666984,2.1874999999999982,1.5957726818706928,1.4849480273129592,2.650000000000015,2.4142857142857315,25.599999999999227,18.49999999999943,52937,56977,0,104,144,153,26,1.0,1.0
rate0.5_s12,0.5,original_q2_a0.8_or_unchecked,120725,10.100000000000364,5.0,15.0,7.999999999998522,3.2083333333332322,2.0224999999998925,1.7677039644749988,1.4980131660913434,3.649999999999963,2.400000000000034,16.999999999998522,13.199999999998681,52553,57241,0,120,161,154,30,1.0,1.0
rate0.5_s12,0.5,original_q2_a0.8_or_unchecked,120726,8.200000000000045,5.999999999999943,15.0,8.399999999999977,2.7816666666666614,2.343333333333341,1.6046801292606656,1.6122013051603339,2.725000000000051,2.5599999999999454,8.799999999998931,10.999999999998863,51853,55681,0,108,148,145,27,1.0,1.0
rate0.5_s12,0.5,original_q2_a0.8_or_unchecked,120727,6.199999999999989,5.0,11.800000000000011,5.800000000000011,2.2599999999998857,1.8299999999998817,1.5350681366910357,1.4422023363042122,2.3399999999999976,2.3142857142857047,0.49999999999772626,3.2999999999985903,52537,55073,0,68,140,142,17,1.0,1.0
rate0.5_s12,0.5,original_q2_a0.8_or_unchecked,120728,5.799999999999997,5.0,7.800000000000182,7.2000000000000455,2.2675000000000205,2.069166666666715,1.5236019462166817,1.455481143832437,2.2210526315789196,2.1888888888889064,3.6999999999989086,4.3999999999991815,52337,55604,0,104,144,150,26,1.0,1.0
rate0.5_s12,0.5,original_q2_a0.8_or_unchecked,120729,5.799999999999997,5.599999999999568,9.800000000000011,7.0,2.3316666666665924,2.0958333333332786,1.572253149448239,1.5133440206733983,2.3875000000000455,2.412500000000005,6.599999999998886,19.39999999999941,51962,55442,0,80,152,136,20,1.0,1.0
rate0.5_s12,0.5,runner_up_checked,120700,7.0,7.0,12.600000000000023,12.600000000000023,2.495000000000038,2.495000000000038,1.6050225750124423,1.6050225750124423,2.471428571428569,2.471428571428569,25.49999999999909,25.49999999999909,53034,53034,0,0,150,150,0,0.0,
rate0.5_s12,0.5,runner_up_checked,120701,7.0,7.0,12.700000000000003,12.700000000000003,2.547499999999958,2.547499999999958,1.5546535369396919,1.5546535369396919,2.333333333333338,2.333333333333338,4.199999999999363,4.199999999999363,52659,52659,0,0,148,148,0,0.0,
rate0.5_s12,0.5,runner_up_checked,120702,6.699999999999363,6.699999999999363,12.399999999999991,12.399999999999991,2.600833333333343,2.600833333333343,1.6014524452674224,1.6014524452674224,2.549999999999999,2.549999999999999,21.799999999999045,21.799999999999045,54033,54033,0,0,156,156,0,0.0,
rate0.5_s12,0.5,runner_up_checked,120703,8.000000000000057,8.000000000000057,12.600000000000023,12.600000000000023,2.5033333333332086,2.5033333333332086,1.6468558450847801,1.6468558450847801,2.6999999999999154,2.6999999999999154,5.199999999999591,5.199999999999591,52516,52516,0,0,170,170,0,0.0,
rate0.5_s12,0.5,runner_up_checked,120704,5.5,5.5,8.700000000000045,8.700000000000045,2.2999999999999634,2.2999999999999634,1.6233047268072691,1.6233047268072691,2.98571428571425,2.98571428571425,10.399999999998954,10.399999999998954,52568,52568,0,0,145,145,0,0.0,
rate0.5_s12,0.5,runner_up_checked,120705,6.600000000000023,6.600000000000023,9.0,9.0,2.241666666666658,2.241666666666658,1.5604432517897853,1.5604432517897853,2.642857142857175,2.642857142857175,5.3999999999995225,5.3999999999995225,52078,52078,0,0,147,147,0,0.0,
rate0.5_s12,0.5,runner_up_checked,120706,5.100000000000136,5.100000000000136,10.900000000000034,10.900000000000034,2.247499999999833,2.247499999999833,1.5326534792268798,1.5326534792268798,2.571428571428474,2.571428571428474,6.299999999998022,6.299999999998022,52142,52142,0,0,150,150,0,0.0,
rate0.5_s12,0.5,runner_up_checked,120707,7.800000000000182,7.800000000000182,13.099999999999966,13.099999999999966,2.5483333333333054,2.5483333333333054,1.5505250068023069,1.5505250068023069,2.566666666666677,2.566666666666677,13.899999999997704,13.899999999997704,53161,53161,0,0,140,140,0,0.0,
rate0.5_s12,0.5,runner_up_checked,120708,9.0,9.0,13.800000000000011,13.800000000000011,2.7441666666664903,2.7441666666664903,1.600126797337285,1.600126797337285,2.6000000000000028,2.6000000000000028,8.799999999999045,8.799999999999045,52954,52954,0,0,158,158,0,0.0,
rate0.5_s12,0.5,runner_up_checked,120709,8.400000000000205,8.400000000000205,11.200000000000102,11.200000000000102,2.547499999999901,2.547499999999901,1.5178134313848894,1.5178134313848894,2.424999999999997,2.424999999999997,10.699999999998795,10.699999999998795,52543,52543,0,0,154,154,0,0.0,
rate0.5_s12,0.5,runner_up_checked,120710,7.0,7.0,11.60000000000008,11.60000000000008,2.519999999999961,2.519999999999961,1.576851125999934,1.576851125999934,2.4142857142855974,2.4142857142855974,13.599999999998886,13.599999999998886,52441,52441,0,0,155,155,0,0.0,
rate0.5_s12,0.5,runner_up_checked,120711,7.0,7.0,13.0,13.0,2.665833333333262,2.665833333333262,1.65663186004286,1.65663186004286,2.6874999999999982,2.6874999999999982,33.19999999999811,33.19999999999811,53533,53533,0,0,152,152,0,0.0,
rate0.5_s12,0.5,runner_up_checked,120712,7.0,7.0,9.0,9.0,2.411666666666653,2.411666666666653,1.5695189467196802,1.5695189467196802,2.5,2.5,5.499999999998408,5.499999999998408,52457,52457,0,0,161,161,0,0.0,
rate0.5_s12,0.5,runner_up_checked,120713,5.59999999999998,5.59999999999998,7.999999999999972,7.999999999999972,2.066666666666672,2.066666666666672,1.4573988171336434,1.4573988171336434,2.4249999999999687,2.4249999999999687,5.799999999998363,5.799999999998363,51750,51750,0,0,140,140,0,0.0,
rate0.5_s12,0.5,runner_up_checked,120714,6.300000000000125,6.300000000000125,9.799999999999997,9.799999999999997,2.499999999999937,2.499999999999937,1.5016189935332542,1.5016189935332542,2.211764705882361,2.211764705882361,6.299999999998249,6.299999999998249,51998,51998,0,0,154,154,0,0.0,
rate0.5_s12,0.5,runner_up_checked,120715,5.899999999999949,5.899999999999949,9.0,9.0,2.2433333333331564,2.2433333333331564,1.562280859778269,1.562280859778269,2.6333333333333315,2.6333333333333315,4.599999999999341,4.599999999999341,52778,52778,0,0,154,154,0,0.0,
rate0.5_s12,0.5,runner_up_checked,120716,6.400000000000091,6.400000000000091,9.0,9.0,2.6908333333332797,2.6908333333332797,1.5491944939023519,1.5491944939023519,2.283333333333246,2.283333333333246,7.999999999999545,7.999999999999545,52787,52787,0,0,153,153,0,0.0,
rate0.5_s12,0.5,runner_up_checked,120717,5.7999999999999545,5.7999999999999545,8.999999999999986,8.999999999999986,2.1049999999999707,2.1049999999999707,1.5815647856770247,1.5815647856770247,2.514285714285722,2.514285714285722,7.699999999998113,7.699999999998113,52129,52129,0,0,137,137,0,0.0,
rate0.5_s12,0.5,runner_up_checked,120718,7.600000000000023,7.600000000000023,12.400000000000034,12.400000000000034,2.6058333333332864,2.6058333333332864,1.5263577117964466,1.5263577117964466,2.4526315789473787,2.4526315789473787,5.9999999999990905,5.9999999999990905,52251,52251,0,0,145,145,0,0.0,
rate0.5_s12,0.5,runner_up_checked,120719,9.700000000000045,9.700000000000045,11.0,11.0,2.7199999999999016,2.7199999999999016,1.5943324281027444,1.5943324281027444,2.8333333333333335,2.8333333333333335,9.599999999998772,9.599999999998772,53260,53260,0,0,160,160,0,0.0,
rate0.5_s12,0.5,runner_up_checked,120720,8.400000000000091,8.400000000000091,13.400000000000034,13.400000000000034,2.5833333333332797,2.5833333333332797,1.6813632020436744,1.6813632020436744,3.1181818181818297,3.1181818181818297,10.899999999999636,10.899999999999636,51899,51899,0,0,149,149,0,0.0,
rate0.5_s12,0.5,runner_up_checked,120721,5.999999999999972,5.999999999999972,9.000000000000057,9.000000000000057,2.4191666666666203,2.4191666666666203,1.6156837014385028,1.6156837014385028,2.469999999999999,2.469999999999999,16.099999999999,16.099999999999,52342,52342,0,0,152,152,0,0.0,
rate0.5_s12,0.5,runner_up_checked,120722,6.800000000000068,6.800000000000068,11.0,11.0,2.4208333333332877,2.4208333333332877,1.6018704555146386,1.6018704555146386,2.6499999999999986,2.6499999999999986,13.999999999999204,13.999999999999204,52462,52462,0,0,148,148,0,0.0,
rate0.5_s12,0.5,runner_up_checked,120723,5.899999999999409,5.899999999999409,10.999999999998863,10.999999999998863,2.5574999999998465,2.5574999999998465,1.6015673020497483,1.6015673020497483,2.560000000000025,2.560000000000025,5.699999999998113,5.699999999998113,51858,51858,0,0,157,157,0,0.0,
rate0.5_s12,0.5,runner_up_checked,120724,7.000000000000114,7.000000000000114,12.50000000000017,12.50000000000017,2.3366666666666984,2.3366666666666984,1.5957726818706928,1.5957726818706928,2.650000000000015,2.650000000000015,25.599999999999227,25.599999999999227,52937,52937,0,0,144,144,0,0.0,
rate0.5_s12,0.5,runner_up_checked,120725,10.100000000000364,10.100000000000364,15.0,15.0,3.2083333333332322,3.2083333333332322,1.7677039644749988,1.7677039644749988,3.649999999999963,3.649999999999963,16.999999999998522,16.999999999998522,52553,52553,0,0,161,161,0,0.0,
rate0.5_s12,0.5,runner_up_checked,120726,8.200000000000045,8.200000000000045,15.0,15.0,2.7816666666666614,2.7816666666666614,1.6046801292606656,1.6046801292606656,2.725000000000051,2.725000000000051,8.799999999998931,8.799999999998931,51853,51853,0,0,148,148,0,0.0,
rate0.5_s12,0.5,runner_up_checked,120727,6.199999999999989,6.199999999999989,11.800000000000011,11.800000000000011,2.2599999999998857,2.2599999999998857,1.5350681366910357,1.5350681366910357,2.3399999999999976,2.3399999999999976,0.49999999999772626,0.49999999999772626,52537,52537,0,0,140,140,0,0.0,
rate0.5_s12,0.5,runner_up_checked,120728,5.799999999999997,5.799999999999997,7.800000000000182,7.800000000000182,2.2675000000000205,2.2675000000000205,1.5236019462166817,1.5236019462166817,2.2210526315789196,2.2210526315789196,3.6999999999989086,3.6999999999989086,52337,52337,0,0,144,144,0,0.0,
rate0.5_s12,0.5,runner_up_checked,120729,5.799999999999997,5.799999999999997,9.800000000000011,9.800000000000011,2.3316666666665924,2.3316666666665924,1.572253149448239,1.572253149448239,2.3875000000000455,2.3875000000000455,6.599999999998886,6.599999999998886,51962,51962,0,0,152,152,0,0.0,
rate0.5_s12,2.0,selected_checked,120700,5.800000000000011,5.800000000000011,11.799999999999997,11.799999999999997,2.3516666666666337,2.3516666666666337,1.6659890848106484,1.6659890848106484,2.600000000000051,2.600000000000051,22.19999999999834,22.19999999999834,52896,52896,0,0,147,147,0,0.0,
rate0.5_s12,2.0,selected_checked,120701,6.399999999999977,6.399999999999977,14.200000000000003,14.200000000000003,2.4916666666666374,2.4916666666666374,1.701555698366421,1.701555698366421,2.7428571428571167,2.7428571428571167,12.999999999999432,12.999999999999432,52424,52424,0,0,156,156,0,0.0,
rate0.5_s12,2.0,selected_checked,120702,6.000000000000284,6.000000000000284,9.0,9.0,2.3866666666666485,2.3866666666666485,1.6092298043454722,1.6092298043454722,2.624999999999986,2.624999999999986,23.199999999998795,23.199999999998795,53437,53437,0,0,148,148,0,0.0,
rate0.5_s12,2.0,selected_checked,120703,7.800000000000011,7.800000000000011,9.0,9.0,2.3533333333331528,2.3533333333331528,1.7091642615327325,1.7091642615327325,2.8399999999998347,2.8399999999998347,22.199999999998795,22.199999999998795,52417,52417,0,0,153,153,0,0.0,
rate0.5_s12,2.0,selected_checked,120704,5.59999999999998,5.59999999999998,9.0,9.0,2.0499999999999607,2.0499999999999607,1.6364310100586517,1.6364310100586517,2.9000000000000226,2.9000000000000226,12.399999999999181,12.399999999999181,52664,52664,0,0,155,155,0,0.0,
rate0.5_s12,2.0,selected_checked,120705,7.0,7.0,12.799999999999386,12.799999999999386,2.371666666666618,2.371666666666618,1.6987158460390113,1.6987158460390113,3.090909090909122,3.090909090909122,13.399999999998727,13.399999999998727,52187,52187,0,0,142,142,0,0.0,
rate0.5_s12,2.0,selected_checked,120706,6.2000000000000455,6.2000000000000455,9.0,9.0,2.154999999999893,2.154999999999893,1.5449421176606735,1.5449421176606735,2.500000000000005,2.500000000000005,5.399999999999636,5.399999999999636,52355,52355,0,0,142,142,0,0.0,
rate0.5_s12,2.0,selected_checked,120707,7.3999999999991815,7.3999999999991815,13.399999999999949,13.399999999999949,2.7600000000000056,2.7600000000000056,1.671720832566823,1.671720832566823,2.6249999999999982,2.6249999999999982,9.599999999999227,9.599999999999227,52824,52824,0,0,153,153,0,0.0,
rate0.5_s12,2.0,selected_checked,120708,9.600000000000136,9.600000000000136,13.800000000000011,13.800000000000011,2.9616666666664937,2.9616666666664937,1.7473075798168873,1.7473075798168873,3.119999999999982,3.119999999999982,26.199999999998113,26.199999999998113,53750,53750,0,0,163,163,0,0.0,
rate0.5_s12,2.0,selected_checked,120709,7.0,7.0,11.200000000000102,11.200000000000102,2.468333333333275,2.468333333333275,1.6833549260030543,1.6833549260030543,2.9166666666666714,2.9166666666666714,9.599999999999,9.599999999999,51801,51801,0,0,158,158,0,0.0,
rate0.5_s12,2.0,selected_checked,120710,8.400000000000318,8.400000000000318,11.60000000000008,11.60000000000008,2.6983333333333404,2.6983333333333404,1.6939458520645412,1.6939458520645412,3.0799999999999614,3.0799999999999614,14.199999999998454,14.199999999998454,51989,51989,0,0,154,154,0,0.0,
rate0.5_s12,2.0,selected_checked,120711,8.199999999999363,8.199999999999363,13.0,13.0,2.9566666666665284,2.9566666666665284,1.754318552878972,1.754318552878972,3.0666666666664733,3.0666666666664733,32.19999999999743,32.19999999999743,54092,54092,0,0,163,163,0,0.0,
rate0.5_s12,2.0,selected_checked,120712,7.0,7.0,10.199999999999818,10.199999999999818,2.4449999999999847,2.4449999999999847,1.7215132218389122,1.7215132218389122,3.0769230769230242,3.0769230769230242,23.999999999999318,23.999999999999318,52877,52877,0,0,157,157,0,0.0,
rate0.5_s12,2.0,selected_checked,120713,6.200000000000102,6.200000000000102,7.999999999999545,7.999999999999545,2.069999999999906,2.069999999999906,1.5510396824711192,1.5510396824711192,2.5399999999999965,2.5399999999999965,10.999999999998522,10.999999999998522,52274,52274,0,0,143,143,0,0.0,
rate0.5_s12,2.0,selected_checked,120714,9.999999999999972,9.999999999999972,15.199999999999989,15.199999999999989,3.1033333333332886,3.1033333333332886,1.7384588494842883,1.7384588494842883,3.0,3.0,17.599999999999113,17.599999999999113,52384,52384,0,0,155,155,0,0.0,
rate0.5_s12,2.0,selected_checked,120715,7.0,7.0,10.599999999999994,10.599999999999994,2.494999999999874,2.494999999999874,1.7529840785312572,1.7529840785312572,3.5333333333333505,3.5333333333333505,0.1999999999979991,0.1999999999979991,52030,52030,0,0,153,153,0,0.0,
rate0.5_s12,2.0,selected_checked,120716,6.399999999999977,6.399999999999977,9.0,9.0,2.4716666666666236,2.4716666666666236,1.5202504006457431,1.5202504006457431,2.333333333333341,2.333333333333341,5.399999999998613,5.399999999998613,52454,52454,0,0,151,151,0,0.0,
rate0.5_s12,2.0,selected_checked,120717,5.800000000000011,5.800000000000011,9.199999999999932,9.199999999999932,2.4866666666665727,2.4866666666665727,1.7940809429748321,1.7940809429748321,3.549999999999997,3.549999999999997,14.599999999998317,14.599999999998317,52475,52475,0,0,147,147,0,0.0,
rate0.5_s12,2.0,selected_checked,120718,7.0,7.0,11.799999999999955,11.799999999999955,2.6166666666666383,2.6166666666666383,1.6697275290561504,1.6697275290561504,2.5749999999999993,2.5749999999999993,5.599999999999113,5.599999999999113,51542,51542,0,0,158,158,0,0.0,
rate0.5_s12,2.0,selected_checked,120719,8.199999999999932,8.199999999999932,11.0,11.0,2.368333333333167,2.368333333333167,1.6452317414738382,1.6452317414738382,2.942857142857203,2.942857142857203,8.99999999999909,8.99999999999909,52559,52559,0,0,140,140,0,0.0,
rate0.5_s12,2.0,selected_checked,120720,5.999999999999659,5.999999999999659,11.0,11.0,2.160000000000002,2.160000000000002,1.5986557384426,1.5986557384426,2.7500000000000853,2.7500000000000853,6.999999999998408,6.999999999998408,52348,52348,0,0,145,145,0,0.0,
rate0.5_s12,2.0,selected_checked,120721,7.200000000000102,7.200000000000102,10.99999999999909,10.99999999999909,2.704999999999895,2.704999999999895,1.7312424970740266,1.7312424970740266,2.714285714285633,2.714285714285633,22.99999999999818,22.99999999999818,52374,52374,0,0,161,161,0,0.0,
rate0.5_s12,2.0,selected_checked,120722,5.400000000000091,5.400000000000091,7.7999999999999545,7.7999999999999545,2.341666666666677,2.341666666666677,1.64222822642795,1.64222822642795,2.77777777777774,2.77777777777774,18.799999999999272,18.799999999999272,53049,53049,0,0,154,154,0,0.0,
rate0.5_s12,2.0,selected_checked,120723,6.400000000000176,6.400000000000176,16.600000000000023,16.600000000000023,2.578333333333283,2.578333333333283,1.7065370333843386,1.7065370333843386,3.1999999999999886,3.1999999999999886,6.199999999998113,6.199999999998113,52110,52110,0,0,151,151,0,0.0,
rate0.5_s12,2.0,selected_checked,120724,7.7999999999999545,7.7999999999999545,10.0,10.0,2.6050000000000124,2.6050000000000124,1.7436879462289874,1.7436879462289874,3.119999999999993,3.119999999999993,11.399999999999295,11.399999999999295,52530,52530,0,0,148,148,0,0.0,
rate0.5_s12,2.0,selected_checked,120725,9.999999999999545,9.999999999999545,11.800000000000125,11.800000000000125,2.9466666666665295,2.9466666666665295,2.0189433036196784,2.0189433036196784,4.3999999999999915,4.3999999999999915,12.199999999998681,12.199999999998681,51856,51856,0,0,158,158,0,0.0,
rate0.5_s12,2.0,selected_checked,120726,8.399999999999977,8.399999999999977,12.00000000000017,12.00000000000017,2.736666666666697,2.736666666666697,1.672156742220625,1.672156742220625,2.690909090909093,2.690909090909093,17.399999999998954,17.399999999998954,52187,52187,0,0,154,154,0,0.0,
rate0.5_s12,2.0,selected_checked,120727,6.19999999999996,6.19999999999996,7.999999999999972,7.999999999999972,2.2666666666665805,2.2666666666665805,1.683637966543532,1.683637966543532,2.7833333333333456,2.7833333333333456,7.199999999998113,7.199999999998113,52848,52848,0,0,148,148,0,0.0,
rate0.5_s12,2.0,selected_checked,120728,6.000000000000227,6.000000000000227,7.199999999999974,7.199999999999974,2.3216666666667143,2.3216666666667143,1.595632727100523,1.595632727100523,2.6499999999999773,2.6499999999999773,5.199999999999477,5.199999999999477,52244,52244,0,0,149,149,0,0.0,
rate0.5_s12,2.0,selected_checked,120729,7.0,7.0,10.599999999999795,10.599999999999795,2.6533333333332725,2.6533333333332725,1.603453653155711,1.603453653155711,2.505263157894756,2.505263157894756,17.199999999998568,17.199999999998568,52479,52479,0,0,150,150,0,0.0,
rate0.5_s12,2.0,selected_unchecked,120700,5.800000000000011,5.800000000000011,11.799999999999997,11.799999999999997,2.3516666666666337,2.3516666666666337,1.6659890848106484,1.6659890848106484,2.600000000000051,2.600000000000051,22.19999999999834,22.19999999999834,52896,52896,0,0,147,147,0,0.0,
rate0.5_s12,2.0,selected_unchecked,120701,6.399999999999977,6.399999999999977,14.200000000000003,14.200000000000003,2.4916666666666374,2.4916666666666374,1.701555698366421,1.701555698366421,2.7428571428571167,2.7428571428571167,12.999999999999432,12.999999999999432,52424,52424,0,0,156,156,0,0.0,
rate0.5_s12,2.0,selected_unchecked,120702,6.000000000000284,6.000000000000284,9.0,9.0,2.3866666666666485,2.3866666666666485,1.6092298043454722,1.6092298043454722,2.624999999999986,2.624999999999986,23.199999999998795,23.199999999998795,53437,53437,0,0,148,148,0,0.0,
rate0.5_s12,2.0,selected_unchecked,120703,7.800000000000011,7.800000000000011,9.0,9.0,2.3533333333331528,2.3533333333331528,1.7091642615327325,1.7091642615327325,2.8399999999998347,2.8399999999998347,22.199999999998795,22.199999999998795,52417,52417,0,0,153,153,0,0.0,
rate0.5_s12,2.0,selected_unchecked,120704,5.59999999999998,5.59999999999998,9.0,9.0,2.0499999999999607,2.0499999999999607,1.6364310100586517,1.6364310100586517,2.9000000000000226,2.9000000000000226,12.399999999999181,12.399999999999181,52664,52664,0,0,155,155,0,0.0,
rate0.5_s12,2.0,selected_unchecked,120705,7.0,7.0,12.799999999999386,12.799999999999386,2.371666666666618,2.371666666666618,1.6987158460390113,1.6987158460390113,3.090909090909122,3.090909090909122,13.399999999998727,13.399999999998727,52187,52187,0,0,142,142,0,0.0,
rate0.5_s12,2.0,selected_unchecked,120706,6.2000000000000455,6.2000000000000455,9.0,9.0,2.154999999999893,2.154999999999893,1.5449421176606735,1.5449421176606735,2.500000000000005,2.500000000000005,5.399999999999636,5.399999999999636,52355,52355,0,0,142,142,0,0.0,
rate0.5_s12,2.0,selected_unchecked,120707,7.3999999999991815,7.3999999999991815,13.399999999999949,13.399999999999949,2.7600000000000056,2.7600000000000056,1.671720832566823,1.671720832566823,2.6249999999999982,2.6249999999999982,9.599999999999227,9.599999999999227,52824,52824,0,0,153,153,0,0.0,
rate0.5_s12,2.0,selected_unchecked,120708,9.600000000000136,9.600000000000136,13.800000000000011,13.800000000000011,2.9616666666664937,2.9616666666664937,1.7473075798168873,1.7473075798168873,3.119999999999982,3.119999999999982,26.199999999998113,26.199999999998113,53750,53750,0,0,163,163,0,0.0,
rate0.5_s12,2.0,selected_unchecked,120709,7.0,7.0,11.200000000000102,11.200000000000102,2.468333333333275,2.468333333333275,1.6833549260030543,1.6833549260030543,2.9166666666666714,2.9166666666666714,9.599999999999,9.599999999999,51801,51801,0,0,158,158,0,0.0,
rate0.5_s12,2.0,selected_unchecked,120710,8.400000000000318,8.400000000000318,11.60000000000008,11.60000000000008,2.6983333333333404,2.6983333333333404,1.6939458520645412,1.6939458520645412,3.0799999999999614,3.0799999999999614,14.199999999998454,14.199999999998454,51989,51989,0,0,154,154,0,0.0,
rate0.5_s12,2.0,selected_unchecked,120711,8.199999999999363,8.199999999999363,13.0,13.0,2.9566666666665284,2.9566666666665284,1.754318552878972,1.754318552878972,3.0666666666664733,3.0666666666664733,32.19999999999743,32.19999999999743,54092,54092,0,0,163,163,0,0.0,
rate0.5_s12,2.0,selected_unchecked,120712,7.0,7.0,10.199999999999818,10.199999999999818,2.4449999999999847,2.4449999999999847,1.7215132218389122,1.7215132218389122,3.0769230769230242,3.0769230769230242,23.999999999999318,23.999999999999318,52877,52877,0,0,157,157,0,0.0,
rate0.5_s12,2.0,selected_unchecked,120713,6.200000000000102,6.200000000000102,7.999999999999545,7.999999999999545,2.069999999999906,2.069999999999906,1.5510396824711192,1.5510396824711192,2.5399999999999965,2.5399999999999965,10.999999999998522,10.999999999998522,52274,52274,0,0,143,143,0,0.0,
rate0.5_s12,2.0,selected_unchecked,120714,9.999999999999972,9.999999999999972,15.199999999999989,15.199999999999989,3.1033333333332886,3.1033333333332886,1.7384588494842883,1.7384588494842883,3.0,3.0,17.599999999999113,17.599999999999113,52384,52384,0,0,155,155,0,0.0,
rate0.5_s12,2.0,selected_unchecked,120715,7.0,7.0,10.599999999999994,10.599999999999994,2.494999999999874,2.494999999999874,1.7529840785312572,1.7529840785312572,3.5333333333333505,3.5333333333333505,0.1999999999979991,0.1999999999979991,52030,52030,0,0,153,153,0,0.0,
rate0.5_s12,2.0,selected_unchecked,120716,6.399999999999977,6.399999999999977,9.0,9.0,2.4716666666666236,2.4716666666666236,1.5202504006457431,1.5202504006457431,2.333333333333341,2.333333333333341,5.399999999998613,5.399999999998613,52454,52454,0,0,151,151,0,0.0,
rate0.5_s12,2.0,selected_unchecked,120717,5.800000000000011,5.800000000000011,9.199999999999932,9.199999999999932,2.4866666666665727,2.4866666666665727,1.7940809429748321,1.7940809429748321,3.549999999999997,3.549999999999997,14.599999999998317,14.599999999998317,52475,52475,0,0,147,147,0,0.0,
rate0.5_s12,2.0,selected_unchecked,120718,7.0,7.0,11.799999999999955,11.799999999999955,2.6166666666666383,2.6166666666666383,1.6697275290561504,1.6697275290561504,2.5749999999999993,2.5749999999999993,5.599999999999113,5.599999999999113,51542,51542,0,0,158,158,0,0.0,
rate0.5_s12,2.0,selected_unchecked,120719,8.199999999999932,8.199999999999932,11.0,11.0,2.368333333333167,2.368333333333167,1.6452317414738382,1.6452317414738382,2.942857142857203,2.942857142857203,8.99999999999909,8.99999999999909,52559,52559,0,0,140,140,0,0.0,
rate0.5_s12,2.0,selected_unchecked,120720,5.999999999999659,5.999999999999659,11.0,11.0,2.160000000000002,2.160000000000002,1.5986557384426,1.5986557384426,2.7500000000000853,2.7500000000000853,6.999999999998408,6.999999999998408,52348,52348,0,0,145,145,0,0.0,
rate0.5_s12,2.0,selected_unchecked,120721,7.200000000000102,7.200000000000102,10.99999999999909,10.99999999999909,2.704999999999895,2.704999999999895,1.7312424970740266,1.7312424970740266,2.714285714285633,2.714285714285633,22.99999999999818,22.99999999999818,52374,52374,0,0,161,161,0,0.0,
rate0.5_s12,2.0,selected_unchecked,120722,5.400000000000091,5.400000000000091,7.7999999999999545,7.7999999999999545,2.341666666666677,2.341666666666677,1.64222822642795,1.64222822642795,2.77777777777774,2.77777777777774,18.799999999999272,18.799999999999272,53049,53049,0,0,154,154,0,0.0,
rate0.5_s12,2.0,selected_unchecked,120723,6.400000000000176,6.400000000000176,16.600000000000023,16.600000000000023,2.578333333333283,2.578333333333283,1.7065370333843386,1.7065370333843386,3.1999999999999886,3.1999999999999886,6.199999999998113,6.199999999998113,52110,52110,0,0,151,151,0,0.0,
rate0.5_s12,2.0,selected_unchecked,120724,7.7999999999999545,7.7999999999999545,10.0,10.0,2.6050000000000124,2.6050000000000124,1.7436879462289874,1.7436879462289874,3.119999999999993,3.119999999999993,11.399999999999295,11.399999999999295,52530,52530,0,0,148,148,0,0.0,
rate0.5_s12,2.0,selected_unchecked,120725,9.999999999999545,9.999999999999545,11.800000000000125,11.800000000000125,2.9466666666665295,2.9466666666665295,2.0189433036196784,2.0189433036196784,4.3999999999999915,4.3999999999999915,12.199999999998681,12.199999999998681,51856,51856,0,0,158,158,0,0.0,
rate0.5_s12,2.0,selected_unchecked,120726,8.399999999999977,8.399999999999977,12.00000000000017,12.00000000000017,2.736666666666697,2.736666666666697,1.672156742220625,1.672156742220625,2.690909090909093,2.690909090909093,17.399999999998954,17.399999999998954,52187,52187,0,0,154,154,0,0.0,
rate0.5_s12,2.0,selected_unchecked,120727,6.19999999999996,6.19999999999996,7.999999999999972,7.999999999999972,2.2666666666665805,2.2666666666665805,1.683637966543532,1.683637966543532,2.7833333333333456,2.7833333333333456,7.199999999998113,7.199999999998113,52848,52848,0,0,148,148,0,0.0,
rate0.5_s12,2.0,selected_unchecked,120728,6.000000000000227,6.000000000000227,7.199999999999974,7.199999999999974,2.3216666666667143,2.3216666666667143,1.595632727100523,1.595632727100523,2.6499999999999773,2.6499999999999773,5.199999999999477,5.199999999999477,52244,52244,0,0,149,149,0,0.0,
rate0.5_s12,2.0,selected_unchecked,120729,7.0,7.0,10.599999999999795,10.599999999999795,2.6533333333332725,2.6533333333332725,1.603453653155711,1.603453653155711,2.505263157894756,2.505263157894756,17.199999999998568,17.199999999998568,52479,52479,0,0,150,150,0,0.0,
rate0.5_s12,2.0,original_q2_a0.8_or_unchecked,120700,5.800000000000011,5.800000000000011,11.799999999999997,7.200000000000273,2.3516666666666337,2.1133333333333635,1.6659890848106484,1.5597814494247588,2.600000000000051,2.473684210526325,22.19999999999834,16.19999999999891,52896,56516,0,100,147,156,25,1.0,1.0
rate0.5_s12,2.0,original_q2_a0.8_or_unchecked,120701,6.399999999999977,5.0,14.200000000000003,6.799999999999841,2.4916666666666374,2.136666666666643,1.701555698366421,1.6360706185495963,2.7428571428571167,2.6857142857142997,12.999999999999432,4.799999999998022,52424,55476,0,120,156,156,31,1.0,1.0
rate0.5_s12,2.0,original_q2_a0.8_or_unchecked,120702,6.000000000000284,5.0,9.0,7.0,2.3866666666666485,1.8466666666666365,1.6092298043454722,1.5331669854137873,2.624999999999986,2.5500000000000007,23.199999999998795,27.399999999998272,53437,57058,0,84,148,144,21,1.0,1.0
rate0.5_s12,2.0,original_q2_a0.8_or_unchecked,120703,7.800000000000011,6.400000000000091,9.0,8.399999999999977,2.3533333333331528,2.2816666666664176,1.7091642615327325,1.5718847343251356,2.8399999999998347,2.6857142857142913,22.199999999998795,4.599999999998317,52417,55709,0,112,153,160,28,1.0,1.0
rate0.5_s12,2.0,original_q2_a0.8_or_unchecked,120704,5.59999999999998,4.800000000000068,9.0,5.799999999999386,2.0499999999999607,1.8683333333332774,1.6364310100586517,1.6052370262539173,2.9000000000000226,2.620000000000027,12.399999999999181,21.19999999999959,52664,56352,0,84,155,146,21,1.0,1.0
rate0.5_s12,2.0,original_q2_a0.8_or_unchecked,120705,7.0,5.599999999999795,12.799999999999386,6.600000000000136,2.371666666666618,2.0333333333333274,1.6987158460390113,1.709514754148619,3.090909090909122,2.600000000000011,13.399999999998727,11.59999999999934,52187,55118,0,96,142,143,24,1.0,1.0
rate0.5_s12,2.0,original_q2_a0.8_or_unchecked,120706,6.2000000000000455,4.800000000000011,9.0,7.200000000000102,2.154999999999893,1.9899999999998037,1.5449421176606735,1.6346086507696496,2.500000000000005,2.766666666666673,5.399999999999636,3.3999999999983856,52355,54737,0,88,142,144,22,0.9,1.0
rate0.5_s12,2.0,original_q2_a0.8_or_unchecked,120707,7.3999999999991815,5.7999999999999545,13.399999999999949,7.199999999999591,2.7600000000000056,2.013333333333309,1.671720832566823,1.6308793481855874,2.6249999999999982,2.8,9.599999999999227,7.9999999999987494,52824,56929,0,112,153,152,28,1.0,1.0
rate0.5_s12,2.0,original_q2_a0.8_or_unchecked,120708,9.600000000000136,6.400000000000091,13.800000000000011,7.600000000000023,2.9616666666664937,2.2033333333332505,1.7473075798168873,1.6284044068111967,3.119999999999982,2.8285714285714385,26.199999999998113,2.999999999999318,53750,56158,0,104,163,155,26,1.0,1.0
rate0.5_s12,2.0,original_q2_a0.8_or_unchecked,120709,7.0,5.999999999999545,11.200000000000102,9.0,2.468333333333275,2.1249999999999627,1.6833549260030543,1.5890449208575343,2.9166666666666714,2.799999999999997,9.599999999999,8.799999999998704,51801,55995,0,104,158,149,26,1.0,1.0
rate0.5_s12,2.0,original_q2_a0.8_or_unchecked,120710,8.400000000000318,5.800000000000182,11.60000000000008,7.0,2.6983333333333404,2.199999999999997,1.6939458520645412,1.6531620735908334,3.0799999999999614,2.8909090909091075,14.199999999998454,17.999999999999204,51989,55531,0,104,154,144,28,1.0,1.0
rate0.5_s12,2.0,original_q2_a0.8_or_unchecked,120711,8.199999999999363,6.800000000000068,13.0,8.800000000000068,2.9566666666665284,2.2733333333331696,1.754318552878972,1.6347217642156282,3.0666666666664733,2.733333333333178,32.19999999999743,18.199999999997885,54092,56374,0,104,163,152,28,1.0,1.0
rate0.5_s12,2.0,original_q2_a0.8_or_unchecked,120712,7.0,5.800000000000011,10.199999999999818,7.999999999999972,2.4449999999999847,2.096666666666582,1.7215132218389122,1.6497968258576685,3.0769230769230242,2.5090909090908387,23.999999999999318,7.7999999999995,52877,56159,0,108,157,161,27,1.0,1.0
rate0.5_s12,2.0,original_q2_a0.8_or_unchecked,120713,6.200000000000102,5.800000000000409,7.999999999999545,6.800000000000239,2.069999999999906,2.211666666666638,1.5510396824711192,1.6590917873172288,2.5399999999999965,2.659999999999968,10.999999999998522,9.199999999999477,52274,54915,0,108,143,157,27,1.0,1.0
rate0.5_s12,2.0,original_q2_a0.8_or_unchecked,120714,9.999999999999972,5.599999999999113,15.199999999999989,9.0,3.1033333333332886,2.119999999999929,1.7384588494842883,1.5375924601146111,3.0,2.360000000000008,17.599999999999113,11.399999999999295,52384,55778,0,100,155,152,25,1.0,1.0
rate0.5_s12,2.0,original_q2_a0.8_or_unchecked,120715,7.0,5.399999999999636,10.599999999999994,8.800000000000182,2.494999999999874,1.9733333333332201,1.7529840785312572,1.5943615088874286,3.5333333333333505,2.5333333333333536,0.1999999999979991,0.9999999999980673,52030,55382,0,92,153,149,23,1.0,1.0
rate0.5_s12,2.0,original_q2_a0.8_or_unchecked,120716,6.399999999999977,5.800000000000011,9.0,9.0,2.4716666666666236,2.206666666666642,1.5202504006457431,1.579043477643562,2.333333333333341,2.541176470588231,5.399999999998613,22.39999999999941,52454,56838,0,108,151,157,27,1.0,1.0
rate0.5_s12,2.0,original_q2_a0.8_or_unchecked,120717,5.800000000000011,6.0,9.199999999999932,7.600000000000136,2.4866666666665727,2.251666666666634,1.7940809429748321,1.6167138228496922,3.549999999999997,2.7666666666666657,14.599999999998317,5.19999999999925,52475,55527,0,96,147,146,24,1.0,1.0
rate0.5_s12,2.0,original_q2_a0.8_or_unchecked,120718,7.0,5.800000000000011,11.799999999999955,7.0,2.6166666666666383,1.961666666666631,1.6697275290561504,1.5745274714611037,2.5749999999999993,2.3818181818181885,5.599999999999113,5.799999999998931,51542,55120,0,100,158,140,25,1.0,1.0
rate0.5_s12,2.0,original_q2_a0.8_or_unchecked,120719,8.199999999999932,4.800000000000409,11.0,6.2000000000000455,2.368333333333167,1.9549999999999002,1.6452317414738382,1.5796195976443135,2.942857142857203,2.799999999999997,8.99999999999909,14.599999999997976,52559,57201,0,104,140,151,26,1.0,1.0
rate0.5_s12,2.0,original_q2_a0.8_or_unchecked,120720,5.999999999999659,6.200000000000443,11.0,6.799999999999997,2.160000000000002,2.0633333333333175,1.5986557384426,1.5471427089695162,2.7500000000000853,2.3999999999999986,6.999999999998408,19.19999999999925,52348,56246,0,88,145,151,22,1.0,1.0
rate0.5_s12,2.0,original_q2_a0.8_or_unchecked,120721,7.200000000000102,5.0,10.99999999999909,7.0,2.704999999999895,1.9899999999999187,1.7312424970740266,1.4929104556311783,2.714285714285633,2.2200000000000046,22.99999999999818,2.999999999998181,52374,55726,0,104,161,157,26,1.0,1.0
rate0.5_s12,2.0,original_q2_a0.8_or_unchecked,120722,5.400000000000091,5.800000000000011,7.7999999999999545,7.7999999999995,2.341666666666677,2.179999999999987,1.64222822642795,1.6397876052854623,2.77777777777774,2.549999999999997,18.799999999999272,21.99999999999909,53049,56338,0,96,154,146,24,1.0,1.0
rate0.5_s12,2.0,original_q2_a0.8_or_unchecked,120723,6.400000000000176,5.600000000000023,16.600000000000023,7.800000000000011,2.578333333333283,2.1699999999998463,1.7065370333843386,1.6201665299375658,3.1999999999999886,2.490909090909094,6.199999999998113,15.19999999999834,52110,55680,0,88,151,153,22,1.0,1.0
rate0.5_s12,2.0,original_q2_a0.8_or_unchecked,120724,7.7999999999999545,7.0,10.0,7.800000000000011,2.6050000000000124,2.223333333333351,1.7436879462289874,1.6131975993783443,3.119999999999993,2.600000000000005,11.399999999999295,19.599999999998317,52530,55602,0,92,148,145,24,1.0,1.0
rate0.5_s12,2.0,original_q2_a0.8_or_unchecked,120725,9.999999999999545,5.000000000000057,11.800000000000125,8.600000000000023,2.9466666666665295,2.126666666666539,2.0189433036196784,1.6250975909891587,4.3999999999999915,2.6857142857143197,12.199999999998681,27.19999999999925,51856,57171,0,104,158,154,26,1.0,1.0
rate0.5_s12,2.0,original_q2_a0.8_or_unchecked,120726,8.399999999999977,5.399999999999977,12.00000000000017,7.999999999999659,2.736666666666697,2.173333333333338,1.672156742220625,1.65879220398131,2.690909090909093,2.692307692307701,17.399999999998954,33.79999999999927,52187,57003,0,120,154,155,30,1.0,1.0
rate0.5_s12,2.0,original_q2_a0.8_or_unchecked,120727,6.19999999999996,5.7999999999996135,7.999999999999972,7.999999999999204,2.2666666666665805,1.9916666666665728,1.683637966543532,1.5267506890079747,2.7833333333333456,2.3529411764706016,7.199999999998113,9.599999999997976,52848,56159,0,84,148,146,21,1.0,1.0
rate0.5_s12,2.0,original_q2_a0.8_or_unchecked,120728,6.000000000000227,5.599999999999994,7.199999999999974,9.999999999999773,2.3216666666667143,2.2533333333333783,1.595632727100523,1.564808037003133,2.6499999999999773,2.199999999999963,5.199999999999477,5.999999999999204,52244,56027,0,108,149,155,27,1.0,1.0
rate0.5_s12,2.0,original_q2_a0.8_or_unchecked,120729,7.0,5.800000000000011,10.599999999999795,7.2000000000005,2.6533333333332725,2.2633333333331915,1.603453653155711,1.5838623042793374,2.505263157894756,2.231578947368432,17.199999999998568,16.39999999999884,52479,55580,0,88,150,144,22,1.0,1.0
rate0.5_s12,2.0,runner_up_checked,120700,5.800000000000011,5.800000000000011,11.799999999999997,11.799999999999997,2.3516666666666337,2.3516666666666337,1.6659890848106484,1.6659890848106484,2.600000000000051,2.600000000000051,22.19999999999834,22.19999999999834,52896,52896,0,0,147,147,0,0.0,
rate0.5_s12,2.0,runner_up_checked,120701,6.399999999999977,6.399999999999977,14.200000000000003,14.200000000000003,2.4916666666666374,2.4916666666666374,1.701555698366421,1.701555698366421,2.7428571428571167,2.7428571428571167,12.999999999999432,12.999999999999432,52424,52424,0,0,156,156,0,0.0,
rate0.5_s12,2.0,runner_up_checked,120702,6.000000000000284,6.000000000000284,9.0,9.0,2.3866666666666485,2.3866666666666485,1.6092298043454722,1.6092298043454722,2.624999999999986,2.624999999999986,23.199999999998795,23.199999999998795,53437,53437,0,0,148,148,0,0.0,
rate0.5_s12,2.0,runner_up_checked,120703,7.800000000000011,7.800000000000011,9.0,9.0,2.3533333333331528,2.3533333333331528,1.7091642615327325,1.7091642615327325,2.8399999999998347,2.8399999999998347,22.199999999998795,22.199999999998795,52417,52417,0,0,153,153,0,0.0,
rate0.5_s12,2.0,runner_up_checked,120704,5.59999999999998,5.59999999999998,9.0,9.0,2.0499999999999607,2.0499999999999607,1.6364310100586517,1.6364310100586517,2.9000000000000226,2.9000000000000226,12.399999999999181,12.399999999999181,52664,52664,0,0,155,155,0,0.0,
rate0.5_s12,2.0,runner_up_checked,120705,7.0,7.0,12.799999999999386,12.799999999999386,2.371666666666618,2.371666666666618,1.6987158460390113,1.6987158460390113,3.090909090909122,3.090909090909122,13.399999999998727,13.399999999998727,52187,52187,0,0,142,142,0,0.0,
rate0.5_s12,2.0,runner_up_checked,120706,6.2000000000000455,6.2000000000000455,9.0,9.0,2.154999999999893,2.154999999999893,1.5449421176606735,1.5449421176606735,2.500000000000005,2.500000000000005,5.399999999999636,5.399999999999636,52355,52355,0,0,142,142,0,0.0,
rate0.5_s12,2.0,runner_up_checked,120707,7.3999999999991815,7.3999999999991815,13.399999999999949,13.399999999999949,2.7600000000000056,2.7600000000000056,1.671720832566823,1.671720832566823,2.6249999999999982,2.6249999999999982,9.599999999999227,9.599999999999227,52824,52824,0,0,153,153,0,0.0,
rate0.5_s12,2.0,runner_up_checked,120708,9.600000000000136,9.600000000000136,13.800000000000011,13.800000000000011,2.9616666666664937,2.9616666666664937,1.7473075798168873,1.7473075798168873,3.119999999999982,3.119999999999982,26.199999999998113,26.199999999998113,53750,53750,0,0,163,163,0,0.0,
rate0.5_s12,2.0,runner_up_checked,120709,7.0,7.0,11.200000000000102,11.200000000000102,2.468333333333275,2.468333333333275,1.6833549260030543,1.6833549260030543,2.9166666666666714,2.9166666666666714,9.599999999999,9.599999999999,51801,51801,0,0,158,158,0,0.0,
rate0.5_s12,2.0,runner_up_checked,120710,8.400000000000318,8.400000000000318,11.60000000000008,11.60000000000008,2.6983333333333404,2.6983333333333404,1.6939458520645412,1.6939458520645412,3.0799999999999614,3.0799999999999614,14.199999999998454,14.199999999998454,51989,51989,0,0,154,154,0,0.0,
rate0.5_s12,2.0,runner_up_checked,120711,8.199999999999363,8.199999999999363,13.0,13.0,2.9566666666665284,2.9566666666665284,1.754318552878972,1.754318552878972,3.0666666666664733,3.0666666666664733,32.19999999999743,32.19999999999743,54092,54092,0,0,163,163,0,0.0,
rate0.5_s12,2.0,runner_up_checked,120712,7.0,7.0,10.199999999999818,10.199999999999818,2.4449999999999847,2.4449999999999847,1.7215132218389122,1.7215132218389122,3.0769230769230242,3.0769230769230242,23.999999999999318,23.999999999999318,52877,52877,0,0,157,157,0,0.0,
rate0.5_s12,2.0,runner_up_checked,120713,6.200000000000102,6.200000000000102,7.999999999999545,7.999999999999545,2.069999999999906,2.069999999999906,1.5510396824711192,1.5510396824711192,2.5399999999999965,2.5399999999999965,10.999999999998522,10.999999999998522,52274,52274,0,0,143,143,0,0.0,
rate0.5_s12,2.0,runner_up_checked,120714,9.999999999999972,9.999999999999972,15.199999999999989,15.199999999999989,3.1033333333332886,3.1033333333332886,1.7384588494842883,1.7384588494842883,3.0,3.0,17.599999999999113,17.599999999999113,52384,52384,0,0,155,155,0,0.0,
rate0.5_s12,2.0,runner_up_checked,120715,7.0,7.0,10.599999999999994,10.599999999999994,2.494999999999874,2.494999999999874,1.7529840785312572,1.7529840785312572,3.5333333333333505,3.5333333333333505,0.1999999999979991,0.1999999999979991,52030,52030,0,0,153,153,0,0.0,
rate0.5_s12,2.0,runner_up_checked,120716,6.399999999999977,6.399999999999977,9.0,9.0,2.4716666666666236,2.4716666666666236,1.5202504006457431,1.5202504006457431,2.333333333333341,2.333333333333341,5.399999999998613,5.399999999998613,52454,52454,0,0,151,151,0,0.0,
rate0.5_s12,2.0,runner_up_checked,120717,5.800000000000011,5.800000000000011,9.199999999999932,9.199999999999932,2.4866666666665727,2.4866666666665727,1.7940809429748321,1.7940809429748321,3.549999999999997,3.549999999999997,14.599999999998317,14.599999999998317,52475,52475,0,0,147,147,0,0.0,
rate0.5_s12,2.0,runner_up_checked,120718,7.0,7.0,11.799999999999955,11.799999999999955,2.6166666666666383,2.6166666666666383,1.6697275290561504,1.6697275290561504,2.5749999999999993,2.5749999999999993,5.599999999999113,5.599999999999113,51542,51542,0,0,158,158,0,0.0,
rate0.5_s12,2.0,runner_up_checked,120719,8.199999999999932,8.199999999999932,11.0,11.0,2.368333333333167,2.368333333333167,1.6452317414738382,1.6452317414738382,2.942857142857203,2.942857142857203,8.99999999999909,8.99999999999909,52559,52559,0,0,140,140,0,0.0,
rate0.5_s12,2.0,runner_up_checked,120720,5.999999999999659,5.999999999999659,11.0,11.0,2.160000000000002,2.160000000000002,1.5986557384426,1.5986557384426,2.7500000000000853,2.7500000000000853,6.999999999998408,6.999999999998408,52348,52348,0,0,145,145,0,0.0,
rate0.5_s12,2.0,runner_up_checked,120721,7.200000000000102,7.200000000000102,10.99999999999909,10.99999999999909,2.704999999999895,2.704999999999895,1.7312424970740266,1.7312424970740266,2.714285714285633,2.714285714285633,22.99999999999818,22.99999999999818,52374,52374,0,0,161,161,0,0.0,
rate0.5_s12,2.0,runner_up_checked,120722,5.400000000000091,5.400000000000091,7.7999999999999545,7.7999999999999545,2.341666666666677,2.341666666666677,1.64222822642795,1.64222822642795,2.77777777777774,2.77777777777774,18.799999999999272,18.799999999999272,53049,53049,0,0,154,154,0,0.0,
rate0.5_s12,2.0,runner_up_checked,120723,6.400000000000176,6.400000000000176,16.600000000000023,16.600000000000023,2.578333333333283,2.578333333333283,1.7065370333843386,1.7065370333843386,3.1999999999999886,3.1999999999999886,6.199999999998113,6.199999999998113,52110,52110,0,0,151,151,0,0.0,
rate0.5_s12,2.0,runner_up_checked,120724,7.7999999999999545,7.7999999999999545,10.0,10.0,2.6050000000000124,2.6050000000000124,1.7436879462289874,1.7436879462289874,3.119999999999993,3.119999999999993,11.399999999999295,11.399999999999295,52530,52530,0,0,148,148,0,0.0,
rate0.5_s12,2.0,runner_up_checked,120725,9.999999999999545,9.999999999999545,11.800000000000125,11.800000000000125,2.9466666666665295,2.9466666666665295,2.0189433036196784,2.0189433036196784,4.3999999999999915,4.3999999999999915,12.199999999998681,12.199999999998681,51856,51856,0,0,158,158,0,0.0,
rate0.5_s12,2.0,runner_up_checked,120726,8.399999999999977,8.399999999999977,12.00000000000017,12.00000000000017,2.736666666666697,2.736666666666697,1.672156742220625,1.672156742220625,2.690909090909093,2.690909090909093,17.399999999998954,17.399999999998954,52187,52187,0,0,154,154,0,0.0,
rate0.5_s12,2.0,runner_up_checked,120727,6.19999999999996,6.19999999999996,7.999999999999972,7.999999999999972,2.2666666666665805,2.2666666666665805,1.683637966543532,1.683637966543532,2.7833333333333456,2.7833333333333456,7.199999999998113,7.199999999998113,52848,52848,0,0,148,148,0,0.0,
rate0.5_s12,2.0,runner_up_checked,120728,6.000000000000227,6.000000000000227,7.199999999999974,7.199999999999974,2.3216666666667143,2.3216666666667143,1.595632727100523,1.595632727100523,2.6499999999999773,2.6499999999999773,5.199999999999477,5.199999999999477,52244,52244,0,0,149,149,0,0.0,
rate0.5_s12,2.0,runner_up_checked,120729,7.0,7.0,10.599999999999795,10.599999999999795,2.6533333333332725,2.6533333333332725,1.603453653155711,1.603453653155711,2.505263157894756,2.505263157894756,17.199999999998568,17.199999999998568,52479,52479,0,0,150,150,0,0.0,
