workload,penalty,variant,seed,baseline_p95_wait,variant_p95_wait,baseline_p99_wait,variant_p99_wait,baseline_avg_wait,variant_avg_wait,baseline_avg_slowdown,variant_avg_slowdown,baseline_p95_slowdown,variant_p95_slowdown,baseline_makespan_excess,variant_makespan_excess,baseline_sched_cores_scanned,variant_sched_cores_scanned,baseline_burst_balance_levels_walked,variant_burst_balance_levels_walked,baseline_total_migrations,variant_total_migrations,detector_fires,recall,precision
rate0.5_s4,0.0,selected_checked,120600,5.0,5.0,5.800000000000011,5.800000000000011,1.5150000000000063,1.5150000000000063,1.5189506413668736,1.5189506413668736,2.093333333333343,2.093333333333343,7.399999999999409,7.399999999999409,43375,43375,0,0,31,31,0,0.0,
rate0.5_s4,0.0,selected_checked,120601,5.800000000000011,5.800000000000011,8.000000000000227,8.000000000000227,1.6399999999999408,1.6399999999999408,1.4587023040631872,1.4587023040631872,2.152380952380961,2.152380952380961,5.3999999999995225,5.3999999999995225,42852,42852,0,0,34,34,0,0.0,
rate0.5_s4,0.0,selected_checked,120602,3.7999999999999545,3.7999999999999545,5.799999999999997,5.799999999999997,1.4849999999999874,1.4849999999999874,1.5943365847816833,1.5943365847816833,2.471428571428569,2.471428571428569,0.19999999999879492,0.19999999999879492,43167,43167,0,0,33,33,0,0.0,
rate0.5_s4,0.0,selected_checked,120603,3.8000000000000114,3.8000000000000114,5.0,5.0,1.4750000000000099,1.4750000000000099,1.616028093053012,1.616028093053012,2.46666666666664,2.46666666666664,17.19999999999925,17.19999999999925,43965,43965,0,0,31,31,0,0.0,
rate0.5_s4,0.0,selected_checked,120604,5.0,5.0,5.800000000000011,5.800000000000011,1.4849999999999972,1.4849999999999972,1.504412314565795,1.504412314565795,2.2888888888888976,2.2888888888888976,3.599999999999227,3.599999999999227,43253,43253,0,0,32,32,0,0.0,
rate0.5_s4,0.0,selected_checked,120605,3.8000000000000114,3.8000000000000114,5.199999999999818,5.199999999999818,1.375000000000028,1.375000000000028,1.5267748165286268,1.5267748165286268,2.211764705882361,2.211764705882361,9.59999999999934,9.59999999999934,42721,42721,0,0,26,26,0,0.0,
rate0.5_s4,0.0,selected_checked,120606,3.8000000000000114,3.8000000000000114,5.0,5.0,1.460000000000059,1.460000000000059,1.5063503629607704,1.5063503629607704,2.3200000000000274,2.3200000000000274,3.3999999999995225,3.3999999999995225,43348,43348,0,0,27,27,0,0.0,
rate0.5_s4,0.0,selected_checked,120607,3.799999999999997,3.799999999999997,4.800000000000068,4.800000000000068,1.2100000000000322,1.2100000000000322,1.4435944345280212,1.4435944345280212,2.199999999999951,2.199999999999951,0.19999999999970441,0.19999999999970441,43333,43333,0,0,33,33,0,0.0,
rate0.5_s4,0.0,selected_checked,120608,5.799999999999997,5.799999999999997,5.800000000000182,5.800000000000182,1.6050000000000473,1.6050000000000473,1.6256490683710734,1.6256490683710734,2.7272727272726964,2.7272727272726964,2.199999999999477,2.199999999999477,43115,43115,0,0,30,30,0,0.0,
rate0.5_s4,0.0,selected_checked,120609,3.8000000000000114,3.8000000000000114,5.200000000000102,5.200000000000102,1.3750000000000113,1.3750000000000113,1.490582754873117,1.490582754873117,2.1777777777778056,2.1777777777778056,9.399999999998954,9.399999999998954,43420,43420,0,0,30,30,0,0.0,
rate0.5_s4,0.0,selected_checked,120610,3.799999999999997,3.799999999999997,5.600000000000023,5.600000000000023,1.359999999999895,1.359999999999895,1.6600044489055776,1.6600044489055776,2.511111111111063,2.511111111111063,24.399999999998272,24.399999999998272,43708,43708,0,0,31,31,0,0.0,
rate0.5_s4,0.0,selected_checked,120611,3.8000000000000114,3.8000000000000114,5.800000000000011,5.800000000000011,1.5000000000000475,1.5000000000000475,1.5495840076764533,1.5495840076764533,2.2250000000000014,2.2250000000000014,5.3999999999995225,5.3999999999995225,43280,43280,0,0,28,28,0,0.0,
rate0.5_s4,0.0,selected_checked,120612,5.2000000000000455,5.2000000000000455,5.799999999999997,5.799999999999997,1.5500000000000136,1.5500000000000136,1.4999232857220608,1.4999232857220608,2.2499999999999574,2.2499999999999574,2.1999999999993634,2.1999999999993634,43047,43047,0,0,31,31,0,0.0,
rate0.5_s4,0.0,selected_checked,120613,5.0,5.0,5.800000000000011,5.800000000000011,1.310000000000004,1.310000000000004,1.4937271190902295,1.4937271190902295,2.133333333333341,2.133333333333341,3.7999999999994998,3.7999999999994998,42578,42578,0,0,29,29,0,0.0,
rate0.5_s4,0.0,selected_checked,120614,3.799999999999997,3.799999999999997,9.0,9.0,1.4300000000000082,1.4300000000000082,1.4719074076353873,1.4719074076353873,2.4000000000000057,2.4000000000000057,7.999999999998636,7.999999999998636,43726,43726,0,0,28,28,0,0.0,
rate0.5_s4,0.0,selected_checked,120615,5.0,5.0,5.800000000000011,5.800000000000011,1.5300000000000118,1.5300000000000118,1.5370336914983476,1.5370336914983476,2.09999999999998,2.09999999999998,22.399999999999523,22.399999999999523,43665,43665,0,0,35,35,0,0.0,
rate0.5_s4,0.0,selected_checked,120616,3.6000000000000227,3.6000000000000227,5.0,5.0,1.2750000000000157,1.2750000000000157,1.4354781226550952,1.4354781226550952,1.999999999999962,1.999999999999962,9.399999999999636,9.399999999999636,43225,43225,0,0,29,29,0,0.0,
rate0.5_s4,0.0,selected_checked,120617,4.800000000000125,4.800000000000125,5.0000000000001705,5.0000000000001705,1.525000000000056,1.525000000000056,1.6540407363005116,1.6540407363005116,2.144444444444414,2.144444444444414,17.799999999999613,17.799999999999613,43060,43060,0,0,30,30,0,0.0,
rate0.5_s4,0.0,selected_checked,120618,4.0,4.0,5.800000000000011,5.800000000000011,1.3600000000000072,1.3600000000000072,1.415997198120857,1.415997198120857,1.9333333333333325,1.9333333333333325,3.599999999999568,3.599999999999568,43082,43082,0,0,32,32,0,0.0,
rate0.5_s4,0.0,selected_checked,120619,5.0,5.0,5.800000000000011,5.800000000000011,1.4,1.4,1.4746680691147307,1.4746680691147307,2.2153846153846226,2.2153846153846226,19.599999999999,19.599999999999,44246,44246,0,0,29,29,0,0.0,
rate0.5_s4,0.0,selected_checked,120620,3.8000000000000114,3.8000000000000114,5.599999999999966,5.599999999999966,1.3700000000000159,1.3700000000000159,1.4348771361497543,1.4348771361497543,1.977777777777798,1.977777777777798,27.599999999999795,27.599999999999795,44414,44414,0,0,33,33,0,0.0,
rate0.5_s4,0.0,selected_checked,120621,3.799999999999997,3.799999999999997,4.800000000000125,4.800000000000125,1.2100000000000606,1.2100000000000606,1.4596903350978094,1.4596903350978094,2.075000000000003,2.075000000000003,2.199999999999818,2.199999999999818,42785,42785,0,0,30,30,0,0.0,
rate0.5_s4,0.0,selected_checked,120622,3.799999999999997,3.799999999999997,5.0,5.0,1.364999999999989,1.364999999999989,1.4666359721257742,1.4666359721257742,1.9176470588235308,1.9176470588235308,7.199999999999477,7.199999999999477,43077,43077,0,0,31,31,0,0.0,
rate0.5_s4,0.0,selected_checked,120623,3.0,3.0,8.000000000000057,8.000000000000057,1.5249999999999573,1.5249999999999573,1.5290391951297613,1.5290391951297613,2.7666666666666644,2.7666666666666644,4.599999999999454,4.599999999999454,42888,42888,0,0,29,29,0,0.0,
rate0.5_s4,0.0,selected_checked,120624,5.200000000000074,5.200000000000074,8.000000000000227,8.000000000000227,1.4950000000000117,1.4950000000000117,1.4151116788547504,1.4151116788547504,1.9866666666666333,1.9866666666666333,11.799999999999386,11.799999999999386,43456,43456,0,0,30,30,0,0.0,
rate0.5_s4,0.0,selected_checked,120625,3.599999999999966,3.599999999999966,5.0,5.0,1.3300000000000196,1.3300000000000196,1.5641365277804322,1.5641365277804322,2.699999999999964,2.699999999999964,1.5999999999993406,1.5999999999993406,43395,43395,0,0,28,28,0,0.0,
rate0.5_s4,0.0,selected_checked,120626,5.2000000000000455,5.2000000000000455,5.800000000000011,5.800000000000011,1.4650000000000027,1.4650000000000027,1.477000091890456,1.477000091890456,2.6500000000000057,2.6500000000000057,7.599999999999454,7.599999999999454,42554,42554,0,0,30,30,0,0.0,
rate0.5_s4,0.0,selected_checked,120627,5.0,5.0,5.800000000000011,5.800000000000011,1.4450000000000003,1.4450000000000003,1.479080044997754,1.479080044997754,2.312500000000007,2.312500000000007,20.999999999999204,20.999999999999204,44249,44249,0,0,28,28,0,0.0,
rate0.5_s4,0.0,selected_checked,120628,3.4000000000002046,3.4000000000002046,3.8000000000000114,3.8000000000000114,1.3500000000000056,1.3500000000000056,1.5836989549679945,1.5836989549679945,2.5699999999999967,2.5699999999999967,4.199999999999363,4.199999999999363,43247,43247,0,0,34,34,0,0.0,
rate0.5_s4,0.0,selected_checked,120629,3.799999999999997,3.799999999999997,5.0,5.0,1.2500000000000255,1.2500000000000255,1.5103169832803016,1.5103169832803016,2.2999999999999545,2.2999999999999545,17.39999999999941,17.39999999999941,44250,44250,0,0,29,29,0,0.0,
rate0.5_s4,0.0,selected_unchecked,120600,5.0,5.0,5.800000000000011,5.800000000000011,1.5150000000000063,1.5150000000000063,1.5189506413668736,1.5189506413668736,2.093333333333343,2.093333333333343,7.399999999999409,7.399999999999409,43375,43375,0,0,31,31,0,0.0,
rate0.5_s4,0.0,selected_unchecked,120601,5.800000000000011,5.800000000000011,8.000000000000227,8.000000000000227,1.6399999999999408,1.6399999999999408,1.4587023040631872,1.4587023040631872,2.152380952380961,2.152380952380961,5.3999999999995225,5.3999999999995225,42852,42852,0,0,34,34,0,0.0,
rate0.5_s4,0.0,selected_unchecked,120602,3.7999999999999545,3.7999999999999545,5.799999999999997,5.799999999999997,1.4849999999999874,1.4849999999999874,1.5943365847816833,1.5943365847816833,2.471428571428569,2.471428571428569,0.19999999999879492,0.19999999999879492,43167,43167,0,0,33,33,0,0.0,
rate0.5_s4,0.0,selected_unchecked,120603,3.8000000000000114,3.8000000000000114,5.0,5.0,1.4750000000000099,1.4750000000000099,1.616028093053012,1.616028093053012,2.46666666666664,2.46666666666664,17.19999999999925,17.19999999999925,43965,43965,0,0,31,31,0,0.0,
rate0.5_s4,0.0,selected_unchecked,120604,5.0,5.0,5.800000000000011,5.800000000000011,1.4849999999999972,1.4849999999999972,1.504412314565795,1.504412314565795,2.2888888888888976,2.2888888888888976,3.599999999999227,3.599999999999227,43253,43253,0,0,32,32,0,0.0,
rate0.5_s4,0.0,selected_unchecked,120605,3.8000000000000114,3.8000000000000114,5.199999999999818,5.199999999999818,1.375000000000028,1.375000000000028,1.5267748165286268,1.5267748165286268,2.211764705882361,2.211764705882361,9.59999999999934,9.59999999999934,42721,42721,0,0,26,26,0,0.0,
rate0.5_s4,0.0,selected_unchecked,120606,3.8000000000000114,3.8000000000000114,5.0,5.0,1.460000000000059,1.460000000000059,1.5063503629607704,1.5063503629607704,2.3200000000000274,2.3200000000000274,3.3999999999995225,3.3999999999995225,43348,43348,0,0,27,27,0,0.0,
rate0.5_s4,0.0,selected_unchecked,120607,3.799999999999997,3.799999999999997,4.800000000000068,4.800000000000068,1.2100000000000322,1.2100000000000322,1.4435944345280212,1.4435944345280212,2.199999999999951,2.199999999999951,0.19999999999970441,0.19999999999970441,43333,43333,0,0,33,33,0,0.0,
rate0.5_s4,0.0,selected_unchecked,120608,5.799999999999997,5.799999999999997,5.800000000000182,5.800000000000182,1.6050000000000473,1.6050000000000473,1.6256490683710734,1.6256490683710734,2.7272727272726964,2.7272727272726964,2.199999999999477,2.199999999999477,43115,43115,0,0,30,30,0,0.0,
rate0.5_s4,0.0,selected_unchecked,120609,3.8000000000000114,3.8000000000000114,5.200000000000102,5.200000000000102,1.3750000000000113,1.3750000000000113,1.490582754873117,1.490582754873117,2.1777777777778056,2.1777777777778056,9.399999999998954,9.399999999998954,43420,43420,0,0,30,30,0,0.0,
rate0.5_s4,0.0,selected_unchecked,120610,3.799999999999997,3.799999999999997,5.600000000000023,5.600000000000023,1.359999999999895,1.359999999999895,1.6600044489055776,1.6600044489055776,2.511111111111063,2.511111111111063,24.399999999998272,24.399999999998272,43708,43708,0,0,31,31,0,0.0,
rate0.5_s4,0.0,selected_unchecked,120611,3.8000000000000114,3.8000000000000114,5.800000000000011,5.800000000000011,1.5000000000000475,1.5000000000000475,1.5495840076764533,1.5495840076764533,2.2250000000000014,2.2250000000000014,5.3999999999995225,5.3999999999995225,43280,43280,0,0,28,28,0,0.0,
rate0.5_s4,0.0,selected_unchecked,120612,5.2000000000000455,5.2000000000000455,5.799999999999997,5.799999999999997,1.5500000000000136,1.5500000000000136,1.4999232857220608,1.4999232857220608,2.2499999999999574,2.2499999999999574,2.1999999999993634,2.1999999999993634,43047,43047,0,0,31,31,0,0.0,
rate0.5_s4,0.0,selected_unchecked,120613,5.0,5.0,5.800000000000011,5.800000000000011,1.310000000000004,1.310000000000004,1.4937271190902295,1.4937271190902295,2.133333333333341,2.133333333333341,3.7999999999994998,3.7999999999994998,42578,42578,0,0,29,29,0,0.0,
rate0.5_s4,0.0,selected_unchecked,120614,3.799999999999997,3.799999999999997,9.0,9.0,1.4300000000000082,1.4300000000000082,1.4719074076353873,1.4719074076353873,2.4000000000000057,2.4000000000000057,7.999999999998636,7.999999999998636,43726,43726,0,0,28,28,0,0.0,
rate0.5_s4,0.0,selected_unchecked,120615,5.0,5.0,5.800000000000011,5.800000000000011,1.5300000000000118,1.5300000000000118,1.5370336914983476,1.5370336914983476,2.09999999999998,2.09999999999998,22.399999999999523,22.399999999999523,43665,43665,0,0,35,35,0,0.0,
rate0.5_s4,0.0,selected_unchecked,120616,3.6000000000000227,3.6000000000000227,5.0,5.0,1.2750000000000157,1.2750000000000157,1.4354781226550952,1.4354781226550952,1.999999999999962,1.999999999999962,9.399999999999636,9.399999999999636,43225,43225,0,0,29,29,0,0.0,
rate0.5_s4,0.0,selected_unchecked,120617,4.800000000000125,4.800000000000125,5.0000000000001705,5.0000000000001705,1.525000000000056,1.525000000000056,1.6540407363005116,1.6540407363005116,2.144444444444414,2.144444444444414,17.799999999999613,17.799999999999613,43060,43060,0,0,30,30,0,0.0,
rate0.5_s4,0.0,selected_unchecked,120618,4.0,4.0,5.800000000000011,5.800000000000011,1.3600000000000072,1.3600000000000072,1.415997198120857,1.415997198120857,1.9333333333333325,1.9333333333333325,3.599999999999568,3.599999999999568,43082,43082,0,0,32,32,0,0.0,
rate0.5_s4,0.0,selected_unchecked,120619,5.0,5.0,5.800000000000011,5.800000000000011,1.4,1.4,1.4746680691147307,1.4746680691147307,2.2153846153846226,2.2153846153846226,19.599999999999,19.599999999999,44246,44246,0,0,29,29,0,0.0,
rate0.5_s4,0.0,selected_unchecked,120620,3.8000000000000114,3.8000000000000114,5.599999999999966,5.599999999999966,1.3700000000000159,1.3700000000000159,1.4348771361497543,1.4348771361497543,1.977777777777798,1.977777777777798,27.599999999999795,27.599999999999795,44414,44414,0,0,33,33,0,0.0,
rate0.5_s4,0.0,selected_unchecked,120621,3.799999999999997,3.799999999999997,4.800000000000125,4.800000000000125,1.2100000000000606,1.2100000000000606,1.4596903350978094,1.4596903350978094,2.075000000000003,2.075000000000003,2.199999999999818,2.199999999999818,42785,42785,0,0,30,30,0,0.0,
rate0.5_s4,0.0,selected_unchecked,120622,3.799999999999997,3.799999999999997,5.0,5.0,1.364999999999989,1.364999999999989,1.4666359721257742,1.4666359721257742,1.9176470588235308,1.9176470588235308,7.199999999999477,7.199999999999477,43077,43077,0,0,31,31,0,0.0,
rate0.5_s4,0.0,selected_unchecked,120623,3.0,3.0,8.000000000000057,8.000000000000057,1.5249999999999573,1.5249999999999573,1.5290391951297613,1.5290391951297613,2.7666666666666644,2.7666666666666644,4.599999999999454,4.599999999999454,42888,42888,0,0,29,29,0,0.0,
rate0.5_s4,0.0,selected_unchecked,120624,5.200000000000074,5.200000000000074,8.000000000000227,8.000000000000227,1.4950000000000117,1.4950000000000117,1.4151116788547504,1.4151116788547504,1.9866666666666333,1.9866666666666333,11.799999999999386,11.799999999999386,43456,43456,0,0,30,30,0,0.0,
rate0.5_s4,0.0,selected_unchecked,120625,3.599999999999966,3.599999999999966,5.0,5.0,1.3300000000000196,1.3300000000000196,1.5641365277804322,1.5641365277804322,2.699999999999964,2.699999999999964,1.5999999999993406,1.5999999999993406,43395,43395,0,0,28,28,0,0.0,
rate0.5_s4,0.0,selected_unchecked,120626,5.2000000000000455,5.2000000000000455,5.800000000000011,5.800000000000011,1.4650000000000027,1.4650000000000027,1.477000091890456,1.477000091890456,2.6500000000000057,2.6500000000000057,7.599999999999454,7.599999999999454,42554,42554,0,0,30,30,0,0.0,
rate0.5_s4,0.0,selected_unchecked,120627,5.0,5.0,5.800000000000011,5.800000000000011,1.4450000000000003,1.4450000000000003,1.479080044997754,1.479080044997754,2.312500000000007,2.312500000000007,20.999999999999204,20.999999999999204,44249,44249,0,0,28,28,0,0.0,
rate0.5_s4,0.0,selected_unchecked,120628,3.4000000000002046,3.4000000000002046,3.8000000000000114,3.8000000000000114,1.3500000000000056,1.3500000000000056,1.5836989549679945,1.5836989549679945,2.5699999999999967,2.5699999999999967,4.199999999999363,4.199999999999363,43247,43247,0,0,34,34,0,0.0,
rate0.5_s4,0.0,selected_unchecked,120629,3.799999999999997,3.799999999999997,5.0,5.0,1.2500000000000255,1.2500000000000255,1.5103169832803016,1.5103169832803016,2.2999999999999545,2.2999999999999545,17.39999999999941,17.39999999999941,44250,44250,0,0,29,29,0,0.0,
rate0.5_s4,0.0,original_q2_a0.8_or_unchecked,120600,5.0,5.0,5.800000000000011,5.800000000000011,1.5150000000000063,1.5450000000000195,1.5189506413668736,1.3473301710896777,2.093333333333343,1.9466666666666734,7.399999999999409,4.399999999999409,43375,44753,0,40,31,33,10,1.0,1.0
rate0.5_s4,0.0,original_q2_a0.8_or_unchecked,120601,5.800000000000011,5.199999999999989,8.000000000000227,7.600000000000136,1.6399999999999408,1.4749999999999521,1.4587023040631872,1.2706076902841483,2.152380952380961,1.8799999999999728,5.3999999999995225,5.199999999998681,42852,44377,0,40,34,38,10,1.0,1.0
rate0.5_s4,0.0,original_q2_a0.8_or_unchecked,120602,3.7999999999999545,2.400000000000034,5.799999999999997,6.399999999999636,1.4849999999999874,1.260000000000007,1.5943365847816833,1.318710434437198,2.471428571428569,2.036363636363643,0.19999999999879492,7.19999999999925,43167,44940,0,40,33,30,10,1.0,1.0
rate0.5_s4,0.0,original_q2_a0.8_or_unchecked,120603,3.8000000000000114,5.800000000000011,5.0,7.2000000000000455,1.4750000000000099,1.6150000000000067,1.616028093053012,1.325599956535334,2.46666666666664,1.9000000000000057,17.19999999999925,0.599999999999568,43965,44877,0,40,31,31,10,1.0,1.0
rate0.5_s4,0.0,original_q2_a0.8_or_unchecked,120604,5.0,5.0,5.800000000000011,5.800000000000011,1.4849999999999972,1.4700000000000049,1.504412314565795,1.330758899250141,2.2888888888888976,1.9999999999999838,3.599999999999227,3.599999999999227,43253,44715,0,40,32,32,10,1.0,1.0
rate0.5_s4,0.0,original_q2_a0.8_or_unchecked,120605,3.8000000000000114,5.800000000000011,5.199999999999818,7.0,1.375000000000028,1.5999999999999848,1.5267748165286268,1.4000002316501885,2.211764705882361,2.133333333333335,9.59999999999934,20.199999999999363,42721,45115,0,40,26,35,10,1.0,1.0
rate0.5_s4,0.0,original_q2_a0.8_or_unchecked,120606,3.8000000000000114,4.400000000000034,5.0,5.600000000000136,1.460000000000059,1.4100000000000754,1.5063503629607704,1.3299584818217625,2.3200000000000274,1.8166666666666629,3.3999999999995225,11.199999999999363,43348,45087,0,40,27,35,10,1.0,1.0
rate0.5_s4,0.0,original_q2_a0.8_or_unchecked,120607,3.799999999999997,5.199999999999989,4.800000000000068,6.000000000000057,1.2100000000000322,1.4350000000000502,1.4435944345280212,1.36136458140781,2.199999999999951,2.1200000000000103,0.19999999999970441,2.599999999999568,43333,45034,0,40,33,32,10,1.0,1.0
rate0.5_s4,0.0,original_q2_a0.8_or_unchecked,120608,5.799999999999997,5.800000000000011,5.800000000000182,7.0,1.6050000000000473,1.5750000000000433,1.6256490683710734,1.3824168577667673,2.7272727272726964,2.311111111111128,2.199999999999477,18.19999999999925,43115,45804,0,40,30,39,10,1.0,1.0
rate0.5_s4,0.0,original_q2_a0.8_or_unchecked,120609,3.8000000000000114,5.2000000000000455,5.200000000000102,5.800000000000011,1.3750000000000113,1.4950000000000176,1.490582754873117,1.4010568685418003,2.1777777777778056,2.27500000000002,9.399999999998954,13.999999999999318,43420,45202,0,40,30,34,10,1.0,1.0
rate0.5_s4,0.0,original_q2_a0.8_or_unchecked,120610,3.799999999999997,3.0,5.600000000000023,5.800000000000011,1.359999999999895,1.2699999999999427,1.6600044489055776,1.3341478800025384,2.511111111111063,2.1999999999999886,24.399999999998272,10.7999999999995,43708,44546,0,40,31,36,10,1.0,1.0
rate0.5_s4,0.0,original_q2_a0.8_or_unchecked,120611,3.8000000000000114,5.2000000000000455,5.800000000000011,5.800000000000011,1.5000000000000475,1.5250000000000292,1.5495840076764533,1.3787704497175326,2.2250000000000014,2.390000000000009,5.3999999999995225,9.399999999999409,43280,44861,0,40,28,32,10,1.0,1.0
rate0.5_s4,0.0,original_q2_a0.8_or_unchecked,120612,5.2000000000000455,4.800000000000011,5.799999999999997,8.00000000000017,1.5500000000000136,1.545000000000016,1.4999232857220608,1.339836587354505,2.2499999999999574,1.7919999999999754,2.1999999999993634,1.3999999999995225,43047,44451,0,40,31,34,10,1.0,1.0
rate0.5_s4,0.0,original_q2_a0.8_or_unchecked,120613,5.0,5.0,5.800000000000011,5.800000000000011,1.310000000000004,1.4800000000000018,1.4937271190902295,1.4474754535199839,2.133333333333341,2.16000000000001,3.7999999999994998,5.999999999999432,42578,44011,0,40,29,35,10,1.0,1.0
rate0.5_s4,0.0,original_q2_a0.8_or_unchecked,120614,3.799999999999997,4.200000000000159,9.0,7.400000000000318,1.4300000000000082,1.4150000000001135,1.4719074076353873,1.3012753803901902,2.4000000000000057,1.9538461538461587,7.999999999998636,0.9999999999998863,43726,44882,0,40,28,35,10,1.0,1.0
rate0.5_s4,0.0,original_q2_a0.8_or_unchecked,120615,5.0,5.0,5.800000000000011,5.800000000000011,1.5300000000000118,1.4000000000000152,1.5370336914983476,1.2559526838983293,2.09999999999998,1.6571428571428644,22.399999999999523,10.399999999999409,43665,44775,0,40,35,35,10,1.0,1.0
rate0.5_s4,0.0,original_q2_a0.8_or_unchecked,120616,3.6000000000000227,5.0,5.0,7.0,1.2750000000000157,1.5200000000000151,1.4354781226550952,1.3448707296144962,1.999999999999962,1.7157894736842147,9.399999999999636,15.7999999999995,43225,45069,0,40,29,34,10,1.0,1.0
rate0.5_s4,0.0,original_q2_a0.8_or_unchecked,120617,4.800000000000125,3.800000000000068,5.0000000000001705,7.0,1.525000000000056,1.2800000000000913,1.6540407363005116,1.3135310074171394,2.144444444444414,1.7714285714285805,17.799999999999613,3.9999999999997726,43060,43762,0,40,30,34,10,1.0,1.0
rate0.5_s4,0.0,original_q2_a0.8_or_unchecked,120618,4.0,6.800000000000182,5.800000000000011,10.800000000000068,1.3600000000000072,1.6100000000000136,1.415997198120857,1.3436152288083407,1.9333333333333325,2.066666666666677,3.599999999999568,6.7999999999996135,43082,44807,0,40,32,34,10,1.0,1.0
rate0.5_s4,0.0,original_q2_a0.8_or_unchecked,120619,5.0,5.0,5.800000000000011,7.0,1.4,1.364999999999983,1.4746680691147307,1.4633577690367254,2.2153846153846226,2.2457142857142944,19.599999999999,8.399999999999181,44246,45166,0,40,29,29,10,1.0,1.0
rate0.5_s4,0.0,original_q2_a0.8_or_unchecked,120620,3.8000000000000114,3.599999999999966,5.599999999999966,7.600000000000193,1.3700000000000159,1.4150000000000218,1.4348771361497543,1.33352189257061,1.977777777777798,1.9466666666666697,27.599999999999795,16.199999999999477,44414,45314,0,40,33,35,10,1.0,1.0
rate0.5_s4,0.0,original_q2_a0.8_or_unchecked,120621,3.799999999999997,4.800000000000239,4.800000000000125,11.0,1.2100000000000606,1.5650000000000588,1.4596903350978094,1.3655454285573723,2.075000000000003,2.325000000000003,2.199999999999818,6.999999999999545,42785,45179,0,40,30,34,10,1.0,1.0
rate0.5_s4,0.0,original_q2_a0.8_or_unchecked,120622,3.799999999999997,5.199999999999989,5.0,5.800000000000011,1.364999999999989,1.4500000000000033,1.4666359721257742,1.2960633273526572,1.9176470588235308,1.8173913043477994,7.199999999999477,8.799999999999386,43077,44641,0,40,31,33,10,1.0,1.0
rate0.5_s4,0.0,original_q2_a0.8_or_unchecked,120623,3.0,4.600000000000023,8.000000000000057,7.0,1.5249999999999573,1.3399999999999939,1.5290391951297613,1.3570852529745159,2.7666666666666644,1.8399999999999976,4.599999999999454,6.199999999999477,42888,44811,0,40,29,36,10,1.0,1.0
rate0.5_s4,0.0,original_q2_a0.8_or_unchecked,120624,5.200000000000074,3.599999999999909,8.000000000000227,7.0,1.4950000000000117,1.3400000000000136,1.4151116788547504,1.2880003582664565,1.9866666666666333,1.8999999999999773,11.799999999999386,3.5999999999994543,43456,44441,0,40,30,37,10,1.0,1.0
rate0.5_s4,0.0,original_q2_a0.8_or_unchecked,120625,3.599999999999966,5.0,5.0,5.800000000000011,1.3300000000000196,1.445000000000022,1.5641365277804322,1.3576464089868014,2.699999999999964,2.299999999999997,1.5999999999993406,1.5999999999993406,43395,44760,0,40,28,40,10,1.0,1.0
rate0.5_s4,0.0,original_q2_a0.8_or_unchecked,120626,5.2000000000000455,5.2000000000000455,5.800000000000011,7.2000000000000455,1.4650000000000027,1.580000000000006,1.477000091890456,1.3989404957311629,2.6500000000000057,2.6222222222222373,7.599999999999454,2.199999999999477,42554,43873,0,40,30,29,10,1.0,1.0
rate0.5_s4,0.0,original_q2_a0.8_or_unchecked,120627,5.0,5.0,5.800000000000011,5.800000000000011,1.4450000000000003,1.470000000000025,1.479080044997754,1.2570163270786316,2.312500000000007,1.9272727272727366,20.999999999999204,1.5999999999994543,44249,44926,0,40,28,39,10,1.0,1.0
rate0.5_s4,0.0,original_q2_a0.8_or_unchecked,120628,3.4000000000002046,2.7999999999999545,3.8000000000000114,7.0,1.3500000000000056,1.3700000000000347,1.5836989549679945,1.356343973307674,2.5699999999999967,2.033333333333298,4.199999999999363,2.5999999999996817,43247,44263,0,40,34,35,10,1.0,1.0
rate0.5_s4,0.0,original_q2_a0.8_or_unchecked,120629,3.799999999999997,5.199999999999989,5.0,5.800000000000011,1.2500000000000255,1.4850000000000168,1.5103169832803016,1.2914800704076843,2.2999999999999545,1.8500000000000085,17.39999999999941,6.999999999999432,44250,45261,0,40,29,33,10,1.0,1.0
rate0.5_s4,0.0,runner_up_checked,120600,5.0,5.0,5.800000000000011,5.800000000000011,1.5150000000000063,1.5150000000000063,1.5189506413668736,1.5189506413668736,2.093333333333343,2.093333333333343,7.399999999999409,7.399999999999409,43375,43375,0,0,31,31,0,0.0,
rate0.5_s4,0.0,runner_up_checked,120601,5.800000000000011,5.800000000000011,8.000000000000227,8.000000000000227,1.6399999999999408,1.6399999999999408,1.4587023040631872,1.4587023040631872,2.152380952380961,2.152380952380961,5.3999999999995225,5.3999999999995225,42852,42852,0,0,34,34,0,0.0,
rate0.5_s4,0.0,runner_up_checked,120602,3.7999999999999545,3.7999999999999545,5.799999999999997,5.799999999999997,1.4849999999999874,1.4849999999999874,1.5943365847816833,1.5943365847816833,2.471428571428569,2.471428571428569,0.19999999999879492,0.19999999999879492,43167,43167,0,0,33,33,0,0.0,
rate0.5_s4,0.0,runner_up_checked,120603,3.8000000000000114,3.8000000000000114,5.0,5.0,1.4750000000000099,1.4750000000000099,1.616028093053012,1.616028093053012,2.46666666666664,2.46666666666664,17.19999999999925,17.19999999999925,43965,43965,0,0,31,31,0,0.0,
rate0.5_s4,0.0,runner_up_checked,120604,5.0,5.0,5.800000000000011,5.800000000000011,1.4849999999999972,1.4849999999999972,1.504412314565795,1.504412314565795,2.2888888888888976,2.2888888888888976,3.599999999999227,3.599999999999227,43253,43253,0,0,32,32,0,0.0,
rate0.5_s4,0.0,runner_up_checked,120605,3.8000000000000114,3.8000000000000114,5.199999999999818,5.199999999999818,1.375000000000028,1.375000000000028,1.5267748165286268,1.5267748165286268,2.211764705882361,2.211764705882361,9.59999999999934,9.59999999999934,42721,42721,0,0,26,26,0,0.0,
rate0.5_s4,0.0,runner_up_checked,120606,3.8000000000000114,3.8000000000000114,5.0,5.0,1.460000000000059,1.460000000000059,1.5063503629607704,1.5063503629607704,2.3200000000000274,2.3200000000000274,3.3999999999995225,3.3999999999995225,43348,43348,0,0,27,27,0,0.0,
rate0.5_s4,0.0,runner_up_checked,120607,3.799999999999997,3.799999999999997,4.800000000000068,4.800000000000068,1.2100000000000322,1.2100000000000322,1.4435944345280212,1.4435944345280212,2.199999999999951,2.199999999999951,0.19999999999970441,0.19999999999970441,43333,43333,0,0,33,33,0,0.0,
rate0.5_s4,0.0,runner_up_checked,120608,5.799999999999997,5.799999999999997,5.800000000000182,5.800000000000182,1.6050000000000473,1.6050000000000473,1.6256490683710734,1.6256490683710734,2.7272727272726964,2.7272727272726964,2.199999999999477,2.199999999999477,43115,43115,0,0,30,30,0,0.0,
rate0.5_s4,0.0,runner_up_checked,120609,3.8000000000000114,3.8000000000000114,5.200000000000102,5.200000000000102,1.3750000000000113,1.3750000000000113,1.490582754873117,1.490582754873117,2.1777777777778056,2.1777777777778056,9.399999999998954,9.399999999998954,43420,43420,0,0,30,30,0,0.0,
rate0.5_s4,0.0,runner_up_checked,120610,3.799999999999997,3.799999999999997,5.600000000000023,5.600000000000023,1.359999999999895,1.359999999999895,1.6600044489055776,1.6600044489055776,2.511111111111063,2.511111111111063,24.399999999998272,24.399999999998272,43708,43708,0,0,31,31,0,0.0,
rate0.5_s4,0.0,runner_up_checked,120611,3.8000000000000114,3.8000000000000114,5.800000000000011,5.800000000000011,1.5000000000000475,1.5000000000000475,1.5495840076764533,1.5495840076764533,2.2250000000000014,2.2250000000000014,5.3999999999995225,5.3999999999995225,43280,43280,0,0,28,28,0,0.0,
rate0.5_s4,0.0,runner_up_checked,120612,5.2000000000000455,5.2000000000000455,5.799999999999997,5.799999999999997,1.5500000000000136,1.5500000000000136,1.4999232857220608,1.4999232857220608,2.2499999999999574,2.2499999999999574,2.1999999999993634,2.1999999999993634,43047,43047,0,0,31,31,0,0.0,
rate0.5_s4,0.0,runner_up_checked,120613,5.0,5.0,5.800000000000011,5.800000000000011,1.310000000000004,1.310000000000004,1.4937271190902295,1.4937271190902295,2.133333333333341,2.133333333333341,3.7999999999994998,3.7999999999994998,42578,42578,0,0,29,29,0,0.0,
rate0.5_s4,0.0,runner_up_checked,120614,3.799999999999997,3.799999999999997,9.0,9.0,1.4300000000000082,1.4300000000000082,1.4719074076353873,1.4719074076353873,2.4000000000000057,2.4000000000000057,7.999999999998636,7.999999999998636,43726,43726,0,0,28,28,0,0.0,
rate0.5_s4,0.0,runner_up_checked,120615,5.0,5.0,5.800000000000011,5.800000000000011,1.5300000000000118,1.5300000000000118,1.5370336914983476,1.5370336914983476,2.09999999999998,2.09999999999998,22.399999999999523,22.399999999999523,43665,43665,0,0,35,35,0,0.0,
rate0.5_s4,0.0,runner_up_checked,120616,3.6000000000000227,3.6000000000000227,5.0,5.0,1.2750000000000157,1.2750000000000157,1.4354781226550952,1.4354781226550952,1.999999999999962,1.999999999999962,9.399999999999636,9.399999999999636,43225,43225,0,0,29,29,0,0.0,
rate0.5_s4,0.0,runner_up_checked,120617,4.800000000000125,4.800000000000125,5.0000000000001705,5.0000000000001705,1.525000000000056,1.525000000000056,1.6540407363005116,1.6540407363005116,2.144444444444414,2.144444444444414,17.799999999999613,17.799999999999613,43060,43060,0,0,30,30,0,0.0,
rate0.5_s4,0.0,runner_up_checked,120618,4.0,4.0,5.800000000000011,5.800000000000011,1.3600000000000072,1.3600000000000072,1.415997198120857,1.415997198120857,1.9333333333333325,1.9333333333333325,3.599999999999568,3.599999999999568,43082,43082,0,0,32,32,0,0.0,
rate0.5_s4,0.0,runner_up_checked,120619,5.0,5.0,5.800000000000011,5.800000000000011,1.4,1.4,1.4746680691147307,1.4746680691147307,2.2153846153846226,2.2153846153846226,19.599999999999,19.599999999999,44246,44246,0,0,29,29,0,0.0,
rate0.5_s4,0.0,runner_up_checked,120620,3.8000000000000114,3.8000000000000114,5.599999999999966,5.599999999999966,1.3700000000000159,1.3700000000000159,1.4348771361497543,1.4348771361497543,1.977777777777798,1.977777777777798,27.599999999999795,27.599999999999795,44414,44414,0,0,33,33,0,0.0,
rate0.5_s4,0.0,runner_up_checked,120621,3.799999999999997,3.799999999999997,4.800000000000125,4.800000000000125,1.2100000000000606,1.2100000000000606,1.4596903350978094,1.4596903350978094,2.075000000000003,2.075000000000003,2.199999999999818,2.199999999999818,42785,42785,0,0,30,30,0,0.0,
rate0.5_s4,0.0,runner_up_checked,120622,3.799999999999997,3.799999999999997,5.0,5.0,1.364999999999989,1.364999999999989,1.4666359721257742,1.4666359721257742,1.9176470588235308,1.9176470588235308,7.199999999999477,7.199999999999477,43077,43077,0,0,31,31,0,0.0,
rate0.5_s4,0.0,runner_up_checked,120623,3.0,3.0,8.000000000000057,8.000000000000057,1.5249999999999573,1.5249999999999573,1.5290391951297613,1.5290391951297613,2.7666666666666644,2.7666666666666644,4.599999999999454,4.599999999999454,42888,42888,0,0,29,29,0,0.0,
rate0.5_s4,0.0,runner_up_checked,120624,5.200000000000074,5.200000000000074,8.000000000000227,8.000000000000227,1.4950000000000117,1.4950000000000117,1.4151116788547504,1.4151116788547504,1.9866666666666333,1.9866666666666333,11.799999999999386,11.799999999999386,43456,43456,0,0,30,30,0,0.0,
rate0.5_s4,0.0,runner_up_checked,120625,3.599999999999966,3.599999999999966,5.0,5.0,1.3300000000000196,1.3300000000000196,1.5641365277804322,1.5641365277804322,2.699999999999964,2.699999999999964,1.5999999999993406,1.5999999999993406,43395,43395,0,0,28,28,0,0.0,
rate0.5_s4,0.0,runner_up_checked,120626,5.2000000000000455,5.2000000000000455,5.800000000000011,5.800000000000011,1.4650000000000027,1.4650000000000027,1.477000091890456,1.477000091890456,2.6500000000000057,2.6500000000000057,7.599999999999454,7.599999999999454,42554,42554,0,0,30,30,0,0.0,
rate0.5_s4,0.0,runner_up_checked,120627,5.0,5.0,5.800000000000011,5.800000000000011,1.4450000000000003,1.4450000000000003,1.479080044997754,1.479080044997754,2.312500000000007,2.312500000000007,20.999999999999204,20.999999999999204,44249,44249,0,0,28,28,0,0.0,
rate0.5_s4,0.0,runner_up_checked,120628,3.4000000000002046,3.4000000000002046,3.8000000000000114,3.8000000000000114,1.3500000000000056,1.3500000000000056,1.5836989549679945,1.5836989549679945,2.5699999999999967,2.5699999999999967,4.199999999999363,4.199999999999363,43247,43247,0,0,34,34,0,0.0,
rate0.5_s4,0.0,runner_up_checked,120629,3.799999999999997,3.799999999999997,5.0,5.0,1.2500000000000255,1.2500000000000255,1.5103169832803016,1.5103169832803016,2.2999999999999545,2.2999999999999545,17.39999999999941,17.39999999999941,44250,44250,0,0,29,29,0,0.0,
rate0.5_s4,0.5,selected_checked,120600,3.8000000000000114,3.8000000000000114,5.2000000000000455,5.2000000000000455,1.5299999999999983,1.5299999999999983,1.525620750883993,1.525620750883993,2.093333333333343,2.093333333333343,2.8999999999987267,2.8999999999987267,42971,42971,0,0,32,32,0,0.0,
rate0.5_s4,0.5,selected_checked,120601,5.800000000000011,5.800000000000011,9.0,9.0,1.5199999999999392,1.5199999999999392,1.5111311568912544,1.5111311568912544,2.223809523809533,2.223809523809533,7.799999999998704,7.799999999998704,43069,43069,0,0,31,31,0,0.0,
rate0.5_s4,0.5,selected_checked,120602,3.7999999999999545,3.7999999999999545,5.799999999999997,5.799999999999997,1.4000000000000248,1.4000000000000248,1.512336598908679,1.512336598908679,2.1894736842105273,2.1894736842105273,0.39999999999940883,0.39999999999940883,43335,43335,0,0,34,34,0,0.0,
rate0.5_s4,0.5,selected_checked,120603,3.8000000000000114,3.8000000000000114,5.0,5.0,1.4924999999999913,1.4924999999999913,1.6035736410517143,1.6035736410517143,2.5499999999999923,2.5499999999999923,17.199999999999022,17.199999999999022,43945,43945,0,0,34,34,0,0.0,
rate0.5_s4,0.5,selected_checked,120604,5.0,5.0,5.800000000000011,5.800000000000011,1.407499999999994,1.407499999999994,1.4823289043888164,1.4823289043888164,2.1809523809523883,2.1809523809523883,3.599999999999227,3.599999999999227,43299,43299,0,0,29,29,0,0.0,
rate0.5_s4,0.5,selected_checked,120605,3.8000000000000114,3.8000000000000114,7.0,7.0,1.437500000000038,1.437500000000038,1.5767092456426872,1.5767092456426872,2.289999999999998,2.289999999999998,9.59999999999934,9.59999999999934,42771,42771,0,0,28,28,0,0.0,
rate0.5_s4,0.5,selected_checked,120606,4.800000000000125,4.800000000000125,5.499999999999943,5.499999999999943,1.550000000000064,1.550000000000064,1.5529418269463595,1.5529418269463595,2.3578947368421135,2.3578947368421135,13.899999999999295,13.899999999999295,43660,43660,0,0,26,26,0,0.0,
rate0.5_s4,0.5,selected_checked,120607,3.8000000000000114,3.8000000000000114,5.4000000000002615,5.4000000000002615,1.4400000000000552,1.4400000000000552,1.585598471176684,1.585598471176684,2.528571428571435,2.528571428571435,5.599999999999568,5.599999999999568,43857,43857,0,0,33,33,0,0.0,
rate0.5_s4,0.5,selected_checked,120608,5.799999999999997,5.799999999999997,5.800000000000182,5.800000000000182,1.642500000000036,1.642500000000036,1.6364897261142086,1.6364897261142086,2.7272727272726964,2.7272727272726964,25.599999999999227,25.599999999999227,44421,44421,0,0,30,30,0,0.0,
rate0.5_s4,0.5,selected_checked,120609,3.799999999999997,3.799999999999997,5.500000000000114,5.500000000000114,1.3000000000000198,1.3000000000000198,1.4536390806635122,1.4536390806635122,2.1444444444444426,2.1444444444444426,10.399999999998386,10.399999999998386,43516,43516,0,0,31,31,0,0.0,
rate0.5_s4,0.5,selected_checked,120610,3.799999999999997,3.799999999999997,3.8000000000000114,3.8000000000000114,1.257499999999999,1.257499999999999,1.5269452637757328,1.5269452637757328,2.414814814814823,2.414814814814823,23.099999999998772,23.099999999998772,43770,43770,0,0,34,34,0,0.0,
rate0.5_s4,0.5,selected_checked,120611,3.8000000000000114,3.8000000000000114,5.60000000000025,5.60000000000025,1.497500000000045,1.497500000000045,1.569743730605019,1.569743730605019,2.287499999999998,2.287499999999998,4.599999999999568,4.599999999999568,43143,43143,0,0,30,30,0,0.0,
rate0.5_s4,0.5,selected_checked,120612,5.2000000000000455,5.2000000000000455,5.800000000000011,5.800000000000011,1.5425000000000146,1.5425000000000146,1.5478080756468477,1.5478080756468477,2.2499999999999574,2.2499999999999574,2.6999999999993634,2.6999999999993634,42976,42976,0,0,27,27,0,0.0,
rate0.5_s4,0.5,selected_checked,120613,5.0,5.0,5.800000000000011,5.800000000000011,1.3100000000000027,1.3100000000000027,1.5616335724563026,1.5616335724563026,2.2333333333333485,2.2333333333333485,9.199999999999704,9.199999999999704,42881,42881,0,0,28,28,0,0.0,
rate0.5_s4,0.5,selected_checked,120614,3.799999999999997,3.799999999999997,9.0,9.0,1.4850000000000108,1.4850000000000108,1.532804805684616,1.532804805684616,2.455555555555561,2.455555555555561,7.999999999998522,7.999999999998522,43539,43539,0,0,29,29,0,0.0,
rate0.5_s4,0.5,selected_checked,120615,3.8000000000000114,3.8000000000000114,5.800000000000011,5.800000000000011,1.3975000000000115,1.3975000000000115,1.5604393912204082,1.5604393912204082,2.5555555555555745,2.5555555555555745,15.299999999999272,15.299999999999272,43279,43279,0,0,32,32,0,0.0,
rate0.5_s4,0.5,selected_checked,120616,3.8000000000000114,3.8000000000000114,5.0,5.0,1.4550000000000154,1.4550000000000154,1.3629990310863362,1.3629990310863362,1.730000000000004,1.730000000000004,10.899999999999523,10.899999999999523,43480,43480,0,0,36,36,0,0.0,
rate0.5_s4,0.5,selected_checked,120617,5.0,5.0,5.800000000000011,5.800000000000011,1.6225000000000656,1.6225000000000656,1.6274819537808978,1.6274819537808978,2.144444444444414,2.144444444444414,18.799999999999613,18.799999999999613,43100,43100,0,0,32,32,0,0.0,
rate0.5_s4,0.5,selected_checked,120618,4.5,4.5,5.800000000000011,5.800000000000011,1.3850000000000073,1.3850000000000073,1.446477788112221,1.446477788112221,2.0000000000000093,2.0000000000000093,5.099999999999454,5.099999999999454,43159,43159,0,0,32,32,0,0.0,
rate0.5_s4,0.5,selected_checked,120619,4.199999999999477,4.199999999999477,5.800000000000011,5.800000000000011,1.4174999999999869,1.4174999999999869,1.4920698895692333,1.4920698895692333,2.234615384615392,2.234615384615392,20.599999999999,20.599999999999,44442,44442,0,0,30,30,0,0.0,
rate0.5_s4,0.5,selected_checked,120620,5.2000000000000455,5.2000000000000455,5.7999999999999545,5.7999999999999545,1.6175000000000126,1.6175000000000126,1.5578236528226568,1.5578236528226568,2.186666666666675,2.186666666666675,39.39999999999952,39.39999999999952,44933,44933,0,0,29,29,0,0.0,
rate0.5_s4,0.5,selected_checked,120621,3.799999999999997,3.799999999999997,4.800000000000125,4.800000000000125,1.2800000000000609,1.2800000000000609,1.4650961059841063,1.4650961059841063,2.137500000000003,2.137500000000003,2.0999999999997954,2.0999999999997954,42759,42759,0,0,30,30,0,0.0,
rate0.5_s4,0.5,selected_checked,120622,3.7999999999999545,3.7999999999999545,5.0,5.0,1.3125,1.3125,1.4736544200588266,1.4736544200588266,1.9823529411764766,1.9823529411764766,2.399999999999409,2.399999999999409,42435,42435,0,0,32,32,0,0.0,
rate0.5_s4,0.5,selected_checked,120623,4.900000000000205,4.900000000000205,8.000000000000057,8.000000000000057,1.4999999999999574,1.4999999999999574,1.54229618289454,1.54229618289454,2.8083333333333313,2.8083333333333313,6.5999999999986585,6.5999999999986585,43172,43172,0,0,27,27,0,0.0,
rate0.5_s4,0.5,selected_checked,120624,5.800000000000011,5.800000000000011,7.89999999999975,7.89999999999975,1.5874999999999986,1.5874999999999986,1.5067677279662948,1.5067677279662948,2.0714285714285716,2.0714285714285716,9.199999999999363,9.199999999999363,43301,43301,0,0,31,31,0,0.0,
rate0.5_s4,0.5,selected_checked,120625,3.0,3.0,5.599999999999966,5.599999999999966,1.272500000000008,1.272500000000008,1.5547378081938643,1.5547378081938643,2.8071428571428214,2.8071428571428214,1.5999999999993406,1.5999999999993406,43292,43292,0,0,33,33,0,0.0,
rate0.5_s4,0.5,selected_checked,120626,5.2000000000000455,5.2000000000000455,5.800000000000011,5.800000000000011,1.554999999999999,1.554999999999999,1.4846343143126257,1.4846343143126257,2.6500000000000057,2.6500000000000057,7.599999999999454,7.599999999999454,42689,42689,0,0,30,30,0,0.0,
rate0.5_s4,0.5,selected_checked,120627,5.0,5.0,5.800000000000011,5.800000000000011,1.417500000000014,1.417500000000014,1.4345957742831104,1.4345957742831104,2.343750000000007,2.343750000000007,6.899999999999409,6.899999999999409,43707,43707,0,0,31,31,0,0.0,
rate0.5_s4,0.5,selected_checked,120628,3.8000000000000114,3.8000000000000114,5.400000000000091,5.400000000000091,1.505000000000031,1.505000000000031,1.7039802442434773,1.7039802442434773,2.9368421052631137,2.9368421052631137,4.199999999999363,4.199999999999363,42935,42935,0,0,35,35,0,0.0,
rate0.5_s4,0.5,selected_checked,120629,3.799999999999997,3.799999999999997,5.2000000000000455,5.2000000000000455,1.2725000000000222,1.2725000000000222,1.518506219616792,1.518506219616792,2.5473684210526004,2.5473684210526004,7.499999999999432,7.499999999999432,43657,43657,0,0,28,28,0,0.0,
rate0.5_s4,0.5,selected_unchecked,120600,3.8000000000000114,3.8000000000000114,5.2000000000000455,5.2000000000000455,1.5299999999999983,1.5299999999999983,1.525620750883993,1.525620750883993,2.093333333333343,2.093333333333343,2.8999999999987267,2.8999999999987267,42971,42971,0,0,32,32,0,0.0,
rate0.5_s4,0.5,selected_unchecked,120601,5.800000000000011,5.800000000000011,9.0,9.0,1.5199999999999392,1.5199999999999392,1.5111311568912544,1.5111311568912544,2.223809523809533,2.223809523809533,7.799999999998704,7.799999999998704,43069,43069,0,0,31,31,0,0.0,
rate0.5_s4,0.5,selected_unchecked,120602,3.7999999999999545,3.7999999999999545,5.799999999999997,5.799999999999997,1.4000000000000248,1.4000000000000248,1.512336598908679,1.512336598908679,2.1894736842105273,2.1894736842105273,0.39999999999940883,0.39999999999940883,43335,43335,0,0,34,34,0,0.0,
rate0.5_s4,0.5,selected_unchecked,120603,3.8000000000000114,3.8000000000000114,5.0,5.0,1.4924999999999913,1.4924999999999913,1.6035736410517143,1.6035736410517143,2.5499999999999923,2.5499999999999923,17.199999999999022,17.199999999999022,43945,43945,0,0,34,34,0,0.0,
rate0.5_s4,0.5,selected_unchecked,120604,5.0,5.0,5.800000000000011,5.800000000000011,1.407499999999994,1.407499999999994,1.4823289043888164,1.4823289043888164,2.1809523809523883,2.1809523809523883,3.599999999999227,3.599999999999227,43299,43299,0,0,29,29,0,0.0,
rate0.5_s4,0.5,selected_unchecked,120605,3.8000000000000114,3.8000000000000114,7.0,7.0,1.437500000000038,1.437500000000038,1.5767092456426872,1.5767092456426872,2.289999999999998,2.289999999999998,9.59999999999934,9.59999999999934,42771,42771,0,0,28,28,0,0.0,
rate0.5_s4,0.5,selected_unchecked,120606,4.800000000000125,4.800000000000125,5.499999999999943,5.499999999999943,1.550000000000064,1.550000000000064,1.5529418269463595,1.5529418269463595,2.3578947368421135,2.3578947368421135,13.899999999999295,13.899999999999295,43660,43660,0,0,26,26,0,0.0,
rate0.5_s4,0.5,selected_unchecked,120607,3.8000000000000114,3.8000000000000114,5.4000000000002615,5.4000000000002615,1.4400000000000552,1.4400000000000552,1.585598471176684,1.585598471176684,2.528571428571435,2.528571428571435,5.599999999999568,5.599999999999568,43857,43857,0,0,33,33,0,0.0,
rate0.5_s4,0.5,selected_unchecked,120608,5.799999999999997,5.799999999999997,5.800000000000182,5.800000000000182,1.642500000000036,1.642500000000036,1.6364897261142086,1.6364897261142086,2.7272727272726964,2.7272727272726964,25.599999999999227,25.599999999999227,44421,44421,0,0,30,30,0,0.0,
rate0.5_s4,0.5,selected_unchecked,120609,3.799999999999997,3.799999999999997,5.500000000000114,5.500000000000114,1.3000000000000198,1.3000000000000198,1.4536390806635122,1.4536390806635122,2.1444444444444426,2.1444444444444426,10.399999999998386,10.399999999998386,43516,43516,0,0,31,31,0,0.0,
rate0.5_s4,0.5,selected_unchecked,120610,3.799999999999997,3.799999999999997,3.8000000000000114,3.8000000000000114,1.257499999999999,1.257499999999999,1.5269452637757328,1.5269452637757328,2.414814814814823,2.414814814814823,23.099999999998772,23.099999999998772,43770,43770,0,0,34,34,0,0.0,
rate0.5_s4,0.5,selected_unchecked,120611,3.8000000000000114,3.8000000000000114,5.60000000000025,5.60000000000025,1.497500000000045,1.497500000000045,1.569743730605019,1.569743730605019,2.287499999999998,2.287499999999998,4.599999999999568,4.599999999999568,43143,43143,0,0,30,30,0,0.0,
rate0.5_s4,0.5,selected_unchecked,120612,5.2000000000000455,5.2000000000000455,5.800000000000011,5.800000000000011,1.5425000000000146,1.5425000000000146,1.5478080756468477,1.5478080756468477,2.2499999999999574,2.2499999999999574,2.6999999999993634,2.6999999999993634,42976,42976,0,0,27,27,0,0.0,
rate0.5_s4,0.5,selected_unchecked,120613,5.0,5.0,5.800000000000011,5.800000000000011,1.3100000000000027,1.3100000000000027,1.5616335724563026,1.5616335724563026,2.2333333333333485,2.2333333333333485,9.199999999999704,9.199999999999704,42881,42881,0,0,28,28,0,0.0,
rate0.5_s4,0.5,selected_unchecked,120614,3.799999999999997,3.799999999999997,9.0,9.0,1.4850000000000108,1.4850000000000108,1.532804805684616,1.532804805684616,2.455555555555561,2.455555555555561,7.999999999998522,7.999999999998522,43539,43539,0,0,29,29,0,0.0,
rate0.5_s4,0.5,selected_unchecked,120615,3.8000000000000114,3.8000000000000114,5.800000000000011,5.800000000000011,1.3975000000000115,1.3975000000000115,1.5604393912204082,1.5604393912204082,2.5555555555555745,2.5555555555555745,15.299999999999272,15.299999999999272,43279,43279,0,0,32,32,0,0.0,
rate0.5_s4,0.5,selected_unchecked,120616,3.8000000000000114,3.8000000000000114,5.0,5.0,1.4550000000000154,1.4550000000000154,1.3629990310863362,1.3629990310863362,1.730000000000004,1.730000000000004,10.899999999999523,10.899999999999523,43480,43480,0,0,36,36,0,0.0,
rate0.5_s4,0.5,selected_unchecked,120617,5.0,5.0,5.800000000000011,5.800000000000011,1.6225000000000656,1.6225000000000656,1.6274819537808978,1.6274819537808978,2.144444444444414,2.144444444444414,18.799999999999613,18.799999999999613,43100,43100,0,0,32,32,0,0.0,
rate0.5_s4,0.5,selected_unchecked,120618,4.5,4.5,5.800000000000011,5.800000000000011,1.3850000000000073,1.3850000000000073,1.446477788112221,1.446477788112221,2.0000000000000093,2.0000000000000093,5.099999999999454,5.099999999999454,43159,43159,0,0,32,32,0,0.0,
rate0.5_s4,0.5,selected_unchecked,120619,4.199999999999477,4.199999999999477,5.800000000000011,5.800000000000011,1.4174999999999869,1.4174999999999869,1.4920698895692333,1.4920698895692333,2.234615384615392,2.234615384615392,20.599999999999,20.599999999999,44442,44442,0,0,30,30,0,0.0,
rate0.5_s4,0.5,selected_unchecked,120620,5.2000000000000455,5.2000000000000455,5.7999999999999545,5.7999999999999545,1.6175000000000126,1.6175000000000126,1.5578236528226568,1.5578236528226568,2.186666666666675,2.186666666666675,39.39999999999952,39.39999999999952,44933,44933,0,0,29,29,0,0.0,
rate0.5_s4,0.5,selected_unchecked,120621,3.799999999999997,3.799999999999997,4.800000000000125,4.800000000000125,1.2800000000000609,1.2800000000000609,1.4650961059841063,1.4650961059841063,2.137500000000003,2.137500000000003,2.0999999999997954,2.0999999999997954,42759,42759,0,0,30,30,0,0.0,
rate0.5_s4,0.5,selected_unchecked,120622,3.7999999999999545,3.7999999999999545,5.0,5.0,1.3125,1.3125,1.4736544200588266,1.4736544200588266,1.9823529411764766,1.9823529411764766,2.399999999999409,2.399999999999409,42435,42435,0,0,32,32,0,0.0,
rate0.5_s4,0.5,selected_unchecked,120623,4.900000000000205,4.900000000000205,8.000000000000057,8.000000000000057,1.4999999999999574,1.4999999999999574,1.54229618289454,1.54229618289454,2.8083333333333313,2.8083333333333313,6.5999999999986585,6.5999999999986585,43172,43172,0,0,27,27,0,0.0,
rate0.5_s4,0.5,selected_unchecked,120624,5.800000000000011,5.800000000000011,7.89999999999975,7.89999999999975,1.5874999999999986,1.5874999999999986,1.5067677279662948,1.5067677279662948,2.0714285714285716,2.0714285714285716,9.199999999999363,9.199999999999363,43301,43301,0,0,31,31,0,0.0,
rate0.5_s4,0.5,selected_unchecked,120625,3.0,3.0,5.599999999999966,5.599999999999966,1.272500000000008,1.272500000000008,1.5547378081938643,1.5547378081938643,2.8071428571428214,2.8071428571428214,1.5999999999993406,1.5999999999993406,43292,43292,0,0,33,33,0,0.0,
rate0.5_s4,0.5,selected_unchecked,120626,5.2000000000000455,5.2000000000000455,5.800000000000011,5.800000000000011,1.554999999999999,1.554999999999999,1.4846343143126257,1.4846343143126257,2.6500000000000057,2.6500000000000057,7.599999999999454,7.599999999999454,42689,42689,0,0,30,30,0,0.0,
rate0.5_s4,0.5,selected_unchecked,120627,5.0,5.0,5.800000000000011,5.800000000000011,1.417500000000014,1.417500000000014,1.4345957742831104,1.4345957742831104,2.343750000000007,2.343750000000007,6.899999999999409,6.899999999999409,43707,43707,0,0,31,31,0,0.0,
rate0.5_s4,0.5,selected_unchecked,120628,3.8000000000000114,3.8000000000000114,5.400000000000091,5.400000000000091,1.505000000000031,1.505000000000031,1.7039802442434773,1.7039802442434773,2.9368421052631137,2.9368421052631137,4.199999999999363,4.199999999999363,42935,42935,0,0,35,35,0,0.0,
rate0.5_s4,0.5,selected_unchecked,120629,3.799999999999997,3.799999999999997,5.2000000000000455,5.2000000000000455,1.2725000000000222,1.2725000000000222,1.518506219616792,1.518506219616792,2.5473684210526004,2.5473684210526004,7.499999999999432,7.499999999999432,43657,43657,0,0,28,28,0,0.0,
rate0.5_s4,0.5,original_q2_a0.8_or_unchecked,120600,3.8000000000000114,5.0,5.2000000000000455,5.800000000000011,1.5299999999999983,1.5350000000000115,1.525620750883993,1.3661530455848507,2.093333333333343,1.9416666666666746,2.8999999999987267,1.5999999999993406,42971,44498,0,40,32,35,10,1.0,1.0
rate0.5_s4,0.5,original_q2_a0.8_or_unchecked,120601,5.800000000000011,3.8000000000000114,9.0,5.699999999999989,1.5199999999999392,1.48,1.5111311568912544,1.2820006544342046,2.223809523809533,1.8799999999999728,7.799999999998704,3.099999999999227,43069,44354,0,40,31,36,10,1.0,1.0
rate0.5_s4,0.5,original_q2_a0.8_or_unchecked,120602,3.7999999999999545,2.400000000000034,5.799999999999997,5.199999999999989,1.4000000000000248,1.1924999999999915,1.512336598908679,1.3311996654102698,2.1894736842105273,2.051515151515158,0.39999999999940883,8.299999999999159,43335,45072,0,40,34,29,10,1.0,1.0
rate0.5_s4,0.5,original_q2_a0.8_or_unchecked,120603,3.8000000000000114,5.800000000000011,5.0,7.7000000000000455,1.4924999999999913,1.740000000000005,1.6035736410517143,1.4531087426984688,2.5499999999999923,2.366666666666655,17.199999999999022,6.599999999999454,43945,44979,0,40,34,29,10,1.0,1.0
rate0.5_s4,0.5,original_q2_a0.8_or_unchecked,120604,5.0,5.199999999999989,5.800000000000011,6.700000000000273,1.407499999999994,1.5375000000000116,1.4823289043888164,1.3555360403843797,2.1809523809523883,2.2000000000000006,3.599999999999227,3.599999999999227,43299,44655,0,40,29,33,10,1.0,1.0
rate0.5_s4,0.5,original_q2_a0.8_or_unchecked,120605,3.8000000000000114,5.2000000000000455,7.0,7.0,1.437500000000038,1.40999999999998,1.5767092456426872,1.3298421588119738,2.289999999999998,2.133333333333335,9.59999999999934,5.399999999999295,42771,44149,0,40,28,36,10,1.0,1.0
rate0.5_s4,0.5,original_q2_a0.8_or_unchecked,120606,4.800000000000125,2.500000000000341,5.499999999999943,4.900000000000034,1.550000000000064,1.1875000000000875,1.5529418269463595,1.3779957607068367,2.3578947368421135,2.291666666666648,13.899999999999295,12.799999999999272,43660,45036,0,40,26,33,10,1.0,1.0
rate0.5_s4,0.5,original_q2_a0.8_or_unchecked,120607,3.8000000000000114,5.199999999999989,5.4000000000002615,6.000000000000057,1.4400000000000552,1.3250000000000663,1.585598471176684,1.3735560842869001,2.528571428571435,1.8500000000000014,5.599999999999568,5.499999999999318,43857,45376,0,40,33,33,10,1.0,1.0
rate0.5_s4,0.5,original_q2_a0.8_or_unchecked,120608,5.799999999999997,5.199999999999818,5.800000000000182,7.0,1.642500000000036,1.5150000000000425,1.6364897261142086,1.3207034237018445,2.7272727272726964,1.914285714285713,25.599999999999227,18.69999999999925,44421,45745,0,40,30,37,10,1.0,1.0
rate0.5_s4,0.5,original_q2_a0.8_or_unchecked,120609,3.799999999999997,5.600000000000136,5.500000000000114,6.2000000000000455,1.3000000000000198,1.6150000000000322,1.4536390806635122,1.3237300248091408,2.1444444444444426,2.0222222222222195,10.399999999998386,13.7999999999995,43516,45339,0,40,31,37,10,1.0,1.0
rate0.5_s4,0.5,original_q2_a0.8_or_unchecked,120610,3.799999999999997,4.400000000000205,3.8000000000000114,5.800000000000011,1.257499999999999,1.3649999999999345,1.5269452637757328,1.2860703165423497,2.414814814814823,2.13333333333325,23.099999999998772,6.8999999999991815,43770,44342,0,40,34,36,10,1.0,1.0
rate0.5_s4,0.5,original_q2_a0.8_or_unchecked,120611,3.8000000000000114,5.2000000000000455,5.60000000000025,5.800000000000011,1.497500000000045,1.5700000000000336,1.569743730605019,1.4715708212461747,2.287499999999998,2.4599999999999964,4.599999999999568,3.199999999999477,43143,44709,0,40,30,29,10,1.0,1.0
rate0.5_s4,0.5,original_q2_a0.8_or_unchecked,120612,5.2000000000000455,5.2000000000000455,5.800000000000011,8.00000000000017,1.5425000000000146,1.5600000000000052,1.5478080756468477,1.352473103763459,2.2499999999999574,1.937500000000007,2.6999999999993634,1.6999999999993634,42976,44673,0,40,27,33,10,1.0,1.0
rate0.5_s4,0.5,original_q2_a0.8_or_unchecked,120613,5.0,5.0,5.800000000000011,5.800000000000011,1.3100000000000027,1.3550000000000075,1.5616335724563026,1.3336188750473665,2.2333333333333485,2.099999999999966,9.199999999999704,1.6999999999995907,42881,44123,0,40,28,36,10,1.0,1.0
rate0.5_s4,0.5,original_q2_a0.8_or_unchecked,120614,3.799999999999997,5.800000000000011,9.0,10.600000000000307,1.4850000000000108,1.6325000000000613,1.532804805684616,1.407709109603358,2.455555555555561,2.366666666666649,7.999999999998522,7.999999999998977,43539,45204,0,36,29,33,9,0.9,1.0
rate0.5_s4,0.5,original_q2_a0.8_or_unchecked,120615,3.8000000000000114,5.2000000000000455,5.800000000000011,5.800000000000011,1.3975000000000115,1.525000000000014,1.5604393912204082,1.3306911576848375,2.5555555555555745,1.8583333333333438,15.299999999999272,10.899999999999409,43279,44669,0,40,32,35,10,1.0,1.0
rate0.5_s4,0.5,original_q2_a0.8_or_unchecked,120616,3.8000000000000114,5.0,5.0,7.0,1.4550000000000154,1.5150000000000041,1.3629990310863362,1.3661799377373458,1.730000000000004,1.8200000000000074,10.899999999999523,17.2999999999995,43480,45496,0,40,36,37,10,1.0,1.0
rate0.5_s4,0.5,original_q2_a0.8_or_unchecked,120617,5.0,5.0,5.800000000000011,7.700000000000131,1.6225000000000656,1.3675000000000943,1.6274819537808978,1.336387410360234,2.144444444444414,2.0000000000000115,18.799999999999613,4.499999999999773,43100,44011,0,40,32,36,10,1.0,1.0
rate0.5_s4,0.5,original_q2_a0.8_or_unchecked,120618,4.5,7.0,5.800000000000011,10.800000000000068,1.3850000000000073,1.6975000000000187,1.446477788112221,1.407738856222506,2.0000000000000093,2.250000000000005,5.099999999999454,11.799999999999272,43159,45152,0,40,32,32,10,1.0,1.0
rate0.5_s4,0.5,original_q2_a0.8_or_unchecked,120619,4.199999999999477,5.0,5.800000000000011,7.0,1.4174999999999869,1.4024999999999785,1.4920698895692333,1.4627501506147818,2.234615384615392,2.099999999999966,20.599999999999,24.899999999998613,44442,45974,0,40,30,30,10,1.0,1.0
rate0.5_s4,0.5,original_q2_a0.8_or_unchecked,120620,5.2000000000000455,5.800000000000011,5.7999999999999545,7.700000000000216,1.6175000000000126,1.6474999999999995,1.5578236528226568,1.4082154358556516,2.186666666666675,2.0647058823529223,39.39999999999952,13.299999999998477,44933,45050,0,40,29,35,10,1.0,1.0
rate0.5_s4,0.5,original_q2_a0.8_or_unchecked,120621,3.799999999999997,2.400000000000034,4.800000000000125,11.0,1.2800000000000609,1.2600000000000704,1.4650961059841063,1.398522705215409,2.137500000000003,2.2125000000000057,2.0999999999997954,0.1999999999998181,42759,44455,0,40,30,34,10,1.0,1.0
rate0.5_s4,0.5,original_q2_a0.8_or_unchecked,120622,3.7999999999999545,5.199999999999989,5.0,5.800000000000011,1.3125,1.5525000000000038,1.4736544200588266,1.290358493693387,1.9823529411764766,1.7923076923076582,2.399999999999409,0.7999999999997272,42435,44051,0,40,32,35,10,1.0,1.0
rate0.5_s4,0.5,original_q2_a0.8_or_unchecked,120623,4.900000000000205,4.600000000000023,8.000000000000057,7.0,1.4999999999999574,1.219999999999897,1.54229618289454,1.4188035470198066,2.8083333333333313,2.250000000000007,6.5999999999986585,15.399999999999295,43172,45165,0,40,27,33,10,1.0,1.0
rate0.5_s4,0.5,original_q2_a0.8_or_unchecked,120624,5.800000000000011,3.599999999999909,7.89999999999975,7.0,1.5874999999999986,1.4200000000000084,1.5067677279662948,1.3742232719728251,2.0714285714285716,2.3266666666666422,9.199999999999363,9.199999999999363,43301,44849,0,40,31,39,10,1.0,1.0
rate0.5_s4,0.5,original_q2_a0.8_or_unchecked,120625,3.0,4.499999999999773,5.599999999999966,6.600000000000023,1.272500000000008,1.4050000000000185,1.5547378081938643,1.4853879176496483,2.8071428571428214,2.6000000000000063,1.5999999999993406,1.5999999999993406,43292,44760,0,40,33,35,10,1.0,1.0
rate0.5_s4,0.5,original_q2_a0.8_or_unchecked,120626,5.2000000000000455,5.800000000000011,5.800000000000011,7.7000000000000455,1.554999999999999,1.7425000000000033,1.4846343143126257,1.4309450743817282,2.6500000000000057,2.6222222222222373,7.599999999999454,2.199999999999477,42689,43904,0,40,30,30,10,1.0,1.0
rate0.5_s4,0.5,original_q2_a0.8_or_unchecked,120627,5.0,5.199999999999818,5.800000000000011,5.800000000000011,1.417500000000014,1.5125000000000064,1.4345957742831104,1.3568829673159988,2.343750000000007,1.9250000000000078,6.899999999999409,1.5999999999994543,43707,44745,0,40,31,35,10,1.0,1.0
rate0.5_s4,0.5,original_q2_a0.8_or_unchecked,120628,3.8000000000000114,3.0,5.400000000000091,7.0,1.505000000000031,1.2900000000000293,1.7039802442434773,1.3081828533023214,2.9368421052631137,1.9631578947368278,4.199999999999363,5.199999999999477,42935,44708,0,40,35,39,10,1.0,1.0
rate0.5_s4,0.5,original_q2_a0.8_or_unchecked,120629,3.799999999999997,3.7000000000000455,5.2000000000000455,5.800000000000011,1.2725000000000222,1.3925000000000243,1.518506219616792,1.3840603127550992,2.5473684210526004,2.1166666666666694,7.499999999999432,8.299999999999386,43657,45372,0,40,28,32,10,1.0,1.0
rate0.5_s4,0.5,runner_up_checked,120600,3.8000000000000114,3.8000000000000114,5.2000000000000455,5.2000000000000455,1.5299999999999983,1.5299999999999983,1.525620750883993,1.525620750883993,2.093333333333343,2.093333333333343,2.8999999999987267,2.8999999999987267,42971,42971,0,0,32,32,0,0.0,
rate0.5_s4,0.5,runner_up_checked,120601,5.800000000000011,5.800000000000011,9.0,9.0,1.5199999999999392,1.5199999999999392,1.5111311568912544,1.5111311568912544,2.223809523809533,2.223809523809533,7.799999999998704,7.799999999998704,43069,43069,0,0,31,31,0,0.0,
rate0.5_s4,0.5,runner_up_checked,120602,3.7999999999999545,3.7999999999999545,5.799999999999997,5.799999999999997,1.4000000000000248,1.4000000000000248,1.512336598908679,1.512336598908679,2.1894736842105273,2.1894736842105273,0.39999999999940883,0.39999999999940883,43335,43335,0,0,34,34,0,0.0,
rate0.5_s4,0.5,runner_up_checked,120603,3.8000000000000114,3.8000000000000114,5.0,5.0,1.4924999999999913,1.4924999999999913,1.6035736410517143,1.6035736410517143,2.5499999999999923,2.5499999999999923,17.199999999999022,17.199999999999022,43945,43945,0,0,34,34,0,0.0,
rate0.5_s4,0.5,runner_up_checked,120604,5.0,5.0,5.800000000000011,5.800000000000011,1.407499999999994,1.407499999999994,1.4823289043888164,1.4823289043888164,2.1809523809523883,2.1809523809523883,3.599999999999227,3.599999999999227,43299,43299,0,0,29,29,0,0.0,
rate0.5_s4,0.5,runner_up_checked,120605,3.8000000000000114,3.8000000000000114,7.0,7.0,1.437500000000038,1.437500000000038,1.5767092456426872,1.5767092456426872,2.289999999999998,2.289999999999998,9.59999999999934,9.59999999999934,42771,42771,0,0,28,28,0,0.0,
rate0.5_s4,0.5,runner_up_checked,120606,4.800000000000125,4.800000000000125,5.499999999999943,5.499999999999943,1.550000000000064,1.550000000000064,1.5529418269463595,1.5529418269463595,2.3578947368421135,2.3578947368421135,13.899999999999295,13.899999999999295,43660,43660,0,0,26,26,0,0.0,
rate0.5_s4,0.5,runner_up_checked,120607,3.8000000000000114,3.8000000000000114,5.4000000000002615,5.4000000000002615,1.4400000000000552,1.4400000000000552,1.585598471176684,1.585598471176684,2.528571428571435,2.528571428571435,5.599999999999568,5.599999999999568,43857,43857,0,0,33,33,0,0.0,
rate0.5_s4,0.5,runner_up_checked,120608,5.799999999999997,5.799999999999997,5.800000000000182,5.800000000000182,1.642500000000036,1.642500000000036,1.6364897261142086,1.6364897261142086,2.7272727272726964,2.7272727272726964,25.599999999999227,25.599999999999227,44421,44421,0,0,30,30,0,0.0,
rate0.5_s4,0.5,runner_up_checked,120609,3.799999999999997,3.799999999999997,5.500000000000114,5.500000000000114,1.3000000000000198,1.3000000000000198,1.4536390806635122,1.4536390806635122,2.1444444444444426,2.1444444444444426,10.399999999998386,10.399999999998386,43516,43516,0,0,31,31,0,0.0,
rate0.5_s4,0.5,runner_up_checked,120610,3.799999999999997,3.799999999999997,3.8000000000000114,3.8000000000000114,1.257499999999999,1.257499999999999,1.5269452637757328,1.5269452637757328,2.414814814814823,2.414814814814823,23.099999999998772,23.099999999998772,43770,43770,0,0,34,34,0,0.0,
rate0.5_s4,0.5,runner_up_checked,120611,3.8000000000000114,3.8000000000000114,5.60000000000025,5.60000000000025,1.497500000000045,1.497500000000045,1.569743730605019,1.569743730605019,2.287499999999998,2.287499999999998,4.599999999999568,4.599999999999568,43143,43143,0,0,30,30,0,0.0,
rate0.5_s4,0.5,runner_up_checked,120612,5.2000000000000455,5.2000000000000455,5.800000000000011,5.800000000000011,1.5425000000000146,1.5425000000000146,1.5478080756468477,1.5478080756468477,2.2499999999999574,2.2499999999999574,2.6999999999993634,2.6999999999993634,42976,42976,0,0,27,27,0,0.0,
rate0.5_s4,0.5,runner_up_checked,120613,5.0,5.0,5.800000000000011,5.800000000000011,1.3100000000000027,1.3100000000000027,1.5616335724563026,1.5616335724563026,2.2333333333333485,2.2333333333333485,9.199999999999704,9.199999999999704,42881,42881,0,0,28,28,0,0.0,
rate0.5_s4,0.5,runner_up_checked,120614,3.799999999999997,3.799999999999997,9.0,9.0,1.4850000000000108,1.4850000000000108,1.532804805684616,1.532804805684616,2.455555555555561,2.455555555555561,7.999999999998522,7.999999999998522,43539,43539,0,0,29,29,0,0.0,
rate0.5_s4,0.5,runner_up_checked,120615,3.8000000000000114,3.8000000000000114,5.800000000000011,5.800000000000011,1.3975000000000115,1.3975000000000115,1.5604393912204082,1.5604393912204082,2.5555555555555745,2.5555555555555745,15.299999999999272,15.299999999999272,43279,43279,0,0,32,32,0,0.0,
rate0.5_s4,0.5,runner_up_checked,120616,3.8000000000000114,3.8000000000000114,5.0,5.0,1.4550000000000154,1.4550000000000154,1.3629990310863362,1.3629990310863362,1.730000000000004,1.730000000000004,10.899999999999523,10.899999999999523,43480,43480,0,0,36,36,0,0.0,
rate0.5_s4,0.5,runner_up_checked,120617,5.0,5.0,5.800000000000011,5.800000000000011,1.6225000000000656,1.6225000000000656,1.6274819537808978,1.6274819537808978,2.144444444444414,2.144444444444414,18.799999999999613,18.799999999999613,43100,43100,0,0,32,32,0,0.0,
rate0.5_s4,0.5,runner_up_checked,120618,4.5,4.5,5.800000000000011,5.800000000000011,1.3850000000000073,1.3850000000000073,1.446477788112221,1.446477788112221,2.0000000000000093,2.0000000000000093,5.099999999999454,5.099999999999454,43159,43159,0,0,32,32,0,0.0,
rate0.5_s4,0.5,runner_up_checked,120619,4.199999999999477,4.199999999999477,5.800000000000011,5.800000000000011,1.4174999999999869,1.4174999999999869,1.4920698895692333,1.4920698895692333,2.234615384615392,2.234615384615392,20.599999999999,20.599999999999,44442,44442,0,0,30,30,0,0.0,
rate0.5_s4,0.5,runner_up_checked,120620,5.2000000000000455,5.2000000000000455,5.7999999999999545,5.7999999999999545,1.6175000000000126,1.6175000000000126,1.5578236528226568,1.5578236528226568,2.186666666666675,2.186666666666675,39.39999999999952,39.39999999999952,44933,44933,0,0,29,29,0,0.0,
rate0.5_s4,0.5,runner_up_checked,120621,3.799999999999997,3.799999999999997,4.800000000000125,4.800000000000125,1.2800000000000609,1.2800000000000609,1.4650961059841063,1.4650961059841063,2.137500000000003,2.137500000000003,2.0999999999997954,2.0999999999997954,42759,42759,0,0,30,30,0,0.0,
rate0.5_s4,0.5,runner_up_checked,120622,3.7999999999999545,3.7999999999999545,5.0,5.0,1.3125,1.3125,1.4736544200588266,1.4736544200588266,1.9823529411764766,1.9823529411764766,2.399999999999409,2.399999999999409,42435,42435,0,0,32,32,0,0.0,
rate0.5_s4,0.5,runner_up_checked,120623,4.900000000000205,4.900000000000205,8.000000000000057,8.000000000000057,1.4999999999999574,1.4999999999999574,1.54229618289454,1.54229618289454,2.8083333333333313,2.8083333333333313,6.5999999999986585,6.5999999999986585,43172,43172,0,0,27,27,0,0.0,
rate0.5_s4,0.5,runner_up_checked,120624,5.800000000000011,5.800000000000011,7.89999999999975,7.89999999999975,1.5874999999999986,1.5874999999999986,1.5067677279662948,1.5067677279662948,2.0714285714285716,2.0714285714285716,9.199999999999363,9.199999999999363,43301,43301,0,0,31,31,0,0.0,
rate0.5_s4,0.5,runner_up_checked,120625,3.0,3.0,5.599999999999966,5.599999999999966,1.272500000000008,1.272500000000008,1.5547378081938643,1.5547378081938643,2.8071428571428214,2.8071428571428214,1.5999999999993406,1.5999999999993406,43292,43292,0,0,33,33,0,0.0,
rate0.5_s4,0.5,runner_up_checked,120626,5.2000000000000455,5.2000000000000455,5.800000000000011,5.800000000000011,1.554999999999999,1.554999999999999,1.4846343143126257,1.4846343143126257,2.6500000000000057,2.6500000000000057,7.599999999999454,7.599999999999454,42689,42689,0,0,30,30,0,0.0,
rate0.5_s4,0.5,runner_up_checked,120627,5.0,5.0,5.800000000000011,5.800000000000011,1.417500000000014,1.417500000000014,1.4345957742831104,1.4345957742831104,2.343750000000007,2.343750000000007,6.899999999999409,6.899999999999409,43707,43707,0,0,31,31,0,0.0,
rate0.5_s4,0.5,runner_up_checked,120628,3.8000000000000114,3.8000000000000114,5.400000000000091,5.400000000000091,1.505000000000031,1.505000000000031,1.7039802442434773,1.7039802442434773,2.9368421052631137,2.9368421052631137,4.199999999999363,4.199999999999363,42935,42935,0,0,35,35,0,0.0,
rate0.5_s4,0.5,runner_up_checked,120629,3.799999999999997,3.799999999999997,5.2000000000000455,5.2000000000000455,1.2725000000000222,1.2725000000000222,1.518506219616792,1.518506219616792,2.5473684210526004,2.5473684210526004,7.499999999999432,7.499999999999432,43657,43657,0,0,28,28,0,0.0,
rate0.5_s4,2.0,selected_checked,120600,5.0,5.0,5.800000000000011,5.800000000000011,1.5200000000000018,1.5200000000000018,1.6764706081814662,1.6764706081814662,2.6333333333333067,2.6333333333333067,9.199999999999477,9.199999999999477,43517,43517,0,0,30,30,0,0.0,
rate0.5_s4,2.0,selected_checked,120601,5.200000000000216,5.200000000000216,5.800000000000011,5.800000000000011,1.4449999999999392,1.4449999999999392,1.5345200964504144,1.5345200964504144,2.3272727272727347,2.3272727272727347,6.799999999998477,6.799999999998477,42878,42878,0,0,34,34,0,0.0,
rate0.5_s4,2.0,selected_checked,120602,3.8000000000000114,3.8000000000000114,5.799999999999997,5.799999999999997,1.4150000000000653,1.4150000000000653,1.579941139980804,1.579941139980804,2.37777777777775,2.37777777777775,3.7999999999996135,3.7999999999996135,43218,43218,0,0,34,34,0,0.0,
rate0.5_s4,2.0,selected_checked,120603,3.8000000000000114,3.8000000000000114,5.400000000000091,5.400000000000091,1.5149999999999821,1.5149999999999821,1.7300654892994085,1.7300654892994085,2.6666666666666794,2.6666666666666794,3.1999999999995907,3.1999999999995907,42969,42969,0,0,33,33,0,0.0,
rate0.5_s4,2.0,selected_checked,120604,3.8000000000000114,3.8000000000000114,5.0,5.0,1.339999999999995,1.339999999999995,1.5977958193693103,1.5977958193693103,2.4333333333333322,2.4333333333333322,3.599999999999227,3.599999999999227,43342,43342,0,0,34,34,0,0.0,
rate0.5_s4,2.0,selected_checked,120605,5.199999999999818,5.199999999999818,7.0,7.0,1.520000000000039,1.520000000000039,1.6413641827671115,1.6413641827671115,2.6999999999999886,2.6999999999999886,12.599999999999454,12.599999999999454,42833,42833,0,0,29,29,0,0.0,
rate0.5_s4,2.0,selected_checked,120606,3.799999999999997,3.799999999999997,5.000000000000398,5.000000000000398,1.3450000000000777,1.3450000000000777,1.5880013106897428,1.5880013106897428,2.357894736842073,2.357894736842073,9.799999999999386,9.799999999999386,43465,43465,0,0,28,28,0,0.0,
rate0.5_s4,2.0,selected_checked,120607,3.799999999999997,3.799999999999997,5.0,5.0,1.4200000000000528,1.4200000000000528,1.6097983637329203,1.6097983637329203,2.799999999999983,2.799999999999983,0.19999999999970441,0.19999999999970441,43431,43431,0,0,32,32,0,0.0,
rate0.5_s4,2.0,selected_checked,120608,5.7999999999999545,5.7999999999999545,5.800000000000011,5.800000000000011,1.6900000000000355,1.6900000000000355,1.7571876835312608,1.7571876835312608,3.0285714285714027,3.0285714285714027,23.199999999999136,23.199999999999136,44169,44169,0,0,34,34,0,0.0,
rate0.5_s4,2.0,selected_checked,120609,3.7999999999999545,3.7999999999999545,3.8000000000000114,3.8000000000000114,1.2550000000000139,1.2550000000000139,1.5463495376068386,1.5463495376068386,2.459999999999968,2.459999999999968,10.799999999999272,10.799999999999272,43287,43287,0,0,30,30,0,0.0,
rate0.5_s4,2.0,selected_checked,120610,3.799999999999997,3.799999999999997,3.8000000000000114,3.8000000000000114,1.1749999999999268,1.1749999999999268,1.6079248694681731,1.6079248694681731,2.5333333333333456,2.5333333333333456,21.79999999999893,21.79999999999893,43840,43840,0,0,32,32,0,0.0,
rate0.5_s4,2.0,selected_checked,120611,3.8000000000000114,3.8000000000000114,8.000000000000057,8.000000000000057,1.6850000000000378,1.6850000000000378,1.7221541849938622,1.7221541849938622,2.5764705882352983,2.5764705882352983,13.59999999999934,13.59999999999934,43620,43620,0,0,31,31,0,0.0,
rate0.5_s4,2.0,selected_checked,120612,3.8000000000000114,3.8000000000000114,5.799999999999997,5.799999999999997,1.400000000000015,1.400000000000015,1.582782694418991,1.582782694418991,2.2399999999999998,2.2399999999999998,4.199999999999477,4.199999999999477,43187,43187,0,0,29,29,0,0.0,
rate0.5_s4,2.0,selected_checked,120613,5.0,5.0,5.800000000000011,5.800000000000011,1.4300000000000015,1.4300000000000015,1.6337733058630497,1.6337733058630497,2.6857142857142953,2.6857142857142953,5.7999999999995,5.7999999999995,42465,42465,0,0,30,30,0,0.0,
rate0.5_s4,2.0,selected_checked,120614,3.800000000000182,3.800000000000182,9.0,9.0,1.490000000000066,1.490000000000066,1.4953413308982602,1.4953413308982602,2.2615384615384664,2.2615384615384664,6.19999999999925,6.19999999999925,43692,43692,0,0,32,32,0,0.0,
rate0.5_s4,2.0,selected_checked,120615,5.0,5.0,5.199999999999818,5.199999999999818,1.494999999999998,1.494999999999998,1.5850502773212454,1.5850502773212454,2.634482758620695,2.634482758620695,10.399999999999636,10.399999999999636,43061,43061,0,0,36,36,0,0.0,
rate0.5_s4,2.0,selected_checked,120616,5.0,5.0,10.600000000000023,10.600000000000023,1.5200000000000415,1.5200000000000415,1.4277736200151459,1.4277736200151459,2.028571428571443,2.028571428571443,15.799999999999386,15.799999999999386,43665,43665,0,0,33,33,0,0.0,
rate0.5_s4,2.0,selected_checked,120617,3.800000000000068,3.800000000000068,5.0,5.0,1.4250000000000747,1.4250000000000747,1.5886975650597024,1.5886975650597024,2.152941176470595,2.152941176470595,20.799999999999613,20.799999999999613,43219,43219,0,0,29,29,0,0.0,
rate0.5_s4,2.0,selected_checked,120618,3.0000000000001137,3.0000000000001137,5.800000000000011,5.800000000000011,1.3100000000000058,1.3100000000000058,1.528252104814142,1.528252104814142,2.2500000000000093,2.2500000000000093,12.19999999999925,12.19999999999925,43655,43655,0,0,32,32,0,0.0,
rate0.5_s4,2.0,selected_checked,120619,5.0,5.0,5.800000000000011,5.800000000000011,1.4199999999999933,1.4199999999999933,1.5740913911726981,1.5740913911726981,2.575000000000003,2.575000000000003,23.599999999999,23.599999999999,44303,44303,0,0,28,28,0,0.0,
rate0.5_s4,2.0,selected_checked,120620,5.0,5.0,7.800000000000125,7.800000000000125,1.490000000000012,1.490000000000012,1.5845426347457534,1.5845426347457534,2.2624999999999984,2.2624999999999984,39.79999999999882,39.79999999999882,45011,45011,0,0,32,32,0,0.0,
rate0.5_s4,2.0,selected_checked,120621,4.800000000000125,4.800000000000125,5.600000000000136,5.600000000000136,1.4100000000000819,1.4100000000000819,1.629085790467362,1.629085790467362,2.6000000000000085,2.6000000000000085,2.3999999999998636,2.3999999999998636,42674,42674,0,0,26,26,0,0.0,
rate0.5_s4,2.0,selected_checked,120622,3.7999999999999545,3.7999999999999545,5.0,5.0,1.334999999999988,1.334999999999988,1.527310979898528,1.527310979898528,2.0875000000000057,2.0875000000000057,3.7999999999994998,3.7999999999994998,42412,42412,0,0,32,32,0,0.0,
rate0.5_s4,2.0,selected_checked,120623,3.600000000000364,3.600000000000364,8.000000000000057,8.000000000000057,1.5049999999999728,1.5049999999999728,1.5969146571535533,1.5969146571535533,2.9333333333333313,2.9333333333333313,11.999999999999432,11.999999999999432,43346,43346,0,0,28,28,0,0.0,
rate0.5_s4,2.0,selected_checked,120624,5.2000000000000455,5.2000000000000455,5.800000000000011,5.800000000000011,1.5200000000000202,1.5200000000000202,1.5626478819969924,1.5626478819969924,2.285714285714294,2.285714285714294,9.199999999999363,9.199999999999363,43415,43415,0,0,31,31,0,0.0,
rate0.5_s4,2.0,selected_checked,120625,3.599999999999966,3.599999999999966,5.7999999999999545,5.7999999999999545,1.385000000000015,1.385000000000015,1.7223790416146545,1.7223790416146545,2.6400000000000032,2.6400000000000032,4.399999999999295,4.399999999999295,43447,43447,0,0,29,29,0,0.0,
rate0.5_s4,2.0,selected_checked,120626,5.799999999999997,5.799999999999997,7.400000000000148,7.400000000000148,1.6399999999999515,1.6399999999999515,1.5691262843303646,1.5691262843303646,2.6500000000000057,2.6500000000000057,10.399999999999636,10.399999999999636,42635,42635,0,0,30,30,0,0.0,
rate0.5_s4,2.0,selected_checked,120627,3.8000000000000114,3.8000000000000114,5.2000000000000455,5.2000000000000455,1.4250000000000198,1.4250000000000198,1.6176382353815444,1.6176382353815444,2.566666666666665,2.566666666666665,15.59999999999934,15.59999999999934,44002,44002,0,0,27,27,0,0.0,
rate0.5_s4,2.0,selected_checked,120628,3.7999999999999545,3.7999999999999545,5.800000000000011,5.800000000000011,1.4950000000000188,1.4950000000000188,1.7294247561179446,1.7294247561179446,3.0333333333333408,3.0333333333333408,4.199999999999363,4.199999999999363,43076,43076,0,0,38,38,0,0.0,
rate0.5_s4,2.0,selected_checked,120629,3.799999999999997,3.799999999999997,3.8000000000000114,3.8000000000000114,1.2450000000000159,1.2450000000000159,1.6049857620069456,1.6049857620069456,2.2999999999999545,2.2999999999999545,19.599999999999113,19.599999999999113,44123,44123,0,0,29,29,0,0.0,
rate0.5_s4,2.0,selected_unchecked,120600,5.0,5.0,5.800000000000011,5.800000000000011,1.5200000000000018,1.5200000000000018,1.6764706081814662,1.6764706081814662,2.6333333333333067,2.6333333333333067,9.199999999999477,9.199999999999477,43517,43517,0,0,30,30,0,0.0,
rate0.5_s4,2.0,selected_unchecked,120601,5.200000000000216,5.200000000000216,5.800000000000011,5.800000000000011,1.4449999999999392,1.4449999999999392,1.5345200964504144,1.5345200964504144,2.3272727272727347,2.3272727272727347,6.799999999998477,6.799999999998477,42878,42878,0,0,34,34,0,0.0,
rate0.5_s4,2.0,selected_unchecked,120602,3.8000000000000114,3.8000000000000114,5.799999999999997,5.799999999999997,1.4150000000000653,1.4150000000000653,1.579941139980804,1.579941139980804,2.37777777777775,2.37777777777775,3.7999999999996135,3.7999999999996135,43218,43218,0,0,34,34,0,0.0,
rate0.5_s4,2.0,selected_unchecked,120603,3.8000000000000114,3.8000000000000114,5.400000000000091,5.400000000000091,1.5149999999999821,1.5149999999999821,1.7300654892994085,1.7300654892994085,2.6666666666666794,2.6666666666666794,3.1999999999995907,3.1999999999995907,42969,42969,0,0,33,33,0,0.0,
rate0.5_s4,2.0,selected_unchecked,120604,3.8000000000000114,3.8000000000000114,5.0,5.0,1.339999999999995,1.339999999999995,1.5977958193693103,1.5977958193693103,2.4333333333333322,2.4333333333333322,3.599999999999227,3.599999999999227,43342,43342,0,0,34,34,0,0.0,
rate0.5_s4,2.0,selected_unchecked,120605,5.199999999999818,5.199999999999818,7.0,7.0,1.520000000000039,1.520000000000039,1.6413641827671115,1.6413641827671115,2.6999999999999886,2.6999999999999886,12.599999999999454,12.599999999999454,42833,42833,0,0,29,29,0,0.0,
rate0.5_s4,2.0,selected_unchecked,120606,3.799999999999997,3.799999999999997,5.000000000000398,5.000000000000398,1.3450000000000777,1.3450000000000777,1.5880013106897428,1.5880013106897428,2.357894736842073,2.357894736842073,9.799999999999386,9.799999999999386,43465,43465,0,0,28,28,0,0.0,
rate0.5_s4,2.0,selected_unchecked,120607,3.799999999999997,3.799999999999997,5.0,5.0,1.4200000000000528,1.4200000000000528,1.6097983637329203,1.6097983637329203,2.799999999999983,2.799999999999983,0.19999999999970441,0.19999999999970441,43431,43431,0,0,32,32,0,0.0,
rate0.5_s4,2.0,selected_unchecked,120608,5.7999999999999545,5.7999999999999545,5.800000000000011,5.800000000000011,1.6900000000000355,1.6900000000000355,1.7571876835312608,1.7571876835312608,3.0285714285714027,3.0285714285714027,23.199999999999136,23.199999999999136,44169,44169,0,0,34,34,0,0.0,
rate0.5_s4,2.0,selected_unchecked,120609,3.7999999999999545,3.7999999999999545,3.8000000000000114,3.8000000000000114,1.2550000000000139,1.2550000000000139,1.5463495376068386,1.5463495376068386,2.459999999999968,2.459999999999968,10.799999999999272,10.799999999999272,43287,43287,0,0,30,30,0,0.0,
rate0.5_s4,2.0,selected_unchecked,120610,3.799999999999997,3.799999999999997,3.8000000000000114,3.8000000000000114,1.1749999999999268,1.1749999999999268,1.6079248694681731,1.6079248694681731,2.5333333333333456,2.5333333333333456,21.79999999999893,21.79999999999893,43840,43840,0,0,32,32,0,0.0,
rate0.5_s4,2.0,selected_unchecked,120611,3.8000000000000114,3.8000000000000114,8.000000000000057,8.000000000000057,1.6850000000000378,1.6850000000000378,1.7221541849938622,1.7221541849938622,2.5764705882352983,2.5764705882352983,13.59999999999934,13.59999999999934,43620,43620,0,0,31,31,0,0.0,
rate0.5_s4,2.0,selected_unchecked,120612,3.8000000000000114,3.8000000000000114,5.799999999999997,5.799999999999997,1.400000000000015,1.400000000000015,1.582782694418991,1.582782694418991,2.2399999999999998,2.2399999999999998,4.199999999999477,4.199999999999477,43187,43187,0,0,29,29,0,0.0,
rate0.5_s4,2.0,selected_unchecked,120613,5.0,5.0,5.800000000000011,5.800000000000011,1.4300000000000015,1.4300000000000015,1.6337733058630497,1.6337733058630497,2.6857142857142953,2.6857142857142953,5.7999999999995,5.7999999999995,42465,42465,0,0,30,30,0,0.0,
rate0.5_s4,2.0,selected_unchecked,120614,3.800000000000182,3.800000000000182,9.0,9.0,1.490000000000066,1.490000000000066,1.4953413308982602,1.4953413308982602,2.2615384615384664,2.2615384615384664,6.19999999999925,6.19999999999925,43692,43692,0,0,32,32,0,0.0,
rate0.5_s4,2.0,selected_unchecked,120615,5.0,5.0,5.199999999999818,5.199999999999818,1.494999999999998,1.494999999999998,1.5850502773212454,1.5850502773212454,2.634482758620695,2.634482758620695,10.399999999999636,10.399999999999636,43061,43061,0,0,36,36,0,0.0,
rate0.5_s4,2.0,selected_unchecked,120616,5.0,5.0,10.600000000000023,10.600000000000023,1.5200000000000415,1.5200000000000415,1.4277736200151459,1.4277736200151459,2.028571428571443,2.028571428571443,15.799999999999386,15.799999999999386,43665,43665,0,0,33,33,0,0.0,
rate0.5_s4,2.0,selected_unchecked,120617,3.800000000000068,3.800000000000068,5.0,5.0,1.4250000000000747,1.4250000000000747,1.5886975650597024,1.5886975650597024,2.152941176470595,2.152941176470595,20.799999999999613,20.799999999999613,43219,43219,0,0,29,29,0,0.0,
rate0.5_s4,2.0,selected_unchecked,120618,3.0000000000001137,3.0000000000001137,5.800000000000011,5.800000000000011,1.3100000000000058,1.3100000000000058,1.528252104814142,1.528252104814142,2.2500000000000093,2.2500000000000093,12.19999999999925,12.19999999999925,43655,43655,0,0,32,32,0,0.0,
rate0.5_s4,2.0,selected_unchecked,120619,5.0,5.0,5.800000000000011,5.800000000000011,1.4199999999999933,1.4199999999999933,1.5740913911726981,1.5740913911726981,2.575000000000003,2.575000000000003,23.599999999999,23.599999999999,44303,44303,0,0,28,28,0,0.0,
rate0.5_s4,2.0,selected_unchecked,120620,5.0,5.0,7.800000000000125,7.800000000000125,1.490000000000012,1.490000000000012,1.5845426347457534,1.5845426347457534,2.2624999999999984,2.2624999999999984,39.79999999999882,39.79999999999882,45011,45011,0,0,32,32,0,0.0,
rate0.5_s4,2.0,selected_unchecked,120621,4.800000000000125,4.800000000000125,5.600000000000136,5.600000000000136,1.4100000000000819,1.4100000000000819,1.629085790467362,1.629085790467362,2.6000000000000085,2.6000000000000085,2.3999999999998636,2.3999999999998636,42674,42674,0,0,26,26,0,0.0,
rate0.5_s4,2.0,selected_unchecked,120622,3.7999999999999545,3.7999999999999545,5.0,5.0,1.334999999999988,1.334999999999988,1.527310979898528,1.527310979898528,2.0875000000000057,2.0875000000000057,3.7999999999994998,3.7999999999994998,42412,42412,0,0,32,32,0,0.0,
rate0.5_s4,2.0,selected_unchecked,120623,3.600000000000364,3.600000000000364,8.000000000000057,8.000000000000057,1.5049999999999728,1.5049999999999728,1.5969146571535533,1.5969146571535533,2.9333333333333313,2.9333333333333313,11.999999999999432,11.999999999999432,43346,43346,0,0,28,28,0,0.0,
rate0.5_s4,2.0,selected_unchecked,120624,5.2000000000000455,5.2000000000000455,5.800000000000011,5.800000000000011,1.5200000000000202,1.5200000000000202,1.5626478819969924,1.5626478819969924,2.285714285714294,2.285714285714294,9.199999999999363,9.199999999999363,43415,43415,0,0,31,31,0,0.0,
rate0.5_s4,2.0,selected_unchecked,120625,3.599999999999966,3.599999999999966,5.7999999999999545,5.7999999999999545,1.385000000000015,1.385000000000015,1.7223790416146545,1.7223790416146545,2.6400000000000032,2.6400000000000032,4.399999999999295,4.399999999999295,43447,43447,0,0,29,29,0,0.0,
rate0.5_s4,2.0,selected_unchecked,120626,5.799999999999997,5.799999999999997,7.400000000000148,7.400000000000148,1.6399999999999515,1.6399999999999515,1.5691262843303646,1.5691262843303646,2.6500000000000057,2.6500000000000057,10.399999999999636,10.399999999999636,42635,42635,0,0,30,30,0,0.0,
rate0.5_s4,2.0,selected_unchecked,120627,3.8000000000000114,3.8000000000000114,5.2000000000000455,5.2000000000000455,1.4250000000000198,1.4250000000000198,1.6176382353815444,1.6176382353815444,2.566666666666665,2.566666666666665,15.59999999999934,15.59999999999934,44002,44002,0,0,27,27,0,0.0,
rate0.5_s4,2.0,selected_unchecked,120628,3.7999999999999545,3.7999999999999545,5.800000000000011,5.800000000000011,1.4950000000000188,1.4950000000000188,1.7294247561179446,1.7294247561179446,3.0333333333333408,3.0333333333333408,4.199999999999363,4.199999999999363,43076,43076,0,0,38,38,0,0.0,
rate0.5_s4,2.0,selected_unchecked,120629,3.799999999999997,3.799999999999997,3.8000000000000114,3.8000000000000114,1.2450000000000159,1.2450000000000159,1.6049857620069456,1.6049857620069456,2.2999999999999545,2.2999999999999545,19.599999999999113,19.599999999999113,44123,44123,0,0,29,29,0,0.0,
rate0.5_s4,2.0,original_q2_a0.8_or_unchecked,120600,5.0,4.0,5.800000000000011,5.800000000000011,1.5200000000000018,1.4550000000000416,1.6764706081814662,1.4048762401997696,2.6333333333333067,2.0199999999999987,9.199999999999477,11.399999999999409,43517,45250,0,40,30,31,10,1.0,1.0
rate0.5_s4,2.0,original_q2_a0.8_or_unchecked,120601,5.200000000000216,5.0000000000001705,5.800000000000011,5.2000000000000455,1.4449999999999392,1.4649999999999377,1.5345200964504144,1.4007460719379101,2.3272727272727347,2.2222222222222285,6.799999999998477,9.399999999999523,42878,44646,0,40,34,35,10,1.0,1.0
rate0.5_s4,2.0,original_q2_a0.8_or_unchecked,120602,3.8000000000000114,4.999999999999886,5.799999999999997,5.4000000000002615,1.4150000000000653,1.4499999999999846,1.579941139980804,1.4631170891759988,2.37777777777775,2.1499999999999773,3.7999999999996135,1.9999999999987494,43218,44721,0,40,34,35,10,1.0,1.0
rate0.5_s4,2.0,original_q2_a0.8_or_unchecked,120603,3.8000000000000114,5.800000000000011,5.400000000000091,8.000000000000057,1.5149999999999821,1.7650000000000223,1.7300654892994085,1.5060165607131288,2.6666666666666794,2.6399999999999864,3.1999999999995907,10.199999999999363,42969,45221,0,40,33,31,10,1.0,1.0
rate0.5_s4,2.0,original_q2_a0.8_or_unchecked,120604,3.8000000000000114,5.000000000000057,5.0,5.800000000000011,1.339999999999995,1.5900000000000094,1.5977958193693103,1.412792136799267,2.4333333333333322,2.475000000000005,3.599999999999227,3.599999999999227,43342,44572,0,40,34,38,10,1.0,1.0
rate0.5_s4,2.0,original_q2_a0.8_or_unchecked,120605,5.199999999999818,5.2000000000000455,7.0,7.0,1.520000000000039,1.63000000000001,1.6413641827671115,1.4691631557570901,2.6999999999999886,2.26666666666668,12.599999999999454,23.599999999999568,42833,45236,0,40,29,35,10,1.0,1.0
rate0.5_s4,2.0,original_q2_a0.8_or_unchecked,120606,3.799999999999997,3.3999999999999773,5.000000000000398,5.400000000000091,1.3450000000000777,1.2750000000000803,1.5880013106897428,1.4806582384481406,2.357894736842073,2.2769230769230524,9.799999999999386,22.39999999999918,43465,45670,0,40,28,35,10,1.0,1.0
rate0.5_s4,2.0,original_q2_a0.8_or_unchecked,120607,3.799999999999997,5.199999999999989,5.0,6.000000000000057,1.4200000000000528,1.5150000000000534,1.6097983637329203,1.5072144048439706,2.799999999999983,2.2181818181818262,0.19999999999970441,2.599999999999568,43431,44864,0,40,32,32,10,1.0,1.0
rate0.5_s4,2.0,original_q2_a0.8_or_unchecked,120608,5.7999999999999545,3.199999999999932,5.800000000000011,7.0,1.6900000000000355,1.3250000000000461,1.7571876835312608,1.4900927433306321,3.0285714285714027,2.4222222222222394,23.199999999999136,20.19999999999925,44169,45851,0,40,34,37,10,1.0,1.0
rate0.5_s4,2.0,original_q2_a0.8_or_unchecked,120609,3.7999999999999545,5.199999999999989,3.8000000000000114,7.399999999999864,1.2550000000000139,1.5850000000000155,1.5463495376068386,1.4275111355972618,2.459999999999968,2.1090909090909133,10.799999999999272,6.599999999999682,43287,44772,0,40,30,38,10,1.0,1.0
rate0.5_s4,2.0,original_q2_a0.8_or_unchecked,120610,3.799999999999997,3.200000000000159,3.8000000000000114,5.800000000000011,1.1749999999999268,1.3949999999999072,1.6079248694681731,1.4212525095286068,2.5333333333333456,2.0,21.79999999999893,11.599999999999568,43840,44634,0,40,32,36,10,1.0,1.0
rate0.5_s4,2.0,original_q2_a0.8_or_unchecked,120611,3.8000000000000114,3.9999999999999716,8.000000000000057,5.800000000000011,1.6850000000000378,1.5100000000000349,1.7221541849938622,1.4833699395512978,2.5764705882352983,2.4727272727272767,13.59999999999934,2.5999999999989996,43620,44661,0,40,31,35,10,1.0,1.0
rate0.5_s4,2.0,original_q2_a0.8_or_unchecked,120612,3.8000000000000114,4.800000000000011,5.799999999999997,8.00000000000017,1.400000000000015,1.465000000000019,1.582782694418991,1.3673551320411608,2.2399999999999998,2.009999999999974,4.199999999999477,4.199999999999477,43187,44666,0,40,29,35,10,1.0,1.0
rate0.5_s4,2.0,original_q2_a0.8_or_unchecked,120613,5.0,4.0,5.800000000000011,5.800000000000011,1.4300000000000015,1.3350000000000137,1.6337733058630497,1.4975997076524519,2.6857142857142953,2.307692307692264,5.7999999999995,7.999999999999432,42465,44338,0,40,30,36,10,1.0,1.0
rate0.5_s4,2.0,original_q2_a0.8_or_unchecked,120614,3.800000000000182,3.6000000000001364,9.0,9.0,1.490000000000066,1.620000000000007,1.4953413308982602,1.3404148442855117,2.2615384615384664,2.059999999999923,6.19999999999925,3.3999999999995225,43692,45079,0,40,32,36,10,1.0,1.0
rate0.5_s4,2.0,original_q2_a0.8_or_unchecked,120615,5.0,5.0,5.199999999999818,5.800000000000011,1.494999999999998,1.445000000000014,1.5850502773212454,1.4048701592726482,2.634482758620695,1.9111111111111225,10.399999999999636,12.399999999999295,43061,44658,0,40,36,34,10,1.0,1.0
rate0.5_s4,2.0,original_q2_a0.8_or_unchecked,120616,5.0,5.199999999999932,10.600000000000023,7.0,1.5200000000000415,1.520000000000011,1.4277736200151459,1.44534451597438,2.028571428571443,2.25,15.799999999999386,20.99999999999943,43665,45333,0,40,33,35,10,1.0,1.0
rate0.5_s4,2.0,original_q2_a0.8_or_unchecked,120617,3.800000000000068,3.800000000000068,5.0,5.000000000000284,1.4250000000000747,1.2650000000000894,1.5886975650597024,1.3984926518743326,2.152941176470595,2.0000000000000115,20.799999999999613,1.199999999999818,43219,43698,0,40,29,34,10,1.0,1.0
rate0.5_s4,2.0,original_q2_a0.8_or_unchecked,120618,3.0000000000001137,7.0,5.800000000000011,10.800000000000068,1.3100000000000058,1.7400000000000184,1.528252104814142,1.4564387784475925,2.2500000000000093,2.141176470588214,12.19999999999925,11.999999999999204,43655,45011,0,40,32,32,10,1.0,1.0
rate0.5_s4,2.0,original_q2_a0.8_or_unchecked,120619,5.0,5.0,5.800000000000011,7.0,1.4199999999999933,1.544999999999971,1.5740913911726981,1.5381783453305031,2.575000000000003,2.5333333333333314,23.599999999999,22.599999999999,44303,45700,0,40,28,32,10,1.0,1.0
rate0.5_s4,2.0,original_q2_a0.8_or_unchecked,120620,5.0,5.0,7.800000000000125,5.800000000000011,1.490000000000012,1.4900000000000275,1.5845426347457534,1.4859556477364095,2.2624999999999984,2.34666666666667,39.79999999999882,23.999999999999318,45011,45587,0,40,32,37,10,1.0,1.0
rate0.5_s4,2.0,original_q2_a0.8_or_unchecked,120621,4.800000000000125,2.60000000000025,5.600000000000136,9.400000000000091,1.4100000000000819,1.4000000000001058,1.629085790467362,1.5312534774686353,2.6000000000000085,2.6000000000000085,2.3999999999998636,8.999999999999432,42674,44766,0,40,26,32,10,1.0,1.0
rate0.5_s4,2.0,original_q2_a0.8_or_unchecked,120622,3.7999999999999545,5.199999999999989,5.0,6.200000000000102,1.334999999999988,1.5649999999999917,1.527310979898528,1.3557943504858185,2.0875000000000057,1.8533333333333075,3.7999999999994998,2.399999999999409,42412,44338,0,40,32,38,10,1.0,1.0
rate0.5_s4,2.0,original_q2_a0.8_or_unchecked,120623,3.600000000000364,4.600000000000023,8.000000000000057,7.0,1.5049999999999728,1.3350000000000055,1.5969146571535533,1.4610441375090277,2.9333333333333313,2.4666666666666845,11.999999999999432,7.399999999999636,43346,44870,0,40,28,35,10,1.0,1.0
rate0.5_s4,2.0,original_q2_a0.8_or_unchecked,120624,5.2000000000000455,4.200000000000102,5.800000000000011,7.0,1.5200000000000202,1.434999999999997,1.5626478819969924,1.4916804508114854,2.285714285714294,2.152380952380922,9.199999999999363,9.199999999999363,43415,44262,0,40,31,32,10,1.0,1.0
rate0.5_s4,2.0,original_q2_a0.8_or_unchecked,120625,3.599999999999966,4.199999999999989,5.7999999999999545,5.199999999999989,1.385000000000015,1.460000000000014,1.7223790416146545,1.5106243831333805,2.6400000000000032,2.880000000000007,4.399999999999295,1.5999999999993406,43447,44985,0,40,29,41,10,1.0,1.0
rate0.5_s4,2.0,original_q2_a0.8_or_unchecked,120626,5.799999999999997,5.800000000000011,7.400000000000148,8.600000000000193,1.6399999999999515,1.7200000000000109,1.5691262843303646,1.5406574990551725,2.6500000000000057,2.6222222222222373,10.399999999999636,12.19999999999959,42635,44433,0,40,30,32,10,1.0,1.0
rate0.5_s4,2.0,original_q2_a0.8_or_unchecked,120627,3.8000000000000114,4.400000000000034,5.2000000000000455,5.800000000000011,1.4250000000000198,1.4750000000000179,1.6176382353815444,1.3687434294136467,2.566666666666665,1.8909090909090869,15.59999999999934,1.5999999999994543,44002,44755,0,40,27,35,10,1.0,1.0
rate0.5_s4,2.0,original_q2_a0.8_or_unchecked,120628,3.7999999999999545,3.4000000000002046,5.800000000000011,7.0,1.4950000000000188,1.4300000000000526,1.7294247561179446,1.4438968704310056,3.0333333333333408,2.5636363636363715,4.199999999999363,9.399999999999636,43076,44863,0,40,38,36,10,1.0,1.0
rate0.5_s4,2.0,original_q2_a0.8_or_unchecked,120629,3.799999999999997,5.800000000000011,3.8000000000000114,7.0,1.2450000000000159,1.5100000000000169,1.6049857620069456,1.3926278224125272,2.2999999999999545,2.035294117647057,19.599999999999113,8.999999999999318,44123,45269,0,40,29,33,10,1.0,1.0
rate0.5_s4,2.0,runner_up_checked,120600,5.0,5.0,5.800000000000011,5.800000000000011,1.5200000000000018,1.5200000000000018,1.6764706081814662,1.6764706081814662,2.6333333333333067,2.6333333333333067,9.199999999999477,9.199999999999477,43517,43517,0,0,30,30,0,0.0,
rate0.5_s4,2.0,runner_up_checked,120601,5.200000000000216,5.200000000000216,5.800000000000011,5.800000000000011,1.4449999999999392,1.4449999999999392,1.5345200964504144,1.5345200964504144,2.3272727272727347,2.3272727272727347,6.799999999998477,6.799999999998477,42878,42878,0,0,34,34,0,0.0,
rate0.5_s4,2.0,runner_up_checked,120602,3.8000000000000114,3.8000000000000114,5.799999999999997,5.799999999999997,1.4150000000000653,1.4150000000000653,1.579941139980804,1.579941139980804,2.37777777777775,2.37777777777775,3.7999999999996135,3.7999999999996135,43218,43218,0,0,34,34,0,0.0,
rate0.5_s4,2.0,runner_up_checked,120603,3.8000000000000114,3.8000000000000114,5.400000000000091,5.400000000000091,1.5149999999999821,1.5149999999999821,1.7300654892994085,1.7300654892994085,2.6666666666666794,2.6666666666666794,3.1999999999995907,3.1999999999995907,42969,42969,0,0,33,33,0,0.0,
rate0.5_s4,2.0,runner_up_checked,120604,3.8000000000000114,3.8000000000000114,5.0,5.0,1.339999999999995,1.339999999999995,1.5977958193693103,1.5977958193693103,2.4333333333333322,2.4333333333333322,3.599999999999227,3.599999999999227,43342,43342,0,0,34,34,0,0.0,
rate0.5_s4,2.0,runner_up_checked,120605,5.199999999999818,5.199999999999818,7.0,7.0,1.520000000000039,1.520000000000039,1.6413641827671115,1.6413641827671115,2.6999999999999886,2.6999999999999886,12.599999999999454,12.599999999999454,42833,42833,0,0,29,29,0,0.0,
rate0.5_s4,2.0,runner_up_checked,120606,3.799999999999997,3.799999999999997,5.000000000000398,5.000000000000398,1.3450000000000777,1.3450000000000777,1.5880013106897428,1.5880013106897428,2.357894736842073,2.357894736842073,9.799999999999386,9.799999999999386,43465,43465,0,0,28,28,0,0.0,
rate0.5_s4,2.0,runner_up_checked,120607,3.799999999999997,3.799999999999997,5.0,5.0,1.4200000000000528,1.4200000000000528,1.6097983637329203,1.6097983637329203,2.799999999999983,2.799999999999983,0.19999999999970441,0.19999999999970441,43431,43431,0,0,32,32,0,0.0,
rate0.5_s4,2.0,runner_up_checked,120608,5.7999999999999545,5.7999999999999545,5.800000000000011,5.800000000000011,1.6900000000000355,1.6900000000000355,1.7571876835312608,1.7571876835312608,3.0285714285714027,3.0285714285714027,23.199999999999136,23.199999999999136,44169,44169,0,0,34,34,0,0.0,
rate0.5_s4,2.0,runner_up_checked,120609,3.7999999999999545,3.7999999999999545,3.8000000000000114,3.8000000000000114,1.2550000000000139,1.2550000000000139,1.5463495376068386,1.5463495376068386,2.459999999999968,2.459999999999968,10.799999999999272,10.799999999999272,43287,43287,0,0,30,30,0,0.0,
rate0.5_s4,2.0,runner_up_checked,120610,3.799999999999997,3.799999999999997,3.8000000000000114,3.8000000000000114,1.1749999999999268,1.1749999999999268,1.6079248694681731,1.6079248694681731,2.5333333333333456,2.5333333333333456,21.79999999999893,21.79999999999893,43840,43840,0,0,32,32,0,0.0,
rate0.5_s4,2.0,runner_up_checked,120611,3.8000000000000114,3.8000000000000114,8.000000000000057,8.000000000000057,1.6850000000000378,1.6850000000000378,1.7221541849938622,1.7221541849938622,2.5764705882352983,2.5764705882352983,13.59999999999934,13.59999999999934,43620,43620,0,0,31,31,0,0.0,
rate0.5_s4,2.0,runner_up_checked,120612,3.8000000000000114,3.8000000000000114,5.799999999999997,5.799999999999997,1.400000000000015,1.400000000000015,1.582782694418991,1.582782694418991,2.2399999999999998,2.2399999999999998,4.199999999999477,4.199999999999477,43187,43187,0,0,29,29,0,0.0,
rate0.5_s4,2.0,runner_up_checked,120613,5.0,5.0,5.800000000000011,5.800000000000011,1.4300000000000015,1.4300000000000015,1.6337733058630497,1.6337733058630497,2.6857142857142953,2.6857142857142953,5.7999999999995,5.7999999999995,42465,42465,0,0,30,30,0,0.0,
rate0.5_s4,2.0,runner_up_checked,120614,3.800000000000182,3.800000000000182,9.0,9.0,1.490000000000066,1.490000000000066,1.4953413308982602,1.4953413308982602,2.2615384615384664,2.2615384615384664,6.19999999999925,6.19999999999925,43692,43692,0,0,32,32,0,0.0,
rate0.5_s4,2.0,runner_up_checked,120615,5.0,5.0,5.199999999999818,5.199999999999818,1.494999999999998,1.494999999999998,1.5850502773212454,1.5850502773212454,2.634482758620695,2.634482758620695,10.399999999999636,10.399999999999636,43061,43061,0,0,36,36,0,0.0,
rate0.5_s4,2.0,runner_up_checked,120616,5.0,5.0,10.600000000000023,10.600000000000023,1.5200000000000415,1.5200000000000415,1.4277736200151459,1.4277736200151459,2.028571428571443,2.028571428571443,15.799999999999386,15.799999999999386,43665,43665,0,0,33,33,0,0.0,
rate0.5_s4,2.0,runner_up_checked,120617,3.800000000000068,3.800000000000068,5.0,5.0,1.4250000000000747,1.4250000000000747,1.5886975650597024,1.5886975650597024,2.152941176470595,2.152941176470595,20.799999999999613,20.799999999999613,43219,43219,0,0,29,29,0,0.0,
rate0.5_s4,2.0,runner_up_checked,120618,3.0000000000001137,3.0000000000001137,5.800000000000011,5.800000000000011,1.3100000000000058,1.3100000000000058,1.528252104814142,1.528252104814142,2.2500000000000093,2.2500000000000093,12.19999999999925,12.19999999999925,43655,43655,0,0,32,32,0,0.0,
rate0.5_s4,2.0,runner_up_checked,120619,5.0,5.0,5.800000000000011,5.800000000000011,1.4199999999999933,1.4199999999999933,1.5740913911726981,1.5740913911726981,2.575000000000003,2.575000000000003,23.599999999999,23.599999999999,44303,44303,0,0,28,28,0,0.0,
rate0.5_s4,2.0,runner_up_checked,120620,5.0,5.0,7.800000000000125,7.800000000000125,1.490000000000012,1.490000000000012,1.5845426347457534,1.5845426347457534,2.2624999999999984,2.2624999999999984,39.79999999999882,39.79999999999882,45011,45011,0,0,32,32,0,0.0,
rate0.5_s4,2.0,runner_up_checked,120621,4.800000000000125,4.800000000000125,5.600000000000136,5.600000000000136,1.4100000000000819,1.4100000000000819,1.629085790467362,1.629085790467362,2.6000000000000085,2.6000000000000085,2.3999999999998636,2.3999999999998636,42674,42674,0,0,26,26,0,0.0,
rate0.5_s4,2.0,runner_up_checked,120622,3.7999999999999545,3.7999999999999545,5.0,5.0,1.334999999999988,1.334999999999988,1.527310979898528,1.527310979898528,2.0875000000000057,2.0875000000000057,3.7999999999994998,3.7999999999994998,42412,42412,0,0,32,32,0,0.0,
rate0.5_s4,2.0,runner_up_checked,120623,3.600000000000364,3.600000000000364,8.000000000000057,8.000000000000057,1.5049999999999728,1.5049999999999728,1.5969146571535533,1.5969146571535533,2.9333333333333313,2.9333333333333313,11.999999999999432,11.999999999999432,43346,43346,0,0,28,28,0,0.0,
rate0.5_s4,2.0,runner_up_checked,120624,5.2000000000000455,5.2000000000000455,5.800000000000011,5.800000000000011,1.5200000000000202,1.5200000000000202,1.5626478819969924,1.5626478819969924,2.285714285714294,2.285714285714294,9.199999999999363,9.199999999999363,43415,43415,0,0,31,31,0,0.0,
rate0.5_s4,2.0,runner_up_checked,120625,3.599999999999966,3.599999999999966,5.7999999999999545,5.7999999999999545,1.385000000000015,1.385000000000015,1.7223790416146545,1.7223790416146545,2.6400000000000032,2.6400000000000032,4.399999999999295,4.399999999999295,43447,43447,0,0,29,29,0,0.0,
rate0.5_s4,2.0,runner_up_checked,120626,5.799999999999997,5.799999999999997,7.400000000000148,7.400000000000148,1.6399999999999515,1.6399999999999515,1.5691262843303646,1.5691262843303646,2.6500000000000057,2.6500000000000057,10.399999999999636,10.399999999999636,42635,42635,0,0,30,30,0,0.0,
rate0.5_s4,2.0,runner_up_checked,120627,3.8000000000000114,3.8000000000000114,5.2000000000000455,5.2000000000000455,1.4250000000000198,1.4250000000000198,1.6176382353815444,1.6176382353815444,2.566666666666665,2.566666666666665,15.59999999999934,15.59999999999934,44002,44002,0,0,27,27,0,0.0,
rate0.5_s4,2.0,runner_up_checked,120628,3.7999999999999545,3.7999999999999545,5.800000000000011,5.800000000000011,1.4950000000000188,1.4950000000000188,1.7294247561179446,1.7294247561179446,3.0333333333333408,3.0333333333333408,4.199999999999363,4.199999999999363,43076,43076,0,0,38,38,0,0.0,
rate0.5_s4,2.0,runner_up_checked,120629,3.799999999999997,3.799999999999997,3.8000000000000114,3.8000000000000114,1.2450000000000159,1.2450000000000159,1.6049857620069456,1.6049857620069456,2.2999999999999545,2.2999999999999545,19.599999999999113,19.599999999999113,44123,44123,0,0,29,29,0,0.0,
