workload,penalty,variant,seed,baseline_p95_wait,variant_p95_wait,baseline_p99_wait,variant_p99_wait,baseline_avg_wait,variant_avg_wait,baseline_avg_slowdown,variant_avg_slowdown,baseline_p95_slowdown,variant_p95_slowdown,baseline_makespan_excess,variant_makespan_excess,baseline_sched_cores_scanned,variant_sched_cores_scanned,baseline_burst_balance_levels_walked,variant_burst_balance_levels_walked,baseline_total_migrations,variant_total_migrations,detector_fires,recall,precision
rate3.0_s12,0.0,selected_checked,121500,13.666666666667197,14.666666666667254,22.06666666666746,21.66666666666754,6.316666666666852,5.053333333333532,1.9611046004369292,1.988132082642629,3.7037037037037126,3.807407407407456,7.533333333332166,10.533333333332848,41691,42668,0,40,216,190,50,1.0,1.0
rate3.0_s12,0.0,selected_checked,121501,13.466666666666647,10.000000000000455,16.066666666667174,13.666666666666629,5.571666666666878,4.241666666666855,1.7716373541692256,1.783711915061953,3.2800000000000638,2.8857142857142883,7.53333333333228,12.933333333332143,42209,43551,0,40,216,216,50,1.0,1.0
rate3.0_s12,0.0,selected_checked,121502,13.333333333333286,12.6666666666667,15.533333333333331,17.133333333333354,5.805000000000159,4.5583333333334926,1.9153018466252287,1.8756057994941875,3.2848484848485824,3.144444444444455,13.666666666665492,13.066666666665355,42339,43492,0,40,210,191,50,1.0,1.0
rate3.0_s12,0.0,selected_checked,121503,12.666666666666544,13.866666666666333,16.000000000000682,16.46666666666715,5.571666666666825,4.8366666666667895,1.7356497861091762,1.8532264846081654,2.744444444444435,2.904761904761967,15.13333333333253,36.73333333333255,43066,44854,0,40,214,195,50,1.0,1.0
rate3.0_s12,0.0,selected_checked,121504,15.533333333333644,11.266666666666595,19.46666666666661,15.93333333333338,6.611666666666882,4.7283333333335635,1.9809364727067527,1.8012058393766197,4.277777777777847,3.5066666666667627,16.733333333332894,12.333333333332916,42520,43777,0,40,217,208,50,1.0,1.0
rate3.0_s12,0.0,selected_checked,121505,17.666666666667368,11.066666666666606,24.333333333333826,16.133333333333354,7.12833333333352,4.28000000000018,1.9508858822730424,1.8209255082736429,3.3714285714285745,2.7481481481482004,20.33333333333269,15.533333333332166,42944,43813,0,40,215,195,50,1.0,1.0
rate3.0_s12,0.0,selected_checked,121506,13.799999999999983,11.59999999999998,19.733333333333633,12.800000000000239,5.858333333333513,4.665000000000161,1.9026157519300593,1.8027269072678735,3.6866666666666648,2.9733333333333234,18.33333333333212,22.13333333333196,42659,44096,0,40,210,221,50,1.0,1.0
rate3.0_s12,0.0,selected_checked,121507,14.666666666666657,10.466666666666356,19.199999999999932,13.000000000000568,6.103333333333327,4.19166666666669,1.9172686436441275,1.7346747713000508,3.568888888888921,2.727272727272735,15.333333333331439,20.733333333332553,42907,44030,0,40,218,213,50,1.0,1.0
rate3.0_s12,0.0,selected_checked,121508,14.39999999999975,10.333333333333258,16.266666666667106,11.79999999999984,5.808333333333505,3.9283333333334993,1.877259101583192,1.6691695421670663,3.1696969696970325,2.5250000000000092,12.13333333333162,2.733333333331643,42368,42809,0,40,198,195,50,1.0,1.0
rate3.0_s12,0.0,selected_checked,121509,16.599999999999852,10.133333333334008,27.266666666666616,14.466666666666526,6.871666666666756,4.035000000000156,1.9565123538622196,1.7611943421946097,3.42777777777779,2.761904761904747,22.133333333332075,18.733333333332098,42295,43962,0,40,196,178,50,1.0,1.0
rate3.0_s12,0.0,selected_checked,121510,16.133333333333297,12.999999999999943,19.26666666666665,17.33333333333246,7.128333333333362,4.97166666666674,2.0773014504953125,1.8983259237627204,3.840000000000066,3.393939393939449,31.133333333332416,29.533333333331825,43223,44505,0,40,211,198,50,1.0,1.0
rate3.0_s12,0.0,selected_checked,121511,15.466666666666612,11.73333333333315,18.866666666666788,15.466666666666697,5.98500000000019,4.4250000000002,1.937627767036175,1.7844020264159837,3.800000000000196,2.938095238095246,23.999999999999204,11.199999999999818,42687,43390,0,40,188,198,50,1.0,1.0
rate3.0_s12,0.0,selected_checked,121512,15.933333333333309,15.466666666666612,18.666666666666657,19.266666666666538,5.9966666666668855,5.2133333333335345,2.0122958501379764,1.9393299441002911,4.095238095238163,3.4380952380953027,9.999999999999659,16.999999999999545,42610,43619,0,40,216,206,50,1.0,1.0
rate3.0_s12,0.0,selected_checked,121513,13.333333333333321,11.266666666666595,21.000000000000455,13.666666666666572,5.3816666666668125,4.318333333333457,1.8897201284644736,1.773638615381874,3.2249999999999304,2.9666666666667965,16.799999999999955,2.5999999999993406,42207,42851,0,40,185,208,50,1.0,1.0
rate3.0_s12,0.0,selected_checked,121514,13.799999999999976,10.666666666666487,30.466666666666697,15.466666666666697,5.548333333333574,4.106666666666916,1.8403971106357733,1.7228188547961425,3.150000000000034,2.8166666666666735,6.8666666666662195,11.866666666665878,41814,43708,0,40,195,193,50,1.0,1.0
rate3.0_s12,0.0,selected_checked,121515,16.733333333333917,12.999999999999886,28.933333333333287,17.00000000000003,6.851666666666892,4.948333333333528,2.057622210478693,1.858928575424868,4.088888888888884,3.363636363636374,12.799999999999386,25.599999999999568,41886,44087,0,40,195,211,50,1.0,1.0
rate3.0_s12,0.0,selected_checked,121516,18.599999999999937,10.666666666666686,24.933333333333394,14.933333333333394,7.270000000000211,5.0166666666667945,1.9861390848902825,1.8948051423103807,3.4060606060606164,3.5444444444444456,22.466666666665446,9.066666666666151,43819,44059,0,40,224,204,50,1.0,1.0
rate3.0_s12,0.0,selected_checked,121517,14.666666666667027,10.400000000000148,18.46666666666698,12.666666666667254,6.201666666666787,3.9666666666668187,1.9638866952975509,1.751623314295195,3.6962962962963197,2.9641025641025576,26.666666666665492,14.46666666666556,43112,43722,0,40,208,199,50,1.0,1.0
rate3.0_s12,0.0,selected_checked,121518,15.266666666666652,11.000000000000014,22.8666666666669,16.3333333333334,6.226666666666847,4.433333333333553,1.91669460353436,1.8430484997380363,3.433333333333394,3.4266666666666423,9.93333333333294,23.93333333333237,42019,44372,0,40,199,196,50,1.0,1.0
rate3.0_s12,0.0,selected_checked,121519,15.466666666666697,13.13333333333344,22.800000000000182,19.066666666665924,5.918333333333495,4.800000000000145,1.8082468338539974,1.8178176033642202,3.3533333333333646,3.0400000000000005,22.133333333332757,38.933333333331916,42800,44343,0,40,223,186,50,1.0,1.0
rate3.0_s12,0.0,selected_checked,121520,14.800000000000068,9.933333333333906,21.73333333333332,12.333333333333826,6.181666666666844,3.9000000000001074,1.9736014681639784,1.760836594029759,3.493333333333453,2.866666666666662,10.066666666666379,19.066666666665128,42271,44063,0,40,224,193,50,1.0,1.0
rate3.0_s12,0.0,selected_checked,121521,15.93333333333328,10.26666666666739,18.600000000000023,15.133333333333368,6.290000000000163,4.461666666666817,1.932157075265809,1.7538490946495875,3.4666666666666286,2.8000000000001366,25.99999999999875,41.999999999998636,42885,44490,0,40,206,202,50,1.0,1.0
rate3.0_s12,0.0,selected_checked,121522,16.799999999999955,11.333333333333321,27.7333333333333,11.999999999999915,7.503333333333528,4.4550000000002115,2.141832496162079,1.833902179832081,3.9600000000000137,3.333333333333303,26.733333333332666,23.33333333333269,42471,43750,0,40,200,201,50,1.0,1.0
rate3.0_s12,0.0,selected_checked,121523,16.33333333333323,11.000000000000227,24.66666666666714,13.800000000000011,6.220000000000195,4.195000000000215,1.9756765507727465,1.7966327577937025,3.816666666666672,3.1466666666666754,15.933333333331689,16.73333333333244,42473,44358,0,40,190,206,50,1.0,1.0
rate3.0_s12,0.0,selected_checked,121524,14.933333333333302,12.13333333333378,30.533333333333296,17.000000000000085,5.9783333333334685,4.483333333333463,1.7706660416571132,1.813318791671419,2.791666666666657,2.913725490196063,20.533333333333076,6.133333333332303,42877,43043,0,40,206,198,50,1.0,1.0
rate3.0_s12,0.0,selected_checked,121525,16.799999999999926,9.466666666666661,24.266666666666993,12.066666666667174,6.433333333333541,3.8700000000002226,1.878825819151838,1.7314092112921444,3.440000000000123,2.973333333333335,8.733333333332212,13.133333333332757,41566,43761,0,40,192,204,50,1.0,1.0
rate3.0_s12,0.0,selected_checked,121526,14.53333333333319,11.333333333333172,21.06666666666723,14.133333333333894,6.251666666666761,4.238333333333452,1.9160010008755326,1.8203395269522573,3.3066666666666604,2.9866666666666903,26.39999999999816,24.399999999999636,42719,44183,0,40,228,200,50,1.0,1.0
rate3.0_s12,0.0,selected_checked,121527,15.933333333333366,12.333333333333357,19.06666666666664,15.13333333333361,6.513333333333601,4.748333333333627,1.8964551356431694,1.8654239376035247,3.1777777777778247,3.073333333333342,24.399999999998386,19.399999999998954,43249,43659,0,40,204,212,50,1.0,1.0
rate3.0_s12,0.0,selected_checked,121528,18.26666666666688,10.73333333333332,21.000000000001023,16.200000000000898,7.208333333333497,4.07833333333355,1.971772405614196,1.7478744943796503,3.5083333333332973,2.8083333333333416,19.466666666666242,8.666666666666515,42879,43622,0,40,219,197,50,1.0,1.0
rate3.0_s12,0.0,selected_checked,121529,14.133333333333184,10.333333333333258,26.199999999999903,14.466666666666711,5.928333333333516,3.876666666666834,2.0607258751751503,1.782984581142611,3.9111111111111065,3.2444444444444542,14.533333333332848,9.133333333332644,42492,43446,0,40,186,195,50,1.0,1.0
rate3.0_s12,0.0,selected_unchecked,121500,13.666666666667197,14.666666666667254,22.06666666666746,21.66666666666754,6.316666666666852,5.053333333333532,1.9611046004369292,1.988132082642629,3.7037037037037126,3.807407407407456,7.533333333332166,10.533333333332848,41691,42668,0,40,216,190,50,1.0,1.0
rate3.0_s12,0.0,selected_unchecked,121501,13.466666666666647,10.000000000000455,16.066666666667174,13.666666666666629,5.571666666666878,4.241666666666855,1.7716373541692256,1.783711915061953,3.2800000000000638,2.8857142857142883,7.53333333333228,12.933333333332143,42209,43551,0,40,216,216,50,1.0,1.0
rate3.0_s12,0.0,selected_unchecked,121502,13.333333333333286,12.6666666666667,15.533333333333331,17.133333333333354,5.805000000000159,4.5583333333334926,1.9153018466252287,1.8756057994941875,3.2848484848485824,3.144444444444455,13.666666666665492,13.066666666665355,42339,43492,0,40,210,191,50,1.0,1.0
rate3.0_s12,0.0,selected_unchecked,121503,12.666666666666544,13.866666666666333,16.000000000000682,16.46666666666715,5.571666666666825,4.8366666666667895,1.7356497861091762,1.8532264846081654,2.744444444444435,2.904761904761967,15.13333333333253,36.73333333333255,43066,44854,0,40,214,195,50,1.0,1.0
rate3.0_s12,0.0,selected_unchecked,121504,15.533333333333644,11.266666666666595,19.46666666666661,15.93333333333338,6.611666666666882,4.7283333333335635,1.9809364727067527,1.8012058393766197,4.277777777777847,3.5066666666667627,16.733333333332894,12.333333333332916,42520,43777,0,40,217,208,50,1.0,1.0
rate3.0_s12,0.0,selected_unchecked,121505,17.666666666667368,11.066666666666606,24.333333333333826,16.133333333333354,7.12833333333352,4.28000000000018,1.9508858822730424,1.8209255082736429,3.3714285714285745,2.7481481481482004,20.33333333333269,15.533333333332166,42944,43813,0,40,215,195,50,1.0,1.0
rate3.0_s12,0.0,selected_unchecked,121506,13.799999999999983,11.59999999999998,19.733333333333633,12.800000000000239,5.858333333333513,4.665000000000161,1.9026157519300593,1.8027269072678735,3.6866666666666648,2.9733333333333234,18.33333333333212,22.13333333333196,42659,44096,0,40,210,221,50,1.0,1.0
rate3.0_s12,0.0,selected_unchecked,121507,14.666666666666657,10.466666666666356,19.199999999999932,13.000000000000568,6.103333333333327,4.19166666666669,1.9172686436441275,1.7346747713000508,3.568888888888921,2.727272727272735,15.333333333331439,20.733333333332553,42907,44030,0,40,218,213,50,1.0,1.0
rate3.0_s12,0.0,selected_unchecked,121508,14.39999999999975,10.333333333333258,16.266666666667106,11.79999999999984,5.808333333333505,3.9283333333334993,1.877259101583192,1.6691695421670663,3.1696969696970325,2.5250000000000092,12.13333333333162,2.733333333331643,42368,42809,0,40,198,195,50,1.0,1.0
rate3.0_s12,0.0,selected_unchecked,121509,16.599999999999852,10.133333333334008,27.266666666666616,14.466666666666526,6.871666666666756,4.035000000000156,1.9565123538622196,1.7611943421946097,3.42777777777779,2.761904761904747,22.133333333332075,18.733333333332098,42295,43962,0,40,196,178,50,1.0,1.0
rate3.0_s12,0.0,selected_unchecked,121510,16.133333333333297,12.999999999999943,19.26666666666665,17.33333333333246,7.128333333333362,4.97166666666674,2.0773014504953125,1.8983259237627204,3.840000000000066,3.393939393939449,31.133333333332416,29.533333333331825,43223,44505,0,40,211,198,50,1.0,1.0
rate3.0_s12,0.0,selected_unchecked,121511,15.466666666666612,11.73333333333315,18.866666666666788,15.466666666666697,5.98500000000019,4.4250000000002,1.937627767036175,1.7844020264159837,3.800000000000196,2.938095238095246,23.999999999999204,11.199999999999818,42687,43390,0,40,188,198,50,1.0,1.0
rate3.0_s12,0.0,selected_unchecked,121512,15.933333333333309,15.466666666666612,18.666666666666657,19.266666666666538,5.9966666666668855,5.2133333333335345,2.0122958501379764,1.9393299441002911,4.095238095238163,3.4380952380953027,9.999999999999659,16.999999999999545,42610,43619,0,40,216,206,50,1.0,1.0
rate3.0_s12,0.0,selected_unchecked,121513,13.333333333333321,11.266666666666595,21.000000000000455,13.666666666666572,5.3816666666668125,4.318333333333457,1.8897201284644736,1.773638615381874,3.2249999999999304,2.9666666666667965,16.799999999999955,2.5999999999993406,42207,42851,0,40,185,208,50,1.0,1.0
rate3.0_s12,0.0,selected_unchecked,121514,13.799999999999976,10.666666666666487,30.466666666666697,15.466666666666697,5.548333333333574,4.106666666666916,1.8403971106357733,1.7228188547961425,3.150000000000034,2.8166666666666735,6.8666666666662195,11.866666666665878,41814,43708,0,40,195,193,50,1.0,1.0
rate3.0_s12,0.0,selected_unchecked,121515,16.733333333333917,12.999999999999886,28.933333333333287,17.00000000000003,6.851666666666892,4.948333333333528,2.057622210478693,1.858928575424868,4.088888888888884,3.363636363636374,12.799999999999386,25.599999999999568,41886,44087,0,40,195,211,50,1.0,1.0
rate3.0_s12,0.0,selected_unchecked,121516,18.599999999999937,10.666666666666686,24.933333333333394,14.933333333333394,7.270000000000211,5.0166666666667945,1.9861390848902825,1.8948051423103807,3.4060606060606164,3.5444444444444456,22.466666666665446,9.066666666666151,43819,44059,0,40,224,204,50,1.0,1.0
rate3.0_s12,0.0,selected_unchecked,121517,14.666666666667027,10.400000000000148,18.46666666666698,12.666666666667254,6.201666666666787,3.9666666666668187,1.9638866952975509,1.751623314295195,3.6962962962963197,2.9641025641025576,26.666666666665492,14.46666666666556,43112,43722,0,40,208,199,50,1.0,1.0
rate3.0_s12,0.0,selected_unchecked,121518,15.266666666666652,11.000000000000014,22.8666666666669,16.3333333333334,6.226666666666847,4.433333333333553,1.91669460353436,1.8430484997380363,3.433333333333394,3.4266666666666423,9.93333333333294,23.93333333333237,42019,44372,0,40,199,196,50,1.0,1.0
rate3.0_s12,0.0,selected_unchecked,121519,15.466666666666697,13.13333333333344,22.800000000000182,19.066666666665924,5.918333333333495,4.800000000000145,1.8082468338539974,1.8178176033642202,3.3533333333333646,3.0400000000000005,22.133333333332757,38.933333333331916,42800,44343,0,40,223,186,50,1.0,1.0
rate3.0_s12,0.0,selected_unchecked,121520,14.800000000000068,9.933333333333906,21.73333333333332,12.333333333333826,6.181666666666844,3.9000000000001074,1.9736014681639784,1.760836594029759,3.493333333333453,2.866666666666662,10.066666666666379,19.066666666665128,42271,44063,0,40,224,193,50,1.0,1.0
rate3.0_s12,0.0,selected_unchecked,121521,15.93333333333328,10.26666666666739,18.600000000000023,15.133333333333368,6.290000000000163,4.461666666666817,1.932157075265809,1.7538490946495875,3.4666666666666286,2.8000000000001366,25.99999999999875,41.999999999998636,42885,44490,0,40,206,202,50,1.0,1.0
rate3.0_s12,0.0,selected_unchecked,121522,16.799999999999955,11.333333333333321,27.7333333333333,11.999999999999915,7.503333333333528,4.4550000000002115,2.141832496162079,1.833902179832081,3.9600000000000137,3.333333333333303,26.733333333332666,23.33333333333269,42471,43750,0,40,200,201,50,1.0,1.0
rate3.0_s12,0.0,selected_unchecked,121523,16.33333333333323,11.000000000000227,24.66666666666714,13.800000000000011,6.220000000000195,4.195000000000215,1.9756765507727465,1.7966327577937025,3.816666666666672,3.1466666666666754,15.933333333331689,16.73333333333244,42473,44358,0,40,190,206,50,1.0,1.0
rate3.0_s12,0.0,selected_unchecked,121524,14.933333333333302,12.13333333333378,30.533333333333296,17.000000000000085,5.9783333333334685,4.483333333333463,1.7706660416571132,1.813318791671419,2.791666666666657,2.913725490196063,20.533333333333076,6.133333333332303,42877,43043,0,40,206,198,50,1.0,1.0
rate3.0_s12,0.0,selected_unchecked,121525,16.799999999999926,9.466666666666661,24.266666666666993,12.066666666667174,6.433333333333541,3.8700000000002226,1.878825819151838,1.7314092112921444,3.440000000000123,2.973333333333335,8.733333333332212,13.133333333332757,41566,43761,0,40,192,204,50,1.0,1.0
rate3.0_s12,0.0,selected_unchecked,121526,14.53333333333319,11.333333333333172,21.06666666666723,14.133333333333894,6.251666666666761,4.238333333333452,1.9160010008755326,1.8203395269522573,3.3066666666666604,2.9866666666666903,26.39999999999816,24.399999999999636,42719,44183,0,40,228,200,50,1.0,1.0
rate3.0_s12,0.0,selected_unchecked,121527,15.933333333333366,12.333333333333357,19.06666666666664,15.13333333333361,6.513333333333601,4.748333333333627,1.8964551356431694,1.8654239376035247,3.1777777777778247,3.073333333333342,24.399999999998386,19.399999999998954,43249,43659,0,40,204,212,50,1.0,1.0
rate3.0_s12,0.0,selected_unchecked,121528,18.26666666666688,10.73333333333332,21.000000000001023,16.200000000000898,7.208333333333497,4.07833333333355,1.971772405614196,1.7478744943796503,3.5083333333332973,2.8083333333333416,19.466666666666242,8.666666666666515,42879,43622,0,40,219,197,50,1.0,1.0
rate3.0_s12,0.0,selected_unchecked,121529,14.133333333333184,10.333333333333258,26.199999999999903,14.466666666666711,5.928333333333516,3.876666666666834,2.0607258751751503,1.782984581142611,3.9111111111111065,3.2444444444444542,14.533333333332848,9.133333333332644,42492,43446,0,40,186,195,50,1.0,1.0
rate3.0_s12,0.0,original_q2_a0.8_or_unchecked,121500,13.666666666667197,11.333333333333343,22.06666666666746,14.533333333333388,6.316666666666852,4.490000000000203,1.9611046004369292,1.7468319104845753,3.7037037037037126,3.142857142857143,7.533333333332166,8.133333333332757,41691,43578,0,40,216,201,92,1.0,1.0
rate3.0_s12,0.0,original_q2_a0.8_or_unchecked,121501,13.466666666666647,18.466666666666583,16.066666666667174,20.73333333333335,5.571666666666878,5.775000000000216,1.7716373541692256,1.845554504757269,3.2800000000000638,3.0814814814814833,7.53333333333228,20.533333333332735,42209,44782,0,40,216,197,92,1.0,1.0
rate3.0_s12,0.0,original_q2_a0.8_or_unchecked,121502,13.333333333333286,13.466666666666924,15.533333333333331,20.0,5.805000000000159,5.428333333333471,1.9153018466252287,1.8186694460048505,3.2848484848485824,2.8740740740741444,13.666666666665492,14.866666666665424,42339,44631,0,40,210,200,92,1.0,1.0
rate3.0_s12,0.0,original_q2_a0.8_or_unchecked,121503,12.666666666666544,13.933333333333167,16.000000000000682,20.066666666667174,5.571666666666825,5.3450000000001,1.7356497861091762,1.7735365017270717,2.744444444444435,2.7333333333332988,15.13333333333253,16.733333333332553,43066,44363,0,40,214,198,92,1.0,1.0
rate3.0_s12,0.0,original_q2_a0.8_or_unchecked,121504,15.533333333333644,14.000000000000966,19.46666666666661,16.800000000000296,6.611666666666882,5.535000000000194,1.9809364727067527,1.866397404673372,4.277777777777847,3.43703703703705,16.733333333332894,18.53333333333194,42520,44004,0,40,217,212,92,1.0,1.0
rate3.0_s12,0.0,original_q2_a0.8_or_unchecked,121505,17.666666666667368,13.799999999999955,24.333333333333826,21.666666666666686,7.12833333333352,5.565000000000191,1.9508858822730424,1.852353355551481,3.3714285714285745,3.3166666666666784,20.33333333333269,13.133333333332985,42944,43569,0,40,215,191,92,1.0,1.0
rate3.0_s12,0.0,original_q2_a0.8_or_unchecked,121506,13.799999999999983,17.066666666666777,19.733333333333633,25.00000000000007,5.858333333333513,5.458333333333517,1.9026157519300593,1.8833147374261185,3.6866666666666648,3.8095238095238164,18.33333333333212,10.733333333332666,42659,43934,0,40,210,207,91,1.0,1.0
rate3.0_s12,0.0,original_q2_a0.8_or_unchecked,121507,14.666666666666657,11.733333333333235,19.199999999999932,16.066666666666663,6.103333333333327,4.538333333333389,1.9172686436441275,1.8258629682991108,3.568888888888921,3.1833333333333345,15.333333333331439,11.133333333332303,42907,43320,0,40,218,192,92,1.0,1.0
rate3.0_s12,0.0,original_q2_a0.8_or_unchecked,121508,14.39999999999975,13.800000000000637,16.266666666667106,18.0,5.808333333333505,5.315000000000208,1.877259101583192,1.8427105630512337,3.1696969696970325,3.1696969696970116,12.13333333333162,9.533333333332735,42368,43962,0,40,198,202,92,1.0,1.0
rate3.0_s12,0.0,original_q2_a0.8_or_unchecked,121509,16.599999999999852,13.466666666666612,27.266666666666616,15.93333333333328,6.871666666666756,5.413333333333483,1.9565123538622196,1.9922694236872542,3.42777777777779,3.550000000000054,22.133333333332075,11.533333333332735,42295,43381,0,40,196,175,92,1.0,1.0
rate3.0_s12,0.0,original_q2_a0.8_or_unchecked,121510,16.133333333333297,15.533333333333417,19.26666666666665,26.266666666666964,7.128333333333362,6.0383333333333375,2.0773014504953125,1.9375117131337705,3.840000000000066,3.5636363636363653,31.133333333332416,19.333333333332348,43223,43787,0,40,211,175,92,1.0,1.0
rate3.0_s12,0.0,original_q2_a0.8_or_unchecked,121511,15.466666666666612,13.733333333333803,18.866666666666788,17.000000000000114,5.98500000000019,5.128333333333511,1.937627767036175,1.8170827636301143,3.800000000000196,3.0740740740740953,23.999999999999204,15.39999999999975,42687,43716,0,40,188,196,92,1.0,1.0
rate3.0_s12,0.0,original_q2_a0.8_or_unchecked,121512,15.933333333333309,15.266666666667163,18.666666666666657,21.33333333333428,5.9966666666668855,5.3183333333335385,2.0122958501379764,1.9275892074632044,4.095238095238163,3.7809523809524586,9.999999999999659,12.19999999999959,42610,43988,0,40,216,199,92,1.0,1.0
rate3.0_s12,0.0,original_q2_a0.8_or_unchecked,121513,13.333333333333321,12.733333333333263,21.000000000000455,13.999999999999972,5.3816666666668125,5.020000000000179,1.8897201284644736,1.7507848279507872,3.2249999999999304,2.7866666666666333,16.799999999999955,28.199999999999477,42207,45448,0,40,185,217,92,1.0,1.0
rate3.0_s12,0.0,original_q2_a0.8_or_unchecked,121514,13.799999999999976,14.466666666666924,30.466666666666697,19.800000000000523,5.548333333333574,5.550000000000181,1.8403971106357733,1.8777240360080607,3.150000000000034,3.308333333333337,6.8666666666662195,19.666666666665947,41814,44220,0,40,195,191,92,1.0,1.0
rate3.0_s12,0.0,original_q2_a0.8_or_unchecked,121515,16.733333333333917,14.799999999999983,28.933333333333287,29.266666666666737,6.851666666666892,5.255000000000205,2.057622210478693,1.7958893095906947,4.088888888888884,3.426666666666661,12.799999999999386,27.399999999999295,41886,44821,0,40,195,202,92,1.0,1.0
rate3.0_s12,0.0,original_q2_a0.8_or_unchecked,121516,18.599999999999937,15.333333333333307,24.933333333333394,19.133333333333326,7.270000000000211,5.700000000000175,1.9861390848902825,1.960523246472345,3.4060606060606164,3.671111111111149,22.466666666665446,15.466666666665333,43819,44250,0,40,224,215,92,1.0,1.0
rate3.0_s12,0.0,original_q2_a0.8_or_unchecked,121517,14.666666666667027,14.533333333333331,18.46666666666698,22.600000000000023,6.201666666666787,5.596666666666817,1.9638866952975509,1.9004125449460438,3.6962962962963197,3.4833333333334338,26.666666666665492,19.46666666666647,43112,44331,0,40,208,187,92,1.0,1.0
rate3.0_s12,0.0,original_q2_a0.8_or_unchecked,121518,15.266666666666652,14.20000000000006,22.8666666666669,18.26666666666668,6.226666666666847,5.481666666666858,1.91669460353436,1.9231041671637885,3.433333333333394,3.5833333333333144,9.93333333333294,16.333333333331893,42019,44432,0,40,199,191,92,1.0,1.0
rate3.0_s12,0.0,original_q2_a0.8_or_unchecked,121519,15.466666666666697,14.399999999999977,22.800000000000182,20.53333333333333,5.918333333333495,5.461666666666817,1.8082468338539974,1.7398046247752128,3.3533333333333646,2.973333333333153,22.133333333332757,15.733333333331757,42800,44638,0,40,223,214,92,1.0,1.0
rate3.0_s12,0.0,original_q2_a0.8_or_unchecked,121520,14.800000000000068,13.466666666666612,21.73333333333332,16.466666666666526,6.181666666666844,5.000000000000155,1.9736014681639784,1.7374051035799158,3.493333333333453,2.8933333333333677,10.066666666666379,6.666666666665492,42271,44165,0,40,224,193,92,1.0,1.0
rate3.0_s12,0.0,original_q2_a0.8_or_unchecked,121521,15.93333333333328,13.0,18.600000000000023,17.000000000000114,6.290000000000163,4.9166666666667895,1.932157075265809,1.816249815862098,3.4666666666666286,3.085714285714293,25.99999999999875,16.99999999999966,42885,43787,0,40,206,206,92,1.0,1.0
rate3.0_s12,0.0,original_q2_a0.8_or_unchecked,121522,16.799999999999955,13.800000000000026,27.7333333333333,17.333333333333307,7.503333333333528,5.600000000000213,2.141832496162079,1.9386297236246568,3.9600000000000137,3.5749999999999886,26.733333333332666,16.733333333332894,42471,43561,0,40,200,181,92,1.0,1.0
rate3.0_s12,0.0,original_q2_a0.8_or_unchecked,121523,16.33333333333323,13.066666666667288,24.66666666666714,21.866666666666845,6.220000000000195,4.793333333333544,1.9756765507727465,1.8666516817401562,3.816666666666672,3.4285714285714692,15.933333333331689,19.933333333332143,42473,43987,0,40,190,190,92,1.0,1.0
rate3.0_s12,0.0,original_q2_a0.8_or_unchecked,121524,14.933333333333302,14.000000000000341,30.533333333333296,22.599999999999966,5.9783333333334685,5.026666666666801,1.7706660416571132,1.8192371200290047,2.791666666666657,2.8424242424242476,20.533333333333076,9.733333333333007,42877,43328,0,40,206,194,92,1.0,1.0
rate3.0_s12,0.0,original_q2_a0.8_or_unchecked,121525,16.799999999999926,14.466666666667038,24.266666666666993,17.133333333333553,6.433333333333541,5.360000000000188,1.878825819151838,1.8229266533413155,3.440000000000123,3.350000000000056,8.733333333332212,16.73333333333312,41566,44128,0,40,192,214,92,1.0,1.0
rate3.0_s12,0.0,original_q2_a0.8_or_unchecked,121526,14.53333333333319,11.933333333334076,21.06666666666723,16.133333333333667,6.251666666666761,4.670000000000153,1.9160010008755326,1.7922093811088367,3.3066666666666604,2.98333333333332,26.39999999999816,13.39999999999884,42719,43358,0,40,228,190,92,1.0,1.0
rate3.0_s12,0.0,original_q2_a0.8_or_unchecked,121527,15.933333333333366,11.333333333333655,19.06666666666664,14.133333333333184,6.513333333333601,4.786666666666908,1.8964551356431694,1.7231375945275633,3.1777777777778247,3.03333333333336,24.399999999998386,26.199999999999136,43249,44759,0,40,204,188,92,1.0,1.0
rate3.0_s12,0.0,original_q2_a0.8_or_unchecked,121528,18.26666666666688,15.133333333333326,21.000000000001023,18.600000000000705,7.208333333333497,5.555000000000217,1.971772405614196,1.8589353052472068,3.5083333333332973,3.2111111111112223,19.466666666666242,7.06666666666672,42879,43802,0,40,219,199,92,1.0,1.0
rate3.0_s12,0.0,original_q2_a0.8_or_unchecked,121529,14.133333333333184,16.933333333333195,26.199999999999903,29.00000000000003,5.928333333333516,5.508333333333534,2.0607258751751503,2.0015413087814333,3.9111111111111065,3.7166666666668107,14.533333333332848,27.93333333333237,42492,44667,0,40,186,181,92,1.0,1.0
rate3.0_s12,0.0,runner_up_checked,121500,13.666666666667197,14.666666666667254,22.06666666666746,21.66666666666754,6.316666666666852,5.053333333333532,1.9611046004369292,1.988132082642629,3.7037037037037126,3.807407407407456,7.533333333332166,10.533333333332848,41691,42668,0,40,216,190,50,1.0,1.0
rate3.0_s12,0.0,runner_up_checked,121501,13.466666666666647,10.000000000000455,16.066666666667174,13.666666666666629,5.571666666666878,4.241666666666855,1.7716373541692256,1.783711915061953,3.2800000000000638,2.8857142857142883,7.53333333333228,12.933333333332143,42209,43551,0,40,216,216,50,1.0,1.0
rate3.0_s12,0.0,runner_up_checked,121502,13.333333333333286,12.6666666666667,15.533333333333331,17.133333333333354,5.805000000000159,4.5583333333334926,1.9153018466252287,1.8756057994941875,3.2848484848485824,3.144444444444455,13.666666666665492,13.066666666665355,42339,43492,0,40,210,191,50,1.0,1.0
rate3.0_s12,0.0,runner_up_checked,121503,12.666666666666544,13.866666666666333,16.000000000000682,16.46666666666715,5.571666666666825,4.8366666666667895,1.7356497861091762,1.8532264846081654,2.744444444444435,2.904761904761967,15.13333333333253,36.73333333333255,43066,44854,0,40,214,195,50,1.0,1.0
rate3.0_s12,0.0,runner_up_checked,121504,15.533333333333644,11.266666666666595,19.46666666666661,15.93333333333338,6.611666666666882,4.7283333333335635,1.9809364727067527,1.8012058393766197,4.277777777777847,3.5066666666667627,16.733333333332894,12.333333333332916,42520,43777,0,40,217,208,50,1.0,1.0
rate3.0_s12,0.0,runner_up_checked,121505,17.666666666667368,11.066666666666606,24.333333333333826,16.133333333333354,7.12833333333352,4.28000000000018,1.9508858822730424,1.8209255082736429,3.3714285714285745,2.7481481481482004,20.33333333333269,15.533333333332166,42944,43813,0,40,215,195,47,1.0,1.0
rate3.0_s12,0.0,runner_up_checked,121506,13.799999999999983,11.59999999999998,19.733333333333633,12.800000000000239,5.858333333333513,4.665000000000161,1.9026157519300593,1.8027269072678735,3.6866666666666648,2.9733333333333234,18.33333333333212,22.13333333333196,42659,44096,0,40,210,221,50,1.0,1.0
rate3.0_s12,0.0,runner_up_checked,121507,14.666666666666657,10.466666666666356,19.199999999999932,13.000000000000568,6.103333333333327,4.19166666666669,1.9172686436441275,1.7346747713000508,3.568888888888921,2.727272727272735,15.333333333331439,20.733333333332553,42907,44030,0,40,218,213,50,1.0,1.0
rate3.0_s12,0.0,runner_up_checked,121508,14.39999999999975,10.333333333333258,16.266666666667106,11.79999999999984,5.808333333333505,3.9283333333334993,1.877259101583192,1.6691695421670663,3.1696969696970325,2.5250000000000092,12.13333333333162,2.733333333331643,42368,42809,0,40,198,195,50,1.0,1.0
rate3.0_s12,0.0,runner_up_checked,121509,16.599999999999852,10.133333333334008,27.266666666666616,14.466666666666526,6.871666666666756,4.035000000000156,1.9565123538622196,1.7611943421946097,3.42777777777779,2.761904761904747,22.133333333332075,18.733333333332098,42295,43962,0,40,196,178,47,1.0,1.0
rate3.0_s12,0.0,runner_up_checked,121510,16.133333333333297,12.999999999999943,19.26666666666665,17.33333333333246,7.128333333333362,4.97166666666674,2.0773014504953125,1.8983259237627204,3.840000000000066,3.393939393939449,31.133333333332416,29.533333333331825,43223,44505,0,40,211,198,50,1.0,1.0
rate3.0_s12,0.0,runner_up_checked,121511,15.466666666666612,11.73333333333315,18.866666666666788,15.466666666666697,5.98500000000019,4.4250000000002,1.937627767036175,1.7844020264159837,3.800000000000196,2.938095238095246,23.999999999999204,11.199999999999818,42687,43390,0,40,188,198,50,1.0,1.0
rate3.0_s12,0.0,runner_up_checked,121512,15.933333333333309,15.466666666666612,18.666666666666657,19.266666666666538,5.9966666666668855,5.2133333333335345,2.0122958501379764,1.9393299441002911,4.095238095238163,3.4380952380953027,9.999999999999659,16.999999999999545,42610,43619,0,40,216,206,50,1.0,1.0
rate3.0_s12,0.0,runner_up_checked,121513,13.333333333333321,11.266666666666595,21.000000000000455,13.666666666666572,5.3816666666668125,4.318333333333457,1.8897201284644736,1.773638615381874,3.2249999999999304,2.9666666666667965,16.799999999999955,2.5999999999993406,42207,42851,0,40,185,208,50,1.0,1.0
rate3.0_s12,0.0,runner_up_checked,121514,13.799999999999976,10.666666666666487,30.466666666666697,15.466666666666697,5.548333333333574,4.106666666666916,1.8403971106357733,1.7228188547961425,3.150000000000034,2.8166666666666735,6.8666666666662195,11.866666666665878,41814,43708,0,40,195,193,47,1.0,1.0
rate3.0_s12,0.0,runner_up_checked,121515,16.733333333333917,12.999999999999886,28.933333333333287,17.00000000000003,6.851666666666892,4.948333333333528,2.057622210478693,1.858928575424868,4.088888888888884,3.363636363636374,12.799999999999386,25.599999999999568,41886,44087,0,40,195,211,50,1.0,1.0
rate3.0_s12,0.0,runner_up_checked,121516,18.599999999999937,10.666666666666686,24.933333333333394,14.933333333333394,7.270000000000211,5.0166666666667945,1.9861390848902825,1.8948051423103807,3.4060606060606164,3.5444444444444456,22.466666666665446,9.066666666666151,43819,44059,0,40,224,204,47,1.0,1.0
rate3.0_s12,0.0,runner_up_checked,121517,14.666666666667027,10.400000000000148,18.46666666666698,12.666666666667254,6.201666666666787,3.9666666666668187,1.9638866952975509,1.751623314295195,3.6962962962963197,2.9641025641025576,26.666666666665492,14.46666666666556,43112,43722,0,40,208,199,47,1.0,1.0
rate3.0_s12,0.0,runner_up_checked,121518,15.266666666666652,11.000000000000014,22.8666666666669,16.3333333333334,6.226666666666847,4.433333333333553,1.91669460353436,1.8430484997380363,3.433333333333394,3.4266666666666423,9.93333333333294,23.93333333333237,42019,44372,0,40,199,196,50,1.0,1.0
rate3.0_s12,0.0,runner_up_checked,121519,15.466666666666697,13.13333333333344,22.800000000000182,19.066666666665924,5.918333333333495,4.800000000000145,1.8082468338539974,1.8178176033642202,3.3533333333333646,3.0400000000000005,22.133333333332757,38.933333333331916,42800,44343,0,40,223,186,50,1.0,1.0
rate3.0_s12,0.0,runner_up_checked,121520,14.800000000000068,9.933333333333906,21.73333333333332,12.333333333333826,6.181666666666844,3.9000000000001074,1.9736014681639784,1.760836594029759,3.493333333333453,2.866666666666662,10.066666666666379,19.066666666665128,42271,44063,0,40,224,193,50,1.0,1.0
rate3.0_s12,0.0,runner_up_checked,121521,15.93333333333328,10.26666666666739,18.600000000000023,15.133333333333368,6.290000000000163,4.461666666666817,1.932157075265809,1.7538490946495875,3.4666666666666286,2.8000000000001366,25.99999999999875,41.999999999998636,42885,44490,0,40,206,202,50,1.0,1.0
rate3.0_s12,0.0,runner_up_checked,121522,16.799999999999955,11.333333333333321,27.7333333333333,11.999999999999915,7.503333333333528,4.4550000000002115,2.141832496162079,1.833902179832081,3.9600000000000137,3.333333333333303,26.733333333332666,23.33333333333269,42471,43750,0,40,200,201,50,1.0,1.0
rate3.0_s12,0.0,runner_up_checked,121523,16.33333333333323,11.000000000000227,24.66666666666714,13.800000000000011,6.220000000000195,4.195000000000215,1.9756765507727465,1.7966327577937025,3.816666666666672,3.1466666666666754,15.933333333331689,16.73333333333244,42473,44358,0,40,190,206,50,1.0,1.0
rate3.0_s12,0.0,runner_up_checked,121524,14.933333333333302,12.13333333333378,30.533333333333296,17.000000000000085,5.9783333333334685,4.483333333333463,1.7706660416571132,1.813318791671419,2.791666666666657,2.913725490196063,20.533333333333076,6.133333333332303,42877,43043,0,40,206,198,50,1.0,1.0
rate3.0_s12,0.0,runner_up_checked,121525,16.799999999999926,9.466666666666661,24.266666666666993,12.066666666667174,6.433333333333541,3.8700000000002226,1.878825819151838,1.7314092112921444,3.440000000000123,2.973333333333335,8.733333333332212,13.133333333332757,41566,43761,0,40,192,204,50,1.0,1.0
rate3.0_s12,0.0,runner_up_checked,121526,14.53333333333319,11.333333333333172,21.06666666666723,14.133333333333894,6.251666666666761,4.238333333333452,1.9160010008755326,1.8203395269522573,3.3066666666666604,2.9866666666666903,26.39999999999816,24.399999999999636,42719,44183,0,40,228,200,50,1.0,1.0
rate3.0_s12,0.0,runner_up_checked,121527,15.933333333333366,12.333333333333357,19.06666666666664,15.13333333333361,6.513333333333601,4.748333333333627,1.8964551356431694,1.8654239376035247,3.1777777777778247,3.073333333333342,24.399999999998386,19.399999999998954,43249,43659,0,40,204,212,50,1.0,1.0
rate3.0_s12,0.0,runner_up_checked,121528,18.26666666666688,10.73333333333332,21.000000000001023,16.200000000000898,7.208333333333497,4.07833333333355,1.971772405614196,1.7478744943796503,3.5083333333332973,2.8083333333333416,19.466666666666242,8.666666666666515,42879,43622,0,40,219,197,50,1.0,1.0
rate3.0_s12,0.0,runner_up_checked,121529,14.133333333333184,10.333333333333258,26.199999999999903,14.466666666666711,5.928333333333516,3.876666666666834,2.0607258751751503,1.782984581142611,3.9111111111111065,3.2444444444444542,14.533333333332848,9.133333333332644,42492,43446,0,40,186,195,47,1.0,1.0
rate3.0_s12,0.5,selected_checked,121500,13.333333333333712,14.033333333334213,14.733333333333633,20.73333333333329,5.945000000000215,4.926666666666801,2.071722911152297,1.9319100657850248,3.6933333333333396,3.3888888888889035,17.333333333332803,9.933333333333167,41870,42746,0,40,212,209,50,1.0,1.0
rate3.0_s12,0.5,selected_checked,121501,12.03333333333331,11.733333333333917,14.733333333333576,13.933333333333394,5.157500000000212,4.325833333333558,1.8227513070634063,1.785191439349833,3.2666666666666027,3.0714285714285756,19.93333333333237,23.83333333333212,42818,44346,0,40,217,191,50,1.0,1.0
rate3.0_s12,0.5,selected_checked,121502,13.5,12.99999999999983,15.466666666666612,16.80000000000058,6.219166666666822,4.766666666666831,2.020851581197936,1.9660401622773378,3.297435897435933,3.4666666666666717,21.06666666666547,15.96666666666556,42553,43439,0,40,207,196,50,1.0,1.0
rate3.0_s12,0.5,selected_checked,121503,16.466666666666526,14.00000000000017,21.26666666666563,20.66666666666697,5.96833333333345,5.051666666666799,1.9021487693982686,1.907101152226116,3.374074074074075,2.9851851851851925,25.13333333333196,17.833333333331893,42933,43432,0,40,209,187,50,1.0,1.0
rate3.0_s12,0.5,selected_checked,121504,15.333333333333428,11.333333333333343,18.466666666667038,14.133333333333184,6.6616666666668785,4.784166666666908,2.042842186256715,1.8349620633886623,3.758333333333354,2.870370370370381,22.33333333333246,28.133333333332757,43279,44398,0,40,223,211,50,1.0,1.0
rate3.0_s12,0.5,selected_checked,121505,15.333333333333343,12.00000000000017,18.133333333333326,15.866666666666902,6.525833333333541,4.613333333333557,1.9681444677965132,1.8303613729715744,3.358333333333377,3.193333333333476,18.033333333332735,17.33333333333303,42612,43746,0,40,208,194,50,1.0,1.0
rate3.0_s12,0.5,selected_checked,121506,12.666666666667027,13.46666666666681,16.06666666666689,18.666666666667084,5.354166666666868,5.2491666666668255,1.9000814053182573,1.951148162087177,3.10606060606067,3.1666666666666714,19.73333333333221,30.233333333332098,42382,44101,0,40,203,212,50,1.0,1.0
rate3.0_s12,0.5,selected_checked,121507,10.933333333333366,9.366666666666333,13.466666666666647,11.333333333333542,5.06833333333338,3.925833333333363,1.8333738203083245,1.6823514329152038,3.4916666666666174,2.6666666666667047,29.73333333333221,25.533333333330916,43234,44000,0,40,216,198,50,1.0,1.0
rate3.0_s12,0.5,selected_checked,121508,13.799999999999983,11.6666666666667,15.666666666666515,14.833333333333826,5.530000000000144,4.103333333333519,1.8474330827260352,1.6705722027091345,3.1888888888889206,2.686666666666659,9.433333333331916,12.633333333332189,41968,44328,0,40,216,194,50,1.0,1.0
rate3.0_s12,0.5,selected_checked,121509,17.133333333333212,11.066666666667345,33.03333333333353,18.400000000000063,6.732500000000079,4.167500000000172,2.0718593024610104,1.7978615152361637,3.4999999999999716,3.2857142857142825,29.533333333332166,20.533333333332166,43021,43802,0,40,188,183,50,1.0,1.0
rate3.0_s12,0.5,selected_checked,121510,14.933333333333195,10.366666666667129,18.933333333333366,13.000000000000341,6.576666666666769,4.27750000000012,2.0296255511918777,1.7873144510577736,3.9600000000001048,3.080952380952421,20.633333333331166,20.53333333333262,42946,43771,0,40,211,196,50,1.0,1.0
rate3.0_s12,0.5,selected_checked,121511,12.933333333333735,12.133333333334235,16.933333333333294,15.300000000000978,5.578333333333526,4.685833333333505,1.888923460959486,1.8584176104028793,3.029629629629653,3.2000000000000113,10.599999999999568,16.19999999999959,42022,43466,0,40,202,194,50,1.0,1.0
rate3.0_s12,0.5,selected_checked,121512,12.46666666666664,11.866666666667584,16.13333333333324,15.466666666666612,5.460000000000234,4.673333333333587,1.9001535505393783,1.9133877677698459,3.7666666666666444,3.70000000000001,16.899999999999295,15.299999999999613,42752,43427,0,40,220,198,50,1.0,1.0
rate3.0_s12,0.5,selected_checked,121513,13.333333333333321,11.999999999999886,16.866666666666717,20.133333333333326,5.829166666666832,4.656666666666845,1.895038176906564,1.921542478726117,3.766666666666808,3.052083333333341,17.399999999999523,15.59999999999934,42495,43565,0,40,208,205,50,1.0,1.0
rate3.0_s12,0.5,selected_checked,121514,13.966666666667095,10.866666666666845,29.266666666666765,14.300000000000637,6.013333333333628,3.920833333333559,1.8490632665644229,1.7818663390623506,3.1916666666666558,2.9666666666666868,6.766666666666765,13.366666666665765,42486,43982,0,40,213,188,50,1.0,1.0
rate3.0_s12,0.5,selected_checked,121515,17.5,13.466666666666697,26.700000000000898,17.700000000000244,6.7858333333335334,4.81166666666689,2.1142845991382435,1.9545072715025518,4.545833333333292,3.7400000000000544,22.399999999999295,26.89999999999941,42812,44456,0,40,204,207,50,1.0,1.0
rate3.0_s12,0.5,selected_checked,121516,15.466666666667038,10.666666666666856,19.59999999999988,14.79999999999987,6.462500000000153,4.798333333333489,2.0198502200851167,1.8706408371660836,3.904761904761748,3.4277777777777865,23.066666666665014,10.266666666665628,43469,44363,0,40,208,211,50,1.0,1.0
rate3.0_s12,0.5,selected_checked,121517,14.666666666666515,10.333333333333144,16.000000000000057,13.166666666667254,6.081666666666797,4.10333333333347,1.885990761183611,1.8077701793166354,3.2833333333334735,2.911111111111211,25.2666666666654,12.066666666666265,42776,43663,0,40,211,198,50,1.0,1.0
rate3.0_s12,0.5,selected_checked,121518,15.400000000000148,11.566666666666691,21.400000000000432,16.8333333333334,6.4083333333335295,4.401666666666868,1.9979067114330966,1.8453394470098694,3.1799999999999726,3.09761904761906,23.733333333332553,11.733333333332553,43231,43561,0,40,211,206,50,1.0,1.0
rate3.0_s12,0.5,selected_checked,121519,13.333333333333343,11.466666666666697,16.79999999999987,17.26666666666722,5.6716666666668205,4.564166666666825,1.8576948823087158,1.8026405226273903,3.400000000000034,2.9800000000001545,21.533333333332052,16.533333333332052,42908,43856,0,40,208,205,50,1.0,1.0
rate3.0_s12,0.5,selected_checked,121520,12.199999999999982,10.966666666666015,15.0,15.699999999999477,5.40250000000016,4.411666666666792,1.8995609855691007,1.8959109445093212,3.2424242424242493,3.066666666666651,17.466666666665333,29.16666666666606,42704,44505,0,40,210,200,50,1.0,1.0
rate3.0_s12,0.5,selected_checked,121521,14.366666666666717,12.333333333333997,17.93333333333338,15.133333333333368,6.069166666666859,4.963333333333481,1.8586364938273159,1.807131013114031,3.1733333333333404,2.8000000000001135,25.199999999999136,16.499999999998977,42629,43031,0,40,205,219,50,1.0,1.0
rate3.0_s12,0.5,selected_checked,121522,13.666666666666515,11.333333333333371,27.466666666666633,13.866666666666674,6.45666666666687,4.660000000000198,1.9821825106766717,1.8193921220741107,3.733333333333303,3.120000000000067,18.433333333331916,22.33333333333269,42050,43858,0,40,203,206,50,1.0,1.0
rate3.0_s12,0.5,selected_checked,121523,16.30000000000024,10.733333333333007,25.000000000000057,13.800000000000011,6.556666666666866,3.950833333333553,2.034860292869851,1.78639979069231,3.8208333333333258,3.1714285714286428,20.533333333332507,5.233333333332894,42591,43655,0,40,199,211,50,1.0,1.0
rate3.0_s12,0.5,selected_checked,121524,16.30000000000001,12.733333333333377,33.13333333333324,21.333333333333314,6.7291666666668375,4.290000000000167,1.825086902028852,1.706076373814267,2.798039215686211,2.7071428571428555,23.133333333332303,18.333333333332234,42983,44329,0,40,207,208,50,1.0,1.0
rate3.0_s12,0.5,selected_checked,121525,15.800000000000296,11.0,24.266666666666993,12.466666666666868,7.0075000000002,4.264166666666876,2.0394017586081885,1.8263209248765873,3.8857142857142963,2.980000000000075,16.833333333332916,14.133333333333212,42524,43599,0,40,205,195,50,1.0,1.0
rate3.0_s12,0.5,selected_checked,121526,12.76666666666722,11.333333333333172,13.799999999999983,14.80000000000004,5.622500000000131,4.526666666666794,1.8616695761248143,1.8533876780212413,3.186666666666639,3.1466666666666754,28.299999999998477,26.79999999999859,43224,44195,0,40,215,209,50,1.0,1.0
rate3.0_s12,0.5,selected_checked,121527,16.433333333333252,13.733333333333377,23.199999999999818,15.833333333333655,6.980000000000228,4.948333333333609,1.8995929698553262,1.8838232837788909,3.4200000000000275,2.903703703703766,20.89999999999918,18.799999999999045,42686,43799,0,40,205,187,50,1.0,1.0
rate3.0_s12,0.5,selected_checked,121528,14.866666666667015,10.30000000000092,21.066666666666777,14.100000000000819,6.397500000000179,4.148333333333535,1.8885359639425041,1.8054501394917766,3.140000000000049,2.852777777777817,2.2666666666669926,8.166666666666515,41658,42960,0,40,217,208,50,1.0,1.0
rate3.0_s12,0.5,selected_checked,121529,15.79999999999987,12.999999999999943,19.59999999999988,16.80000000000024,6.348333333333486,4.4283333333335,2.02993727677072,1.9174890511132079,3.8333333333333854,3.4370370370370376,26.93333333333237,14.73333333333278,43519,43765,0,40,202,192,50,1.0,1.0
rate3.0_s12,0.5,selected_unchecked,121500,13.333333333333712,14.033333333334213,14.733333333333633,20.73333333333329,5.945000000000215,4.926666666666801,2.071722911152297,1.9319100657850248,3.6933333333333396,3.3888888888889035,17.333333333332803,9.933333333333167,41870,42746,0,40,212,209,50,1.0,1.0
rate3.0_s12,0.5,selected_unchecked,121501,12.03333333333331,11.733333333333917,14.733333333333576,13.933333333333394,5.157500000000212,4.325833333333558,1.8227513070634063,1.785191439349833,3.2666666666666027,3.0714285714285756,19.93333333333237,23.83333333333212,42818,44346,0,40,217,191,50,1.0,1.0
rate3.0_s12,0.5,selected_unchecked,121502,13.5,12.99999999999983,15.466666666666612,16.80000000000058,6.219166666666822,4.766666666666831,2.020851581197936,1.9660401622773378,3.297435897435933,3.4666666666666717,21.06666666666547,15.96666666666556,42553,43439,0,40,207,196,50,1.0,1.0
rate3.0_s12,0.5,selected_unchecked,121503,16.466666666666526,14.00000000000017,21.26666666666563,20.66666666666697,5.96833333333345,5.051666666666799,1.9021487693982686,1.907101152226116,3.374074074074075,2.9851851851851925,25.13333333333196,17.833333333331893,42933,43432,0,40,209,187,50,1.0,1.0
rate3.0_s12,0.5,selected_unchecked,121504,15.333333333333428,11.333333333333343,18.466666666667038,14.133333333333184,6.6616666666668785,4.784166666666908,2.042842186256715,1.8349620633886623,3.758333333333354,2.870370370370381,22.33333333333246,28.133333333332757,43279,44398,0,40,223,211,50,1.0,1.0
rate3.0_s12,0.5,selected_unchecked,121505,15.333333333333343,12.00000000000017,18.133333333333326,15.866666666666902,6.525833333333541,4.613333333333557,1.9681444677965132,1.8303613729715744,3.358333333333377,3.193333333333476,18.033333333332735,17.33333333333303,42612,43746,0,40,208,194,50,1.0,1.0
rate3.0_s12,0.5,selected_unchecked,121506,12.666666666667027,13.46666666666681,16.06666666666689,18.666666666667084,5.354166666666868,5.2491666666668255,1.9000814053182573,1.951148162087177,3.10606060606067,3.1666666666666714,19.73333333333221,30.233333333332098,42382,44101,0,40,203,212,50,1.0,1.0
rate3.0_s12,0.5,selected_unchecked,121507,10.933333333333366,9.366666666666333,13.466666666666647,11.333333333333542,5.06833333333338,3.925833333333363,1.8333738203083245,1.6823514329152038,3.4916666666666174,2.6666666666667047,29.73333333333221,25.533333333330916,43234,44000,0,40,216,198,50,1.0,1.0
rate3.0_s12,0.5,selected_unchecked,121508,13.799999999999983,11.6666666666667,15.666666666666515,14.833333333333826,5.530000000000144,4.103333333333519,1.8474330827260352,1.6705722027091345,3.1888888888889206,2.686666666666659,9.433333333331916,12.633333333332189,41968,44328,0,40,216,194,50,1.0,1.0
rate3.0_s12,0.5,selected_unchecked,121509,17.133333333333212,11.066666666667345,33.03333333333353,18.400000000000063,6.732500000000079,4.167500000000172,2.0718593024610104,1.7978615152361637,3.4999999999999716,3.2857142857142825,29.533333333332166,20.533333333332166,43021,43802,0,40,188,183,50,1.0,1.0
rate3.0_s12,0.5,selected_unchecked,121510,14.933333333333195,10.366666666667129,18.933333333333366,13.000000000000341,6.576666666666769,4.27750000000012,2.0296255511918777,1.7873144510577736,3.9600000000001048,3.080952380952421,20.633333333331166,20.53333333333262,42946,43771,0,40,211,196,50,1.0,1.0
rate3.0_s12,0.5,selected_unchecked,121511,12.933333333333735,12.133333333334235,16.933333333333294,15.300000000000978,5.578333333333526,4.685833333333505,1.888923460959486,1.8584176104028793,3.029629629629653,3.2000000000000113,10.599999999999568,16.19999999999959,42022,43466,0,40,202,194,50,1.0,1.0
rate3.0_s12,0.5,selected_unchecked,121512,12.46666666666664,11.866666666667584,16.13333333333324,15.466666666666612,5.460000000000234,4.673333333333587,1.9001535505393783,1.9133877677698459,3.7666666666666444,3.70000000000001,16.899999999999295,15.299999999999613,42752,43427,0,40,220,198,50,1.0,1.0
rate3.0_s12,0.5,selected_unchecked,121513,13.333333333333321,11.999999999999886,16.866666666666717,20.133333333333326,5.829166666666832,4.656666666666845,1.895038176906564,1.921542478726117,3.766666666666808,3.052083333333341,17.399999999999523,15.59999999999934,42495,43565,0,40,208,205,50,1.0,1.0
rate3.0_s12,0.5,selected_unchecked,121514,13.966666666667095,10.866666666666845,29.266666666666765,14.300000000000637,6.013333333333628,3.920833333333559,1.8490632665644229,1.7818663390623506,3.1916666666666558,2.9666666666666868,6.766666666666765,13.366666666665765,42486,43982,0,40,213,188,50,1.0,1.0
rate3.0_s12,0.5,selected_unchecked,121515,17.5,13.466666666666697,26.700000000000898,17.700000000000244,6.7858333333335334,4.81166666666689,2.1142845991382435,1.9545072715025518,4.545833333333292,3.7400000000000544,22.399999999999295,26.89999999999941,42812,44456,0,40,204,207,50,1.0,1.0
rate3.0_s12,0.5,selected_unchecked,121516,15.466666666667038,10.666666666666856,19.59999999999988,14.79999999999987,6.462500000000153,4.798333333333489,2.0198502200851167,1.8706408371660836,3.904761904761748,3.4277777777777865,23.066666666665014,10.266666666665628,43469,44363,0,40,208,211,50,1.0,1.0
rate3.0_s12,0.5,selected_unchecked,121517,14.666666666666515,10.333333333333144,16.000000000000057,13.166666666667254,6.081666666666797,4.10333333333347,1.885990761183611,1.8077701793166354,3.2833333333334735,2.911111111111211,25.2666666666654,12.066666666666265,42776,43663,0,40,211,198,50,1.0,1.0
rate3.0_s12,0.5,selected_unchecked,121518,15.400000000000148,11.566666666666691,21.400000000000432,16.8333333333334,6.4083333333335295,4.401666666666868,1.9979067114330966,1.8453394470098694,3.1799999999999726,3.09761904761906,23.733333333332553,11.733333333332553,43231,43561,0,40,211,206,50,1.0,1.0
rate3.0_s12,0.5,selected_unchecked,121519,13.333333333333343,11.466666666666697,16.79999999999987,17.26666666666722,5.6716666666668205,4.564166666666825,1.8576948823087158,1.8026405226273903,3.400000000000034,2.9800000000001545,21.533333333332052,16.533333333332052,42908,43856,0,40,208,205,50,1.0,1.0
rate3.0_s12,0.5,selected_unchecked,121520,12.199999999999982,10.966666666666015,15.0,15.699999999999477,5.40250000000016,4.411666666666792,1.8995609855691007,1.8959109445093212,3.2424242424242493,3.066666666666651,17.466666666665333,29.16666666666606,42704,44505,0,40,210,200,50,1.0,1.0
rate3.0_s12,0.5,selected_unchecked,121521,14.366666666666717,12.333333333333997,17.93333333333338,15.133333333333368,6.069166666666859,4.963333333333481,1.8586364938273159,1.807131013114031,3.1733333333333404,2.8000000000001135,25.199999999999136,16.499999999998977,42629,43031,0,40,205,219,50,1.0,1.0
rate3.0_s12,0.5,selected_unchecked,121522,13.666666666666515,11.333333333333371,27.466666666666633,13.866666666666674,6.45666666666687,4.660000000000198,1.9821825106766717,1.8193921220741107,3.733333333333303,3.120000000000067,18.433333333331916,22.33333333333269,42050,43858,0,40,203,206,50,1.0,1.0
rate3.0_s12,0.5,selected_unchecked,121523,16.30000000000024,10.733333333333007,25.000000000000057,13.800000000000011,6.556666666666866,3.950833333333553,2.034860292869851,1.78639979069231,3.8208333333333258,3.1714285714286428,20.533333333332507,5.233333333332894,42591,43655,0,40,199,211,50,1.0,1.0
rate3.0_s12,0.5,selected_unchecked,121524,16.30000000000001,12.733333333333377,33.13333333333324,21.333333333333314,6.7291666666668375,4.290000000000167,1.825086902028852,1.706076373814267,2.798039215686211,2.7071428571428555,23.133333333332303,18.333333333332234,42983,44329,0,40,207,208,50,1.0,1.0
rate3.0_s12,0.5,selected_unchecked,121525,15.800000000000296,11.0,24.266666666666993,12.466666666666868,7.0075000000002,4.264166666666876,2.0394017586081885,1.8263209248765873,3.8857142857142963,2.980000000000075,16.833333333332916,14.133333333333212,42524,43599,0,40,205,195,50,1.0,1.0
rate3.0_s12,0.5,selected_unchecked,121526,12.76666666666722,11.333333333333172,13.799999999999983,14.80000000000004,5.622500000000131,4.526666666666794,1.8616695761248143,1.8533876780212413,3.186666666666639,3.1466666666666754,28.299999999998477,26.79999999999859,43224,44195,0,40,215,209,50,1.0,1.0
rate3.0_s12,0.5,selected_unchecked,121527,16.433333333333252,13.733333333333377,23.199999999999818,15.833333333333655,6.980000000000228,4.948333333333609,1.8995929698553262,1.8838232837788909,3.4200000000000275,2.903703703703766,20.89999999999918,18.799999999999045,42686,43799,0,40,205,187,50,1.0,1.0
rate3.0_s12,0.5,selected_unchecked,121528,14.866666666667015,10.30000000000092,21.066666666666777,14.100000000000819,6.397500000000179,4.148333333333535,1.8885359639425041,1.8054501394917766,3.140000000000049,2.852777777777817,2.2666666666669926,8.166666666666515,41658,42960,0,40,217,208,50,1.0,1.0
rate3.0_s12,0.5,selected_unchecked,121529,15.79999999999987,12.999999999999943,19.59999999999988,16.80000000000024,6.348333333333486,4.4283333333335,2.02993727677072,1.9174890511132079,3.8333333333333854,3.4370370370370376,26.93333333333237,14.73333333333278,43519,43765,0,40,202,192,50,1.0,1.0
rate3.0_s12,0.5,original_q2_a0.8_or_unchecked,121500,13.333333333333712,12.3333333333332,14.733333333333633,15.166666666667197,5.945000000000215,4.984166666666866,2.071722911152297,1.8214710069827864,3.6933333333333396,3.1733333333333347,17.333333333332803,7.133333333332303,41870,43688,0,40,212,206,92,1.0,1.0
rate3.0_s12,0.5,original_q2_a0.8_or_unchecked,121501,12.03333333333331,15.933333333333735,14.733333333333576,19.76666666666688,5.157500000000212,5.525000000000213,1.8227513070634063,1.8494982336732468,3.2666666666666027,3.5095238095237358,19.93333333333237,9.133333333332189,42818,43331,0,40,217,193,92,1.0,1.0
rate3.0_s12,0.5,original_q2_a0.8_or_unchecked,121502,13.5,15.13333333333378,15.466666666666612,20.0,6.219166666666822,5.552500000000143,2.020851581197936,1.9026634225076735,3.297435897435933,3.1714285714286023,21.06666666666547,10.566666666665242,42553,43692,0,40,207,196,92,1.0,1.0
rate3.0_s12,0.5,original_q2_a0.8_or_unchecked,121503,16.466666666666526,13.900000000000716,21.26666666666563,24.066666666667174,5.96833333333345,5.5408333333334605,1.9021487693982686,1.8107944379599246,3.374074074074075,2.9571428571429124,25.13333333333196,21.833333333331552,42933,44338,0,40,209,177,92,1.0,1.0
rate3.0_s12,0.5,original_q2_a0.8_or_unchecked,121504,15.333333333333428,16.200000000000003,18.466666666667038,28.299999999999727,6.6616666666668785,6.1541666666668755,2.042842186256715,1.9662001757324012,3.758333333333354,3.8000000000000114,22.33333333333246,42.4333333333326,43279,45772,0,40,223,196,92,1.0,1.0
rate3.0_s12,0.5,original_q2_a0.8_or_unchecked,121505,15.333333333333343,13.799999999999955,18.133333333333326,21.666666666666686,6.525833333333541,5.558333333333513,1.9681444677965132,1.8424928164461611,3.358333333333377,3.4814814814814983,18.033333333332735,14.43333333333203,42612,43912,0,40,208,189,92,1.0,1.0
rate3.0_s12,0.5,original_q2_a0.8_or_unchecked,121506,12.666666666667027,15.66666666666697,16.06666666666689,25.00000000000007,5.354166666666868,6.077500000000188,1.9000814053182573,1.9893642557997744,3.10606060606067,3.7952380952380946,19.73333333333221,20.333333333332916,42382,44209,0,40,203,195,91,1.0,1.0
rate3.0_s12,0.5,original_q2_a0.8_or_unchecked,121507,10.933333333333366,12.033333333333246,13.466666666666647,15.400000000000006,5.06833333333338,5.1033333333334765,1.8333738203083245,1.7607980968867143,3.4916666666666174,3.4571428571428435,29.73333333333221,27.33333333333269,43234,44870,0,40,216,205,92,1.0,1.0
rate3.0_s12,0.5,original_q2_a0.8_or_unchecked,121508,13.799999999999983,15.60000000000042,15.666666666666515,19.06666666666706,5.530000000000144,5.7641666666668545,1.8474330827260352,1.8315960576196797,3.1888888888889206,3.3809523809524245,9.433333333331916,4.53333333333228,41968,43437,0,40,216,196,92,1.0,1.0
rate3.0_s12,0.5,original_q2_a0.8_or_unchecked,121509,17.133333333333212,13.466666666667209,33.03333333333353,17.033333333333303,6.732500000000079,5.780833333333415,2.0718593024610104,1.9792171227117665,3.4999999999999716,3.7333333333334906,29.533333333332166,27.733333333331984,43021,44693,0,40,188,184,92,1.0,1.0
rate3.0_s12,0.5,original_q2_a0.8_or_unchecked,121510,14.933333333333195,13.799999999999955,18.933333333333366,26.666666666666714,6.576666666666769,5.345833333333387,2.0296255511918777,1.868297432137667,3.9600000000001048,3.233333333333346,20.633333333331166,17.43333333333203,42946,43911,0,40,211,190,92,1.0,1.0
rate3.0_s12,0.5,original_q2_a0.8_or_unchecked,121511,12.933333333333735,10.666666666666742,16.933333333333294,13.866666666666731,5.578333333333526,4.470833333333529,1.888923460959486,1.7961761667929603,3.029629629629653,3.100000000000006,10.599999999999568,14.39999999999975,42022,43328,0,40,202,188,92,1.0,1.0
rate3.0_s12,0.5,original_q2_a0.8_or_unchecked,121512,12.46666666666664,13.66666666666697,16.13333333333324,20.866666666666532,5.460000000000234,5.1208333333335405,1.9001535505393783,1.9415520461926343,3.7666666666666444,3.8500000000000014,16.899999999999295,16.199999999999363,42752,44332,0,40,220,200,92,1.0,1.0
rate3.0_s12,0.5,original_q2_a0.8_or_unchecked,121513,13.333333333333321,11.666666666666671,16.866666666666717,20.433333333333792,5.829166666666832,4.464166666666858,1.895038176906564,1.7287766103734157,3.766666666666808,2.793333333333339,17.399999999999523,8.099999999999682,42495,44137,0,40,208,198,92,1.0,1.0
rate3.0_s12,0.5,original_q2_a0.8_or_unchecked,121514,13.966666666667095,11.200000000000273,29.266666666666765,16.40000000000049,6.013333333333628,4.79833333333352,1.8490632665644229,1.7489550604462312,3.1916666666666558,2.9476190476191357,6.766666666666765,13.966666666665787,42486,44392,0,40,213,217,92,1.0,1.0
rate3.0_s12,0.5,original_q2_a0.8_or_unchecked,121515,17.5,14.799999999999983,26.700000000000898,22.633333333333354,6.7858333333335334,5.543333333333549,2.1142845991382435,1.9916885714995496,4.545833333333292,3.933333333333268,22.399999999999295,19.59999999999934,42812,44061,0,40,204,198,92,1.0,1.0
rate3.0_s12,0.5,original_q2_a0.8_or_unchecked,121516,15.466666666667038,16.36666666666588,19.59999999999988,22.966666666666583,6.462500000000153,6.102500000000115,2.0198502200851167,2.030512395611221,3.904761904761748,3.7291666666665435,23.066666666665014,25.36666666666531,43469,45152,0,40,208,198,91,1.0,1.0
rate3.0_s12,0.5,original_q2_a0.8_or_unchecked,121517,14.666666666666515,12.733333333333917,16.000000000000057,18.733333333333263,6.081666666666797,5.327500000000143,1.885990761183611,1.9040732544099046,3.2833333333334735,3.111111111111162,25.2666666666654,31.066666666665355,42776,44619,0,40,211,188,92,1.0,1.0
rate3.0_s12,0.5,original_q2_a0.8_or_unchecked,121518,15.400000000000148,13.000000000000227,21.400000000000432,17.066666666666606,6.4083333333335295,5.286666666666847,1.9979067114330966,1.9120074168609866,3.1799999999999726,3.533333333333355,23.733333333332553,19.53333333333262,43231,44593,0,40,211,186,92,1.0,1.0
rate3.0_s12,0.5,original_q2_a0.8_or_unchecked,121519,13.333333333333343,14.866666666667356,16.79999999999987,21.03333333333336,5.6716666666668205,5.566666666666813,1.8576948823087158,1.8561113369125941,3.400000000000034,3.633333333333351,21.533333333332052,20.733333333332894,42908,44313,0,40,208,196,92,1.0,1.0
rate3.0_s12,0.5,original_q2_a0.8_or_unchecked,121520,12.199999999999982,13.933333333333337,15.0,16.26666666666651,5.40250000000016,5.435000000000132,1.8995609855691007,1.804083625608868,3.2424242424242493,3.263333333333395,17.466666666665333,21.566666666665583,42704,44474,0,40,210,182,92,1.0,1.0
rate3.0_s12,0.5,original_q2_a0.8_or_unchecked,121521,14.366666666666717,14.800000000000466,17.93333333333338,19.066666666666634,6.069166666666859,5.56333333333349,1.8586364938273159,1.8199245760158222,3.1733333333333404,3.1066666666666265,25.199999999999136,22.7999999999995,42629,44043,0,40,205,192,92,1.0,1.0
rate3.0_s12,0.5,original_q2_a0.8_or_unchecked,121522,13.666666666666515,13.000000000000014,27.466666666666633,26.06666666666672,6.45666666666687,5.527500000000187,1.9821825106766717,1.8737072922962539,3.733333333333303,3.4133333333333438,18.433333333331916,17.833333333332575,42050,43338,0,40,203,181,92,1.0,1.0
rate3.0_s12,0.5,original_q2_a0.8_or_unchecked,121523,16.30000000000024,14.033333333333928,25.000000000000057,20.566666666666833,6.556666666666866,5.365833333333559,2.034860292869851,1.8035851171653328,3.8208333333333258,3.0000000000000973,20.533333333332507,7.933333333332939,42591,43945,0,40,199,200,92,1.0,1.0
rate3.0_s12,0.5,original_q2_a0.8_or_unchecked,121524,16.30000000000001,14.333333333333258,33.13333333333324,19.333333333333115,6.7291666666668375,5.227500000000157,1.825086902028852,1.8559148632015383,2.798039215686211,2.954166666666694,23.133333333332303,9.233333333332325,42983,43606,0,40,207,194,92,1.0,1.0
rate3.0_s12,0.5,original_q2_a0.8_or_unchecked,121525,15.800000000000296,14.533333333333388,24.266666666666993,17.60000000000059,7.0075000000002,5.055000000000228,2.0394017586081885,1.8635344953664794,3.8857142857142963,3.3416666666666544,16.833333333332916,13.933333333333167,42524,43917,0,40,205,201,91,1.0,1.0
rate3.0_s12,0.5,original_q2_a0.8_or_unchecked,121526,12.76666666666722,13.466666666666782,13.799999999999983,22.866666666666674,5.622500000000131,4.8558333333334724,1.8616695761248143,1.8414104659311095,3.186666666666639,3.633333333333309,28.299999999998477,36.09999999999877,43224,44788,0,40,215,182,92,1.0,1.0
rate3.0_s12,0.5,original_q2_a0.8_or_unchecked,121527,16.433333333333252,15.166666666667652,23.199999999999818,19.766666666667618,6.980000000000228,5.307500000000256,1.8995929698553262,1.7543686946030355,3.4200000000000275,2.9999999999999774,20.89999999999918,17.69999999999925,42686,44004,0,40,205,195,91,1.0,1.0
rate3.0_s12,0.5,original_q2_a0.8_or_unchecked,121528,14.866666666667015,12.3333333333332,21.066666666666777,15.866666666666646,6.397500000000179,4.8900000000001835,1.8885359639425041,1.8103366722448182,3.140000000000049,3.0300000000000464,2.2666666666669926,4.266666666666197,41658,43503,0,40,217,194,92,1.0,1.0
rate3.0_s12,0.5,original_q2_a0.8_or_unchecked,121529,15.79999999999987,15.799999999999898,19.59999999999988,19.066666666666634,6.348333333333486,5.7166666666668675,2.02993727677072,1.9499027382515215,3.8333333333333854,3.5277777777777763,26.93333333333237,24.033333333332735,43519,44607,0,40,202,193,92,1.0,1.0
rate3.0_s12,0.5,runner_up_checked,121500,13.333333333333712,14.033333333334213,14.733333333333633,20.73333333333329,5.945000000000215,4.926666666666801,2.071722911152297,1.9319100657850248,3.6933333333333396,3.3888888888889035,17.333333333332803,9.933333333333167,41870,42746,0,40,212,209,50,1.0,1.0
rate3.0_s12,0.5,runner_up_checked,121501,12.03333333333331,11.733333333333917,14.733333333333576,13.933333333333394,5.157500000000212,4.325833333333558,1.8227513070634063,1.785191439349833,3.2666666666666027,3.0714285714285756,19.93333333333237,23.83333333333212,42818,44346,0,40,217,191,50,1.0,1.0
rate3.0_s12,0.5,runner_up_checked,121502,13.5,12.99999999999983,15.466666666666612,16.80000000000058,6.219166666666822,4.766666666666831,2.020851581197936,1.9660401622773378,3.297435897435933,3.4666666666666717,21.06666666666547,15.96666666666556,42553,43439,0,40,207,196,50,1.0,1.0
rate3.0_s12,0.5,runner_up_checked,121503,16.466666666666526,14.00000000000017,21.26666666666563,20.66666666666697,5.96833333333345,5.051666666666799,1.9021487693982686,1.907101152226116,3.374074074074075,2.9851851851851925,25.13333333333196,17.833333333331893,42933,43432,0,40,209,187,50,1.0,1.0
rate3.0_s12,0.5,runner_up_checked,121504,15.333333333333428,11.333333333333343,18.466666666667038,14.133333333333184,6.6616666666668785,4.784166666666908,2.042842186256715,1.8349620633886623,3.758333333333354,2.870370370370381,22.33333333333246,28.133333333332757,43279,44398,0,40,223,211,50,1.0,1.0
rate3.0_s12,0.5,runner_up_checked,121505,15.333333333333343,12.00000000000017,18.133333333333326,15.866666666666902,6.525833333333541,4.613333333333557,1.9681444677965132,1.8303613729715744,3.358333333333377,3.193333333333476,18.033333333332735,17.33333333333303,42612,43746,0,40,208,194,50,1.0,1.0
rate3.0_s12,0.5,runner_up_checked,121506,12.666666666667027,13.46666666666681,16.06666666666689,18.666666666667084,5.354166666666868,5.2491666666668255,1.9000814053182573,1.951148162087177,3.10606060606067,3.1666666666666714,19.73333333333221,30.233333333332098,42382,44101,0,40,203,212,50,1.0,1.0
rate3.0_s12,0.5,runner_up_checked,121507,10.933333333333366,9.366666666666333,13.466666666666647,11.333333333333542,5.06833333333338,3.925833333333363,1.8333738203083245,1.6823514329152038,3.4916666666666174,2.6666666666667047,29.73333333333221,25.533333333330916,43234,44000,0,40,216,198,50,1.0,1.0
rate3.0_s12,0.5,runner_up_checked,121508,13.799999999999983,11.6666666666667,15.666666666666515,14.833333333333826,5.530000000000144,4.103333333333519,1.8474330827260352,1.6705722027091345,3.1888888888889206,2.686666666666659,9.433333333331916,12.633333333332189,41968,44328,0,40,216,194,50,1.0,1.0
rate3.0_s12,0.5,runner_up_checked,121509,17.133333333333212,11.066666666667345,33.03333333333353,18.400000000000063,6.732500000000079,4.167500000000172,2.0718593024610104,1.7978615152361637,3.4999999999999716,3.2857142857142825,29.533333333332166,20.533333333332166,43021,43802,0,40,188,183,47,1.0,1.0
rate3.0_s12,0.5,runner_up_checked,121510,14.933333333333195,10.366666666667129,18.933333333333366,13.000000000000341,6.576666666666769,4.27750000000012,2.0296255511918777,1.7873144510577736,3.9600000000001048,3.080952380952421,20.633333333331166,20.53333333333262,42946,43771,0,40,211,196,50,1.0,1.0
rate3.0_s12,0.5,runner_up_checked,121511,12.933333333333735,12.133333333334235,16.933333333333294,15.300000000000978,5.578333333333526,4.685833333333505,1.888923460959486,1.8584176104028793,3.029629629629653,3.2000000000000113,10.599999999999568,16.19999999999959,42022,43466,0,40,202,194,50,1.0,1.0
rate3.0_s12,0.5,runner_up_checked,121512,12.46666666666664,11.866666666667584,16.13333333333324,15.466666666666612,5.460000000000234,4.673333333333587,1.9001535505393783,1.9133877677698459,3.7666666666666444,3.70000000000001,16.899999999999295,15.299999999999613,42752,43427,0,40,220,198,50,1.0,1.0
rate3.0_s12,0.5,runner_up_checked,121513,13.333333333333321,11.999999999999886,16.866666666666717,20.133333333333326,5.829166666666832,4.656666666666845,1.895038176906564,1.921542478726117,3.766666666666808,3.052083333333341,17.399999999999523,15.59999999999934,42495,43565,0,40,208,205,50,1.0,1.0
rate3.0_s12,0.5,runner_up_checked,121514,13.966666666667095,10.866666666666845,29.266666666666765,14.300000000000637,6.013333333333628,3.920833333333559,1.8490632665644229,1.7818663390623506,3.1916666666666558,2.9666666666666868,6.766666666666765,13.366666666665765,42486,43982,0,40,213,188,47,1.0,1.0
rate3.0_s12,0.5,runner_up_checked,121515,17.5,13.466666666666697,26.700000000000898,17.700000000000244,6.7858333333335334,4.81166666666689,2.1142845991382435,1.9545072715025518,4.545833333333292,3.7400000000000544,22.399999999999295,26.89999999999941,42812,44456,0,40,204,207,50,1.0,1.0
rate3.0_s12,0.5,runner_up_checked,121516,15.466666666667038,10.666666666666856,19.59999999999988,14.79999999999987,6.462500000000153,4.798333333333489,2.0198502200851167,1.8706408371660836,3.904761904761748,3.4277777777777865,23.066666666665014,10.266666666665628,43469,44363,0,40,208,211,47,1.0,1.0
rate3.0_s12,0.5,runner_up_checked,121517,14.666666666666515,10.333333333333144,16.000000000000057,13.166666666667254,6.081666666666797,4.10333333333347,1.885990761183611,1.8077701793166354,3.2833333333334735,2.911111111111211,25.2666666666654,12.066666666666265,42776,43663,0,40,211,198,47,1.0,1.0
rate3.0_s12,0.5,runner_up_checked,121518,15.400000000000148,11.566666666666691,21.400000000000432,16.8333333333334,6.4083333333335295,4.401666666666868,1.9979067114330966,1.8453394470098694,3.1799999999999726,3.09761904761906,23.733333333332553,11.733333333332553,43231,43561,0,40,211,206,50,1.0,1.0
rate3.0_s12,0.5,runner_up_checked,121519,13.333333333333343,11.466666666666697,16.79999999999987,17.26666666666722,5.6716666666668205,4.564166666666825,1.8576948823087158,1.8026405226273903,3.400000000000034,2.9800000000001545,21.533333333332052,16.533333333332052,42908,43856,0,40,208,205,50,1.0,1.0
rate3.0_s12,0.5,runner_up_checked,121520,12.199999999999982,10.966666666666015,15.0,15.699999999999477,5.40250000000016,4.411666666666792,1.8995609855691007,1.8959109445093212,3.2424242424242493,3.066666666666651,17.466666666665333,29.16666666666606,42704,44505,0,40,210,200,50,1.0,1.0
rate3.0_s12,0.5,runner_up_checked,121521,14.366666666666717,12.333333333333997,17.93333333333338,15.133333333333368,6.069166666666859,4.963333333333481,1.8586364938273159,1.807131013114031,3.1733333333333404,2.8000000000001135,25.199999999999136,16.499999999998977,42629,43031,0,40,205,219,50,1.0,1.0
rate3.0_s12,0.5,runner_up_checked,121522,13.666666666666515,11.333333333333371,27.466666666666633,13.866666666666674,6.45666666666687,4.660000000000198,1.9821825106766717,1.8193921220741107,3.733333333333303,3.120000000000067,18.433333333331916,22.33333333333269,42050,43858,0,40,203,206,50,1.0,1.0
rate3.0_s12,0.5,runner_up_checked,121523,16.30000000000024,10.733333333333007,25.000000000000057,13.800000000000011,6.556666666666866,3.950833333333553,2.034860292869851,1.78639979069231,3.8208333333333258,3.1714285714286428,20.533333333332507,5.233333333332894,42591,43655,0,40,199,211,50,1.0,1.0
rate3.0_s12,0.5,runner_up_checked,121524,16.30000000000001,12.733333333333377,33.13333333333324,21.333333333333314,6.7291666666668375,4.290000000000167,1.825086902028852,1.706076373814267,2.798039215686211,2.7071428571428555,23.133333333332303,18.333333333332234,42983,44329,0,40,207,208,50,1.0,1.0
rate3.0_s12,0.5,runner_up_checked,121525,15.800000000000296,11.0,24.266666666666993,12.466666666666868,7.0075000000002,4.264166666666876,2.0394017586081885,1.8263209248765873,3.8857142857142963,2.980000000000075,16.833333333332916,14.133333333333212,42524,43599,0,40,205,195,50,1.0,1.0
rate3.0_s12,0.5,runner_up_checked,121526,12.76666666666722,11.333333333333172,13.799999999999983,14.80000000000004,5.622500000000131,4.526666666666794,1.8616695761248143,1.8533876780212413,3.186666666666639,3.1466666666666754,28.299999999998477,26.79999999999859,43224,44195,0,40,215,209,50,1.0,1.0
rate3.0_s12,0.5,runner_up_checked,121527,16.433333333333252,13.733333333333377,23.199999999999818,15.833333333333655,6.980000000000228,4.948333333333609,1.8995929698553262,1.8838232837788909,3.4200000000000275,2.903703703703766,20.89999999999918,18.799999999999045,42686,43799,0,40,205,187,50,1.0,1.0
rate3.0_s12,0.5,runner_up_checked,121528,14.866666666667015,10.30000000000092,21.066666666666777,14.100000000000819,6.397500000000179,4.148333333333535,1.8885359639425041,1.8054501394917766,3.140000000000049,2.852777777777817,2.2666666666669926,8.166666666666515,41658,42960,0,40,217,208,50,1.0,1.0
rate3.0_s12,0.5,runner_up_checked,121529,15.79999999999987,12.999999999999943,19.59999999999988,16.80000000000024,6.348333333333486,4.4283333333335,2.02993727677072,1.9174890511132079,3.8333333333333854,3.4370370370370376,26.93333333333237,14.73333333333278,43519,43765,0,40,202,192,50,1.0,1.0
rate3.0_s12,2.0,selected_checked,121500,15.666666666665037,10.99999999999983,21.266666666666936,14.666666666667027,6.618333333333513,4.228333333333538,2.2160719879150523,2.0389295924559456,4.119999999999971,4.095238095238098,16.133333333332644,15.93333333333294,42177,42671,0,40,204,191,50,1.0,1.0
rate3.0_s12,2.0,selected_checked,121501,12.333333333333258,10.200000000000443,19.400000000000034,13.666666666666401,5.658333333333538,4.036666666666857,1.927937085304337,1.8562839408287235,3.2933333333334303,3.014814814814852,19.93333333333237,4.133333333332416,42939,42974,0,40,213,206,50,1.0,1.0
rate3.0_s12,2.0,selected_checked,121502,15.73333333333332,11.53333333333228,21.13333333333418,12.99999999999983,6.646666666666816,4.323333333333498,2.1317305498200327,2.0466040266249883,3.8476190476190504,3.506666666666662,21.86666666666531,16.666666666665378,43303,43349,0,40,233,196,50,1.0,1.0
rate3.0_s12,2.0,selected_checked,121503,15.600000000000023,13.199999999999982,20.06666666666706,19.46666666666556,6.615000000000171,5.125000000000142,2.1140156069038722,1.9574554522697636,4.173333333333335,2.9444444444444238,12.533333333333076,34.33333333333235,42222,44596,0,40,230,206,50,1.0,1.0
rate3.0_s12,2.0,selected_checked,121504,14.80000000000041,10.733333333333917,19.000000000000114,13.333333333333172,5.9616666666669,4.516666666666906,1.9718690419625926,1.8479062755455469,3.466666666666754,3.17142857142859,17.533333333332962,23.733333333332325,42753,44059,0,40,209,196,50,1.0,1.0
rate3.0_s12,2.0,selected_checked,121505,14.666666666666657,14.000000000000284,18.133333333333326,17.400000000000887,6.178333333333463,4.48000000000016,2.0145156207182793,1.8882558407341854,3.5833333333333854,3.09999999999998,21.733333333331643,17.13333333333219,42685,43780,0,40,213,207,50,1.0,1.0
rate3.0_s12,2.0,selected_checked,121506,12.800000000000125,12.733333333333576,14.933333333333508,16.79999999999984,5.48666666666683,4.82500000000016,1.908929298050836,2.0069541321256654,3.4399999999999786,3.3000000000000114,44.13333333333219,17.73333333333119,43821,43917,0,40,196,196,50,1.0,1.0
rate3.0_s12,2.0,selected_checked,121507,16.333333333333258,11.466666666666612,24.666666666666288,14.599999999999909,6.645000000000076,4.816666666666793,1.9873737398454738,1.9137044307237396,3.5155555555554807,3.100000000000051,24.933333333331234,28.733333333332666,42470,44046,0,40,216,208,50,1.0,1.0
rate3.0_s12,2.0,selected_checked,121508,14.666666666666657,10.000000000000028,19.133333333334008,14.399999999999835,6.550000000000202,4.161666666666858,1.9785641374912517,1.753917215434983,3.40000000000006,2.7666666666666777,13.733333333332666,8.133333333332303,43180,43629,0,40,227,219,50,1.0,1.0
rate3.0_s12,2.0,selected_checked,121509,14.466666666666526,12.000000000000028,16.600000000000193,17.7333333333333,6.211666666666816,4.2516666666667815,2.0202776893983105,1.8970127428489176,3.7666666666667274,3.2148148148148215,4.93333333333203,11.333333333332803,41964,43236,0,40,216,188,50,1.0,1.0
rate3.0_s12,2.0,selected_checked,121510,16.133333333333297,14.199999999998226,19.26666666666665,18.866666666667584,6.49000000000007,5.233333333333389,2.1740928206850936,2.0209182430294783,4.818181818181821,3.893333333333328,15.333333333332916,34.13333333333219,42122,44462,0,40,212,199,50,1.0,1.0
rate3.0_s12,2.0,selected_checked,121511,15.66666666666697,10.866666666666504,21.466666666666868,18.466666666666868,6.37000000000017,4.425000000000182,1.9539250912509545,1.8320329056283824,3.4500000000000597,2.974999999999998,12.799999999999386,7.999999999999204,42245,42772,0,40,205,190,50,1.0,1.0
rate3.0_s12,2.0,selected_checked,121512,15.199999999999989,11.333333333333321,17.26666666666665,13.200000000000273,6.610000000000297,4.473333333333601,2.1825525135810153,1.9102939431005552,4.300000000000004,3.6888888888889446,13.799999999999613,9.399999999999523,42384,43326,0,40,217,201,50,1.0,1.0
rate3.0_s12,2.0,selected_checked,121513,14.466666666667038,12.466666666667152,16.333333333333826,23.06666666666746,6.325000000000168,4.843333333333486,1.991595622839399,1.9783146897908486,3.6933333333333396,3.433333333333346,9.79999999999984,12.599999999999909,42077,43707,0,40,212,200,50,1.0,1.0
rate3.0_s12,2.0,selected_checked,121514,13.799999999999976,11.999999999999972,16.46666666666698,14.80000000000041,5.443333333333568,4.6900000000002295,1.8023715020094129,1.8422225391225153,3.0923076923077044,3.099999999999987,8.866666666665992,7.666666666665833,42515,43209,0,40,227,189,50,1.0,1.0
rate3.0_s12,2.0,selected_checked,121515,13.600000000000193,14.466666666666711,24.60000000000076,20.733333333333007,6.046666666666898,4.765000000000222,2.023331561911316,1.8990346917920244,4.533333333333328,3.4333333333335503,30.39999999999918,25.599999999999568,43442,44284,0,40,213,200,50,1.0,1.0
rate3.0_s12,2.0,selected_checked,121516,15.666666666666572,11.733333333334201,19.19999999999999,13.666666666666515,6.581666666666818,4.893333333333495,2.138151821538331,1.9229096836874866,4.03809523809526,3.6000000000000725,22.066666666665697,24.66666666666481,42976,44834,0,40,205,212,50,1.0,1.0
rate3.0_s12,2.0,selected_checked,121517,13.799999999999976,10.000000000000028,17.533333333333815,13.666666666666742,5.316666666666846,3.9916666666668164,1.8914874441008067,1.8794684675757614,3.322222222222242,3.0871794871794824,26.666666666665833,17.26666666666631,42941,43952,0,40,189,208,50,1.0,1.0
rate3.0_s12,2.0,selected_checked,121518,16.466666666666526,11.799999999999955,20.266666666666566,15.799999999999727,5.973333333333569,4.541666666666884,2.082798433323348,1.9084263028703377,3.55555555555555,3.433333333333342,18.133333333332416,13.133333333332757,42341,43768,0,40,206,206,50,1.0,1.0
rate3.0_s12,2.0,selected_checked,121519,15.266666666666723,9.999999999999979,16.79999999999987,13.866666666666688,5.880000000000125,3.9683333333334656,1.9484832687252263,1.8201712190186308,3.3333333333331665,3.425641025641019,15.333333333332007,14.533333333331825,42285,43637,0,40,207,195,50,1.0,1.0
rate3.0_s12,2.0,selected_checked,121520,14.133333333333951,10.06666666666689,18.733333333333917,22.599999999999795,6.475000000000159,4.528333333333465,2.032024841753727,1.8683147756277916,3.8000000000001135,2.924999999999997,16.066666666665583,17.266666666666197,42667,43785,0,40,215,201,50,1.0,1.0
rate3.0_s12,2.0,selected_checked,121521,14.80000000000004,13.466666666666647,17.93333333333338,17.99999999999943,5.265000000000181,4.546666666666819,1.8889667928311082,1.8505557285727186,3.2000000000000943,2.986666666666656,20.999999999998863,27.799999999999045,41925,43890,0,40,197,205,50,1.0,1.0
rate3.0_s12,2.0,selected_checked,121522,16.600000000000136,11.333333333333321,33.733333333333405,14.866666666666788,7.008333333333543,4.4350000000002066,2.1549362339948654,1.9152913731978516,4.400000000000008,3.416666666666771,31.333333333332575,20.73333333333278,42611,43293,0,40,185,197,50,1.0,1.0
rate3.0_s12,2.0,selected_checked,121523,15.666666666666515,10.933333333333906,22.20000000000006,13.800000000000011,6.7316666666668805,4.326666666666879,2.137383593373913,1.8785016357323217,4.23333333333331,3.2102564102564157,32.13333333333253,21.933333333332484,43373,44728,0,40,210,203,50,1.0,1.0
rate3.0_s12,2.0,selected_checked,121524,14.933333333333302,14.133333333333326,32.533333333333296,25.533333333333246,6.706666666666826,4.6583333333334656,1.898036385467087,1.925749657949185,3.077777777777802,3.242424242424256,25.13333333333253,27.33333333333212,43037,44195,0,40,205,190,50,1.0,1.0
rate3.0_s12,2.0,selected_checked,121525,14.133333333333667,9.999999999999979,17.7333333333333,13.800000000000011,6.043333333333575,3.9916666666669323,2.083176397314595,1.8484231681038792,3.857142857142906,3.303030303030327,16.53333333333285,22.533333333332962,42500,43870,0,40,213,204,50,1.0,1.0
rate3.0_s12,2.0,selected_checked,121526,13.6666666666668,11.200000000000074,19.266666666666538,17.466666666666754,5.8300000000001315,4.358333333333479,2.0161462952880744,1.897303237638737,4.066666666666684,3.5000000000000226,16.7999999999995,18.79999999999916,42328,44042,0,40,215,207,50,1.0,1.0
rate3.0_s12,2.0,selected_checked,121527,14.933333333333302,13.733333333333377,19.06666666666664,15.800000000000026,6.285000000000226,4.871666666666906,2.052054134569526,1.9310225166840687,3.700000000000005,3.6769230769231083,21.39999999999918,20.79999999999893,42867,43568,0,40,209,194,50,1.0,1.0
rate3.0_s12,2.0,selected_checked,121528,14.200000000000841,10.000000000000114,17.400000000000546,12.666666666666487,6.19500000000016,4.021666666666897,1.9486289005920214,1.8261009418741423,3.45000000000001,2.7533333333333587,8.466666666666129,9.466666666666583,41940,42973,0,40,211,198,50,1.0,1.0
rate3.0_s12,2.0,selected_checked,121529,14.933333333333302,12.000000000000398,21.199999999999903,16.80000000000024,6.40666666666686,4.1800000000001525,2.1597151721173606,1.8942368692542344,3.9111111111111416,3.566666666666734,32.733333333332325,32.93333333333169,43583,44544,0,40,194,207,50,1.0,1.0
rate3.0_s12,2.0,selected_unchecked,121500,15.666666666665037,10.99999999999983,21.266666666666936,14.666666666667027,6.618333333333513,4.228333333333538,2.2160719879150523,2.0389295924559456,4.119999999999971,4.095238095238098,16.133333333332644,15.93333333333294,42177,42671,0,40,204,191,50,1.0,1.0
rate3.0_s12,2.0,selected_unchecked,121501,12.333333333333258,10.200000000000443,19.400000000000034,13.666666666666401,5.658333333333538,4.036666666666857,1.927937085304337,1.8562839408287235,3.2933333333334303,3.014814814814852,19.93333333333237,4.133333333332416,42939,42974,0,40,213,206,50,1.0,1.0
rate3.0_s12,2.0,selected_unchecked,121502,15.73333333333332,11.53333333333228,21.13333333333418,12.99999999999983,6.646666666666816,4.323333333333498,2.1317305498200327,2.0466040266249883,3.8476190476190504,3.506666666666662,21.86666666666531,16.666666666665378,43303,43349,0,40,233,196,50,1.0,1.0
rate3.0_s12,2.0,selected_unchecked,121503,15.600000000000023,13.199999999999982,20.06666666666706,19.46666666666556,6.615000000000171,5.125000000000142,2.1140156069038722,1.9574554522697636,4.173333333333335,2.9444444444444238,12.533333333333076,34.33333333333235,42222,44596,0,40,230,206,50,1.0,1.0
rate3.0_s12,2.0,selected_unchecked,121504,14.80000000000041,10.733333333333917,19.000000000000114,13.333333333333172,5.9616666666669,4.516666666666906,1.9718690419625926,1.8479062755455469,3.466666666666754,3.17142857142859,17.533333333332962,23.733333333332325,42753,44059,0,40,209,196,50,1.0,1.0
rate3.0_s12,2.0,selected_unchecked,121505,14.666666666666657,14.000000000000284,18.133333333333326,17.400000000000887,6.178333333333463,4.48000000000016,2.0145156207182793,1.8882558407341854,3.5833333333333854,3.09999999999998,21.733333333331643,17.13333333333219,42685,43780,0,40,213,207,50,1.0,1.0
rate3.0_s12,2.0,selected_unchecked,121506,12.800000000000125,12.733333333333576,14.933333333333508,16.79999999999984,5.48666666666683,4.82500000000016,1.908929298050836,2.0069541321256654,3.4399999999999786,3.3000000000000114,44.13333333333219,17.73333333333119,43821,43917,0,40,196,196,50,1.0,1.0
rate3.0_s12,2.0,selected_unchecked,121507,16.333333333333258,11.466666666666612,24.666666666666288,14.599999999999909,6.645000000000076,4.816666666666793,1.9873737398454738,1.9137044307237396,3.5155555555554807,3.100000000000051,24.933333333331234,28.733333333332666,42470,44046,0,40,216,208,50,1.0,1.0
rate3.0_s12,2.0,selected_unchecked,121508,14.666666666666657,10.000000000000028,19.133333333334008,14.399999999999835,6.550000000000202,4.161666666666858,1.9785641374912517,1.753917215434983,3.40000000000006,2.7666666666666777,13.733333333332666,8.133333333332303,43180,43629,0,40,227,219,50,1.0,1.0
rate3.0_s12,2.0,selected_unchecked,121509,14.466666666666526,12.000000000000028,16.600000000000193,17.7333333333333,6.211666666666816,4.2516666666667815,2.0202776893983105,1.8970127428489176,3.7666666666667274,3.2148148148148215,4.93333333333203,11.333333333332803,41964,43236,0,40,216,188,50,1.0,1.0
rate3.0_s12,2.0,selected_unchecked,121510,16.133333333333297,14.199999999998226,19.26666666666665,18.866666666667584,6.49000000000007,5.233333333333389,2.1740928206850936,2.0209182430294783,4.818181818181821,3.893333333333328,15.333333333332916,34.13333333333219,42122,44462,0,40,212,199,50,1.0,1.0
rate3.0_s12,2.0,selected_unchecked,121511,15.66666666666697,10.866666666666504,21.466666666666868,18.466666666666868,6.37000000000017,4.425000000000182,1.9539250912509545,1.8320329056283824,3.4500000000000597,2.974999999999998,12.799999999999386,7.999999999999204,42245,42772,0,40,205,190,50,1.0,1.0
rate3.0_s12,2.0,selected_unchecked,121512,15.199999999999989,11.333333333333321,17.26666666666665,13.200000000000273,6.610000000000297,4.473333333333601,2.1825525135810153,1.9102939431005552,4.300000000000004,3.6888888888889446,13.799999999999613,9.399999999999523,42384,43326,0,40,217,201,50,1.0,1.0
rate3.0_s12,2.0,selected_unchecked,121513,14.466666666667038,12.466666666667152,16.333333333333826,23.06666666666746,6.325000000000168,4.843333333333486,1.991595622839399,1.9783146897908486,3.6933333333333396,3.433333333333346,9.79999999999984,12.599999999999909,42077,43707,0,40,212,200,50,1.0,1.0
rate3.0_s12,2.0,selected_unchecked,121514,13.799999999999976,11.999999999999972,16.46666666666698,14.80000000000041,5.443333333333568,4.6900000000002295,1.8023715020094129,1.8422225391225153,3.0923076923077044,3.099999999999987,8.866666666665992,7.666666666665833,42515,43209,0,40,227,189,50,1.0,1.0
rate3.0_s12,2.0,selected_unchecked,121515,13.600000000000193,14.466666666666711,24.60000000000076,20.733333333333007,6.046666666666898,4.765000000000222,2.023331561911316,1.8990346917920244,4.533333333333328,3.4333333333335503,30.39999999999918,25.599999999999568,43442,44284,0,40,213,200,50,1.0,1.0
rate3.0_s12,2.0,selected_unchecked,121516,15.666666666666572,11.733333333334201,19.19999999999999,13.666666666666515,6.581666666666818,4.893333333333495,2.138151821538331,1.9229096836874866,4.03809523809526,3.6000000000000725,22.066666666665697,24.66666666666481,42976,44834,0,40,205,212,50,1.0,1.0
rate3.0_s12,2.0,selected_unchecked,121517,13.799999999999976,10.000000000000028,17.533333333333815,13.666666666666742,5.316666666666846,3.9916666666668164,1.8914874441008067,1.8794684675757614,3.322222222222242,3.0871794871794824,26.666666666665833,17.26666666666631,42941,43952,0,40,189,208,50,1.0,1.0
rate3.0_s12,2.0,selected_unchecked,121518,16.466666666666526,11.799999999999955,20.266666666666566,15.799999999999727,5.973333333333569,4.541666666666884,2.082798433323348,1.9084263028703377,3.55555555555555,3.433333333333342,18.133333333332416,13.133333333332757,42341,43768,0,40,206,206,50,1.0,1.0
rate3.0_s12,2.0,selected_unchecked,121519,15.266666666666723,9.999999999999979,16.79999999999987,13.866666666666688,5.880000000000125,3.9683333333334656,1.9484832687252263,1.8201712190186308,3.3333333333331665,3.425641025641019,15.333333333332007,14.533333333331825,42285,43637,0,40,207,195,50,1.0,1.0
rate3.0_s12,2.0,selected_unchecked,121520,14.133333333333951,10.06666666666689,18.733333333333917,22.599999999999795,6.475000000000159,4.528333333333465,2.032024841753727,1.8683147756277916,3.8000000000001135,2.924999999999997,16.066666666665583,17.266666666666197,42667,43785,0,40,215,201,50,1.0,1.0
rate3.0_s12,2.0,selected_unchecked,121521,14.80000000000004,13.466666666666647,17.93333333333338,17.99999999999943,5.265000000000181,4.546666666666819,1.8889667928311082,1.8505557285727186,3.2000000000000943,2.986666666666656,20.999999999998863,27.799999999999045,41925,43890,0,40,197,205,50,1.0,1.0
rate3.0_s12,2.0,selected_unchecked,121522,16.600000000000136,11.333333333333321,33.733333333333405,14.866666666666788,7.008333333333543,4.4350000000002066,2.1549362339948654,1.9152913731978516,4.400000000000008,3.416666666666771,31.333333333332575,20.73333333333278,42611,43293,0,40,185,197,50,1.0,1.0
rate3.0_s12,2.0,selected_unchecked,121523,15.666666666666515,10.933333333333906,22.20000000000006,13.800000000000011,6.7316666666668805,4.326666666666879,2.137383593373913,1.8785016357323217,4.23333333333331,3.2102564102564157,32.13333333333253,21.933333333332484,43373,44728,0,40,210,203,50,1.0,1.0
rate3.0_s12,2.0,selected_unchecked,121524,14.933333333333302,14.133333333333326,32.533333333333296,25.533333333333246,6.706666666666826,4.6583333333334656,1.898036385467087,1.925749657949185,3.077777777777802,3.242424242424256,25.13333333333253,27.33333333333212,43037,44195,0,40,205,190,50,1.0,1.0
rate3.0_s12,2.0,selected_unchecked,121525,14.133333333333667,9.999999999999979,17.7333333333333,13.800000000000011,6.043333333333575,3.9916666666669323,2.083176397314595,1.8484231681038792,3.857142857142906,3.303030303030327,16.53333333333285,22.533333333332962,42500,43870,0,40,213,204,50,1.0,1.0
rate3.0_s12,2.0,selected_unchecked,121526,13.6666666666668,11.200000000000074,19.266666666666538,17.466666666666754,5.8300000000001315,4.358333333333479,2.0161462952880744,1.897303237638737,4.066666666666684,3.5000000000000226,16.7999999999995,18.79999999999916,42328,44042,0,40,215,207,50,1.0,1.0
rate3.0_s12,2.0,selected_unchecked,121527,14.933333333333302,13.733333333333377,19.06666666666664,15.800000000000026,6.285000000000226,4.871666666666906,2.052054134569526,1.9310225166840687,3.700000000000005,3.6769230769231083,21.39999999999918,20.79999999999893,42867,43568,0,40,209,194,50,1.0,1.0
rate3.0_s12,2.0,selected_unchecked,121528,14.200000000000841,10.000000000000114,17.400000000000546,12.666666666666487,6.19500000000016,4.021666666666897,1.9486289005920214,1.8261009418741423,3.45000000000001,2.7533333333333587,8.466666666666129,9.466666666666583,41940,42973,0,40,211,198,50,1.0,1.0
rate3.0_s12,2.0,selected_unchecked,121529,14.933333333333302,12.000000000000398,21.199999999999903,16.80000000000024,6.40666666666686,4.1800000000001525,2.1597151721173606,1.8942368692542344,3.9111111111111416,3.566666666666734,32.733333333332325,32.93333333333169,43583,44544,0,40,194,207,50,1.0,1.0
rate3.0_s12,2.0,original_q2_a0.8_or_unchecked,121500,15.666666666665037,12.33333333333394,21.266666666666936,15.133333333333212,6.618333333333513,5.00333333333353,2.2160719879150523,1.9724767456902081,4.119999999999971,3.511111111111109,16.133333333332644,11.733333333332894,42177,43392,0,40,204,200,92,1.0,1.0
rate3.0_s12,2.0,original_q2_a0.8_or_unchecked,121501,12.333333333333258,12.33333333333394,19.400000000000034,17.533333333333303,5.658333333333538,5.07333333333354,1.927937085304337,2.0308735765346975,3.2933333333334303,4.057142857142858,19.93333333333237,25.53333333333228,42939,44408,0,40,213,190,92,1.0,1.0
rate3.0_s12,2.0,original_q2_a0.8_or_unchecked,121502,15.73333333333332,15.13333333333378,21.13333333333418,22.866666666666674,6.646666666666816,5.991666666666833,2.1317305498200327,2.0317472306262045,3.8476190476190504,3.76410256410256,21.86666666666531,11.066666666665583,43303,43845,0,40,233,188,92,1.0,1.0
rate3.0_s12,2.0,original_q2_a0.8_or_unchecked,121503,15.600000000000023,13.866666666666731,20.06666666666706,19.466666666667038,6.615000000000171,5.140000000000152,2.1140156069038722,1.8187485961466157,4.173333333333335,3.0083333333333435,12.533333333333076,20.533333333332962,42222,44678,0,40,230,194,92,1.0,1.0
rate3.0_s12,2.0,original_q2_a0.8_or_unchecked,121504,14.80000000000041,12.800000000000693,19.000000000000114,16.200000000000003,5.9616666666669,5.22833333333358,1.9718690419625926,1.9215217781234413,3.466666666666754,3.6833333333334792,17.533333333332962,19.53333333333262,42753,44023,0,40,209,212,92,1.0,1.0
rate3.0_s12,2.0,original_q2_a0.8_or_unchecked,121505,14.666666666666657,16.200000000000728,18.133333333333326,21.666666666666686,6.178333333333463,5.153333333333505,2.0145156207182793,1.8299573127427484,3.5833333333333854,3.1703703703704047,21.733333333331643,6.333333333332803,42685,43257,0,40,213,182,92,1.0,1.0
rate3.0_s12,2.0,original_q2_a0.8_or_unchecked,121506,12.800000000000125,15.600000000000193,14.933333333333508,25.00000000000007,5.48666666666683,6.01166666666685,1.908929298050836,1.9351512938095574,3.4399999999999786,3.695238095238145,44.13333333333219,25.333333333332348,43821,45089,0,40,196,198,92,1.0,1.0
rate3.0_s12,2.0,original_q2_a0.8_or_unchecked,121507,16.333333333333258,12.266666666666197,24.666666666666288,18.200000000000017,6.645000000000076,5.12500000000004,1.9873737398454738,1.9242967448042936,3.5155555555554807,3.5333333333333816,24.933333333331234,24.333333333330984,42470,43971,0,40,216,196,92,1.0,1.0
rate3.0_s12,2.0,original_q2_a0.8_or_unchecked,121508,14.666666666666657,15.93333333333338,19.133333333334008,22.333333333333485,6.550000000000202,6.11333333333351,1.9785641374912517,1.988943584982875,3.40000000000006,3.7238095238096127,13.733333333332666,16.333333333332007,43180,44044,0,40,227,186,92,1.0,1.0
rate3.0_s12,2.0,original_q2_a0.8_or_unchecked,121509,14.466666666666526,12.8666666666673,16.600000000000193,16.53333333333387,6.211666666666816,5.218333333333404,2.0202776893983105,1.9693727216608934,3.7666666666667274,3.3481481481481725,4.93333333333203,6.533333333332166,41964,42987,0,40,216,188,92,1.0,1.0
rate3.0_s12,2.0,original_q2_a0.8_or_unchecked,121510,16.133333333333297,14.533333333333388,19.26666666666665,26.666666666666714,6.49000000000007,5.8216666666666965,2.1740928206850936,2.024639199777996,4.818181818181821,3.4592592592592544,15.333333333332916,37.73333333333039,42122,44748,0,40,212,179,92,1.0,1.0
rate3.0_s12,2.0,original_q2_a0.8_or_unchecked,121511,15.66666666666697,11.666666666666671,21.466666666666868,14.933333333333564,6.37000000000017,4.323333333333514,1.9539250912509545,1.8083836193036247,3.4500000000000597,3.3500000000000014,12.799999999999386,9.599999999999568,42245,43144,0,40,205,200,92,1.0,1.0
rate3.0_s12,2.0,original_q2_a0.8_or_unchecked,121512,15.199999999999989,14.133333333333326,17.26666666666665,19.46666666666738,6.610000000000297,5.1916666666669276,2.1825525135810153,1.9630437686665227,4.300000000000004,3.7600000000000025,13.799999999999613,13.199999999999932,42384,44143,0,40,217,192,92,1.0,1.0
rate3.0_s12,2.0,original_q2_a0.8_or_unchecked,121513,14.466666666667038,13.533333333333402,16.333333333333826,17.60000000000042,6.325000000000168,5.073333333333509,1.991595622839399,1.8830979287620209,3.6933333333333396,3.2133333333333707,9.79999999999984,17.399999999999864,42077,44348,0,40,212,199,92,1.0,1.0
rate3.0_s12,2.0,original_q2_a0.8_or_unchecked,121514,13.799999999999976,12.000000000000455,16.46666666666698,16.666666666666742,5.443333333333568,4.428333333333539,1.8023715020094129,1.7623827908651981,3.0923076923077044,2.838095238095304,8.866666666665992,4.666666666666174,42515,43062,0,40,227,179,92,1.0,1.0
rate3.0_s12,2.0,original_q2_a0.8_or_unchecked,121515,13.600000000000193,14.799999999999983,24.60000000000076,29.266666666666737,6.046666666666898,5.080000000000205,2.023331561911316,1.9505857968960454,4.533333333333328,3.583333333333499,30.39999999999918,20.7999999999995,43442,43647,0,40,213,185,92,1.0,1.0
rate3.0_s12,2.0,original_q2_a0.8_or_unchecked,121516,15.666666666666572,15.333333333333307,19.19999999999999,23.200000000000045,6.581666666666818,5.766666666666899,2.138151821538331,2.0351319561841588,4.03809523809526,3.8333333333333237,22.066666666665697,17.466666666665787,42976,44527,0,40,205,203,92,1.0,1.0
rate3.0_s12,2.0,original_q2_a0.8_or_unchecked,121517,13.799999999999976,15.39999999999992,17.533333333333815,21.3333333333336,5.316666666666846,5.366666666666786,1.8914874441008067,1.9584060414361557,3.322222222222242,3.210256410256407,26.666666666665833,23.466666666665674,42941,43940,0,40,189,193,92,1.0,1.0
rate3.0_s12,2.0,original_q2_a0.8_or_unchecked,121518,16.466666666666526,15.133333333333354,20.266666666666566,21.93333333333331,5.973333333333569,5.296666666666891,2.082798433323348,1.9553596740335435,3.55555555555555,3.5000000000000853,18.133333333332416,14.333333333332462,42341,43872,0,40,206,177,92,1.0,1.0
rate3.0_s12,2.0,original_q2_a0.8_or_unchecked,121519,15.266666666666723,13.933333333334076,16.79999999999987,18.73333333333332,5.880000000000125,5.205000000000138,1.9484832687252263,1.8872675135825723,3.3333333333331665,3.8111111111111122,15.333333333332007,15.133333333332871,42285,44204,0,40,207,193,92,1.0,1.0
rate3.0_s12,2.0,original_q2_a0.8_or_unchecked,121520,14.133333333333951,13.799999999999955,18.733333333333917,22.200000000000102,6.475000000000159,5.10500000000014,2.032024841753727,1.9770920609890852,3.8000000000001135,3.6256410256410208,16.066666666665583,15.266666666666083,42667,44109,0,40,215,190,92,1.0,1.0
rate3.0_s12,2.0,original_q2_a0.8_or_unchecked,121521,14.80000000000004,15.333333333333997,17.93333333333338,21.799999999999983,5.265000000000181,5.891666666666822,1.8889667928311082,1.985385284957261,3.2000000000000943,3.553333333333339,20.999999999998863,21.199999999999136,41925,43639,0,40,197,198,92,1.0,1.0
rate3.0_s12,2.0,original_q2_a0.8_or_unchecked,121522,16.600000000000136,15.400000000000205,33.733333333333405,19.73333333333332,7.008333333333543,5.335000000000217,2.1549362339948654,1.9264578389183253,4.400000000000008,3.9000000000000057,31.333333333332575,24.933333333332826,42611,43818,0,40,185,182,92,1.0,1.0
rate3.0_s12,2.0,original_q2_a0.8_or_unchecked,121523,15.666666666666515,12.133333333333212,22.20000000000006,22.600000000000094,6.7316666666668805,4.853333333333523,2.137383593373913,1.8753234402006265,4.23333333333331,3.4333333333332803,32.13333333333253,26.133333333332416,43373,44010,0,40,210,196,92,1.0,1.0
rate3.0_s12,2.0,original_q2_a0.8_or_unchecked,121524,14.933333333333302,11.733333333333348,32.533333333333296,20.266666666666993,6.706666666666826,4.681666666666857,1.898036385467087,1.8305395091089978,3.077777777777802,2.906666666666689,25.13333333333253,25.933333333332143,43037,44052,0,40,205,186,92,1.0,1.0
rate3.0_s12,2.0,original_q2_a0.8_or_unchecked,121525,14.133333333333667,14.533333333333388,17.7333333333333,18.13333333333327,6.043333333333575,5.713333333333566,2.083176397314595,1.8948652197633753,3.857142857142906,3.440000000000191,16.53333333333285,24.133333333332303,42500,44578,0,40,213,220,92,1.0,1.0
rate3.0_s12,2.0,original_q2_a0.8_or_unchecked,121526,13.6666666666668,13.066666666667118,19.266666666666538,18.266666666666765,5.8300000000001315,4.920000000000168,2.0161462952880744,1.8503085906233634,4.066666666666684,3.3733333333333064,16.7999999999995,33.799999999998704,42328,45028,0,40,215,195,92,1.0,1.0
rate3.0_s12,2.0,original_q2_a0.8_or_unchecked,121527,14.933333333333302,12.3333333333332,19.06666666666664,17.200000000000614,6.285000000000226,5.168333333333568,2.052054134569526,1.7771265589747398,3.700000000000005,3.0749999999999744,21.39999999999918,13.199999999999136,42867,44131,0,40,209,202,92,1.0,1.0
rate3.0_s12,2.0,original_q2_a0.8_or_unchecked,121528,14.200000000000841,12.333333333333329,17.400000000000546,16.666666666666544,6.19500000000016,4.9216666666668925,1.9486289005920214,1.8227834477006177,3.45000000000001,2.880000000000075,8.466666666666129,14.066666666665697,41940,43634,0,40,211,180,92,1.0,1.0
rate3.0_s12,2.0,original_q2_a0.8_or_unchecked,121529,14.933333333333302,16.00000000000003,21.199999999999903,20.133333333333304,6.40666666666686,5.336666666666882,2.1597151721173606,1.9406906900710106,3.9111111111111416,3.285714285714294,32.733333333332325,21.733333333332666,43583,44353,0,40,194,176,92,1.0,1.0
rate3.0_s12,2.0,runner_up_checked,121500,15.666666666665037,10.99999999999983,21.266666666666936,14.666666666667027,6.618333333333513,4.228333333333538,2.2160719879150523,2.0389295924559456,4.119999999999971,4.095238095238098,16.133333333332644,15.93333333333294,42177,42671,0,40,204,191,47,1.0,1.0
rate3.0_s12,2.0,runner_up_checked,121501,12.333333333333258,10.200000000000443,19.400000000000034,13.666666666666401,5.658333333333538,4.036666666666857,1.927937085304337,1.8562839408287235,3.2933333333334303,3.014814814814852,19.93333333333237,4.133333333332416,42939,42974,0,40,213,206,47,1.0,1.0
rate3.0_s12,2.0,runner_up_checked,121502,15.73333333333332,11.53333333333228,21.13333333333418,12.99999999999983,6.646666666666816,4.323333333333498,2.1317305498200327,2.0466040266249883,3.8476190476190504,3.506666666666662,21.86666666666531,16.666666666665378,43303,43349,0,40,233,196,50,1.0,1.0
rate3.0_s12,2.0,runner_up_checked,121503,15.600000000000023,13.199999999999982,20.06666666666706,19.46666666666556,6.615000000000171,5.125000000000142,2.1140156069038722,1.9574554522697636,4.173333333333335,2.9444444444444238,12.533333333333076,34.33333333333235,42222,44596,0,40,230,206,50,1.0,1.0
rate3.0_s12,2.0,runner_up_checked,121504,14.80000000000041,10.733333333333917,19.000000000000114,13.333333333333172,5.9616666666669,4.516666666666906,1.9718690419625926,1.8479062755455469,3.466666666666754,3.17142857142859,17.533333333332962,23.733333333332325,42753,44059,0,40,209,196,50,1.0,1.0
rate3.0_s12,2.0,runner_up_checked,121505,14.666666666666657,14.000000000000284,18.133333333333326,17.400000000000887,6.178333333333463,4.48000000000016,2.0145156207182793,1.8882558407341854,3.5833333333333854,3.09999999999998,21.733333333331643,17.13333333333219,42685,43780,0,40,213,207,50,1.0,1.0
rate3.0_s12,2.0,runner_up_checked,121506,12.800000000000125,12.733333333333576,14.933333333333508,16.79999999999984,5.48666666666683,4.82500000000016,1.908929298050836,2.0069541321256654,3.4399999999999786,3.3000000000000114,44.13333333333219,17.73333333333119,43821,43917,0,40,196,196,47,1.0,1.0
rate3.0_s12,2.0,runner_up_checked,121507,16.333333333333258,11.466666666666612,24.666666666666288,14.599999999999909,6.645000000000076,4.816666666666793,1.9873737398454738,1.9137044307237396,3.5155555555554807,3.100000000000051,24.933333333331234,28.733333333332666,42470,44046,0,40,216,208,50,1.0,1.0
rate3.0_s12,2.0,runner_up_checked,121508,14.666666666666657,10.000000000000028,19.133333333334008,14.399999999999835,6.550000000000202,4.161666666666858,1.9785641374912517,1.753917215434983,3.40000000000006,2.7666666666666777,13.733333333332666,8.133333333332303,43180,43629,0,40,227,219,50,1.0,1.0
rate3.0_s12,2.0,runner_up_checked,121509,14.466666666666526,12.000000000000028,16.600000000000193,17.7333333333333,6.211666666666816,4.2516666666667815,2.0202776893983105,1.8970127428489176,3.7666666666667274,3.2148148148148215,4.93333333333203,11.333333333332803,41964,43236,0,40,216,188,50,1.0,1.0
rate3.0_s12,2.0,runner_up_checked,121510,16.133333333333297,14.199999999998226,19.26666666666665,18.866666666667584,6.49000000000007,5.233333333333389,2.1740928206850936,2.0209182430294783,4.818181818181821,3.893333333333328,15.333333333332916,34.13333333333219,42122,44462,0,40,212,199,47,1.0,1.0
rate3.0_s12,2.0,runner_up_checked,121511,15.66666666666697,10.866666666666504,21.466666666666868,18.466666666666868,6.37000000000017,4.425000000000182,1.9539250912509545,1.8320329056283824,3.4500000000000597,2.974999999999998,12.799999999999386,7.999999999999204,42245,42772,0,40,205,190,50,1.0,1.0
rate3.0_s12,2.0,runner_up_checked,121512,15.199999999999989,11.333333333333321,17.26666666666665,13.200000000000273,6.610000000000297,4.473333333333601,2.1825525135810153,1.9102939431005552,4.300000000000004,3.6888888888889446,13.799999999999613,9.399999999999523,42384,43326,0,40,217,201,47,1.0,1.0
rate3.0_s12,2.0,runner_up_checked,121513,14.466666666667038,12.466666666667152,16.333333333333826,23.06666666666746,6.325000000000168,4.843333333333486,1.991595622839399,1.9783146897908486,3.6933333333333396,3.433333333333346,9.79999999999984,12.599999999999909,42077,43707,0,40,212,200,50,1.0,1.0
rate3.0_s12,2.0,runner_up_checked,121514,13.799999999999976,11.999999999999972,16.46666666666698,14.80000000000041,5.443333333333568,4.6900000000002295,1.8023715020094129,1.8422225391225153,3.0923076923077044,3.099999999999987,8.866666666665992,7.666666666665833,42515,43209,0,40,227,189,50,1.0,1.0
rate3.0_s12,2.0,runner_up_checked,121515,13.600000000000193,14.466666666666711,24.60000000000076,20.733333333333007,6.046666666666898,4.765000000000222,2.023331561911316,1.8990346917920244,4.533333333333328,3.4333333333335503,30.39999999999918,25.599999999999568,43442,44284,0,40,213,200,50,1.0,1.0
rate3.0_s12,2.0,runner_up_checked,121516,15.666666666666572,11.733333333334201,19.19999999999999,13.666666666666515,6.581666666666818,4.893333333333495,2.138151821538331,1.9229096836874866,4.03809523809526,3.6000000000000725,22.066666666665697,24.66666666666481,42976,44834,0,40,205,212,50,1.0,1.0
rate3.0_s12,2.0,runner_up_checked,121517,13.799999999999976,10.000000000000028,17.533333333333815,13.666666666666742,5.316666666666846,3.9916666666668164,1.8914874441008067,1.8794684675757614,3.322222222222242,3.0871794871794824,26.666666666665833,17.26666666666631,42941,43952,0,40,189,208,50,1.0,1.0
rate3.0_s12,2.0,runner_up_checked,121518,16.466666666666526,11.799999999999955,20.266666666666566,15.799999999999727,5.973333333333569,4.541666666666884,2.082798433323348,1.9084263028703377,3.55555555555555,3.433333333333342,18.133333333332416,13.133333333332757,42341,43768,0,40,206,206,47,1.0,1.0
rate3.0_s12,2.0,runner_up_checked,121519,15.266666666666723,9.999999999999979,16.79999999999987,13.866666666666688,5.880000000000125,3.9683333333334656,1.9484832687252263,1.8201712190186308,3.3333333333331665,3.425641025641019,15.333333333332007,14.533333333331825,42285,43637,0,40,207,195,50,1.0,1.0
rate3.0_s12,2.0,runner_up_checked,121520,14.133333333333951,10.06666666666689,18.733333333333917,22.599999999999795,6.475000000000159,4.528333333333465,2.032024841753727,1.8683147756277916,3.8000000000001135,2.924999999999997,16.066666666665583,17.266666666666197,42667,43785,0,40,215,201,50,1.0,1.0
rate3.0_s12,2.0,runner_up_checked,121521,14.80000000000004,13.466666666666647,17.93333333333338,17.99999999999943,5.265000000000181,4.546666666666819,1.8889667928311082,1.8505557285727186,3.2000000000000943,2.986666666666656,20.999999999998863,27.799999999999045,41925,43890,0,40,197,205,50,1.0,1.0
rate3.0_s12,2.0,runner_up_checked,121522,16.600000000000136,11.333333333333321,33.733333333333405,14.866666666666788,7.008333333333543,4.4350000000002066,2.1549362339948654,1.9152913731978516,4.400000000000008,3.416666666666771,31.333333333332575,20.73333333333278,42611,43293,0,40,185,197,50,1.0,1.0
rate3.0_s12,2.0,runner_up_checked,121523,15.666666666666515,10.933333333333906,22.20000000000006,13.800000000000011,6.7316666666668805,4.326666666666879,2.137383593373913,1.8785016357323217,4.23333333333331,3.2102564102564157,32.13333333333253,21.933333333332484,43373,44728,0,40,210,203,50,1.0,1.0
rate3.0_s12,2.0,runner_up_checked,121524,14.933333333333302,14.133333333333326,32.533333333333296,25.533333333333246,6.706666666666826,4.6583333333334656,1.898036385467087,1.925749657949185,3.077777777777802,3.242424242424256,25.13333333333253,27.33333333333212,43037,44195,0,40,205,190,47,1.0,1.0
rate3.0_s12,2.0,runner_up_checked,121525,14.133333333333667,9.999999999999979,17.7333333333333,13.800000000000011,6.043333333333575,3.9916666666669323,2.083176397314595,1.8484231681038792,3.857142857142906,3.303030303030327,16.53333333333285,22.533333333332962,42500,43870,0,40,213,204,47,1.0,1.0
rate3.0_s12,2.0,runner_up_checked,121526,13.6666666666668,11.200000000000074,19.266666666666538,17.466666666666754,5.8300000000001315,4.358333333333479,2.0161462952880744,1.897303237638737,4.066666666666684,3.5000000000000226,16.7999999999995,18.79999999999916,42328,44042,0,40,215,207,47,1.0,1.0
rate3.0_s12,2.0,runner_up_checked,121527,14.933333333333302,13.733333333333377,19.06666666666664,15.800000000000026,6.285000000000226,4.871666666666906,2.052054134569526,1.9310225166840687,3.700000000000005,3.6769230769231083,21.39999999999918,20.79999999999893,42867,43568,0,40,209,194,50,1.0,1.0
rate3.0_s12,2.0,runner_up_checked,121528,14.200000000000841,10.000000000000114,17.400000000000546,12.666666666666487,6.19500000000016,4.021666666666897,1.9486289005920214,1.8261009418741423,3.45000000000001,2.7533333333333587,8.466666666666129,9.466666666666583,41940,42973,0,40,211,198,50,1.0,1.0
rate3.0_s12,2.0,runner_up_checked,121529,14.933333333333302,12.000000000000398,21.199999999999903,16.80000000000024,6.40666666666686,4.1800000000001525,2.1597151721173606,1.8942368692542344,3.9111111111111416,3.566666666666734,32.733333333332325,32.93333333333169,43583,44544,0,40,194,207,50,1.0,1.0
