workload,penalty,variant,seed,baseline_p95_wait,variant_p95_wait,baseline_p99_wait,variant_p99_wait,baseline_avg_wait,variant_avg_wait,baseline_avg_slowdown,variant_avg_slowdown,baseline_p95_slowdown,variant_p95_slowdown,baseline_makespan_excess,variant_makespan_excess,baseline_sched_cores_scanned,variant_sched_cores_scanned,baseline_burst_balance_levels_walked,variant_burst_balance_levels_walked,baseline_total_migrations,variant_total_migrations,detector_fires,recall,precision
heavy_tail_high,0.0,selected_checked,120500,0.9333333333333442,0.9333333333333442,0.9333333333334508,0.9333333333334508,0.4766666666666602,0.4766666666666602,1.0848269313617136,1.0848269313617136,1.1733333333333462,1.1733333333333462,0.40000000000048885,0.40000000000048885,51163,51163,0,0,52,52,0,0.0,
heavy_tail_high,0.0,selected_checked,120501,0.9333333333333442,0.9333333333333442,0.9333333333334508,0.9333333333334508,0.47666666666666146,0.47666666666666146,1.0861902246896806,1.0861902246896806,1.1866666666665935,1.1866666666665935,0.3333333333329449,0.3333333333329449,42195,42195,0,0,51,51,0,0.0,
heavy_tail_high,0.0,selected_checked,120502,0.9333333333333442,0.9333333333333442,0.9333333333334508,0.9333333333334508,0.4766666666666605,0.4766666666666605,1.0849659960409952,1.0849659960409952,1.1733333333333449,1.1733333333333449,0.9333333333329961,0.9333333333329961,42288,42288,0,0,43,43,0,0.0,
heavy_tail_high,0.0,selected_checked,120503,0.9333333333333442,0.9333333333333442,0.9333333333334508,0.9333333333334508,0.4766666666666599,0.4766666666666599,1.0846073281388484,1.0846073281388484,1.173333333333349,1.173333333333349,0.9999999999997442,0.9999999999997442,42937,42937,0,0,42,42,0,0.0,
heavy_tail_high,0.0,selected_checked,120504,0.9333333333333442,0.9333333333333442,0.9333333333334508,0.9333333333334508,0.4766666666666603,0.4766666666666603,1.0844612257502149,1.0844612257502149,1.173333333333352,1.173333333333352,0.5333333333331041,0.5333333333331041,42693,42693,0,0,39,39,0,0.0,
heavy_tail_high,0.0,selected_checked,120505,0.9333333333333442,0.9333333333333442,0.9333333333334508,0.9333333333334508,0.47666666666666174,0.47666666666666174,1.0853426046176042,1.0853426046176042,1.1866666666666277,1.1866666666666277,0.5333333333328767,0.5333333333328767,42600,42600,0,0,46,46,0,0.0,
heavy_tail_high,0.0,selected_checked,120506,0.9333333333333442,0.9333333333333442,0.9333333333334508,0.9333333333334508,0.47666666666666124,0.47666666666666124,1.0828029907782315,1.0828029907782315,1.173333333333352,1.173333333333352,0.7999999999995566,0.7999999999995566,42663,42663,0,0,44,44,0,0.0,
heavy_tail_high,0.0,selected_checked,120507,0.9333333333333442,0.9333333333333442,0.9333333333334366,0.9333333333334366,0.47666666666665997,0.47666666666665997,1.0844649731363207,1.0844649731363207,1.186666666666588,1.186666666666588,0.7999999999995566,0.7999999999995566,42349,42349,0,0,41,41,0,0.0,
heavy_tail_high,0.0,selected_checked,120508,0.9333333333333442,0.9333333333333442,0.9333333333334508,0.9333333333334508,0.47666666666666174,0.47666666666666174,1.0853850778850778,1.0853850778850778,1.173333333333349,1.173333333333349,0.19999999999970441,0.19999999999970441,43042,43042,0,0,49,49,0,0.0,
heavy_tail_high,0.0,selected_checked,120509,0.9333333333333442,0.9333333333333442,0.9333333333334508,0.9333333333334508,0.4766666666666607,0.4766666666666607,1.0855627802439236,1.0855627802439236,1.1866666666665935,1.1866666666665935,0.6666666666669414,0.6666666666669414,42368,42368,0,0,50,50,0,0.0,
heavy_tail_high,0.0,selected_checked,120510,0.9333333333333442,0.9333333333333442,0.9333333333334508,0.9333333333334508,0.4766666666666613,0.4766666666666613,1.0836396598528175,1.0836396598528175,1.173333333333349,1.173333333333349,0.3333333333329165,0.3333333333329165,42180,42180,0,0,42,42,0,0.0,
heavy_tail_high,0.0,selected_checked,120511,0.9333333333333442,0.9333333333333442,0.9333333333334508,0.9333333333334508,0.4766666666666595,0.4766666666666595,1.0830228201938956,1.0830228201938956,1.1733333333333449,1.1733333333333449,0.33333333333351334,0.33333333333351334,44066,44066,0,0,44,44,0,0.0,
heavy_tail_high,0.0,selected_checked,120512,0.9333333333333442,0.9333333333333442,0.9333333333334508,0.9333333333334508,0.47666666666666124,0.47666666666666124,1.08670383326708,1.08670383326708,1.1733333333333547,1.1733333333333547,0.33333333333368387,0.33333333333368387,45910,45910,0,0,50,50,0,0.0,
heavy_tail_high,0.0,selected_checked,120513,0.9333333333333442,0.9333333333333442,0.9333333333334508,0.9333333333334508,0.47666666666665836,0.47666666666665836,1.0843241683915275,1.0843241683915275,1.1733333333333575,1.1733333333333575,0.5333333333328198,0.5333333333328198,41902,41902,0,0,43,43,0,0.0,
heavy_tail_high,0.0,selected_checked,120514,0.9333333333333442,0.9333333333333442,0.9333333333334508,0.9333333333334508,0.47666666666665913,0.47666666666665913,1.08209480800064,1.08209480800064,1.1733333333333575,1.1733333333333575,0.33333333333314386,0.33333333333314386,42910,42910,0,0,46,46,0,0.0,
heavy_tail_high,0.0,selected_checked,120515,0.9333333333333442,0.9333333333333442,0.9333333333334366,0.9333333333334366,0.4766666666666582,0.4766666666666582,1.0854272493588268,1.0854272493588268,1.1733333333333547,1.1733333333333547,0.06666666666626497,0.06666666666626497,43158,43158,0,0,48,48,0,0.0,
heavy_tail_high,0.0,selected_checked,120516,0.9333333333333584,0.9333333333333584,0.9999999999996589,0.9999999999996589,0.4816666666666595,0.4816666666666595,1.0854428853678837,1.0854428853678837,1.186666666666588,1.186666666666588,0.199999999999676,0.199999999999676,42184,42184,0,0,48,48,0,0.0,
heavy_tail_high,0.0,selected_checked,120517,0.9333333333333442,0.9333333333333442,0.9333333333334508,0.9333333333334508,0.4766666666666598,0.4766666666666598,1.0840541762753306,1.0840541762753306,1.1866666666666277,1.1866666666666277,0.5333333333336725,0.5333333333336725,43664,43664,0,0,46,46,0,0.0,
heavy_tail_high,0.0,selected_checked,120518,0.9333333333333442,0.9333333333333442,0.9333333333334508,0.9333333333334508,0.47666666666666024,0.47666666666666024,1.0864079077591748,1.0864079077591748,1.1866666666666277,1.1866666666666277,0.3999999999996078,0.3999999999996078,42346,42346,0,0,54,54,0,0.0,
heavy_tail_high,0.0,selected_checked,120519,0.9333333333333442,0.9333333333333442,0.9333333333334508,0.9333333333334508,0.47666666666665947,0.47666666666665947,1.0833446123711719,1.0833446123711719,1.173333333333352,1.173333333333352,0.9333333333333371,0.9333333333333371,43154,43154,0,0,54,54,0,0.0,
heavy_tail_high,0.0,selected_checked,120520,0.9333333333333442,0.9333333333333442,0.9333333333334508,0.9333333333334508,0.47666666666665913,0.47666666666665913,1.0838443547222174,1.0838443547222174,1.1733333333333547,1.1733333333333547,0.5333333333331041,0.5333333333331041,42673,42673,0,0,46,46,0,0.0,
heavy_tail_high,0.0,selected_checked,120521,0.9333333333333442,0.9333333333333442,0.9333333333334508,0.9333333333334508,0.47666666666666047,0.47666666666666047,1.0824682084515838,1.0824682084515838,1.1733333333333449,1.1733333333333449,0.4000000000001478,0.4000000000001478,42946,42946,0,0,40,40,0,0.0,
heavy_tail_high,0.0,selected_checked,120522,0.9333333333333442,0.9333333333333442,0.9333333333334508,0.9333333333334508,0.47666666666666047,0.47666666666666047,1.083956998423334,1.083956998423334,1.186666666666588,1.186666666666588,0.0666666666662934,0.0666666666662934,43186,43186,0,0,44,44,0,0.0,
heavy_tail_high,0.0,selected_checked,120523,0.9333333333333442,0.9333333333333442,0.9333333333334366,0.9333333333334366,0.47666666666665797,0.47666666666665797,1.0805665811418717,1.0805665811418717,1.173333333333342,1.173333333333342,0.26666666666699257,0.26666666666699257,43035,43035,0,0,46,46,0,0.0,
heavy_tail_high,0.0,selected_checked,120524,0.9333333333333442,0.9333333333333442,0.9333333333334508,0.9333333333334508,0.47666666666666047,0.47666666666666047,1.08357733905528,1.08357733905528,1.1866666666666277,1.1866666666666277,0.5999999999998522,0.5999999999998522,45340,45340,0,0,47,47,0,0.0,
heavy_tail_high,0.0,selected_checked,120525,0.9333333333333442,0.9333333333333442,0.9333333333334508,0.9333333333334508,0.4766666666666603,0.4766666666666603,1.0847253912456873,1.0847253912456873,1.186666666666666,1.186666666666666,0.19999999999976126,0.19999999999976126,43151,43151,0,0,42,42,0,0.0,
heavy_tail_high,0.0,selected_checked,120526,0.9333333333333442,0.9333333333333442,0.9333333333334508,0.9333333333334508,0.47666666666665974,0.47666666666665974,1.0849000886425793,1.0849000886425793,1.186666666666588,1.186666666666588,0.3999999999996078,0.3999999999996078,42074,42074,0,0,51,51,0,0.0,
heavy_tail_high,0.0,selected_checked,120527,0.9333333333333442,0.9333333333333442,0.9333333333334508,0.9333333333334508,0.4766666666666594,0.4766666666666594,1.084678843542078,1.084678843542078,1.1733333333333575,1.1733333333333575,0.3333333333329449,0.3333333333329449,43034,43034,0,0,45,45,0,0.0,
heavy_tail_high,0.0,selected_checked,120528,0.9333333333333442,0.9333333333333442,0.9333333333334508,0.9333333333334508,0.4766666666666593,0.4766666666666593,1.0847725290304222,1.0847725290304222,1.186666666666588,1.186666666666588,0.599999999999568,0.599999999999568,41965,41965,0,0,50,50,0,0.0,
heavy_tail_high,0.0,selected_checked,120529,0.9333333333333442,0.9333333333333442,0.9333333333334508,0.9333333333334508,0.47666666666666,0.47666666666666,1.0854036473085367,1.0854036473085367,1.173333333333349,1.173333333333349,0.8000000000006082,0.8000000000006082,46644,46644,0,0,49,49,0,0.0,
heavy_tail_high,0.0,selected_unchecked,120500,0.9333333333333442,0.9333333333333442,0.9333333333334508,0.9333333333334508,0.4766666666666602,0.4766666666666602,1.0848269313617136,1.0848269313617136,1.1733333333333462,1.1733333333333462,0.40000000000048885,0.40000000000048885,51163,51163,0,0,52,52,0,0.0,
heavy_tail_high,0.0,selected_unchecked,120501,0.9333333333333442,0.9333333333333442,0.9333333333334508,0.9333333333334508,0.47666666666666146,0.47666666666666146,1.0861902246896806,1.0861902246896806,1.1866666666665935,1.1866666666665935,0.3333333333329449,0.3333333333329449,42195,42195,0,0,51,51,0,0.0,
heavy_tail_high,0.0,selected_unchecked,120502,0.9333333333333442,0.9333333333333442,0.9333333333334508,0.9333333333334508,0.4766666666666605,0.4766666666666605,1.0849659960409952,1.0849659960409952,1.1733333333333449,1.1733333333333449,0.9333333333329961,0.9333333333329961,42288,42288,0,0,43,43,0,0.0,
heavy_tail_high,0.0,selected_unchecked,120503,0.9333333333333442,0.9333333333333442,0.9333333333334508,0.9333333333334508,0.4766666666666599,0.4766666666666599,1.0846073281388484,1.0846073281388484,1.173333333333349,1.173333333333349,0.9999999999997442,0.9999999999997442,42937,42937,0,0,42,42,0,0.0,
heavy_tail_high,0.0,selected_unchecked,120504,0.9333333333333442,0.9333333333333442,0.9333333333334508,0.9333333333334508,0.4766666666666603,0.4766666666666603,1.0844612257502149,1.0844612257502149,1.173333333333352,1.173333333333352,0.5333333333331041,0.5333333333331041,42693,42693,0,0,39,39,0,0.0,
heavy_tail_high,0.0,selected_unchecked,120505,0.9333333333333442,0.9333333333333442,0.9333333333334508,0.9333333333334508,0.47666666666666174,0.47666666666666174,1.0853426046176042,1.0853426046176042,1.1866666666666277,1.1866666666666277,0.5333333333328767,0.5333333333328767,42600,42600,0,0,46,46,0,0.0,
heavy_tail_high,0.0,selected_unchecked,120506,0.9333333333333442,0.9333333333333442,0.9333333333334508,0.9333333333334508,0.47666666666666124,0.47666666666666124,1.0828029907782315,1.0828029907782315,1.173333333333352,1.173333333333352,0.7999999999995566,0.7999999999995566,42663,42663,0,0,44,44,0,0.0,
heavy_tail_high,0.0,selected_unchecked,120507,0.9333333333333442,0.9333333333333442,0.9333333333334366,0.9333333333334366,0.47666666666665997,0.47666666666665997,1.0844649731363207,1.0844649731363207,1.186666666666588,1.186666666666588,0.7999999999995566,0.7999999999995566,42349,42349,0,0,41,41,0,0.0,
heavy_tail_high,0.0,selected_unchecked,120508,0.9333333333333442,0.9333333333333442,0.9333333333334508,0.9333333333334508,0.47666666666666174,0.47666666666666174,1.0853850778850778,1.0853850778850778,1.173333333333349,1.173333333333349,0.19999999999970441,0.19999999999970441,43042,43042,0,0,49,49,0,0.0,
heavy_tail_high,0.0,selected_unchecked,120509,0.9333333333333442,0.9333333333333442,0.9333333333334508,0.9333333333334508,0.4766666666666607,0.4766666666666607,1.0855627802439236,1.0855627802439236,1.1866666666665935,1.1866666666665935,0.6666666666669414,0.6666666666669414,42368,42368,0,0,50,50,0,0.0,
heavy_tail_high,0.0,selected_unchecked,120510,0.9333333333333442,0.9333333333333442,0.9333333333334508,0.9333333333334508,0.4766666666666613,0.4766666666666613,1.0836396598528175,1.0836396598528175,1.173333333333349,1.173333333333349,0.3333333333329165,0.3333333333329165,42180,42180,0,0,42,42,0,0.0,
heavy_tail_high,0.0,selected_unchecked,120511,0.9333333333333442,0.9333333333333442,0.9333333333334508,0.9333333333334508,0.4766666666666595,0.4766666666666595,1.0830228201938956,1.0830228201938956,1.1733333333333449,1.1733333333333449,0.33333333333351334,0.33333333333351334,44066,44066,0,0,44,44,0,0.0,
heavy_tail_high,0.0,selected_unchecked,120512,0.9333333333333442,0.9333333333333442,0.9333333333334508,0.9333333333334508,0.47666666666666124,0.47666666666666124,1.08670383326708,1.08670383326708,1.1733333333333547,1.1733333333333547,0.33333333333368387,0.33333333333368387,45910,45910,0,0,50,50,0,0.0,
heavy_tail_high,0.0,selected_unchecked,120513,0.9333333333333442,0.9333333333333442,0.9333333333334508,0.9333333333334508,0.47666666666665836,0.47666666666665836,1.0843241683915275,1.0843241683915275,1.1733333333333575,1.1733333333333575,0.5333333333328198,0.5333333333328198,41902,41902,0,0,43,43,0,0.0,
heavy_tail_high,0.0,selected_unchecked,120514,0.9333333333333442,0.9333333333333442,0.9333333333334508,0.9333333333334508,0.47666666666665913,0.47666666666665913,1.08209480800064,1.08209480800064,1.1733333333333575,1.1733333333333575,0.33333333333314386,0.33333333333314386,42910,42910,0,0,46,46,0,0.0,
heavy_tail_high,0.0,selected_unchecked,120515,0.9333333333333442,0.9333333333333442,0.9333333333334366,0.9333333333334366,0.4766666666666582,0.4766666666666582,1.0854272493588268,1.0854272493588268,1.1733333333333547,1.1733333333333547,0.06666666666626497,0.06666666666626497,43158,43158,0,0,48,48,0,0.0,
heavy_tail_high,0.0,selected_unchecked,120516,0.9333333333333584,0.9333333333333584,0.9999999999996589,0.9999999999996589,0.4816666666666595,0.4816666666666595,1.0854428853678837,1.0854428853678837,1.186666666666588,1.186666666666588,0.199999999999676,0.199999999999676,42184,42184,0,0,48,48,0,0.0,
heavy_tail_high,0.0,selected_unchecked,120517,0.9333333333333442,0.9333333333333442,0.9333333333334508,0.9333333333334508,0.4766666666666598,0.4766666666666598,1.0840541762753306,1.0840541762753306,1.1866666666666277,1.1866666666666277,0.5333333333336725,0.5333333333336725,43664,43664,0,0,46,46,0,0.0,
heavy_tail_high,0.0,selected_unchecked,120518,0.9333333333333442,0.9333333333333442,0.9333333333334508,0.9333333333334508,0.47666666666666024,0.47666666666666024,1.0864079077591748,1.0864079077591748,1.1866666666666277,1.1866666666666277,0.3999999999996078,0.3999999999996078,42346,42346,0,0,54,54,0,0.0,
heavy_tail_high,0.0,selected_unchecked,120519,0.9333333333333442,0.9333333333333442,0.9333333333334508,0.9333333333334508,0.47666666666665947,0.47666666666665947,1.0833446123711719,1.0833446123711719,1.173333333333352,1.173333333333352,0.9333333333333371,0.9333333333333371,43154,43154,0,0,54,54,0,0.0,
heavy_tail_high,0.0,selected_unchecked,120520,0.9333333333333442,0.9333333333333442,0.9333333333334508,0.9333333333334508,0.47666666666665913,0.47666666666665913,1.0838443547222174,1.0838443547222174,1.1733333333333547,1.1733333333333547,0.5333333333331041,0.5333333333331041,42673,42673,0,0,46,46,0,0.0,
heavy_tail_high,0.0,selected_unchecked,120521,0.9333333333333442,0.9333333333333442,0.9333333333334508,0.9333333333334508,0.47666666666666047,0.47666666666666047,1.0824682084515838,1.0824682084515838,1.1733333333333449,1.1733333333333449,0.4000000000001478,0.4000000000001478,42946,42946,0,0,40,40,0,0.0,
heavy_tail_high,0.0,selected_unchecked,120522,0.9333333333333442,0.9333333333333442,0.9333333333334508,0.9333333333334508,0.47666666666666047,0.47666666666666047,1.083956998423334,1.083956998423334,1.186666666666588,1.186666666666588,0.0666666666662934,0.0666666666662934,43186,43186,0,0,44,44,0,0.0,
heavy_tail_high,0.0,selected_unchecked,120523,0.9333333333333442,0.9333333333333442,0.9333333333334366,0.9333333333334366,0.47666666666665797,0.47666666666665797,1.0805665811418717,1.0805665811418717,1.173333333333342,1.173333333333342,0.26666666666699257,0.26666666666699257,43035,43035,0,0,46,46,0,0.0,
heavy_tail_high,0.0,selected_unchecked,120524,0.9333333333333442,0.9333333333333442,0.9333333333334508,0.9333333333334508,0.47666666666666047,0.47666666666666047,1.08357733905528,1.08357733905528,1.1866666666666277,1.1866666666666277,0.5999999999998522,0.5999999999998522,45340,45340,0,0,47,47,0,0.0,
heavy_tail_high,0.0,selected_unchecked,120525,0.9333333333333442,0.9333333333333442,0.9333333333334508,0.9333333333334508,0.4766666666666603,0.4766666666666603,1.0847253912456873,1.0847253912456873,1.186666666666666,1.186666666666666,0.19999999999976126,0.19999999999976126,43151,43151,0,0,42,42,0,0.0,
heavy_tail_high,0.0,selected_unchecked,120526,0.9333333333333442,0.9333333333333442,0.9333333333334508,0.9333333333334508,0.47666666666665974,0.47666666666665974,1.0849000886425793,1.0849000886425793,1.186666666666588,1.186666666666588,0.3999999999996078,0.3999999999996078,42074,42074,0,0,51,51,0,0.0,
heavy_tail_high,0.0,selected_unchecked,120527,0.9333333333333442,0.9333333333333442,0.9333333333334508,0.9333333333334508,0.4766666666666594,0.4766666666666594,1.084678843542078,1.084678843542078,1.1733333333333575,1.1733333333333575,0.3333333333329449,0.3333333333329449,43034,43034,0,0,45,45,0,0.0,
heavy_tail_high,0.0,selected_unchecked,120528,0.9333333333333442,0.9333333333333442,0.9333333333334508,0.9333333333334508,0.4766666666666593,0.4766666666666593,1.0847725290304222,1.0847725290304222,1.186666666666588,1.186666666666588,0.599999999999568,0.599999999999568,41965,41965,0,0,50,50,0,0.0,
heavy_tail_high,0.0,selected_unchecked,120529,0.9333333333333442,0.9333333333333442,0.9333333333334508,0.9333333333334508,0.47666666666666,0.47666666666666,1.0854036473085367,1.0854036473085367,1.173333333333349,1.173333333333349,0.8000000000006082,0.8000000000006082,46644,46644,0,0,49,49,0,0.0,
heavy_tail_high,0.0,original_q2_a0.8_or_unchecked,120500,0.9333333333333442,0.9333333333333442,0.9333333333334508,0.9333333333334366,0.4766666666666602,0.4716666666666607,1.0848269313617136,1.0849935980283802,1.1733333333333462,1.1733333333333547,0.40000000000048885,0.40000000000048885,51163,52150,0,24,52,49,11,0.7142857142857143,1.0
heavy_tail_high,0.0,original_q2_a0.8_or_unchecked,120501,0.9333333333333442,0.9333333333333442,0.9333333333334508,0.9333333333334508,0.47666666666666146,0.4766666666666609,1.0861902246896806,1.0861902246896802,1.1866666666665935,1.1866666666665935,0.3333333333329449,0.3333333333329733,42195,43339,0,32,51,53,14,0.8571428571428571,1.0
heavy_tail_high,0.0,original_q2_a0.8_or_unchecked,120502,0.9333333333333442,0.9333333333333727,0.9333333333334508,0.9999999999998579,0.4766666666666605,0.4856666666666613,1.0849659960409952,1.087085043660043,1.1733333333333449,1.1733333333333462,0.9333333333329961,0.9333333333329961,42288,43000,0,16,43,46,8,0.5714285714285714,1.0
heavy_tail_high,0.0,original_q2_a0.8_or_unchecked,120503,0.9333333333333442,0.9333333333333584,0.9333333333334508,0.9999999999996589,0.4766666666666599,0.48166666666666025,1.0846073281388484,1.0856073281388483,1.173333333333349,1.173333333333352,0.9999999999997442,0.9999999999997442,42937,43918,0,24,42,45,8,0.7142857142857143,1.0
heavy_tail_high,0.0,original_q2_a0.8_or_unchecked,120504,0.9333333333333442,0.9333333333333442,0.9333333333334508,0.9333333333334508,0.4766666666666603,0.4766666666666603,1.0844612257502149,1.0844612257502149,1.173333333333352,1.173333333333352,0.5333333333331041,0.5333333333331041,42693,43293,0,16,39,40,7,0.5714285714285714,1.0
heavy_tail_high,0.0,original_q2_a0.8_or_unchecked,120505,0.9333333333333442,0.9333333333333584,0.9333333333334508,0.9333333333334508,0.47666666666666174,0.4806666666666616,1.0853426046176042,1.0872676046176042,1.1866666666666277,1.1866666666666674,0.5333333333328767,0.5333333333328767,42600,43259,0,20,46,46,7,0.5714285714285714,1.0
heavy_tail_high,0.0,original_q2_a0.8_or_unchecked,120506,0.9333333333333442,0.9333333333333442,0.9333333333334508,0.9333333333334508,0.47666666666666124,0.4766666666666606,1.0828029907782315,1.0828029907782315,1.173333333333352,1.173333333333352,0.7999999999995566,0.7999999999995566,42663,42985,0,16,44,45,11,0.5714285714285714,1.0
heavy_tail_high,0.0,original_q2_a0.8_or_unchecked,120507,0.9333333333333442,0.9333333333333584,0.9333333333334366,0.9999999999996589,0.47666666666665997,0.4816666666666598,1.0844649731363207,1.0854649731363208,1.186666666666588,1.1866666666666277,0.7999999999995566,0.7999999999995566,42349,43404,0,28,41,43,9,0.5714285714285714,1.0
heavy_tail_high,0.0,original_q2_a0.8_or_unchecked,120508,0.9333333333333442,0.9333333333333442,0.9333333333334508,0.9333333333334508,0.47666666666666174,0.47366666666666146,1.0853850778850778,1.0862461889961887,1.173333333333349,1.173333333333352,0.19999999999970441,0.19999999999970441,43042,44308,0,32,49,54,18,0.8571428571428571,1.0
heavy_tail_high,0.0,original_q2_a0.8_or_unchecked,120509,0.9333333333333442,0.9333333333333584,0.9333333333334508,0.9999999999996589,0.4766666666666607,0.4816666666666606,1.0855627802439236,1.0865627802439235,1.1866666666665935,1.186666666666666,0.6666666666669414,0.6666666666669414,42368,43729,0,36,50,55,16,0.8571428571428571,1.0
heavy_tail_high,0.0,original_q2_a0.8_or_unchecked,120510,0.9333333333333442,0.9333333333333442,0.9333333333334508,0.9333333333334508,0.4766666666666613,0.47666666666666146,1.0836396598528175,1.0836396598528175,1.173333333333349,1.173333333333349,0.3333333333329165,0.3333333333329165,42180,42623,0,12,42,44,4,0.42857142857142855,1.0
heavy_tail_high,0.0,original_q2_a0.8_or_unchecked,120511,0.9333333333333442,0.9333333333333584,0.9333333333334508,0.9999999999996589,0.4766666666666595,0.4816666666666597,1.0830228201938956,1.0840228201938957,1.1733333333333449,1.173333333333349,0.33333333333351334,0.3333333333335702,44066,44657,0,16,44,47,7,0.5714285714285714,1.0
heavy_tail_high,0.0,original_q2_a0.8_or_unchecked,120512,0.9333333333333442,0.9333333333333442,0.9333333333334508,0.9333333333334508,0.47666666666666124,0.47666666666666124,1.08670383326708,1.08670383326708,1.1733333333333547,1.1733333333333547,0.33333333333368387,0.33333333333368387,45910,47011,0,32,50,52,16,0.7142857142857143,1.0
heavy_tail_high,0.0,original_q2_a0.8_or_unchecked,120513,0.9333333333333442,0.9333333333333442,0.9333333333334508,0.9333333333334508,0.47666666666665836,0.4766666666666585,1.0843241683915275,1.0843241683915275,1.1733333333333575,1.1733333333333575,0.5333333333328198,0.5333333333328198,41902,42945,0,28,43,45,10,0.8571428571428571,1.0
heavy_tail_high,0.0,original_q2_a0.8_or_unchecked,120514,0.9333333333333442,0.9333333333333442,0.9333333333334508,0.9333333333334508,0.47666666666665913,0.47666666666665924,1.08209480800064,1.0820948080006403,1.1733333333333575,1.1733333333333575,0.33333333333314386,0.33333333333314386,42910,43539,0,16,46,47,7,0.42857142857142855,1.0
heavy_tail_high,0.0,original_q2_a0.8_or_unchecked,120515,0.9333333333333442,0.9333333333333442,0.9333333333334366,0.9333333333334366,0.4766666666666582,0.4766666666666582,1.0854272493588268,1.0854272493588268,1.1733333333333547,1.1733333333333547,0.06666666666626497,0.06666666666626497,43158,43898,0,20,48,49,11,0.5714285714285714,1.0
heavy_tail_high,0.0,original_q2_a0.8_or_unchecked,120516,0.9333333333333584,0.9333333333333727,0.9999999999996589,0.9999999999998579,0.4816666666666595,0.49166666666665937,1.0854428853678837,1.0874428853678837,1.186666666666588,1.1866666666666277,0.199999999999676,0.199999999999676,42184,43299,0,28,48,50,10,0.7142857142857143,1.0
heavy_tail_high,0.0,original_q2_a0.8_or_unchecked,120517,0.9333333333333442,0.9333333333333442,0.9333333333334508,0.9333333333334508,0.4766666666666598,0.4766666666666599,1.0840541762753306,1.0840541762753306,1.1866666666666277,1.1866666666666277,0.5333333333336725,0.5333333333336725,43664,44329,0,16,46,47,7,0.5714285714285714,1.0
heavy_tail_high,0.0,original_q2_a0.8_or_unchecked,120518,0.9333333333333442,0.9333333333333442,0.9333333333334508,0.9333333333334508,0.47666666666666024,0.47666666666666024,1.0864079077591748,1.0864079077591748,1.1866666666666277,1.1866666666666277,0.3999999999996078,0.3999999999996078,42346,42938,0,16,54,55,8,0.42857142857142855,1.0
heavy_tail_high,0.0,original_q2_a0.8_or_unchecked,120519,0.9333333333333442,0.9333333333333442,0.9333333333334508,0.9333333333334508,0.47666666666665947,0.47666666666665947,1.0833446123711719,1.0833446123711719,1.173333333333352,1.173333333333352,0.9333333333333371,0.9333333333333371,43154,44486,0,36,54,54,16,0.7142857142857143,1.0
heavy_tail_high,0.0,original_q2_a0.8_or_unchecked,120520,0.9333333333333442,0.9333333333333584,0.9333333333334508,0.9999999999996589,0.47666666666665913,0.48166666666665947,1.0838443547222174,1.0843443547222174,1.1733333333333547,1.1733333333333575,0.5333333333331041,0.5333333333331041,42673,43649,0,24,46,46,7,0.8571428571428571,1.0
heavy_tail_high,0.0,original_q2_a0.8_or_unchecked,120521,0.9333333333333442,0.9333333333333442,0.9333333333334508,0.9333333333334508,0.47666666666666047,0.47666666666666047,1.0824682084515838,1.0824682084515838,1.1733333333333449,1.1733333333333449,0.4000000000001478,0.4000000000001478,42946,43538,0,16,40,40,7,0.5714285714285714,1.0
heavy_tail_high,0.0,original_q2_a0.8_or_unchecked,120522,0.9333333333333442,0.9333333333333442,0.9333333333334508,0.9333333333334508,0.47666666666666047,0.4766666666666608,1.083956998423334,1.0839569984233342,1.186666666666588,1.1866666666665935,0.0666666666662934,0.0666666666662934,43186,44271,0,32,44,47,11,0.8571428571428571,1.0
heavy_tail_high,0.0,original_q2_a0.8_or_unchecked,120523,0.9333333333333442,0.9333333333333584,0.9333333333334366,0.9999999999996589,0.47666666666665797,0.48166666666665797,1.0805665811418717,1.0815665811418718,1.173333333333342,1.1733333333333449,0.26666666666699257,0.26666666666699257,43035,43853,0,24,46,47,8,0.7142857142857143,1.0
heavy_tail_high,0.0,original_q2_a0.8_or_unchecked,120524,0.9333333333333442,0.9333333333333442,0.9333333333334508,0.9999999999996589,0.47666666666666047,0.48666666666666086,1.08357733905528,1.08557733905528,1.1866666666666277,1.1866666666666277,0.5999999999998522,0.5999999999998238,45340,46126,0,28,47,49,10,0.7142857142857143,1.0
heavy_tail_high,0.0,original_q2_a0.8_or_unchecked,120525,0.9333333333333442,0.9333333333333584,0.9333333333334508,0.9999999999996874,0.4766666666666603,0.4816666666666595,1.0847253912456873,1.0855587245790206,1.186666666666666,1.1866666666666674,0.19999999999976126,0.19999999999976126,43151,43928,0,20,42,44,7,0.7142857142857143,1.0
heavy_tail_high,0.0,original_q2_a0.8_or_unchecked,120526,0.9333333333333442,0.9333333333333442,0.9333333333334508,0.9333333333334508,0.47666666666665974,0.4766666666666594,1.0849000886425793,1.0849000886425793,1.186666666666588,1.186666666666588,0.3999999999996078,0.3999999999996078,42074,43438,0,36,51,53,13,0.7142857142857143,1.0
heavy_tail_high,0.0,original_q2_a0.8_or_unchecked,120527,0.9333333333333442,0.9333333333333584,0.9333333333334508,0.9999999999996589,0.4766666666666594,0.4816666666666595,1.084678843542078,1.0856788435420779,1.1733333333333575,1.186666666666588,0.3333333333329449,0.3333333333329449,43034,43972,0,28,45,46,11,0.8571428571428571,1.0
heavy_tail_high,0.0,original_q2_a0.8_or_unchecked,120528,0.9333333333333442,0.9333333333333442,0.9333333333334508,0.9333333333334508,0.4766666666666593,0.47666666666665974,1.0847725290304222,1.0847725290304222,1.186666666666588,1.186666666666588,0.599999999999568,0.5999999999996248,41965,43200,0,28,50,52,12,0.7142857142857143,1.0
heavy_tail_high,0.0,original_q2_a0.8_or_unchecked,120529,0.9333333333333442,0.9333333333333584,0.9333333333334508,0.9999999999998579,0.47666666666666,0.4826666666666602,1.0854036473085367,1.0893369806418702,1.173333333333349,1.186666666666666,0.8000000000006082,0.8000000000006082,46644,47859,0,32,49,50,10,0.8571428571428571,1.0
heavy_tail_high,0.0,runner_up_checked,120500,0.9333333333333442,0.9333333333333442,0.9333333333334508,0.9333333333334508,0.4766666666666602,0.4766666666666602,1.0848269313617136,1.0848269313617136,1.1733333333333462,1.1733333333333462,0.40000000000048885,0.40000000000048885,51163,51163,0,0,52,52,0,0.0,
heavy_tail_high,0.0,runner_up_checked,120501,0.9333333333333442,0.9333333333333442,0.9333333333334508,0.9333333333334508,0.47666666666666146,0.47666666666666146,1.0861902246896806,1.0861902246896806,1.1866666666665935,1.1866666666665935,0.3333333333329449,0.3333333333329449,42195,42195,0,0,51,51,0,0.0,
heavy_tail_high,0.0,runner_up_checked,120502,0.9333333333333442,0.9333333333333442,0.9333333333334508,0.9333333333334508,0.4766666666666605,0.4766666666666605,1.0849659960409952,1.0849659960409952,1.1733333333333449,1.1733333333333449,0.9333333333329961,0.9333333333329961,42288,42288,0,0,43,43,0,0.0,
heavy_tail_high,0.0,runner_up_checked,120503,0.9333333333333442,0.9333333333333442,0.9333333333334508,0.9333333333334508,0.4766666666666599,0.4766666666666599,1.0846073281388484,1.0846073281388484,1.173333333333349,1.173333333333349,0.9999999999997442,0.9999999999997442,42937,42937,0,0,42,42,0,0.0,
heavy_tail_high,0.0,runner_up_checked,120504,0.9333333333333442,0.9333333333333442,0.9333333333334508,0.9333333333334508,0.4766666666666603,0.4766666666666603,1.0844612257502149,1.0844612257502149,1.173333333333352,1.173333333333352,0.5333333333331041,0.5333333333331041,42693,42693,0,0,39,39,0,0.0,
heavy_tail_high,0.0,runner_up_checked,120505,0.9333333333333442,0.9333333333333442,0.9333333333334508,0.9333333333334508,0.47666666666666174,0.47666666666666174,1.0853426046176042,1.0853426046176042,1.1866666666666277,1.1866666666666277,0.5333333333328767,0.5333333333328767,42600,42600,0,0,46,46,0,0.0,
heavy_tail_high,0.0,runner_up_checked,120506,0.9333333333333442,0.9333333333333442,0.9333333333334508,0.9333333333334508,0.47666666666666124,0.47666666666666124,1.0828029907782315,1.0828029907782315,1.173333333333352,1.173333333333352,0.7999999999995566,0.7999999999995566,42663,42663,0,0,44,44,0,0.0,
heavy_tail_high,0.0,runner_up_checked,120507,0.9333333333333442,0.9333333333333442,0.9333333333334366,0.9333333333334366,0.47666666666665997,0.47666666666665997,1.0844649731363207,1.0844649731363207,1.186666666666588,1.186666666666588,0.7999999999995566,0.7999999999995566,42349,42349,0,0,41,41,0,0.0,
heavy_tail_high,0.0,runner_up_checked,120508,0.9333333333333442,0.9333333333333442,0.9333333333334508,0.9333333333334508,0.47666666666666174,0.47666666666666174,1.0853850778850778,1.0853850778850778,1.173333333333349,1.173333333333349,0.19999999999970441,0.19999999999970441,43042,43042,0,0,49,49,0,0.0,
heavy_tail_high,0.0,runner_up_checked,120509,0.9333333333333442,0.9333333333333442,0.9333333333334508,0.9333333333334508,0.4766666666666607,0.4766666666666607,1.0855627802439236,1.0855627802439236,1.1866666666665935,1.1866666666665935,0.6666666666669414,0.6666666666669414,42368,42368,0,0,50,50,0,0.0,
heavy_tail_high,0.0,runner_up_checked,120510,0.9333333333333442,0.9333333333333442,0.9333333333334508,0.9333333333334508,0.4766666666666613,0.4766666666666613,1.0836396598528175,1.0836396598528175,1.173333333333349,1.173333333333349,0.3333333333329165,0.3333333333329165,42180,42180,0,0,42,42,0,0.0,
heavy_tail_high,0.0,runner_up_checked,120511,0.9333333333333442,0.9333333333333442,0.9333333333334508,0.9333333333334508,0.4766666666666595,0.4766666666666595,1.0830228201938956,1.0830228201938956,1.1733333333333449,1.1733333333333449,0.33333333333351334,0.33333333333351334,44066,44066,0,0,44,44,0,0.0,
heavy_tail_high,0.0,runner_up_checked,120512,0.9333333333333442,0.9333333333333442,0.9333333333334508,0.9333333333334508,0.47666666666666124,0.47666666666666124,1.08670383326708,1.08670383326708,1.1733333333333547,1.1733333333333547,0.33333333333368387,0.33333333333368387,45910,45910,0,0,50,50,0,0.0,
heavy_tail_high,0.0,runner_up_checked,120513,0.9333333333333442,0.9333333333333442,0.9333333333334508,0.9333333333334508,0.47666666666665836,0.47666666666665836,1.0843241683915275,1.0843241683915275,1.1733333333333575,1.1733333333333575,0.5333333333328198,0.5333333333328198,41902,41902,0,0,43,43,0,0.0,
heavy_tail_high,0.0,runner_up_checked,120514,0.9333333333333442,0.9333333333333442,0.9333333333334508,0.9333333333334508,0.47666666666665913,0.47666666666665913,1.08209480800064,1.08209480800064,1.1733333333333575,1.1733333333333575,0.33333333333314386,0.33333333333314386,42910,42910,0,0,46,46,0,0.0,
heavy_tail_high,0.0,runner_up_checked,120515,0.9333333333333442,0.9333333333333442,0.9333333333334366,0.9333333333334366,0.4766666666666582,0.4766666666666582,1.0854272493588268,1.0854272493588268,1.1733333333333547,1.1733333333333547,0.06666666666626497,0.06666666666626497,43158,43158,0,0,48,48,0,0.0,
heavy_tail_high,0.0,runner_up_checked,120516,0.9333333333333584,0.9333333333333584,0.9999999999996589,0.9999999999996589,0.4816666666666595,0.4816666666666595,1.0854428853678837,1.0854428853678837,1.186666666666588,1.186666666666588,0.199999999999676,0.199999999999676,42184,42184,0,0,48,48,0,0.0,
heavy_tail_high,0.0,runner_up_checked,120517,0.9333333333333442,0.9333333333333442,0.9333333333334508,0.9333333333334508,0.4766666666666598,0.4766666666666598,1.0840541762753306,1.0840541762753306,1.1866666666666277,1.1866666666666277,0.5333333333336725,0.5333333333336725,43664,43664,0,0,46,46,0,0.0,
heavy_tail_high,0.0,runner_up_checked,120518,0.9333333333333442,0.9333333333333442,0.9333333333334508,0.9333333333334508,0.47666666666666024,0.47666666666666024,1.0864079077591748,1.0864079077591748,1.1866666666666277,1.1866666666666277,0.3999999999996078,0.3999999999996078,42346,42346,0,0,54,54,0,0.0,
heavy_tail_high,0.0,runner_up_checked,120519,0.9333333333333442,0.9333333333333442,0.9333333333334508,0.9333333333334508,0.47666666666665947,0.47666666666665947,1.0833446123711719,1.0833446123711719,1.173333333333352,1.173333333333352,0.9333333333333371,0.9333333333333371,43154,43154,0,0,54,54,0,0.0,
heavy_tail_high,0.0,runner_up_checked,120520,0.9333333333333442,0.9333333333333442,0.9333333333334508,0.9333333333334508,0.47666666666665913,0.47666666666665913,1.0838443547222174,1.0838443547222174,1.1733333333333547,1.1733333333333547,0.5333333333331041,0.5333333333331041,42673,42673,0,0,46,46,0,0.0,
heavy_tail_high,0.0,runner_up_checked,120521,0.9333333333333442,0.9333333333333442,0.9333333333334508,0.9333333333334508,0.47666666666666047,0.47666666666666047,1.0824682084515838,1.0824682084515838,1.1733333333333449,1.1733333333333449,0.4000000000001478,0.4000000000001478,42946,42946,0,0,40,40,0,0.0,
heavy_tail_high,0.0,runner_up_checked,120522,0.9333333333333442,0.9333333333333442,0.9333333333334508,0.9333333333334508,0.47666666666666047,0.47666666666666047,1.083956998423334,1.083956998423334,1.186666666666588,1.186666666666588,0.0666666666662934,0.0666666666662934,43186,43186,0,0,44,44,0,0.0,
heavy_tail_high,0.0,runner_up_checked,120523,0.9333333333333442,0.9333333333333442,0.9333333333334366,0.9333333333334366,0.47666666666665797,0.47666666666665797,1.0805665811418717,1.0805665811418717,1.173333333333342,1.173333333333342,0.26666666666699257,0.26666666666699257,43035,43035,0,0,46,46,0,0.0,
heavy_tail_high,0.0,runner_up_checked,120524,0.9333333333333442,0.9333333333333442,0.9333333333334508,0.9333333333334508,0.47666666666666047,0.47666666666666047,1.08357733905528,1.08357733905528,1.1866666666666277,1.1866666666666277,0.5999999999998522,0.5999999999998522,45340,45340,0,0,47,47,0,0.0,
heavy_tail_high,0.0,runner_up_checked,120525,0.9333333333333442,0.9333333333333442,0.9333333333334508,0.9333333333334508,0.4766666666666603,0.4766666666666603,1.0847253912456873,1.0847253912456873,1.186666666666666,1.186666666666666,0.19999999999976126,0.19999999999976126,43151,43151,0,0,42,42,0,0.0,
heavy_tail_high,0.0,runner_up_checked,120526,0.9333333333333442,0.9333333333333442,0.9333333333334508,0.9333333333334508,0.47666666666665974,0.47666666666665974,1.0849000886425793,1.0849000886425793,1.186666666666588,1.186666666666588,0.3999999999996078,0.3999999999996078,42074,42074,0,0,51,51,0,0.0,
heavy_tail_high,0.0,runner_up_checked,120527,0.9333333333333442,0.9333333333333442,0.9333333333334508,0.9333333333334508,0.4766666666666594,0.4766666666666594,1.084678843542078,1.084678843542078,1.1733333333333575,1.1733333333333575,0.3333333333329449,0.3333333333329449,43034,43034,0,0,45,45,0,0.0,
heavy_tail_high,0.0,runner_up_checked,120528,0.9333333333333442,0.9333333333333442,0.9333333333334508,0.9333333333334508,0.4766666666666593,0.4766666666666593,1.0847725290304222,1.0847725290304222,1.186666666666588,1.186666666666588,0.599999999999568,0.599999999999568,41965,41965,0,0,50,50,0,0.0,
heavy_tail_high,0.0,runner_up_checked,120529,0.9333333333333442,0.9333333333333442,0.9333333333334508,0.9333333333334508,0.47666666666666,0.47666666666666,1.0854036473085367,1.0854036473085367,1.173333333333349,1.173333333333349,0.8000000000006082,0.8000000000006082,46644,46644,0,0,49,49,0,0.0,
heavy_tail_high,0.5,selected_checked,120500,0.9333333333333442,0.9333333333333442,0.9333333333334508,0.9333333333334508,0.4766666666666602,0.4766666666666602,1.0848269313617136,1.0848269313617136,1.1733333333333462,1.1733333333333462,0.40000000000048885,0.40000000000048885,51163,51163,0,0,52,52,0,0.0,
heavy_tail_high,0.5,selected_checked,120501,0.9333333333333442,0.9333333333333442,0.9333333333334508,0.9333333333334508,0.47666666666666146,0.47666666666666146,1.0861902246896806,1.0861902246896806,1.1866666666665935,1.1866666666665935,0.3333333333329449,0.3333333333329449,42195,42195,0,0,51,51,0,0.0,
heavy_tail_high,0.5,selected_checked,120502,0.9333333333333442,0.9333333333333442,0.9333333333334508,0.9333333333334508,0.4766666666666605,0.4766666666666605,1.0849659960409952,1.0849659960409952,1.1733333333333449,1.1733333333333449,0.9333333333329961,0.9333333333329961,42288,42288,0,0,43,43,0,0.0,
heavy_tail_high,0.5,selected_checked,120503,0.9333333333333442,0.9333333333333442,0.9333333333334508,0.9333333333334508,0.4766666666666599,0.4766666666666599,1.0846073281388484,1.0846073281388484,1.173333333333349,1.173333333333349,0.9999999999997442,0.9999999999997442,42937,42937,0,0,42,42,0,0.0,
heavy_tail_high,0.5,selected_checked,120504,0.9333333333333442,0.9333333333333442,0.9333333333334508,0.9333333333334508,0.4766666666666603,0.4766666666666603,1.0844612257502149,1.0844612257502149,1.173333333333352,1.173333333333352,0.5333333333331041,0.5333333333331041,42693,42693,0,0,39,39,0,0.0,
heavy_tail_high,0.5,selected_checked,120505,0.9333333333333442,0.9333333333333442,0.9333333333334508,0.9333333333334508,0.47666666666666174,0.47666666666666174,1.0853426046176042,1.0853426046176042,1.1866666666666277,1.1866666666666277,0.5333333333328767,0.5333333333328767,42600,42600,0,0,46,46,0,0.0,
heavy_tail_high,0.5,selected_checked,120506,0.9333333333333442,0.9333333333333442,0.9333333333334508,0.9333333333334508,0.47666666666666124,0.47666666666666124,1.0828029907782315,1.0828029907782315,1.173333333333352,1.173333333333352,0.7999999999995566,0.7999999999995566,42663,42663,0,0,44,44,0,0.0,
heavy_tail_high,0.5,selected_checked,120507,0.9333333333333442,0.9333333333333442,0.9333333333334366,0.9333333333334366,0.47666666666665997,0.47666666666665997,1.0844649731363207,1.0844649731363207,1.186666666666588,1.186666666666588,0.7999999999995566,0.7999999999995566,42349,42349,0,0,41,41,0,0.0,
heavy_tail_high,0.5,selected_checked,120508,0.9333333333333442,0.9333333333333442,0.9333333333334508,0.9333333333334508,0.47666666666666174,0.47666666666666174,1.0853850778850778,1.0853850778850778,1.173333333333349,1.173333333333349,0.19999999999970441,0.19999999999970441,43042,43042,0,0,49,49,0,0.0,
heavy_tail_high,0.5,selected_checked,120509,0.9333333333333442,0.9333333333333442,0.9333333333334508,0.9333333333334508,0.4766666666666607,0.4766666666666607,1.0855627802439236,1.0855627802439236,1.1866666666665935,1.1866666666665935,0.6666666666669414,0.6666666666669414,42368,42368,0,0,50,50,0,0.0,
heavy_tail_high,0.5,selected_checked,120510,0.9333333333333442,0.9333333333333442,0.9333333333334508,0.9333333333334508,0.4766666666666613,0.4766666666666613,1.0836396598528175,1.0836396598528175,1.173333333333349,1.173333333333349,0.3333333333329165,0.3333333333329165,42180,42180,0,0,42,42,0,0.0,
heavy_tail_high,0.5,selected_checked,120511,0.9333333333333442,0.9333333333333442,0.9333333333334508,0.9333333333334508,0.4766666666666595,0.4766666666666595,1.0830228201938956,1.0830228201938956,1.1733333333333449,1.1733333333333449,0.33333333333351334,0.33333333333351334,44066,44066,0,0,44,44,0,0.0,
heavy_tail_high,0.5,selected_checked,120512,0.9333333333333442,0.9333333333333442,0.9333333333334508,0.9333333333334508,0.47666666666666124,0.47666666666666124,1.08670383326708,1.08670383326708,1.1733333333333547,1.1733333333333547,0.33333333333368387,0.33333333333368387,45910,45910,0,0,50,50,0,0.0,
heavy_tail_high,0.5,selected_checked,120513,0.9333333333333442,0.9333333333333442,0.9333333333334508,0.9333333333334508,0.47666666666665836,0.47666666666665836,1.0843241683915275,1.0843241683915275,1.1733333333333575,1.1733333333333575,0.5333333333328198,0.5333333333328198,41902,41902,0,0,43,43,0,0.0,
heavy_tail_high,0.5,selected_checked,120514,0.9333333333333442,0.9333333333333442,0.9333333333334508,0.9333333333334508,0.47666666666665913,0.47666666666665913,1.08209480800064,1.08209480800064,1.1733333333333575,1.1733333333333575,0.33333333333314386,0.33333333333314386,42910,42910,0,0,46,46,0,0.0,
heavy_tail_high,0.5,selected_checked,120515,0.9333333333333442,0.9333333333333442,0.9333333333334366,0.9333333333334366,0.4766666666666582,0.4766666666666582,1.0854272493588268,1.0854272493588268,1.1733333333333547,1.1733333333333547,0.06666666666626497,0.06666666666626497,43158,43158,0,0,48,48,0,0.0,
heavy_tail_high,0.5,selected_checked,120516,0.9333333333333584,0.9333333333333584,0.9999999999996589,0.9999999999996589,0.4816666666666595,0.4816666666666595,1.0854428853678837,1.0854428853678837,1.186666666666588,1.186666666666588,0.199999999999676,0.199999999999676,42184,42184,0,0,48,48,0,0.0,
heavy_tail_high,0.5,selected_checked,120517,0.9333333333333442,0.9333333333333442,0.9333333333334508,0.9333333333334508,0.4766666666666598,0.4766666666666598,1.0840541762753306,1.0840541762753306,1.1866666666666277,1.1866666666666277,0.5333333333336725,0.5333333333336725,43664,43664,0,0,46,46,0,0.0,
heavy_tail_high,0.5,selected_checked,120518,0.9333333333333442,0.9333333333333442,0.9333333333334508,0.9333333333334508,0.47666666666666024,0.47666666666666024,1.0864079077591748,1.0864079077591748,1.1866666666666277,1.1866666666666277,0.3999999999996078,0.3999999999996078,42346,42346,0,0,54,54,0,0.0,
heavy_tail_high,0.5,selected_checked,120519,0.9333333333333442,0.9333333333333442,0.9333333333334508,0.9333333333334508,0.47666666666665947,0.47666666666665947,1.0833446123711719,1.0833446123711719,1.173333333333352,1.173333333333352,0.9333333333333371,0.9333333333333371,43154,43154,0,0,54,54,0,0.0,
heavy_tail_high,0.5,selected_checked,120520,0.9333333333333442,0.9333333333333442,0.9333333333334508,0.9333333333334508,0.47666666666665913,0.47666666666665913,1.0838443547222174,1.0838443547222174,1.1733333333333547,1.1733333333333547,0.5333333333331041,0.5333333333331041,42673,42673,0,0,46,46,0,0.0,
heavy_tail_high,0.5,selected_checked,120521,0.9333333333333442,0.9333333333333442,0.9333333333334508,0.9333333333334508,0.47666666666666047,0.47666666666666047,1.0824682084515838,1.0824682084515838,1.1733333333333449,1.1733333333333449,0.4000000000001478,0.4000000000001478,42946,42946,0,0,40,40,0,0.0,
heavy_tail_high,0.5,selected_checked,120522,0.9333333333333442,0.9333333333333442,0.9333333333334508,0.9333333333334508,0.47666666666666047,0.47666666666666047,1.083956998423334,1.083956998423334,1.186666666666588,1.186666666666588,0.0666666666662934,0.0666666666662934,43186,43186,0,0,44,44,0,0.0,
heavy_tail_high,0.5,selected_checked,120523,0.9333333333333442,0.9333333333333442,0.9333333333334366,0.9333333333334366,0.47666666666665797,0.47666666666665797,1.0805665811418717,1.0805665811418717,1.173333333333342,1.173333333333342,0.26666666666699257,0.26666666666699257,43035,43035,0,0,46,46,0,0.0,
heavy_tail_high,0.5,selected_checked,120524,0.9333333333333442,0.9333333333333442,0.9333333333334508,0.9333333333334508,0.47666666666666047,0.47666666666666047,1.08357733905528,1.08357733905528,1.1866666666666277,1.1866666666666277,0.5999999999998522,0.5999999999998522,45340,45340,0,0,47,47,0,0.0,
heavy_tail_high,0.5,selected_checked,120525,0.9333333333333442,0.9333333333333442,0.9333333333334508,0.9333333333334508,0.4766666666666603,0.4766666666666603,1.0847253912456873,1.0847253912456873,1.186666666666666,1.186666666666666,0.19999999999976126,0.19999999999976126,43151,43151,0,0,42,42,0,0.0,
heavy_tail_high,0.5,selected_checked,120526,0.9333333333333442,0.9333333333333442,0.9333333333334508,0.9333333333334508,0.47666666666665974,0.47666666666665974,1.0849000886425793,1.0849000886425793,1.186666666666588,1.186666666666588,0.3999999999996078,0.3999999999996078,42074,42074,0,0,51,51,0,0.0,
heavy_tail_high,0.5,selected_checked,120527,0.9333333333333442,0.9333333333333442,0.9333333333334508,0.9333333333334508,0.4766666666666594,0.4766666666666594,1.084678843542078,1.084678843542078,1.1733333333333575,1.1733333333333575,0.3333333333329449,0.3333333333329449,43034,43034,0,0,45,45,0,0.0,
heavy_tail_high,0.5,selected_checked,120528,0.9333333333333442,0.9333333333333442,0.9333333333334508,0.9333333333334508,0.4766666666666593,0.4766666666666593,1.0847725290304222,1.0847725290304222,1.186666666666588,1.186666666666588,0.599999999999568,0.599999999999568,41965,41965,0,0,50,50,0,0.0,
heavy_tail_high,0.5,selected_checked,120529,0.9333333333333442,0.9333333333333442,0.9333333333334508,0.9333333333334508,0.47666666666666,0.47666666666666,1.0854036473085367,1.0854036473085367,1.173333333333349,1.173333333333349,0.8000000000006082,0.8000000000006082,46644,46644,0,0,49,49,0,0.0,
heavy_tail_high,0.5,selected_unchecked,120500,0.9333333333333442,0.9333333333333442,0.9333333333334508,0.9333333333334508,0.4766666666666602,0.4766666666666602,1.0848269313617136,1.0848269313617136,1.1733333333333462,1.1733333333333462,0.40000000000048885,0.40000000000048885,51163,51163,0,0,52,52,0,0.0,
heavy_tail_high,0.5,selected_unchecked,120501,0.9333333333333442,0.9333333333333442,0.9333333333334508,0.9333333333334508,0.47666666666666146,0.47666666666666146,1.0861902246896806,1.0861902246896806,1.1866666666665935,1.1866666666665935,0.3333333333329449,0.3333333333329449,42195,42195,0,0,51,51,0,0.0,
heavy_tail_high,0.5,selected_unchecked,120502,0.9333333333333442,0.9333333333333442,0.9333333333334508,0.9333333333334508,0.4766666666666605,0.4766666666666605,1.0849659960409952,1.0849659960409952,1.1733333333333449,1.1733333333333449,0.9333333333329961,0.9333333333329961,42288,42288,0,0,43,43,0,0.0,
heavy_tail_high,0.5,selected_unchecked,120503,0.9333333333333442,0.9333333333333442,0.9333333333334508,0.9333333333334508,0.4766666666666599,0.4766666666666599,1.0846073281388484,1.0846073281388484,1.173333333333349,1.173333333333349,0.9999999999997442,0.9999999999997442,42937,42937,0,0,42,42,0,0.0,
heavy_tail_high,0.5,selected_unchecked,120504,0.9333333333333442,0.9333333333333442,0.9333333333334508,0.9333333333334508,0.4766666666666603,0.4766666666666603,1.0844612257502149,1.0844612257502149,1.173333333333352,1.173333333333352,0.5333333333331041,0.5333333333331041,42693,42693,0,0,39,39,0,0.0,
heavy_tail_high,0.5,selected_unchecked,120505,0.9333333333333442,0.9333333333333442,0.9333333333334508,0.9333333333334508,0.47666666666666174,0.47666666666666174,1.0853426046176042,1.0853426046176042,1.1866666666666277,1.1866666666666277,0.5333333333328767,0.5333333333328767,42600,42600,0,0,46,46,0,0.0,
heavy_tail_high,0.5,selected_unchecked,120506,0.9333333333333442,0.9333333333333442,0.9333333333334508,0.9333333333334508,0.47666666666666124,0.47666666666666124,1.0828029907782315,1.0828029907782315,1.173333333333352,1.173333333333352,0.7999999999995566,0.7999999999995566,42663,42663,0,0,44,44,0,0.0,
heavy_tail_high,0.5,selected_unchecked,120507,0.9333333333333442,0.9333333333333442,0.9333333333334366,0.9333333333334366,0.47666666666665997,0.47666666666665997,1.0844649731363207,1.0844649731363207,1.186666666666588,1.186666666666588,0.7999999999995566,0.7999999999995566,42349,42349,0,0,41,41,0,0.0,
heavy_tail_high,0.5,selected_unchecked,120508,0.9333333333333442,0.9333333333333442,0.9333333333334508,0.9333333333334508,0.47666666666666174,0.47666666666666174,1.0853850778850778,1.0853850778850778,1.173333333333349,1.173333333333349,0.19999999999970441,0.19999999999970441,43042,43042,0,0,49,49,0,0.0,
heavy_tail_high,0.5,selected_unchecked,120509,0.9333333333333442,0.9333333333333442,0.9333333333334508,0.9333333333334508,0.4766666666666607,0.4766666666666607,1.0855627802439236,1.0855627802439236,1.1866666666665935,1.1866666666665935,0.6666666666669414,0.6666666666669414,42368,42368,0,0,50,50,0,0.0,
heavy_tail_high,0.5,selected_unchecked,120510,0.9333333333333442,0.9333333333333442,0.9333333333334508,0.9333333333334508,0.4766666666666613,0.4766666666666613,1.0836396598528175,1.0836396598528175,1.173333333333349,1.173333333333349,0.3333333333329165,0.3333333333329165,42180,42180,0,0,42,42,0,0.0,
heavy_tail_high,0.5,selected_unchecked,120511,0.9333333333333442,0.9333333333333442,0.9333333333334508,0.9333333333334508,0.4766666666666595,0.4766666666666595,1.0830228201938956,1.0830228201938956,1.1733333333333449,1.1733333333333449,0.33333333333351334,0.33333333333351334,44066,44066,0,0,44,44,0,0.0,
heavy_tail_high,0.5,selected_unchecked,120512,0.9333333333333442,0.9333333333333442,0.9333333333334508,0.9333333333334508,0.47666666666666124,0.47666666666666124,1.08670383326708,1.08670383326708,1.1733333333333547,1.1733333333333547,0.33333333333368387,0.33333333333368387,45910,45910,0,0,50,50,0,0.0,
heavy_tail_high,0.5,selected_unchecked,120513,0.9333333333333442,0.9333333333333442,0.9333333333334508,0.9333333333334508,0.47666666666665836,0.47666666666665836,1.0843241683915275,1.0843241683915275,1.1733333333333575,1.1733333333333575,0.5333333333328198,0.5333333333328198,41902,41902,0,0,43,43,0,0.0,
heavy_tail_high,0.5,selected_unchecked,120514,0.9333333333333442,0.9333333333333442,0.9333333333334508,0.9333333333334508,0.47666666666665913,0.47666666666665913,1.08209480800064,1.08209480800064,1.1733333333333575,1.1733333333333575,0.33333333333314386,0.33333333333314386,42910,42910,0,0,46,46,0,0.0,
heavy_tail_high,0.5,selected_unchecked,120515,0.9333333333333442,0.9333333333333442,0.9333333333334366,0.9333333333334366,0.4766666666666582,0.4766666666666582,1.0854272493588268,1.0854272493588268,1.1733333333333547,1.1733333333333547,0.06666666666626497,0.06666666666626497,43158,43158,0,0,48,48,0,0.0,
heavy_tail_high,0.5,selected_unchecked,120516,0.9333333333333584,0.9333333333333584,0.9999999999996589,0.9999999999996589,0.4816666666666595,0.4816666666666595,1.0854428853678837,1.0854428853678837,1.186666666666588,1.186666666666588,0.199999999999676,0.199999999999676,42184,42184,0,0,48,48,0,0.0,
heavy_tail_high,0.5,selected_unchecked,120517,0.9333333333333442,0.9333333333333442,0.9333333333334508,0.9333333333334508,0.4766666666666598,0.4766666666666598,1.0840541762753306,1.0840541762753306,1.1866666666666277,1.1866666666666277,0.5333333333336725,0.5333333333336725,43664,43664,0,0,46,46,0,0.0,
heavy_tail_high,0.5,selected_unchecked,120518,0.9333333333333442,0.9333333333333442,0.9333333333334508,0.9333333333334508,0.47666666666666024,0.47666666666666024,1.0864079077591748,1.0864079077591748,1.1866666666666277,1.1866666666666277,0.3999999999996078,0.3999999999996078,42346,42346,0,0,54,54,0,0.0,
heavy_tail_high,0.5,selected_unchecked,120519,0.9333333333333442,0.9333333333333442,0.9333333333334508,0.9333333333334508,0.47666666666665947,0.47666666666665947,1.0833446123711719,1.0833446123711719,1.173333333333352,1.173333333333352,0.9333333333333371,0.9333333333333371,43154,43154,0,0,54,54,0,0.0,
heavy_tail_high,0.5,selected_unchecked,120520,0.9333333333333442,0.9333333333333442,0.9333333333334508,0.9333333333334508,0.47666666666665913,0.47666666666665913,1.0838443547222174,1.0838443547222174,1.1733333333333547,1.1733333333333547,0.5333333333331041,0.5333333333331041,42673,42673,0,0,46,46,0,0.0,
heavy_tail_high,0.5,selected_unchecked,120521,0.9333333333333442,0.9333333333333442,0.9333333333334508,0.9333333333334508,0.47666666666666047,0.47666666666666047,1.0824682084515838,1.0824682084515838,1.1733333333333449,1.1733333333333449,0.4000000000001478,0.4000000000001478,42946,42946,0,0,40,40,0,0.0,
heavy_tail_high,0.5,selected_unchecked,120522,0.9333333333333442,0.9333333333333442,0.9333333333334508,0.9333333333334508,0.47666666666666047,0.47666666666666047,1.083956998423334,1.083956998423334,1.186666666666588,1.186666666666588,0.0666666666662934,0.0666666666662934,43186,43186,0,0,44,44,0,0.0,
heavy_tail_high,0.5,selected_unchecked,120523,0.9333333333333442,0.9333333333333442,0.9333333333334366,0.9333333333334366,0.47666666666665797,0.47666666666665797,1.0805665811418717,1.0805665811418717,1.173333333333342,1.173333333333342,0.26666666666699257,0.26666666666699257,43035,43035,0,0,46,46,0,0.0,
heavy_tail_high,0.5,selected_unchecked,120524,0.9333333333333442,0.9333333333333442,0.9333333333334508,0.9333333333334508,0.47666666666666047,0.47666666666666047,1.08357733905528,1.08357733905528,1.1866666666666277,1.1866666666666277,0.5999999999998522,0.5999999999998522,45340,45340,0,0,47,47,0,0.0,
heavy_tail_high,0.5,selected_unchecked,120525,0.9333333333333442,0.9333333333333442,0.9333333333334508,0.9333333333334508,0.4766666666666603,0.4766666666666603,1.0847253912456873,1.0847253912456873,1.186666666666666,1.186666666666666,0.19999999999976126,0.19999999999976126,43151,43151,0,0,42,42,0,0.0,
heavy_tail_high,0.5,selected_unchecked,120526,0.9333333333333442,0.9333333333333442,0.9333333333334508,0.9333333333334508,0.47666666666665974,0.47666666666665974,1.0849000886425793,1.0849000886425793,1.186666666666588,1.186666666666588,0.3999999999996078,0.3999999999996078,42074,42074,0,0,51,51,0,0.0,
heavy_tail_high,0.5,selected_unchecked,120527,0.9333333333333442,0.9333333333333442,0.9333333333334508,0.9333333333334508,0.4766666666666594,0.4766666666666594,1.084678843542078,1.084678843542078,1.1733333333333575,1.1733333333333575,0.3333333333329449,0.3333333333329449,43034,43034,0,0,45,45,0,0.0,
heavy_tail_high,0.5,selected_unchecked,120528,0.9333333333333442,0.9333333333333442,0.9333333333334508,0.9333333333334508,0.4766666666666593,0.4766666666666593,1.0847725290304222,1.0847725290304222,1.186666666666588,1.186666666666588,0.599999999999568,0.599999999999568,41965,41965,0,0,50,50,0,0.0,
heavy_tail_high,0.5,selected_unchecked,120529,0.9333333333333442,0.9333333333333442,0.9333333333334508,0.9333333333334508,0.47666666666666,0.47666666666666,1.0854036473085367,1.0854036473085367,1.173333333333349,1.173333333333349,0.8000000000006082,0.8000000000006082,46644,46644,0,0,49,49,0,0.0,
heavy_tail_high,0.5,original_q2_a0.8_or_unchecked,120500,0.9333333333333442,0.9333333333333584,0.9333333333334508,0.9999999999996589,0.4766666666666602,0.48016666666666036,1.0848269313617136,1.08719056772535,1.1733333333333462,1.1733333333333547,0.40000000000048885,0.40000000000048885,51163,51937,0,20,52,48,9,0.7142857142857143,1.0
heavy_tail_high,0.5,original_q2_a0.8_or_unchecked,120501,0.9333333333333442,0.9333333333333442,0.9333333333334508,0.9333333333334508,0.47666666666666146,0.4766666666666609,1.0861902246896806,1.0861902246896802,1.1866666666665935,1.1866666666665935,0.3333333333329449,0.3333333333329733,42195,43339,0,32,51,53,14,0.8571428571428571,1.0
heavy_tail_high,0.5,original_q2_a0.8_or_unchecked,120502,0.9333333333333442,0.9333333333333727,0.9333333333334508,0.9999999999998579,0.4766666666666605,0.4831666666666613,1.0849659960409952,1.0870017103267096,1.1733333333333449,1.1733333333333462,0.9333333333329961,0.9333333333329961,42288,43000,0,16,43,46,8,0.5714285714285714,1.0
heavy_tail_high,0.5,original_q2_a0.8_or_unchecked,120503,0.9333333333333442,0.9333333333333584,0.9333333333334508,0.9999999999996589,0.4766666666666599,0.48166666666666025,1.0846073281388484,1.0856073281388483,1.173333333333349,1.173333333333352,0.9999999999997442,0.9999999999997442,42937,43918,0,24,42,45,8,0.7142857142857143,1.0
heavy_tail_high,0.5,original_q2_a0.8_or_unchecked,120504,0.9333333333333442,0.9333333333333442,0.9333333333334508,0.9333333333334508,0.4766666666666603,0.4766666666666603,1.0844612257502149,1.0844612257502149,1.173333333333352,1.173333333333352,0.5333333333331041,0.5333333333331041,42693,43293,0,16,39,40,7,0.5714285714285714,1.0
heavy_tail_high,0.5,original_q2_a0.8_or_unchecked,120505,0.9333333333333442,0.9333333333333584,0.9333333333334508,0.9333333333334508,0.47666666666666174,0.4781666666666616,1.0853426046176042,1.0874551046176042,1.1866666666666277,1.1866666666666674,0.5333333333328767,0.5333333333328767,42600,43272,0,20,46,46,7,0.5714285714285714,1.0
heavy_tail_high,0.5,original_q2_a0.8_or_unchecked,120506,0.9333333333333442,0.9333333333333442,0.9333333333334508,0.9333333333334508,0.47666666666666124,0.4766666666666606,1.0828029907782315,1.0828029907782315,1.173333333333352,1.173333333333352,0.7999999999995566,0.7999999999995566,42663,42985,0,16,44,45,11,0.5714285714285714,1.0
heavy_tail_high,0.5,original_q2_a0.8_or_unchecked,120507,0.9333333333333442,0.9333333333333584,0.9333333333334366,0.9999999999996589,0.47666666666665997,0.4816666666666598,1.0844649731363207,1.0854649731363208,1.186666666666588,1.1866666666666277,0.7999999999995566,0.7999999999995566,42349,43404,0,28,41,43,9,0.5714285714285714,1.0
heavy_tail_high,0.5,original_q2_a0.8_or_unchecked,120508,0.9333333333333442,0.9333333333333442,0.9333333333334508,0.9333333333334508,0.47666666666666174,0.47566666666666124,1.0853850778850778,1.086968411218411,1.173333333333349,1.173333333333352,0.19999999999970441,0.19999999999970441,43042,44075,0,24,49,52,14,0.7142857142857143,1.0
heavy_tail_high,0.5,original_q2_a0.8_or_unchecked,120509,0.9333333333333442,0.9333333333333584,0.9333333333334508,0.9999999999996589,0.4766666666666607,0.4816666666666606,1.0855627802439236,1.0865627802439235,1.1866666666665935,1.186666666666666,0.6666666666669414,0.6666666666669414,42368,43729,0,36,50,55,16,0.8571428571428571,1.0
heavy_tail_high,0.5,original_q2_a0.8_or_unchecked,120510,0.9333333333333442,0.9333333333333442,0.9333333333334508,0.9333333333334508,0.4766666666666613,0.47666666666666146,1.0836396598528175,1.0836396598528175,1.173333333333349,1.173333333333349,0.3333333333329165,0.3333333333329165,42180,42623,0,12,42,44,4,0.42857142857142855,1.0
heavy_tail_high,0.5,original_q2_a0.8_or_unchecked,120511,0.9333333333333442,0.9333333333333584,0.9333333333334508,0.9999999999996589,0.4766666666666595,0.4816666666666597,1.0830228201938956,1.0840228201938957,1.1733333333333449,1.173333333333349,0.33333333333351334,0.3333333333335702,44066,44657,0,16,44,47,7,0.5714285714285714,1.0
heavy_tail_high,0.5,original_q2_a0.8_or_unchecked,120512,0.9333333333333442,0.9333333333333442,0.9333333333334508,0.9333333333334508,0.47666666666666124,0.47666666666666124,1.08670383326708,1.08670383326708,1.1733333333333547,1.1733333333333547,0.33333333333368387,0.33333333333368387,45910,47011,0,32,50,52,16,0.7142857142857143,1.0
heavy_tail_high,0.5,original_q2_a0.8_or_unchecked,120513,0.9333333333333442,0.9333333333333442,0.9333333333334508,0.9333333333334508,0.47666666666665836,0.4766666666666585,1.0843241683915275,1.0843241683915275,1.1733333333333575,1.1733333333333575,0.5333333333328198,0.5333333333328198,41902,42945,0,28,43,45,10,0.8571428571428571,1.0
heavy_tail_high,0.5,original_q2_a0.8_or_unchecked,120514,0.9333333333333442,0.9333333333333442,0.9333333333334508,0.9333333333334508,0.47666666666665913,0.47666666666665924,1.08209480800064,1.0820948080006403,1.1733333333333575,1.1733333333333575,0.33333333333314386,0.33333333333314386,42910,43539,0,16,46,47,7,0.42857142857142855,1.0
heavy_tail_high,0.5,original_q2_a0.8_or_unchecked,120515,0.9333333333333442,0.9333333333333442,0.9333333333334366,0.9333333333334366,0.4766666666666582,0.4766666666666582,1.0854272493588268,1.0854272493588268,1.1733333333333547,1.1733333333333547,0.06666666666626497,0.06666666666626497,43158,43898,0,20,48,49,11,0.5714285714285714,1.0
heavy_tail_high,0.5,original_q2_a0.8_or_unchecked,120516,0.9333333333333584,0.9333333333333727,0.9999999999996589,0.9999999999998579,0.4816666666666595,0.49166666666665937,1.0854428853678837,1.0874428853678837,1.186666666666588,1.1866666666666277,0.199999999999676,0.199999999999676,42184,43299,0,28,48,50,10,0.7142857142857143,1.0
heavy_tail_high,0.5,original_q2_a0.8_or_unchecked,120517,0.9333333333333442,0.9333333333333442,0.9333333333334508,0.9333333333334508,0.4766666666666598,0.4766666666666599,1.0840541762753306,1.0840541762753306,1.1866666666666277,1.1866666666666277,0.5333333333336725,0.5333333333336725,43664,44329,0,16,46,47,7,0.5714285714285714,1.0
heavy_tail_high,0.5,original_q2_a0.8_or_unchecked,120518,0.9333333333333442,0.9333333333333442,0.9333333333334508,0.9333333333334508,0.47666666666666024,0.47666666666666024,1.0864079077591748,1.0864079077591748,1.1866666666666277,1.1866666666666277,0.3999999999996078,0.3999999999996078,42346,42938,0,16,54,55,8,0.42857142857142855,1.0
heavy_tail_high,0.5,original_q2_a0.8_or_unchecked,120519,0.9333333333333442,0.9333333333333442,0.9333333333334508,0.9333333333334508,0.47666666666665947,0.47666666666665947,1.0833446123711719,1.0833446123711719,1.173333333333352,1.173333333333352,0.9333333333333371,0.9333333333333371,43154,44486,0,36,54,54,16,0.7142857142857143,1.0
heavy_tail_high,0.5,original_q2_a0.8_or_unchecked,120520,0.9333333333333442,0.9333333333333584,0.9333333333334508,0.9999999999996589,0.47666666666665913,0.48166666666665947,1.0838443547222174,1.0843443547222174,1.1733333333333547,1.1733333333333575,0.5333333333331041,0.5333333333331041,42673,43649,0,24,46,46,7,0.8571428571428571,1.0
heavy_tail_high,0.5,original_q2_a0.8_or_unchecked,120521,0.9333333333333442,0.9333333333333442,0.9333333333334508,0.9333333333334508,0.47666666666666047,0.47666666666666047,1.0824682084515838,1.0824682084515838,1.1733333333333449,1.1733333333333449,0.4000000000001478,0.4000000000001478,42946,43538,0,16,40,40,7,0.5714285714285714,1.0
heavy_tail_high,0.5,original_q2_a0.8_or_unchecked,120522,0.9333333333333442,0.9333333333333442,0.9333333333334508,0.9333333333334508,0.47666666666666047,0.4766666666666608,1.083956998423334,1.0839569984233342,1.186666666666588,1.1866666666665935,0.0666666666662934,0.0666666666662934,43186,44271,0,32,44,47,11,0.8571428571428571,1.0
heavy_tail_high,0.5,original_q2_a0.8_or_unchecked,120523,0.9333333333333442,0.9333333333333584,0.9333333333334366,0.9999999999996589,0.47666666666665797,0.48166666666665797,1.0805665811418717,1.0815665811418718,1.173333333333342,1.1733333333333449,0.26666666666699257,0.26666666666699257,43035,43853,0,24,46,47,8,0.7142857142857143,1.0
heavy_tail_high,0.5,original_q2_a0.8_or_unchecked,120524,0.9333333333333442,0.9333333333333442,0.9333333333334508,0.9999999999996589,0.47666666666666047,0.48666666666666086,1.08357733905528,1.08557733905528,1.1866666666666277,1.1866666666666277,0.5999999999998522,0.5999999999998238,45340,46126,0,28,47,49,10,0.7142857142857143,1.0
heavy_tail_high,0.5,original_q2_a0.8_or_unchecked,120525,0.9333333333333442,0.9333333333333584,0.9333333333334508,0.9999999999996874,0.4766666666666603,0.4816666666666595,1.0847253912456873,1.0855587245790206,1.186666666666666,1.1866666666666674,0.19999999999976126,0.19999999999976126,43151,43928,0,20,42,44,7,0.7142857142857143,1.0
heavy_tail_high,0.5,original_q2_a0.8_or_unchecked,120526,0.9333333333333442,0.9333333333333442,0.9333333333334508,0.9333333333334508,0.47666666666665974,0.4766666666666594,1.0849000886425793,1.0849000886425793,1.186666666666588,1.186666666666588,0.3999999999996078,0.3999999999996078,42074,43438,0,36,51,53,13,0.7142857142857143,1.0
heavy_tail_high,0.5,original_q2_a0.8_or_unchecked,120527,0.9333333333333442,0.9333333333333584,0.9333333333334508,0.9999999999996589,0.4766666666666594,0.4816666666666595,1.084678843542078,1.0856788435420779,1.1733333333333575,1.186666666666588,0.3333333333329449,0.3333333333329449,43034,43972,0,28,45,46,11,0.8571428571428571,1.0
heavy_tail_high,0.5,original_q2_a0.8_or_unchecked,120528,0.9333333333333442,0.9333333333333442,0.9333333333334508,0.9333333333334508,0.4766666666666593,0.47666666666665974,1.0847725290304222,1.0847725290304222,1.186666666666588,1.186666666666588,0.599999999999568,0.5999999999996248,41965,43200,0,28,50,52,12,0.7142857142857143,1.0
heavy_tail_high,0.5,original_q2_a0.8_or_unchecked,120529,0.9333333333333442,0.9333333333333584,0.9333333333334508,0.9999999999998579,0.47666666666666,0.4771666666666599,1.0854036473085367,1.0890703139752034,1.173333333333349,1.186666666666666,0.8000000000006082,0.8000000000006082,46644,47816,0,32,49,52,10,0.8571428571428571,1.0
heavy_tail_high,0.5,runner_up_checked,120500,0.9333333333333442,0.9333333333333442,0.9333333333334508,0.9333333333334508,0.4766666666666602,0.4766666666666602,1.0848269313617136,1.0848269313617136,1.1733333333333462,1.1733333333333462,0.40000000000048885,0.40000000000048885,51163,51163,0,0,52,52,0,0.0,
heavy_tail_high,0.5,runner_up_checked,120501,0.9333333333333442,0.9333333333333442,0.9333333333334508,0.9333333333334508,0.47666666666666146,0.47666666666666146,1.0861902246896806,1.0861902246896806,1.1866666666665935,1.1866666666665935,0.3333333333329449,0.3333333333329449,42195,42195,0,0,51,51,0,0.0,
heavy_tail_high,0.5,runner_up_checked,120502,0.9333333333333442,0.9333333333333442,0.9333333333334508,0.9333333333334508,0.4766666666666605,0.4766666666666605,1.0849659960409952,1.0849659960409952,1.1733333333333449,1.1733333333333449,0.9333333333329961,0.9333333333329961,42288,42288,0,0,43,43,0,0.0,
heavy_tail_high,0.5,runner_up_checked,120503,0.9333333333333442,0.9333333333333442,0.9333333333334508,0.9333333333334508,0.4766666666666599,0.4766666666666599,1.0846073281388484,1.0846073281388484,1.173333333333349,1.173333333333349,0.9999999999997442,0.9999999999997442,42937,42937,0,0,42,42,0,0.0,
heavy_tail_high,0.5,runner_up_checked,120504,0.9333333333333442,0.9333333333333442,0.9333333333334508,0.9333333333334508,0.4766666666666603,0.4766666666666603,1.0844612257502149,1.0844612257502149,1.173333333333352,1.173333333333352,0.5333333333331041,0.5333333333331041,42693,42693,0,0,39,39,0,0.0,
heavy_tail_high,0.5,runner_up_checked,120505,0.9333333333333442,0.9333333333333442,0.9333333333334508,0.9333333333334508,0.47666666666666174,0.47666666666666174,1.0853426046176042,1.0853426046176042,1.1866666666666277,1.1866666666666277,0.5333333333328767,0.5333333333328767,42600,42600,0,0,46,46,0,0.0,
heavy_tail_high,0.5,runner_up_checked,120506,0.9333333333333442,0.9333333333333442,0.9333333333334508,0.9333333333334508,0.47666666666666124,0.47666666666666124,1.0828029907782315,1.0828029907782315,1.173333333333352,1.173333333333352,0.7999999999995566,0.7999999999995566,42663,42663,0,0,44,44,0,0.0,
heavy_tail_high,0.5,runner_up_checked,120507,0.9333333333333442,0.9333333333333442,0.9333333333334366,0.9333333333334366,0.47666666666665997,0.47666666666665997,1.0844649731363207,1.0844649731363207,1.186666666666588,1.186666666666588,0.7999999999995566,0.7999999999995566,42349,42349,0,0,41,41,0,0.0,
heavy_tail_high,0.5,runner_up_checked,120508,0.9333333333333442,0.9333333333333442,0.9333333333334508,0.9333333333334508,0.47666666666666174,0.47666666666666174,1.0853850778850778,1.0853850778850778,1.173333333333349,1.173333333333349,0.19999999999970441,0.19999999999970441,43042,43042,0,0,49,49,0,0.0,
heavy_tail_high,0.5,runner_up_checked,120509,0.9333333333333442,0.9333333333333442,0.9333333333334508,0.9333333333334508,0.4766666666666607,0.4766666666666607,1.0855627802439236,1.0855627802439236,1.1866666666665935,1.1866666666665935,0.6666666666669414,0.6666666666669414,42368,42368,0,0,50,50,0,0.0,
heavy_tail_high,0.5,runner_up_checked,120510,0.9333333333333442,0.9333333333333442,0.9333333333334508,0.9333333333334508,0.4766666666666613,0.4766666666666613,1.0836396598528175,1.0836396598528175,1.173333333333349,1.173333333333349,0.3333333333329165,0.3333333333329165,42180,42180,0,0,42,42,0,0.0,
heavy_tail_high,0.5,runner_up_checked,120511,0.9333333333333442,0.9333333333333442,0.9333333333334508,0.9333333333334508,0.4766666666666595,0.4766666666666595,1.0830228201938956,1.0830228201938956,1.1733333333333449,1.1733333333333449,0.33333333333351334,0.33333333333351334,44066,44066,0,0,44,44,0,0.0,
heavy_tail_high,0.5,runner_up_checked,120512,0.9333333333333442,0.9333333333333442,0.9333333333334508,0.9333333333334508,0.47666666666666124,0.47666666666666124,1.08670383326708,1.08670383326708,1.1733333333333547,1.1733333333333547,0.33333333333368387,0.33333333333368387,45910,45910,0,0,50,50,0,0.0,
heavy_tail_high,0.5,runner_up_checked,120513,0.9333333333333442,0.9333333333333442,0.9333333333334508,0.9333333333334508,0.47666666666665836,0.47666666666665836,1.0843241683915275,1.0843241683915275,1.1733333333333575,1.1733333333333575,0.5333333333328198,0.5333333333328198,41902,41902,0,0,43,43,0,0.0,
heavy_tail_high,0.5,runner_up_checked,120514,0.9333333333333442,0.9333333333333442,0.9333333333334508,0.9333333333334508,0.47666666666665913,0.47666666666665913,1.08209480800064,1.08209480800064,1.1733333333333575,1.1733333333333575,0.33333333333314386,0.33333333333314386,42910,42910,0,0,46,46,0,0.0,
heavy_tail_high,0.5,runner_up_checked,120515,0.9333333333333442,0.9333333333333442,0.9333333333334366,0.9333333333334366,0.4766666666666582,0.4766666666666582,1.0854272493588268,1.0854272493588268,1.1733333333333547,1.1733333333333547,0.06666666666626497,0.06666666666626497,43158,43158,0,0,48,48,0,0.0,
heavy_tail_high,0.5,runner_up_checked,120516,0.9333333333333584,0.9333333333333584,0.9999999999996589,0.9999999999996589,0.4816666666666595,0.4816666666666595,1.0854428853678837,1.0854428853678837,1.186666666666588,1.186666666666588,0.199999999999676,0.199999999999676,42184,42184,0,0,48,48,0,0.0,
heavy_tail_high,0.5,runner_up_checked,120517,0.9333333333333442,0.9333333333333442,0.9333333333334508,0.9333333333334508,0.4766666666666598,0.4766666666666598,1.0840541762753306,1.0840541762753306,1.1866666666666277,1.1866666666666277,0.5333333333336725,0.5333333333336725,43664,43664,0,0,46,46,0,0.0,
heavy_tail_high,0.5,runner_up_checked,120518,0.9333333333333442,0.9333333333333442,0.9333333333334508,0.9333333333334508,0.47666666666666024,0.47666666666666024,1.0864079077591748,1.0864079077591748,1.1866666666666277,1.1866666666666277,0.3999999999996078,0.3999999999996078,42346,42346,0,0,54,54,0,0.0,
heavy_tail_high,0.5,runner_up_checked,120519,0.9333333333333442,0.9333333333333442,0.9333333333334508,0.9333333333334508,0.47666666666665947,0.47666666666665947,1.0833446123711719,1.0833446123711719,1.173333333333352,1.173333333333352,0.9333333333333371,0.9333333333333371,43154,43154,0,0,54,54,0,0.0,
heavy_tail_high,0.5,runner_up_checked,120520,0.9333333333333442,0.9333333333333442,0.9333333333334508,0.9333333333334508,0.47666666666665913,0.47666666666665913,1.0838443547222174,1.0838443547222174,1.1733333333333547,1.1733333333333547,0.5333333333331041,0.5333333333331041,42673,42673,0,0,46,46,0,0.0,
heavy_tail_high,0.5,runner_up_checked,120521,0.9333333333333442,0.9333333333333442,0.9333333333334508,0.9333333333334508,0.47666666666666047,0.47666666666666047,1.0824682084515838,1.0824682084515838,1.1733333333333449,1.1733333333333449,0.4000000000001478,0.4000000000001478,42946,42946,0,0,40,40,0,0.0,
heavy_tail_high,0.5,runner_up_checked,120522,0.9333333333333442,0.9333333333333442,0.9333333333334508,0.9333333333334508,0.47666666666666047,0.47666666666666047,1.083956998423334,1.083956998423334,1.186666666666588,1.186666666666588,0.0666666666662934,0.0666666666662934,43186,43186,0,0,44,44,0,0.0,
heavy_tail_high,0.5,runner_up_checked,120523,0.9333333333333442,0.9333333333333442,0.9333333333334366,0.9333333333334366,0.47666666666665797,0.47666666666665797,1.0805665811418717,1.0805665811418717,1.173333333333342,1.173333333333342,0.26666666666699257,0.26666666666699257,43035,43035,0,0,46,46,0,0.0,
heavy_tail_high,0.5,runner_up_checked,120524,0.9333333333333442,0.9333333333333442,0.9333333333334508,0.9333333333334508,0.47666666666666047,0.47666666666666047,1.08357733905528,1.08357733905528,1.1866666666666277,1.1866666666666277,0.5999999999998522,0.5999999999998522,45340,45340,0,0,47,47,0,0.0,
heavy_tail_high,0.5,runner_up_checked,120525,0.9333333333333442,0.9333333333333442,0.9333333333334508,0.9333333333334508,0.4766666666666603,0.4766666666666603,1.0847253912456873,1.0847253912456873,1.186666666666666,1.186666666666666,0.19999999999976126,0.19999999999976126,43151,43151,0,0,42,42,0,0.0,
heavy_tail_high,0.5,runner_up_checked,120526,0.9333333333333442,0.9333333333333442,0.9333333333334508,0.9333333333334508,0.47666666666665974,0.47666666666665974,1.0849000886425793,1.0849000886425793,1.186666666666588,1.186666666666588,0.3999999999996078,0.3999999999996078,42074,42074,0,0,51,51,0,0.0,
heavy_tail_high,0.5,runner_up_checked,120527,0.9333333333333442,0.9333333333333442,0.9333333333334508,0.9333333333334508,0.4766666666666594,0.4766666666666594,1.084678843542078,1.084678843542078,1.1733333333333575,1.1733333333333575,0.3333333333329449,0.3333333333329449,43034,43034,0,0,45,45,0,0.0,
heavy_tail_high,0.5,runner_up_checked,120528,0.9333333333333442,0.9333333333333442,0.9333333333334508,0.9333333333334508,0.4766666666666593,0.4766666666666593,1.0847725290304222,1.0847725290304222,1.186666666666588,1.186666666666588,0.599999999999568,0.599999999999568,41965,41965,0,0,50,50,0,0.0,
heavy_tail_high,0.5,runner_up_checked,120529,0.9333333333333442,0.9333333333333442,0.9333333333334508,0.9333333333334508,0.47666666666666,0.47666666666666,1.0854036473085367,1.0854036473085367,1.173333333333349,1.173333333333349,0.8000000000006082,0.8000000000006082,46644,46644,0,0,49,49,0,0.0,
heavy_tail_high,2.0,selected_checked,120500,0.9333333333333442,0.9333333333333442,0.9333333333334508,0.9333333333334508,0.4766666666666602,0.4766666666666602,1.0848269313617136,1.0848269313617136,1.1733333333333462,1.1733333333333462,0.40000000000048885,0.40000000000048885,51163,51163,0,0,52,52,0,0.0,
heavy_tail_high,2.0,selected_checked,120501,0.9333333333333442,0.9333333333333442,0.9333333333334508,0.9333333333334508,0.47666666666666146,0.47666666666666146,1.0861902246896806,1.0861902246896806,1.1866666666665935,1.1866666666665935,0.3333333333329449,0.3333333333329449,42195,42195,0,0,51,51,0,0.0,
heavy_tail_high,2.0,selected_checked,120502,0.9333333333333442,0.9333333333333442,0.9333333333334508,0.9333333333334508,0.4766666666666605,0.4766666666666605,1.0849659960409952,1.0849659960409952,1.1733333333333449,1.1733333333333449,0.9333333333329961,0.9333333333329961,42288,42288,0,0,43,43,0,0.0,
heavy_tail_high,2.0,selected_checked,120503,0.9333333333333442,0.9333333333333442,0.9333333333334508,0.9333333333334508,0.4766666666666599,0.4766666666666599,1.0846073281388484,1.0846073281388484,1.173333333333349,1.173333333333349,0.9999999999997442,0.9999999999997442,42937,42937,0,0,42,42,0,0.0,
heavy_tail_high,2.0,selected_checked,120504,0.9333333333333442,0.9333333333333442,0.9333333333334508,0.9333333333334508,0.4766666666666603,0.4766666666666603,1.0844612257502149,1.0844612257502149,1.173333333333352,1.173333333333352,0.5333333333331041,0.5333333333331041,42693,42693,0,0,39,39,0,0.0,
heavy_tail_high,2.0,selected_checked,120505,0.9333333333333442,0.9333333333333442,0.9333333333334508,0.9333333333334508,0.47666666666666174,0.47666666666666174,1.0853426046176042,1.0853426046176042,1.1866666666666277,1.1866666666666277,0.5333333333328767,0.5333333333328767,42600,42600,0,0,46,46,0,0.0,
heavy_tail_high,2.0,selected_checked,120506,0.9333333333333442,0.9333333333333442,0.9333333333334508,0.9333333333334508,0.47666666666666124,0.47666666666666124,1.0828029907782315,1.0828029907782315,1.173333333333352,1.173333333333352,0.7999999999995566,0.7999999999995566,42663,42663,0,0,44,44,0,0.0,
heavy_tail_high,2.0,selected_checked,120507,0.9333333333333442,0.9333333333333442,0.9333333333334366,0.9333333333334366,0.47666666666665997,0.47666666666665997,1.0844649731363207,1.0844649731363207,1.186666666666588,1.186666666666588,0.7999999999995566,0.7999999999995566,42349,42349,0,0,41,41,0,0.0,
heavy_tail_high,2.0,selected_checked,120508,0.9333333333333442,0.9333333333333442,0.9333333333334508,0.9333333333334508,0.47666666666666174,0.47666666666666174,1.0853850778850778,1.0853850778850778,1.173333333333349,1.173333333333349,0.19999999999970441,0.19999999999970441,43042,43042,0,0,49,49,0,0.0,
heavy_tail_high,2.0,selected_checked,120509,0.9333333333333442,0.9333333333333442,0.9333333333334508,0.9333333333334508,0.4766666666666607,0.4766666666666607,1.0855627802439236,1.0855627802439236,1.1866666666665935,1.1866666666665935,0.6666666666669414,0.6666666666669414,42368,42368,0,0,50,50,0,0.0,
heavy_tail_high,2.0,selected_checked,120510,0.9333333333333442,0.9333333333333442,0.9333333333334508,0.9333333333334508,0.4766666666666613,0.4766666666666613,1.0836396598528175,1.0836396598528175,1.173333333333349,1.173333333333349,0.3333333333329165,0.3333333333329165,42180,42180,0,0,42,42,0,0.0,
heavy_tail_high,2.0,selected_checked,120511,0.9333333333333442,0.9333333333333442,0.9333333333334508,0.9333333333334508,0.4766666666666595,0.4766666666666595,1.0830228201938956,1.0830228201938956,1.1733333333333449,1.1733333333333449,0.33333333333351334,0.33333333333351334,44066,44066,0,0,44,44,0,0.0,
heavy_tail_high,2.0,selected_checked,120512,0.9333333333333442,0.9333333333333442,0.9333333333334508,0.9333333333334508,0.47666666666666124,0.47666666666666124,1.08670383326708,1.08670383326708,1.1733333333333547,1.1733333333333547,0.33333333333368387,0.33333333333368387,45910,45910,0,0,50,50,0,0.0,
heavy_tail_high,2.0,selected_checked,120513,0.9333333333333442,0.9333333333333442,0.9333333333334508,0.9333333333334508,0.47666666666665836,0.47666666666665836,1.0843241683915275,1.0843241683915275,1.1733333333333575,1.1733333333333575,0.5333333333328198,0.5333333333328198,41902,41902,0,0,43,43,0,0.0,
heavy_tail_high,2.0,selected_checked,120514,0.9333333333333442,0.9333333333333442,0.9333333333334508,0.9333333333334508,0.47666666666665913,0.47666666666665913,1.08209480800064,1.08209480800064,1.1733333333333575,1.1733333333333575,0.33333333333314386,0.33333333333314386,42910,42910,0,0,46,46,0,0.0,
heavy_tail_high,2.0,selected_checked,120515,0.9333333333333442,0.9333333333333442,0.9333333333334366,0.9333333333334366,0.4766666666666582,0.4766666666666582,1.0854272493588268,1.0854272493588268,1.1733333333333547,1.1733333333333547,0.06666666666626497,0.06666666666626497,43158,43158,0,0,48,48,0,0.0,
heavy_tail_high,2.0,selected_checked,120516,0.9333333333333584,0.9333333333333584,0.9999999999996589,0.9999999999996589,0.4816666666666595,0.4816666666666595,1.0854428853678837,1.0854428853678837,1.186666666666588,1.186666666666588,0.199999999999676,0.199999999999676,42184,42184,0,0,48,48,0,0.0,
heavy_tail_high,2.0,selected_checked,120517,0.9333333333333442,0.9333333333333442,0.9333333333334508,0.9333333333334508,0.4766666666666598,0.4766666666666598,1.0840541762753306,1.0840541762753306,1.1866666666666277,1.1866666666666277,0.5333333333336725,0.5333333333336725,43664,43664,0,0,46,46,0,0.0,
heavy_tail_high,2.0,selected_checked,120518,0.9333333333333442,0.9333333333333442,0.9333333333334508,0.9333333333334508,0.47666666666666024,0.47666666666666024,1.0864079077591748,1.0864079077591748,1.1866666666666277,1.1866666666666277,0.3999999999996078,0.3999999999996078,42346,42346,0,0,54,54,0,0.0,
heavy_tail_high,2.0,selected_checked,120519,0.9333333333333442,0.9333333333333442,0.9333333333334508,0.9333333333334508,0.47666666666665947,0.47666666666665947,1.0833446123711719,1.0833446123711719,1.173333333333352,1.173333333333352,0.9333333333333371,0.9333333333333371,43154,43154,0,0,54,54,0,0.0,
heavy_tail_high,2.0,selected_checked,120520,0.9333333333333442,0.9333333333333442,0.9333333333334508,0.9333333333334508,0.47666666666665913,0.47666666666665913,1.0838443547222174,1.0838443547222174,1.1733333333333547,1.1733333333333547,0.5333333333331041,0.5333333333331041,42673,42673,0,0,46,46,0,0.0,
heavy_tail_high,2.0,selected_checked,120521,0.9333333333333442,0.9333333333333442,0.9333333333334508,0.9333333333334508,0.47666666666666047,0.47666666666666047,1.0824682084515838,1.0824682084515838,1.1733333333333449,1.1733333333333449,0.4000000000001478,0.4000000000001478,42946,42946,0,0,40,40,0,0.0,
heavy_tail_high,2.0,selected_checked,120522,0.9333333333333442,0.9333333333333442,0.9333333333334508,0.9333333333334508,0.47666666666666047,0.47666666666666047,1.083956998423334,1.083956998423334,1.186666666666588,1.186666666666588,0.0666666666662934,0.0666666666662934,43186,43186,0,0,44,44,0,0.0,
heavy_tail_high,2.0,selected_checked,120523,0.9333333333333442,0.9333333333333442,0.9333333333334366,0.9333333333334366,0.47666666666665797,0.47666666666665797,1.0805665811418717,1.0805665811418717,1.173333333333342,1.173333333333342,0.26666666666699257,0.26666666666699257,43035,43035,0,0,46,46,0,0.0,
heavy_tail_high,2.0,selected_checked,120524,0.9333333333333442,0.9333333333333442,0.9333333333334508,0.9333333333334508,0.47666666666666047,0.47666666666666047,1.08357733905528,1.08357733905528,1.1866666666666277,1.1866666666666277,0.5999999999998522,0.5999999999998522,45340,45340,0,0,47,47,0,0.0,
heavy_tail_high,2.0,selected_checked,120525,0.9333333333333442,0.9333333333333442,0.9333333333334508,0.9333333333334508,0.4766666666666603,0.4766666666666603,1.0847253912456873,1.0847253912456873,1.186666666666666,1.186666666666666,0.19999999999976126,0.19999999999976126,43151,43151,0,0,42,42,0,0.0,
heavy_tail_high,2.0,selected_checked,120526,0.9333333333333442,0.9333333333333442,0.9333333333334508,0.9333333333334508,0.47666666666665974,0.47666666666665974,1.0849000886425793,1.0849000886425793,1.186666666666588,1.186666666666588,0.3999999999996078,0.3999999999996078,42074,42074,0,0,51,51,0,0.0,
heavy_tail_high,2.0,selected_checked,120527,0.9333333333333442,0.9333333333333442,0.9333333333334508,0.9333333333334508,0.4766666666666594,0.4766666666666594,1.084678843542078,1.084678843542078,1.1733333333333575,1.1733333333333575,0.3333333333329449,0.3333333333329449,43034,43034,0,0,45,45,0,0.0,
heavy_tail_high,2.0,selected_checked,120528,0.9333333333333442,0.9333333333333442,0.9333333333334508,0.9333333333334508,0.4766666666666593,0.4766666666666593,1.0847725290304222,1.0847725290304222,1.186666666666588,1.186666666666588,0.599999999999568,0.599999999999568,41965,41965,0,0,50,50,0,0.0,
heavy_tail_high,2.0,selected_checked,120529,0.9333333333333442,0.9333333333333442,0.9333333333334508,0.9333333333334508,0.47666666666666,0.47666666666666,1.0854036473085367,1.0854036473085367,1.173333333333349,1.173333333333349,0.8000000000006082,0.8000000000006082,46644,46644,0,0,49,49,0,0.0,
heavy_tail_high,2.0,selected_unchecked,120500,0.9333333333333442,0.9333333333333442,0.9333333333334508,0.9333333333334508,0.4766666666666602,0.4766666666666602,1.0848269313617136,1.0848269313617136,1.1733333333333462,1.1733333333333462,0.40000000000048885,0.40000000000048885,51163,51163,0,0,52,52,0,0.0,
heavy_tail_high,2.0,selected_unchecked,120501,0.9333333333333442,0.9333333333333442,0.9333333333334508,0.9333333333334508,0.47666666666666146,0.47666666666666146,1.0861902246896806,1.0861902246896806,1.1866666666665935,1.1866666666665935,0.3333333333329449,0.3333333333329449,42195,42195,0,0,51,51,0,0.0,
heavy_tail_high,2.0,selected_unchecked,120502,0.9333333333333442,0.9333333333333442,0.9333333333334508,0.9333333333334508,0.4766666666666605,0.4766666666666605,1.0849659960409952,1.0849659960409952,1.1733333333333449,1.1733333333333449,0.9333333333329961,0.9333333333329961,42288,42288,0,0,43,43,0,0.0,
heavy_tail_high,2.0,selected_unchecked,120503,0.9333333333333442,0.9333333333333442,0.9333333333334508,0.9333333333334508,0.4766666666666599,0.4766666666666599,1.0846073281388484,1.0846073281388484,1.173333333333349,1.173333333333349,0.9999999999997442,0.9999999999997442,42937,42937,0,0,42,42,0,0.0,
heavy_tail_high,2.0,selected_unchecked,120504,0.9333333333333442,0.9333333333333442,0.9333333333334508,0.9333333333334508,0.4766666666666603,0.4766666666666603,1.0844612257502149,1.0844612257502149,1.173333333333352,1.173333333333352,0.5333333333331041,0.5333333333331041,42693,42693,0,0,39,39,0,0.0,
heavy_tail_high,2.0,selected_unchecked,120505,0.9333333333333442,0.9333333333333442,0.9333333333334508,0.9333333333334508,0.47666666666666174,0.47666666666666174,1.0853426046176042,1.0853426046176042,1.1866666666666277,1.1866666666666277,0.5333333333328767,0.5333333333328767,42600,42600,0,0,46,46,0,0.0,
heavy_tail_high,2.0,selected_unchecked,120506,0.9333333333333442,0.9333333333333442,0.9333333333334508,0.9333333333334508,0.47666666666666124,0.47666666666666124,1.0828029907782315,1.0828029907782315,1.173333333333352,1.173333333333352,0.7999999999995566,0.7999999999995566,42663,42663,0,0,44,44,0,0.0,
heavy_tail_high,2.0,selected_unchecked,120507,0.9333333333333442,0.9333333333333442,0.9333333333334366,0.9333333333334366,0.47666666666665997,0.47666666666665997,1.0844649731363207,1.0844649731363207,1.186666666666588,1.186666666666588,0.7999999999995566,0.7999999999995566,42349,42349,0,0,41,41,0,0.0,
heavy_tail_high,2.0,selected_unchecked,120508,0.9333333333333442,0.9333333333333442,0.9333333333334508,0.9333333333334508,0.47666666666666174,0.47666666666666174,1.0853850778850778,1.0853850778850778,1.173333333333349,1.173333333333349,0.19999999999970441,0.19999999999970441,43042,43042,0,0,49,49,0,0.0,
heavy_tail_high,2.0,selected_unchecked,120509,0.9333333333333442,0.9333333333333442,0.9333333333334508,0.9333333333334508,0.4766666666666607,0.4766666666666607,1.0855627802439236,1.0855627802439236,1.1866666666665935,1.1866666666665935,0.6666666666669414,0.6666666666669414,42368,42368,0,0,50,50,0,0.0,
heavy_tail_high,2.0,selected_unchecked,120510,0.9333333333333442,0.9333333333333442,0.9333333333334508,0.9333333333334508,0.4766666666666613,0.4766666666666613,1.0836396598528175,1.0836396598528175,1.173333333333349,1.173333333333349,0.3333333333329165,0.3333333333329165,42180,42180,0,0,42,42,0,0.0,
heavy_tail_high,2.0,selected_unchecked,120511,0.9333333333333442,0.9333333333333442,0.9333333333334508,0.9333333333334508,0.4766666666666595,0.4766666666666595,1.0830228201938956,1.0830228201938956,1.1733333333333449,1.1733333333333449,0.33333333333351334,0.33333333333351334,44066,44066,0,0,44,44,0,0.0,
heavy_tail_high,2.0,selected_unchecked,120512,0.9333333333333442,0.9333333333333442,0.9333333333334508,0.9333333333334508,0.47666666666666124,0.47666666666666124,1.08670383326708,1.08670383326708,1.1733333333333547,1.1733333333333547,0.33333333333368387,0.33333333333368387,45910,45910,0,0,50,50,0,0.0,
heavy_tail_high,2.0,selected_unchecked,120513,0.9333333333333442,0.9333333333333442,0.9333333333334508,0.9333333333334508,0.47666666666665836,0.47666666666665836,1.0843241683915275,1.0843241683915275,1.1733333333333575,1.1733333333333575,0.5333333333328198,0.5333333333328198,41902,41902,0,0,43,43,0,0.0,
heavy_tail_high,2.0,selected_unchecked,120514,0.9333333333333442,0.9333333333333442,0.9333333333334508,0.9333333333334508,0.47666666666665913,0.47666666666665913,1.08209480800064,1.08209480800064,1.1733333333333575,1.1733333333333575,0.33333333333314386,0.33333333333314386,42910,42910,0,0,46,46,0,0.0,
heavy_tail_high,2.0,selected_unchecked,120515,0.9333333333333442,0.9333333333333442,0.9333333333334366,0.9333333333334366,0.4766666666666582,0.4766666666666582,1.0854272493588268,1.0854272493588268,1.1733333333333547,1.1733333333333547,0.06666666666626497,0.06666666666626497,43158,43158,0,0,48,48,0,0.0,
heavy_tail_high,2.0,selected_unchecked,120516,0.9333333333333584,0.9333333333333584,0.9999999999996589,0.9999999999996589,0.4816666666666595,0.4816666666666595,1.0854428853678837,1.0854428853678837,1.186666666666588,1.186666666666588,0.199999999999676,0.199999999999676,42184,42184,0,0,48,48,0,0.0,
heavy_tail_high,2.0,selected_unchecked,120517,0.9333333333333442,0.9333333333333442,0.9333333333334508,0.9333333333334508,0.4766666666666598,0.4766666666666598,1.0840541762753306,1.0840541762753306,1.1866666666666277,1.1866666666666277,0.5333333333336725,0.5333333333336725,43664,43664,0,0,46,46,0,0.0,
heavy_tail_high,2.0,selected_unchecked,120518,0.9333333333333442,0.9333333333333442,0.9333333333334508,0.9333333333334508,0.47666666666666024,0.47666666666666024,1.0864079077591748,1.0864079077591748,1.1866666666666277,1.1866666666666277,0.3999999999996078,0.3999999999996078,42346,42346,0,0,54,54,0,0.0,
heavy_tail_high,2.0,selected_unchecked,120519,0.9333333333333442,0.9333333333333442,0.9333333333334508,0.9333333333334508,0.47666666666665947,0.47666666666665947,1.0833446123711719,1.0833446123711719,1.173333333333352,1.173333333333352,0.9333333333333371,0.9333333333333371,43154,43154,0,0,54,54,0,0.0,
heavy_tail_high,2.0,selected_unchecked,120520,0.9333333333333442,0.9333333333333442,0.9333333333334508,0.9333333333334508,0.47666666666665913,0.47666666666665913,1.0838443547222174,1.0838443547222174,1.1733333333333547,1.1733333333333547,0.5333333333331041,0.5333333333331041,42673,42673,0,0,46,46,0,0.0,
heavy_tail_high,2.0,selected_unchecked,120521,0.9333333333333442,0.9333333333333442,0.9333333333334508,0.9333333333334508,0.47666666666666047,0.47666666666666047,1.0824682084515838,1.0824682084515838,1.1733333333333449,1.1733333333333449,0.4000000000001478,0.4000000000001478,42946,42946,0,0,40,40,0,0.0,
heavy_tail_high,2.0,selected_unchecked,120522,0.9333333333333442,0.9333333333333442,0.9333333333334508,0.9333333333334508,0.47666666666666047,0.47666666666666047,1.083956998423334,1.083956998423334,1.186666666666588,1.186666666666588,0.0666666666662934,0.0666666666662934,43186,43186,0,0,44,44,0,0.0,
heavy_tail_high,2.0,selected_unchecked,120523,0.9333333333333442,0.9333333333333442,0.9333333333334366,0.9333333333334366,0.47666666666665797,0.47666666666665797,1.0805665811418717,1.0805665811418717,1.173333333333342,1.173333333333342,0.26666666666699257,0.26666666666699257,43035,43035,0,0,46,46,0,0.0,
heavy_tail_high,2.0,selected_unchecked,120524,0.9333333333333442,0.9333333333333442,0.9333333333334508,0.9333333333334508,0.47666666666666047,0.47666666666666047,1.08357733905528,1.08357733905528,1.1866666666666277,1.1866666666666277,0.5999999999998522,0.5999999999998522,45340,45340,0,0,47,47,0,0.0,
heavy_tail_high,2.0,selected_unchecked,120525,0.9333333333333442,0.9333333333333442,0.9333333333334508,0.9333333333334508,0.4766666666666603,0.4766666666666603,1.0847253912456873,1.0847253912456873,1.186666666666666,1.186666666666666,0.19999999999976126,0.19999999999976126,43151,43151,0,0,42,42,0,0.0,
heavy_tail_high,2.0,selected_unchecked,120526,0.9333333333333442,0.9333333333333442,0.9333333333334508,0.9333333333334508,0.47666666666665974,0.47666666666665974,1.0849000886425793,1.0849000886425793,1.186666666666588,1.186666666666588,0.3999999999996078,0.3999999999996078,42074,42074,0,0,51,51,0,0.0,
heavy_tail_high,2.0,selected_unchecked,120527,0.9333333333333442,0.9333333333333442,0.9333333333334508,0.9333333333334508,0.4766666666666594,0.4766666666666594,1.084678843542078,1.084678843542078,1.1733333333333575,1.1733333333333575,0.3333333333329449,0.3333333333329449,43034,43034,0,0,45,45,0,0.0,
heavy_tail_high,2.0,selected_unchecked,120528,0.9333333333333442,0.9333333333333442,0.9333333333334508,0.9333333333334508,0.4766666666666593,0.4766666666666593,1.0847725290304222,1.0847725290304222,1.186666666666588,1.186666666666588,0.599999999999568,0.599999999999568,41965,41965,0,0,50,50,0,0.0,
heavy_tail_high,2.0,selected_unchecked,120529,0.9333333333333442,0.9333333333333442,0.9333333333334508,0.9333333333334508,0.47666666666666,0.47666666666666,1.0854036473085367,1.0854036473085367,1.173333333333349,1.173333333333349,0.8000000000006082,0.8000000000006082,46644,46644,0,0,49,49,0,0.0,
heavy_tail_high,2.0,original_q2_a0.8_or_unchecked,120500,0.9333333333333442,0.9333333333333442,0.9333333333334508,0.9333333333334366,0.4766666666666602,0.4716666666666607,1.0848269313617136,1.0869935980283802,1.1733333333333462,1.1733333333333547,0.40000000000048885,0.40000000000048885,51163,52137,0,24,52,49,11,0.7142857142857143,1.0
heavy_tail_high,2.0,original_q2_a0.8_or_unchecked,120501,0.9333333333333442,0.9333333333333442,0.9333333333334508,0.9333333333334508,0.47666666666666146,0.4766666666666609,1.0861902246896806,1.0861902246896802,1.1866666666665935,1.1866666666665935,0.3333333333329449,0.3333333333329733,42195,43339,0,32,51,53,14,0.8571428571428571,1.0
heavy_tail_high,2.0,original_q2_a0.8_or_unchecked,120502,0.9333333333333442,0.9333333333333727,0.9333333333334508,0.9999999999998579,0.4766666666666605,0.4856666666666613,1.0849659960409952,1.0887517103267097,1.1733333333333449,1.1733333333333462,0.9333333333329961,0.9333333333329961,42288,42997,0,16,43,46,8,0.5714285714285714,1.0
heavy_tail_high,2.0,original_q2_a0.8_or_unchecked,120503,0.9333333333333442,0.9333333333333584,0.9333333333334508,0.9999999999996589,0.4766666666666599,0.48166666666666025,1.0846073281388484,1.0856073281388483,1.173333333333349,1.173333333333352,0.9999999999997442,0.9999999999997442,42937,43918,0,24,42,45,8,0.7142857142857143,1.0
heavy_tail_high,2.0,original_q2_a0.8_or_unchecked,120504,0.9333333333333442,0.9333333333333442,0.9333333333334508,0.9333333333334508,0.4766666666666603,0.4766666666666603,1.0844612257502149,1.0844612257502149,1.173333333333352,1.173333333333352,0.5333333333331041,0.5333333333331041,42693,43293,0,16,39,40,7,0.5714285714285714,1.0
heavy_tail_high,2.0,original_q2_a0.8_or_unchecked,120505,0.9333333333333442,0.9333333333333584,0.9333333333334508,0.9333333333334508,0.47666666666666174,0.4806666666666616,1.0853426046176042,1.0892676046176042,1.1866666666666277,1.1866666666666674,0.5333333333328767,0.5333333333328767,42600,43256,0,20,46,46,7,0.5714285714285714,1.0
heavy_tail_high,2.0,original_q2_a0.8_or_unchecked,120506,0.9333333333333442,0.9333333333333442,0.9333333333334508,0.9333333333334508,0.47666666666666124,0.4766666666666606,1.0828029907782315,1.0828029907782315,1.173333333333352,1.173333333333352,0.7999999999995566,0.7999999999995566,42663,42985,0,16,44,45,11,0.5714285714285714,1.0
heavy_tail_high,2.0,original_q2_a0.8_or_unchecked,120507,0.9333333333333442,0.9333333333333584,0.9333333333334366,0.9999999999996589,0.47666666666665997,0.4816666666666598,1.0844649731363207,1.0854649731363208,1.186666666666588,1.1866666666666277,0.7999999999995566,0.7999999999995566,42349,43404,0,28,41,43,9,0.5714285714285714,1.0
heavy_tail_high,2.0,original_q2_a0.8_or_unchecked,120508,0.9333333333333442,0.9333333333333442,0.9333333333334508,0.9333333333334508,0.47666666666666174,0.46966666666666174,1.0853850778850778,1.0881350778850778,1.173333333333349,1.1733333333333547,0.19999999999970441,0.19999999999970441,43042,44306,0,32,49,55,18,0.8571428571428571,1.0
heavy_tail_high,2.0,original_q2_a0.8_or_unchecked,120509,0.9333333333333442,0.9333333333333584,0.9333333333334508,0.9999999999996589,0.4766666666666607,0.4816666666666606,1.0855627802439236,1.0865627802439235,1.1866666666665935,1.186666666666666,0.6666666666669414,0.6666666666669414,42368,43729,0,36,50,55,16,0.8571428571428571,1.0
heavy_tail_high,2.0,original_q2_a0.8_or_unchecked,120510,0.9333333333333442,0.9333333333333442,0.9333333333334508,0.9333333333334508,0.4766666666666613,0.47666666666666146,1.0836396598528175,1.0836396598528175,1.173333333333349,1.173333333333349,0.3333333333329165,0.3333333333329165,42180,42623,0,12,42,44,4,0.42857142857142855,1.0
heavy_tail_high,2.0,original_q2_a0.8_or_unchecked,120511,0.9333333333333442,0.9333333333333584,0.9333333333334508,0.9999999999996589,0.4766666666666595,0.4816666666666597,1.0830228201938956,1.0840228201938957,1.1733333333333449,1.173333333333349,0.33333333333351334,0.3333333333335702,44066,44657,0,16,44,47,7,0.5714285714285714,1.0
heavy_tail_high,2.0,original_q2_a0.8_or_unchecked,120512,0.9333333333333442,0.9333333333333442,0.9333333333334508,0.9333333333334508,0.47666666666666124,0.47666666666666124,1.08670383326708,1.08670383326708,1.1733333333333547,1.1733333333333547,0.33333333333368387,0.33333333333368387,45910,47011,0,32,50,52,16,0.7142857142857143,1.0
heavy_tail_high,2.0,original_q2_a0.8_or_unchecked,120513,0.9333333333333442,0.9333333333333442,0.9333333333334508,0.9333333333334508,0.47666666666665836,0.4766666666666585,1.0843241683915275,1.0843241683915275,1.1733333333333575,1.1733333333333575,0.5333333333328198,0.5333333333328198,41902,42945,0,28,43,45,10,0.8571428571428571,1.0
heavy_tail_high,2.0,original_q2_a0.8_or_unchecked,120514,0.9333333333333442,0.9333333333333442,0.9333333333334508,0.9333333333334508,0.47666666666665913,0.47666666666665924,1.08209480800064,1.0820948080006403,1.1733333333333575,1.1733333333333575,0.33333333333314386,0.33333333333314386,42910,43539,0,16,46,47,7,0.42857142857142855,1.0
heavy_tail_high,2.0,original_q2_a0.8_or_unchecked,120515,0.9333333333333442,0.9333333333333442,0.9333333333334366,0.9333333333334366,0.4766666666666582,0.4766666666666582,1.0854272493588268,1.0854272493588268,1.1733333333333547,1.1733333333333547,0.06666666666626497,0.06666666666626497,43158,43898,0,20,48,49,11,0.5714285714285714,1.0
heavy_tail_high,2.0,original_q2_a0.8_or_unchecked,120516,0.9333333333333584,0.9333333333333727,0.9999999999996589,0.9999999999998579,0.4816666666666595,0.49166666666665937,1.0854428853678837,1.0874428853678837,1.186666666666588,1.1866666666666277,0.199999999999676,0.199999999999676,42184,43299,0,28,48,50,10,0.7142857142857143,1.0
heavy_tail_high,2.0,original_q2_a0.8_or_unchecked,120517,0.9333333333333442,0.9333333333333442,0.9333333333334508,0.9333333333334508,0.4766666666666598,0.4766666666666599,1.0840541762753306,1.0840541762753306,1.1866666666666277,1.1866666666666277,0.5333333333336725,0.5333333333336725,43664,44329,0,16,46,47,7,0.5714285714285714,1.0
heavy_tail_high,2.0,original_q2_a0.8_or_unchecked,120518,0.9333333333333442,0.9333333333333442,0.9333333333334508,0.9333333333334508,0.47666666666666024,0.47666666666666024,1.0864079077591748,1.0864079077591748,1.1866666666666277,1.1866666666666277,0.3999999999996078,0.3999999999996078,42346,42938,0,16,54,55,8,0.42857142857142855,1.0
heavy_tail_high,2.0,original_q2_a0.8_or_unchecked,120519,0.9333333333333442,0.9333333333333442,0.9333333333334508,0.9333333333334508,0.47666666666665947,0.47666666666665947,1.0833446123711719,1.0833446123711719,1.173333333333352,1.173333333333352,0.9333333333333371,0.9333333333333371,43154,44486,0,36,54,54,16,0.7142857142857143,1.0
heavy_tail_high,2.0,original_q2_a0.8_or_unchecked,120520,0.9333333333333442,0.9333333333333584,0.9333333333334508,0.9999999999996589,0.47666666666665913,0.48166666666665947,1.0838443547222174,1.0843443547222174,1.1733333333333547,1.1733333333333575,0.5333333333331041,0.5333333333331041,42673,43649,0,24,46,46,7,0.8571428571428571,1.0
heavy_tail_high,2.0,original_q2_a0.8_or_unchecked,120521,0.9333333333333442,0.9333333333333442,0.9333333333334508,0.9333333333334508,0.47666666666666047,0.47666666666666047,1.0824682084515838,1.0824682084515838,1.1733333333333449,1.1733333333333449,0.4000000000001478,0.4000000000001478,42946,43538,0,16,40,40,7,0.5714285714285714,1.0
heavy_tail_high,2.0,original_q2_a0.8_or_unchecked,120522,0.9333333333333442,0.9333333333333442,0.9333333333334508,0.9333333333334508,0.47666666666666047,0.4766666666666608,1.083956998423334,1.0839569984233342,1.186666666666588,1.1866666666665935,0.0666666666662934,0.0666666666662934,43186,44271,0,32,44,47,11,0.8571428571428571,1.0
heavy_tail_high,2.0,original_q2_a0.8_or_unchecked,120523,0.9333333333333442,0.9333333333333584,0.9333333333334366,0.9999999999996589,0.47666666666665797,0.48166666666665797,1.0805665811418717,1.0815665811418718,1.173333333333342,1.1733333333333449,0.26666666666699257,0.26666666666699257,43035,43853,0,24,46,47,8,0.7142857142857143,1.0
heavy_tail_high,2.0,original_q2_a0.8_or_unchecked,120524,0.9333333333333442,0.9333333333333442,0.9333333333334508,0.9999999999996589,0.47666666666666047,0.48666666666666086,1.08357733905528,1.08557733905528,1.1866666666666277,1.1866666666666277,0.5999999999998522,0.5999999999998238,45340,46126,0,28,47,49,10,0.7142857142857143,1.0
heavy_tail_high,2.0,original_q2_a0.8_or_unchecked,120525,0.9333333333333442,0.9333333333333584,0.9333333333334508,0.9999999999996874,0.4766666666666603,0.4816666666666595,1.0847253912456873,1.0855587245790206,1.186666666666666,1.1866666666666674,0.19999999999976126,0.19999999999976126,43151,43928,0,20,42,44,7,0.7142857142857143,1.0
heavy_tail_high,2.0,original_q2_a0.8_or_unchecked,120526,0.9333333333333442,0.9333333333333442,0.9333333333334508,0.9333333333334508,0.47666666666665974,0.4766666666666594,1.0849000886425793,1.0849000886425793,1.186666666666588,1.186666666666588,0.3999999999996078,0.3999999999996078,42074,43438,0,36,51,53,13,0.7142857142857143,1.0
heavy_tail_high,2.0,original_q2_a0.8_or_unchecked,120527,0.9333333333333442,0.9333333333333584,0.9333333333334508,0.9999999999996589,0.4766666666666594,0.4816666666666595,1.084678843542078,1.0856788435420779,1.1733333333333575,1.186666666666588,0.3333333333329449,0.3333333333329449,43034,43972,0,28,45,46,11,0.8571428571428571,1.0
heavy_tail_high,2.0,original_q2_a0.8_or_unchecked,120528,0.9333333333333442,0.9333333333333442,0.9333333333334508,0.9333333333334508,0.4766666666666593,0.47666666666665974,1.0847725290304222,1.0847725290304222,1.186666666666588,1.186666666666588,0.599999999999568,0.5999999999996248,41965,43200,0,28,50,52,12,0.7142857142857143,1.0
heavy_tail_high,2.0,original_q2_a0.8_or_unchecked,120529,0.9333333333333442,0.9333333333333584,0.9333333333334508,0.9999999999998579,0.47666666666666,0.48466666666665953,1.0854036473085367,1.0924028424795629,1.173333333333349,1.186666666666666,0.8000000000006082,0.8000000000006082,46644,47704,0,28,49,52,10,0.8571428571428571,1.0
heavy_tail_high,2.0,runner_up_checked,120500,0.9333333333333442,0.9333333333333442,0.9333333333334508,0.9333333333334508,0.4766666666666602,0.4766666666666602,1.0848269313617136,1.0848269313617136,1.1733333333333462,1.1733333333333462,0.40000000000048885,0.40000000000048885,51163,51163,0,0,52,52,0,0.0,
heavy_tail_high,2.0,runner_up_checked,120501,0.9333333333333442,0.9333333333333442,0.9333333333334508,0.9333333333334508,0.47666666666666146,0.47666666666666146,1.0861902246896806,1.0861902246896806,1.1866666666665935,1.1866666666665935,0.3333333333329449,0.3333333333329449,42195,42195,0,0,51,51,0,0.0,
heavy_tail_high,2.0,runner_up_checked,120502,0.9333333333333442,0.9333333333333442,0.9333333333334508,0.9333333333334508,0.4766666666666605,0.4766666666666605,1.0849659960409952,1.0849659960409952,1.1733333333333449,1.1733333333333449,0.9333333333329961,0.9333333333329961,42288,42288,0,0,43,43,0,0.0,
heavy_tail_high,2.0,runner_up_checked,120503,0.9333333333333442,0.9333333333333442,0.9333333333334508,0.9333333333334508,0.4766666666666599,0.4766666666666599,1.0846073281388484,1.0846073281388484,1.173333333333349,1.173333333333349,0.9999999999997442,0.9999999999997442,42937,42937,0,0,42,42,0,0.0,
heavy_tail_high,2.0,runner_up_checked,120504,0.9333333333333442,0.9333333333333442,0.9333333333334508,0.9333333333334508,0.4766666666666603,0.4766666666666603,1.0844612257502149,1.0844612257502149,1.173333333333352,1.173333333333352,0.5333333333331041,0.5333333333331041,42693,42693,0,0,39,39,0,0.0,
heavy_tail_high,2.0,runner_up_checked,120505,0.9333333333333442,0.9333333333333442,0.9333333333334508,0.9333333333334508,0.47666666666666174,0.47666666666666174,1.0853426046176042,1.0853426046176042,1.1866666666666277,1.1866666666666277,0.5333333333328767,0.5333333333328767,42600,42600,0,0,46,46,0,0.0,
heavy_tail_high,2.0,runner_up_checked,120506,0.9333333333333442,0.9333333333333442,0.9333333333334508,0.9333333333334508,0.47666666666666124,0.47666666666666124,1.0828029907782315,1.0828029907782315,1.173333333333352,1.173333333333352,0.7999999999995566,0.7999999999995566,42663,42663,0,0,44,44,0,0.0,
heavy_tail_high,2.0,runner_up_checked,120507,0.9333333333333442,0.9333333333333442,0.9333333333334366,0.9333333333334366,0.47666666666665997,0.47666666666665997,1.0844649731363207,1.0844649731363207,1.186666666666588,1.186666666666588,0.7999999999995566,0.7999999999995566,42349,42349,0,0,41,41,0,0.0,
heavy_tail_high,2.0,runner_up_checked,120508,0.9333333333333442,0.9333333333333442,0.9333333333334508,0.9333333333334508,0.47666666666666174,0.47666666666666174,1.0853850778850778,1.0853850778850778,1.173333333333349,1.173333333333349,0.19999999999970441,0.19999999999970441,43042,43042,0,0,49,49,0,0.0,
heavy_tail_high,2.0,runner_up_checked,120509,0.9333333333333442,0.9333333333333442,0.9333333333334508,0.9333333333334508,0.4766666666666607,0.4766666666666607,1.0855627802439236,1.0855627802439236,1.1866666666665935,1.1866666666665935,0.6666666666669414,0.6666666666669414,42368,42368,0,0,50,50,0,0.0,
heavy_tail_high,2.0,runner_up_checked,120510,0.9333333333333442,0.9333333333333442,0.9333333333334508,0.9333333333334508,0.4766666666666613,0.4766666666666613,1.0836396598528175,1.0836396598528175,1.173333333333349,1.173333333333349,0.3333333333329165,0.3333333333329165,42180,42180,0,0,42,42,0,0.0,
heavy_tail_high,2.0,runner_up_checked,120511,0.9333333333333442,0.9333333333333442,0.9333333333334508,0.9333333333334508,0.4766666666666595,0.4766666666666595,1.0830228201938956,1.0830228201938956,1.1733333333333449,1.1733333333333449,0.33333333333351334,0.33333333333351334,44066,44066,0,0,44,44,0,0.0,
heavy_tail_high,2.0,runner_up_checked,120512,0.9333333333333442,0.9333333333333442,0.9333333333334508,0.9333333333334508,0.47666666666666124,0.47666666666666124,1.08670383326708,1.08670383326708,1.1733333333333547,1.1733333333333547,0.33333333333368387,0.33333333333368387,45910,45910,0,0,50,50,0,0.0,
heavy_tail_high,2.0,runner_up_checked,120513,0.9333333333333442,0.9333333333333442,0.9333333333334508,0.9333333333334508,0.47666666666665836,0.47666666666665836,1.0843241683915275,1.0843241683915275,1.1733333333333575,1.1733333333333575,0.5333333333328198,0.5333333333328198,41902,41902,0,0,43,43,0,0.0,
heavy_tail_high,2.0,runner_up_checked,120514,0.9333333333333442,0.9333333333333442,0.9333333333334508,0.9333333333334508,0.47666666666665913,0.47666666666665913,1.08209480800064,1.08209480800064,1.1733333333333575,1.1733333333333575,0.33333333333314386,0.33333333333314386,42910,42910,0,0,46,46,0,0.0,
heavy_tail_high,2.0,runner_up_checked,120515,0.9333333333333442,0.9333333333333442,0.9333333333334366,0.9333333333334366,0.4766666666666582,0.4766666666666582,1.0854272493588268,1.0854272493588268,1.1733333333333547,1.1733333333333547,0.06666666666626497,0.06666666666626497,43158,43158,0,0,48,48,0,0.0,
heavy_tail_high,2.0,runner_up_checked,120516,0.9333333333333584,0.9333333333333584,0.9999999999996589,0.9999999999996589,0.4816666666666595,0.4816666666666595,1.0854428853678837,1.0854428853678837,1.186666666666588,1.186666666666588,0.199999999999676,0.199999999999676,42184,42184,0,0,48,48,0,0.0,
heavy_tail_high,2.0,runner_up_checked,120517,0.9333333333333442,0.9333333333333442,0.9333333333334508,0.9333333333334508,0.4766666666666598,0.4766666666666598,1.0840541762753306,1.0840541762753306,1.1866666666666277,1.1866666666666277,0.5333333333336725,0.5333333333336725,43664,43664,0,0,46,46,0,0.0,
heavy_tail_high,2.0,runner_up_checked,120518,0.9333333333333442,0.9333333333333442,0.9333333333334508,0.9333333333334508,0.47666666666666024,0.47666666666666024,1.0864079077591748,1.0864079077591748,1.1866666666666277,1.1866666666666277,0.3999999999996078,0.3999999999996078,42346,42346,0,0,54,54,0,0.0,
heavy_tail_high,2.0,runner_up_checked,120519,0.9333333333333442,0.9333333333333442,0.9333333333334508,0.9333333333334508,0.47666666666665947,0.47666666666665947,1.0833446123711719,1.0833446123711719,1.173333333333352,1.173333333333352,0.9333333333333371,0.9333333333333371,43154,43154,0,0,54,54,0,0.0,
heavy_tail_high,2.0,runner_up_checked,120520,0.9333333333333442,0.9333333333333442,0.9333333333334508,0.9333333333334508,0.47666666666665913,0.47666666666665913,1.0838443547222174,1.0838443547222174,1.1733333333333547,1.1733333333333547,0.5333333333331041,0.5333333333331041,42673,42673,0,0,46,46,0,0.0,
heavy_tail_high,2.0,runner_up_checked,120521,0.9333333333333442,0.9333333333333442,0.9333333333334508,0.9333333333334508,0.47666666666666047,0.47666666666666047,1.0824682084515838,1.0824682084515838,1.1733333333333449,1.1733333333333449,0.4000000000001478,0.4000000000001478,42946,42946,0,0,40,40,0,0.0,
heavy_tail_high,2.0,runner_up_checked,120522,0.9333333333333442,0.9333333333333442,0.9333333333334508,0.9333333333334508,0.47666666666666047,0.47666666666666047,1.083956998423334,1.083956998423334,1.186666666666588,1.186666666666588,0.0666666666662934,0.0666666666662934,43186,43186,0,0,44,44,0,0.0,
heavy_tail_high,2.0,runner_up_checked,120523,0.9333333333333442,0.9333333333333442,0.9333333333334366,0.9333333333334366,0.47666666666665797,0.47666666666665797,1.0805665811418717,1.0805665811418717,1.173333333333342,1.173333333333342,0.26666666666699257,0.26666666666699257,43035,43035,0,0,46,46,0,0.0,
heavy_tail_high,2.0,runner_up_checked,120524,0.9333333333333442,0.9333333333333442,0.9333333333334508,0.9333333333334508,0.47666666666666047,0.47666666666666047,1.08357733905528,1.08357733905528,1.1866666666666277,1.1866666666666277,0.5999999999998522,0.5999999999998522,45340,45340,0,0,47,47,0,0.0,
heavy_tail_high,2.0,runner_up_checked,120525,0.9333333333333442,0.9333333333333442,0.9333333333334508,0.9333333333334508,0.4766666666666603,0.4766666666666603,1.0847253912456873,1.0847253912456873,1.186666666666666,1.186666666666666,0.19999999999976126,0.19999999999976126,43151,43151,0,0,42,42,0,0.0,
heavy_tail_high,2.0,runner_up_checked,120526,0.9333333333333442,0.9333333333333442,0.9333333333334508,0.9333333333334508,0.47666666666665974,0.47666666666665974,1.0849000886425793,1.0849000886425793,1.186666666666588,1.186666666666588,0.3999999999996078,0.3999999999996078,42074,42074,0,0,51,51,0,0.0,
heavy_tail_high,2.0,runner_up_checked,120527,0.9333333333333442,0.9333333333333442,0.9333333333334508,0.9333333333334508,0.4766666666666594,0.4766666666666594,1.084678843542078,1.084678843542078,1.1733333333333575,1.1733333333333575,0.3333333333329449,0.3333333333329449,43034,43034,0,0,45,45,0,0.0,
heavy_tail_high,2.0,runner_up_checked,120528,0.9333333333333442,0.9333333333333442,0.9333333333334508,0.9333333333334508,0.4766666666666593,0.4766666666666593,1.0847725290304222,1.0847725290304222,1.186666666666588,1.186666666666588,0.599999999999568,0.599999999999568,41965,41965,0,0,50,50,0,0.0,
heavy_tail_high,2.0,runner_up_checked,120529,0.9333333333333442,0.9333333333333442,0.9333333333334508,0.9333333333334508,0.47666666666666,0.47666666666666,1.0854036473085367,1.0854036473085367,1.173333333333349,1.173333333333349,0.8000000000006082,0.8000000000006082,46644,46644,0,0,49,49,0,0.0,
