workload,penalty,variant,seed,baseline_p95_wait,variant_p95_wait,baseline_p99_wait,variant_p99_wait,baseline_avg_wait,variant_avg_wait,baseline_avg_slowdown,variant_avg_slowdown,baseline_p95_slowdown,variant_p95_slowdown,baseline_makespan_excess,variant_makespan_excess,baseline_sched_cores_scanned,variant_sched_cores_scanned,baseline_burst_balance_levels_walked,variant_burst_balance_levels_walked,baseline_total_migrations,variant_total_migrations,detector_fires,recall,precision
rate0.75_s12,0.0,selected_checked,120900,10.93333333333328,10.93333333333328,16.0,16.0,3.7516666666666487,3.7516666666666487,1.730871372938054,1.730871372938054,2.9833333333333343,2.9833333333333343,10.199999999997885,10.199999999997885,49142,49142,0,0,170,170,0,0.0,
rate0.75_s12,0.0,selected_checked,120901,7.133333333332871,7.133333333332871,12.999999999999858,12.999999999999858,2.948333333333324,2.948333333333324,1.621911194758736,1.621911194758736,2.8249999999999886,2.8249999999999886,17.466666666664878,17.466666666664878,48429,48429,0,0,158,158,0,0.0,
rate0.75_s12,0.0,selected_checked,120902,13.666666666666515,13.666666666666515,17.133333333333212,17.133333333333212,3.568333333333344,3.568333333333344,1.7075921886027554,1.7075921886027554,2.8466666666666725,2.8466666666666725,1.3333333333315522,1.3333333333315522,47994,47994,0,0,168,168,0,0.0,
rate0.75_s12,0.0,selected_checked,120903,8.533333333333303,8.533333333333303,15.133333333333894,15.133333333333894,3.2699999999999423,3.2699999999999423,1.641674612002192,1.641674612002192,3.059999999999877,3.059999999999877,9.799999999998136,9.799999999998136,49239,49239,0,0,162,162,0,0.0,
rate0.75_s12,0.0,selected_checked,120904,7.666666666666629,7.666666666666629,12.0,12.0,2.9766666666666195,2.9766666666666195,1.655385171060697,1.655385171060697,2.7523809523809746,2.7523809523809746,4.466666666665333,4.466666666665333,47781,47781,0,0,156,156,0,0.0,
rate0.75_s12,0.0,selected_checked,120905,9.733333333333462,9.733333333333462,14.333333333333428,14.333333333333428,3.806666666666665,3.806666666666665,1.8577783534230738,1.8577783534230738,3.5200000000000045,3.5200000000000045,12.933333333331234,12.933333333331234,48344,48344,0,0,164,164,0,0.0,
rate0.75_s12,0.0,selected_checked,120906,10.99999999999983,10.99999999999983,18.999999999998977,18.999999999998977,4.043333333333348,4.043333333333348,1.7372806908179246,1.7372806908179246,2.8424242424242205,2.8424242424242205,18.999999999998522,18.999999999998522,47946,47946,0,0,170,170,0,0.0,
rate0.75_s12,0.0,selected_checked,120907,11.666666666665833,11.666666666665833,15.599999999999966,15.599999999999966,3.6783333333332355,3.6783333333332355,1.6572831472961054,1.6572831472961054,2.7444444444444778,2.7444444444444778,16.733333333331984,16.733333333331984,49325,49325,0,0,154,154,0,0.0,
rate0.75_s12,0.0,selected_checked,120908,12.599999999998658,12.599999999998658,17.46666666666667,17.46666666666667,4.280000000000015,4.280000000000015,1.7958925102106393,1.7958925102106393,3.0461538461537954,3.0461538461537954,18.333333333331893,18.333333333331893,48328,48328,0,0,167,167,0,0.0,
rate0.75_s12,0.0,selected_checked,120909,9.333333333334053,9.333333333334053,13.666666666667197,13.666666666667197,3.236666666666627,3.236666666666627,1.6327417141103162,1.6327417141103162,2.642857142857163,2.642857142857163,7.599999999997863,7.599999999997863,48806,48806,0,0,166,166,0,0.0,
rate0.75_s12,0.0,selected_checked,120910,11.666666666666629,11.666666666666629,18.866666666666646,18.866666666666646,3.4566666666667194,3.4566666666667194,1.7838540440313957,1.7838540440313957,3.822222222222232,3.822222222222232,9.333333333331211,9.333333333331211,48012,48012,0,0,166,166,0,0.0,
rate0.75_s12,0.0,selected_checked,120911,11.666666666666515,11.666666666666515,13.600000000000932,13.600000000000932,3.6049999999999636,3.6049999999999636,1.6058292199944253,1.6058292199944253,2.6962962962962442,2.6962962962962442,7.39999999999884,7.39999999999884,48523,48523,0,0,156,156,0,0.0,
rate0.75_s12,0.0,selected_checked,120912,8.599999999999682,8.599999999999682,15.666666666666671,15.666666666666671,3.325000000000013,3.325000000000013,1.805765346003678,1.805765346003678,3.4121212121211784,3.4121212121211784,20.199999999998113,20.199999999998113,49118,49118,0,0,149,149,0,0.0,
rate0.75_s12,0.0,selected_checked,120913,8.333333333333314,8.333333333333314,17.26666666666668,17.26666666666668,3.2400000000000024,3.2400000000000024,1.6267997724232683,1.6267997724232683,2.564102564102602,2.564102564102602,6.799999999998704,6.799999999998704,47821,47821,0,0,157,157,0,0.0,
rate0.75_s12,0.0,selected_checked,120914,9.866666666666617,9.866666666666617,19.799999999999983,19.799999999999983,4.03166666666669,4.03166666666669,1.6814253235131131,1.6814253235131131,2.7916666666667282,2.7916666666667282,11.533333333332052,11.533333333332052,48664,48664,0,0,186,186,0,0.0,
rate0.75_s12,0.0,selected_checked,120915,14.600000000000534,14.600000000000534,22.39999999999999,22.39999999999999,4.051666666666652,4.051666666666652,1.7834861409536344,1.7834861409536344,3.026666666666665,3.026666666666665,15.66666666666481,15.66666666666481,48367,48367,0,0,157,157,0,0.0,
rate0.75_s12,0.0,selected_checked,120916,9.466666666666868,9.466666666666868,14.73333333333332,14.73333333333332,3.428333333333263,3.428333333333263,1.6348548191688943,1.6348548191688943,2.5500000000000966,2.5500000000000966,19.46666666666499,19.46666666666499,48334,48334,0,0,165,165,0,0.0,
rate0.75_s12,0.0,selected_checked,120917,11.133333333333496,11.133333333333496,19.66666666666754,19.66666666666754,3.5883333333333094,3.5883333333333094,1.733533529872383,1.733533529872383,2.8571428571428896,2.8571428571428896,28.066666666664787,28.066666666664787,49481,49481,0,0,159,159,0,0.0,
rate0.75_s12,0.0,selected_checked,120918,9.333333333333357,9.333333333333357,11.333333333333258,11.333333333333258,3.3016666666666037,3.3016666666666037,1.6161357304790256,1.6161357304790256,2.422222222222198,2.422222222222198,17.533333333331143,17.533333333331143,49121,49121,0,0,160,160,0,0.0,
rate0.75_s12,0.0,selected_checked,120919,12.333333333333258,12.333333333333258,23.399999999999636,23.399999999999636,4.21833333333327,4.21833333333327,1.7495956857953108,1.7495956857953108,3.0500000000000065,3.0500000000000065,8.333333333332007,8.333333333332007,48198,48198,0,0,165,165,0,0.0,
rate0.75_s12,0.0,selected_checked,120920,10.733333333333348,10.733333333333348,18.333333333333314,18.333333333333314,3.2033333333332945,3.2033333333332945,1.7116591881701138,1.7116591881701138,3.2111111111111135,3.2111111111111135,4.333333333331893,4.333333333331893,49059,49059,0,0,163,163,0,0.0,
rate0.75_s12,0.0,selected_checked,120921,9.7999999999995,9.7999999999995,15.666666666666629,15.666666666666629,3.3783333333332437,3.3783333333332437,1.5670895146277892,1.5670895146277892,2.3222222222222206,2.3222222222222206,18.86666666666531,18.86666666666531,48753,48753,0,0,172,172,0,0.0,
rate0.75_s12,0.0,selected_checked,120922,11.266666666666993,11.266666666666993,20.399999999999977,20.399999999999977,3.9449999999999834,3.9449999999999834,1.7703514482166356,1.7703514482166356,2.8761904761905077,2.8761904761905077,19.199999999997658,19.199999999997658,49183,49183,0,0,170,170,0,0.0,
rate0.75_s12,0.0,selected_checked,120923,9.00000000000017,9.00000000000017,17.266666666666822,17.266666666666822,3.41666666666657,3.41666666666657,1.698212384817608,1.698212384817608,2.8866666666666108,2.8866666666666108,10.59999999999809,10.59999999999809,48542,48542,0,0,166,166,0,0.0,
rate0.75_s12,0.0,selected_checked,120924,11.333333333333712,11.333333333333712,15.933333333333337,15.933333333333337,4.239999999999855,4.239999999999855,1.8736358569923375,1.8736358569923375,3.586666666666747,3.586666666666747,18.53333333333012,18.53333333333012,48626,48626,0,0,168,168,0,0.0,
rate0.75_s12,0.0,selected_checked,120925,9.000000000000028,9.000000000000028,18.800000000000352,18.800000000000352,3.4833333333333543,3.4833333333333543,1.6710559756267693,1.6710559756267693,2.974074074074088,2.974074074074088,12.399999999998386,12.399999999998386,48224,48224,0,0,167,167,0,0.0,
rate0.75_s12,0.0,selected_checked,120926,10.333333333333172,10.333333333333172,15.333333333333258,15.333333333333258,3.6966666666666463,3.6966666666666463,1.7123055805410785,1.7123055805410785,2.7636363636364027,2.7636363636364027,14.933333333331461,14.933333333331461,48295,48295,0,0,164,164,0,0.0,
rate0.75_s12,0.0,selected_checked,120927,9.666666666666671,9.666666666666671,15.79999999999987,15.79999999999987,3.501666666666659,3.501666666666659,1.6658355290378128,1.6658355290378128,2.9888888888888894,2.9888888888888894,7.666666666664582,7.666666666664582,48517,48517,0,0,160,160,0,0.0,
rate0.75_s12,0.0,selected_checked,120928,10.93333333333328,10.93333333333328,17.66666666666667,17.66666666666667,3.5716666666666286,3.5716666666666286,1.7590729580218467,1.7590729580218467,2.9851851851852365,2.9851851851852365,23.333333333330643,23.333333333330643,49515,49515,0,0,157,157,0,0.0,
rate0.75_s12,0.0,selected_checked,120929,14.333333333333286,14.333333333333286,23.666666666666856,23.666666666666856,4.2583333333333675,4.2583333333333675,1.740840557403441,1.740840557403441,3.011111111111063,3.011111111111063,6.466666666664537,6.466666666664537,48260,48260,0,0,160,160,0,0.0,
rate0.75_s12,0.0,selected_unchecked,120900,10.93333333333328,10.93333333333328,16.0,16.0,3.7516666666666487,3.7516666666666487,1.730871372938054,1.730871372938054,2.9833333333333343,2.9833333333333343,10.199999999997885,10.199999999997885,49142,49142,0,0,170,170,0,0.0,
rate0.75_s12,0.0,selected_unchecked,120901,7.133333333332871,7.133333333332871,12.999999999999858,12.999999999999858,2.948333333333324,2.948333333333324,1.621911194758736,1.621911194758736,2.8249999999999886,2.8249999999999886,17.466666666664878,17.466666666664878,48429,48429,0,0,158,158,0,0.0,
rate0.75_s12,0.0,selected_unchecked,120902,13.666666666666515,13.666666666666515,17.133333333333212,17.133333333333212,3.568333333333344,3.568333333333344,1.7075921886027554,1.7075921886027554,2.8466666666666725,2.8466666666666725,1.3333333333315522,1.3333333333315522,47994,47994,0,0,168,168,0,0.0,
rate0.75_s12,0.0,selected_unchecked,120903,8.533333333333303,8.533333333333303,15.133333333333894,15.133333333333894,3.2699999999999423,3.2699999999999423,1.641674612002192,1.641674612002192,3.059999999999877,3.059999999999877,9.799999999998136,9.799999999998136,49239,49239,0,0,162,162,0,0.0,
rate0.75_s12,0.0,selected_unchecked,120904,7.666666666666629,7.666666666666629,12.0,12.0,2.9766666666666195,2.9766666666666195,1.655385171060697,1.655385171060697,2.7523809523809746,2.7523809523809746,4.466666666665333,4.466666666665333,47781,47781,0,0,156,156,0,0.0,
rate0.75_s12,0.0,selected_unchecked,120905,9.733333333333462,9.733333333333462,14.333333333333428,14.333333333333428,3.806666666666665,3.806666666666665,1.8577783534230738,1.8577783534230738,3.5200000000000045,3.5200000000000045,12.933333333331234,12.933333333331234,48344,48344,0,0,164,164,0,0.0,
rate0.75_s12,0.0,selected_unchecked,120906,10.99999999999983,10.99999999999983,18.999999999998977,18.999999999998977,4.043333333333348,4.043333333333348,1.7372806908179246,1.7372806908179246,2.8424242424242205,2.8424242424242205,18.999999999998522,18.999999999998522,47946,47946,0,0,170,170,0,0.0,
rate0.75_s12,0.0,selected_unchecked,120907,11.666666666665833,11.666666666665833,15.599999999999966,15.599999999999966,3.6783333333332355,3.6783333333332355,1.6572831472961054,1.6572831472961054,2.7444444444444778,2.7444444444444778,16.733333333331984,16.733333333331984,49325,49325,0,0,154,154,0,0.0,
rate0.75_s12,0.0,selected_unchecked,120908,12.599999999998658,12.599999999998658,17.46666666666667,17.46666666666667,4.280000000000015,4.280000000000015,1.7958925102106393,1.7958925102106393,3.0461538461537954,3.0461538461537954,18.333333333331893,18.333333333331893,48328,48328,0,0,167,167,0,0.0,
rate0.75_s12,0.0,selected_unchecked,120909,9.333333333334053,9.333333333334053,13.666666666667197,13.666666666667197,3.236666666666627,3.236666666666627,1.6327417141103162,1.6327417141103162,2.642857142857163,2.642857142857163,7.599999999997863,7.599999999997863,48806,48806,0,0,166,166,0,0.0,
rate0.75_s12,0.0,selected_unchecked,120910,11.666666666666629,11.666666666666629,18.866666666666646,18.866666666666646,3.4566666666667194,3.4566666666667194,1.7838540440313957,1.7838540440313957,3.822222222222232,3.822222222222232,9.333333333331211,9.333333333331211,48012,48012,0,0,166,166,0,0.0,
rate0.75_s12,0.0,selected_unchecked,120911,11.666666666666515,11.666666666666515,13.600000000000932,13.600000000000932,3.6049999999999636,3.6049999999999636,1.6058292199944253,1.6058292199944253,2.6962962962962442,2.6962962962962442,7.39999999999884,7.39999999999884,48523,48523,0,0,156,156,0,0.0,
rate0.75_s12,0.0,selected_unchecked,120912,8.599999999999682,8.599999999999682,15.666666666666671,15.666666666666671,3.325000000000013,3.325000000000013,1.805765346003678,1.805765346003678,3.4121212121211784,3.4121212121211784,20.199999999998113,20.199999999998113,49118,49118,0,0,149,149,0,0.0,
rate0.75_s12,0.0,selected_unchecked,120913,8.333333333333314,8.333333333333314,17.26666666666668,17.26666666666668,3.2400000000000024,3.2400000000000024,1.6267997724232683,1.6267997724232683,2.564102564102602,2.564102564102602,6.799999999998704,6.799999999998704,47821,47821,0,0,157,157,0,0.0,
rate0.75_s12,0.0,selected_unchecked,120914,9.866666666666617,9.866666666666617,19.799999999999983,19.799999999999983,4.03166666666669,4.03166666666669,1.6814253235131131,1.6814253235131131,2.7916666666667282,2.7916666666667282,11.533333333332052,11.533333333332052,48664,48664,0,0,186,186,0,0.0,
rate0.75_s12,0.0,selected_unchecked,120915,14.600000000000534,14.600000000000534,22.39999999999999,22.39999999999999,4.051666666666652,4.051666666666652,1.7834861409536344,1.7834861409536344,3.026666666666665,3.026666666666665,15.66666666666481,15.66666666666481,48367,48367,0,0,157,157,0,0.0,
rate0.75_s12,0.0,selected_unchecked,120916,9.466666666666868,9.466666666666868,14.73333333333332,14.73333333333332,3.428333333333263,3.428333333333263,1.6348548191688943,1.6348548191688943,2.5500000000000966,2.5500000000000966,19.46666666666499,19.46666666666499,48334,48334,0,0,165,165,0,0.0,
rate0.75_s12,0.0,selected_unchecked,120917,11.133333333333496,11.133333333333496,19.66666666666754,19.66666666666754,3.5883333333333094,3.5883333333333094,1.733533529872383,1.733533529872383,2.8571428571428896,2.8571428571428896,28.066666666664787,28.066666666664787,49481,49481,0,0,159,159,0,0.0,
rate0.75_s12,0.0,selected_unchecked,120918,9.333333333333357,9.333333333333357,11.333333333333258,11.333333333333258,3.3016666666666037,3.3016666666666037,1.6161357304790256,1.6161357304790256,2.422222222222198,2.422222222222198,17.533333333331143,17.533333333331143,49121,49121,0,0,160,160,0,0.0,
rate0.75_s12,0.0,selected_unchecked,120919,12.333333333333258,12.333333333333258,23.399999999999636,23.399999999999636,4.21833333333327,4.21833333333327,1.7495956857953108,1.7495956857953108,3.0500000000000065,3.0500000000000065,8.333333333332007,8.333333333332007,48198,48198,0,0,165,165,0,0.0,
rate0.75_s12,0.0,selected_unchecked,120920,10.733333333333348,10.733333333333348,18.333333333333314,18.333333333333314,3.2033333333332945,3.2033333333332945,1.7116591881701138,1.7116591881701138,3.2111111111111135,3.2111111111111135,4.333333333331893,4.333333333331893,49059,49059,0,0,163,163,0,0.0,
rate0.75_s12,0.0,selected_unchecked,120921,9.7999999999995,9.7999999999995,15.666666666666629,15.666666666666629,3.3783333333332437,3.3783333333332437,1.5670895146277892,1.5670895146277892,2.3222222222222206,2.3222222222222206,18.86666666666531,18.86666666666531,48753,48753,0,0,172,172,0,0.0,
rate0.75_s12,0.0,selected_unchecked,120922,11.266666666666993,11.266666666666993,20.399999999999977,20.399999999999977,3.9449999999999834,3.9449999999999834,1.7703514482166356,1.7703514482166356,2.8761904761905077,2.8761904761905077,19.199999999997658,19.199999999997658,49183,49183,0,0,170,170,0,0.0,
rate0.75_s12,0.0,selected_unchecked,120923,9.00000000000017,9.00000000000017,17.266666666666822,17.266666666666822,3.41666666666657,3.41666666666657,1.698212384817608,1.698212384817608,2.8866666666666108,2.8866666666666108,10.59999999999809,10.59999999999809,48542,48542,0,0,166,166,0,0.0,
rate0.75_s12,0.0,selected_unchecked,120924,11.333333333333712,11.333333333333712,15.933333333333337,15.933333333333337,4.239999999999855,4.239999999999855,1.8736358569923375,1.8736358569923375,3.586666666666747,3.586666666666747,18.53333333333012,18.53333333333012,48626,48626,0,0,168,168,0,0.0,
rate0.75_s12,0.0,selected_unchecked,120925,9.000000000000028,9.000000000000028,18.800000000000352,18.800000000000352,3.4833333333333543,3.4833333333333543,1.6710559756267693,1.6710559756267693,2.974074074074088,2.974074074074088,12.399999999998386,12.399999999998386,48224,48224,0,0,167,167,0,0.0,
rate0.75_s12,0.0,selected_unchecked,120926,10.333333333333172,10.333333333333172,15.333333333333258,15.333333333333258,3.6966666666666463,3.6966666666666463,1.7123055805410785,1.7123055805410785,2.7636363636364027,2.7636363636364027,14.933333333331461,14.933333333331461,48295,48295,0,0,164,164,0,0.0,
rate0.75_s12,0.0,selected_unchecked,120927,9.666666666666671,9.666666666666671,15.79999999999987,15.79999999999987,3.501666666666659,3.501666666666659,1.6658355290378128,1.6658355290378128,2.9888888888888894,2.9888888888888894,7.666666666664582,7.666666666664582,48517,48517,0,0,160,160,0,0.0,
rate0.75_s12,0.0,selected_unchecked,120928,10.93333333333328,10.93333333333328,17.66666666666667,17.66666666666667,3.5716666666666286,3.5716666666666286,1.7590729580218467,1.7590729580218467,2.9851851851852365,2.9851851851852365,23.333333333330643,23.333333333330643,49515,49515,0,0,157,157,0,0.0,
rate0.75_s12,0.0,selected_unchecked,120929,14.333333333333286,14.333333333333286,23.666666666666856,23.666666666666856,4.2583333333333675,4.2583333333333675,1.740840557403441,1.740840557403441,3.011111111111063,3.011111111111063,6.466666666664537,6.466666666664537,48260,48260,0,0,160,160,0,0.0,
rate0.75_s12,0.0,original_q2_a0.8_or_unchecked,120900,10.93333333333328,8.866666666666674,16.0,13.666666666666913,3.7516666666666487,2.7516666666666643,1.730871372938054,1.6306484863470503,2.9833333333333343,2.913333333333372,10.199999999997885,19.399999999997817,49142,53213,0,120,170,149,100,1.0,1.0
rate0.75_s12,0.0,original_q2_a0.8_or_unchecked,120901,7.133333333332871,5.666666666667197,12.999999999999858,9.133333333333269,2.948333333333324,2.369999999999979,1.621911194758736,1.5741316500912832,2.8249999999999886,2.8249999999999886,17.466666666664878,18.866666666664628,48429,52829,0,120,158,161,100,1.0,1.0
rate0.75_s12,0.0,original_q2_a0.8_or_unchecked,120902,13.666666666666515,9.133333333333297,17.133333333333212,12.599999999998772,3.568333333333344,2.8166666666666513,1.7075921886027554,1.6084622359563818,2.8466666666666725,2.990476190476191,1.3333333333315522,6.133333333331166,47994,52208,0,120,168,150,98,1.0,1.0
rate0.75_s12,0.0,original_q2_a0.8_or_unchecked,120903,8.533333333333303,5.666666666666856,15.133333333333894,9.933333333333508,3.2699999999999423,2.4133333333332967,1.641674612002192,1.5523317965657972,3.059999999999877,2.4571428571428635,9.799999999998136,8.999999999998636,49239,53216,0,120,162,162,100,1.0,1.0
rate0.75_s12,0.0,original_q2_a0.8_or_unchecked,120904,7.666666666666629,5.733333333332894,12.0,7.133333333333553,2.9766666666666195,2.3366666666665896,1.655385171060697,1.5762793132405357,2.7523809523809746,2.566666666666674,4.466666666665333,4.666666666665151,47781,51723,0,120,156,156,100,1.0,1.0
rate0.75_s12,0.0,original_q2_a0.8_or_unchecked,120905,9.733333333333462,5.666666666665833,14.333333333333428,7.133333333333297,3.806666666666665,2.468333333333311,1.8577783534230738,1.6476066760675498,3.5200000000000045,2.852380952380867,12.933333333331234,13.53333333333103,48344,52378,0,120,164,150,100,1.0,1.0
rate0.75_s12,0.0,original_q2_a0.8_or_unchecked,120906,10.99999999999983,5.800000000000011,18.999999999998977,9.666666666666657,4.043333333333348,2.37333333333327,1.7372806908179246,1.5150522312003158,2.8424242424242205,2.16969696969695,18.999999999998522,18.399999999998613,47946,52734,0,120,170,152,100,1.0,1.0
rate0.75_s12,0.0,original_q2_a0.8_or_unchecked,120907,11.666666666665833,6.5333333333323935,15.599999999999966,8.333333333334053,3.6783333333332355,2.4449999999998497,1.6572831472961054,1.5888627922232024,2.7444444444444778,2.6666666666667993,16.733333333331984,16.733333333331984,49325,53881,0,120,154,145,100,1.0,1.0
rate0.75_s12,0.0,original_q2_a0.8_or_unchecked,120908,12.599999999998658,5.73333333333386,17.46666666666667,8.199999999998454,4.280000000000015,2.491666666666651,1.7958925102106393,1.4853863771342906,3.0461538461537954,2.2033333333333305,18.333333333331893,8.33333333333178,48328,52671,0,120,167,159,100,1.0,1.0
rate0.75_s12,0.0,original_q2_a0.8_or_unchecked,120909,9.333333333334053,8.333333333333343,13.666666666667197,13.400000000000318,3.236666666666627,2.7983333333333067,1.6327417141103162,1.5841464654294368,2.642857142857163,2.9809523809523006,7.599999999997863,17.199999999998454,48806,52966,0,120,166,160,100,1.0,1.0
rate0.75_s12,0.0,original_q2_a0.8_or_unchecked,120910,11.666666666666629,5.799999999999869,18.866666666666646,9.13333333333334,3.4566666666667194,2.376666666666665,1.7838540440313957,1.4950570085837482,3.822222222222232,2.3000000000000007,9.333333333331211,0.7333333333317569,48012,51780,0,120,166,158,100,1.0,1.0
rate0.75_s12,0.0,original_q2_a0.8_or_unchecked,120911,11.666666666666515,6.466666666666697,13.600000000000932,8.666666666665947,3.6049999999999636,2.4316666666666498,1.6058292199944253,1.535478812107997,2.6962962962962442,2.60833333333332,7.39999999999884,3.9999999999986358,48523,52629,0,120,156,156,100,1.0,1.0
rate0.75_s12,0.0,original_q2_a0.8_or_unchecked,120912,8.599999999999682,7.066666666667061,15.666666666666671,10.600000000000009,3.325000000000013,2.4600000000000066,1.805765346003678,1.5385692513344655,3.4121212121211784,2.339393939393936,20.199999999998113,37.39999999999782,49118,54748,0,120,149,150,100,1.0,1.0
rate0.75_s12,0.0,original_q2_a0.8_or_unchecked,120913,8.333333333333314,6.333333333333343,17.26666666666668,8.333333333333314,3.2400000000000024,2.418333333333324,1.6267997724232683,1.4655241375978718,2.564102564102602,2.3866666666666903,6.799999999998704,11.799999999998931,47821,52334,0,120,157,155,100,1.0,1.0
rate0.75_s12,0.0,original_q2_a0.8_or_unchecked,120914,9.866666666666617,5.333333333333712,19.799999999999983,7.600000000000193,4.03166666666669,2.44666666666672,1.6814253235131131,1.4674633213362225,2.7916666666667282,2.173333333333403,11.533333333332052,5.933333333331802,48664,52180,0,120,186,166,100,1.0,1.0
rate0.75_s12,0.0,original_q2_a0.8_or_unchecked,120915,14.600000000000534,7.0,22.39999999999999,8.333333333332575,4.051666666666652,2.5416666666666416,1.7834861409536344,1.5310747790970967,3.026666666666665,2.516666666666662,15.66666666666481,12.266666666664946,48367,53214,0,120,157,150,100,1.0,1.0
rate0.75_s12,0.0,original_q2_a0.8_or_unchecked,120916,9.466666666666868,6.466666666666683,14.73333333333332,8.733333333333206,3.428333333333263,2.5749999999999473,1.6348548191688943,1.5651330004893877,2.5500000000000966,2.4753623188405873,19.46666666666499,14.266666666664833,48334,51553,0,120,165,154,100,1.0,1.0
rate0.75_s12,0.0,original_q2_a0.8_or_unchecked,120917,11.133333333333496,6.466666666667152,19.66666666666754,10.599999999999966,3.5883333333333094,2.351666666666583,1.733533529872383,1.5115712646658404,2.8571428571428896,2.5904761904761893,28.066666666664787,14.666666666664923,49481,52377,0,120,159,157,100,1.0,1.0
rate0.75_s12,0.0,original_q2_a0.8_or_unchecked,120918,9.333333333333357,6.999999999999204,11.333333333333258,9.133333333333269,3.3016666666666037,2.488333333333258,1.6161357304790256,1.574598041051763,2.422222222222198,2.2888888888888914,17.533333333331143,12.333333333330756,49121,53045,0,120,160,155,100,1.0,1.0
rate0.75_s12,0.0,original_q2_a0.8_or_unchecked,120919,12.333333333333258,5.533333333333701,23.399999999999636,11.400000000000034,4.21833333333327,2.5449999999999644,1.7495956857953108,1.549165270727364,3.0500000000000065,2.7888888888888723,8.333333333332007,6.933333333331802,48198,52295,0,120,165,157,100,1.0,1.0
rate0.75_s12,0.0,original_q2_a0.8_or_unchecked,120920,10.733333333333348,6.3333333333336554,18.333333333333314,9.000000000000455,3.2033333333332945,2.583333333333305,1.7116591881701138,1.5915862604956565,3.2111111111111135,2.457142857142839,4.333333333331893,10.133333333331848,49059,53165,0,120,163,160,100,1.0,1.0
rate0.75_s12,0.0,original_q2_a0.8_or_unchecked,120921,9.7999999999995,6.333333333333769,15.666666666666629,8.666666666666629,3.3783333333332437,2.399999999999877,1.5670895146277892,1.5473495481321025,2.3222222222222206,2.4296296296296274,18.86666666666531,17.466666666665105,48753,52299,0,120,172,152,100,1.0,1.0
rate0.75_s12,0.0,original_q2_a0.8_or_unchecked,120922,11.266666666666993,6.333333333333286,20.399999999999977,10.19999999999996,3.9449999999999834,2.5366666666665774,1.7703514482166356,1.5537149476143697,2.8761904761905077,2.308333333333337,19.199999999997658,19.199999999998113,49183,53693,0,120,170,160,100,1.0,1.0
rate0.75_s12,0.0,original_q2_a0.8_or_unchecked,120923,9.00000000000017,6.333333333333343,17.266666666666822,10.999999999999972,3.41666666666657,2.668333333333261,1.698212384817608,1.5448202381784548,2.8866666666666108,2.5155555555555567,10.59999999999809,4.399999999997931,48542,52348,0,120,166,152,100,1.0,1.0
rate0.75_s12,0.0,original_q2_a0.8_or_unchecked,120924,11.333333333333712,6.933333333332939,15.933333333333337,9.400000000000091,4.239999999999855,2.5016666666665017,1.8736358569923375,1.5361017346108548,3.586666666666747,2.426666666666705,18.53333333333012,20.533333333331598,48626,53378,0,120,168,171,100,1.0,1.0
rate0.75_s12,0.0,original_q2_a0.8_or_unchecked,120925,9.000000000000028,5.666666666666174,18.800000000000352,9.799999999999983,3.4833333333333543,2.468333333333369,1.6710559756267693,1.4863355456078966,2.974074074074088,2.3066666666666946,12.399999999998386,12.199999999998113,48224,52686,0,120,167,158,100,1.0,1.0
rate0.75_s12,0.0,original_q2_a0.8_or_unchecked,120926,10.333333333333172,7.933333333333508,15.333333333333258,13.799999999999613,3.6966666666666463,2.6833333333333482,1.7123055805410785,1.5469741655131848,2.7636363636364027,2.292307692307691,14.933333333331461,16.333333333331097,48295,52585,0,120,164,169,100,1.0,1.0
rate0.75_s12,0.0,original_q2_a0.8_or_unchecked,120927,9.666666666666671,7.7333333333333485,15.79999999999987,11.399999999999892,3.501666666666659,2.7783333333332916,1.6658355290378128,1.6374851115600573,2.9888888888888894,2.7583333333333258,7.666666666664582,9.466666666664992,48517,52078,0,120,160,153,100,1.0,1.0
rate0.75_s12,0.0,original_q2_a0.8_or_unchecked,120928,10.93333333333328,6.399999999999636,17.66666666666667,10.599999999999966,3.5716666666666286,2.6083333333333125,1.7590729580218467,1.5850901938928728,2.9851851851852365,2.366666666666667,23.333333333330643,7.733333333331871,49515,53091,0,120,157,154,100,1.0,1.0
rate0.75_s12,0.0,original_q2_a0.8_or_unchecked,120929,14.333333333333286,5.6666666666665435,23.666666666666856,8.66666666666714,4.2583333333333675,2.3366666666666958,1.740840557403441,1.5212423319965829,3.011111111111063,2.300000000000182,6.466666666664537,6.066666666664673,48260,52306,0,120,160,146,100,1.0,1.0
rate0.75_s12,0.0,runner_up_checked,120900,10.93333333333328,10.93333333333328,16.0,16.0,3.7516666666666487,3.7516666666666487,1.730871372938054,1.730871372938054,2.9833333333333343,2.9833333333333343,10.199999999997885,10.199999999997885,49142,49142,0,0,170,170,0,0.0,
rate0.75_s12,0.0,runner_up_checked,120901,7.133333333332871,7.133333333332871,12.999999999999858,12.999999999999858,2.948333333333324,2.948333333333324,1.621911194758736,1.621911194758736,2.8249999999999886,2.8249999999999886,17.466666666664878,17.466666666664878,48429,48429,0,0,158,158,0,0.0,
rate0.75_s12,0.0,runner_up_checked,120902,13.666666666666515,13.666666666666515,17.133333333333212,17.133333333333212,3.568333333333344,3.568333333333344,1.7075921886027554,1.7075921886027554,2.8466666666666725,2.8466666666666725,1.3333333333315522,1.3333333333315522,47994,47994,0,0,168,168,0,0.0,
rate0.75_s12,0.0,runner_up_checked,120903,8.533333333333303,8.533333333333303,15.133333333333894,15.133333333333894,3.2699999999999423,3.2699999999999423,1.641674612002192,1.641674612002192,3.059999999999877,3.059999999999877,9.799999999998136,9.799999999998136,49239,49239,0,0,162,162,0,0.0,
rate0.75_s12,0.0,runner_up_checked,120904,7.666666666666629,7.666666666666629,12.0,12.0,2.9766666666666195,2.9766666666666195,1.655385171060697,1.655385171060697,2.7523809523809746,2.7523809523809746,4.466666666665333,4.466666666665333,47781,47781,0,0,156,156,0,0.0,
rate0.75_s12,0.0,runner_up_checked,120905,9.733333333333462,9.733333333333462,14.333333333333428,14.333333333333428,3.806666666666665,3.806666666666665,1.8577783534230738,1.8577783534230738,3.5200000000000045,3.5200000000000045,12.933333333331234,12.933333333331234,48344,48344,0,0,164,164,0,0.0,
rate0.75_s12,0.0,runner_up_checked,120906,10.99999999999983,10.99999999999983,18.999999999998977,18.999999999998977,4.043333333333348,4.043333333333348,1.7372806908179246,1.7372806908179246,2.8424242424242205,2.8424242424242205,18.999999999998522,18.999999999998522,47946,47946,0,0,170,170,0,0.0,
rate0.75_s12,0.0,runner_up_checked,120907,11.666666666665833,11.666666666665833,15.599999999999966,15.599999999999966,3.6783333333332355,3.6783333333332355,1.6572831472961054,1.6572831472961054,2.7444444444444778,2.7444444444444778,16.733333333331984,16.733333333331984,49325,49325,0,0,154,154,0,0.0,
rate0.75_s12,0.0,runner_up_checked,120908,12.599999999998658,12.599999999998658,17.46666666666667,17.46666666666667,4.280000000000015,4.280000000000015,1.7958925102106393,1.7958925102106393,3.0461538461537954,3.0461538461537954,18.333333333331893,18.333333333331893,48328,48328,0,0,167,167,0,0.0,
rate0.75_s12,0.0,runner_up_checked,120909,9.333333333334053,9.333333333334053,13.666666666667197,13.666666666667197,3.236666666666627,3.236666666666627,1.6327417141103162,1.6327417141103162,2.642857142857163,2.642857142857163,7.599999999997863,7.599999999997863,48806,48806,0,0,166,166,0,0.0,
rate0.75_s12,0.0,runner_up_checked,120910,11.666666666666629,11.666666666666629,18.866666666666646,18.866666666666646,3.4566666666667194,3.4566666666667194,1.7838540440313957,1.7838540440313957,3.822222222222232,3.822222222222232,9.333333333331211,9.333333333331211,48012,48012,0,0,166,166,0,0.0,
rate0.75_s12,0.0,runner_up_checked,120911,11.666666666666515,11.666666666666515,13.600000000000932,13.600000000000932,3.6049999999999636,3.6049999999999636,1.6058292199944253,1.6058292199944253,2.6962962962962442,2.6962962962962442,7.39999999999884,7.39999999999884,48523,48523,0,0,156,156,0,0.0,
rate0.75_s12,0.0,runner_up_checked,120912,8.599999999999682,8.599999999999682,15.666666666666671,15.666666666666671,3.325000000000013,3.325000000000013,1.805765346003678,1.805765346003678,3.4121212121211784,3.4121212121211784,20.199999999998113,20.199999999998113,49118,49118,0,0,149,149,0,0.0,
rate0.75_s12,0.0,runner_up_checked,120913,8.333333333333314,8.333333333333314,17.26666666666668,17.26666666666668,3.2400000000000024,3.2400000000000024,1.6267997724232683,1.6267997724232683,2.564102564102602,2.564102564102602,6.799999999998704,6.799999999998704,47821,47821,0,0,157,157,0,0.0,
rate0.75_s12,0.0,runner_up_checked,120914,9.866666666666617,9.866666666666617,19.799999999999983,19.799999999999983,4.03166666666669,4.03166666666669,1.6814253235131131,1.6814253235131131,2.7916666666667282,2.7916666666667282,11.533333333332052,11.533333333332052,48664,48664,0,0,186,186,0,0.0,
rate0.75_s12,0.0,runner_up_checked,120915,14.600000000000534,14.600000000000534,22.39999999999999,22.39999999999999,4.051666666666652,4.051666666666652,1.7834861409536344,1.7834861409536344,3.026666666666665,3.026666666666665,15.66666666666481,15.66666666666481,48367,48367,0,0,157,157,0,0.0,
rate0.75_s12,0.0,runner_up_checked,120916,9.466666666666868,9.466666666666868,14.73333333333332,14.73333333333332,3.428333333333263,3.428333333333263,1.6348548191688943,1.6348548191688943,2.5500000000000966,2.5500000000000966,19.46666666666499,19.46666666666499,48334,48334,0,0,165,165,0,0.0,
rate0.75_s12,0.0,runner_up_checked,120917,11.133333333333496,11.133333333333496,19.66666666666754,19.66666666666754,3.5883333333333094,3.5883333333333094,1.733533529872383,1.733533529872383,2.8571428571428896,2.8571428571428896,28.066666666664787,28.066666666664787,49481,49481,0,0,159,159,0,0.0,
rate0.75_s12,0.0,runner_up_checked,120918,9.333333333333357,9.333333333333357,11.333333333333258,11.333333333333258,3.3016666666666037,3.3016666666666037,1.6161357304790256,1.6161357304790256,2.422222222222198,2.422222222222198,17.533333333331143,17.533333333331143,49121,49121,0,0,160,160,0,0.0,
rate0.75_s12,0.0,runner_up_checked,120919,12.333333333333258,12.333333333333258,23.399999999999636,23.399999999999636,4.21833333333327,4.21833333333327,1.7495956857953108,1.7495956857953108,3.0500000000000065,3.0500000000000065,8.333333333332007,8.333333333332007,48198,48198,0,0,165,165,0,0.0,
rate0.75_s12,0.0,runner_up_checked,120920,10.733333333333348,10.733333333333348,18.333333333333314,18.333333333333314,3.2033333333332945,3.2033333333332945,1.7116591881701138,1.7116591881701138,3.2111111111111135,3.2111111111111135,4.333333333331893,4.333333333331893,49059,49059,0,0,163,163,0,0.0,
rate0.75_s12,0.0,runner_up_checked,120921,9.7999999999995,9.7999999999995,15.666666666666629,15.666666666666629,3.3783333333332437,3.3783333333332437,1.5670895146277892,1.5670895146277892,2.3222222222222206,2.3222222222222206,18.86666666666531,18.86666666666531,48753,48753,0,0,172,172,0,0.0,
rate0.75_s12,0.0,runner_up_checked,120922,11.266666666666993,11.266666666666993,20.399999999999977,20.399999999999977,3.9449999999999834,3.9449999999999834,1.7703514482166356,1.7703514482166356,2.8761904761905077,2.8761904761905077,19.199999999997658,19.199999999997658,49183,49183,0,0,170,170,0,0.0,
rate0.75_s12,0.0,runner_up_checked,120923,9.00000000000017,9.00000000000017,17.266666666666822,17.266666666666822,3.41666666666657,3.41666666666657,1.698212384817608,1.698212384817608,2.8866666666666108,2.8866666666666108,10.59999999999809,10.59999999999809,48542,48542,0,0,166,166,0,0.0,
rate0.75_s12,0.0,runner_up_checked,120924,11.333333333333712,11.333333333333712,15.933333333333337,15.933333333333337,4.239999999999855,4.239999999999855,1.8736358569923375,1.8736358569923375,3.586666666666747,3.586666666666747,18.53333333333012,18.53333333333012,48626,48626,0,0,168,168,0,0.0,
rate0.75_s12,0.0,runner_up_checked,120925,9.000000000000028,9.000000000000028,18.800000000000352,18.800000000000352,3.4833333333333543,3.4833333333333543,1.6710559756267693,1.6710559756267693,2.974074074074088,2.974074074074088,12.399999999998386,12.399999999998386,48224,48224,0,0,167,167,0,0.0,
rate0.75_s12,0.0,runner_up_checked,120926,10.333333333333172,10.333333333333172,15.333333333333258,15.333333333333258,3.6966666666666463,3.6966666666666463,1.7123055805410785,1.7123055805410785,2.7636363636364027,2.7636363636364027,14.933333333331461,14.933333333331461,48295,48295,0,0,164,164,0,0.0,
rate0.75_s12,0.0,runner_up_checked,120927,9.666666666666671,9.666666666666671,15.79999999999987,15.79999999999987,3.501666666666659,3.501666666666659,1.6658355290378128,1.6658355290378128,2.9888888888888894,2.9888888888888894,7.666666666664582,7.666666666664582,48517,48517,0,0,160,160,0,0.0,
rate0.75_s12,0.0,runner_up_checked,120928,10.93333333333328,10.93333333333328,17.66666666666667,17.66666666666667,3.5716666666666286,3.5716666666666286,1.7590729580218467,1.7590729580218467,2.9851851851852365,2.9851851851852365,23.333333333330643,23.333333333330643,49515,49515,0,0,157,157,0,0.0,
rate0.75_s12,0.0,runner_up_checked,120929,14.333333333333286,14.333333333333286,23.666666666666856,23.666666666666856,4.2583333333333675,4.2583333333333675,1.740840557403441,1.740840557403441,3.011111111111063,3.011111111111063,6.466666666664537,6.466666666664537,48260,48260,0,0,160,160,0,0.0,
rate0.75_s12,0.5,selected_checked,120900,10.93333333333328,10.93333333333328,16.80000000000001,16.80000000000001,3.9858333333332925,3.9858333333332925,1.8739073776593287,1.8739073776593287,3.2916666666668277,3.2916666666668277,18.099999999997635,18.099999999997635,49019,49019,0,0,175,175,0,0.0,
rate0.75_s12,0.5,selected_checked,120901,12.666666666667197,12.666666666667197,18.46666666666664,18.46666666666664,3.7866666666666604,3.7866666666666604,1.8670023284966732,1.8670023284966732,3.6833333333333442,3.6833333333333442,32.96666666666465,32.96666666666465,49339,49339,0,0,149,149,0,0.0,
rate0.75_s12,0.5,selected_checked,120902,10.333333333333314,10.333333333333314,14.3333333333332,14.3333333333332,3.5341666666666063,3.5341666666666063,1.702308731543064,1.702308731543064,2.911111111111113,2.911111111111113,10.433333333331007,10.433333333331007,48504,48504,0,0,167,167,0,0.0,
rate0.75_s12,0.5,selected_checked,120903,10.333333333333712,10.333333333333712,14.733333333333576,14.733333333333576,3.312499999999956,3.312499999999956,1.6360619702054022,1.6360619702054022,2.772222222222306,2.772222222222306,2.199999999998113,2.199999999998113,48217,48217,0,0,172,172,0,0.0,
rate0.75_s12,0.5,selected_checked,120904,9.000000000000341,9.000000000000341,15.30000000000004,15.30000000000004,3.2091666666665706,3.2091666666665706,1.6986410830909044,1.6986410830909044,3.1487179487179597,3.1487179487179597,8.566666666665014,8.566666666665014,47554,47554,0,0,164,164,0,0.0,
rate0.75_s12,0.5,selected_checked,120905,9.000000000000455,9.000000000000455,12.33333333333377,12.33333333333377,3.4533333333333496,3.4533333333333496,1.7681518089983619,1.7681518089983619,2.842424242424262,2.842424242424262,14.433333333331234,14.433333333331234,48302,48302,0,0,154,154,0,0.0,
rate0.75_s12,0.5,selected_checked,120906,10.466666666666669,10.466666666666669,15.299999999999045,15.299999999999045,3.9033333333333147,3.9033333333333147,1.7195438709146076,1.7195438709146076,2.715151515151513,2.715151515151513,27.399999999998386,27.399999999998386,48729,48729,0,0,169,169,0,0.0,
rate0.75_s12,0.5,selected_checked,120907,9.800000000000182,9.800000000000182,17.0,17.0,3.5991666666665423,3.5991666666665423,1.7469601604715372,1.7469601604715372,2.9629629629630094,2.9629629629630094,25.03333333333194,25.03333333333194,49503,49503,0,0,149,149,0,0.0,
rate0.75_s12,0.5,selected_checked,120908,12.300000000000637,12.300000000000637,20.566666666667288,20.566666666667288,4.2599999999999785,4.2599999999999785,1.7998846099231482,1.7998846099231482,3.0333333333333456,3.0333333333333456,22.73333333333221,22.73333333333221,48504,48504,0,0,160,160,0,0.0,
rate0.75_s12,0.5,selected_checked,120909,10.60000000000025,10.60000000000025,17.99999999999909,17.99999999999909,3.9691666666666587,3.9691666666666587,1.7718284443792358,1.7718284443792358,3.1333333333333373,3.1333333333333373,13.8999999999985,13.8999999999985,48566,48566,0,0,169,169,0,0.0,
rate0.75_s12,0.5,selected_checked,120910,12.166666666666629,12.166666666666629,18.866666666666646,18.866666666666646,4.058333333333366,4.058333333333366,1.8326701928002704,1.8326701928002704,3.9696969696969973,3.9696969696969973,16.63333333333128,16.63333333333128,49125,49125,0,0,191,191,0,0.0,
rate0.75_s12,0.5,selected_checked,120911,11.666666666666515,11.666666666666515,14.999999999999858,14.999999999999858,3.8791666666666473,3.8791666666666473,1.7416394951463858,1.7416394951463858,2.941666666666805,2.941666666666805,7.499999999998295,7.499999999998295,48272,48272,0,0,152,152,0,0.0,
rate0.75_s12,0.5,selected_checked,120912,12.033333333333275,12.033333333333275,17.000000000000014,17.000000000000014,4.119166666666638,4.119166666666638,1.8135075013446225,1.8135075013446225,3.2380952380952897,3.2380952380952897,30.199999999998226,30.199999999998226,50043,50043,0,0,172,172,0,0.0,
rate0.75_s12,0.5,selected_checked,120913,7.800000000000239,7.800000000000239,21.533333333333417,21.533333333333417,3.4566666666666546,3.4566666666666546,1.6956284709536422,1.6956284709536422,2.816666666666703,2.816666666666703,12.499999999998863,12.499999999998863,47680,47680,0,0,166,166,0,0.0,
rate0.75_s12,0.5,selected_checked,120914,11.999999999998863,11.999999999998863,19.0,19.0,4.015000000000041,4.015000000000041,1.6465780828208985,1.6465780828208985,2.7622222222222206,2.7622222222222206,9.633333333331507,9.633333333331507,48286,48286,0,0,171,171,0,0.0,
rate0.75_s12,0.5,selected_checked,120915,14.600000000000193,14.600000000000193,22.89999999999999,22.89999999999999,4.45250000000002,4.45250000000002,1.8720992192834667,1.8720992192834667,3.3047619047617576,3.3047619047617576,19.366666666665083,19.366666666665083,48921,48921,0,0,164,164,0,0.0,
rate0.75_s12,0.5,selected_checked,120916,11.066666666666634,11.066666666666634,22.59999999999991,22.59999999999991,3.941666666666649,3.941666666666649,1.76963665091221,1.76963665091221,3.5076923076922832,3.5076923076922832,20.06666666666456,20.06666666666456,48620,48620,0,0,170,170,0,0.0,
rate0.75_s12,0.5,selected_checked,120917,7.800000000000239,7.800000000000239,11.799999999999983,11.799999999999983,3.135833333333277,3.135833333333277,1.61264820198447,1.61264820198447,2.71111111111114,2.71111111111114,13.266666666665174,13.266666666665174,48964,48964,0,0,165,165,0,0.0,
rate0.75_s12,0.5,selected_checked,120918,8.366666666667015,8.366666666667015,11.899999999999864,11.899999999999864,3.1874999999999485,3.1874999999999485,1.6525552986226955,1.6525552986226955,2.594444444444409,2.594444444444409,12.033333333331825,12.033333333331825,48592,48592,0,0,162,162,0,0.0,
rate0.75_s12,0.5,selected_checked,120919,10.3333333333334,10.3333333333334,20.333333333333343,20.333333333333343,3.7708333333332775,3.7708333333332775,1.711109107601035,1.711109107601035,3.099999999999852,3.099999999999852,7.433333333331461,7.433333333331461,48012,48012,0,0,173,173,0,0.0,
rate0.75_s12,0.5,selected_checked,120920,10.466666666667152,10.466666666667152,17.633333333332757,17.633333333332757,3.8458333333333266,3.8458333333333266,1.8596121941837978,1.8596121941837978,3.495833333333252,3.495833333333252,5.733333333331643,5.733333333331643,48475,48475,0,0,164,164,0,0.0,
rate0.75_s12,0.5,selected_checked,120921,8.799999999999983,8.799999999999983,15.666666666666629,15.666666666666629,3.242499999999895,3.242499999999895,1.6067198255347002,1.6067198255347002,2.6272727272727177,2.6272727272727177,7.666666666664014,7.666666666664014,48022,48022,0,0,178,178,0,0.0,
rate0.75_s12,0.5,selected_checked,120922,10.366666666666788,10.366666666666788,14.666666666666671,14.666666666666671,3.803333333333314,3.803333333333314,1.8018351112134838,1.8018351112134838,2.985416666666705,2.985416666666705,25.399999999998386,25.399999999998386,49329,49329,0,0,169,169,0,0.0,
rate0.75_s12,0.5,selected_checked,120923,10.93333333333328,10.93333333333328,17.266666666666822,17.266666666666822,3.837499999999902,3.837499999999902,1.785937017665977,1.785937017665977,3.1333333333333897,3.1333333333333897,12.199999999998113,12.199999999998113,48583,48583,0,0,178,178,0,0.0,
rate0.75_s12,0.5,selected_checked,120924,11.800000000000068,11.800000000000068,20.0333333333337,20.0333333333337,4.20416666666655,4.20416666666655,1.9011794303550573,1.9011794303550573,3.457575757575786,3.457575757575786,18.533333333330688,18.533333333330688,49298,49298,0,0,175,175,0,0.0,
rate0.75_s12,0.5,selected_checked,120925,9.666666666666629,9.666666666666629,11.00000000000017,11.00000000000017,3.2800000000000207,3.2800000000000207,1.572499234787981,1.572499234787981,2.5129629629629195,2.5129629629629195,17.699999999997658,17.699999999997658,48657,48657,0,0,181,181,0,0.0,
rate0.75_s12,0.5,selected_checked,120926,9.933333333333849,9.933333333333849,14.999999999999915,14.999999999999915,3.699999999999951,3.699999999999951,1.6662268762952768,1.6662268762952768,2.513333333333334,2.513333333333334,4.033333333331825,4.033333333331825,47951,47951,0,0,177,177,0,0.0,
rate0.75_s12,0.5,selected_checked,120927,10.99999999999983,10.99999999999983,15.79999999999987,15.79999999999987,3.9674999999999994,3.9674999999999994,1.7669596098554832,1.7669596098554832,3.218518518518522,3.218518518518522,6.466666666664082,6.466666666664082,48440,48440,0,0,173,173,0,0.0,
rate0.75_s12,0.5,selected_checked,120928,13.266666666666652,13.266666666666652,17.66666666666667,17.66666666666667,3.880833333333291,3.880833333333291,1.8403248247718051,1.8403248247718051,3.4722222222222094,3.4722222222222094,10.433333333331007,10.433333333331007,49294,49294,0,0,167,167,0,0.0,
rate0.75_s12,0.5,selected_checked,120929,14.333333333333286,14.333333333333286,25.00000000000034,25.00000000000034,4.1666666666667025,4.1666666666667025,1.8120258560472915,1.8120258560472915,3.2125000000000057,3.2125000000000057,16.166666666664128,16.166666666664128,48542,48542,0,0,168,168,0,0.0,
rate0.75_s12,0.5,selected_unchecked,120900,10.93333333333328,10.93333333333328,16.80000000000001,16.80000000000001,3.9858333333332925,3.9858333333332925,1.8739073776593287,1.8739073776593287,3.2916666666668277,3.2916666666668277,18.099999999997635,18.099999999997635,49019,49019,0,0,175,175,0,0.0,
rate0.75_s12,0.5,selected_unchecked,120901,12.666666666667197,12.666666666667197,18.46666666666664,18.46666666666664,3.7866666666666604,3.7866666666666604,1.8670023284966732,1.8670023284966732,3.6833333333333442,3.6833333333333442,32.96666666666465,32.96666666666465,49339,49339,0,0,149,149,0,0.0,
rate0.75_s12,0.5,selected_unchecked,120902,10.333333333333314,10.333333333333314,14.3333333333332,14.3333333333332,3.5341666666666063,3.5341666666666063,1.702308731543064,1.702308731543064,2.911111111111113,2.911111111111113,10.433333333331007,10.433333333331007,48504,48504,0,0,167,167,0,0.0,
rate0.75_s12,0.5,selected_unchecked,120903,10.333333333333712,10.333333333333712,14.733333333333576,14.733333333333576,3.312499999999956,3.312499999999956,1.6360619702054022,1.6360619702054022,2.772222222222306,2.772222222222306,2.199999999998113,2.199999999998113,48217,48217,0,0,172,172,0,0.0,
rate0.75_s12,0.5,selected_unchecked,120904,9.000000000000341,9.000000000000341,15.30000000000004,15.30000000000004,3.2091666666665706,3.2091666666665706,1.6986410830909044,1.6986410830909044,3.1487179487179597,3.1487179487179597,8.566666666665014,8.566666666665014,47554,47554,0,0,164,164,0,0.0,
rate0.75_s12,0.5,selected_unchecked,120905,9.000000000000455,9.000000000000455,12.33333333333377,12.33333333333377,3.4533333333333496,3.4533333333333496,1.7681518089983619,1.7681518089983619,2.842424242424262,2.842424242424262,14.433333333331234,14.433333333331234,48302,48302,0,0,154,154,0,0.0,
rate0.75_s12,0.5,selected_unchecked,120906,10.466666666666669,10.466666666666669,15.299999999999045,15.299999999999045,3.9033333333333147,3.9033333333333147,1.7195438709146076,1.7195438709146076,2.715151515151513,2.715151515151513,27.399999999998386,27.399999999998386,48729,48729,0,0,169,169,0,0.0,
rate0.75_s12,0.5,selected_unchecked,120907,9.800000000000182,9.800000000000182,17.0,17.0,3.5991666666665423,3.5991666666665423,1.7469601604715372,1.7469601604715372,2.9629629629630094,2.9629629629630094,25.03333333333194,25.03333333333194,49503,49503,0,0,149,149,0,0.0,
rate0.75_s12,0.5,selected_unchecked,120908,12.300000000000637,12.300000000000637,20.566666666667288,20.566666666667288,4.2599999999999785,4.2599999999999785,1.7998846099231482,1.7998846099231482,3.0333333333333456,3.0333333333333456,22.73333333333221,22.73333333333221,48504,48504,0,0,160,160,0,0.0,
rate0.75_s12,0.5,selected_unchecked,120909,10.60000000000025,10.60000000000025,17.99999999999909,17.99999999999909,3.9691666666666587,3.9691666666666587,1.7718284443792358,1.7718284443792358,3.1333333333333373,3.1333333333333373,13.8999999999985,13.8999999999985,48566,48566,0,0,169,169,0,0.0,
rate0.75_s12,0.5,selected_unchecked,120910,12.166666666666629,12.166666666666629,18.866666666666646,18.866666666666646,4.058333333333366,4.058333333333366,1.8326701928002704,1.8326701928002704,3.9696969696969973,3.9696969696969973,16.63333333333128,16.63333333333128,49125,49125,0,0,191,191,0,0.0,
rate0.75_s12,0.5,selected_unchecked,120911,11.666666666666515,11.666666666666515,14.999999999999858,14.999999999999858,3.8791666666666473,3.8791666666666473,1.7416394951463858,1.7416394951463858,2.941666666666805,2.941666666666805,7.499999999998295,7.499999999998295,48272,48272,0,0,152,152,0,0.0,
rate0.75_s12,0.5,selected_unchecked,120912,12.033333333333275,12.033333333333275,17.000000000000014,17.000000000000014,4.119166666666638,4.119166666666638,1.8135075013446225,1.8135075013446225,3.2380952380952897,3.2380952380952897,30.199999999998226,30.199999999998226,50043,50043,0,0,172,172,0,0.0,
rate0.75_s12,0.5,selected_unchecked,120913,7.800000000000239,7.800000000000239,21.533333333333417,21.533333333333417,3.4566666666666546,3.4566666666666546,1.6956284709536422,1.6956284709536422,2.816666666666703,2.816666666666703,12.499999999998863,12.499999999998863,47680,47680,0,0,166,166,0,0.0,
rate0.75_s12,0.5,selected_unchecked,120914,11.999999999998863,11.999999999998863,19.0,19.0,4.015000000000041,4.015000000000041,1.6465780828208985,1.6465780828208985,2.7622222222222206,2.7622222222222206,9.633333333331507,9.633333333331507,48286,48286,0,0,171,171,0,0.0,
rate0.75_s12,0.5,selected_unchecked,120915,14.600000000000193,14.600000000000193,22.89999999999999,22.89999999999999,4.45250000000002,4.45250000000002,1.8720992192834667,1.8720992192834667,3.3047619047617576,3.3047619047617576,19.366666666665083,19.366666666665083,48921,48921,0,0,164,164,0,0.0,
rate0.75_s12,0.5,selected_unchecked,120916,11.066666666666634,11.066666666666634,22.59999999999991,22.59999999999991,3.941666666666649,3.941666666666649,1.76963665091221,1.76963665091221,3.5076923076922832,3.5076923076922832,20.06666666666456,20.06666666666456,48620,48620,0,0,170,170,0,0.0,
rate0.75_s12,0.5,selected_unchecked,120917,7.800000000000239,7.800000000000239,11.799999999999983,11.799999999999983,3.135833333333277,3.135833333333277,1.61264820198447,1.61264820198447,2.71111111111114,2.71111111111114,13.266666666665174,13.266666666665174,48964,48964,0,0,165,165,0,0.0,
rate0.75_s12,0.5,selected_unchecked,120918,8.366666666667015,8.366666666667015,11.899999999999864,11.899999999999864,3.1874999999999485,3.1874999999999485,1.6525552986226955,1.6525552986226955,2.594444444444409,2.594444444444409,12.033333333331825,12.033333333331825,48592,48592,0,0,162,162,0,0.0,
rate0.75_s12,0.5,selected_unchecked,120919,10.3333333333334,10.3333333333334,20.333333333333343,20.333333333333343,3.7708333333332775,3.7708333333332775,1.711109107601035,1.711109107601035,3.099999999999852,3.099999999999852,7.433333333331461,7.433333333331461,48012,48012,0,0,173,173,0,0.0,
rate0.75_s12,0.5,selected_unchecked,120920,10.466666666667152,10.466666666667152,17.633333333332757,17.633333333332757,3.8458333333333266,3.8458333333333266,1.8596121941837978,1.8596121941837978,3.495833333333252,3.495833333333252,5.733333333331643,5.733333333331643,48475,48475,0,0,164,164,0,0.0,
rate0.75_s12,0.5,selected_unchecked,120921,8.799999999999983,8.799999999999983,15.666666666666629,15.666666666666629,3.242499999999895,3.242499999999895,1.6067198255347002,1.6067198255347002,2.6272727272727177,2.6272727272727177,7.666666666664014,7.666666666664014,48022,48022,0,0,178,178,0,0.0,
rate0.75_s12,0.5,selected_unchecked,120922,10.366666666666788,10.366666666666788,14.666666666666671,14.666666666666671,3.803333333333314,3.803333333333314,1.8018351112134838,1.8018351112134838,2.985416666666705,2.985416666666705,25.399999999998386,25.399999999998386,49329,49329,0,0,169,169,0,0.0,
rate0.75_s12,0.5,selected_unchecked,120923,10.93333333333328,10.93333333333328,17.266666666666822,17.266666666666822,3.837499999999902,3.837499999999902,1.785937017665977,1.785937017665977,3.1333333333333897,3.1333333333333897,12.199999999998113,12.199999999998113,48583,48583,0,0,178,178,0,0.0,
rate0.75_s12,0.5,selected_unchecked,120924,11.800000000000068,11.800000000000068,20.0333333333337,20.0333333333337,4.20416666666655,4.20416666666655,1.9011794303550573,1.9011794303550573,3.457575757575786,3.457575757575786,18.533333333330688,18.533333333330688,49298,49298,0,0,175,175,0,0.0,
rate0.75_s12,0.5,selected_unchecked,120925,9.666666666666629,9.666666666666629,11.00000000000017,11.00000000000017,3.2800000000000207,3.2800000000000207,1.572499234787981,1.572499234787981,2.5129629629629195,2.5129629629629195,17.699999999997658,17.699999999997658,48657,48657,0,0,181,181,0,0.0,
rate0.75_s12,0.5,selected_unchecked,120926,9.933333333333849,9.933333333333849,14.999999999999915,14.999999999999915,3.699999999999951,3.699999999999951,1.6662268762952768,1.6662268762952768,2.513333333333334,2.513333333333334,4.033333333331825,4.033333333331825,47951,47951,0,0,177,177,0,0.0,
rate0.75_s12,0.5,selected_unchecked,120927,10.99999999999983,10.99999999999983,15.79999999999987,15.79999999999987,3.9674999999999994,3.9674999999999994,1.7669596098554832,1.7669596098554832,3.218518518518522,3.218518518518522,6.466666666664082,6.466666666664082,48440,48440,0,0,173,173,0,0.0,
rate0.75_s12,0.5,selected_unchecked,120928,13.266666666666652,13.266666666666652,17.66666666666667,17.66666666666667,3.880833333333291,3.880833333333291,1.8403248247718051,1.8403248247718051,3.4722222222222094,3.4722222222222094,10.433333333331007,10.433333333331007,49294,49294,0,0,167,167,0,0.0,
rate0.75_s12,0.5,selected_unchecked,120929,14.333333333333286,14.333333333333286,25.00000000000034,25.00000000000034,4.1666666666667025,4.1666666666667025,1.8120258560472915,1.8120258560472915,3.2125000000000057,3.2125000000000057,16.166666666664128,16.166666666664128,48542,48542,0,0,168,168,0,0.0,
rate0.75_s12,0.5,original_q2_a0.8_or_unchecked,120900,10.93333333333328,7.39999999999884,16.80000000000001,11.533333333333218,3.9858333333332925,2.8141666666666136,1.8739073776593287,1.656681417980287,3.2916666666668277,2.6249999999998934,18.099999999997635,35.09999999999786,49019,54276,0,120,175,159,100,1.0,1.0
rate0.75_s12,0.5,original_q2_a0.8_or_unchecked,120901,12.666666666667197,7.333333333333883,18.46666666666664,17.466666666665333,3.7866666666666604,2.7974999999999755,1.8670023284966732,1.715241950408086,3.6833333333333442,3.2571428571426884,32.96666666666465,37.86666666666463,49339,53139,0,120,149,155,100,1.0,1.0
rate0.75_s12,0.5,original_q2_a0.8_or_unchecked,120902,10.333333333333314,15.333333333331893,14.3333333333332,21.333333333333826,3.5341666666666063,3.5391666666665924,1.702308731543064,1.6780042370180532,2.911111111111113,3.1238095238095247,10.433333333331007,21.33333333333121,48504,53139,0,120,167,148,98,1.0,1.0
rate0.75_s12,0.5,original_q2_a0.8_or_unchecked,120903,10.333333333333712,6.4666666666665265,14.733333333333576,9.13333333333334,3.312499999999956,2.637499999999952,1.6360619702054022,1.5829152543657508,2.772222222222306,2.3400000000000007,2.199999999998113,8.799999999997794,48217,53279,0,120,172,165,100,1.0,1.0
rate0.75_s12,0.5,original_q2_a0.8_or_unchecked,120904,9.000000000000341,4.700000000000017,15.30000000000004,6.800000000000125,3.2091666666665706,2.1141666666665686,1.6986410830909044,1.5822245196705358,3.1487179487179597,2.700000000000017,8.566666666665014,8.76666666666506,47554,51818,0,120,164,152,100,1.0,1.0
rate0.75_s12,0.5,original_q2_a0.8_or_unchecked,120905,9.000000000000455,5.666666666666572,12.33333333333377,7.133333333333297,3.4533333333333496,2.2641666666666618,1.7681518089983619,1.6627273615236,2.842424242424262,2.7416666666666885,14.433333333331234,13.133333333331848,48302,52237,0,120,154,151,100,1.0,1.0
rate0.75_s12,0.5,original_q2_a0.8_or_unchecked,120906,10.466666666666669,5.800000000000011,15.299999999999045,9.666666666666657,3.9033333333333147,2.3891666666665907,1.7195438709146076,1.5674233202899897,2.715151515151513,2.4619047619047723,27.399999999998386,19.3999999999985,48729,52755,0,120,169,147,100,1.0,1.0
rate0.75_s12,0.5,original_q2_a0.8_or_unchecked,120907,9.800000000000182,6.4666666666665265,17.0,8.066666666666634,3.5991666666665423,2.5049999999999035,1.7469601604715372,1.5495434291342984,2.9629629629630094,2.4699999999999975,25.03333333333194,16.733333333331984,49503,53513,0,120,149,155,100,1.0,1.0
rate0.75_s12,0.5,original_q2_a0.8_or_unchecked,120908,12.300000000000637,5.400000000000944,20.566666666667288,6.46666666666664,4.2599999999999785,2.2399999999999727,1.7998846099231482,1.5027698172995902,3.0333333333333456,2.273809523809543,22.73333333333221,27.433333333331575,48504,53929,0,120,160,155,100,1.0,1.0
rate0.75_s12,0.5,original_q2_a0.8_or_unchecked,120909,10.60000000000025,6.466666666666683,17.99999999999909,10.6666666666668,3.9691666666666587,2.5133333333332875,1.7718284443792358,1.539009013381738,3.1333333333333373,2.680000000000109,13.8999999999985,10.699999999998454,48566,53151,0,120,169,157,99,1.0,1.0
rate0.75_s12,0.5,original_q2_a0.8_or_unchecked,120910,12.166666666666629,7.533333333333417,18.866666666666646,9.533333333333758,4.058333333333366,2.5208333333333655,1.8326701928002704,1.5816006896355708,3.9696969696969973,2.504166666666663,16.63333333333128,5.033333333331825,49125,51763,0,120,191,150,100,1.0,1.0
rate0.75_s12,0.5,original_q2_a0.8_or_unchecked,120911,11.666666666666515,7.133333333333212,14.999999999999858,8.99999999999983,3.8791666666666473,2.481666666666652,1.7416394951463858,1.6269631087150849,2.941666666666805,2.7800000000000864,7.499999999998295,16.499999999998636,48272,52073,0,120,152,147,100,1.0,1.0
rate0.75_s12,0.5,original_q2_a0.8_or_unchecked,120912,12.033333333333275,6.466666666666683,17.000000000000014,10.600000000000009,4.119166666666638,2.488333333333357,1.8135075013446225,1.6553495890385403,3.2380952380952897,2.909523809523892,30.199999999998226,26.799999999998363,50043,53540,0,120,172,144,100,1.0,1.0
rate0.75_s12,0.5,original_q2_a0.8_or_unchecked,120913,7.800000000000239,5.89999999999992,21.533333333333417,7.799999999999898,3.4566666666666546,2.319999999999995,1.6956284709536422,1.4955313482055292,2.816666666666703,2.376666666666665,12.499999999998863,8.299999999998818,47680,52164,0,120,166,148,99,1.0,1.0
rate0.75_s12,0.5,original_q2_a0.8_or_unchecked,120914,11.999999999998863,6.999999999999972,19.0,12.466666666666555,4.015000000000041,2.725833333333377,1.6465780828208985,1.5445359313339806,2.7622222222222206,2.412820512820496,9.633333333331507,8.63333333333162,48286,52210,0,120,171,166,100,1.0,1.0
rate0.75_s12,0.5,original_q2_a0.8_or_unchecked,120915,14.600000000000193,7.199999999998681,22.89999999999999,10.76666666666631,4.45250000000002,2.862500000000011,1.8720992192834667,1.5976136163730252,3.3047619047617576,2.5305555555554236,19.366666666665083,15.966666666664537,48921,52972,0,120,164,160,100,1.0,1.0
rate0.75_s12,0.5,original_q2_a0.8_or_unchecked,120916,11.066666666666634,6.46666666666664,22.59999999999991,8.733333333333206,3.941666666666649,2.5066666666665984,1.76963665091221,1.6033439455541734,3.5076923076922832,2.791666666666714,20.06666666666456,12.866666666664855,48620,51583,0,120,170,156,100,1.0,1.0
rate0.75_s12,0.5,original_q2_a0.8_or_unchecked,120917,7.800000000000239,6.3333333333332575,11.799999999999983,7.26666666666506,3.135833333333277,2.2908333333332767,1.61264820198447,1.550651054681292,2.71111111111114,2.6222222222222435,13.266666666665174,19.56666666666422,48964,53005,0,120,165,154,100,1.0,1.0
rate0.75_s12,0.5,original_q2_a0.8_or_unchecked,120918,8.366666666667015,5.766666666666708,11.899999999999864,8.333333333333485,3.1874999999999485,2.334166666666638,1.6525552986226955,1.5376313123731655,2.594444444444409,2.281481481481535,12.033333333331825,13.333333333331666,48592,52858,0,120,162,148,100,1.0,1.0
rate0.75_s12,0.5,original_q2_a0.8_or_unchecked,120919,10.3333333333334,6.999999999999972,20.333333333333343,11.400000000000034,3.7708333333332775,2.568333333333286,1.711109107601035,1.6022781392875303,3.099999999999852,2.92500000000004,7.433333333331461,8.133333333330711,48012,52427,0,120,173,165,100,1.0,1.0
rate0.75_s12,0.5,original_q2_a0.8_or_unchecked,120920,10.466666666667152,7.833333333332803,17.633333333332757,10.53333333333336,3.8458333333333266,2.806666666666653,1.8596121941837978,1.69058336143971,3.495833333333252,2.7333333333332916,5.733333333331643,9.033333333331825,48475,52973,0,120,164,162,100,1.0,1.0
rate0.75_s12,0.5,original_q2_a0.8_or_unchecked,120921,8.799999999999983,5.666666666666629,15.666666666666629,7.0,3.242499999999895,2.505833333333235,1.6067198255347002,1.570839073606548,2.6272727272727177,2.3770833333333297,7.666666666664014,13.866666666664742,48022,52165,0,120,178,163,100,1.0,1.0
rate0.75_s12,0.5,original_q2_a0.8_or_unchecked,120922,10.366666666666788,7.566666666665583,14.666666666666671,10.466666666665446,3.803333333333314,2.6891666666666043,1.8018351112134838,1.684888009897414,2.985416666666705,2.8500000000000014,25.399999999998386,9.499999999998295,49329,52984,0,120,169,153,100,1.0,1.0
rate0.75_s12,0.5,original_q2_a0.8_or_unchecked,120923,10.93333333333328,6.999999999999886,17.266666666666822,10.433333333333309,3.837499999999902,2.7108333333332415,1.785937017665977,1.568902436712133,3.1333333333333897,2.48333333333337,12.199999999998113,3.999999999998522,48583,52274,0,120,178,154,100,1.0,1.0
rate0.75_s12,0.5,original_q2_a0.8_or_unchecked,120924,11.800000000000068,7.733333333333121,20.0333333333337,10.433333333333735,4.20416666666655,2.5691666666664705,1.9011794303550573,1.677181963725765,3.457575757575786,2.9481481481481513,18.533333333330688,19.23333333333062,49298,52833,0,120,175,164,100,1.0,1.0
rate0.75_s12,0.5,original_q2_a0.8_or_unchecked,120925,9.666666666666629,7.000000000000114,11.00000000000017,10.733333333333576,3.2800000000000207,2.4758333333333744,1.572499234787981,1.493789589279216,2.5129629629629195,2.247619047618952,17.699999999997658,28.399999999998272,48657,52853,0,120,181,160,100,1.0,1.0
rate0.75_s12,0.5,original_q2_a0.8_or_unchecked,120926,9.933333333333849,7.166666666667254,14.999999999999915,12.733333333333235,3.699999999999951,2.699166666666641,1.6662268762952768,1.5877534292348723,2.513333333333334,2.5101449275362597,4.033333333331825,8.03333333333103,47951,51734,0,120,177,157,100,1.0,1.0
rate0.75_s12,0.5,original_q2_a0.8_or_unchecked,120927,10.99999999999983,7.7333333333333485,15.79999999999987,10.766666666666083,3.9674999999999994,2.734999999999978,1.7669596098554832,1.6115217551445382,3.218518518518522,2.4958333333332945,6.466666666664082,17.866666666664855,48440,52519,0,120,173,159,100,1.0,1.0
rate0.75_s12,0.5,original_q2_a0.8_or_unchecked,120928,13.266666666666652,5.933333333333451,17.66666666666667,7.7999999999999545,3.880833333333291,2.490833333333287,1.8403248247718051,1.5660597948789075,3.4722222222222094,2.4333333333333016,10.433333333331007,2.933333333330893,49294,53027,0,120,167,156,100,1.0,1.0
rate0.75_s12,0.5,original_q2_a0.8_or_unchecked,120929,14.333333333333286,5.633333333333439,25.00000000000034,8.333333333333343,4.1666666666667025,2.504166666666693,1.8120258560472915,1.5771979066175446,3.2125000000000057,2.406666666666669,16.166666666664128,7.066666666664673,48542,52364,0,120,168,149,100,1.0,1.0
rate0.75_s12,0.5,runner_up_checked,120900,10.93333333333328,10.93333333333328,16.80000000000001,16.80000000000001,3.9858333333332925,3.9858333333332925,1.8739073776593287,1.8739073776593287,3.2916666666668277,3.2916666666668277,18.099999999997635,18.099999999997635,49019,49019,0,0,175,175,0,0.0,
rate0.75_s12,0.5,runner_up_checked,120901,12.666666666667197,12.666666666667197,18.46666666666664,18.46666666666664,3.7866666666666604,3.7866666666666604,1.8670023284966732,1.8670023284966732,3.6833333333333442,3.6833333333333442,32.96666666666465,32.96666666666465,49339,49339,0,0,149,149,0,0.0,
rate0.75_s12,0.5,runner_up_checked,120902,10.333333333333314,10.333333333333314,14.3333333333332,14.3333333333332,3.5341666666666063,3.5341666666666063,1.702308731543064,1.702308731543064,2.911111111111113,2.911111111111113,10.433333333331007,10.433333333331007,48504,48504,0,0,167,167,0,0.0,
rate0.75_s12,0.5,runner_up_checked,120903,10.333333333333712,10.333333333333712,14.733333333333576,14.733333333333576,3.312499999999956,3.312499999999956,1.6360619702054022,1.6360619702054022,2.772222222222306,2.772222222222306,2.199999999998113,2.199999999998113,48217,48217,0,0,172,172,0,0.0,
rate0.75_s12,0.5,runner_up_checked,120904,9.000000000000341,9.000000000000341,15.30000000000004,15.30000000000004,3.2091666666665706,3.2091666666665706,1.6986410830909044,1.6986410830909044,3.1487179487179597,3.1487179487179597,8.566666666665014,8.566666666665014,47554,47554,0,0,164,164,0,0.0,
rate0.75_s12,0.5,runner_up_checked,120905,9.000000000000455,9.000000000000455,12.33333333333377,12.33333333333377,3.4533333333333496,3.4533333333333496,1.7681518089983619,1.7681518089983619,2.842424242424262,2.842424242424262,14.433333333331234,14.433333333331234,48302,48302,0,0,154,154,0,0.0,
rate0.75_s12,0.5,runner_up_checked,120906,10.466666666666669,10.466666666666669,15.299999999999045,15.299999999999045,3.9033333333333147,3.9033333333333147,1.7195438709146076,1.7195438709146076,2.715151515151513,2.715151515151513,27.399999999998386,27.399999999998386,48729,48729,0,0,169,169,0,0.0,
rate0.75_s12,0.5,runner_up_checked,120907,9.800000000000182,9.800000000000182,17.0,17.0,3.5991666666665423,3.5991666666665423,1.7469601604715372,1.7469601604715372,2.9629629629630094,2.9629629629630094,25.03333333333194,25.03333333333194,49503,49503,0,0,149,149,0,0.0,
rate0.75_s12,0.5,runner_up_checked,120908,12.300000000000637,12.300000000000637,20.566666666667288,20.566666666667288,4.2599999999999785,4.2599999999999785,1.7998846099231482,1.7998846099231482,3.0333333333333456,3.0333333333333456,22.73333333333221,22.73333333333221,48504,48504,0,0,160,160,0,0.0,
rate0.75_s12,0.5,runner_up_checked,120909,10.60000000000025,10.60000000000025,17.99999999999909,17.99999999999909,3.9691666666666587,3.9691666666666587,1.7718284443792358,1.7718284443792358,3.1333333333333373,3.1333333333333373,13.8999999999985,13.8999999999985,48566,48566,0,0,169,169,0,0.0,
rate0.75_s12,0.5,runner_up_checked,120910,12.166666666666629,12.166666666666629,18.866666666666646,18.866666666666646,4.058333333333366,4.058333333333366,1.8326701928002704,1.8326701928002704,3.9696969696969973,3.9696969696969973,16.63333333333128,16.63333333333128,49125,49125,0,0,191,191,0,0.0,
rate0.75_s12,0.5,runner_up_checked,120911,11.666666666666515,11.666666666666515,14.999999999999858,14.999999999999858,3.8791666666666473,3.8791666666666473,1.7416394951463858,1.7416394951463858,2.941666666666805,2.941666666666805,7.499999999998295,7.499999999998295,48272,48272,0,0,152,152,0,0.0,
rate0.75_s12,0.5,runner_up_checked,120912,12.033333333333275,12.033333333333275,17.000000000000014,17.000000000000014,4.119166666666638,4.119166666666638,1.8135075013446225,1.8135075013446225,3.2380952380952897,3.2380952380952897,30.199999999998226,30.199999999998226,50043,50043,0,0,172,172,0,0.0,
rate0.75_s12,0.5,runner_up_checked,120913,7.800000000000239,7.800000000000239,21.533333333333417,21.533333333333417,3.4566666666666546,3.4566666666666546,1.6956284709536422,1.6956284709536422,2.816666666666703,2.816666666666703,12.499999999998863,12.499999999998863,47680,47680,0,0,166,166,0,0.0,
rate0.75_s12,0.5,runner_up_checked,120914,11.999999999998863,11.999999999998863,19.0,19.0,4.015000000000041,4.015000000000041,1.6465780828208985,1.6465780828208985,2.7622222222222206,2.7622222222222206,9.633333333331507,9.633333333331507,48286,48286,0,0,171,171,0,0.0,
rate0.75_s12,0.5,runner_up_checked,120915,14.600000000000193,14.600000000000193,22.89999999999999,22.89999999999999,4.45250000000002,4.45250000000002,1.8720992192834667,1.8720992192834667,3.3047619047617576,3.3047619047617576,19.366666666665083,19.366666666665083,48921,48921,0,0,164,164,0,0.0,
rate0.75_s12,0.5,runner_up_checked,120916,11.066666666666634,11.066666666666634,22.59999999999991,22.59999999999991,3.941666666666649,3.941666666666649,1.76963665091221,1.76963665091221,3.5076923076922832,3.5076923076922832,20.06666666666456,20.06666666666456,48620,48620,0,0,170,170,0,0.0,
rate0.75_s12,0.5,runner_up_checked,120917,7.800000000000239,7.800000000000239,11.799999999999983,11.799999999999983,3.135833333333277,3.135833333333277,1.61264820198447,1.61264820198447,2.71111111111114,2.71111111111114,13.266666666665174,13.266666666665174,48964,48964,0,0,165,165,0,0.0,
rate0.75_s12,0.5,runner_up_checked,120918,8.366666666667015,8.366666666667015,11.899999999999864,11.899999999999864,3.1874999999999485,3.1874999999999485,1.6525552986226955,1.6525552986226955,2.594444444444409,2.594444444444409,12.033333333331825,12.033333333331825,48592,48592,0,0,162,162,0,0.0,
rate0.75_s12,0.5,runner_up_checked,120919,10.3333333333334,10.3333333333334,20.333333333333343,20.333333333333343,3.7708333333332775,3.7708333333332775,1.711109107601035,1.711109107601035,3.099999999999852,3.099999999999852,7.433333333331461,7.433333333331461,48012,48012,0,0,173,173,0,0.0,
rate0.75_s12,0.5,runner_up_checked,120920,10.466666666667152,10.466666666667152,17.633333333332757,17.633333333332757,3.8458333333333266,3.8458333333333266,1.8596121941837978,1.8596121941837978,3.495833333333252,3.495833333333252,5.733333333331643,5.733333333331643,48475,48475,0,0,164,164,0,0.0,
rate0.75_s12,0.5,runner_up_checked,120921,8.799999999999983,8.799999999999983,15.666666666666629,15.666666666666629,3.242499999999895,3.242499999999895,1.6067198255347002,1.6067198255347002,2.6272727272727177,2.6272727272727177,7.666666666664014,7.666666666664014,48022,48022,0,0,178,178,0,0.0,
rate0.75_s12,0.5,runner_up_checked,120922,10.366666666666788,10.366666666666788,14.666666666666671,14.666666666666671,3.803333333333314,3.803333333333314,1.8018351112134838,1.8018351112134838,2.985416666666705,2.985416666666705,25.399999999998386,25.399999999998386,49329,49329,0,0,169,169,0,0.0,
rate0.75_s12,0.5,runner_up_checked,120923,10.93333333333328,10.93333333333328,17.266666666666822,17.266666666666822,3.837499999999902,3.837499999999902,1.785937017665977,1.785937017665977,3.1333333333333897,3.1333333333333897,12.199999999998113,12.199999999998113,48583,48583,0,0,178,178,0,0.0,
rate0.75_s12,0.5,runner_up_checked,120924,11.800000000000068,11.800000000000068,20.0333333333337,20.0333333333337,4.20416666666655,4.20416666666655,1.9011794303550573,1.9011794303550573,3.457575757575786,3.457575757575786,18.533333333330688,18.533333333330688,49298,49298,0,0,175,175,0,0.0,
rate0.75_s12,0.5,runner_up_checked,120925,9.666666666666629,9.666666666666629,11.00000000000017,11.00000000000017,3.2800000000000207,3.2800000000000207,1.572499234787981,1.572499234787981,2.5129629629629195,2.5129629629629195,17.699999999997658,17.699999999997658,48657,48657,0,0,181,181,0,0.0,
rate0.75_s12,0.5,runner_up_checked,120926,9.933333333333849,9.933333333333849,14.999999999999915,14.999999999999915,3.699999999999951,3.699999999999951,1.6662268762952768,1.6662268762952768,2.513333333333334,2.513333333333334,4.033333333331825,4.033333333331825,47951,47951,0,0,177,177,0,0.0,
rate0.75_s12,0.5,runner_up_checked,120927,10.99999999999983,10.99999999999983,15.79999999999987,15.79999999999987,3.9674999999999994,3.9674999999999994,1.7669596098554832,1.7669596098554832,3.218518518518522,3.218518518518522,6.466666666664082,6.466666666664082,48440,48440,0,0,173,173,0,0.0,
rate0.75_s12,0.5,runner_up_checked,120928,13.266666666666652,13.266666666666652,17.66666666666667,17.66666666666667,3.880833333333291,3.880833333333291,1.8403248247718051,1.8403248247718051,3.4722222222222094,3.4722222222222094,10.433333333331007,10.433333333331007,49294,49294,0,0,167,167,0,0.0,
rate0.75_s12,0.5,runner_up_checked,120929,14.333333333333286,14.333333333333286,25.00000000000034,25.00000000000034,4.1666666666667025,4.1666666666667025,1.8120258560472915,1.8120258560472915,3.2125000000000057,3.2125000000000057,16.166666666664128,16.166666666664128,48542,48542,0,0,168,168,0,0.0,
rate0.75_s12,2.0,selected_checked,120900,10.93333333333328,10.93333333333328,22.20000000000016,22.20000000000016,4.1266666666666305,4.1266666666666305,1.951299543067169,1.951299543067169,3.566666666666819,3.566666666666819,13.399999999998386,13.399999999998386,49278,49278,0,0,181,181,0,0.0,
rate0.75_s12,2.0,selected_checked,120901,10.666666666666174,10.666666666666174,14.466666666666583,14.466666666666583,3.706666666666663,3.706666666666663,1.8746826188961314,1.8746826188961314,3.418181818181686,3.418181818181686,20.266666666665174,20.266666666665174,47998,47998,0,0,159,159,0,0.0,
rate0.75_s12,2.0,selected_checked,120902,12.33333333333411,12.33333333333411,19.40000000000026,19.40000000000026,3.9616666666666314,3.9616666666666314,1.9106703944711183,1.9106703944711183,3.9515151515151747,3.9515151515151747,10.333333333331211,10.333333333331211,48196,48196,0,0,183,183,0,0.0,
rate0.75_s12,2.0,selected_checked,120903,10.466666666666725,10.466666666666725,14.333333333333286,14.333333333333286,3.448333333333238,3.448333333333238,1.8033646759357842,1.8033646759357842,3.2,3.2,12.79999999999768,12.79999999999768,48158,48158,0,0,155,155,0,0.0,
rate0.75_s12,2.0,selected_checked,120904,7.266666666665969,7.266666666665969,12.466666666666583,12.466666666666583,2.924999999999922,2.924999999999922,1.8057568125052073,1.8057568125052073,3.6857142857143605,3.6857142857143605,7.06666666666365,7.06666666666365,47651,47651,0,0,169,169,0,0.0,
rate0.75_s12,2.0,selected_checked,120905,9.133333333333383,9.133333333333383,14.999999999999432,14.999999999999432,3.638333333333312,3.638333333333312,1.8781591682332477,1.8781591682332477,3.5466666666667264,3.5466666666667264,13.133333333331962,13.133333333331962,48133,48133,0,0,153,153,0,0.0,
rate0.75_s12,2.0,selected_checked,120906,9.799999999999045,9.799999999999045,13.399999999998954,13.399999999998954,3.4449999999999537,3.4449999999999537,1.795085421568188,1.795085421568188,2.7777777777777777,2.7777777777777777,24.3999999999985,24.3999999999985,47678,47678,0,0,164,164,0,0.0,
rate0.75_s12,2.0,selected_checked,120907,10.600000000000009,10.600000000000009,17.46666666666667,17.46666666666667,3.833333333333262,3.833333333333262,1.9307853996112436,1.9307853996112436,3.695238095238145,3.695238095238145,25.13333333333162,25.13333333333162,49538,49538,0,0,162,162,0,0.0,
rate0.75_s12,2.0,selected_checked,120908,12.066666666666265,12.066666666666265,22.733333333333377,22.733333333333377,3.951666666666634,3.951666666666634,1.8644118609988536,1.8644118609988536,2.9666666666666686,2.9666666666666686,31.333333333331552,31.333333333331552,49172,49172,0,0,164,164,0,0.0,
rate0.75_s12,2.0,selected_checked,120909,11.199999999999363,11.199999999999363,20.4666666666659,20.4666666666659,3.8566666666666802,3.8566666666666802,1.899329253959635,1.899329253959635,3.2088888888888922,3.2088888888888922,21.99999999999841,21.99999999999841,49214,49214,0,0,163,163,0,0.0,
rate0.75_s12,2.0,selected_checked,120910,11.933333333333735,11.933333333333735,19.00000000000003,19.00000000000003,3.8033333333333608,3.8033333333333608,1.9234755819610392,1.9234755819610392,3.7142857142857224,3.7142857142857224,3.1333333333316205,3.1333333333316205,47455,47455,0,0,167,167,0,0.0,
rate0.75_s12,2.0,selected_checked,120911,11.466666666666754,11.466666666666754,13.533333333333331,13.533333333333331,3.581666666666666,3.581666666666666,1.8685491334402136,1.8685491334402136,3.6000000000000716,3.6000000000000716,20.799999999998477,20.799999999998477,48744,48744,0,0,159,159,0,0.0,
rate0.75_s12,2.0,selected_checked,120912,8.399999999999409,8.399999999999409,15.666666666666671,15.666666666666671,3.239999999999991,3.239999999999991,1.7857559024209624,1.7857559024209624,3.3600000000000363,3.3600000000000363,11.399999999998272,11.399999999998272,48930,48930,0,0,159,159,0,0.0,
rate0.75_s12,2.0,selected_checked,120913,9.99999999999983,9.99999999999983,21.533333333333417,21.533333333333417,3.908333333333329,3.908333333333329,1.8215382729691532,1.8215382729691532,3.6500000000000625,3.6500000000000625,15.599999999998658,15.599999999998658,48114,48114,0,0,150,150,0,0.0,
rate0.75_s12,2.0,selected_checked,120914,11.666666666665492,11.666666666665492,14.999999999999972,14.999999999999972,3.715000000000004,3.715000000000004,1.625162124874205,1.625162124874205,2.4749999999999943,2.4749999999999943,17.733333333330847,17.733333333330847,48736,48736,0,0,175,175,0,0.0,
rate0.75_s12,2.0,selected_checked,120915,15.20000000000016,15.20000000000016,24.39999999999999,24.39999999999999,4.20166666666666,4.20166666666666,1.844171409761193,1.844171409761193,3.1523809523809683,3.1523809523809683,11.8666666666644,11.8666666666644,47994,47994,0,0,160,160,0,0.0,
rate0.75_s12,2.0,selected_checked,120916,11.799999999999983,11.799999999999983,14.73333333333332,14.73333333333332,4.08500000000003,4.08500000000003,1.863237741276873,1.863237741276873,3.0000000000000946,3.0000000000000946,36.46666666666522,36.46666666666522,48952,48952,0,0,167,167,0,0.0,
rate0.75_s12,2.0,selected_checked,120917,9.66666666666697,9.66666666666697,14.533333333331825,14.533333333331825,3.3999999999999346,3.3999999999999346,1.786896210011477,1.786896210011477,3.4761904761905464,3.4761904761905464,9.266666666665287,9.266666666665287,48414,48414,0,0,170,170,0,0.0,
rate0.75_s12,2.0,selected_checked,120918,9.333333333333357,9.333333333333357,14.733333333333292,14.733333333333292,3.68666666666656,3.68666666666656,1.8086590176642463,1.8086590176642463,3.211111111111125,3.211111111111125,10.933333333330893,10.933333333330893,48691,48691,0,0,164,164,0,0.0,
rate0.75_s12,2.0,selected_checked,120919,12.999999999999858,12.999999999999858,28.200000000000045,28.200000000000045,4.783333333333254,4.783333333333254,1.9851645875520822,1.9851645875520822,3.846666666666715,3.846666666666715,9.533333333331939,9.533333333331939,47703,47703,0,0,184,184,0,0.0,
rate0.75_s12,2.0,selected_checked,120920,9.133333333333297,9.133333333333297,15.066666666667118,15.066666666667118,3.168333333333309,3.168333333333309,1.7744890717780273,1.7744890717780273,3.2555555555555693,3.2555555555555693,11.533333333330575,11.533333333330575,49407,49407,0,0,162,162,0,0.0,
rate0.75_s12,2.0,selected_checked,120921,12.399999999998158,12.399999999998158,16.600000000000023,16.600000000000023,4.273333333333267,4.273333333333267,1.8405075175892545,1.8405075175892545,3.3999999999999866,3.3999999999999866,26.666666666664696,26.666666666664696,49408,49408,0,0,190,190,0,0.0,
rate0.75_s12,2.0,selected_checked,120922,10.13333333333344,10.13333333333344,17.466666666666356,17.466666666666356,4.10666666666663,4.10666666666663,1.957361114393879,1.957361114393879,3.2000000000000006,3.2000000000000006,19.399999999998045,19.399999999998045,48639,48639,0,0,168,168,0,0.0,
rate0.75_s12,2.0,selected_checked,120923,13.53333333333336,13.53333333333336,20.73333333333369,20.73333333333369,4.004999999999899,4.004999999999899,1.8627806528806434,1.8627806528806434,3.0844444444444585,3.0844444444444585,8.399999999998386,8.399999999998386,48758,48758,0,0,176,176,0,0.0,
rate0.75_s12,2.0,selected_checked,120924,12.466666666667038,12.466666666667038,17.933333333333252,17.933333333333252,3.8283333333332115,3.8283333333332115,1.9326303335678923,1.9326303335678923,3.593939393939422,3.593939393939422,13.33333333333087,13.33333333333087,48035,48035,0,0,169,169,0,0.0,
rate0.75_s12,2.0,selected_checked,120925,6.999999999999886,6.999999999999886,10.33333333333377,10.33333333333377,2.806666666666656,2.806666666666656,1.6374787708582952,1.6374787708582952,2.5208333333333677,2.5208333333333677,14.199999999997203,14.199999999997203,48325,48325,0,0,159,159,0,0.0,
rate0.75_s12,2.0,selected_checked,120926,8.266666666666595,8.266666666666595,14.999999999999915,14.999999999999915,3.123333333333298,3.123333333333298,1.7087467147217024,1.7087467147217024,2.6333333333333355,2.6333333333333355,7.533333333331825,7.533333333331825,48190,48190,0,0,154,154,0,0.0,
rate0.75_s12,2.0,selected_checked,120927,11.79999999999984,11.79999999999984,18.66666666666731,18.66666666666731,3.7999999999999168,3.7999999999999168,1.95524670607475,1.95524670607475,3.6820512820513134,3.6820512820513134,7.866666666665083,7.866666666665083,48030,48030,0,0,174,174,0,0.0,
rate0.75_s12,2.0,selected_checked,120928,9.666666666666742,9.666666666666742,17.66666666666667,17.66666666666667,3.6749999999999603,3.6749999999999603,1.952554835452227,1.952554835452227,3.272727272727283,3.272727272727283,6.933333333331234,6.933333333331234,48556,48556,0,0,162,162,0,0.0,
rate0.75_s12,2.0,selected_checked,120929,11.666666666666288,11.666666666666288,15.866666666666674,15.866666666666674,3.8883333333333945,3.8883333333333945,1.8737733428927499,1.8737733428927499,2.9624999999999133,2.9624999999999133,11.466666666664196,11.466666666664196,48214,48214,0,0,168,168,0,0.0,
rate0.75_s12,2.0,selected_unchecked,120900,10.93333333333328,10.93333333333328,22.20000000000016,22.20000000000016,4.1266666666666305,4.1266666666666305,1.951299543067169,1.951299543067169,3.566666666666819,3.566666666666819,13.399999999998386,13.399999999998386,49278,49278,0,0,181,181,0,0.0,
rate0.75_s12,2.0,selected_unchecked,120901,10.666666666666174,10.666666666666174,14.466666666666583,14.466666666666583,3.706666666666663,3.706666666666663,1.8746826188961314,1.8746826188961314,3.418181818181686,3.418181818181686,20.266666666665174,20.266666666665174,47998,47998,0,0,159,159,0,0.0,
rate0.75_s12,2.0,selected_unchecked,120902,12.33333333333411,12.33333333333411,19.40000000000026,19.40000000000026,3.9616666666666314,3.9616666666666314,1.9106703944711183,1.9106703944711183,3.9515151515151747,3.9515151515151747,10.333333333331211,10.333333333331211,48196,48196,0,0,183,183,0,0.0,
rate0.75_s12,2.0,selected_unchecked,120903,10.466666666666725,10.466666666666725,14.333333333333286,14.333333333333286,3.448333333333238,3.448333333333238,1.8033646759357842,1.8033646759357842,3.2,3.2,12.79999999999768,12.79999999999768,48158,48158,0,0,155,155,0,0.0,
rate0.75_s12,2.0,selected_unchecked,120904,7.266666666665969,7.266666666665969,12.466666666666583,12.466666666666583,2.924999999999922,2.924999999999922,1.8057568125052073,1.8057568125052073,3.6857142857143605,3.6857142857143605,7.06666666666365,7.06666666666365,47651,47651,0,0,169,169,0,0.0,
rate0.75_s12,2.0,selected_unchecked,120905,9.133333333333383,9.133333333333383,14.999999999999432,14.999999999999432,3.638333333333312,3.638333333333312,1.8781591682332477,1.8781591682332477,3.5466666666667264,3.5466666666667264,13.133333333331962,13.133333333331962,48133,48133,0,0,153,153,0,0.0,
rate0.75_s12,2.0,selected_unchecked,120906,9.799999999999045,9.799999999999045,13.399999999998954,13.399999999998954,3.4449999999999537,3.4449999999999537,1.795085421568188,1.795085421568188,2.7777777777777777,2.7777777777777777,24.3999999999985,24.3999999999985,47678,47678,0,0,164,164,0,0.0,
rate0.75_s12,2.0,selected_unchecked,120907,10.600000000000009,10.600000000000009,17.46666666666667,17.46666666666667,3.833333333333262,3.833333333333262,1.9307853996112436,1.9307853996112436,3.695238095238145,3.695238095238145,25.13333333333162,25.13333333333162,49538,49538,0,0,162,162,0,0.0,
rate0.75_s12,2.0,selected_unchecked,120908,12.066666666666265,12.066666666666265,22.733333333333377,22.733333333333377,3.951666666666634,3.951666666666634,1.8644118609988536,1.8644118609988536,2.9666666666666686,2.9666666666666686,31.333333333331552,31.333333333331552,49172,49172,0,0,164,164,0,0.0,
rate0.75_s12,2.0,selected_unchecked,120909,11.199999999999363,11.199999999999363,20.4666666666659,20.4666666666659,3.8566666666666802,3.8566666666666802,1.899329253959635,1.899329253959635,3.2088888888888922,3.2088888888888922,21.99999999999841,21.99999999999841,49214,49214,0,0,163,163,0,0.0,
rate0.75_s12,2.0,selected_unchecked,120910,11.933333333333735,11.933333333333735,19.00000000000003,19.00000000000003,3.8033333333333608,3.8033333333333608,1.9234755819610392,1.9234755819610392,3.7142857142857224,3.7142857142857224,3.1333333333316205,3.1333333333316205,47455,47455,0,0,167,167,0,0.0,
rate0.75_s12,2.0,selected_unchecked,120911,11.466666666666754,11.466666666666754,13.533333333333331,13.533333333333331,3.581666666666666,3.581666666666666,1.8685491334402136,1.8685491334402136,3.6000000000000716,3.6000000000000716,20.799999999998477,20.799999999998477,48744,48744,0,0,159,159,0,0.0,
rate0.75_s12,2.0,selected_unchecked,120912,8.399999999999409,8.399999999999409,15.666666666666671,15.666666666666671,3.239999999999991,3.239999999999991,1.7857559024209624,1.7857559024209624,3.3600000000000363,3.3600000000000363,11.399999999998272,11.399999999998272,48930,48930,0,0,159,159,0,0.0,
rate0.75_s12,2.0,selected_unchecked,120913,9.99999999999983,9.99999999999983,21.533333333333417,21.533333333333417,3.908333333333329,3.908333333333329,1.8215382729691532,1.8215382729691532,3.6500000000000625,3.6500000000000625,15.599999999998658,15.599999999998658,48114,48114,0,0,150,150,0,0.0,
rate0.75_s12,2.0,selected_unchecked,120914,11.666666666665492,11.666666666665492,14.999999999999972,14.999999999999972,3.715000000000004,3.715000000000004,1.625162124874205,1.625162124874205,2.4749999999999943,2.4749999999999943,17.733333333330847,17.733333333330847,48736,48736,0,0,175,175,0,0.0,
rate0.75_s12,2.0,selected_unchecked,120915,15.20000000000016,15.20000000000016,24.39999999999999,24.39999999999999,4.20166666666666,4.20166666666666,1.844171409761193,1.844171409761193,3.1523809523809683,3.1523809523809683,11.8666666666644,11.8666666666644,47994,47994,0,0,160,160,0,0.0,
rate0.75_s12,2.0,selected_unchecked,120916,11.799999999999983,11.799999999999983,14.73333333333332,14.73333333333332,4.08500000000003,4.08500000000003,1.863237741276873,1.863237741276873,3.0000000000000946,3.0000000000000946,36.46666666666522,36.46666666666522,48952,48952,0,0,167,167,0,0.0,
rate0.75_s12,2.0,selected_unchecked,120917,9.66666666666697,9.66666666666697,14.533333333331825,14.533333333331825,3.3999999999999346,3.3999999999999346,1.786896210011477,1.786896210011477,3.4761904761905464,3.4761904761905464,9.266666666665287,9.266666666665287,48414,48414,0,0,170,170,0,0.0,
rate0.75_s12,2.0,selected_unchecked,120918,9.333333333333357,9.333333333333357,14.733333333333292,14.733333333333292,3.68666666666656,3.68666666666656,1.8086590176642463,1.8086590176642463,3.211111111111125,3.211111111111125,10.933333333330893,10.933333333330893,48691,48691,0,0,164,164,0,0.0,
rate0.75_s12,2.0,selected_unchecked,120919,12.999999999999858,12.999999999999858,28.200000000000045,28.200000000000045,4.783333333333254,4.783333333333254,1.9851645875520822,1.9851645875520822,3.846666666666715,3.846666666666715,9.533333333331939,9.533333333331939,47703,47703,0,0,184,184,0,0.0,
rate0.75_s12,2.0,selected_unchecked,120920,9.133333333333297,9.133333333333297,15.066666666667118,15.066666666667118,3.168333333333309,3.168333333333309,1.7744890717780273,1.7744890717780273,3.2555555555555693,3.2555555555555693,11.533333333330575,11.533333333330575,49407,49407,0,0,162,162,0,0.0,
rate0.75_s12,2.0,selected_unchecked,120921,12.399999999998158,12.399999999998158,16.600000000000023,16.600000000000023,4.273333333333267,4.273333333333267,1.8405075175892545,1.8405075175892545,3.3999999999999866,3.3999999999999866,26.666666666664696,26.666666666664696,49408,49408,0,0,190,190,0,0.0,
rate0.75_s12,2.0,selected_unchecked,120922,10.13333333333344,10.13333333333344,17.466666666666356,17.466666666666356,4.10666666666663,4.10666666666663,1.957361114393879,1.957361114393879,3.2000000000000006,3.2000000000000006,19.399999999998045,19.399999999998045,48639,48639,0,0,168,168,0,0.0,
rate0.75_s12,2.0,selected_unchecked,120923,13.53333333333336,13.53333333333336,20.73333333333369,20.73333333333369,4.004999999999899,4.004999999999899,1.8627806528806434,1.8627806528806434,3.0844444444444585,3.0844444444444585,8.399999999998386,8.399999999998386,48758,48758,0,0,176,176,0,0.0,
rate0.75_s12,2.0,selected_unchecked,120924,12.466666666667038,12.466666666667038,17.933333333333252,17.933333333333252,3.8283333333332115,3.8283333333332115,1.9326303335678923,1.9326303335678923,3.593939393939422,3.593939393939422,13.33333333333087,13.33333333333087,48035,48035,0,0,169,169,0,0.0,
rate0.75_s12,2.0,selected_unchecked,120925,6.999999999999886,6.999999999999886,10.33333333333377,10.33333333333377,2.806666666666656,2.806666666666656,1.6374787708582952,1.6374787708582952,2.5208333333333677,2.5208333333333677,14.199999999997203,14.199999999997203,48325,48325,0,0,159,159,0,0.0,
rate0.75_s12,2.0,selected_unchecked,120926,8.266666666666595,8.266666666666595,14.999999999999915,14.999999999999915,3.123333333333298,3.123333333333298,1.7087467147217024,1.7087467147217024,2.6333333333333355,2.6333333333333355,7.533333333331825,7.533333333331825,48190,48190,0,0,154,154,0,0.0,
rate0.75_s12,2.0,selected_unchecked,120927,11.79999999999984,11.79999999999984,18.66666666666731,18.66666666666731,3.7999999999999168,3.7999999999999168,1.95524670607475,1.95524670607475,3.6820512820513134,3.6820512820513134,7.866666666665083,7.866666666665083,48030,48030,0,0,174,174,0,0.0,
rate0.75_s12,2.0,selected_unchecked,120928,9.666666666666742,9.666666666666742,17.66666666666667,17.66666666666667,3.6749999999999603,3.6749999999999603,1.952554835452227,1.952554835452227,3.272727272727283,3.272727272727283,6.933333333331234,6.933333333331234,48556,48556,0,0,162,162,0,0.0,
rate0.75_s12,2.0,selected_unchecked,120929,11.666666666666288,11.666666666666288,15.866666666666674,15.866666666666674,3.8883333333333945,3.8883333333333945,1.8737733428927499,1.8737733428927499,2.9624999999999133,2.9624999999999133,11.466666666664196,11.466666666664196,48214,48214,0,0,168,168,0,0.0,
rate0.75_s12,2.0,original_q2_a0.8_or_unchecked,120900,10.93333333333328,7.000000000000512,22.20000000000016,12.200000000000045,4.1266666666666305,2.5699999999999616,1.951299543067169,1.7050464885345558,3.566666666666819,3.051851851851887,13.399999999998386,24.799999999997908,49278,53291,0,120,181,158,100,1.0,1.0
rate0.75_s12,2.0,original_q2_a0.8_or_unchecked,120901,10.666666666666174,5.666666666666671,14.466666666666583,10.666666666665947,3.706666666666663,2.4649999999999865,1.8746826188961314,1.7308127065825678,3.418181818181686,3.0222222222223536,20.266666666665174,25.46666666666522,47998,53045,0,120,159,155,100,1.0,1.0
rate0.75_s12,2.0,original_q2_a0.8_or_unchecked,120902,12.33333333333411,7.266666666665628,19.40000000000026,14.999999999998863,3.9616666666666314,2.711666666666652,1.9106703944711183,1.6744394389615054,3.9515151515151747,3.1375000000000135,10.333333333331211,14.13333333333162,48196,52620,0,120,183,155,100,1.0,1.0
rate0.75_s12,2.0,original_q2_a0.8_or_unchecked,120903,10.466666666666725,5.666666666666629,14.333333333333286,7.933333333333309,3.448333333333238,2.1966666666666024,1.8033646759357842,1.6335617282630928,3.2,2.942857142857154,12.79999999999768,3.7999999999977945,48158,52171,0,120,155,152,100,1.0,1.0
rate0.75_s12,2.0,original_q2_a0.8_or_unchecked,120904,7.266666666665969,5.133333333333326,12.466666666666583,7.133333333333439,2.924999999999922,2.2466666666665778,1.8057568125052073,1.754258347133746,3.6857142857143605,3.1999999999999225,7.06666666666365,8.0666666666649,47651,51231,0,120,169,157,100,1.0,1.0
rate0.75_s12,2.0,original_q2_a0.8_or_unchecked,120905,9.133333333333383,5.666666666666572,14.999999999999432,8.333333333333314,3.638333333333312,2.306666666666655,1.8781591682332477,1.7231769517094655,3.5466666666667264,3.2666666666667084,13.133333333331962,17.933333333331348,48133,52836,0,120,153,148,98,1.0,1.0
rate0.75_s12,2.0,original_q2_a0.8_or_unchecked,120906,9.799999999999045,5.399999999998158,13.399999999998954,9.666666666666657,3.4449999999999537,2.4566666666666257,1.795085421568188,1.6546388078869618,2.7777777777777777,2.4814814814814476,24.3999999999985,19.799999999998477,47678,52202,0,120,164,165,99,1.0,1.0
rate0.75_s12,2.0,original_q2_a0.8_or_unchecked,120907,10.600000000000009,5.666666666666671,17.46666666666667,8.333333333333286,3.833333333333262,2.346666666666544,1.9307853996112436,1.6496935621185511,3.695238095238145,2.65333333333333,25.13333333333162,20.133333333331166,49538,53537,0,120,162,149,100,1.0,1.0
rate0.75_s12,2.0,original_q2_a0.8_or_unchecked,120908,12.066666666666265,7.066666666667629,22.733333333333377,11.200000000000784,3.951666666666634,2.688333333333293,1.8644118609988536,1.571144102431185,2.9666666666666686,2.4454545454545564,31.333333333331552,13.93333333333203,49172,53071,0,120,164,164,100,1.0,1.0
rate0.75_s12,2.0,original_q2_a0.8_or_unchecked,120909,11.199999999999363,6.466666666666683,20.4666666666659,10.599999999998886,3.8566666666666802,2.4099999999999633,1.899329253959635,1.6474722406895728,3.2088888888888922,3.0333333333334,21.99999999999841,31.999999999998636,49214,53557,0,120,163,144,99,1.0,1.0
rate0.75_s12,2.0,original_q2_a0.8_or_unchecked,120910,11.933333333333735,5.666666666666671,19.00000000000003,8.200000000000017,3.8033333333333608,2.2083333333333686,1.9234755819610392,1.6054901862349944,3.7142857142857224,2.5333333333333528,3.1333333333316205,2.9333333333311202,47455,51938,0,120,167,153,100,1.0,1.0
rate0.75_s12,2.0,original_q2_a0.8_or_unchecked,120911,11.466666666666754,7.333333333333229,13.533333333333331,11.399999999999181,3.581666666666666,2.4349999999999676,1.8685491334402136,1.7351851868781334,3.6000000000000716,3.3833333333333826,20.799999999998477,9.199999999998795,48744,52296,0,120,159,151,100,1.0,1.0
rate0.75_s12,2.0,original_q2_a0.8_or_unchecked,120912,8.399999999999409,6.133333333333667,15.666666666666671,10.600000000000009,3.239999999999991,2.3850000000000247,1.7857559024209624,1.6723861206005914,3.3600000000000363,3.108333333333235,11.399999999998272,35.199999999998,48930,53956,0,120,159,147,100,1.0,1.0
rate0.75_s12,2.0,original_q2_a0.8_or_unchecked,120913,9.99999999999983,6.333333333333343,21.533333333333417,7.799999999999898,3.908333333333329,2.4466666666666343,1.8215382729691532,1.6236713834215288,3.6500000000000625,2.7666666666666684,15.599999999998658,17.19999999999891,48114,52448,0,120,150,159,100,1.0,1.0
rate0.75_s12,2.0,original_q2_a0.8_or_unchecked,120914,11.666666666665492,5.666666666666657,14.999999999999972,7.000000000000114,3.715000000000004,2.38666666666671,1.625162124874205,1.592106795438497,2.4749999999999943,2.6592592592592683,17.733333333330847,9.933333333331461,48736,51997,0,120,175,157,100,1.0,1.0
rate0.75_s12,2.0,original_q2_a0.8_or_unchecked,120915,15.20000000000016,7.800000000000011,24.39999999999999,9.333333333333371,4.20166666666666,2.7600000000000047,1.844171409761193,1.7348753932753551,3.1523809523809683,2.8999999999998827,11.8666666666644,12.866666666664969,47994,52734,0,120,160,154,100,1.0,1.0
rate0.75_s12,2.0,original_q2_a0.8_or_unchecked,120916,11.799999999999983,6.466666666666583,14.73333333333332,7.133333333333297,4.08500000000003,2.4733333333332967,1.863237741276873,1.631932400985391,3.0000000000000946,2.551515151515115,36.46666666666522,23.066666666664332,48952,52557,0,120,167,155,100,1.0,1.0
rate0.75_s12,2.0,original_q2_a0.8_or_unchecked,120917,9.66666666666697,6.200000000000728,14.533333333331825,8.533333333333303,3.3999999999999346,2.2983333333331912,1.786896210011477,1.707146857522053,3.4761904761905464,2.90476190476191,9.266666666665287,12.266666666664491,48414,52096,0,120,170,149,100,1.0,1.0
rate0.75_s12,2.0,original_q2_a0.8_or_unchecked,120918,9.333333333333357,7.000000000000284,14.733333333333292,11.399999999999977,3.68666666666656,2.8316666666665973,1.8086590176642463,1.625107205326627,3.211111111111125,2.451282051282078,10.933333333330893,14.133333333331052,48691,53174,0,120,164,166,100,1.0,1.0
rate0.75_s12,2.0,original_q2_a0.8_or_unchecked,120919,12.999999999999858,6.733333333333917,28.200000000000045,11.400000000000034,4.783333333333254,2.5516666666665953,1.9851645875520822,1.557936846144986,3.846666666666715,2.4374999999999964,9.533333333331939,8.933333333331461,47703,52112,0,120,184,162,100,1.0,1.0
rate0.75_s12,2.0,original_q2_a0.8_or_unchecked,120920,9.133333333333297,7.133333333333297,15.066666666667118,10.53333333333336,3.168333333333309,2.5149999999999704,1.7744890717780273,1.8108339204621733,3.2555555555555693,3.180000000000001,11.533333333330575,20.33333333333144,49407,53162,0,120,162,164,100,1.0,1.0
rate0.75_s12,2.0,original_q2_a0.8_or_unchecked,120921,12.399999999998158,7.466666666664878,16.600000000000023,11.866666666664969,4.273333333333267,2.7133333333332605,1.8405075175892545,1.6143539709437575,3.3999999999999866,2.6296296296294486,26.666666666664696,14.266666666665174,49408,53012,0,120,190,168,100,1.0,1.0
rate0.75_s12,2.0,original_q2_a0.8_or_unchecked,120922,10.13333333333344,7.533333333333701,17.466666666666356,9.666666666667311,4.10666666666663,2.7349999999999133,1.957361114393879,1.7991952832066977,3.2000000000000006,2.9555555555553497,19.399999999998045,16.19999999999743,48639,53309,0,120,168,153,100,1.0,1.0
rate0.75_s12,2.0,original_q2_a0.8_or_unchecked,120923,13.53333333333336,6.3333333333332575,20.73333333333369,16.73333333333332,4.004999999999899,2.6933333333332032,1.8627806528806434,1.6695165459732038,3.0844444444444585,2.6166666666666174,8.399999999998386,9.599999999997749,48758,52798,0,120,176,155,99,1.0,1.0
rate0.75_s12,2.0,original_q2_a0.8_or_unchecked,120924,12.466666666667038,5.333333333332575,17.933333333333252,7.533333333333189,3.8283333333332115,2.3483333333331387,1.9326303335678923,1.7124442630914705,3.593939393939422,3.126666666666705,13.33333333333087,14.33333333333212,48035,52396,0,120,169,160,100,1.0,1.0
rate0.75_s12,2.0,original_q2_a0.8_or_unchecked,120925,6.999999999999886,7.0000000000001705,10.33333333333377,10.733333333333576,2.806666666666656,2.525000000000026,1.6374787708582952,1.6274180897716455,2.5208333333333677,2.6000000000000454,14.199999999997203,17.599999999998204,48325,52675,0,120,159,160,100,1.0,1.0
rate0.75_s12,2.0,original_q2_a0.8_or_unchecked,120926,8.266666666666595,7.066666666664901,14.999999999999915,12.333333333331552,3.123333333333298,2.6133333333333235,1.7087467147217024,1.6267337705631444,2.6333333333333355,2.6000000000000796,7.533333333331825,37.53333333333069,48190,53987,0,120,154,161,100,1.0,1.0
rate0.75_s12,2.0,original_q2_a0.8_or_unchecked,120927,11.79999999999984,8.333333333333314,18.66666666666731,11.533333333334326,3.7999999999999168,3.1716666666666464,1.95524670607475,1.7837987098115358,3.6820512820513134,3.249999999999744,7.866666666665083,15.06666666666456,48030,53076,0,120,174,173,100,1.0,1.0
rate0.75_s12,2.0,original_q2_a0.8_or_unchecked,120928,9.666666666666742,5.799999999998704,17.66666666666667,7.7999999999999545,3.6749999999999603,2.3266666666666453,1.952554835452227,1.6612607097534753,3.272727272727283,2.8111111111111122,6.933333333331234,18.133333333330597,48556,53442,0,120,162,153,100,1.0,1.0
rate0.75_s12,2.0,original_q2_a0.8_or_unchecked,120929,11.666666666666288,5.799999999999869,15.866666666666674,7.133333333334008,3.8883333333333945,2.4233333333333547,1.8737733428927499,1.619466331094214,2.9624999999999133,2.5794871794871597,11.466666666664196,10.46666666666431,48214,52083,0,120,168,146,100,1.0,1.0
rate0.75_s12,2.0,runner_up_checked,120900,10.93333333333328,10.93333333333328,22.20000000000016,22.20000000000016,4.1266666666666305,4.1266666666666305,1.951299543067169,1.951299543067169,3.566666666666819,3.566666666666819,13.399999999998386,13.399999999998386,49278,49278,0,0,181,181,0,0.0,
rate0.75_s12,2.0,runner_up_checked,120901,10.666666666666174,10.666666666666174,14.466666666666583,14.466666666666583,3.706666666666663,3.706666666666663,1.8746826188961314,1.8746826188961314,3.418181818181686,3.418181818181686,20.266666666665174,20.266666666665174,47998,47998,0,0,159,159,0,0.0,
rate0.75_s12,2.0,runner_up_checked,120902,12.33333333333411,12.33333333333411,19.40000000000026,19.40000000000026,3.9616666666666314,3.9616666666666314,1.9106703944711183,1.9106703944711183,3.9515151515151747,3.9515151515151747,10.333333333331211,10.333333333331211,48196,48196,0,0,183,183,0,0.0,
rate0.75_s12,2.0,runner_up_checked,120903,10.466666666666725,10.466666666666725,14.333333333333286,14.333333333333286,3.448333333333238,3.448333333333238,1.8033646759357842,1.8033646759357842,3.2,3.2,12.79999999999768,12.79999999999768,48158,48158,0,0,155,155,0,0.0,
rate0.75_s12,2.0,runner_up_checked,120904,7.266666666665969,7.266666666665969,12.466666666666583,12.466666666666583,2.924999999999922,2.924999999999922,1.8057568125052073,1.8057568125052073,3.6857142857143605,3.6857142857143605,7.06666666666365,7.06666666666365,47651,47651,0,0,169,169,0,0.0,
rate0.75_s12,2.0,runner_up_checked,120905,9.133333333333383,9.133333333333383,14.999999999999432,14.999999999999432,3.638333333333312,3.638333333333312,1.8781591682332477,1.8781591682332477,3.5466666666667264,3.5466666666667264,13.133333333331962,13.133333333331962,48133,48133,0,0,153,153,0,0.0,
rate0.75_s12,2.0,runner_up_checked,120906,9.799999999999045,9.799999999999045,13.399999999998954,13.399999999998954,3.4449999999999537,3.4449999999999537,1.795085421568188,1.795085421568188,2.7777777777777777,2.7777777777777777,24.3999999999985,24.3999999999985,47678,47678,0,0,164,164,0,0.0,
rate0.75_s12,2.0,runner_up_checked,120907,10.600000000000009,10.600000000000009,17.46666666666667,17.46666666666667,3.833333333333262,3.833333333333262,1.9307853996112436,1.9307853996112436,3.695238095238145,3.695238095238145,25.13333333333162,25.13333333333162,49538,49538,0,0,162,162,0,0.0,
rate0.75_s12,2.0,runner_up_checked,120908,12.066666666666265,12.066666666666265,22.733333333333377,22.733333333333377,3.951666666666634,3.951666666666634,1.8644118609988536,1.8644118609988536,2.9666666666666686,2.9666666666666686,31.333333333331552,31.333333333331552,49172,49172,0,0,164,164,0,0.0,
rate0.75_s12,2.0,runner_up_checked,120909,11.199999999999363,11.199999999999363,20.4666666666659,20.4666666666659,3.8566666666666802,3.8566666666666802,1.899329253959635,1.899329253959635,3.2088888888888922,3.2088888888888922,21.99999999999841,21.99999999999841,49214,49214,0,0,163,163,0,0.0,
rate0.75_s12,2.0,runner_up_checked,120910,11.933333333333735,11.933333333333735,19.00000000000003,19.00000000000003,3.8033333333333608,3.8033333333333608,1.9234755819610392,1.9234755819610392,3.7142857142857224,3.7142857142857224,3.1333333333316205,3.1333333333316205,47455,47455,0,0,167,167,0,0.0,
rate0.75_s12,2.0,runner_up_checked,120911,11.466666666666754,11.466666666666754,13.533333333333331,13.533333333333331,3.581666666666666,3.581666666666666,1.8685491334402136,1.8685491334402136,3.6000000000000716,3.6000000000000716,20.799999999998477,20.799999999998477,48744,48744,0,0,159,159,0,0.0,
rate0.75_s12,2.0,runner_up_checked,120912,8.399999999999409,8.399999999999409,15.666666666666671,15.666666666666671,3.239999999999991,3.239999999999991,1.7857559024209624,1.7857559024209624,3.3600000000000363,3.3600000000000363,11.399999999998272,11.399999999998272,48930,48930,0,0,159,159,0,0.0,
rate0.75_s12,2.0,runner_up_checked,120913,9.99999999999983,9.99999999999983,21.533333333333417,21.533333333333417,3.908333333333329,3.908333333333329,1.8215382729691532,1.8215382729691532,3.6500000000000625,3.6500000000000625,15.599999999998658,15.599999999998658,48114,48114,0,0,150,150,0,0.0,
rate0.75_s12,2.0,runner_up_checked,120914,11.666666666665492,11.666666666665492,14.999999999999972,14.999999999999972,3.715000000000004,3.715000000000004,1.625162124874205,1.625162124874205,2.4749999999999943,2.4749999999999943,17.733333333330847,17.733333333330847,48736,48736,0,0,175,175,0,0.0,
rate0.75_s12,2.0,runner_up_checked,120915,15.20000000000016,15.20000000000016,24.39999999999999,24.39999999999999,4.20166666666666,4.20166666666666,1.844171409761193,1.844171409761193,3.1523809523809683,3.1523809523809683,11.8666666666644,11.8666666666644,47994,47994,0,0,160,160,0,0.0,
rate0.75_s12,2.0,runner_up_checked,120916,11.799999999999983,11.799999999999983,14.73333333333332,14.73333333333332,4.08500000000003,4.08500000000003,1.863237741276873,1.863237741276873,3.0000000000000946,3.0000000000000946,36.46666666666522,36.46666666666522,48952,48952,0,0,167,167,0,0.0,
rate0.75_s12,2.0,runner_up_checked,120917,9.66666666666697,9.66666666666697,14.533333333331825,14.533333333331825,3.3999999999999346,3.3999999999999346,1.786896210011477,1.786896210011477,3.4761904761905464,3.4761904761905464,9.266666666665287,9.266666666665287,48414,48414,0,0,170,170,0,0.0,
rate0.75_s12,2.0,runner_up_checked,120918,9.333333333333357,9.333333333333357,14.733333333333292,14.733333333333292,3.68666666666656,3.68666666666656,1.8086590176642463,1.8086590176642463,3.211111111111125,3.211111111111125,10.933333333330893,10.933333333330893,48691,48691,0,0,164,164,0,0.0,
rate0.75_s12,2.0,runner_up_checked,120919,12.999999999999858,12.999999999999858,28.200000000000045,28.200000000000045,4.783333333333254,4.783333333333254,1.9851645875520822,1.9851645875520822,3.846666666666715,3.846666666666715,9.533333333331939,9.533333333331939,47703,47703,0,0,184,184,0,0.0,
rate0.75_s12,2.0,runner_up_checked,120920,9.133333333333297,9.133333333333297,15.066666666667118,15.066666666667118,3.168333333333309,3.168333333333309,1.7744890717780273,1.7744890717780273,3.2555555555555693,3.2555555555555693,11.533333333330575,11.533333333330575,49407,49407,0,0,162,162,0,0.0,
rate0.75_s12,2.0,runner_up_checked,120921,12.399999999998158,12.399999999998158,16.600000000000023,16.600000000000023,4.273333333333267,4.273333333333267,1.8405075175892545,1.8405075175892545,3.3999999999999866,3.3999999999999866,26.666666666664696,26.666666666664696,49408,49408,0,0,190,190,0,0.0,
rate0.75_s12,2.0,runner_up_checked,120922,10.13333333333344,10.13333333333344,17.466666666666356,17.466666666666356,4.10666666666663,4.10666666666663,1.957361114393879,1.957361114393879,3.2000000000000006,3.2000000000000006,19.399999999998045,19.399999999998045,48639,48639,0,0,168,168,0,0.0,
rate0.75_s12,2.0,runner_up_checked,120923,13.53333333333336,13.53333333333336,20.73333333333369,20.73333333333369,4.004999999999899,4.004999999999899,1.8627806528806434,1.8627806528806434,3.0844444444444585,3.0844444444444585,8.399999999998386,8.399999999998386,48758,48758,0,0,176,176,0,0.0,
rate0.75_s12,2.0,runner_up_checked,120924,12.466666666667038,12.466666666667038,17.933333333333252,17.933333333333252,3.8283333333332115,3.8283333333332115,1.9326303335678923,1.9326303335678923,3.593939393939422,3.593939393939422,13.33333333333087,13.33333333333087,48035,48035,0,0,169,169,0,0.0,
rate0.75_s12,2.0,runner_up_checked,120925,6.999999999999886,6.999999999999886,10.33333333333377,10.33333333333377,2.806666666666656,2.806666666666656,1.6374787708582952,1.6374787708582952,2.5208333333333677,2.5208333333333677,14.199999999997203,14.199999999997203,48325,48325,0,0,159,159,0,0.0,
rate0.75_s12,2.0,runner_up_checked,120926,8.266666666666595,8.266666666666595,14.999999999999915,14.999999999999915,3.123333333333298,3.123333333333298,1.7087467147217024,1.7087467147217024,2.6333333333333355,2.6333333333333355,7.533333333331825,7.533333333331825,48190,48190,0,0,154,154,0,0.0,
rate0.75_s12,2.0,runner_up_checked,120927,11.79999999999984,11.79999999999984,18.66666666666731,18.66666666666731,3.7999999999999168,3.7999999999999168,1.95524670607475,1.95524670607475,3.6820512820513134,3.6820512820513134,7.866666666665083,7.866666666665083,48030,48030,0,0,174,174,0,0.0,
rate0.75_s12,2.0,runner_up_checked,120928,9.666666666666742,9.666666666666742,17.66666666666667,17.66666666666667,3.6749999999999603,3.6749999999999603,1.952554835452227,1.952554835452227,3.272727272727283,3.272727272727283,6.933333333331234,6.933333333331234,48556,48556,0,0,162,162,0,0.0,
rate0.75_s12,2.0,runner_up_checked,120929,11.666666666666288,11.666666666666288,15.866666666666674,15.866666666666674,3.8883333333333945,3.8883333333333945,1.8737733428927499,1.8737733428927499,2.9624999999999133,2.9624999999999133,11.466666666664196,11.466666666664196,48214,48214,0,0,168,168,0,0.0,
