workload,penalty,variant,seed,baseline_p95_wait,variant_p95_wait,baseline_p99_wait,variant_p99_wait,baseline_avg_wait,variant_avg_wait,baseline_avg_slowdown,variant_avg_slowdown,baseline_p95_slowdown,variant_p95_slowdown,baseline_makespan_excess,variant_makespan_excess,baseline_sched_cores_scanned,variant_sched_cores_scanned,baseline_burst_balance_levels_walked,variant_burst_balance_levels_walked,baseline_total_migrations,variant_total_migrations,detector_fires,recall,precision
stacked_low,0.0,selected_gated,80000,4.40000000000191,4.40000000000191,5.7999999999999545,5.7999999999999545,1.5430000000002777,1.5430000000002777,1.5145173873708355,1.5145173873708355,2.5333333333332653,2.5333333333332653,22.400000000006457,22.400000000006457,197688,197688,0,0,147,147,0,0.0,
stacked_low,0.0,selected_gated,80001,4.399999999998045,4.399999999998045,5.7999999999999545,5.7999999999999545,1.5180000000001785,1.5180000000001785,1.4541935192860236,1.4541935192860236,2.4307692307691977,2.4307692307691977,7.800000000005639,7.800000000005639,194427,194427,0,0,155,155,0,0.0,
stacked_low,0.0,selected_gated,80002,5.0,5.0,5.799999999999997,5.799999999999997,1.5610000000002726,1.5610000000002726,1.4773314468278895,1.4773314468278895,2.3999999999999773,2.3999999999999773,7.600000000001728,7.600000000001728,195608,195608,0,0,151,151,0,0.0,
stacked_low,0.0,selected_gated,80003,5.0,5.0,8.19999999999959,8.19999999999959,1.6380000000006192,1.6380000000006192,1.4442426933255956,1.4442426933255956,2.260000000000005,2.260000000000005,16.80000000001428,16.80000000001428,199442,199442,0,0,156,156,0,0.0,
stacked_low,0.0,selected_gated,80004,4.999999999998636,4.999999999998636,5.799999999999997,5.799999999999997,1.5740000000000873,1.5740000000000873,1.4321595518748642,1.4321595518748642,2.2608695652174013,2.2608695652174013,11.400000000004184,11.400000000004184,194471,194471,0,0,164,164,0,0.0,
stacked_low,0.0,selected_gated,80005,4.599999999999227,4.599999999999227,5.599999999999909,5.599999999999909,1.493000000000126,1.493000000000126,1.502348236459964,1.502348236459964,2.444444444444318,2.444444444444318,31.60000000000764,31.60000000000764,195556,195556,0,0,155,155,0,0.0,
stacked_low,0.0,selected_gated,80006,5.0,5.0,5.999999999998181,5.999999999998181,1.5330000000001718,1.5330000000001718,1.5115884255067527,1.5115884255067527,2.6250000000002274,2.6250000000002274,4.600000000003547,4.600000000003547,196662,196662,0,0,156,156,0,0.0,
stacked_low,0.0,selected_gated,80007,5.199999999998795,5.199999999998795,5.7999999999999545,5.7999999999999545,1.5580000000002885,1.5580000000002885,1.4999953944602766,1.4999953944602766,2.4222222222221412,2.4222222222221412,29.60000000000673,29.60000000000673,197311,197311,0,0,164,164,0,0.0,
stacked_low,0.0,selected_gated,80008,4.199999999999818,4.199999999999818,5.7999999999999545,5.7999999999999545,1.445000000000074,1.445000000000074,1.4957132929210397,1.4957132929210397,2.425000000000523,2.425000000000523,15.600000000012642,15.600000000012642,196072,196072,0,0,142,142,0,0.0,
stacked_low,0.0,selected_gated,80009,3.199999999997999,3.199999999997999,5.000000000000142,5.000000000000142,1.3430000000005742,1.3430000000005742,1.5128359138553549,1.5128359138553549,2.492307692307594,2.492307692307594,16.60000000000764,16.60000000000764,195652,195652,0,0,147,147,0,0.0,
stacked_low,0.0,selected_gated,80010,5.199999999999818,5.199999999999818,6.0000000000063665,6.0000000000063665,1.5320000000001943,1.5320000000001943,1.4680485389534765,1.4680485389534765,2.2800000000002,2.2800000000002,5.400000000002819,5.400000000002819,194255,194255,0,0,158,158,0,0.0,
stacked_low,0.0,selected_gated,80011,3.8000000000042746,3.8000000000042746,5.999999999999545,5.999999999999545,1.5300000000002163,1.5300000000002163,1.5437725136564284,1.5437725136564284,2.6399999999999864,2.6399999999999864,1.0000000000040927,1.0000000000040927,195429,195429,0,0,144,144,0,0.0,
stacked_low,0.0,selected_gated,80012,4.200000000000728,4.200000000000728,5.800000000000011,5.800000000000011,1.480000000000082,1.480000000000082,1.4613730472027213,1.4613730472027213,2.219999999999959,2.219999999999959,6.0000000000027285,6.0000000000027285,196213,196213,0,0,166,166,0,0.0,
stacked_low,0.0,selected_gated,80013,3.7999999999999545,3.7999999999999545,5.800000000000182,5.800000000000182,1.464999999999964,1.464999999999964,1.5644290109926415,1.5644290109926415,2.8333333333333335,2.8333333333333335,19.40000000000373,19.40000000000373,196012,196012,0,0,149,149,0,0.0,
stacked_low,0.0,selected_gated,80014,4.999999999998863,4.999999999998863,6.199999999997999,6.199999999997999,1.477000000000062,1.477000000000062,1.4716609895726014,1.4716609895726014,2.2500000000000093,2.2500000000000093,12.800000000005184,12.800000000005184,196894,196894,0,0,148,148,0,0.0,
stacked_low,0.0,selected_gated,80015,5.199999999999363,5.199999999999363,5.7999999999999545,5.7999999999999545,1.5670000000001891,1.5670000000001891,1.5020348912836246,1.5020348912836246,2.3399999999998955,2.3399999999998955,1.6000000000049113,1.6000000000049113,195564,195564,0,0,151,151,0,0.0,
stacked_low,0.0,selected_gated,80016,4.999999999999318,4.999999999999318,5.79999999999859,5.79999999999859,1.4650000000000836,1.4650000000000836,1.3903445351478172,1.3903445351478172,2.066666666666644,2.066666666666644,15.600000000005366,15.600000000005366,197242,197242,0,0,169,169,0,0.0,
stacked_low,0.0,selected_gated,80017,4.400000000002365,4.400000000002365,5.7999999999995,5.7999999999995,1.462000000000247,1.462000000000247,1.5031285158386662,1.5031285158386662,2.377777777777586,2.377777777777586,24.00000000001046,24.00000000001046,197022,197022,0,0,156,156,0,0.0,
stacked_low,0.0,selected_gated,80018,5.199999999997999,5.199999999997999,6.799999999999045,6.799999999999045,1.5479999999999492,1.5479999999999492,1.5059412140179338,1.5059412140179338,2.450000000000614,2.450000000000614,19.20000000000391,19.20000000000391,196932,196932,0,0,143,143,0,0.0,
stacked_low,0.0,selected_gated,80019,4.0,4.0,5.599999999999909,5.599999999999909,1.3889999999999805,1.3889999999999805,1.4720397738464275,1.4720397738464275,2.199999999999966,2.199999999999966,8.400000000005548,8.400000000005548,195587,195587,0,0,162,162,0,0.0,
stacked_low,0.0,selected_gated,80020,4.800000000000068,4.800000000000068,6.199999999998909,6.199999999998909,1.5070000000002874,1.5070000000002874,1.5321600398114246,1.5321600398114246,2.4399999999999977,2.4399999999999977,15.600000000003092,15.600000000003092,196519,196519,0,0,155,155,0,0.0,
stacked_low,0.0,selected_gated,80021,5.000000000007731,5.000000000007731,6.7999999999999545,6.7999999999999545,1.5270000000003332,1.5270000000003332,1.427843561882189,1.427843561882189,2.1047619047618418,2.1047619047618418,24.000000000009095,24.000000000009095,196483,196483,0,0,155,155,0,0.0,
stacked_low,0.0,selected_gated,80022,5.199999999998681,5.199999999998681,5.999999999998636,5.999999999998636,1.5310000000001098,1.5310000000001098,1.4480994706355244,1.4480994706355244,2.3076923076921854,2.3076923076921854,9.600000000009459,9.600000000009459,195221,195221,0,0,167,167,0,0.0,
stacked_low,0.0,selected_gated,80023,4.800000000009277,4.800000000009277,5.799999999999727,5.799999999999727,1.4930000000001176,1.4930000000001176,1.4581854443870892,1.4581854443870892,2.2117647058827488,2.2117647058827488,7.200000000003911,7.200000000003911,197272,197272,0,0,155,155,0,0.0,
stacked_low,0.0,selected_gated,80024,5.0,5.0,5.600000000000136,5.600000000000136,1.5370000000000366,1.5370000000000366,1.4519374662954383,1.4519374662954383,2.339999999999918,2.339999999999918,5.600000000005821,5.600000000005821,195990,195990,0,0,144,144,0,0.0,
stacked_low,0.0,selected_gated,80025,3.999999999998181,3.999999999998181,5.800000000000182,5.800000000000182,1.5199999999998628,1.5199999999998628,1.4569903694377926,1.4569903694377926,2.257142857143013,2.257142857143013,5.800000000002456,5.800000000002456,195598,195598,0,0,154,154,0,0.0,
stacked_low,0.0,selected_gated,80026,5.0,5.0,6.400000000005548,6.400000000005548,1.448000000000397,1.448000000000397,1.447667346052831,1.447667346052831,2.199999999999909,2.199999999999909,10.000000000002728,10.000000000002728,195934,195934,0,0,146,146,0,0.0,
stacked_low,0.0,selected_gated,80027,4.199999999998909,4.199999999998909,6.79999999999859,6.79999999999859,1.4219999999997837,1.4219999999997837,1.4100560432892582,1.4100560432892582,2.287999999999911,2.287999999999911,6.200000000001637,6.200000000001637,194594,194594,0,0,162,162,0,0.0,
stacked_low,0.0,selected_gated,80028,5.199999999999591,5.199999999999591,6.59999999999809,6.59999999999809,1.5010000000002182,1.5010000000002182,1.469532284281697,1.469532284281697,2.512499999999932,2.512499999999932,38.00000000000591,38.00000000000591,196151,196151,0,0,149,149,0,0.0,
stacked_low,0.0,selected_gated,80029,3.399999999999409,3.399999999999409,5.800000000000011,5.800000000000011,1.384999999999991,1.384999999999991,1.4587976727444953,1.4587976727444953,2.333333333333301,2.333333333333301,22.000000000007276,22.000000000007276,195696,195696,0,0,155,155,0,0.0,
stacked_low,0.0,selected_ungated,80000,4.40000000000191,4.40000000000191,5.7999999999999545,5.7999999999999545,1.5430000000002777,1.5430000000002777,1.5145173873708355,1.5145173873708355,2.5333333333332653,2.5333333333332653,22.400000000006457,22.400000000006457,197688,197688,0,0,147,147,0,0.0,
stacked_low,0.0,selected_ungated,80001,4.399999999998045,4.399999999998045,5.7999999999999545,5.7999999999999545,1.5180000000001785,1.5180000000001785,1.4541935192860236,1.4541935192860236,2.4307692307691977,2.4307692307691977,7.800000000005639,7.800000000005639,194427,194427,0,0,155,155,0,0.0,
stacked_low,0.0,selected_ungated,80002,5.0,5.0,5.799999999999997,5.799999999999997,1.5610000000002726,1.5610000000002726,1.4773314468278895,1.4773314468278895,2.3999999999999773,2.3999999999999773,7.600000000001728,7.600000000001728,195608,195608,0,0,151,151,0,0.0,
stacked_low,0.0,selected_ungated,80003,5.0,5.0,8.19999999999959,8.19999999999959,1.6380000000006192,1.6380000000006192,1.4442426933255956,1.4442426933255956,2.260000000000005,2.260000000000005,16.80000000001428,16.80000000001428,199442,199442,0,0,156,156,0,0.0,
stacked_low,0.0,selected_ungated,80004,4.999999999998636,4.999999999998636,5.799999999999997,5.799999999999997,1.5740000000000873,1.5740000000000873,1.4321595518748642,1.4321595518748642,2.2608695652174013,2.2608695652174013,11.400000000004184,11.400000000004184,194471,194471,0,0,164,164,0,0.0,
stacked_low,0.0,selected_ungated,80005,4.599999999999227,4.599999999999227,5.599999999999909,5.599999999999909,1.493000000000126,1.493000000000126,1.502348236459964,1.502348236459964,2.444444444444318,2.444444444444318,31.60000000000764,31.60000000000764,195556,195556,0,0,155,155,0,0.0,
stacked_low,0.0,selected_ungated,80006,5.0,5.0,5.999999999998181,5.999999999998181,1.5330000000001718,1.5330000000001718,1.5115884255067527,1.5115884255067527,2.6250000000002274,2.6250000000002274,4.600000000003547,4.600000000003547,196662,196662,0,0,156,156,0,0.0,
stacked_low,0.0,selected_ungated,80007,5.199999999998795,5.199999999998795,5.7999999999999545,5.7999999999999545,1.5580000000002885,1.5580000000002885,1.4999953944602766,1.4999953944602766,2.4222222222221412,2.4222222222221412,29.60000000000673,29.60000000000673,197311,197311,0,0,164,164,0,0.0,
stacked_low,0.0,selected_ungated,80008,4.199999999999818,4.199999999999818,5.7999999999999545,5.7999999999999545,1.445000000000074,1.445000000000074,1.4957132929210397,1.4957132929210397,2.425000000000523,2.425000000000523,15.600000000012642,15.600000000012642,196072,196072,0,0,142,142,0,0.0,
stacked_low,0.0,selected_ungated,80009,3.199999999997999,3.199999999997999,5.000000000000142,5.000000000000142,1.3430000000005742,1.3430000000005742,1.5128359138553549,1.5128359138553549,2.492307692307594,2.492307692307594,16.60000000000764,16.60000000000764,195652,195652,0,0,147,147,0,0.0,
stacked_low,0.0,selected_ungated,80010,5.199999999999818,5.199999999999818,6.0000000000063665,6.0000000000063665,1.5320000000001943,1.5320000000001943,1.4680485389534765,1.4680485389534765,2.2800000000002,2.2800000000002,5.400000000002819,5.400000000002819,194255,194255,0,0,158,158,0,0.0,
stacked_low,0.0,selected_ungated,80011,3.8000000000042746,3.8000000000042746,5.999999999999545,5.999999999999545,1.5300000000002163,1.5300000000002163,1.5437725136564284,1.5437725136564284,2.6399999999999864,2.6399999999999864,1.0000000000040927,1.0000000000040927,195429,195429,0,0,144,144,0,0.0,
stacked_low,0.0,selected_ungated,80012,4.200000000000728,4.200000000000728,5.800000000000011,5.800000000000011,1.480000000000082,1.480000000000082,1.4613730472027213,1.4613730472027213,2.219999999999959,2.219999999999959,6.0000000000027285,6.0000000000027285,196213,196213,0,0,166,166,0,0.0,
stacked_low,0.0,selected_ungated,80013,3.7999999999999545,3.7999999999999545,5.800000000000182,5.800000000000182,1.464999999999964,1.464999999999964,1.5644290109926415,1.5644290109926415,2.8333333333333335,2.8333333333333335,19.40000000000373,19.40000000000373,196012,196012,0,0,149,149,0,0.0,
stacked_low,0.0,selected_ungated,80014,4.999999999998863,4.999999999998863,6.199999999997999,6.199999999997999,1.477000000000062,1.477000000000062,1.4716609895726014,1.4716609895726014,2.2500000000000093,2.2500000000000093,12.800000000005184,12.800000000005184,196894,196894,0,0,148,148,0,0.0,
stacked_low,0.0,selected_ungated,80015,5.199999999999363,5.199999999999363,5.7999999999999545,5.7999999999999545,1.5670000000001891,1.5670000000001891,1.5020348912836246,1.5020348912836246,2.3399999999998955,2.3399999999998955,1.6000000000049113,1.6000000000049113,195564,195564,0,0,151,151,0,0.0,
stacked_low,0.0,selected_ungated,80016,4.999999999999318,4.999999999999318,5.79999999999859,5.79999999999859,1.4650000000000836,1.4650000000000836,1.3903445351478172,1.3903445351478172,2.066666666666644,2.066666666666644,15.600000000005366,15.600000000005366,197242,197242,0,0,169,169,0,0.0,
stacked_low,0.0,selected_ungated,80017,4.400000000002365,4.400000000002365,5.7999999999995,5.7999999999995,1.462000000000247,1.462000000000247,1.5031285158386662,1.5031285158386662,2.377777777777586,2.377777777777586,24.00000000001046,24.00000000001046,197022,197022,0,0,156,156,0,0.0,
stacked_low,0.0,selected_ungated,80018,5.199999999997999,5.199999999997999,6.799999999999045,6.799999999999045,1.5479999999999492,1.5479999999999492,1.5059412140179338,1.5059412140179338,2.450000000000614,2.450000000000614,19.20000000000391,19.20000000000391,196932,196932,0,0,143,143,0,0.0,
stacked_low,0.0,selected_ungated,80019,4.0,4.0,5.599999999999909,5.599999999999909,1.3889999999999805,1.3889999999999805,1.4720397738464275,1.4720397738464275,2.199999999999966,2.199999999999966,8.400000000005548,8.400000000005548,195587,195587,0,0,162,162,0,0.0,
stacked_low,0.0,selected_ungated,80020,4.800000000000068,4.800000000000068,6.199999999998909,6.199999999998909,1.5070000000002874,1.5070000000002874,1.5321600398114246,1.5321600398114246,2.4399999999999977,2.4399999999999977,15.600000000003092,15.600000000003092,196519,196519,0,0,155,155,0,0.0,
stacked_low,0.0,selected_ungated,80021,5.000000000007731,5.000000000007731,6.7999999999999545,6.7999999999999545,1.5270000000003332,1.5270000000003332,1.427843561882189,1.427843561882189,2.1047619047618418,2.1047619047618418,24.000000000009095,24.000000000009095,196483,196483,0,0,155,155,0,0.0,
stacked_low,0.0,selected_ungated,80022,5.199999999998681,5.199999999998681,5.999999999998636,5.999999999998636,1.5310000000001098,1.5310000000001098,1.4480994706355244,1.4480994706355244,2.3076923076921854,2.3076923076921854,9.600000000009459,9.600000000009459,195221,195221,0,0,167,167,0,0.0,
stacked_low,0.0,selected_ungated,80023,4.800000000009277,4.800000000009277,5.799999999999727,5.799999999999727,1.4930000000001176,1.4930000000001176,1.4581854443870892,1.4581854443870892,2.2117647058827488,2.2117647058827488,7.200000000003911,7.200000000003911,197272,197272,0,0,155,155,0,0.0,
stacked_low,0.0,selected_ungated,80024,5.0,5.0,5.600000000000136,5.600000000000136,1.5370000000000366,1.5370000000000366,1.4519374662954383,1.4519374662954383,2.339999999999918,2.339999999999918,5.600000000005821,5.600000000005821,195990,195990,0,0,144,144,0,0.0,
stacked_low,0.0,selected_ungated,80025,3.999999999998181,3.999999999998181,5.800000000000182,5.800000000000182,1.5199999999998628,1.5199999999998628,1.4569903694377926,1.4569903694377926,2.257142857143013,2.257142857143013,5.800000000002456,5.800000000002456,195598,195598,0,0,154,154,0,0.0,
stacked_low,0.0,selected_ungated,80026,5.0,5.0,6.400000000005548,6.400000000005548,1.448000000000397,1.448000000000397,1.447667346052831,1.447667346052831,2.199999999999909,2.199999999999909,10.000000000002728,10.000000000002728,195934,195934,0,0,146,146,0,0.0,
stacked_low,0.0,selected_ungated,80027,4.199999999998909,4.199999999998909,6.79999999999859,6.79999999999859,1.4219999999997837,1.4219999999997837,1.4100560432892582,1.4100560432892582,2.287999999999911,2.287999999999911,6.200000000001637,6.200000000001637,194594,194594,0,0,162,162,0,0.0,
stacked_low,0.0,selected_ungated,80028,5.199999999999591,5.199999999999591,6.59999999999809,6.59999999999809,1.5010000000002182,1.5010000000002182,1.469532284281697,1.469532284281697,2.512499999999932,2.512499999999932,38.00000000000591,38.00000000000591,196151,196151,0,0,149,149,0,0.0,
stacked_low,0.0,selected_ungated,80029,3.399999999999409,3.399999999999409,5.800000000000011,5.800000000000011,1.384999999999991,1.384999999999991,1.4587976727444953,1.4587976727444953,2.333333333333301,2.333333333333301,22.000000000007276,22.000000000007276,195696,195696,0,0,155,155,0,0.0,
stacked_low,0.0,original_q2_a0.8_or_ungated,80000,4.40000000000191,5.0,5.7999999999999545,7.800000000001546,1.5430000000002777,1.6170000000000737,1.5145173873708355,1.365315898382711,2.5333333333332653,2.166666666666591,22.400000000006457,13.200000000003456,197688,204148,0,200,147,171,50,1.0,1.0
stacked_low,0.0,original_q2_a0.8_or_ungated,80001,4.399999999998045,5.199999999999989,5.7999999999999545,9.999999999998181,1.5180000000001785,1.5250000000000912,1.4541935192860236,1.3652261833267312,2.4307692307691977,2.266666666666803,7.800000000005639,8.000000000003183,194427,203321,0,200,155,168,50,1.0,1.0
stacked_low,0.0,original_q2_a0.8_or_ungated,80002,5.0,4.800000000000637,5.799999999999997,6.199999999999136,1.5610000000002726,1.4710000000002816,1.4773314468278895,1.3263806319524047,2.3999999999999773,2.0615384615383183,7.600000000001728,1.8000000000024556,195608,203629,0,200,151,172,50,1.0,1.0
stacked_low,0.0,original_q2_a0.8_or_ungated,80003,5.0,4.9999999999990905,8.19999999999959,5.80000000000382,1.6380000000006192,1.510000000000521,1.4442426933255956,1.3388227415953986,2.260000000000005,2.1090909090909182,16.80000000001428,1.4000000000078217,199442,205220,0,200,156,177,50,1.0,1.0
stacked_low,0.0,original_q2_a0.8_or_ungated,80004,4.999999999998636,4.9999999999990905,5.799999999999997,7.799999999997453,1.5740000000000873,1.529000000000055,1.4321595518748642,1.30046472936582,2.2608695652174013,1.9151515151517302,11.400000000004184,5.6000000000008185,194471,202638,0,200,164,172,50,1.0,1.0
stacked_low,0.0,original_q2_a0.8_or_ungated,80005,4.599999999999227,4.599999999999682,5.599999999999909,5.199999999999989,1.493000000000126,1.3590000000001252,1.502348236459964,1.3330628107941813,2.444444444444318,2.0499999999991587,31.60000000000764,9.000000000001819,195556,203177,0,200,155,175,50,1.0,1.0
stacked_low,0.0,original_q2_a0.8_or_ungated,80006,5.0,5.000000000000455,5.999999999998181,6.000000000000455,1.5330000000001718,1.4410000000001906,1.5115884255067527,1.3715257930634632,2.6250000000002274,2.116666666666466,4.600000000003547,6.800000000005639,196662,203038,0,200,156,167,50,1.0,1.0
stacked_low,0.0,original_q2_a0.8_or_ungated,80007,5.199999999998795,4.5999999999989996,5.7999999999999545,6.000000000002274,1.5580000000002885,1.5109999999999788,1.4999953944602766,1.3417901087660036,2.4222222222221412,2.199999999999875,29.60000000000673,4.200000000005275,197311,202963,0,200,164,173,50,1.0,1.0
stacked_low,0.0,original_q2_a0.8_or_ungated,80008,4.199999999999818,4.199999999999818,5.7999999999999545,7.3999999999991815,1.445000000000074,1.5180000000001512,1.4957132929210397,1.3220771493739283,2.425000000000523,2.088888888888808,15.600000000012642,11.600000000009004,196072,204911,0,200,142,180,50,1.0,1.0
stacked_low,0.0,original_q2_a0.8_or_ungated,80009,3.199999999997999,4.799999999999272,5.000000000000142,6.6000000000117325,1.3430000000005742,1.491000000000817,1.5128359138553549,1.3929175950429913,2.492307692307594,2.400000000000026,16.60000000000764,1.4000000000032742,195652,203412,0,196,147,170,49,0.98,1.0
stacked_low,0.0,original_q2_a0.8_or_ungated,80010,5.199999999999818,4.600000000003547,6.0000000000063665,6.000000000005002,1.5320000000001943,1.453000000000228,1.4680485389534765,1.3491416211356253,2.2800000000002,2.200000000000298,5.400000000002819,0.40000000000100044,194255,203320,0,196,158,176,49,0.98,1.0
stacked_low,0.0,original_q2_a0.8_or_ungated,80011,3.8000000000042746,4.800000000004729,5.999999999999545,6.6000000000008185,1.5300000000002163,1.504000000000201,1.5437725136564284,1.3345843134529627,2.6399999999999864,2.0363636363637068,1.0000000000040927,22.400000000006457,195429,204908,0,200,144,171,50,1.0,1.0
stacked_low,0.0,original_q2_a0.8_or_ungated,80012,4.200000000000728,4.800000000001546,5.800000000000011,5.800000000001546,1.480000000000082,1.3990000000002185,1.4613730472027213,1.3074858202388189,2.219999999999959,2.07499999999996,6.0000000000027285,7.000000000004093,196213,203305,0,200,166,176,50,1.0,1.0
stacked_low,0.0,original_q2_a0.8_or_ungated,80013,3.7999999999999545,5.0,5.800000000000182,5.800000000000011,1.464999999999964,1.5069999999999846,1.5644290109926415,1.350936720585123,2.8333333333333335,2.1714285714285717,19.40000000000373,5.400000000006003,196012,202987,0,200,149,171,50,1.0,1.0
stacked_low,0.0,original_q2_a0.8_or_ungated,80014,4.999999999998863,5.0,6.199999999997999,7.800000000000182,1.477000000000062,1.5860000000002605,1.4716609895726014,1.3421648487416786,2.2500000000000093,2.150000000000034,12.800000000005184,7.20000000000573,196894,204304,0,200,148,182,50,1.0,1.0
stacked_low,0.0,original_q2_a0.8_or_ungated,80015,5.199999999999363,5.199999999999932,5.7999999999999545,7.799999999998818,1.5670000000001891,1.5050000000000516,1.5020348912836246,1.3342273023208329,2.3399999999998955,2.199999999999818,1.6000000000049113,7.000000000006821,195564,204726,0,200,151,171,50,1.0,1.0
stacked_low,0.0,original_q2_a0.8_or_ungated,80016,4.999999999999318,5.399999999999295,5.79999999999859,5.800000000000637,1.4650000000000836,1.5639999999999743,1.3903445351478172,1.338790942769633,2.066666666666644,2.199999999999957,15.600000000005366,4.800000000005184,197242,203003,0,200,169,177,50,1.0,1.0
stacked_low,0.0,original_q2_a0.8_or_ungated,80017,4.400000000002365,4.400000000001455,5.7999999999995,5.800000000000011,1.462000000000247,1.3470000000002365,1.5031285158386662,1.3545011667232658,2.377777777777586,2.1714285714287405,24.00000000001046,6.000000000005002,197022,203575,0,200,156,162,50,1.0,1.0
stacked_low,0.0,original_q2_a0.8_or_ungated,80018,5.199999999997999,4.799999999999159,6.799999999999045,5.599999999999909,1.5479999999999492,1.326999999999968,1.5059412140179338,1.3576180365769632,2.450000000000614,2.250000000000007,19.20000000000391,6.000000000003183,196932,205007,0,200,143,170,50,1.0,1.0
stacked_low,0.0,original_q2_a0.8_or_ungated,80019,4.0,5.199999999999989,5.599999999999909,8.000000000005002,1.3889999999999805,1.474999999999917,1.4720397738464275,1.331921964120084,2.199999999999966,2.0916666666666166,8.400000000005548,9.400000000002365,195587,203559,0,200,162,165,50,1.0,1.0
stacked_low,0.0,original_q2_a0.8_or_ungated,80020,4.800000000000068,5.199999999999818,6.199999999998909,7.0,1.5070000000002874,1.6090000000001852,1.5321600398114246,1.3674974550621917,2.4399999999999977,2.299999999999841,15.600000000003092,16.200000000007094,196519,203630,0,200,155,176,50,1.0,1.0
stacked_low,0.0,original_q2_a0.8_or_ungated,80021,5.000000000007731,4.999999999999318,6.7999999999999545,5.800000000000011,1.5270000000003332,1.4300000000002582,1.427843561882189,1.3365443209517118,2.1047619047618418,2.038095238095198,24.000000000009095,9.600000000010368,196483,203265,0,200,155,166,50,1.0,1.0
stacked_low,0.0,original_q2_a0.8_or_ungated,80022,5.199999999998681,5.39999999999975,5.999999999998636,6.199999999997999,1.5310000000001098,1.5690000000001667,1.4480994706355244,1.3549077842726185,2.3076923076921854,2.200000000000078,9.600000000009459,9.400000000003729,195221,203367,0,200,167,172,50,1.0,1.0
stacked_low,0.0,original_q2_a0.8_or_ungated,80023,4.800000000009277,4.400000000000091,5.799999999999727,5.400000000002365,1.4930000000001176,1.4719999999999345,1.4581854443870892,1.3315330407144879,2.2117647058827488,2.050000000000523,7.200000000003911,7.200000000002547,197272,203877,0,200,155,171,50,1.0,1.0
stacked_low,0.0,original_q2_a0.8_or_ungated,80024,5.0,5.0,5.600000000000136,7.600000000000193,1.5370000000000366,1.5379999999999934,1.4519374662954383,1.3293402786592556,2.339999999999918,2.0499999999996135,5.600000000005821,3.8000000000042746,195990,202495,0,200,144,169,50,1.0,1.0
stacked_low,0.0,original_q2_a0.8_or_ungated,80025,3.999999999998181,5.200000000000017,5.800000000000182,7.799999999998704,1.5199999999998628,1.5879999999998369,1.4569903694377926,1.3545952037703117,2.257142857143013,2.0499999999999545,5.800000000002456,13.20000000000573,195598,203240,0,200,154,169,50,1.0,1.0
stacked_low,0.0,original_q2_a0.8_or_ungated,80026,5.0,4.199999999998909,6.400000000005548,5.600000000001728,1.448000000000397,1.389000000000229,1.447667346052831,1.3504500667149966,2.199999999999909,2.3428571428571234,10.000000000002728,14.000000000003183,195934,204756,0,200,146,163,50,1.0,1.0
stacked_low,0.0,original_q2_a0.8_or_ungated,80027,4.199999999998909,5.0,6.79999999999859,6.599999999999454,1.4219999999997837,1.5620000000001817,1.4100560432892582,1.3326458737458853,2.287999999999911,2.2000000000007276,6.200000000001637,6.6000000000008185,194594,201954,0,200,162,176,50,1.0,1.0
stacked_low,0.0,original_q2_a0.8_or_ungated,80028,5.199999999999591,4.9999999999990905,6.59999999999809,7.6000000000008185,1.5010000000002182,1.4530000000001586,1.469532284281697,1.3208618782927963,2.512499999999932,2.1428571428570455,38.00000000000591,2.0000000000027285,196151,203874,0,200,149,178,50,1.0,1.0
stacked_low,0.0,original_q2_a0.8_or_ungated,80029,3.399999999999409,4.80000000000291,5.800000000000011,5.599999999999454,1.384999999999991,1.4730000000000518,1.4587976727444953,1.3179379360601464,2.333333333333301,2.0580645161290017,22.000000000007276,8.000000000004093,195696,203796,0,200,155,185,50,1.0,1.0
stacked_low,0.0,runner_up_ungated,80000,4.40000000000191,4.40000000000191,5.7999999999999545,5.7999999999999545,1.5430000000002777,1.5430000000002777,1.5145173873708355,1.5145173873708355,2.5333333333332653,2.5333333333332653,22.400000000006457,22.400000000006457,197688,197688,0,0,147,147,0,0.0,
stacked_low,0.0,runner_up_ungated,80001,4.399999999998045,4.399999999998045,5.7999999999999545,5.7999999999999545,1.5180000000001785,1.5180000000001785,1.4541935192860236,1.4541935192860236,2.4307692307691977,2.4307692307691977,7.800000000005639,7.800000000005639,194427,194427,0,0,155,155,0,0.0,
stacked_low,0.0,runner_up_ungated,80002,5.0,5.0,5.799999999999997,5.799999999999997,1.5610000000002726,1.5610000000002726,1.4773314468278895,1.4773314468278895,2.3999999999999773,2.3999999999999773,7.600000000001728,7.600000000001728,195608,195608,0,0,151,151,0,0.0,
stacked_low,0.0,runner_up_ungated,80003,5.0,5.0,8.19999999999959,8.19999999999959,1.6380000000006192,1.6380000000006192,1.4442426933255956,1.4442426933255956,2.260000000000005,2.260000000000005,16.80000000001428,16.80000000001428,199442,199442,0,0,156,156,0,0.0,
stacked_low,0.0,runner_up_ungated,80004,4.999999999998636,4.999999999998636,5.799999999999997,5.799999999999997,1.5740000000000873,1.5740000000000873,1.4321595518748642,1.4321595518748642,2.2608695652174013,2.2608695652174013,11.400000000004184,11.400000000004184,194471,194471,0,0,164,164,0,0.0,
stacked_low,0.0,runner_up_ungated,80005,4.599999999999227,4.599999999999227,5.599999999999909,5.599999999999909,1.493000000000126,1.493000000000126,1.502348236459964,1.502348236459964,2.444444444444318,2.444444444444318,31.60000000000764,31.60000000000764,195556,195556,0,0,155,155,0,0.0,
stacked_low,0.0,runner_up_ungated,80006,5.0,5.0,5.999999999998181,5.999999999998181,1.5330000000001718,1.5330000000001718,1.5115884255067527,1.5115884255067527,2.6250000000002274,2.6250000000002274,4.600000000003547,4.600000000003547,196662,196662,0,0,156,156,0,0.0,
stacked_low,0.0,runner_up_ungated,80007,5.199999999998795,5.199999999998795,5.7999999999999545,5.7999999999999545,1.5580000000002885,1.5580000000002885,1.4999953944602766,1.4999953944602766,2.4222222222221412,2.4222222222221412,29.60000000000673,29.60000000000673,197311,197311,0,0,164,164,0,0.0,
stacked_low,0.0,runner_up_ungated,80008,4.199999999999818,4.199999999999818,5.7999999999999545,5.7999999999999545,1.445000000000074,1.445000000000074,1.4957132929210397,1.4957132929210397,2.425000000000523,2.425000000000523,15.600000000012642,15.600000000012642,196072,196072,0,0,142,142,0,0.0,
stacked_low,0.0,runner_up_ungated,80009,3.199999999997999,3.199999999997999,5.000000000000142,5.000000000000142,1.3430000000005742,1.3430000000005742,1.5128359138553549,1.5128359138553549,2.492307692307594,2.492307692307594,16.60000000000764,16.60000000000764,195652,195652,0,0,147,147,0,0.0,
stacked_low,0.0,runner_up_ungated,80010,5.199999999999818,5.199999999999818,6.0000000000063665,6.0000000000063665,1.5320000000001943,1.5320000000001943,1.4680485389534765,1.4680485389534765,2.2800000000002,2.2800000000002,5.400000000002819,5.400000000002819,194255,194255,0,0,158,158,0,0.0,
stacked_low,0.0,runner_up_ungated,80011,3.8000000000042746,3.8000000000042746,5.999999999999545,5.999999999999545,1.5300000000002163,1.5300000000002163,1.5437725136564284,1.5437725136564284,2.6399999999999864,2.6399999999999864,1.0000000000040927,1.0000000000040927,195429,195429,0,0,144,144,0,0.0,
stacked_low,0.0,runner_up_ungated,80012,4.200000000000728,4.200000000000728,5.800000000000011,5.800000000000011,1.480000000000082,1.480000000000082,1.4613730472027213,1.4613730472027213,2.219999999999959,2.219999999999959,6.0000000000027285,6.0000000000027285,196213,196213,0,0,166,166,0,0.0,
stacked_low,0.0,runner_up_ungated,80013,3.7999999999999545,3.7999999999999545,5.800000000000182,5.800000000000182,1.464999999999964,1.464999999999964,1.5644290109926415,1.5644290109926415,2.8333333333333335,2.8333333333333335,19.40000000000373,19.40000000000373,196012,196012,0,0,149,149,0,0.0,
stacked_low,0.0,runner_up_ungated,80014,4.999999999998863,4.999999999998863,6.199999999997999,6.199999999997999,1.477000000000062,1.477000000000062,1.4716609895726014,1.4716609895726014,2.2500000000000093,2.2500000000000093,12.800000000005184,12.800000000005184,196894,196894,0,0,148,148,0,0.0,
stacked_low,0.0,runner_up_ungated,80015,5.199999999999363,5.199999999999363,5.7999999999999545,5.7999999999999545,1.5670000000001891,1.5670000000001891,1.5020348912836246,1.5020348912836246,2.3399999999998955,2.3399999999998955,1.6000000000049113,1.6000000000049113,195564,195564,0,0,151,151,0,0.0,
stacked_low,0.0,runner_up_ungated,80016,4.999999999999318,4.999999999999318,5.79999999999859,5.79999999999859,1.4650000000000836,1.4650000000000836,1.3903445351478172,1.3903445351478172,2.066666666666644,2.066666666666644,15.600000000005366,15.600000000005366,197242,197242,0,0,169,169,0,0.0,
stacked_low,0.0,runner_up_ungated,80017,4.400000000002365,4.400000000002365,5.7999999999995,5.7999999999995,1.462000000000247,1.462000000000247,1.5031285158386662,1.5031285158386662,2.377777777777586,2.377777777777586,24.00000000001046,24.00000000001046,197022,197022,0,0,156,156,0,0.0,
stacked_low,0.0,runner_up_ungated,80018,5.199999999997999,5.199999999997999,6.799999999999045,6.799999999999045,1.5479999999999492,1.5479999999999492,1.5059412140179338,1.5059412140179338,2.450000000000614,2.450000000000614,19.20000000000391,19.20000000000391,196932,196932,0,0,143,143,0,0.0,
stacked_low,0.0,runner_up_ungated,80019,4.0,4.0,5.599999999999909,5.599999999999909,1.3889999999999805,1.3889999999999805,1.4720397738464275,1.4720397738464275,2.199999999999966,2.199999999999966,8.400000000005548,8.400000000005548,195587,195587,0,0,162,162,0,0.0,
stacked_low,0.0,runner_up_ungated,80020,4.800000000000068,4.800000000000068,6.199999999998909,6.199999999998909,1.5070000000002874,1.5070000000002874,1.5321600398114246,1.5321600398114246,2.4399999999999977,2.4399999999999977,15.600000000003092,15.600000000003092,196519,196519,0,0,155,155,0,0.0,
stacked_low,0.0,runner_up_ungated,80021,5.000000000007731,5.000000000007731,6.7999999999999545,6.7999999999999545,1.5270000000003332,1.5270000000003332,1.427843561882189,1.427843561882189,2.1047619047618418,2.1047619047618418,24.000000000009095,24.000000000009095,196483,196483,0,0,155,155,0,0.0,
stacked_low,0.0,runner_up_ungated,80022,5.199999999998681,5.199999999998681,5.999999999998636,5.999999999998636,1.5310000000001098,1.5310000000001098,1.4480994706355244,1.4480994706355244,2.3076923076921854,2.3076923076921854,9.600000000009459,9.600000000009459,195221,195221,0,0,167,167,0,0.0,
stacked_low,0.0,runner_up_ungated,80023,4.800000000009277,4.800000000009277,5.799999999999727,5.799999999999727,1.4930000000001176,1.4930000000001176,1.4581854443870892,1.4581854443870892,2.2117647058827488,2.2117647058827488,7.200000000003911,7.200000000003911,197272,197272,0,0,155,155,0,0.0,
stacked_low,0.0,runner_up_ungated,80024,5.0,5.0,5.600000000000136,5.600000000000136,1.5370000000000366,1.5370000000000366,1.4519374662954383,1.4519374662954383,2.339999999999918,2.339999999999918,5.600000000005821,5.600000000005821,195990,195990,0,0,144,144,0,0.0,
stacked_low,0.0,runner_up_ungated,80025,3.999999999998181,3.999999999998181,5.800000000000182,5.800000000000182,1.5199999999998628,1.5199999999998628,1.4569903694377926,1.4569903694377926,2.257142857143013,2.257142857143013,5.800000000002456,5.800000000002456,195598,195598,0,0,154,154,0,0.0,
stacked_low,0.0,runner_up_ungated,80026,5.0,5.0,6.400000000005548,6.400000000005548,1.448000000000397,1.448000000000397,1.447667346052831,1.447667346052831,2.199999999999909,2.199999999999909,10.000000000002728,10.000000000002728,195934,195934,0,0,146,146,0,0.0,
stacked_low,0.0,runner_up_ungated,80027,4.199999999998909,4.199999999998909,6.79999999999859,6.79999999999859,1.4219999999997837,1.4219999999997837,1.4100560432892582,1.4100560432892582,2.287999999999911,2.287999999999911,6.200000000001637,6.200000000001637,194594,194594,0,0,162,162,0,0.0,
stacked_low,0.0,runner_up_ungated,80028,5.199999999999591,5.199999999999591,6.59999999999809,6.59999999999809,1.5010000000002182,1.5010000000002182,1.469532284281697,1.469532284281697,2.512499999999932,2.512499999999932,38.00000000000591,38.00000000000591,196151,196151,0,0,149,149,0,0.0,
stacked_low,0.0,runner_up_ungated,80029,3.399999999999409,3.399999999999409,5.800000000000011,5.800000000000011,1.384999999999991,1.384999999999991,1.4587976727444953,1.4587976727444953,2.333333333333301,2.333333333333301,22.000000000007276,22.000000000007276,195696,195696,0,0,155,155,0,0.0,
stacked_low,0.5,selected_gated,80000,5.0,5.0,5.7999999999999545,5.7999999999999545,1.561000000000185,1.561000000000185,1.52454262618738,1.52454262618738,2.4500000000004434,2.4500000000004434,6.100000000004911,6.100000000004911,195942,195942,0,0,153,153,0,0.0,
stacked_low,0.5,selected_gated,80001,5.200000000001182,5.200000000001182,6.599999999999227,6.599999999999227,1.4845000000000912,1.4845000000000912,1.527802249073197,1.527802249073197,2.6285714285715716,2.6285714285715716,17.900000000006003,17.900000000006003,194597,194597,0,0,157,157,0,0.0,
stacked_low,0.5,selected_gated,80002,4.900000000002365,4.900000000002365,5.799999999998818,5.799999999998818,1.5510000000003559,1.5510000000003559,1.579488869530128,1.579488869530128,2.6857142857143117,2.6857142857143117,3.5000000000009095,3.5000000000009095,195393,195393,0,0,156,156,0,0.0,
stacked_low,0.5,selected_gated,80003,5.099999999999682,5.099999999999682,7.600000000002183,7.600000000002183,1.5715000000003847,1.5715000000003847,1.492634606414098,1.492634606414098,2.3499999999999606,2.3499999999999606,18.30000000001064,18.30000000001064,197135,197135,0,0,147,147,0,0.0,
stacked_low,0.5,selected_gated,80004,3.8000000000000114,3.8000000000000114,5.3999999999991815,5.3999999999991815,1.4265000000001697,1.4265000000001697,1.4914533295202537,1.4914533295202537,2.2608695652174013,2.2608695652174013,6.700000000001637,6.700000000001637,194959,194959,0,0,149,149,0,0.0,
stacked_low,0.5,selected_gated,80005,4.699999999999989,4.699999999999989,6.5000000000001705,6.5000000000001705,1.5415000000000036,1.5415000000000036,1.5010565047806088,1.5010565047806088,2.4250000000001535,2.4250000000001535,8.200000000008004,8.200000000008004,194166,194166,0,0,160,160,0,0.0,
stacked_low,0.5,selected_gated,80006,5.199999999999591,5.199999999999591,5.999999999999318,5.999999999999318,1.5715000000002026,1.5715000000002026,1.5417478443785961,1.5417478443785961,2.650000000000697,2.650000000000697,11.000000000003183,11.000000000003183,195170,195170,0,0,164,164,0,0.0,
stacked_low,0.5,selected_gated,80007,4.300000000000068,4.300000000000068,5.600000000000136,5.600000000000136,1.4780000000002749,1.4780000000002749,1.4990006212169262,1.4990006212169262,2.4500000000000806,2.4500000000000806,18.60000000000491,18.60000000000491,196282,196282,0,0,154,154,0,0.0,
stacked_low,0.5,selected_gated,80008,5.2000000000000455,5.2000000000000455,6.600000000000136,6.600000000000136,1.6550000000004825,1.6550000000004825,1.519829737655157,1.519829737655157,2.25,2.25,11.900000000004638,11.900000000004638,195935,195935,0,0,162,162,0,0.0,
stacked_low,0.5,selected_gated,80009,5.299999999999272,5.299999999999272,5.799999999999997,5.799999999999997,1.5255000000005965,1.5255000000005965,1.4661230376421985,1.4661230376421985,2.390000000000009,2.390000000000009,11.500000000004093,11.500000000004093,195595,195595,0,0,148,148,0,0.0,
stacked_low,0.5,selected_gated,80010,4.900000000001455,4.900000000001455,5.799999999999997,5.799999999999997,1.4645000000000732,1.4645000000000732,1.4906970398423471,1.4906970398423471,2.3666666666672933,2.3666666666672933,5.40000000000191,5.40000000000191,195309,195309,0,0,160,160,0,0.0,
stacked_low,0.5,selected_gated,80011,4.999999999999545,4.999999999999545,6.099999999999682,6.099999999999682,1.5460000000001357,1.5460000000001357,1.5289709181272213,1.5289709181272213,2.3399999999999976,2.3399999999999976,2.8000000000047294,2.8000000000047294,195140,195140,0,0,152,152,0,0.0,
stacked_low,0.5,selected_gated,80012,4.900000000000091,4.900000000000091,5.800000000000011,5.800000000000011,1.5450000000000579,1.5450000000000579,1.5363740565937838,1.5363740565937838,2.387499999999946,2.387499999999946,3.0000000000031832,3.0000000000031832,195719,195719,0,0,156,156,0,0.0,
stacked_low,0.5,selected_gated,80013,3.7999999999999545,3.7999999999999545,5.699999999998681,5.699999999998681,1.4585000000001163,1.4585000000001163,1.498812161903258,1.498812161903258,2.493749999999963,2.493749999999963,1.600000000003547,1.600000000003547,195696,195696,0,0,155,155,0,0.0,
stacked_low,0.5,selected_gated,80014,5.000000000003183,5.000000000003183,5.7999999999999545,5.7999999999999545,1.5550000000000772,1.5550000000000772,1.48753693546272,1.48753693546272,2.210000000000059,2.210000000000059,3.800000000005184,3.800000000005184,194979,194979,0,0,152,152,0,0.0,
stacked_low,0.5,selected_gated,80015,5.199999999999818,5.199999999999818,5.999999999998181,5.999999999998181,1.5019999999999727,1.5019999999999727,1.5017480632386684,1.5017480632386684,2.4285714285715585,2.4285714285715585,7.300000000006094,7.300000000006094,197035,197035,0,0,152,152,0,0.0,
stacked_low,0.5,selected_gated,80016,5.0,5.0,7.0,7.0,1.526000000000023,1.526000000000023,1.451947299197471,1.451947299197471,2.174999999999907,2.174999999999907,12.300000000007913,12.300000000007913,194639,194639,0,0,166,166,0,0.0,
stacked_low,0.5,selected_gated,80017,3.9000000000023647,3.9000000000023647,5.7999999999999545,5.7999999999999545,1.4745000000002009,1.4745000000002009,1.447670057734997,1.447670057734997,2.433333333333337,2.433333333333337,9.500000000002274,9.500000000002274,195653,195653,0,0,158,158,0,0.0,
stacked_low,0.5,selected_gated,80018,4.400000000000091,4.400000000000091,6.199999999999591,6.199999999999591,1.4465000000001051,1.4465000000001051,1.4868827635739965,1.4868827635739965,2.4285714285710065,2.4285714285710065,7.200000000003456,7.200000000003456,196842,196842,0,0,159,159,0,0.0,
stacked_low,0.5,selected_gated,80019,5.0,5.0,5.599999999999454,5.599999999999454,1.5389999999998352,1.5389999999998352,1.4760360490229731,1.4760360490229731,2.196296296296438,2.196296296296438,18.200000000003456,18.200000000003456,195602,195602,0,0,165,165,0,0.0,
stacked_low,0.5,selected_gated,80020,5.499999999999545,5.499999999999545,6.399999999998727,6.399999999998727,1.5545000000002844,1.5545000000002844,1.5193034540424224,1.5193034540424224,2.4181818181817274,2.4181818181817274,25.700000000003456,25.700000000003456,197659,197659,0,0,154,154,0,0.0,
stacked_low,0.5,selected_gated,80021,4.90000000000191,4.90000000000191,5.599999999998772,5.599999999998772,1.5000000000003295,1.5000000000003295,1.4761417981353748,1.4761417981353748,2.149999999999949,2.149999999999949,24.40000000000873,24.40000000000873,196212,196212,0,0,163,163,0,0.0,
stacked_low,0.5,selected_gated,80022,4.299999999999272,4.299999999999272,5.2999999999995,5.2999999999995,1.5025000000000392,1.5025000000000392,1.4915593526160622,1.4915593526160622,2.383333333333591,2.383333333333591,22.00000000000955,22.00000000000955,196208,196208,0,0,171,171,0,0.0,
stacked_low,0.5,selected_gated,80023,5.0,5.0,5.600000000000364,5.600000000000364,1.529000000000053,1.529000000000053,1.517627862970384,1.517627862970384,2.5000000000002527,2.5000000000002527,6.700000000002547,6.700000000002547,196129,196129,0,0,155,155,0,0.0,
stacked_low,0.5,selected_gated,80024,4.999999999999204,4.999999999999204,5.899999999999409,5.899999999999409,1.5424999999999311,1.5424999999999311,1.4756916044495751,1.4756916044495751,2.3920000000002255,2.3920000000002255,9.000000000002274,9.000000000002274,195799,195799,0,0,154,154,0,0.0,
stacked_low,0.5,selected_gated,80025,3.9000000000003183,3.9000000000003183,5.7999999999999545,5.7999999999999545,1.5274999999998071,1.5274999999998071,1.4886031401499813,1.4886031401499813,2.2888888888888963,2.2888888888888963,13.40000000000191,13.40000000000191,196309,196309,0,0,158,158,0,0.0,
stacked_low,0.5,selected_gated,80026,5.0,5.0,6.200000000000159,6.200000000000159,1.5445000000003535,1.5445000000003535,1.4705825172034408,1.4705825172034408,2.3250000000001103,2.3250000000001103,7.300000000004275,7.300000000004275,196360,196360,0,0,158,158,0,0.0,
stacked_low,0.5,selected_gated,80027,5.0,5.0,5.800000000000011,5.800000000000011,1.5374999999999952,1.5374999999999952,1.4562697679082046,1.4562697679082046,2.411111111111015,2.411111111111015,8.200000000000728,8.200000000000728,194716,194716,0,0,156,156,0,0.0,
stacked_low,0.5,selected_gated,80028,5.5,5.5,5.9999999999990905,5.9999999999990905,1.5060000000002314,1.5060000000002314,1.459620096544698,1.459620096544698,2.4166666666666643,2.4166666666666643,33.30000000001337,33.30000000001337,196611,196611,0,0,156,156,0,0.0,
stacked_low,0.5,selected_gated,80029,4.90000000000191,4.90000000000191,5.800000000000011,5.800000000000011,1.5080000000000318,1.5080000000000318,1.500841390500278,1.500841390500278,2.324999999999818,2.324999999999818,5.500000000005457,5.500000000005457,195869,195869,0,0,155,155,0,0.0,
stacked_low,0.5,selected_ungated,80000,5.0,5.0,5.7999999999999545,5.7999999999999545,1.561000000000185,1.561000000000185,1.52454262618738,1.52454262618738,2.4500000000004434,2.4500000000004434,6.100000000004911,6.100000000004911,195942,195942,0,0,153,153,0,0.0,
stacked_low,0.5,selected_ungated,80001,5.200000000001182,5.200000000001182,6.599999999999227,6.599999999999227,1.4845000000000912,1.4845000000000912,1.527802249073197,1.527802249073197,2.6285714285715716,2.6285714285715716,17.900000000006003,17.900000000006003,194597,194597,0,0,157,157,0,0.0,
stacked_low,0.5,selected_ungated,80002,4.900000000002365,4.900000000002365,5.799999999998818,5.799999999998818,1.5510000000003559,1.5510000000003559,1.579488869530128,1.579488869530128,2.6857142857143117,2.6857142857143117,3.5000000000009095,3.5000000000009095,195393,195393,0,0,156,156,0,0.0,
stacked_low,0.5,selected_ungated,80003,5.099999999999682,5.099999999999682,7.600000000002183,7.600000000002183,1.5715000000003847,1.5715000000003847,1.492634606414098,1.492634606414098,2.3499999999999606,2.3499999999999606,18.30000000001064,18.30000000001064,197135,197135,0,0,147,147,0,0.0,
stacked_low,0.5,selected_ungated,80004,3.8000000000000114,3.8000000000000114,5.3999999999991815,5.3999999999991815,1.4265000000001697,1.4265000000001697,1.4914533295202537,1.4914533295202537,2.2608695652174013,2.2608695652174013,6.700000000001637,6.700000000001637,194959,194959,0,0,149,149,0,0.0,
stacked_low,0.5,selected_ungated,80005,4.699999999999989,4.699999999999989,6.5000000000001705,6.5000000000001705,1.5415000000000036,1.5415000000000036,1.5010565047806088,1.5010565047806088,2.4250000000001535,2.4250000000001535,8.200000000008004,8.200000000008004,194166,194166,0,0,160,160,0,0.0,
stacked_low,0.5,selected_ungated,80006,5.199999999999591,5.199999999999591,5.999999999999318,5.999999999999318,1.5715000000002026,1.5715000000002026,1.5417478443785961,1.5417478443785961,2.650000000000697,2.650000000000697,11.000000000003183,11.000000000003183,195170,195170,0,0,164,164,0,0.0,
stacked_low,0.5,selected_ungated,80007,4.300000000000068,4.300000000000068,5.600000000000136,5.600000000000136,1.4780000000002749,1.4780000000002749,1.4990006212169262,1.4990006212169262,2.4500000000000806,2.4500000000000806,18.60000000000491,18.60000000000491,196282,196282,0,0,154,154,0,0.0,
stacked_low,0.5,selected_ungated,80008,5.2000000000000455,5.2000000000000455,6.600000000000136,6.600000000000136,1.6550000000004825,1.6550000000004825,1.519829737655157,1.519829737655157,2.25,2.25,11.900000000004638,11.900000000004638,195935,195935,0,0,162,162,0,0.0,
stacked_low,0.5,selected_ungated,80009,5.299999999999272,5.299999999999272,5.799999999999997,5.799999999999997,1.5255000000005965,1.5255000000005965,1.4661230376421985,1.4661230376421985,2.390000000000009,2.390000000000009,11.500000000004093,11.500000000004093,195595,195595,0,0,148,148,0,0.0,
stacked_low,0.5,selected_ungated,80010,4.900000000001455,4.900000000001455,5.799999999999997,5.799999999999997,1.4645000000000732,1.4645000000000732,1.4906970398423471,1.4906970398423471,2.3666666666672933,2.3666666666672933,5.40000000000191,5.40000000000191,195309,195309,0,0,160,160,0,0.0,
stacked_low,0.5,selected_ungated,80011,4.999999999999545,4.999999999999545,6.099999999999682,6.099999999999682,1.5460000000001357,1.5460000000001357,1.5289709181272213,1.5289709181272213,2.3399999999999976,2.3399999999999976,2.8000000000047294,2.8000000000047294,195140,195140,0,0,152,152,0,0.0,
stacked_low,0.5,selected_ungated,80012,4.900000000000091,4.900000000000091,5.800000000000011,5.800000000000011,1.5450000000000579,1.5450000000000579,1.5363740565937838,1.5363740565937838,2.387499999999946,2.387499999999946,3.0000000000031832,3.0000000000031832,195719,195719,0,0,156,156,0,0.0,
stacked_low,0.5,selected_ungated,80013,3.7999999999999545,3.7999999999999545,5.699999999998681,5.699999999998681,1.4585000000001163,1.4585000000001163,1.498812161903258,1.498812161903258,2.493749999999963,2.493749999999963,1.600000000003547,1.600000000003547,195696,195696,0,0,155,155,0,0.0,
stacked_low,0.5,selected_ungated,80014,5.000000000003183,5.000000000003183,5.7999999999999545,5.7999999999999545,1.5550000000000772,1.5550000000000772,1.48753693546272,1.48753693546272,2.210000000000059,2.210000000000059,3.800000000005184,3.800000000005184,194979,194979,0,0,152,152,0,0.0,
stacked_low,0.5,selected_ungated,80015,5.199999999999818,5.199999999999818,5.999999999998181,5.999999999998181,1.5019999999999727,1.5019999999999727,1.5017480632386684,1.5017480632386684,2.4285714285715585,2.4285714285715585,7.300000000006094,7.300000000006094,197035,197035,0,0,152,152,0,0.0,
stacked_low,0.5,selected_ungated,80016,5.0,5.0,7.0,7.0,1.526000000000023,1.526000000000023,1.451947299197471,1.451947299197471,2.174999999999907,2.174999999999907,12.300000000007913,12.300000000007913,194639,194639,0,0,166,166,0,0.0,
stacked_low,0.5,selected_ungated,80017,3.9000000000023647,3.9000000000023647,5.7999999999999545,5.7999999999999545,1.4745000000002009,1.4745000000002009,1.447670057734997,1.447670057734997,2.433333333333337,2.433333333333337,9.500000000002274,9.500000000002274,195653,195653,0,0,158,158,0,0.0,
stacked_low,0.5,selected_ungated,80018,4.400000000000091,4.400000000000091,6.199999999999591,6.199999999999591,1.4465000000001051,1.4465000000001051,1.4868827635739965,1.4868827635739965,2.4285714285710065,2.4285714285710065,7.200000000003456,7.200000000003456,196842,196842,0,0,159,159,0,0.0,
stacked_low,0.5,selected_ungated,80019,5.0,5.0,5.599999999999454,5.599999999999454,1.5389999999998352,1.5389999999998352,1.4760360490229731,1.4760360490229731,2.196296296296438,2.196296296296438,18.200000000003456,18.200000000003456,195602,195602,0,0,165,165,0,0.0,
stacked_low,0.5,selected_ungated,80020,5.499999999999545,5.499999999999545,6.399999999998727,6.399999999998727,1.5545000000002844,1.5545000000002844,1.5193034540424224,1.5193034540424224,2.4181818181817274,2.4181818181817274,25.700000000003456,25.700000000003456,197659,197659,0,0,154,154,0,0.0,
stacked_low,0.5,selected_ungated,80021,4.90000000000191,4.90000000000191,5.599999999998772,5.599999999998772,1.5000000000003295,1.5000000000003295,1.4761417981353748,1.4761417981353748,2.149999999999949,2.149999999999949,24.40000000000873,24.40000000000873,196212,196212,0,0,163,163,0,0.0,
stacked_low,0.5,selected_ungated,80022,4.299999999999272,4.299999999999272,5.2999999999995,5.2999999999995,1.5025000000000392,1.5025000000000392,1.4915593526160622,1.4915593526160622,2.383333333333591,2.383333333333591,22.00000000000955,22.00000000000955,196208,196208,0,0,171,171,0,0.0,
stacked_low,0.5,selected_ungated,80023,5.0,5.0,5.600000000000364,5.600000000000364,1.529000000000053,1.529000000000053,1.517627862970384,1.517627862970384,2.5000000000002527,2.5000000000002527,6.700000000002547,6.700000000002547,196129,196129,0,0,155,155,0,0.0,
stacked_low,0.5,selected_ungated,80024,4.999999999999204,4.999999999999204,5.899999999999409,5.899999999999409,1.5424999999999311,1.5424999999999311,1.4756916044495751,1.4756916044495751,2.3920000000002255,2.3920000000002255,9.000000000002274,9.000000000002274,195799,195799,0,0,154,154,0,0.0,
stacked_low,0.5,selected_ungated,80025,3.9000000000003183,3.9000000000003183,5.7999999999999545,5.7999999999999545,1.5274999999998071,1.5274999999998071,1.4886031401499813,1.4886031401499813,2.2888888888888963,2.2888888888888963,13.40000000000191,13.40000000000191,196309,196309,0,0,158,158,0,0.0,
stacked_low,0.5,selected_ungated,80026,5.0,5.0,6.200000000000159,6.200000000000159,1.5445000000003535,1.5445000000003535,1.4705825172034408,1.4705825172034408,2.3250000000001103,2.3250000000001103,7.300000000004275,7.300000000004275,196360,196360,0,0,158,158,0,0.0,
stacked_low,0.5,selected_ungated,80027,5.0,5.0,5.800000000000011,5.800000000000011,1.5374999999999952,1.5374999999999952,1.4562697679082046,1.4562697679082046,2.411111111111015,2.411111111111015,8.200000000000728,8.200000000000728,194716,194716,0,0,156,156,0,0.0,
stacked_low,0.5,selected_ungated,80028,5.5,5.5,5.9999999999990905,5.9999999999990905,1.5060000000002314,1.5060000000002314,1.459620096544698,1.459620096544698,2.4166666666666643,2.4166666666666643,33.30000000001337,33.30000000001337,196611,196611,0,0,156,156,0,0.0,
stacked_low,0.5,selected_ungated,80029,4.90000000000191,4.90000000000191,5.800000000000011,5.800000000000011,1.5080000000000318,1.5080000000000318,1.500841390500278,1.500841390500278,2.324999999999818,2.324999999999818,5.500000000005457,5.500000000005457,195869,195869,0,0,155,155,0,0.0,
stacked_low,0.5,original_q2_a0.8_or_ungated,80000,5.0,4.799999999998818,5.7999999999999545,5.800000000000011,1.561000000000185,1.4700000000001694,1.52454262618738,1.371065410250658,2.4500000000004434,2.1071428571428084,6.100000000004911,9.000000000005912,195942,204599,0,200,153,172,50,1.0,1.0
stacked_low,0.5,original_q2_a0.8_or_ungated,80001,5.200000000001182,4.900000000000546,6.599999999999227,5.999999999998863,1.4845000000000912,1.5525000000001332,1.527802249073197,1.3847143459471163,2.6285714285715716,2.266666666666803,17.900000000006003,16.400000000004184,194597,203538,0,200,157,167,50,1.0,1.0
stacked_low,0.5,original_q2_a0.8_or_ungated,80002,4.900000000002365,4.699999999999136,5.799999999998818,8.000000000001819,1.5510000000003559,1.4830000000002572,1.579488869530128,1.4021205836260517,2.6857142857143117,2.414285714285857,3.5000000000009095,8.000000000003638,195393,203597,0,200,156,169,50,1.0,1.0
stacked_low,0.5,original_q2_a0.8_or_ungated,80003,5.099999999999682,4.699999999999932,7.600000000002183,7.899999999999068,1.5715000000003847,1.5510000000004394,1.492634606414098,1.3630794660618673,2.3499999999999606,2.1299999999998365,18.30000000001064,6.200000000007094,197135,204896,0,200,147,180,50,1.0,1.0
stacked_low,0.5,original_q2_a0.8_or_ungated,80004,3.8000000000000114,5.0,5.3999999999991815,7.5000000000063665,1.4265000000001697,1.488000000000237,1.4914533295202537,1.353795445830649,2.2608695652174013,2.130434782608834,6.700000000001637,4.000000000001819,194959,201427,0,200,149,166,50,1.0,1.0
stacked_low,0.5,original_q2_a0.8_or_ungated,80005,4.699999999999989,5.199999999999818,6.5000000000001705,6.199999999998909,1.5415000000000036,1.5365000000002513,1.5010565047806088,1.3547474839030258,2.4250000000001535,2.074999999999932,8.200000000008004,16.500000000003183,194166,203388,0,200,160,177,50,1.0,1.0
stacked_low,0.5,original_q2_a0.8_or_ungated,80006,5.199999999999591,4.0999999999989996,5.999999999999318,5.800000000000011,1.5715000000002026,1.4395000000000635,1.5417478443785961,1.3874102403214585,2.650000000000697,2.2166666666668484,11.000000000003183,1.9000000000041837,195170,202584,0,200,164,172,50,1.0,1.0
stacked_low,0.5,original_q2_a0.8_or_ungated,80007,4.300000000000068,4.599999999998545,5.600000000000136,5.800000000000182,1.4780000000002749,1.57250000000014,1.4990006212169262,1.3987790726978033,2.4500000000000806,2.2882352941176056,18.60000000000491,9.400000000006457,196282,203355,0,200,154,186,50,1.0,1.0
stacked_low,0.5,original_q2_a0.8_or_ungated,80008,5.2000000000000455,5.799999999998363,6.600000000000136,7.80000000000291,1.6550000000004825,1.7060000000004143,1.519829737655157,1.3880331558028012,2.25,2.233333333333197,11.900000000004638,14.800000000012915,195935,204893,0,200,162,176,50,1.0,1.0
stacked_low,0.5,original_q2_a0.8_or_ungated,80009,5.299999999999272,4.199999999997544,5.799999999999997,5.200000000000728,1.5255000000005965,1.4260000000007773,1.4661230376421985,1.380196358592967,2.390000000000009,2.2666666666666737,11.500000000004093,10.900000000005548,195595,203637,0,196,148,173,49,0.98,1.0
stacked_low,0.5,original_q2_a0.8_or_ungated,80010,4.900000000001455,4.499999999999545,5.799999999999997,6.599999999999682,1.4645000000000732,1.501000000000093,1.4906970398423471,1.3614596383728348,2.3666666666672933,2.1692307692307375,5.40000000000191,0.9000000000041837,195309,202738,0,200,160,178,50,1.0,1.0
stacked_low,0.5,original_q2_a0.8_or_ungated,80011,4.999999999999545,4.600000000000023,6.099999999999682,5.4000000000010004,1.5460000000001357,1.467000000000195,1.5289709181272213,1.3820943845933118,2.3399999999999976,2.111111111111048,2.8000000000047294,3.0000000000027285,195140,203027,0,200,152,160,50,1.0,1.0
stacked_low,0.5,original_q2_a0.8_or_ungated,80012,4.900000000000091,4.999999999998181,5.800000000000011,7.3999999999995225,1.5450000000000579,1.589000000000022,1.5363740565937838,1.3763956815242986,2.387499999999946,2.264705882352995,3.0000000000031832,1.8189894035458565e-12,195719,202451,0,196,156,183,49,0.98,1.0
stacked_low,0.5,original_q2_a0.8_or_ungated,80013,3.7999999999999545,4.7000000000000455,5.699999999998681,6.5,1.4585000000001163,1.4790000000000327,1.498812161903258,1.3979999556943803,2.493749999999963,2.2666666666665756,1.600000000003547,3.183231456205249e-12,195696,202444,0,200,155,170,50,1.0,1.0
stacked_low,0.5,original_q2_a0.8_or_ungated,80014,5.000000000003183,4.7000000000000455,5.7999999999999545,7.0,1.5550000000000772,1.5790000000001283,1.48753693546272,1.3689598877823672,2.210000000000059,2.316666666666682,3.800000000005184,7.5000000000045475,194979,204706,0,200,152,181,50,1.0,1.0
stacked_low,0.5,original_q2_a0.8_or_ungated,80015,5.199999999999818,5.0,5.999999999998181,7.399999999999636,1.5019999999999727,1.615000000000189,1.5017480632386684,1.3871591811582908,2.4285714285715585,2.2799999999999274,7.300000000006094,3.8000000000024556,197035,203721,0,200,152,179,50,1.0,1.0
stacked_low,0.5,original_q2_a0.8_or_ungated,80016,5.0,4.999999999999773,7.0,5.800000000000182,1.526000000000023,1.5954999999999921,1.451947299197471,1.3413105505305754,2.174999999999907,2.0945945945946804,12.300000000007913,11.800000000003365,194639,203614,0,200,166,176,50,1.0,1.0
stacked_low,0.5,original_q2_a0.8_or_ungated,80017,3.9000000000023647,3.9000000000005457,5.7999999999999545,5.699999999998909,1.4745000000002009,1.3820000000001205,1.447670057734997,1.3824058617399566,2.433333333333337,2.300000000000052,9.500000000002274,6.800000000004729,195653,204340,0,200,158,170,50,1.0,1.0
stacked_low,0.5,original_q2_a0.8_or_ungated,80018,4.400000000000091,4.000000000000227,6.199999999999591,5.39999999999975,1.4465000000001051,1.3230000000001514,1.4868827635739965,1.3953776663447812,2.4285714285710065,2.3333333333331816,7.200000000003456,4.000000000005002,196842,204601,0,200,159,174,50,1.0,1.0
stacked_low,0.5,original_q2_a0.8_or_ungated,80019,5.0,4.700000000001182,5.599999999999454,7.499999999999318,1.5389999999998352,1.4995000000000167,1.4760360490229731,1.3385923977505891,2.196296296296438,2.1099999999999453,18.200000000003456,9.200000000003001,195602,203727,0,200,165,178,50,1.0,1.0
stacked_low,0.5,original_q2_a0.8_or_ungated,80020,5.499999999999545,5.0,6.399999999998727,6.800000000005639,1.5545000000002844,1.4750000000000896,1.5193034540424224,1.3700353269540215,2.4181818181817274,2.3166666666667575,25.700000000003456,13.500000000009095,197659,204114,0,200,154,166,50,1.0,1.0
stacked_low,0.5,original_q2_a0.8_or_ungated,80021,4.90000000000191,4.9999999999990905,5.599999999998772,5.900000000000546,1.5000000000003295,1.4350000000001517,1.4761417981353748,1.3644620142354733,2.149999999999949,2.285714285714026,24.40000000000873,13.300000000004275,196212,204271,0,200,163,168,50,1.0,1.0
stacked_low,0.5,original_q2_a0.8_or_ungated,80022,4.299999999999272,5.099999999999454,5.2999999999995,6.699999999999818,1.5025000000000392,1.5560000000002256,1.4915593526160622,1.3439078668382516,2.383333333333591,2.2090909090908637,22.00000000000955,12.000000000010004,196208,203037,0,200,171,185,50,1.0,1.0
stacked_low,0.5,original_q2_a0.8_or_ungated,80023,5.0,4.299999999997908,5.600000000000364,5.599999999999682,1.529000000000053,1.4565000000000572,1.517627862970384,1.4101471420331972,2.5000000000002527,2.346153846153794,6.700000000002547,1.2000000000020918,196129,203899,0,200,155,164,50,1.0,1.0
stacked_low,0.5,original_q2_a0.8_or_ungated,80024,4.999999999999204,4.9999999999990905,5.899999999999409,5.800000000000011,1.5424999999999311,1.4180000000000592,1.4756916044495751,1.3534805654472546,2.3920000000002255,1.985185185185183,9.000000000002274,3.0000000000040927,195799,203624,0,200,154,174,50,1.0,1.0
stacked_low,0.5,original_q2_a0.8_or_ungated,80025,3.9000000000003183,4.999999999999545,5.7999999999999545,5.800000000000182,1.5274999999998071,1.5249999999997745,1.4886031401499813,1.3591524591802484,2.2888888888888963,2.087499999999949,13.40000000000191,12.300000000002456,196309,203976,0,200,158,187,50,1.0,1.0
stacked_low,0.5,original_q2_a0.8_or_ungated,80026,5.0,3.6999999999995907,6.200000000000159,5.800000000000011,1.5445000000003535,1.4095000000002489,1.4705825172034408,1.3690653824136791,2.3250000000001103,2.36666666666675,7.300000000004275,11.400000000008731,196360,205414,0,200,158,166,50,1.0,1.0
stacked_low,0.5,original_q2_a0.8_or_ungated,80027,5.0,4.699999999998909,5.800000000000011,6.600000000002183,1.5374999999999952,1.508000000000004,1.4562697679082046,1.3678968670007599,2.411111111111015,2.1666666666668184,8.200000000000728,2.6000000000026375,194716,201853,0,200,156,176,50,1.0,1.0
stacked_low,0.5,original_q2_a0.8_or_ungated,80028,5.5,5.0,5.9999999999990905,6.599999999999909,1.5060000000002314,1.5615000000000285,1.459620096544698,1.3862643969169097,2.4166666666666643,2.2111111111113737,33.30000000001337,15.300000000007913,196611,204444,0,200,156,176,50,1.0,1.0
stacked_low,0.5,original_q2_a0.8_or_ungated,80029,4.90000000000191,4.599999999999909,5.800000000000011,5.799999999998363,1.5080000000000318,1.3769999999999658,1.500841390500278,1.2971786569619363,2.324999999999818,1.940000000000009,5.500000000005457,10.100000000006276,195869,203970,0,196,155,178,49,0.98,1.0
stacked_low,0.5,runner_up_ungated,80000,5.0,5.0,5.7999999999999545,5.7999999999999545,1.561000000000185,1.561000000000185,1.52454262618738,1.52454262618738,2.4500000000004434,2.4500000000004434,6.100000000004911,6.100000000004911,195942,195942,0,0,153,153,0,0.0,
stacked_low,0.5,runner_up_ungated,80001,5.200000000001182,5.200000000001182,6.599999999999227,6.599999999999227,1.4845000000000912,1.4845000000000912,1.527802249073197,1.527802249073197,2.6285714285715716,2.6285714285715716,17.900000000006003,17.900000000006003,194597,194597,0,0,157,157,0,0.0,
stacked_low,0.5,runner_up_ungated,80002,4.900000000002365,4.900000000002365,5.799999999998818,5.799999999998818,1.5510000000003559,1.5510000000003559,1.579488869530128,1.579488869530128,2.6857142857143117,2.6857142857143117,3.5000000000009095,3.5000000000009095,195393,195393,0,0,156,156,0,0.0,
stacked_low,0.5,runner_up_ungated,80003,5.099999999999682,5.099999999999682,7.600000000002183,7.600000000002183,1.5715000000003847,1.5715000000003847,1.492634606414098,1.492634606414098,2.3499999999999606,2.3499999999999606,18.30000000001064,18.30000000001064,197135,197135,0,0,147,147,0,0.0,
stacked_low,0.5,runner_up_ungated,80004,3.8000000000000114,3.8000000000000114,5.3999999999991815,5.3999999999991815,1.4265000000001697,1.4265000000001697,1.4914533295202537,1.4914533295202537,2.2608695652174013,2.2608695652174013,6.700000000001637,6.700000000001637,194959,194959,0,0,149,149,0,0.0,
stacked_low,0.5,runner_up_ungated,80005,4.699999999999989,4.699999999999989,6.5000000000001705,6.5000000000001705,1.5415000000000036,1.5415000000000036,1.5010565047806088,1.5010565047806088,2.4250000000001535,2.4250000000001535,8.200000000008004,8.200000000008004,194166,194166,0,0,160,160,0,0.0,
stacked_low,0.5,runner_up_ungated,80006,5.199999999999591,5.199999999999591,5.999999999999318,5.999999999999318,1.5715000000002026,1.5715000000002026,1.5417478443785961,1.5417478443785961,2.650000000000697,2.650000000000697,11.000000000003183,11.000000000003183,195170,195170,0,0,164,164,0,0.0,
stacked_low,0.5,runner_up_ungated,80007,4.300000000000068,4.300000000000068,5.600000000000136,5.600000000000136,1.4780000000002749,1.4780000000002749,1.4990006212169262,1.4990006212169262,2.4500000000000806,2.4500000000000806,18.60000000000491,18.60000000000491,196282,196282,0,0,154,154,0,0.0,
stacked_low,0.5,runner_up_ungated,80008,5.2000000000000455,5.2000000000000455,6.600000000000136,6.600000000000136,1.6550000000004825,1.6550000000004825,1.519829737655157,1.519829737655157,2.25,2.25,11.900000000004638,11.900000000004638,195935,195935,0,0,162,162,0,0.0,
stacked_low,0.5,runner_up_ungated,80009,5.299999999999272,5.299999999999272,5.799999999999997,5.799999999999997,1.5255000000005965,1.5255000000005965,1.4661230376421985,1.4661230376421985,2.390000000000009,2.390000000000009,11.500000000004093,11.500000000004093,195595,195595,0,0,148,148,0,0.0,
stacked_low,0.5,runner_up_ungated,80010,4.900000000001455,4.900000000001455,5.799999999999997,5.799999999999997,1.4645000000000732,1.4645000000000732,1.4906970398423471,1.4906970398423471,2.3666666666672933,2.3666666666672933,5.40000000000191,5.40000000000191,195309,195309,0,0,160,160,0,0.0,
stacked_low,0.5,runner_up_ungated,80011,4.999999999999545,4.999999999999545,6.099999999999682,6.099999999999682,1.5460000000001357,1.5460000000001357,1.5289709181272213,1.5289709181272213,2.3399999999999976,2.3399999999999976,2.8000000000047294,2.8000000000047294,195140,195140,0,0,152,152,0,0.0,
stacked_low,0.5,runner_up_ungated,80012,4.900000000000091,4.900000000000091,5.800000000000011,5.800000000000011,1.5450000000000579,1.5450000000000579,1.5363740565937838,1.5363740565937838,2.387499999999946,2.387499999999946,3.0000000000031832,3.0000000000031832,195719,195719,0,0,156,156,0,0.0,
stacked_low,0.5,runner_up_ungated,80013,3.7999999999999545,3.7999999999999545,5.699999999998681,5.699999999998681,1.4585000000001163,1.4585000000001163,1.498812161903258,1.498812161903258,2.493749999999963,2.493749999999963,1.600000000003547,1.600000000003547,195696,195696,0,0,155,155,0,0.0,
stacked_low,0.5,runner_up_ungated,80014,5.000000000003183,5.000000000003183,5.7999999999999545,5.7999999999999545,1.5550000000000772,1.5550000000000772,1.48753693546272,1.48753693546272,2.210000000000059,2.210000000000059,3.800000000005184,3.800000000005184,194979,194979,0,0,152,152,0,0.0,
stacked_low,0.5,runner_up_ungated,80015,5.199999999999818,5.199999999999818,5.999999999998181,5.999999999998181,1.5019999999999727,1.5019999999999727,1.5017480632386684,1.5017480632386684,2.4285714285715585,2.4285714285715585,7.300000000006094,7.300000000006094,197035,197035,0,0,152,152,0,0.0,
stacked_low,0.5,runner_up_ungated,80016,5.0,5.0,7.0,7.0,1.526000000000023,1.526000000000023,1.451947299197471,1.451947299197471,2.174999999999907,2.174999999999907,12.300000000007913,12.300000000007913,194639,194639,0,0,166,166,0,0.0,
stacked_low,0.5,runner_up_ungated,80017,3.9000000000023647,3.9000000000023647,5.7999999999999545,5.7999999999999545,1.4745000000002009,1.4745000000002009,1.447670057734997,1.447670057734997,2.433333333333337,2.433333333333337,9.500000000002274,9.500000000002274,195653,195653,0,0,158,158,0,0.0,
stacked_low,0.5,runner_up_ungated,80018,4.400000000000091,4.400000000000091,6.199999999999591,6.199999999999591,1.4465000000001051,1.4465000000001051,1.4868827635739965,1.4868827635739965,2.4285714285710065,2.4285714285710065,7.200000000003456,7.200000000003456,196842,196842,0,0,159,159,0,0.0,
stacked_low,0.5,runner_up_ungated,80019,5.0,5.0,5.599999999999454,5.599999999999454,1.5389999999998352,1.5389999999998352,1.4760360490229731,1.4760360490229731,2.196296296296438,2.196296296296438,18.200000000003456,18.200000000003456,195602,195602,0,0,165,165,0,0.0,
stacked_low,0.5,runner_up_ungated,80020,5.499999999999545,5.499999999999545,6.399999999998727,6.399999999998727,1.5545000000002844,1.5545000000002844,1.5193034540424224,1.5193034540424224,2.4181818181817274,2.4181818181817274,25.700000000003456,25.700000000003456,197659,197659,0,0,154,154,0,0.0,
stacked_low,0.5,runner_up_ungated,80021,4.90000000000191,4.90000000000191,5.599999999998772,5.599999999998772,1.5000000000003295,1.5000000000003295,1.4761417981353748,1.4761417981353748,2.149999999999949,2.149999999999949,24.40000000000873,24.40000000000873,196212,196212,0,0,163,163,0,0.0,
stacked_low,0.5,runner_up_ungated,80022,4.299999999999272,4.299999999999272,5.2999999999995,5.2999999999995,1.5025000000000392,1.5025000000000392,1.4915593526160622,1.4915593526160622,2.383333333333591,2.383333333333591,22.00000000000955,22.00000000000955,196208,196208,0,0,171,171,0,0.0,
stacked_low,0.5,runner_up_ungated,80023,5.0,5.0,5.600000000000364,5.600000000000364,1.529000000000053,1.529000000000053,1.517627862970384,1.517627862970384,2.5000000000002527,2.5000000000002527,6.700000000002547,6.700000000002547,196129,196129,0,0,155,155,0,0.0,
stacked_low,0.5,runner_up_ungated,80024,4.999999999999204,4.999999999999204,5.899999999999409,5.899999999999409,1.5424999999999311,1.5424999999999311,1.4756916044495751,1.4756916044495751,2.3920000000002255,2.3920000000002255,9.000000000002274,9.000000000002274,195799,195799,0,0,154,154,0,0.0,
stacked_low,0.5,runner_up_ungated,80025,3.9000000000003183,3.9000000000003183,5.7999999999999545,5.7999999999999545,1.5274999999998071,1.5274999999998071,1.4886031401499813,1.4886031401499813,2.2888888888888963,2.2888888888888963,13.40000000000191,13.40000000000191,196309,196309,0,0,158,158,0,0.0,
stacked_low,0.5,runner_up_ungated,80026,5.0,5.0,6.200000000000159,6.200000000000159,1.5445000000003535,1.5445000000003535,1.4705825172034408,1.4705825172034408,2.3250000000001103,2.3250000000001103,7.300000000004275,7.300000000004275,196360,196360,0,0,158,158,0,0.0,
stacked_low,0.5,runner_up_ungated,80027,5.0,5.0,5.800000000000011,5.800000000000011,1.5374999999999952,1.5374999999999952,1.4562697679082046,1.4562697679082046,2.411111111111015,2.411111111111015,8.200000000000728,8.200000000000728,194716,194716,0,0,156,156,0,0.0,
stacked_low,0.5,runner_up_ungated,80028,5.5,5.5,5.9999999999990905,5.9999999999990905,1.5060000000002314,1.5060000000002314,1.459620096544698,1.459620096544698,2.4166666666666643,2.4166666666666643,33.30000000001337,33.30000000001337,196611,196611,0,0,156,156,0,0.0,
stacked_low,0.5,runner_up_ungated,80029,4.90000000000191,4.90000000000191,5.800000000000011,5.800000000000011,1.5080000000000318,1.5080000000000318,1.500841390500278,1.500841390500278,2.324999999999818,2.324999999999818,5.500000000005457,5.500000000005457,195869,195869,0,0,155,155,0,0.0,
stacked_low,2.0,selected_gated,80000,5.0,5.0,7.0,7.0,1.5420000000003404,1.5420000000003404,1.6113445449885961,1.6113445449885961,2.771428571428641,2.771428571428641,9.60000000000764,9.60000000000764,196476,196476,0,0,144,144,0,0.0,
stacked_low,2.0,selected_gated,80001,3.799999999999997,3.799999999999997,5.7999999999999545,5.7999999999999545,1.4510000000000776,1.4510000000000776,1.5736743340366741,1.5736743340366741,2.7599999999997635,2.7599999999997635,13.000000000005912,13.000000000005912,194368,194368,0,0,157,157,0,0.0,
stacked_low,2.0,selected_gated,80002,4.800000000005184,4.800000000005184,5.79999999999859,5.79999999999859,1.533000000000344,1.533000000000344,1.5972583546193593,1.5972583546193593,2.7142857142857792,2.7142857142857792,4.800000000005184,4.800000000005184,195416,195416,0,0,166,166,0,0.0,
stacked_low,2.0,selected_gated,80003,5.199999999999818,5.199999999999818,6.400000000000091,6.400000000000091,1.6380000000006254,1.6380000000006254,1.6385942720050841,1.6385942720050841,2.800000000000125,2.800000000000125,8.800000000009277,8.800000000009277,197184,197184,0,0,159,159,0,0.0,
stacked_low,2.0,selected_gated,80004,4.599999999999568,4.599999999999568,5.59999999999809,5.59999999999809,1.4539999999999877,1.4539999999999877,1.5547523620090715,1.5547523620090715,2.4105263157897467,2.4105263157897467,13.000000000002274,13.000000000002274,194387,194387,0,0,156,156,0,0.0,
stacked_low,2.0,selected_gated,80005,4.999999999999204,4.999999999999204,6.400000000005548,6.400000000005548,1.573000000000167,1.573000000000167,1.532282047805265,1.532282047805265,2.6666666666666634,2.6666666666666634,13.000000000005002,13.000000000005002,195174,195174,0,0,156,156,0,0.0,
stacked_low,2.0,selected_gated,80006,5.400000000000091,5.400000000000091,7.399999999999864,7.399999999999864,1.6250000000002172,1.6250000000002172,1.5825480020655314,1.5825480020655314,2.490000000000191,2.490000000000191,3.800000000002001,3.800000000002001,195524,195524,0,0,146,146,0,0.0,
stacked_low,2.0,selected_gated,80007,4.999999999999773,4.999999999999773,6.600000000004002,6.600000000004002,1.5560000000002803,1.5560000000002803,1.5217386109531572,1.5217386109531572,2.7368421052633733,2.7368421052633733,17.400000000006912,17.400000000006912,195910,195910,0,0,165,165,0,0.0,
stacked_low,2.0,selected_gated,80008,3.9999999999995453,3.9999999999995453,5.800000000000011,5.800000000000011,1.489000000000329,1.489000000000329,1.5624486711352668,1.5624486711352668,2.5,2.5,14.20000000000482,14.20000000000482,195916,195916,0,0,151,151,0,0.0,
stacked_low,2.0,selected_gated,80009,5.199999999999363,5.199999999999363,7.199999999998681,7.199999999998681,1.5350000000006885,1.5350000000006885,1.5680732983750274,1.5680732983750274,2.649999999999835,2.649999999999835,17.200000000005275,17.200000000005275,195142,195142,0,0,145,145,0,0.0,
stacked_low,2.0,selected_gated,80010,5.399999999999409,5.399999999999409,5.799999999999997,5.799999999999997,1.5300000000000313,1.5300000000000313,1.5494073735460754,1.5494073735460754,2.5333333333333106,2.5333333333333106,5.600000000001728,5.600000000001728,194811,194811,0,0,161,161,0,0.0,
stacked_low,2.0,selected_gated,80011,4.800000000002456,4.800000000002456,5.7999999999999545,5.7999999999999545,1.5450000000000954,1.5450000000000954,1.600577557420257,1.600577557420257,2.6588235294119413,2.6588235294119413,5.800000000006548,5.800000000006548,194391,194391,0,0,145,145,0,0.0,
stacked_low,2.0,selected_gated,80012,4.399999999997135,4.399999999997135,5.799999999999997,5.799999999999997,1.4390000000001537,1.4390000000001537,1.527885499264623,1.527885499264623,2.499999999999981,2.499999999999981,2.6000000000044565,2.6000000000044565,196064,196064,0,0,157,157,0,0.0,
stacked_low,2.0,selected_gated,80013,5.000000000002274,5.000000000002274,5.799999999999997,5.799999999999997,1.5139999999999025,1.5139999999999025,1.6034901298015904,1.6034901298015904,2.7000000000000455,2.7000000000000455,13.200000000013006,13.200000000013006,195250,195250,0,0,161,161,0,0.0,
stacked_low,2.0,selected_gated,80014,4.0,4.0,5.7999999999999545,5.7999999999999545,1.4620000000001394,1.4620000000001394,1.5582549904778897,1.5582549904778897,2.480000000000564,2.480000000000564,19.20000000000482,19.20000000000482,197198,197198,0,0,152,152,0,0.0,
stacked_low,2.0,selected_gated,80015,3.800000000002001,3.800000000002001,5.7999999999999545,5.7999999999999545,1.419000000000313,1.419000000000313,1.5655637786706869,1.5655637786706869,2.563636363636471,2.563636363636471,9.600000000004911,9.600000000004911,195964,195964,0,0,145,145,0,0.0,
stacked_low,2.0,selected_gated,80016,4.199999999999363,4.199999999999363,5.6000000000008185,5.6000000000008185,1.4660000000000597,1.4660000000000597,1.5022017254820608,1.5022017254820608,2.3111111111110936,2.3111111111110936,3.6000000000044565,3.6000000000044565,194319,194319,0,0,159,159,0,0.0,
stacked_low,2.0,selected_gated,80017,4.999999999999204,4.999999999999204,6.199999999999818,6.199999999999818,1.4990000000000907,1.4990000000000907,1.52849922754816,1.52849922754816,2.4399999999999182,2.4399999999999182,8.800000000005639,8.800000000005639,196541,196541,0,0,163,163,0,0.0,
stacked_low,2.0,selected_gated,80018,4.999999999999545,4.999999999999545,5.7999999999999545,5.7999999999999545,1.5000000000000921,1.5000000000000921,1.6837307315020331,1.6837307315020331,2.9599999999999302,2.9599999999999302,12.400000000003729,12.400000000003729,196559,196559,0,0,151,151,0,0.0,
stacked_low,2.0,selected_gated,80019,5.0,5.0,7.399999999999636,7.399999999999636,1.505000000000081,1.505000000000081,1.5232438239152228,1.5232438239152228,2.3874999999999886,2.3874999999999886,18.400000000002365,18.400000000002365,195480,195480,0,0,160,160,0,0.0,
stacked_low,2.0,selected_gated,80020,3.8000000000000114,3.8000000000000114,5.800000000004729,5.800000000004729,1.4070000000003813,1.4070000000003813,1.5511221453544506,1.5511221453544506,2.599999999999997,2.599999999999997,12.800000000002001,12.800000000002001,196104,196104,0,0,147,147,0,0.0,
stacked_low,2.0,selected_gated,80021,4.999999999999545,4.999999999999545,5.7999999999999545,5.7999999999999545,1.4770000000003483,1.4770000000003483,1.5312634983471802,1.5312634983471802,2.6000000000004775,2.6000000000004775,26.200000000005275,26.200000000005275,195656,195656,0,0,151,151,0,0.0,
stacked_low,2.0,selected_gated,80022,5.199999999998454,5.199999999998454,5.799999999999997,5.799999999999997,1.5050000000001018,1.5050000000001018,1.5824859573085277,1.5824859573085277,2.6999999999999935,2.6999999999999935,17.200000000010277,17.200000000010277,195745,195745,0,0,172,172,0,0.0,
stacked_low,2.0,selected_gated,80023,5.199999999999136,5.199999999999136,6.399999999998954,6.399999999998954,1.646999999999902,1.646999999999902,1.6451229712035067,1.6451229712035067,2.7333333333335,2.7333333333335,4.6000000000062755,4.6000000000062755,194460,194460,0,0,154,154,0,0.0,
stacked_low,2.0,selected_gated,80024,4.0000000000027285,4.0000000000027285,5.599999999999909,5.599999999999909,1.5230000000000006,1.5230000000000006,1.5315741918167802,1.5315741918167802,2.5,2.5,7.400000000006003,7.400000000006003,196087,196087,0,0,156,156,0,0.0,
stacked_low,2.0,selected_gated,80025,4.800000000000637,4.800000000000637,6.000000000004093,6.000000000004093,1.6069999999997489,1.6069999999997489,1.6124887339458627,1.6124887339458627,2.822222222222169,2.822222222222169,16.000000000003183,16.000000000003183,195917,195917,0,0,154,154,0,0.0,
stacked_low,2.0,selected_gated,80026,4.399999999998727,4.399999999998727,5.399999999998954,5.399999999998954,1.416000000000469,1.416000000000469,1.5910571338315647,1.5910571338315647,2.7999999999999545,2.7999999999999545,3.600000000001728,3.600000000001728,195970,195970,0,0,152,152,0,0.0,
stacked_low,2.0,selected_gated,80027,4.800000000000182,4.800000000000182,5.800000000006094,5.800000000006094,1.5120000000000637,1.5120000000000637,1.5160642758307108,1.5160642758307108,2.4666666666666592,2.4666666666666592,7.200000000000728,7.200000000000728,195298,195298,0,0,169,169,0,0.0,
stacked_low,2.0,selected_gated,80028,5.0,5.0,6.199999999999591,6.199999999999591,1.5270000000001378,1.5270000000001378,1.5802912434533951,1.5802912434533951,2.6571428571428766,2.6571428571428766,12.40000000001146,12.40000000001146,194440,194440,0,0,147,147,0,0.0,
stacked_low,2.0,selected_gated,80029,3.5999999999989996,3.5999999999989996,5.600000000003092,5.600000000003092,1.4040000000001782,1.4040000000001782,1.532917413451292,1.532917413451292,2.685714285713987,2.685714285713987,27.800000000007913,27.800000000007913,196465,196465,0,0,152,152,0,0.0,
stacked_low,2.0,selected_ungated,80000,5.0,5.0,7.0,7.0,1.5420000000003404,1.5420000000003404,1.6113445449885961,1.6113445449885961,2.771428571428641,2.771428571428641,9.60000000000764,9.60000000000764,196476,196476,0,0,144,144,0,0.0,
stacked_low,2.0,selected_ungated,80001,3.799999999999997,3.799999999999997,5.7999999999999545,5.7999999999999545,1.4510000000000776,1.4510000000000776,1.5736743340366741,1.5736743340366741,2.7599999999997635,2.7599999999997635,13.000000000005912,13.000000000005912,194368,194368,0,0,157,157,0,0.0,
stacked_low,2.0,selected_ungated,80002,4.800000000005184,4.800000000005184,5.79999999999859,5.79999999999859,1.533000000000344,1.533000000000344,1.5972583546193593,1.5972583546193593,2.7142857142857792,2.7142857142857792,4.800000000005184,4.800000000005184,195416,195416,0,0,166,166,0,0.0,
stacked_low,2.0,selected_ungated,80003,5.199999999999818,5.199999999999818,6.400000000000091,6.400000000000091,1.6380000000006254,1.6380000000006254,1.6385942720050841,1.6385942720050841,2.800000000000125,2.800000000000125,8.800000000009277,8.800000000009277,197184,197184,0,0,159,159,0,0.0,
stacked_low,2.0,selected_ungated,80004,4.599999999999568,4.599999999999568,5.59999999999809,5.59999999999809,1.4539999999999877,1.4539999999999877,1.5547523620090715,1.5547523620090715,2.4105263157897467,2.4105263157897467,13.000000000002274,13.000000000002274,194387,194387,0,0,156,156,0,0.0,
stacked_low,2.0,selected_ungated,80005,4.999999999999204,4.999999999999204,6.400000000005548,6.400000000005548,1.573000000000167,1.573000000000167,1.532282047805265,1.532282047805265,2.6666666666666634,2.6666666666666634,13.000000000005002,13.000000000005002,195174,195174,0,0,156,156,0,0.0,
stacked_low,2.0,selected_ungated,80006,5.400000000000091,5.400000000000091,7.399999999999864,7.399999999999864,1.6250000000002172,1.6250000000002172,1.5825480020655314,1.5825480020655314,2.490000000000191,2.490000000000191,3.800000000002001,3.800000000002001,195524,195524,0,0,146,146,0,0.0,
stacked_low,2.0,selected_ungated,80007,4.999999999999773,4.999999999999773,6.600000000004002,6.600000000004002,1.5560000000002803,1.5560000000002803,1.5217386109531572,1.5217386109531572,2.7368421052633733,2.7368421052633733,17.400000000006912,17.400000000006912,195910,195910,0,0,165,165,0,0.0,
stacked_low,2.0,selected_ungated,80008,3.9999999999995453,3.9999999999995453,5.800000000000011,5.800000000000011,1.489000000000329,1.489000000000329,1.5624486711352668,1.5624486711352668,2.5,2.5,14.20000000000482,14.20000000000482,195916,195916,0,0,151,151,0,0.0,
stacked_low,2.0,selected_ungated,80009,5.199999999999363,5.199999999999363,7.199999999998681,7.199999999998681,1.5350000000006885,1.5350000000006885,1.5680732983750274,1.5680732983750274,2.649999999999835,2.649999999999835,17.200000000005275,17.200000000005275,195142,195142,0,0,145,145,0,0.0,
stacked_low,2.0,selected_ungated,80010,5.399999999999409,5.399999999999409,5.799999999999997,5.799999999999997,1.5300000000000313,1.5300000000000313,1.5494073735460754,1.5494073735460754,2.5333333333333106,2.5333333333333106,5.600000000001728,5.600000000001728,194811,194811,0,0,161,161,0,0.0,
stacked_low,2.0,selected_ungated,80011,4.800000000002456,4.800000000002456,5.7999999999999545,5.7999999999999545,1.5450000000000954,1.5450000000000954,1.600577557420257,1.600577557420257,2.6588235294119413,2.6588235294119413,5.800000000006548,5.800000000006548,194391,194391,0,0,145,145,0,0.0,
stacked_low,2.0,selected_ungated,80012,4.399999999997135,4.399999999997135,5.799999999999997,5.799999999999997,1.4390000000001537,1.4390000000001537,1.527885499264623,1.527885499264623,2.499999999999981,2.499999999999981,2.6000000000044565,2.6000000000044565,196064,196064,0,0,157,157,0,0.0,
stacked_low,2.0,selected_ungated,80013,5.000000000002274,5.000000000002274,5.799999999999997,5.799999999999997,1.5139999999999025,1.5139999999999025,1.6034901298015904,1.6034901298015904,2.7000000000000455,2.7000000000000455,13.200000000013006,13.200000000013006,195250,195250,0,0,161,161,0,0.0,
stacked_low,2.0,selected_ungated,80014,4.0,4.0,5.7999999999999545,5.7999999999999545,1.4620000000001394,1.4620000000001394,1.5582549904778897,1.5582549904778897,2.480000000000564,2.480000000000564,19.20000000000482,19.20000000000482,197198,197198,0,0,152,152,0,0.0,
stacked_low,2.0,selected_ungated,80015,3.800000000002001,3.800000000002001,5.7999999999999545,5.7999999999999545,1.419000000000313,1.419000000000313,1.5655637786706869,1.5655637786706869,2.563636363636471,2.563636363636471,9.600000000004911,9.600000000004911,195964,195964,0,0,145,145,0,0.0,
stacked_low,2.0,selected_ungated,80016,4.199999999999363,4.199999999999363,5.6000000000008185,5.6000000000008185,1.4660000000000597,1.4660000000000597,1.5022017254820608,1.5022017254820608,2.3111111111110936,2.3111111111110936,3.6000000000044565,3.6000000000044565,194319,194319,0,0,159,159,0,0.0,
stacked_low,2.0,selected_ungated,80017,4.999999999999204,4.999999999999204,6.199999999999818,6.199999999999818,1.4990000000000907,1.4990000000000907,1.52849922754816,1.52849922754816,2.4399999999999182,2.4399999999999182,8.800000000005639,8.800000000005639,196541,196541,0,0,163,163,0,0.0,
stacked_low,2.0,selected_ungated,80018,4.999999999999545,4.999999999999545,5.7999999999999545,5.7999999999999545,1.5000000000000921,1.5000000000000921,1.6837307315020331,1.6837307315020331,2.9599999999999302,2.9599999999999302,12.400000000003729,12.400000000003729,196559,196559,0,0,151,151,0,0.0,
stacked_low,2.0,selected_ungated,80019,5.0,5.0,7.399999999999636,7.399999999999636,1.505000000000081,1.505000000000081,1.5232438239152228,1.5232438239152228,2.3874999999999886,2.3874999999999886,18.400000000002365,18.400000000002365,195480,195480,0,0,160,160,0,0.0,
stacked_low,2.0,selected_ungated,80020,3.8000000000000114,3.8000000000000114,5.800000000004729,5.800000000004729,1.4070000000003813,1.4070000000003813,1.5511221453544506,1.5511221453544506,2.599999999999997,2.599999999999997,12.800000000002001,12.800000000002001,196104,196104,0,0,147,147,0,0.0,
stacked_low,2.0,selected_ungated,80021,4.999999999999545,4.999999999999545,5.7999999999999545,5.7999999999999545,1.4770000000003483,1.4770000000003483,1.5312634983471802,1.5312634983471802,2.6000000000004775,2.6000000000004775,26.200000000005275,26.200000000005275,195656,195656,0,0,151,151,0,0.0,
stacked_low,2.0,selected_ungated,80022,5.199999999998454,5.199999999998454,5.799999999999997,5.799999999999997,1.5050000000001018,1.5050000000001018,1.5824859573085277,1.5824859573085277,2.6999999999999935,2.6999999999999935,17.200000000010277,17.200000000010277,195745,195745,0,0,172,172,0,0.0,
stacked_low,2.0,selected_ungated,80023,5.199999999999136,5.199999999999136,6.399999999998954,6.399999999998954,1.646999999999902,1.646999999999902,1.6451229712035067,1.6451229712035067,2.7333333333335,2.7333333333335,4.6000000000062755,4.6000000000062755,194460,194460,0,0,154,154,0,0.0,
stacked_low,2.0,selected_ungated,80024,4.0000000000027285,4.0000000000027285,5.599999999999909,5.599999999999909,1.5230000000000006,1.5230000000000006,1.5315741918167802,1.5315741918167802,2.5,2.5,7.400000000006003,7.400000000006003,196087,196087,0,0,156,156,0,0.0,
stacked_low,2.0,selected_ungated,80025,4.800000000000637,4.800000000000637,6.000000000004093,6.000000000004093,1.6069999999997489,1.6069999999997489,1.6124887339458627,1.6124887339458627,2.822222222222169,2.822222222222169,16.000000000003183,16.000000000003183,195917,195917,0,0,154,154,0,0.0,
stacked_low,2.0,selected_ungated,80026,4.399999999998727,4.399999999998727,5.399999999998954,5.399999999998954,1.416000000000469,1.416000000000469,1.5910571338315647,1.5910571338315647,2.7999999999999545,2.7999999999999545,3.600000000001728,3.600000000001728,195970,195970,0,0,152,152,0,0.0,
stacked_low,2.0,selected_ungated,80027,4.800000000000182,4.800000000000182,5.800000000006094,5.800000000006094,1.5120000000000637,1.5120000000000637,1.5160642758307108,1.5160642758307108,2.4666666666666592,2.4666666666666592,7.200000000000728,7.200000000000728,195298,195298,0,0,169,169,0,0.0,
stacked_low,2.0,selected_ungated,80028,5.0,5.0,6.199999999999591,6.199999999999591,1.5270000000001378,1.5270000000001378,1.5802912434533951,1.5802912434533951,2.6571428571428766,2.6571428571428766,12.40000000001146,12.40000000001146,194440,194440,0,0,147,147,0,0.0,
stacked_low,2.0,selected_ungated,80029,3.5999999999989996,3.5999999999989996,5.600000000003092,5.600000000003092,1.4040000000001782,1.4040000000001782,1.532917413451292,1.532917413451292,2.685714285713987,2.685714285713987,27.800000000007913,27.800000000007913,196465,196465,0,0,152,152,0,0.0,
stacked_low,2.0,original_q2_a0.8_or_ungated,80000,5.0,5.0,7.0,7.000000000000398,1.5420000000003404,1.5430000000001678,1.6113445449885961,1.4798854834382258,2.771428571428641,2.6000000000000227,9.60000000000764,8.000000000005002,196476,203137,0,200,144,166,50,1.0,1.0
stacked_low,2.0,original_q2_a0.8_or_ungated,80001,3.799999999999997,4.999999999999545,5.7999999999999545,7.0,1.4510000000000776,1.4499999999999915,1.5736743340366741,1.4363897920821005,2.7599999999997635,2.457142857143091,13.000000000005912,17.80000000000382,194368,202697,0,200,157,179,50,1.0,1.0
stacked_low,2.0,original_q2_a0.8_or_ungated,80002,4.800000000005184,5.0000000000027285,5.79999999999859,8.599999999999909,1.533000000000344,1.635000000000136,1.5972583546193593,1.4797541411713626,2.7142857142857792,2.4727272727277523,4.800000000005184,3.8000000000024556,195416,203692,0,200,166,180,50,1.0,1.0
stacked_low,2.0,original_q2_a0.8_or_ungated,80003,5.199999999999818,4.599999999999454,6.400000000000091,7.600000000004002,1.6380000000006254,1.5090000000008592,1.6385942720050841,1.3971748261271455,2.800000000000125,2.133333333333136,8.800000000009277,5.2000000000207365,197184,204016,0,196,159,171,49,0.98,1.0
stacked_low,2.0,original_q2_a0.8_or_ungated,80004,4.599999999999568,4.999999999999773,5.59999999999809,6.800000000002001,1.4539999999999877,1.4590000000001555,1.5547523620090715,1.390079993862458,2.4105263157897467,2.2095238095236516,13.000000000002274,8.600000000000819,194387,202603,0,200,156,177,50,1.0,1.0
stacked_low,2.0,original_q2_a0.8_or_ungated,80005,4.999999999999204,5.000000000001819,6.400000000005548,6.600000000003547,1.573000000000167,1.4690000000001597,1.532282047805265,1.4627931127329412,2.6666666666666634,2.4461538461537726,13.000000000005002,10.200000000003456,195174,202388,0,200,156,179,50,1.0,1.0
stacked_low,2.0,original_q2_a0.8_or_ungated,80006,5.400000000000091,5.0,7.399999999999864,7.399999999999864,1.6250000000002172,1.5670000000001592,1.5825480020655314,1.482199533639916,2.490000000000191,2.389473684210603,3.800000000002001,4.000000000003183,195524,203255,0,200,146,172,50,1.0,1.0
stacked_low,2.0,original_q2_a0.8_or_ungated,80007,4.999999999999773,5.000000000001364,6.600000000004002,7.800000000004275,1.5560000000002803,1.5330000000000554,1.5217386109531572,1.447742150584848,2.7368421052633733,2.7599999999999456,17.400000000006912,4.0000000000045475,195910,202599,0,200,165,181,50,1.0,1.0
stacked_low,2.0,original_q2_a0.8_or_ungated,80008,3.9999999999995453,4.6000000000008185,5.800000000000011,5.800000000000011,1.489000000000329,1.4290000000001541,1.5624486711352668,1.4300295906796139,2.5,2.4133333333334424,14.20000000000482,6.60000000000764,195916,204091,0,200,151,175,50,1.0,1.0
stacked_low,2.0,original_q2_a0.8_or_ungated,80009,5.199999999999363,4.399999999998272,7.199999999998681,5.400000000005093,1.5350000000006885,1.4100000000005606,1.5680732983750274,1.4544230596951604,2.649999999999835,2.7428571428571167,17.200000000005275,11.400000000007822,195142,204711,0,200,145,169,50,1.0,1.0
stacked_low,2.0,original_q2_a0.8_or_ungated,80010,5.399999999999409,5.0,5.799999999999997,5.800000000000011,1.5300000000000313,1.4510000000002004,1.5494073735460754,1.4144579177448033,2.5333333333333106,2.3999999999999773,5.600000000001728,5.200000000008458,194811,202696,0,200,161,175,50,1.0,1.0
stacked_low,2.0,original_q2_a0.8_or_ungated,80011,4.800000000002456,4.2000000000000455,5.7999999999999545,5.400000000004184,1.5450000000000954,1.4640000000002191,1.600577557420257,1.4449998501416277,2.6588235294119413,2.513043478260828,5.800000000006548,23.20000000000573,194391,203932,0,196,145,164,49,0.98,1.0
stacked_low,2.0,original_q2_a0.8_or_ungated,80012,4.399999999997135,4.199999999999818,5.799999999999997,6.199999999999704,1.4390000000001537,1.4530000000002514,1.527885499264623,1.4345384433239812,2.499999999999981,2.3777777777776743,2.6000000000044565,4.200000000001182,196064,201460,0,200,157,170,50,1.0,1.0
stacked_low,2.0,original_q2_a0.8_or_ungated,80013,5.000000000002274,5.0,5.799999999999997,5.800000000000011,1.5139999999999025,1.5860000000000352,1.6034901298015904,1.4220736773343823,2.7000000000000455,2.3333333333333837,13.200000000013006,4.800000000005639,195250,203207,0,200,161,179,50,1.0,1.0
stacked_low,2.0,original_q2_a0.8_or_ungated,80014,4.0,5.000000000002274,5.7999999999999545,7.399999999996908,1.4620000000001394,1.5850000000001614,1.5582549904778897,1.4255218441112185,2.480000000000564,2.5249999999999986,19.20000000000482,10.60000000000582,197198,204319,0,200,152,174,50,1.0,1.0
stacked_low,2.0,original_q2_a0.8_or_ungated,80015,3.800000000002001,5.0000000000045475,5.7999999999999545,7.999999999999773,1.419000000000313,1.5569999999999893,1.5655637786706869,1.4424683565061316,2.563636363636471,2.3999999999999773,9.600000000004911,7.000000000005457,195964,203303,0,200,145,167,50,1.0,1.0
stacked_low,2.0,original_q2_a0.8_or_ungated,80016,4.199999999999363,4.399999999999636,5.6000000000008185,5.800000000000011,1.4660000000000597,1.4890000000001162,1.5022017254820608,1.3596123609168584,2.3111111111110936,1.999999999999801,3.6000000000044565,1.2000000000043656,194319,202533,0,200,159,175,50,1.0,1.0
stacked_low,2.0,original_q2_a0.8_or_ungated,80017,4.999999999999204,4.000000000001819,6.199999999999818,5.800000000000011,1.4990000000000907,1.477000000000228,1.52849922754816,1.4415394223561584,2.4399999999999182,2.3999999999999546,8.800000000005639,11.200000000004366,196541,203147,0,200,163,168,50,1.0,1.0
stacked_low,2.0,original_q2_a0.8_or_ungated,80018,4.999999999999545,4.599999999999227,5.7999999999999545,5.800000000000011,1.5000000000000921,1.4310000000000485,1.6837307315020331,1.441246763660717,2.9599999999999302,2.514285714285669,12.400000000003729,12.400000000004184,196559,205496,0,196,151,169,49,0.98,1.0
stacked_low,2.0,original_q2_a0.8_or_ungated,80019,5.0,4.800000000000068,7.399999999999636,5.799999999998363,1.505000000000081,1.3679999999999872,1.5232438239152228,1.4107134201004277,2.3874999999999886,2.240000000001055,18.400000000002365,7.200000000001637,195480,202920,0,200,160,175,50,1.0,1.0
stacked_low,2.0,original_q2_a0.8_or_ungated,80020,3.8000000000000114,5.199999999999818,5.800000000004729,7.0,1.4070000000003813,1.54900000000025,1.5511221453544506,1.442103166945484,2.599999999999997,2.4750000000000085,12.800000000002001,9.60000000000673,196104,204547,0,196,147,173,49,0.98,1.0
stacked_low,2.0,original_q2_a0.8_or_ungated,80021,4.999999999999545,4.600000000003547,5.7999999999999545,5.800000000000011,1.4770000000003483,1.4370000000002954,1.5312634983471802,1.4242867866938695,2.6000000000004775,2.249999999999716,26.200000000005275,14.000000000005002,195656,204613,0,200,151,165,50,1.0,1.0
stacked_low,2.0,original_q2_a0.8_or_ungated,80022,5.199999999998454,5.199999999999989,5.799999999999997,6.600000000002183,1.5050000000001018,1.5270000000002089,1.5824859573085277,1.43020725925978,2.6999999999999935,2.6222222222221867,17.200000000010277,9.600000000009913,195745,202647,0,200,172,175,50,1.0,1.0
stacked_low,2.0,original_q2_a0.8_or_ungated,80023,5.199999999999136,3.9999999999995453,6.399999999998954,5.400000000002365,1.646999999999902,1.3569999999998772,1.6451229712035067,1.437142248525017,2.7333333333335,2.5,4.6000000000062755,6.6000000000026375,194460,203253,0,200,154,180,50,1.0,1.0
stacked_low,2.0,original_q2_a0.8_or_ungated,80024,4.0000000000027285,4.999999999999318,5.599999999999909,7.599999999999227,1.5230000000000006,1.4679999999999047,1.5315741918167802,1.432305392069415,2.5,2.1999999999999695,7.400000000006003,3.000000000005457,196087,202897,0,200,156,173,50,1.0,1.0
stacked_low,2.0,original_q2_a0.8_or_ungated,80025,4.800000000000637,5.199999999999932,6.000000000004093,6.0000000000045475,1.6069999999997489,1.5569999999999231,1.6124887339458627,1.444075081429218,2.822222222222169,2.3111111111109293,16.000000000003183,8.800000000005184,195917,202542,0,200,154,179,50,1.0,1.0
stacked_low,2.0,original_q2_a0.8_or_ungated,80026,4.399999999998727,5.0,5.399999999998954,6.199999999999818,1.416000000000469,1.5320000000002796,1.5910571338315647,1.4568611215257699,2.7999999999999545,2.3714285714284284,3.600000000001728,6.800000000010186,195970,204261,0,200,152,166,50,1.0,1.0
stacked_low,2.0,original_q2_a0.8_or_ungated,80027,4.800000000000182,3.7999999999988177,5.800000000006094,5.7999999999995,1.5120000000000637,1.4320000000000193,1.5160642758307108,1.435855236598497,2.4666666666666592,2.4666666666665455,7.200000000000728,3.2000000000007276,195298,200905,0,196,169,176,49,0.98,1.0
stacked_low,2.0,original_q2_a0.8_or_ungated,80028,5.0,4.2000000000000455,6.199999999999591,5.800000000000011,1.5270000000001378,1.4140000000001272,1.5802912434533951,1.411039083605051,2.6571428571428766,2.3500000000000227,12.40000000001146,3.8000000000042746,194440,203815,0,200,147,167,50,1.0,1.0
stacked_low,2.0,original_q2_a0.8_or_ungated,80029,3.5999999999989996,5.2000000000000455,5.600000000003092,7.0,1.4040000000001782,1.5699999999999605,1.532917413451292,1.4035505825552261,2.685714285713987,2.2476190476190174,27.800000000007913,10.600000000009913,196465,204045,0,200,152,182,50,1.0,1.0
stacked_low,2.0,runner_up_ungated,80000,5.0,5.0,7.0,7.0,1.5420000000003404,1.5420000000003404,1.6113445449885961,1.6113445449885961,2.771428571428641,2.771428571428641,9.60000000000764,9.60000000000764,196476,196476,0,0,144,144,0,0.0,
stacked_low,2.0,runner_up_ungated,80001,3.799999999999997,3.799999999999997,5.7999999999999545,5.7999999999999545,1.4510000000000776,1.4510000000000776,1.5736743340366741,1.5736743340366741,2.7599999999997635,2.7599999999997635,13.000000000005912,13.000000000005912,194368,194368,0,0,157,157,0,0.0,
stacked_low,2.0,runner_up_ungated,80002,4.800000000005184,4.800000000005184,5.79999999999859,5.79999999999859,1.533000000000344,1.533000000000344,1.5972583546193593,1.5972583546193593,2.7142857142857792,2.7142857142857792,4.800000000005184,4.800000000005184,195416,195416,0,0,166,166,0,0.0,
stacked_low,2.0,runner_up_ungated,80003,5.199999999999818,5.199999999999818,6.400000000000091,6.400000000000091,1.6380000000006254,1.6380000000006254,1.6385942720050841,1.6385942720050841,2.800000000000125,2.800000000000125,8.800000000009277,8.800000000009277,197184,197184,0,0,159,159,0,0.0,
stacked_low,2.0,runner_up_ungated,80004,4.599999999999568,4.599999999999568,5.59999999999809,5.59999999999809,1.4539999999999877,1.4539999999999877,1.5547523620090715,1.5547523620090715,2.4105263157897467,2.4105263157897467,13.000000000002274,13.000000000002274,194387,194387,0,0,156,156,0,0.0,
stacked_low,2.0,runner_up_ungated,80005,4.999999999999204,4.999999999999204,6.400000000005548,6.400000000005548,1.573000000000167,1.573000000000167,1.532282047805265,1.532282047805265,2.6666666666666634,2.6666666666666634,13.000000000005002,13.000000000005002,195174,195174,0,0,156,156,0,0.0,
stacked_low,2.0,runner_up_ungated,80006,5.400000000000091,5.400000000000091,7.399999999999864,7.399999999999864,1.6250000000002172,1.6250000000002172,1.5825480020655314,1.5825480020655314,2.490000000000191,2.490000000000191,3.800000000002001,3.800000000002001,195524,195524,0,0,146,146,0,0.0,
stacked_low,2.0,runner_up_ungated,80007,4.999999999999773,4.999999999999773,6.600000000004002,6.600000000004002,1.5560000000002803,1.5560000000002803,1.5217386109531572,1.5217386109531572,2.7368421052633733,2.7368421052633733,17.400000000006912,17.400000000006912,195910,195910,0,0,165,165,0,0.0,
stacked_low,2.0,runner_up_ungated,80008,3.9999999999995453,3.9999999999995453,5.800000000000011,5.800000000000011,1.489000000000329,1.489000000000329,1.5624486711352668,1.5624486711352668,2.5,2.5,14.20000000000482,14.20000000000482,195916,195916,0,0,151,151,0,0.0,
stacked_low,2.0,runner_up_ungated,80009,5.199999999999363,5.199999999999363,7.199999999998681,7.199999999998681,1.5350000000006885,1.5350000000006885,1.5680732983750274,1.5680732983750274,2.649999999999835,2.649999999999835,17.200000000005275,17.200000000005275,195142,195142,0,0,145,145,0,0.0,
stacked_low,2.0,runner_up_ungated,80010,5.399999999999409,5.399999999999409,5.799999999999997,5.799999999999997,1.5300000000000313,1.5300000000000313,1.5494073735460754,1.5494073735460754,2.5333333333333106,2.5333333333333106,5.600000000001728,5.600000000001728,194811,194811,0,0,161,161,0,0.0,
stacked_low,2.0,runner_up_ungated,80011,4.800000000002456,4.800000000002456,5.7999999999999545,5.7999999999999545,1.5450000000000954,1.5450000000000954,1.600577557420257,1.600577557420257,2.6588235294119413,2.6588235294119413,5.800000000006548,5.800000000006548,194391,194391,0,0,145,145,0,0.0,
stacked_low,2.0,runner_up_ungated,80012,4.399999999997135,4.399999999997135,5.799999999999997,5.799999999999997,1.4390000000001537,1.4390000000001537,1.527885499264623,1.527885499264623,2.499999999999981,2.499999999999981,2.6000000000044565,2.6000000000044565,196064,196064,0,0,157,157,0,0.0,
stacked_low,2.0,runner_up_ungated,80013,5.000000000002274,5.000000000002274,5.799999999999997,5.799999999999997,1.5139999999999025,1.5139999999999025,1.6034901298015904,1.6034901298015904,2.7000000000000455,2.7000000000000455,13.200000000013006,13.200000000013006,195250,195250,0,0,161,161,0,0.0,
stacked_low,2.0,runner_up_ungated,80014,4.0,4.0,5.7999999999999545,5.7999999999999545,1.4620000000001394,1.4620000000001394,1.5582549904778897,1.5582549904778897,2.480000000000564,2.480000000000564,19.20000000000482,19.20000000000482,197198,197198,0,0,152,152,0,0.0,
stacked_low,2.0,runner_up_ungated,80015,3.800000000002001,3.800000000002001,5.7999999999999545,5.7999999999999545,1.419000000000313,1.419000000000313,1.5655637786706869,1.5655637786706869,2.563636363636471,2.563636363636471,9.600000000004911,9.600000000004911,195964,195964,0,0,145,145,0,0.0,
stacked_low,2.0,runner_up_ungated,80016,4.199999999999363,4.199999999999363,5.6000000000008185,5.6000000000008185,1.4660000000000597,1.4660000000000597,1.5022017254820608,1.5022017254820608,2.3111111111110936,2.3111111111110936,3.6000000000044565,3.6000000000044565,194319,194319,0,0,159,159,0,0.0,
stacked_low,2.0,runner_up_ungated,80017,4.999999999999204,4.999999999999204,6.199999999999818,6.199999999999818,1.4990000000000907,1.4990000000000907,1.52849922754816,1.52849922754816,2.4399999999999182,2.4399999999999182,8.800000000005639,8.800000000005639,196541,196541,0,0,163,163,0,0.0,
stacked_low,2.0,runner_up_ungated,80018,4.999999999999545,4.999999999999545,5.7999999999999545,5.7999999999999545,1.5000000000000921,1.5000000000000921,1.6837307315020331,1.6837307315020331,2.9599999999999302,2.9599999999999302,12.400000000003729,12.400000000003729,196559,196559,0,0,151,151,0,0.0,
stacked_low,2.0,runner_up_ungated,80019,5.0,5.0,7.399999999999636,7.399999999999636,1.505000000000081,1.505000000000081,1.5232438239152228,1.5232438239152228,2.3874999999999886,2.3874999999999886,18.400000000002365,18.400000000002365,195480,195480,0,0,160,160,0,0.0,
stacked_low,2.0,runner_up_ungated,80020,3.8000000000000114,3.8000000000000114,5.800000000004729,5.800000000004729,1.4070000000003813,1.4070000000003813,1.5511221453544506,1.5511221453544506,2.599999999999997,2.599999999999997,12.800000000002001,12.800000000002001,196104,196104,0,0,147,147,0,0.0,
stacked_low,2.0,runner_up_ungated,80021,4.999999999999545,4.999999999999545,5.7999999999999545,5.7999999999999545,1.4770000000003483,1.4770000000003483,1.5312634983471802,1.5312634983471802,2.6000000000004775,2.6000000000004775,26.200000000005275,26.200000000005275,195656,195656,0,0,151,151,0,0.0,
stacked_low,2.0,runner_up_ungated,80022,5.199999999998454,5.199999999998454,5.799999999999997,5.799999999999997,1.5050000000001018,1.5050000000001018,1.5824859573085277,1.5824859573085277,2.6999999999999935,2.6999999999999935,17.200000000010277,17.200000000010277,195745,195745,0,0,172,172,0,0.0,
stacked_low,2.0,runner_up_ungated,80023,5.199999999999136,5.199999999999136,6.399999999998954,6.399999999998954,1.646999999999902,1.646999999999902,1.6451229712035067,1.6451229712035067,2.7333333333335,2.7333333333335,4.6000000000062755,4.6000000000062755,194460,194460,0,0,154,154,0,0.0,
stacked_low,2.0,runner_up_ungated,80024,4.0000000000027285,4.0000000000027285,5.599999999999909,5.599999999999909,1.5230000000000006,1.5230000000000006,1.5315741918167802,1.5315741918167802,2.5,2.5,7.400000000006003,7.400000000006003,196087,196087,0,0,156,156,0,0.0,
stacked_low,2.0,runner_up_ungated,80025,4.800000000000637,4.800000000000637,6.000000000004093,6.000000000004093,1.6069999999997489,1.6069999999997489,1.6124887339458627,1.6124887339458627,2.822222222222169,2.822222222222169,16.000000000003183,16.000000000003183,195917,195917,0,0,154,154,0,0.0,
stacked_low,2.0,runner_up_ungated,80026,4.399999999998727,4.399999999998727,5.399999999998954,5.399999999998954,1.416000000000469,1.416000000000469,1.5910571338315647,1.5910571338315647,2.7999999999999545,2.7999999999999545,3.600000000001728,3.600000000001728,195970,195970,0,0,152,152,0,0.0,
stacked_low,2.0,runner_up_ungated,80027,4.800000000000182,4.800000000000182,5.800000000006094,5.800000000006094,1.5120000000000637,1.5120000000000637,1.5160642758307108,1.5160642758307108,2.4666666666666592,2.4666666666666592,7.200000000000728,7.200000000000728,195298,195298,0,0,169,169,0,0.0,
stacked_low,2.0,runner_up_ungated,80028,5.0,5.0,6.199999999999591,6.199999999999591,1.5270000000001378,1.5270000000001378,1.5802912434533951,1.5802912434533951,2.6571428571428766,2.6571428571428766,12.40000000001146,12.40000000001146,194440,194440,0,0,147,147,0,0.0,
stacked_low,2.0,runner_up_ungated,80029,3.5999999999989996,3.5999999999989996,5.600000000003092,5.600000000003092,1.4040000000001782,1.4040000000001782,1.532917413451292,1.532917413451292,2.685714285713987,2.685714285713987,27.800000000007913,27.800000000007913,196465,196465,0,0,152,152,0,0.0,
