workload,penalty,variant,seed,baseline_p95_wait,variant_p95_wait,baseline_p99_wait,variant_p99_wait,baseline_avg_wait,variant_avg_wait,baseline_avg_slowdown,variant_avg_slowdown,baseline_p95_slowdown,variant_p95_slowdown,baseline_makespan_excess,variant_makespan_excess,baseline_sched_cores_scanned,variant_sched_cores_scanned,baseline_burst_balance_levels_walked,variant_burst_balance_levels_walked,baseline_total_migrations,variant_total_migrations,detector_fires,recall,precision
stacked_high,0.0,selected_checked,120200,32.600000000000044,16.000000000000014,40.0666666666667,24.0666666666667,13.142666666666637,6.231666666666627,2.357204048401346,1.632052311786425,5.266666666666669,3.038095238095241,10.133333333333184,4.933333333333081,11812,15143,0,44,310,363,151,1.0,1.0
stacked_high,0.0,selected_checked,120201,20.6,19.13333333333336,25.13333333333334,31.33333333333337,10.111666666666633,8.798666666666632,2.0104660734024176,1.9026445371739162,3.8,3.775757575757575,10.599999999999739,8.199999999999704,12190,13131,0,32,308,340,151,1.0,1.0
stacked_high,0.0,selected_checked,120202,19.733333333333384,17.933333333333337,26.333333333333364,21.933333333333344,8.535666666666636,6.134666666666631,1.8528052051440704,1.6997098556650487,3.613333333333337,3.18888888888889,7.666666666666259,5.266666666666339,13595,14805,0,44,336,308,151,1.0,1.0
stacked_high,0.0,selected_checked,120203,21.800000000000033,15.933333333333373,32.4666666666667,24.866666666666696,9.675666666666631,7.15766666666663,1.8702771167562946,1.8070582883297706,3.580000000000001,3.6355555555555568,11.666666666666401,12.266666666666396,13213,15019,0,48,402,356,151,1.0,1.0
stacked_high,0.0,selected_checked,120204,43.93333333333336,26.46666666666671,58.6666666666667,34.0666666666667,19.497666666666642,10.14866666666663,3.155361702067864,2.0422513284356203,7.555555555555556,3.80952380952381,23.666666666666544,9.06666666666655,11195,13878,0,40,345,315,151,1.0,1.0
stacked_high,0.0,selected_checked,120205,21.533333333333353,16.60000000000001,27.133333333333383,25.06666666666667,10.002666666666634,6.7086666666666295,2.0174772837650825,1.6689489114142986,4.248484848484845,3.2250000000000005,4.333333333333144,4.733333333333178,12593,14149,0,40,340,321,151,1.0,1.0
stacked_high,0.0,selected_checked,120206,17.46666666666672,16.933333333333344,29.599999999999994,18.066666666666677,9.235666666666633,7.276666666666629,1.8265217875894342,1.6624246257633077,3.520000000000003,2.9333333333332745,9.466666666666384,10.266666666666424,12419,14534,0,44,325,360,151,1.0,1.0
stacked_high,0.0,selected_checked,120207,21.20000000000003,14.600000000000009,33.066666666666656,19.466666666666676,11.993666666666638,6.900666666666629,2.120573835362128,1.6623892478296753,4.3866666666666685,2.7866666666665765,15.266666666666481,11.466666666666441,11734,13942,0,28,296,287,151,1.0,1.0
stacked_high,0.0,selected_checked,120208,23.666666666666657,21.066666666666677,33.266666666666666,27.19999999999999,11.878666666666634,8.395666666666628,2.1790716629354163,1.8495042594119437,4.305555555555558,3.3666666666666765,11.533333333333132,9.933333333333081,12573,13453,0,36,333,287,151,1.0,1.0
stacked_high,0.0,selected_checked,120209,21.666666666666686,20.13333333333334,26.20000000000001,31.800000000000054,10.904666666666634,7.5686666666666325,2.0345804068397424,1.862456309401068,3.7500000000000053,3.416666666666636,12.733333333333007,8.933333333332996,12842,13984,0,36,306,304,151,1.0,1.0
stacked_high,0.0,selected_checked,120210,17.466666666666768,13.866666666666681,22.200000000000003,15.599999999999767,7.849666666666635,6.20866666666663,1.7312056357661973,1.6167332786128847,3.2666666666666684,2.990476190476191,8.866666666666447,11.066666666666407,13142,15101,0,52,323,337,151,1.0,1.0
stacked_high,0.0,selected_checked,120211,23.533333333333353,21.00000000000003,32.866666666666674,28.199999999999996,9.520666666666632,8.337666666666632,1.8905429534735299,1.863459305213133,3.6166666666666663,3.53333333333333,9.533333333333019,9.533333333333076,12013,13721,0,40,326,320,151,1.0,1.0
stacked_high,0.0,selected_checked,120212,20.533333333333346,16.466666666666725,31.066666666666713,18.200000000000088,10.210666666666638,7.099666666666637,2.061507957618626,1.6806734425781107,3.9200000000000075,3.1212121212121207,15.266666666666396,11.06666666666635,12343,14916,0,48,294,354,151,1.0,1.0
stacked_high,0.0,selected_checked,120213,30.800000000000047,25.53333333333334,44.266666666666715,33.733333333333384,13.211666666666643,11.369666666666635,2.263409861716155,2.057173822428272,4.3523809523809,4.037500000000001,19.799999999999926,16.999999999999915,11679,13317,0,36,388,348,157,1.0,1.0
stacked_high,0.0,selected_checked,120214,20.000000000000057,16.600000000000023,31.266666666666673,31.53333333333338,9.189666666666636,7.530666666666636,1.8630771065357878,1.8152375976898434,3.5999999999999988,3.4166666666666714,9.133333333333269,14.93333333333328,11828,13393,0,40,300,319,151,1.0,1.0
stacked_high,0.0,selected_checked,120215,16.666666666666693,27.933333333333323,18.60000000000001,36.26666666666665,8.206666666666631,11.93366666666664,1.6827265907535036,2.186448729491678,2.960000000000008,4.166666666666667,10.933333333332996,17.93333333333308,12383,12598,0,32,323,305,151,1.0,1.0
stacked_high,0.0,selected_checked,120216,31.26666666666651,16.066666666666684,47.93333333333332,19.60000000000005,13.11566666666664,7.611666666666633,2.736075964592823,1.8220364126329704,6.000000000000006,3.360000000000008,13.733333333333206,5.333333333333201,11401,13372,0,32,341,302,151,1.0,1.0
stacked_high,0.0,selected_checked,120217,25.73333333333349,17.40000000000004,46.533333333333545,23.2666666666667,11.572666666666635,8.392666666666631,2.082128522957487,1.739144193712774,4.1925925925926,3.0166666666666657,15.866666666666362,8.066666666666379,12079,14322,0,40,355,323,151,1.0,1.0
stacked_high,0.0,selected_checked,120218,19.866666666666674,17.80000000000001,23.66666666666667,20.53333333333334,9.86566666666663,8.283666666666631,1.901753687959208,1.7662569177445246,3.495238095238103,3.28817204301075,11.066666666666379,9.266666666666424,12223,14471,0,44,332,331,151,1.0,1.0
stacked_high,0.0,selected_checked,120219,22.53333333333346,15.13333333333334,27.60000000000005,18.200000000000017,10.028666666666634,6.945666666666632,1.9124185621622496,1.6871191756564021,3.3365079365079335,3.099999999999966,8.199999999999676,3.3999999999996646,12412,13807,0,40,357,301,151,1.0,1.0
stacked_high,0.0,selected_checked,120220,22.20000000000003,23.266666666666538,30.33333333333332,33.73333333333333,11.718666666666634,11.63566666666664,2.0383229513574164,2.202903145797301,3.916666666666665,4.247619047619033,15.26666666666651,18.866666666666475,11972,13033,0,32,319,307,151,1.0,1.0
stacked_high,0.0,selected_checked,120221,26.733333333333405,21.066666666666684,30.066666666666663,24.666666666666657,12.532666666666636,11.21366666666664,2.162655174120556,2.1216061746408927,4.066666666666676,3.866666666666672,14.999999999999801,13.799999999999784,12311,12819,0,28,318,312,151,1.0,1.0
stacked_high,0.0,selected_checked,120222,26.4,16.466666666666676,31.533333333333324,18.666666666666714,12.032666666666636,7.255666666666632,2.159764260595518,1.7979755740891321,4.359999999999998,3.5714285714285725,13.133333333332985,9.933333333332968,12121,14252,0,48,348,334,151,1.0,1.0
stacked_high,0.0,selected_checked,120223,24.6,17.133333333333127,27.333333333333385,17.933333333333053,11.01866666666664,6.087666666666632,2.159685701386513,1.6329898647156806,4.516666666666669,2.942857142857143,10.733333333333206,17.733333333333235,12658,15475,0,44,349,360,151,1.0,1.0
stacked_high,0.0,selected_checked,120224,31.333333333333336,26.60000000000005,38.800000000000054,36.33333333333331,15.315666666666646,12.220666666666645,2.5745872543328443,2.4873034134971688,5.655555555555558,5.541666666666663,16.599999999999852,18.599999999999852,11502,12886,0,28,307,318,151,1.0,1.0
stacked_high,0.0,selected_checked,120225,16.73333333333335,15.466666666666676,25.13333333333334,24.266666666666723,8.679666666666634,7.16866666666663,1.8292245760540984,1.6869927670375828,3.560000000000001,3.085714285714289,8.666666666666487,3.8666666666664753,12186,13044,0,28,325,313,151,1.0,1.0
stacked_high,0.0,selected_checked,120226,30.3333333333334,13.133333333333347,41.46666666666664,15.933333333333373,11.951666666666638,5.542666666666629,2.1828148012888398,1.5833356407360641,4.149999999999998,2.7333333333333343,14.533333333333132,10.933333333333053,12566,14366,0,40,327,306,151,1.0,1.0
stacked_high,0.0,selected_checked,120227,26.40000000000005,17.800000000000033,36.26666666666671,20.599999999999994,12.752666666666634,7.043666666666627,2.278230684465312,1.6815358013080033,5.24166666666667,3.0583333333333353,13.86666666666639,5.06666666666635,12248,13245,0,24,347,341,151,1.0,1.0
stacked_high,0.0,selected_checked,120228,26.733333333333356,14.866666666666667,50.66666666666671,20.60000000000003,10.979666666666633,6.345666666666627,2.0749941220342,1.6119809333653206,3.921739130434784,2.7666666666666706,9.266666666666367,8.266666666666367,12038,15107,0,44,369,332,151,1.0,1.0
stacked_high,0.0,selected_checked,120229,21.066666666666677,14.86666666666666,32.86666666666667,18.866666666666696,11.061666666666632,6.313666666666628,2.2014785292353745,1.7155697232768463,4.973333333333334,2.999999999999999,12.33333333333303,10.733333333332922,12645,15698,0,48,330,331,151,1.0,1.0
stacked_high,0.0,selected_unchecked,120200,32.600000000000044,16.46666666666669,40.0666666666667,24.0666666666667,13.142666666666637,7.229666666666629,2.357204048401346,1.718533440876463,5.266666666666669,3.085714285714295,10.133333333333184,7.9333333333330245,11812,15513,0,52,310,346,151,1.0,1.0
stacked_high,0.0,selected_unchecked,120201,20.6,19.13333333333336,25.13333333333334,31.33333333333337,10.111666666666633,8.630666666666633,2.0104660734024176,1.8836980624989308,3.8,3.6944444444444424,10.599999999999739,7.199999999999704,12190,13686,0,52,308,346,151,1.0,1.0
stacked_high,0.0,selected_unchecked,120202,19.733333333333384,17.933333333333337,26.333333333333364,21.933333333333344,8.535666666666636,6.160666666666633,1.8528052051440704,1.6901854982435174,3.613333333333337,3.18888888888889,7.666666666666259,5.666666666666373,13595,15006,0,52,336,309,151,1.0,1.0
stacked_high,0.0,selected_unchecked,120203,21.800000000000033,16.266666666666225,32.4666666666667,24.866666666666696,9.675666666666631,7.317666666666631,1.8702771167562946,1.7897778882531898,3.580000000000001,3.546666666666674,11.666666666666401,13.266666666666424,13213,15217,0,52,402,351,151,1.0,1.0
stacked_high,0.0,selected_unchecked,120204,43.93333333333336,26.46666666666671,58.6666666666667,34.0666666666667,19.497666666666642,10.038666666666632,3.155361702067864,2.0472144657866096,7.555555555555556,3.866666666666667,23.666666666666544,4.666666666666515,11195,14173,0,52,345,318,151,1.0,1.0
stacked_high,0.0,selected_unchecked,120205,21.533333333333353,16.66666666666668,27.133333333333383,25.06666666666667,10.002666666666634,6.689666666666629,2.0174772837650825,1.6574339081545995,4.248484848484845,3.2250000000000005,4.333333333333144,3.333333333333144,12593,14703,0,52,340,319,151,1.0,1.0
stacked_high,0.0,selected_unchecked,120206,17.46666666666672,16.933333333333344,29.599999999999994,18.066666666666677,9.235666666666633,6.933666666666629,1.8265217875894342,1.6145469685384704,3.520000000000003,2.6533333333332734,9.466666666666384,8.866666666666418,12419,14164,0,52,325,341,151,1.0,1.0
stacked_high,0.0,selected_unchecked,120207,21.20000000000003,14.400000000000048,33.066666666666656,19.466666666666676,11.993666666666638,6.817666666666628,2.120573835362128,1.6735831026783015,4.3866666666666685,3.153846153846153,15.266666666666481,8.66666666666643,11734,14380,0,52,296,282,151,1.0,1.0
stacked_high,0.0,selected_unchecked,120208,23.666666666666657,21.3333333333334,33.266666666666666,27.19999999999999,11.878666666666634,8.23466666666663,2.1790716629354163,1.8563482566866036,4.305555555555558,3.3851851851851915,11.533333333333132,2.3333333333330586,12573,13529,0,52,333,308,151,1.0,1.0
stacked_high,0.0,selected_unchecked,120209,21.666666666666686,20.13333333333334,26.20000000000001,31.800000000000054,10.904666666666634,7.361666666666634,2.0345804068397424,1.8704532575450799,3.7500000000000053,3.650000000000004,12.733333333333007,7.933333333333081,12842,14395,0,52,306,325,151,1.0,1.0
stacked_high,0.0,selected_unchecked,120210,17.466666666666768,13.866666666666681,22.200000000000003,15.599999999999767,7.849666666666635,6.20866666666663,1.7312056357661973,1.6167332786128847,3.2666666666666684,2.990476190476191,8.866666666666447,11.066666666666407,13142,15101,0,52,323,337,151,1.0,1.0
stacked_high,0.0,selected_unchecked,120211,23.533333333333353,21.00000000000003,32.866666666666674,28.199999999999996,9.520666666666632,8.230666666666632,1.8905429534735299,1.8682715790381144,3.6166666666666663,3.600000000000004,9.533333333333019,8.33333333333303,12013,13903,0,52,326,321,151,1.0,1.0
stacked_high,0.0,selected_unchecked,120212,20.533333333333346,16.466666666666725,31.066666666666713,18.200000000000088,10.210666666666638,7.350666666666638,2.061507957618626,1.7002889957620044,3.9200000000000075,3.1212121212121207,15.266666666666396,12.466666666666356,12343,15217,0,52,294,357,151,1.0,1.0
stacked_high,0.0,selected_unchecked,120213,30.800000000000047,25.53333333333334,44.266666666666715,33.733333333333384,13.211666666666643,11.218666666666635,2.263409861716155,2.1035871745796864,4.3523809523809,4.3733333333333375,19.799999999999926,14.599999999999966,11679,13665,0,52,388,380,157,1.0,1.0
stacked_high,0.0,selected_unchecked,120214,20.000000000000057,16.666666666666515,31.266666666666673,31.53333333333338,9.189666666666636,7.423666666666634,1.8630771065357878,1.7960250197484862,3.5999999999999988,3.4166666666666714,9.133333333333269,11.333333333333258,11828,13976,0,52,300,334,151,1.0,1.0
stacked_high,0.0,selected_unchecked,120215,16.666666666666693,26.866666666666674,18.60000000000001,31.600000000000016,8.206666666666631,11.994666666666639,1.6827265907535036,2.2190982078628783,2.960000000000008,4.38333333333334,10.933333333332996,17.933333333333024,12383,13092,0,52,323,306,151,1.0,1.0
stacked_high,0.0,selected_unchecked,120216,31.26666666666651,16.266666666666396,47.93333333333332,19.60000000000005,13.11566666666664,7.4776666666666305,2.736075964592823,1.8405590998781225,6.000000000000006,3.538461538461539,13.733333333333206,4.933333333333223,11401,14042,0,52,341,311,151,1.0,1.0
stacked_high,0.0,selected_unchecked,120217,25.73333333333349,17.000000000000036,46.533333333333545,23.2666666666667,11.572666666666635,8.139666666666631,2.082128522957487,1.7146823941072065,4.1925925925926,2.933333333333334,15.866666666666362,8.266666666666339,12079,14697,0,52,355,320,151,1.0,1.0
stacked_high,0.0,selected_unchecked,120218,19.866666666666674,18.66666666666668,23.66666666666667,22.999999999999886,9.86566666666663,8.46766666666663,1.901753687959208,1.7824638889045936,3.495238095238103,3.28817204301075,11.066666666666379,8.26666666666651,12223,14374,0,52,332,363,151,1.0,1.0
stacked_high,0.0,selected_unchecked,120219,22.53333333333346,15.066666666666684,27.60000000000005,17.73333333333335,10.028666666666634,6.994666666666632,1.9124185621622496,1.6976832068386414,3.3365079365079335,3.0833333333333,8.199999999999676,5.199999999999704,12412,14601,0,52,357,304,151,1.0,1.0
stacked_high,0.0,selected_unchecked,120220,22.20000000000003,24.533333333333367,30.33333333333332,33.73333333333333,11.718666666666634,11.392666666666642,2.0383229513574164,2.187382017175498,3.916666666666665,4.008333333333337,15.26666666666651,18.466666666666526,11972,13284,0,52,319,331,151,1.0,1.0
stacked_high,0.0,selected_unchecked,120221,26.733333333333405,21.13333333333334,30.066666666666663,24.666666666666657,12.532666666666636,10.828666666666642,2.162655174120556,2.0919465451527386,4.066666666666676,3.8666666666666685,14.999999999999801,13.999999999999744,12311,13835,0,52,318,295,151,1.0,1.0
stacked_high,0.0,selected_unchecked,120222,26.4,16.466666666666676,31.533333333333324,18.666666666666714,12.032666666666636,7.255666666666632,2.159764260595518,1.7979755740891321,4.359999999999998,3.5714285714285725,13.133333333332985,9.933333333332968,12121,14400,0,52,348,334,151,1.0,1.0
stacked_high,0.0,selected_unchecked,120223,24.6,14.999999999999858,27.333333333333385,17.533333333333367,11.01866666666664,5.415666666666632,2.159685701386513,1.5912074555572426,4.516666666666669,2.755555555555489,10.733333333333206,8.133333333333184,12658,15154,0,52,349,368,151,1.0,1.0
stacked_high,0.0,selected_unchecked,120224,31.333333333333336,27.2666666666667,38.800000000000054,36.33333333333331,15.315666666666646,12.257666666666646,2.5745872543328443,2.502025660126827,5.655555555555558,5.541666666666663,16.599999999999852,17.599999999999852,11502,13404,0,52,307,333,151,1.0,1.0
stacked_high,0.0,selected_unchecked,120225,16.73333333333335,15.466666666666676,25.13333333333334,24.266666666666723,8.679666666666634,6.955666666666629,1.8292245760540984,1.7047727985576921,3.560000000000001,3.2000000000000006,8.666666666666487,0.26666666666642413,12186,13517,0,52,325,332,151,1.0,1.0
stacked_high,0.0,selected_unchecked,120226,30.3333333333334,13.666666666666707,41.46666666666664,18.73333333333329,11.951666666666638,5.325666666666626,2.1828148012888398,1.602597746618251,4.149999999999998,2.874074074074075,14.533333333333132,9.533333333333047,12566,14566,0,52,327,293,151,1.0,1.0
stacked_high,0.0,selected_unchecked,120227,26.40000000000005,17.800000000000033,36.26666666666671,20.599999999999994,12.752666666666634,6.974666666666626,2.278230684465312,1.671001784639193,5.24166666666667,3.0222222222222226,13.86666666666639,6.066666666666407,12248,13715,0,52,347,314,151,1.0,1.0
stacked_high,0.0,selected_unchecked,120228,26.733333333333356,14.800000000000011,50.66666666666671,19.400000000000006,10.979666666666633,5.960666666666628,2.0749941220342,1.5889837632273773,3.921739130434784,2.725000000000006,9.266666666666367,9.066666666666322,12038,15202,0,52,369,343,151,1.0,1.0
stacked_high,0.0,selected_unchecked,120229,21.066666666666677,14.86666666666666,32.86666666666667,18.866666666666696,11.061666666666632,6.416666666666628,2.2014785292353745,1.7131679296680853,4.973333333333334,2.999999999999999,12.33333333333303,10.333333333332916,12645,16028,0,52,330,326,151,1.0,1.0
stacked_high,0.0,original_q2_a0.8_or_unchecked,120200,32.600000000000044,27.599999999999994,40.0666666666667,44.86666666666667,13.142666666666637,12.86666666666664,2.357204048401346,2.376277320564066,5.266666666666669,5.266666666666671,10.133333333333184,15.533333333333104,11812,13798,0,52,310,336,181,1.0,1.0
stacked_high,0.0,original_q2_a0.8_or_unchecked,120201,20.6,16.80000000000002,25.13333333333334,23.33333333333335,10.111666666666633,8.287666666666631,2.0104660734024176,1.8750067300152213,3.8,3.861904761904763,10.599999999999739,8.199999999999761,12190,14048,0,52,308,328,180,1.0,1.0
stacked_high,0.0,original_q2_a0.8_or_unchecked,120202,19.733333333333384,11.400000000000027,26.333333333333364,15.666666666666693,8.535666666666636,5.338666666666631,1.8528052051440704,1.636690299221253,3.613333333333337,2.6933333333333325,7.666666666666259,9.266666666666396,13595,15197,0,52,336,310,181,1.0,1.0
stacked_high,0.0,original_q2_a0.8_or_unchecked,120203,21.800000000000033,19.400000000000027,32.4666666666667,24.4,9.675666666666631,8.248666666666631,1.8702771167562946,1.7877168215597505,3.580000000000001,3.68148148148148,11.666666666666401,12.066666666666379,13213,14942,0,52,402,340,180,1.0,1.0
stacked_high,0.0,original_q2_a0.8_or_unchecked,120204,43.93333333333336,36.866666666666696,58.6666666666667,43.53333333333334,19.497666666666642,16.310666666666645,3.155361702067864,2.7295288121007792,7.555555555555556,5.38095238095238,23.666666666666544,18.866666666666532,11195,13192,0,52,345,317,181,1.0,1.0
stacked_high,0.0,original_q2_a0.8_or_unchecked,120205,21.533333333333353,16.93333333333335,27.133333333333383,24.66666666666668,10.002666666666634,7.323666666666626,2.0174772837650825,1.7100965494407974,4.248484848484845,2.8333333333333393,4.333333333333144,4.733333333333121,12593,14943,0,52,340,346,184,1.0,1.0
stacked_high,0.0,original_q2_a0.8_or_unchecked,120206,17.46666666666672,14.73333333333337,29.599999999999994,19.60000000000005,9.235666666666633,6.8776666666666335,1.8265217875894342,1.6896533228789923,3.520000000000003,2.920000000000003,9.466666666666384,8.066666666666436,12419,13846,0,52,325,306,181,1.0,1.0
stacked_high,0.0,original_q2_a0.8_or_unchecked,120207,21.20000000000003,16.666666666666657,33.066666666666656,19.33333333333338,11.993666666666638,7.5456666666666266,2.120573835362128,1.7108314767282282,4.3866666666666685,3.1000000000000014,15.266666666666481,11.466666666666441,11734,14616,0,52,296,290,181,1.0,1.0
stacked_high,0.0,original_q2_a0.8_or_unchecked,120208,23.666666666666657,21.266666666666723,33.266666666666666,32.0666666666667,11.878666666666634,8.760666666666628,2.1790716629354163,1.9371225044613514,4.305555555555558,3.8708333333333345,11.533333333333132,10.93333333333311,12573,13612,0,52,333,311,181,1.0,1.0
stacked_high,0.0,original_q2_a0.8_or_unchecked,120209,21.666666666666686,21.13333333333334,26.20000000000001,23.20000000000001,10.904666666666634,7.675666666666628,2.0345804068397424,1.7410083500362274,3.7500000000000053,3.96666666666664,12.733333333333007,7.1333333333330415,12842,15167,0,52,306,350,181,1.0,1.0
stacked_high,0.0,original_q2_a0.8_or_unchecked,120210,17.466666666666768,17.000000000000014,22.200000000000003,20.666666666666664,7.849666666666635,8.053666666666635,1.7312056357661973,1.7843250029378372,3.2666666666666684,3.5333333333333408,8.866666666666447,9.06666666666635,13142,14128,0,52,323,326,181,1.0,1.0
stacked_high,0.0,original_q2_a0.8_or_unchecked,120211,23.533333333333353,26.33333333333337,32.866666666666674,32.0666666666667,9.520666666666632,9.817666666666634,1.8905429534735299,2.0916011674213584,3.6166666666666663,4.325,9.533333333333019,12.133333333333127,12013,13445,0,52,326,323,181,1.0,1.0
stacked_high,0.0,original_q2_a0.8_or_unchecked,120212,20.533333333333346,13.733333333333093,31.066666666666713,14.866666666666703,10.210666666666638,6.601666666666631,2.061507957618626,1.641723072527381,3.9200000000000075,2.9333333333333416,15.266666666666396,16.466666666666384,12343,16043,0,52,294,296,181,1.0,1.0
stacked_high,0.0,original_q2_a0.8_or_unchecked,120213,30.800000000000047,14.266666666666197,44.266666666666715,16.066666666666684,13.211666666666643,6.576666666666629,2.263409861716155,1.629535161076352,4.3523809523809,2.9666666666666166,19.799999999999926,9.599999999999909,11679,14179,0,52,388,332,181,1.0,1.0
stacked_high,0.0,original_q2_a0.8_or_unchecked,120214,20.000000000000057,22.066666666666684,31.266666666666673,35.33333333333334,9.189666666666636,8.946666666666632,1.8630771065357878,1.917161239938224,3.5999999999999988,3.717948717948723,9.133333333333269,9.733333333333263,11828,13828,0,52,300,286,181,1.0,1.0
stacked_high,0.0,original_q2_a0.8_or_unchecked,120215,16.666666666666693,18.066666666666663,18.60000000000001,22.600000000000016,8.206666666666631,8.911666666666635,1.6827265907535036,1.8464440514007014,2.960000000000008,3.4083333333333403,10.933333333332996,12.133333333333042,12383,13846,0,52,323,296,180,1.0,1.0
stacked_high,0.0,original_q2_a0.8_or_unchecked,120216,31.26666666666651,18.93333333333333,47.93333333333332,20.333333333333357,13.11566666666664,7.2166666666666295,2.736075964592823,1.703345312332153,6.000000000000006,3.1083333333333343,13.733333333333206,5.533333333333189,11401,14520,0,52,341,306,181,1.0,1.0
stacked_high,0.0,original_q2_a0.8_or_unchecked,120217,25.73333333333349,15.866666666666674,46.533333333333545,21.53333333333333,11.572666666666635,7.830666666666631,2.082128522957487,1.6812736412155247,4.1925925925926,2.8476190476190544,15.866666666666362,8.266666666666396,12079,14131,0,52,355,310,181,1.0,1.0
stacked_high,0.0,original_q2_a0.8_or_unchecked,120218,19.866666666666674,23.33333333333338,23.66666666666667,39.26666666666674,9.86566666666663,9.155666666666631,1.901753687959208,1.9352512378603048,3.495238095238103,4.12000000000001,11.066666666666379,7.066666666666464,12223,13705,0,52,332,379,181,1.0,1.0
stacked_high,0.0,original_q2_a0.8_or_unchecked,120219,22.53333333333346,14.600000000000037,27.60000000000005,18.666666666666714,10.028666666666634,6.092666666666627,1.9124185621622496,1.578799091257695,3.3365079365079335,2.66666666666668,8.199999999999676,4.999999999999687,12412,14388,0,52,357,322,181,1.0,1.0
stacked_high,0.0,original_q2_a0.8_or_unchecked,120220,22.20000000000003,17.000000000000036,30.33333333333332,20.133333333333155,11.718666666666634,8.417666666666628,2.0383229513574164,1.733559298824457,3.916666666666665,3.0814814814814735,15.26666666666651,7.266666666666424,11972,14003,0,52,319,311,181,1.0,1.0
stacked_high,0.0,original_q2_a0.8_or_unchecked,120221,26.733333333333405,18.33333333333335,30.066666666666663,23.666666666666657,12.532666666666636,10.055666666666637,2.162655174120556,1.8748905055520269,4.066666666666676,3.22857142857143,14.999999999999801,12.199999999999733,12311,14471,0,52,318,308,181,1.0,1.0
stacked_high,0.0,original_q2_a0.8_or_unchecked,120222,26.4,19.800000000000082,31.533333333333324,23.93333333333335,12.032666666666636,8.550666666666636,2.159764260595518,1.9066163837550727,4.359999999999998,4.121212121212123,13.133333333332985,6.9333333333330245,12121,14249,0,52,348,362,181,1.0,1.0
stacked_high,0.0,original_q2_a0.8_or_unchecked,120223,24.6,17.933333333333373,27.333333333333385,23.800000000000033,11.01866666666664,7.529666666666635,2.159685701386513,1.7085344231279762,4.516666666666669,3.1555555555554804,10.733333333333206,8.13333333333324,12658,15659,0,52,349,369,181,1.0,1.0
stacked_high,0.0,original_q2_a0.8_or_unchecked,120224,31.333333333333336,28.60000000000005,38.800000000000054,45.13333333333335,15.315666666666646,12.99466666666665,2.5745872543328443,2.6357655268126723,5.655555555555558,6.599999999999999,16.599999999999852,15.999999999999801,11502,13186,0,52,307,361,181,1.0,1.0
stacked_high,0.0,original_q2_a0.8_or_unchecked,120225,16.73333333333335,16.200000000000003,25.13333333333334,19.866666666666717,8.679666666666634,6.758666666666629,1.8292245760540984,1.6849939908981002,3.560000000000001,3.133333333333338,8.666666666666487,4.66666666666643,12186,13557,0,52,325,340,181,1.0,1.0
stacked_high,0.0,original_q2_a0.8_or_unchecked,120226,30.3333333333334,15.733333333333341,41.46666666666664,18.866666666666667,11.951666666666638,6.244666666666631,2.1828148012888398,1.6306377156111298,4.149999999999998,3.148148148148147,14.533333333333132,11.933333333333053,12566,14988,0,52,327,322,180,1.0,1.0
stacked_high,0.0,original_q2_a0.8_or_unchecked,120227,26.40000000000005,20.133333333333347,36.26666666666671,26.200000000000024,12.752666666666634,8.52266666666663,2.278230684465312,1.8349704367433681,5.24166666666667,3.3533333333333317,13.86666666666639,9.86666666666639,12248,13750,0,52,347,317,181,1.0,1.0
stacked_high,0.0,original_q2_a0.8_or_unchecked,120228,26.733333333333356,14.066666666666684,50.66666666666671,17.93333333333335,10.979666666666633,6.14666666666663,2.0749941220342,1.6455522660400024,3.921739130434784,2.638095238095206,9.266666666666367,7.466666666666413,12038,14790,0,52,369,320,181,1.0,1.0
stacked_high,0.0,original_q2_a0.8_or_unchecked,120229,21.066666666666677,27.199999999999996,32.86666666666667,34.26666666666671,11.061666666666632,10.322666666666633,2.2014785292353745,2.1453588553383782,4.973333333333334,4.244444444444443,12.33333333333303,8.133333333333013,12645,14589,0,52,330,305,181,1.0,1.0
stacked_high,0.0,runner_up_checked,120200,32.600000000000044,16.000000000000014,40.0666666666667,24.0666666666667,13.142666666666637,6.231666666666627,2.357204048401346,1.632052311786425,5.266666666666669,3.038095238095241,10.133333333333184,4.933333333333081,11812,15143,0,44,310,363,139,1.0,1.0
stacked_high,0.0,runner_up_checked,120201,20.6,19.13333333333336,25.13333333333334,31.33333333333337,10.111666666666633,8.798666666666632,2.0104660734024176,1.9026445371739162,3.8,3.775757575757575,10.599999999999739,8.199999999999704,12190,13131,0,32,308,340,145,1.0,1.0
stacked_high,0.0,runner_up_checked,120202,19.733333333333384,17.933333333333337,26.333333333333364,21.933333333333344,8.535666666666636,6.134666666666631,1.8528052051440704,1.6997098556650487,3.613333333333337,3.18888888888889,7.666666666666259,5.266666666666339,13595,14805,0,44,336,308,147,1.0,1.0
stacked_high,0.0,runner_up_checked,120203,21.800000000000033,15.933333333333373,32.4666666666667,24.866666666666696,9.675666666666631,7.15766666666663,1.8702771167562946,1.8070582883297706,3.580000000000001,3.6355555555555568,11.666666666666401,12.266666666666396,13213,15019,0,48,402,356,142,1.0,1.0
stacked_high,0.0,runner_up_checked,120204,43.93333333333336,26.46666666666671,58.6666666666667,34.0666666666667,19.497666666666642,10.14866666666663,3.155361702067864,2.0422513284356203,7.555555555555556,3.80952380952381,23.666666666666544,9.06666666666655,11195,13878,0,40,345,315,146,1.0,1.0
stacked_high,0.0,runner_up_checked,120205,21.533333333333353,16.60000000000001,27.133333333333383,25.06666666666667,10.002666666666634,6.550666666666628,2.0174772837650825,1.658067164599184,4.248484848484845,3.2250000000000005,4.333333333333144,4.7333333333331495,12593,14720,0,40,340,333,146,1.0,1.0
stacked_high,0.0,runner_up_checked,120206,17.46666666666672,16.933333333333344,29.599999999999994,18.066666666666677,9.235666666666633,7.276666666666629,1.8265217875894342,1.6624246257633077,3.520000000000003,2.9333333333332745,9.466666666666384,10.266666666666424,12419,14534,0,44,325,360,142,1.0,1.0
stacked_high,0.0,runner_up_checked,120207,21.20000000000003,14.600000000000009,33.066666666666656,19.466666666666676,11.993666666666638,6.900666666666629,2.120573835362128,1.6623892478296753,4.3866666666666685,2.7866666666665765,15.266666666666481,11.466666666666441,11734,13942,0,28,296,287,146,1.0,1.0
stacked_high,0.0,runner_up_checked,120208,23.666666666666657,21.066666666666677,33.266666666666666,27.19999999999999,11.878666666666634,8.395666666666628,2.1790716629354163,1.8495042594119437,4.305555555555558,3.3666666666666765,11.533333333333132,9.933333333333081,12573,13453,0,36,333,287,151,1.0,1.0
stacked_high,0.0,runner_up_checked,120209,21.666666666666686,20.13333333333334,26.20000000000001,31.800000000000054,10.904666666666634,7.5686666666666325,2.0345804068397424,1.862456309401068,3.7500000000000053,3.416666666666636,12.733333333333007,8.933333333332996,12842,13984,0,36,306,304,146,1.0,1.0
stacked_high,0.0,runner_up_checked,120210,17.466666666666768,13.866666666666681,22.200000000000003,15.599999999999767,7.849666666666635,6.20866666666663,1.7312056357661973,1.6167332786128847,3.2666666666666684,2.990476190476191,8.866666666666447,11.066666666666407,13142,15101,0,52,323,337,147,1.0,1.0
stacked_high,0.0,runner_up_checked,120211,23.533333333333353,21.00000000000003,32.866666666666674,28.199999999999996,9.520666666666632,8.337666666666632,1.8905429534735299,1.863459305213133,3.6166666666666663,3.53333333333333,9.533333333333019,9.533333333333076,12013,13721,0,40,326,320,150,1.0,1.0
stacked_high,0.0,runner_up_checked,120212,20.533333333333346,16.466666666666725,31.066666666666713,18.200000000000088,10.210666666666638,7.099666666666637,2.061507957618626,1.6806734425781107,3.9200000000000075,3.1212121212121207,15.266666666666396,11.06666666666635,12343,14916,0,48,294,354,146,1.0,1.0
stacked_high,0.0,runner_up_checked,120213,30.800000000000047,27.333333333333336,44.266666666666715,38.666666666666664,13.211666666666643,11.825666666666635,2.263409861716155,2.1508242757849403,4.3523809523809,4.355555555555556,19.799999999999926,16.79999999999987,11679,13103,0,36,388,361,151,1.0,1.0
stacked_high,0.0,runner_up_checked,120214,20.000000000000057,16.600000000000023,31.266666666666673,31.53333333333338,9.189666666666636,7.530666666666636,1.8630771065357878,1.8152375976898434,3.5999999999999988,3.4166666666666714,9.133333333333269,14.93333333333328,11828,13393,0,40,300,319,143,1.0,1.0
stacked_high,0.0,runner_up_checked,120215,16.666666666666693,27.933333333333323,18.60000000000001,36.26666666666665,8.206666666666631,11.93366666666664,1.6827265907535036,2.186448729491678,2.960000000000008,4.166666666666667,10.933333333332996,17.93333333333308,12383,12598,0,32,323,305,151,1.0,1.0
stacked_high,0.0,runner_up_checked,120216,31.26666666666651,16.066666666666684,47.93333333333332,19.60000000000005,13.11566666666664,7.611666666666633,2.736075964592823,1.8220364126329704,6.000000000000006,3.360000000000008,13.733333333333206,5.333333333333201,11401,13372,0,32,341,302,151,1.0,1.0
stacked_high,0.0,runner_up_checked,120217,25.73333333333349,17.40000000000004,46.533333333333545,23.2666666666667,11.572666666666635,8.392666666666631,2.082128522957487,1.739144193712774,4.1925925925926,3.0166666666666657,15.866666666666362,8.066666666666379,12079,14322,0,40,355,323,150,1.0,1.0
stacked_high,0.0,runner_up_checked,120218,19.866666666666674,17.80000000000001,23.66666666666667,20.53333333333334,9.86566666666663,8.283666666666631,1.901753687959208,1.7662569177445246,3.495238095238103,3.28817204301075,11.066666666666379,9.266666666666424,12223,14471,0,44,332,331,148,1.0,1.0
stacked_high,0.0,runner_up_checked,120219,22.53333333333346,15.13333333333334,27.60000000000005,18.200000000000017,10.028666666666634,6.945666666666632,1.9124185621622496,1.6871191756564021,3.3365079365079335,3.099999999999966,8.199999999999676,3.3999999999996646,12412,13807,0,40,357,301,150,1.0,1.0
stacked_high,0.0,runner_up_checked,120220,22.20000000000003,23.266666666666538,30.33333333333332,33.73333333333333,11.718666666666634,11.63566666666664,2.0383229513574164,2.202903145797301,3.916666666666665,4.247619047619033,15.26666666666651,18.866666666666475,11972,13033,0,32,319,307,137,1.0,1.0
stacked_high,0.0,runner_up_checked,120221,26.733333333333405,21.066666666666684,30.066666666666663,24.666666666666657,12.532666666666636,11.21366666666664,2.162655174120556,2.1216061746408927,4.066666666666676,3.866666666666672,14.999999999999801,13.799999999999784,12311,12819,0,28,318,312,151,1.0,1.0
stacked_high,0.0,runner_up_checked,120222,26.4,16.466666666666676,31.533333333333324,18.666666666666714,12.032666666666636,7.255666666666632,2.159764260595518,1.7979755740891321,4.359999999999998,3.5714285714285725,13.133333333332985,9.933333333332968,12121,14252,0,48,348,334,142,1.0,1.0
stacked_high,0.0,runner_up_checked,120223,24.6,17.133333333333127,27.333333333333385,17.933333333333053,11.01866666666664,6.087666666666632,2.159685701386513,1.6329898647156806,4.516666666666669,2.942857142857143,10.733333333333206,17.733333333333235,12658,15475,0,44,349,360,127,1.0,1.0
stacked_high,0.0,runner_up_checked,120224,31.333333333333336,26.60000000000005,38.800000000000054,36.33333333333331,15.315666666666646,12.220666666666645,2.5745872543328443,2.4873034134971688,5.655555555555558,5.541666666666663,16.599999999999852,18.599999999999852,11502,12886,0,28,307,318,149,1.0,1.0
stacked_high,0.0,runner_up_checked,120225,16.73333333333335,15.466666666666676,25.13333333333334,24.266666666666723,8.679666666666634,7.16866666666663,1.8292245760540984,1.6869927670375828,3.560000000000001,3.085714285714289,8.666666666666487,3.8666666666664753,12186,13044,0,28,325,313,151,1.0,1.0
stacked_high,0.0,runner_up_checked,120226,30.3333333333334,13.133333333333347,41.46666666666664,15.933333333333373,11.951666666666638,5.558666666666629,2.1828148012888398,1.5796601035055928,4.149999999999998,2.7333333333333343,14.533333333333132,4.133333333333013,12566,13850,0,40,327,304,131,1.0,1.0
stacked_high,0.0,runner_up_checked,120227,26.40000000000005,17.800000000000033,36.26666666666671,20.599999999999994,12.752666666666634,7.043666666666627,2.278230684465312,1.6815358013080033,5.24166666666667,3.0583333333333353,13.86666666666639,5.06666666666635,12248,13245,0,24,347,341,148,1.0,1.0
stacked_high,0.0,runner_up_checked,120228,26.733333333333356,14.866666666666667,50.66666666666671,20.60000000000003,10.979666666666633,6.345666666666627,2.0749941220342,1.6119809333653206,3.921739130434784,2.7666666666666706,9.266666666666367,8.266666666666367,12038,15107,0,44,369,332,146,1.0,1.0
stacked_high,0.0,runner_up_checked,120229,21.066666666666677,14.86666666666666,32.86666666666667,18.866666666666696,11.061666666666632,6.313666666666628,2.2014785292353745,1.7155697232768463,4.973333333333334,2.999999999999999,12.33333333333303,10.733333333332922,12645,15698,0,48,330,331,149,1.0,1.0
stacked_high,0.5,selected_checked,120200,32.600000000000044,14.200000000000024,40.500000000000036,24.0666666666667,14.425666666666636,6.538166666666629,2.5537822948573545,1.6768603730716891,5.187500000000011,3.18666666666667,18.333333333333172,3.833333333333087,12210,15078,0,44,334,338,151,1.0,1.0
stacked_high,0.5,selected_checked,120201,24.53333333333333,24.86666666666669,31.599999999999994,26.966666666666676,10.147166666666635,10.585166666666638,2.0690008215243707,2.056433942291143,4.338888888888886,4.096666666666673,10.999999999999716,11.399999999999807,12014,13421,0,36,318,344,158,1.0,1.0
stacked_high,0.5,selected_checked,120202,18.866666666666674,12.766666666666701,23.766666666666673,18.46666666666661,8.236166666666632,6.028166666666631,1.8079390847972194,1.6976307326999365,3.662499999999998,2.8541666666666647,5.466666666666356,9.966666666666384,13216,14645,0,40,326,295,151,1.0,1.0
stacked_high,0.5,selected_checked,120203,25.066666666666684,19.5666666666667,32.13333333333337,27.93333333333336,11.647666666666638,7.618666666666634,2.0958699521827797,1.815071649521467,4.240000000000006,3.780000000000001,18.96666666666647,12.16666666666643,12828,14253,0,40,348,334,151,1.0,1.0
stacked_high,0.5,selected_checked,120204,43.5666666666667,22.33333333333338,55.96666666666671,31.866666666666667,19.817166666666648,9.603666666666632,3.1755782962924717,1.953223945386588,7.525925925925937,3.4733333333333314,24.166666666666572,3.8666666666664753,11614,12335,0,28,346,300,151,1.0,1.0
stacked_high,0.5,selected_checked,120205,21.733333333333377,14.566666666666677,25.366666666666653,18.533333333333353,10.43416666666663,6.370166666666625,2.0695272440729173,1.6252779178826595,4.116666666666678,3.0566666666666658,5.633333333333127,1.2333333333331495,12128,14510,0,40,339,320,151,1.0,1.0
stacked_high,0.5,selected_checked,120206,17.46666666666672,17.73333333333334,21.733333333333377,25.0,9.478166666666635,8.278166666666634,1.9357703257505008,1.7668856706877047,3.8666666666666756,3.4166666666666714,10.866666666666418,10.966666666666441,12224,14467,0,52,330,347,151,1.0,1.0
stacked_high,0.5,selected_checked,120207,23.299999999999784,15.966666666666725,33.066666666666656,19.40000000000004,12.783166666666638,7.83816666666663,2.1849859571189474,1.8013229733142122,4.28666666666665,3.619047619047617,17.66666666666646,10.766666666666396,11785,13385,0,28,298,291,151,1.0,1.0
stacked_high,0.5,selected_checked,120208,29.466666666666725,19.63333333333337,36.46666666666667,27.73333333333339,13.448666666666634,8.90866666666663,2.37997625215349,1.96799446342954,4.766666666666677,3.5754385964912268,12.733333333333121,10.733333333333121,12031,12906,0,32,341,284,151,1.0,1.0
stacked_high,0.5,selected_checked,120209,21.000000000000007,20.600000000000065,26.20000000000001,27.73333333333339,11.159166666666634,8.870666666666637,2.0789172184073297,1.957238860650261,4.009523809523808,3.842857142857156,11.633333333333042,11.533333333333047,12358,13806,0,32,305,291,151,1.0,1.0
stacked_high,0.5,selected_checked,120210,17.700000000000003,14.266666666666687,19.066666666666677,14.96666666666669,9.412166666666632,6.681166666666631,1.8476062664315345,1.6756702035093796,3.4761904761904794,3.1133333333333395,8.866666666666475,7.266666666666339,12675,13751,0,40,374,319,151,1.0,1.0
stacked_high,0.5,selected_checked,120211,24.60000000000001,16.03333333333339,32.833333333333314,28.699999999999996,10.436666666666634,7.6451666666666345,1.9594459664532422,1.820736101575353,3.8074074074074136,3.5583333333333322,10.033333333333047,8.53333333333299,12240,13206,0,28,337,304,151,1.0,1.0
stacked_high,0.5,selected_checked,120212,17.499999999999602,14.933333333333344,18.19999999999976,16.800000000000004,8.631666666666636,6.151166666666631,1.8128530820923152,1.641746484759799,3.699999999999997,2.9944444444444467,18.566666666666436,10.066666666666436,13758,15360,0,52,335,330,151,1.0,1.0
stacked_high,0.5,selected_checked,120213,27.733333333333384,26.800000000000054,38.266666666666715,35.333333333333336,13.388166666666642,11.729666666666635,2.2712205742601226,2.1351445026629112,4.580952380952389,4.138095238095185,19.39999999999992,19.599999999999937,12182,13354,0,36,394,348,157,1.0,1.0
stacked_high,0.5,selected_checked,120214,23.733333333333377,17.80000000000004,32.466666666666704,25.46666666666669,10.148166666666635,7.912666666666635,1.9317937561010379,1.8745076828564504,3.5999999999999996,3.3000000000000043,20.23333333333329,10.433333333333223,12864,13651,0,40,304,331,151,1.0,1.0
stacked_high,0.5,selected_checked,120215,16.80000000000001,24.866666666666674,21.566666666666677,27.53333333333338,8.361166666666632,11.771166666666641,1.7252852369401221,2.2170491868964124,3.1533333333333333,4.190909090909089,13.233333333333007,18.133333333333013,12563,12783,0,28,329,294,151,1.0,1.0
stacked_high,0.5,selected_checked,120216,26.133333333333375,17.73333333333335,34.19999999999998,25.766666666666666,12.473166666666634,8.803166666666634,2.377054757832647,1.9729093913988578,5.306666666666667,4.045833333333332,17.03333333333319,6.933333333333252,12140,13349,0,40,335,313,151,1.0,1.0
stacked_high,0.5,selected_checked,120217,22.599999999999767,21.73333333333335,30.766666666666723,23.56666666666672,10.442666666666637,9.117166666666632,1.9543209461427826,1.8749699462615623,3.6666666666666714,3.3750000000000053,14.566666666666379,10.566666666666407,11802,13768,0,32,367,316,151,1.0,1.0
stacked_high,0.5,selected_checked,120218,18.066666666666663,17.83333333333335,24.866666666666696,20.96666666666671,9.057666666666632,7.231666666666629,1.8709168937248706,1.748595261877889,3.3727272727272717,3.36190476190476,7.666666666666487,4.066666666666464,12174,13791,0,40,370,339,151,1.0,1.0
stacked_high,0.5,selected_checked,120219,25.200000000000017,15.133333333333354,31.666666666666657,17.1666666666667,10.935666666666636,7.045666666666633,1.976668797278664,1.7200038989291313,3.4037037037037012,2.9740740740740788,8.199999999999676,5.699999999999704,12402,13866,0,40,365,300,151,1.0,1.0
stacked_high,0.5,selected_checked,120220,23.60000000000005,25.933333333333337,30.33333333333332,31.533333333333324,11.790666666666636,11.63216666666664,2.0786707313598094,2.229937480378218,4.1238095238095225,4.290476190476174,18.26666666666651,18.966666666666526,12056,12449,0,32,311,307,151,1.0,1.0
stacked_high,0.5,selected_checked,120221,29.86666666666673,21.466666666666725,36.43333333333333,25.23333333333334,12.433166666666644,11.288166666666639,2.344868366072227,2.169016410976635,5.006666666666672,3.8714285714285728,15.99999999999983,15.399999999999807,11531,12584,0,28,313,287,151,1.0,1.0
stacked_high,0.5,selected_checked,120222,27.000000000000014,16.73333333333337,35.566666666666734,17.66666666666667,12.526166666666638,6.696166666666631,2.17781829458534,1.7055881177038217,4.069999999999997,3.3166666666666655,13.733333333332979,7.03333333333299,12196,13474,0,32,381,309,151,1.0,1.0
stacked_high,0.5,selected_checked,120223,25.06666666666672,13.800000000000018,30.5,21.93333333333336,10.350166666666636,5.72566666666663,2.1185910403817823,1.6694416958385596,4.8250000000000135,2.942857142857143,12.133333333333184,9.8333333333332,13209,14632,0,44,352,342,151,1.0,1.0
stacked_high,0.5,selected_checked,120224,32.76666666666671,27.36666666666666,36.19999999999999,36.33333333333331,15.717166666666646,12.519666666666646,2.5745931986059167,2.5641083502755846,5.403703703703704,5.71666666666667,19.59999999999988,16.9999999999998,11855,12440,0,28,300,319,151,1.0,1.0
stacked_high,0.5,selected_checked,120225,17.200000000000045,15.333333333333357,23.433333333333323,19.866666666666717,8.279166666666633,7.603666666666633,1.8326701843105868,1.7605606130072093,3.3944444444444173,3.255555555555558,7.8666666666664185,6.466666666666413,12435,12697,0,28,314,306,151,1.0,1.0
stacked_high,0.5,selected_checked,120226,30.533333333333324,13.466666666666676,48.66666666666668,15.933333333333373,12.464166666666637,5.620166666666629,2.271971100844594,1.6452981264825837,4.600000000000003,2.9857142857142915,13.233333333333036,8.733333333333036,12242,14306,0,48,329,317,151,1.0,1.0
stacked_high,0.5,selected_checked,120227,21.933333333333373,19.333333333333336,32.66666666666673,22.13333333333334,12.090166666666637,7.4516666666666325,2.201163028311644,1.8049032856028802,4.439999999999952,3.31111111111111,17.266666666666424,7.366666666666362,12239,12585,0,28,325,320,151,1.0,1.0
stacked_high,0.5,selected_checked,120228,28.233333333333356,15.900000000000006,45.53333333333335,18.90000000000002,13.43566666666664,6.981666666666629,2.326633633442667,1.769181112484081,4.766666666666666,3.1083333333333325,14.266666666666339,9.36666666666639,12460,14298,0,44,382,333,151,1.0,1.0
stacked_high,0.5,selected_checked,120229,21.83333333333333,14.73333333333337,34.266666666666644,18.866666666666696,10.490666666666632,6.646166666666623,2.1836698311755782,1.8073067950201327,5.283333333333335,3.5791666666666657,7.4333333333330245,8.333333333333002,12907,15680,0,44,382,309,151,1.0,1.0
stacked_high,0.5,selected_unchecked,120200,32.600000000000044,14.699999999999875,40.500000000000036,24.0666666666667,14.425666666666636,6.761666666666628,2.5537822948573545,1.704677302353272,5.187500000000011,3.2194444444444446,18.333333333333172,7.933333333333138,12210,15473,0,52,334,339,151,1.0,1.0
stacked_high,0.5,selected_unchecked,120201,24.53333333333333,24.86666666666669,31.599999999999994,26.966666666666676,10.147166666666635,10.350666666666633,2.0690008215243707,2.04659181592601,4.338888888888886,4.037500000000007,10.999999999999716,10.699999999999704,12014,13557,0,52,318,339,158,1.0,1.0
stacked_high,0.5,selected_unchecked,120202,18.866666666666674,15.06666666666667,23.766666666666673,16.16666666666667,8.236166666666632,5.57516666666663,1.8079390847972194,1.6186179070953388,3.662499999999998,2.6416666666666764,5.466666666666356,6.666666666666373,13216,14895,0,52,326,317,151,1.0,1.0
stacked_high,0.5,selected_unchecked,120203,25.066666666666684,19.5666666666667,32.13333333333337,27.93333333333336,11.647666666666638,7.654166666666632,2.0958699521827797,1.8130172217439782,4.240000000000006,3.780000000000001,18.96666666666647,12.36666666666639,12828,14650,0,52,348,357,151,1.0,1.0
stacked_high,0.5,selected_unchecked,120204,43.5666666666667,22.33333333333338,55.96666666666671,31.866666666666667,19.817166666666648,9.31366666666663,3.1755782962924717,1.9638052545519615,7.525925925925937,3.4666666666666686,24.166666666666572,6.366666666666532,11614,14121,0,52,346,305,151,1.0,1.0
stacked_high,0.5,selected_unchecked,120205,21.733333333333377,15.266666666666687,25.366666666666653,19.533333333333346,10.43416666666663,6.6046666666666285,2.0695272440729173,1.6375206766762131,4.116666666666678,3.0566666666666658,5.633333333333127,2.4333333333331666,12128,15045,0,52,339,317,151,1.0,1.0
stacked_high,0.5,selected_unchecked,120206,17.46666666666672,17.73333333333334,21.733333333333377,25.0,9.478166666666635,8.278166666666634,1.9357703257505008,1.7668856706877047,3.8666666666666756,3.4166666666666714,10.866666666666418,10.966666666666441,12224,14467,0,52,330,347,151,1.0,1.0
stacked_high,0.5,selected_unchecked,120207,23.299999999999784,15.70000000000006,33.066666666666656,19.40000000000004,12.783166666666638,7.80566666666663,2.1849859571189474,1.8042966056658856,4.28666666666665,3.6166666666666814,17.66666666666646,11.366666666666418,11785,13836,0,52,298,294,151,1.0,1.0
stacked_high,0.5,selected_unchecked,120208,29.466666666666725,20.600000000000023,36.46666666666667,27.73333333333339,13.448666666666634,8.66316666666663,2.37997625215349,1.975576558810715,4.766666666666677,3.6055555555555547,12.733333333333121,8.033333333333076,12031,13932,0,52,341,302,151,1.0,1.0
stacked_high,0.5,selected_unchecked,120209,21.000000000000007,20.600000000000065,26.20000000000001,27.73333333333339,11.159166666666634,8.402666666666637,2.0789172184073297,1.9416245614432688,4.009523809523808,3.775000000000004,11.633333333333042,9.53333333333299,12358,14225,0,52,305,302,151,1.0,1.0
stacked_high,0.5,selected_unchecked,120210,17.700000000000003,14.200000000000031,19.066666666666677,14.733333333333356,9.412166666666632,6.510666666666631,1.8476062664315345,1.652752089231269,3.4761904761904794,2.9142857142857213,8.866666666666475,6.366666666666362,12675,13983,0,52,374,323,151,1.0,1.0
stacked_high,0.5,selected_unchecked,120211,24.60000000000001,15.733333333333384,32.833333333333314,28.699999999999996,10.436666666666634,7.580166666666632,1.9594459664532422,1.8393664901506126,3.8074074074074136,3.45757575757576,10.033333333333047,9.033333333333047,12240,13831,0,52,337,312,151,1.0,1.0
stacked_high,0.5,selected_unchecked,120212,17.499999999999602,14.933333333333344,18.19999999999976,16.800000000000004,8.631666666666636,6.151166666666631,1.8128530820923152,1.641746484759799,3.699999999999997,2.9944444444444467,18.566666666666436,10.066666666666436,13758,15360,0,52,335,330,151,1.0,1.0
stacked_high,0.5,selected_unchecked,120213,27.733333333333384,26.1,38.266666666666715,35.333333333333336,13.388166666666642,11.410166666666635,2.2712205742601226,2.161427664027785,4.580952380952389,4.438095238095234,19.39999999999992,14.599999999999909,12182,13798,0,52,394,414,157,1.0,1.0
stacked_high,0.5,selected_unchecked,120214,23.733333333333377,17.80000000000004,32.466666666666704,25.46666666666669,10.148166666666635,7.409666666666634,1.9317937561010379,1.8633603515958106,3.5999999999999996,3.393333333333254,20.23333333333329,11.133333333333212,12864,14291,0,52,304,344,151,1.0,1.0
stacked_high,0.5,selected_unchecked,120215,16.80000000000001,24.83333333333333,21.566666666666677,27.53333333333338,8.361166666666632,11.23716666666664,1.7252852369401221,2.1951147294086586,3.1533333333333333,4.190909090909089,13.233333333333007,16.33333333333303,12563,12921,0,52,329,307,151,1.0,1.0
stacked_high,0.5,selected_unchecked,120216,26.133333333333375,17.73333333333335,34.19999999999998,25.766666666666666,12.473166666666634,8.916666666666634,2.377054757832647,1.996719070407648,5.306666666666667,4.045833333333332,17.03333333333319,8.433333333333138,12140,13919,0,52,335,322,151,1.0,1.0
stacked_high,0.5,selected_unchecked,120217,22.599999999999767,20.66666666666667,30.766666666666723,23.000000000000036,10.442666666666637,8.744666666666632,1.9543209461427826,1.842795454902105,3.6666666666666714,3.3750000000000053,14.566666666666379,9.766666666666367,11802,14082,0,52,367,329,151,1.0,1.0
stacked_high,0.5,selected_unchecked,120218,18.066666666666663,17.83333333333335,24.866666666666696,20.96666666666671,9.057666666666632,6.943666666666629,1.8709168937248706,1.715349061017359,3.3727272727272717,3.2666666666666666,7.666666666666487,3.5666666666664355,12174,13604,0,52,370,364,151,1.0,1.0
stacked_high,0.5,selected_unchecked,120219,25.200000000000017,15.133333333333354,31.666666666666657,17.466666666666683,10.935666666666636,7.004166666666631,1.976668797278664,1.7276834056804113,3.4037037037037012,2.9333333333333322,8.199999999999676,7.499999999999687,12402,14088,0,52,365,325,151,1.0,1.0
stacked_high,0.5,selected_unchecked,120220,23.60000000000005,25.533333333333445,30.33333333333332,31.533333333333324,11.790666666666636,11.47666666666664,2.0786707313598094,2.2572193106075944,4.1238095238095225,4.185714285714288,18.26666666666651,18.866666666666504,12056,13260,0,52,311,330,151,1.0,1.0
stacked_high,0.5,selected_unchecked,120221,29.86666666666673,21.099999999999994,36.43333333333333,23.600000000000016,12.433166666666644,11.02366666666664,2.344868366072227,2.173557603801151,5.006666666666672,3.8866666666666716,15.99999999999983,15.199999999999761,11531,13574,0,52,313,297,151,1.0,1.0
stacked_high,0.5,selected_unchecked,120222,27.000000000000014,15.299999999999926,35.566666666666734,17.60000000000001,12.526166666666638,6.44516666666663,2.17781829458534,1.716951437903208,4.069999999999997,3.371794871794872,13.733333333332979,6.53333333333299,12196,13905,0,52,381,322,151,1.0,1.0
stacked_high,0.5,selected_unchecked,120223,25.06666666666672,14.633333333333098,30.5,21.93333333333336,10.350166666666636,5.9376666666666305,2.1185910403817823,1.6799896358363202,4.8250000000000135,2.942857142857143,12.133333333333184,11.733333333333235,13209,15087,0,52,352,338,151,1.0,1.0
stacked_high,0.5,selected_unchecked,120224,32.76666666666671,26.76666666666671,36.19999999999999,36.33333333333331,15.717166666666646,12.764166666666647,2.5745931986059167,2.5877876075779263,5.403703703703704,5.71666666666667,19.59999999999988,18.199999999999847,11855,13349,0,52,300,332,151,1.0,1.0
stacked_high,0.5,selected_unchecked,120225,17.200000000000045,15.233333333333348,23.433333333333323,19.866666666666717,8.279166666666633,7.056666666666632,1.8326701843105868,1.7628771089037223,3.3944444444444173,3.1185185185185245,7.8666666666664185,10.966666666666526,12435,13447,0,52,314,319,151,1.0,1.0
stacked_high,0.5,selected_unchecked,120226,30.533333333333324,14.766666666666694,48.66666666666668,16.033333333333218,12.464166666666637,5.4481666666666255,2.271971100844594,1.6308879094242592,4.600000000000003,2.9857142857142915,13.233333333333036,9.433333333333024,12242,15061,0,52,329,310,151,1.0,1.0
stacked_high,0.5,selected_unchecked,120227,21.933333333333373,19.333333333333336,32.66666666666673,22.13333333333334,12.090166666666637,7.207166666666632,2.201163028311644,1.804842069692552,4.439999999999952,3.1866666666666665,17.266666666666424,7.966666666666384,12239,13172,0,52,325,337,151,1.0,1.0
stacked_high,0.5,selected_unchecked,120228,28.233333333333356,15.900000000000006,45.53333333333335,18.90000000000002,13.43566666666664,6.956166666666628,2.326633633442667,1.7724095003397309,4.766666666666666,3.1083333333333325,14.266666666666339,8.56666666666635,12460,14361,0,52,382,331,151,1.0,1.0
stacked_high,0.5,selected_unchecked,120229,21.83333333333333,14.73333333333337,34.266666666666644,18.866666666666696,10.490666666666632,6.5496666666666234,2.1836698311755782,1.7822502749458613,5.283333333333335,3.5791666666666657,7.4333333333330245,4.733333333333036,12907,15744,0,52,382,303,151,1.0,1.0
stacked_high,0.5,original_q2_a0.8_or_unchecked,120200,32.600000000000044,29.200000000000017,40.500000000000036,43.099999999999994,14.425666666666636,13.604166666666643,2.5537822948573545,2.550431681194251,5.187500000000011,5.344444444444416,18.333333333333172,14.73333333333315,12210,13598,0,52,334,334,181,1.0,1.0
stacked_high,0.5,original_q2_a0.8_or_unchecked,120201,24.53333333333333,19.566666666666677,31.599999999999994,21.133333333333333,10.147166666666635,8.695166666666628,2.0690008215243707,1.8362655752188788,4.338888888888886,3.2800000000000025,10.999999999999716,7.59999999999971,12014,14099,0,52,318,293,180,1.0,1.0
stacked_high,0.5,original_q2_a0.8_or_unchecked,120202,18.866666666666674,17.200000000000017,23.766666666666673,22.03333333333333,8.236166666666632,7.16716666666663,1.8079390847972194,1.7594742713038023,3.662499999999998,3.31666666666667,5.466666666666356,7.566666666666407,13216,15064,0,52,326,332,180,1.0,1.0
stacked_high,0.5,original_q2_a0.8_or_unchecked,120203,25.066666666666684,19.93333333333333,32.13333333333337,24.233333333333334,11.647666666666638,8.512166666666635,2.0958699521827797,1.8368434174066144,4.240000000000006,3.4037037037037035,18.96666666666647,10.066666666666379,12828,15184,0,52,348,333,180,1.0,1.0
stacked_high,0.5,original_q2_a0.8_or_unchecked,120204,43.5666666666667,35.26666666666674,55.96666666666671,42.066666666666656,19.817166666666648,15.968666666666644,3.1755782962924717,2.9778201667452344,7.525925925925937,6.294444444444443,24.166666666666572,20.066666666666578,11614,12999,0,52,346,312,180,1.0,1.0
stacked_high,0.5,original_q2_a0.8_or_unchecked,120205,21.733333333333377,16.666666666666544,25.366666666666653,26.066666666666684,10.43416666666663,8.054666666666627,2.0695272440729173,1.8532607543354878,4.116666666666678,3.7722222222222066,5.633333333333127,2.0333333333331325,12128,14511,0,52,339,344,181,1.0,1.0
stacked_high,0.5,original_q2_a0.8_or_unchecked,120206,17.46666666666672,16.36666666666671,21.733333333333377,24.23333333333335,9.478166666666635,7.465166666666635,1.9357703257505008,1.7344454986332198,3.8666666666666756,3.175,10.866666666666418,8.766666666666453,12224,14249,0,52,330,328,180,1.0,1.0
stacked_high,0.5,original_q2_a0.8_or_unchecked,120207,23.299999999999784,17.866666666666696,33.066666666666656,19.66666666666668,12.783166666666638,8.37066666666663,2.1849859571189474,1.7969401585183769,4.28666666666665,3.2595238095238073,17.66666666666646,15.066666666666464,11785,14535,0,52,298,298,181,1.0,1.0
stacked_high,0.5,original_q2_a0.8_or_unchecked,120208,29.466666666666725,20.5,36.46666666666667,24.60000000000003,13.448666666666634,9.168166666666629,2.37997625215349,2.002088153911285,4.766666666666677,3.896296296296293,12.733333333333121,10.533333333333104,12031,13821,0,52,341,316,181,1.0,1.0
stacked_high,0.5,original_q2_a0.8_or_unchecked,120209,21.000000000000007,20.533333333333367,26.20000000000001,23.266666666666673,11.159166666666634,8.176666666666632,2.0789172184073297,1.7436286991875127,4.009523809523808,2.897916666666666,11.633333333333042,9.533333333333019,12358,15011,0,52,305,352,181,1.0,1.0
stacked_high,0.5,original_q2_a0.8_or_unchecked,120210,17.700000000000003,16.266666666666694,19.066666666666677,19.566666666666677,9.412166666666632,7.208666666666631,1.8476062664315345,1.7094407618689889,3.4761904761904794,3.3472222222222228,8.866666666666475,8.266666666666396,12675,14677,0,52,374,350,181,1.0,1.0
stacked_high,0.5,original_q2_a0.8_or_unchecked,120211,24.60000000000001,24.533333333333346,32.833333333333314,27.900000000000006,10.436666666666634,9.739666666666634,1.9594459664532422,2.104244344965613,3.8074074074074136,4.325000000000004,10.033333333333047,12.733333333333093,12240,13628,0,52,337,306,181,1.0,1.0
stacked_high,0.5,original_q2_a0.8_or_unchecked,120212,17.499999999999602,13.333333333333371,18.19999999999976,15.600000000000037,8.631666666666636,5.902166666666633,1.8128530820923152,1.6367868731446706,3.699999999999997,3.0499999999999687,18.566666666666436,9.466666666666356,13758,15544,0,52,335,341,181,1.0,1.0
stacked_high,0.5,original_q2_a0.8_or_unchecked,120213,27.733333333333384,15.06666666666672,38.266666666666715,19.80000000000002,13.388166666666642,7.154166666666625,2.2712205742601226,1.6607597005689396,4.580952380952389,2.8933333333333366,19.39999999999992,10.39999999999992,12182,14806,0,52,394,326,181,1.0,1.0
stacked_high,0.5,original_q2_a0.8_or_unchecked,120214,23.733333333333377,22.066666666666713,32.466666666666704,33.866666666666504,10.148166666666635,9.57916666666663,1.9317937561010379,1.9834074352390305,3.5999999999999996,3.954545454545453,20.23333333333329,15.633333333333297,12864,13667,0,52,304,282,181,1.0,1.0
stacked_high,0.5,original_q2_a0.8_or_unchecked,120215,16.80000000000001,19.20000000000004,21.566666666666677,30.33333333333338,8.361166666666632,9.212666666666632,1.7252852369401221,1.9167819897042704,3.1533333333333333,3.8291666666666693,13.233333333333007,15.233333333333036,12563,13934,0,52,329,290,181,1.0,1.0
stacked_high,0.5,original_q2_a0.8_or_unchecked,120216,26.133333333333375,18.133333333333383,34.19999999999998,20.433333333333337,12.473166666666634,7.691666666666629,2.377054757832647,1.75509040496636,5.306666666666667,3.1190476190476275,17.03333333333319,4.333333333333172,12140,13949,0,52,335,305,181,1.0,1.0
stacked_high,0.5,original_q2_a0.8_or_unchecked,120217,22.599999999999767,20.466666666666725,30.766666666666723,25.633333333333383,10.442666666666637,8.493166666666633,1.9543209461427826,1.8284517031538718,3.6666666666666714,3.1230769230769244,14.566666666666379,10.966666666666356,11802,14182,0,52,367,350,181,1.0,1.0
stacked_high,0.5,original_q2_a0.8_or_unchecked,120218,18.066666666666663,21.766666666666595,24.866666666666696,32.533333333333324,9.057666666666632,9.605166666666637,1.8709168937248706,1.9871721702004903,3.3727272727272717,3.95833333333335,7.666666666666487,8.766666666666481,12174,14423,0,56,370,366,184,1.0,1.0
stacked_high,0.5,original_q2_a0.8_or_unchecked,120219,25.200000000000017,15.76666666666668,31.666666666666657,21.63333333333334,10.935666666666636,6.570166666666629,1.976668797278664,1.6220935561621215,3.4037037037037012,2.866666666666666,8.199999999999676,3.8999999999997215,12402,13911,0,52,365,311,180,1.0,1.0
stacked_high,0.5,original_q2_a0.8_or_unchecked,120220,23.60000000000005,16.10000000000001,30.33333333333332,19.333333333333336,11.790666666666636,8.39866666666663,2.0786707313598094,1.7792755999687544,4.1238095238095225,3.096296296296298,18.26666666666651,8.666666666666458,12056,14056,0,52,311,295,180,1.0,1.0
stacked_high,0.5,original_q2_a0.8_or_unchecked,120221,29.86666666666673,19.433333333333337,36.43333333333333,25.20000000000006,12.433166666666644,10.228666666666637,2.344868366072227,1.8993762474085236,5.006666666666672,3.299999999999919,15.99999999999983,15.799999999999784,11531,14609,0,52,313,301,181,1.0,1.0
stacked_high,0.5,original_q2_a0.8_or_unchecked,120222,27.000000000000014,18.333333333333364,35.566666666666734,29.533333333333367,12.526166666666638,9.046666666666635,2.17781829458534,1.9247021200298102,4.069999999999997,3.881818181818184,13.733333333332979,7.333333333332973,12196,13819,0,52,381,340,181,1.0,1.0
stacked_high,0.5,original_q2_a0.8_or_unchecked,120223,25.06666666666672,18.20000000000004,30.5,23.40000000000004,10.350166666666636,7.605666666666635,2.1185910403817823,1.76132524435141,4.8250000000000135,3.422222222222224,12.133333333333184,8.733333333333206,13209,15569,0,52,352,344,180,1.0,1.0
stacked_high,0.5,original_q2_a0.8_or_unchecked,120224,32.76666666666671,31.333333333333414,36.19999999999999,45.13333333333335,15.717166666666646,13.437666666666649,2.5745931986059167,2.7698567064834254,5.403703703703704,7.080000000000005,19.59999999999988,17.199999999999818,11855,12812,0,52,300,364,181,1.0,1.0
stacked_high,0.5,original_q2_a0.8_or_unchecked,120225,17.200000000000045,16.000000000000014,23.433333333333323,17.200000000000045,8.279166666666633,6.793166666666631,1.8326701843105868,1.7088712466380604,3.3944444444444173,3.2400000000000007,7.8666666666664185,8.466666666666441,12435,13720,0,52,314,321,181,1.0,1.0
stacked_high,0.5,original_q2_a0.8_or_unchecked,120226,30.533333333333324,15.733333333333341,48.66666666666668,20.133333333333375,12.464166666666637,6.58116666666663,2.271971100844594,1.6819133189501365,4.600000000000003,3.162222222222223,13.233333333333036,14.133333333333042,12242,14673,0,52,329,313,181,1.0,1.0
stacked_high,0.5,original_q2_a0.8_or_unchecked,120227,21.933333333333373,21.46666666666667,32.66666666666673,25.800000000000054,12.090166666666637,8.688166666666632,2.201163028311644,1.8632316817161862,4.439999999999952,3.466666666666671,17.266666666666424,9.566666666666379,12239,13014,0,52,325,312,181,1.0,1.0
stacked_high,0.5,original_q2_a0.8_or_unchecked,120228,28.233333333333356,15.000000000000036,45.53333333333335,20.266666666666687,13.43566666666664,6.333666666666627,2.326633633442667,1.7600149452332494,4.766666666666666,3.38974358974359,14.266666666666339,5.666666666666316,12460,14479,0,52,382,312,180,1.0,1.0
stacked_high,0.5,original_q2_a0.8_or_unchecked,120229,21.83333333333333,27.533333333333353,34.266666666666644,37.60000000000005,10.490666666666632,10.822166666666632,2.1836698311755782,2.210352939092868,5.283333333333335,4.386111111111108,7.4333333333330245,9.033333333333019,12907,14617,0,52,382,299,181,1.0,1.0
stacked_high,0.5,runner_up_checked,120200,32.600000000000044,14.200000000000024,40.500000000000036,24.0666666666667,14.425666666666636,6.538166666666629,2.5537822948573545,1.6768603730716891,5.187500000000011,3.18666666666667,18.333333333333172,3.833333333333087,12210,15078,0,44,334,338,145,1.0,1.0
stacked_high,0.5,runner_up_checked,120201,24.53333333333333,25.666666666666693,31.599999999999994,30.06666666666665,10.147166666666635,10.463666666666633,2.0690008215243707,2.0377941966627704,4.338888888888886,4.49166666666667,10.999999999999716,9.09999999999971,12014,12972,0,32,318,359,145,1.0,1.0
stacked_high,0.5,runner_up_checked,120202,18.866666666666674,12.766666666666701,23.766666666666673,18.46666666666661,8.236166666666632,5.930666666666628,1.8079390847972194,1.6820244458422298,3.662499999999998,2.9078431372549023,5.466666666666356,4.766666666666339,13216,14475,0,40,326,297,146,1.0,1.0
stacked_high,0.5,runner_up_checked,120203,25.066666666666684,19.5666666666667,32.13333333333337,27.93333333333336,11.647666666666638,7.618666666666634,2.0958699521827797,1.815071649521467,4.240000000000006,3.780000000000001,18.96666666666647,12.16666666666643,12828,14253,0,40,348,334,148,1.0,1.0
stacked_high,0.5,runner_up_checked,120204,43.5666666666667,22.33333333333338,55.96666666666671,31.866666666666667,19.817166666666648,9.603666666666632,3.1755782962924717,1.953223945386588,7.525925925925937,3.4733333333333314,24.166666666666572,3.8666666666664753,11614,12335,0,28,346,300,146,1.0,1.0
stacked_high,0.5,runner_up_checked,120205,21.733333333333377,14.566666666666677,25.366666666666653,18.533333333333353,10.43416666666663,6.370166666666625,2.0695272440729173,1.6252779178826595,4.116666666666678,3.0566666666666658,5.633333333333127,1.2333333333331495,12128,14510,0,40,339,320,150,1.0,1.0
stacked_high,0.5,runner_up_checked,120206,17.46666666666672,17.73333333333334,21.733333333333377,25.0,9.478166666666635,8.278166666666634,1.9357703257505008,1.7668856706877047,3.8666666666666756,3.4166666666666714,10.866666666666418,10.966666666666441,12224,14467,0,52,330,347,144,1.0,1.0
stacked_high,0.5,runner_up_checked,120207,23.299999999999784,15.966666666666725,33.066666666666656,19.40000000000004,12.783166666666638,7.83816666666663,2.1849859571189474,1.8013229733142122,4.28666666666665,3.619047619047617,17.66666666666646,10.766666666666396,11785,13385,0,28,298,291,148,1.0,1.0
stacked_high,0.5,runner_up_checked,120208,29.466666666666725,19.63333333333337,36.46666666666667,27.73333333333339,13.448666666666634,8.90866666666663,2.37997625215349,1.96799446342954,4.766666666666677,3.5754385964912268,12.733333333333121,10.733333333333121,12031,12906,0,32,341,284,151,1.0,1.0
stacked_high,0.5,runner_up_checked,120209,21.000000000000007,20.600000000000065,26.20000000000001,27.73333333333339,11.159166666666634,8.870666666666637,2.0789172184073297,1.957238860650261,4.009523809523808,3.842857142857156,11.633333333333042,11.533333333333047,12358,13806,0,32,305,291,146,1.0,1.0
stacked_high,0.5,runner_up_checked,120210,17.700000000000003,14.266666666666687,19.066666666666677,14.96666666666669,9.412166666666632,6.681166666666631,1.8476062664315345,1.6756702035093796,3.4761904761904794,3.1133333333333395,8.866666666666475,7.266666666666339,12675,13751,0,40,374,319,147,1.0,1.0
stacked_high,0.5,runner_up_checked,120211,24.60000000000001,16.03333333333339,32.833333333333314,28.699999999999996,10.436666666666634,7.6451666666666345,1.9594459664532422,1.820736101575353,3.8074074074074136,3.5583333333333322,10.033333333333047,8.53333333333299,12240,13206,0,28,337,304,150,1.0,1.0
stacked_high,0.5,runner_up_checked,120212,17.499999999999602,14.933333333333344,18.19999999999976,16.800000000000004,8.631666666666636,6.151166666666631,1.8128530820923152,1.641746484759799,3.699999999999997,2.9944444444444467,18.566666666666436,10.066666666666436,13758,15360,0,52,335,330,142,1.0,1.0
stacked_high,0.5,runner_up_checked,120213,27.733333333333384,26.666666666666664,38.266666666666715,41.33333333333332,13.388166666666642,11.690166666666636,2.2712205742601226,2.10647945402004,4.580952380952389,3.806666666666652,19.39999999999992,20.89999999999992,12182,13057,0,32,394,348,151,1.0,1.0
stacked_high,0.5,runner_up_checked,120214,23.733333333333377,17.80000000000004,32.466666666666704,25.46666666666669,10.148166666666635,7.912666666666635,1.9317937561010379,1.8745076828564504,3.5999999999999996,3.3000000000000043,20.23333333333329,10.433333333333223,12864,13651,0,40,304,331,140,1.0,1.0
stacked_high,0.5,runner_up_checked,120215,16.80000000000001,24.866666666666674,21.566666666666677,27.53333333333338,8.361166666666632,11.771166666666641,1.7252852369401221,2.2170491868964124,3.1533333333333333,4.190909090909089,13.233333333333007,18.133333333333013,12563,12783,0,28,329,294,151,1.0,1.0
stacked_high,0.5,runner_up_checked,120216,26.133333333333375,17.73333333333335,34.19999999999998,25.766666666666666,12.473166666666634,8.803166666666634,2.377054757832647,1.9729093913988578,5.306666666666667,4.045833333333332,17.03333333333319,6.933333333333252,12140,13349,0,40,335,313,147,1.0,1.0
stacked_high,0.5,runner_up_checked,120217,22.599999999999767,21.73333333333335,30.766666666666723,23.56666666666672,10.442666666666637,9.117166666666632,1.9543209461427826,1.8749699462615623,3.6666666666666714,3.3750000000000053,14.566666666666379,10.566666666666407,11802,13768,0,32,367,316,150,1.0,1.0
stacked_high,0.5,runner_up_checked,120218,18.066666666666663,17.83333333333335,24.866666666666696,20.96666666666671,9.057666666666632,7.231666666666629,1.8709168937248706,1.748595261877889,3.3727272727272717,3.36190476190476,7.666666666666487,4.066666666666464,12174,13791,0,40,370,339,145,1.0,1.0
stacked_high,0.5,runner_up_checked,120219,25.200000000000017,15.133333333333354,31.666666666666657,17.1666666666667,10.935666666666636,7.045666666666633,1.976668797278664,1.7200038989291313,3.4037037037037012,2.9740740740740788,8.199999999999676,5.699999999999704,12402,13866,0,40,365,300,150,1.0,1.0
stacked_high,0.5,runner_up_checked,120220,23.60000000000005,25.933333333333337,30.33333333333332,31.533333333333324,11.790666666666636,11.63216666666664,2.0786707313598094,2.229937480378218,4.1238095238095225,4.290476190476174,18.26666666666651,18.966666666666526,12056,12449,0,32,311,307,145,1.0,1.0
stacked_high,0.5,runner_up_checked,120221,29.86666666666673,21.466666666666725,36.43333333333333,25.23333333333334,12.433166666666644,11.288166666666639,2.344868366072227,2.169016410976635,5.006666666666672,3.8714285714285728,15.99999999999983,15.399999999999807,11531,12584,0,28,313,287,151,1.0,1.0
stacked_high,0.5,runner_up_checked,120222,27.000000000000014,16.73333333333337,35.566666666666734,17.66666666666667,12.526166666666638,6.696166666666631,2.17781829458534,1.7055881177038217,4.069999999999997,3.3166666666666655,13.733333333332979,7.03333333333299,12196,13474,0,32,381,309,140,1.0,1.0
stacked_high,0.5,runner_up_checked,120223,25.06666666666672,13.800000000000018,30.5,21.93333333333336,10.350166666666636,5.72566666666663,2.1185910403817823,1.6694416958385596,4.8250000000000135,2.942857142857143,12.133333333333184,9.8333333333332,13209,14484,0,40,352,342,142,1.0,1.0
stacked_high,0.5,runner_up_checked,120224,32.76666666666671,27.36666666666666,36.19999999999999,36.33333333333331,15.717166666666646,12.519666666666646,2.5745931986059167,2.5641083502755846,5.403703703703704,5.71666666666667,19.59999999999988,16.9999999999998,11855,12440,0,28,300,319,149,1.0,1.0
stacked_high,0.5,runner_up_checked,120225,17.200000000000045,15.333333333333357,23.433333333333323,19.866666666666717,8.279166666666633,7.603666666666633,1.8326701843105868,1.7605606130072093,3.3944444444444173,3.255555555555558,7.8666666666664185,6.466666666666413,12435,12697,0,28,314,306,150,1.0,1.0
stacked_high,0.5,runner_up_checked,120226,30.533333333333324,13.533333333333303,48.66666666666668,16.53333333333334,12.464166666666637,5.745666666666631,2.271971100844594,1.6941209757813127,4.600000000000003,3.4277777777777843,13.233333333333036,8.033333333333047,12242,14221,0,44,329,300,135,1.0,1.0
stacked_high,0.5,runner_up_checked,120227,21.933333333333373,19.333333333333336,32.66666666666673,22.13333333333334,12.090166666666637,7.4516666666666325,2.201163028311644,1.8049032856028802,4.439999999999952,3.31111111111111,17.266666666666424,7.366666666666362,12239,12585,0,28,325,320,148,1.0,1.0
stacked_high,0.5,runner_up_checked,120228,28.233333333333356,15.900000000000006,45.53333333333335,18.90000000000002,13.43566666666664,6.981666666666629,2.326633633442667,1.769181112484081,4.766666666666666,3.1083333333333325,14.266666666666339,9.36666666666639,12460,14298,0,44,382,333,140,1.0,1.0
stacked_high,0.5,runner_up_checked,120229,21.83333333333333,14.73333333333337,34.266666666666644,18.866666666666696,10.490666666666632,6.646166666666623,2.1836698311755782,1.8073067950201327,5.283333333333335,3.5791666666666657,7.4333333333330245,8.333333333333002,12907,15680,0,44,382,309,151,1.0,1.0
stacked_high,2.0,selected_checked,120200,33.600000000000094,17.60000000000003,43.40000000000003,20.533333333333367,15.20566666666664,7.880666666666631,2.7843429164537197,1.8416799621687698,6.633333333333341,3.7750000000000004,20.933333333333195,4.533333333333104,12006,13756,0,36,319,312,151,1.0,1.0
stacked_high,2.0,selected_checked,120201,25.39999999999999,20.600000000000023,31.60000000000001,28.466666666666704,11.81766666666664,9.96166666666663,2.3736551351501785,2.074614786711051,4.920000000000002,4.041269841269839,15.599999999999767,12.199999999999761,11619,12537,0,28,308,275,151,1.0,1.0
stacked_high,2.0,selected_checked,120202,21.266666666666687,14.46666666666669,24.000000000000057,18.666666666666714,9.301666666666636,6.8056666666666334,1.9644406198128925,1.9222422668958756,3.733333333333333,3.4857142857142924,6.6666666666663446,5.6666666666663446,12624,13945,0,28,330,312,151,1.0,1.0
stacked_high,2.0,selected_checked,120203,22.93333333333336,21.533333333333367,39.53333333333333,27.93333333333336,11.57166666666664,9.479666666666631,2.2531750505034096,2.0597820747667592,4.559999999999962,3.9466666666666725,20.066666666666436,11.466666666666384,12949,13867,0,36,347,338,151,1.0,1.0
stacked_high,2.0,selected_checked,120204,44.80000000000005,25.66666666666668,73.86666666666673,28.266666666666673,21.051666666666648,10.878666666666632,3.570107434080158,2.096365524907498,9.34814814814816,3.6999999999999984,29.066666666666606,5.666666666666487,11053,11928,0,24,352,303,151,1.0,1.0
stacked_high,2.0,selected_checked,120205,27.60000000000008,15.333333333333343,38.266666666666644,19.53333333333338,11.505666666666638,7.407666666666627,2.3248490927939973,1.8232072483610073,4.674074074074076,3.5250000000000012,10.733333333333206,2.3333333333331723,11172,13303,0,32,373,301,151,1.0,1.0
stacked_high,2.0,selected_checked,120206,25.26666666666675,20.333333333333364,36.3333333333334,30.533333333333346,12.00866666666664,9.752666666666636,2.380589329249743,2.0147617214145,5.333333333333338,3.822222222222225,22.066666666666464,19.666666666666487,11323,13907,0,48,331,366,151,1.0,1.0
stacked_high,2.0,selected_checked,120207,27.733333333333363,16.53333333333334,34.666666666666714,18.86666666666668,14.197666666666642,8.49066666666663,2.4304703531422813,1.8512873191959123,5.311111111111093,3.7066666666665866,25.86666666666656,12.666666666666487,11229,12256,0,20,307,276,151,1.0,1.0
stacked_high,2.0,selected_checked,120208,35.13333333333341,22.80000000000001,47.333333333333314,28.000000000000043,16.146666666666643,9.858666666666629,2.958419906571344,2.1313852673816034,7.000000000000021,4.248484848484863,25.333333333333115,12.333333333333059,12337,13049,0,40,340,298,151,1.0,1.0
stacked_high,2.0,selected_checked,120209,24.066666666666684,19.533333333333402,26.200000000000017,27.93333333333336,12.242666666666636,9.00366666666664,2.2959465472848075,2.1517059393345304,4.299999999999969,4.777777777777782,19.533333333333076,11.933333333332996,12177,13044,0,28,306,300,151,1.0,1.0
stacked_high,2.0,selected_checked,120210,21.13333333333334,15.333333333333357,24.066666666666706,17.933333333333422,10.572666666666633,7.740666666666634,2.022843406412396,1.861038460697281,3.9238095238094997,3.8611111111111094,13.266666666666367,10.666666666666401,12424,13525,0,40,328,314,151,1.0,1.0
stacked_high,2.0,selected_checked,120211,26.933333333333323,19.33333333333338,33.26666666666674,34.60000000000003,11.897666666666638,9.295666666666634,2.164765982648335,2.078124587394043,4.255555555555554,4.513333333333332,15.733333333333064,12.533333333333047,11494,12832,0,32,353,314,151,1.0,1.0
stacked_high,2.0,selected_checked,120212,15.733333333333341,15.266666666666694,17.66666666666668,17.13333333333334,7.785666666666633,6.213666666666629,1.7807197944293935,1.6726294342250139,3.2583333333333337,2.9888888888888907,11.266666666666396,11.866666666666362,13043,14263,0,36,327,283,151,1.0,1.0
stacked_high,2.0,selected_checked,120213,35.86666666666671,21.40000000000004,43.53333333333338,27.46666666666666,14.757666666666646,10.900666666666636,2.3879508019507316,2.1383243116413997,4.622222222222236,3.933333333333335,24.400000000000006,21.799999999999926,11711,12819,0,28,374,330,157,1.0,1.0
stacked_high,2.0,selected_checked,120214,22.866666666666696,18.600000000000044,30.33333333333332,25.0666666666667,11.187666666666638,8.516666666666634,2.1774686308775206,1.955622486318723,4.206666666666666,3.5047619047619096,18.933333333333252,16.333333333333258,11301,12921,0,36,290,314,151,1.0,1.0
stacked_high,2.0,selected_checked,120215,18.866666666666674,27.466666666666725,27.866666666666674,30.600000000000044,8.910666666666634,13.443666666666642,1.8199518254539242,2.4471432415964585,3.196491228070179,5.040000000000001,12.333333333333059,23.733333333333064,12078,12424,0,28,360,298,151,1.0,1.0
stacked_high,2.0,selected_checked,120216,30.000000000000057,18.53333333333334,33.06666666666649,22.999999999999773,12.91666666666664,9.701666666666632,2.5296293953181497,2.1097445194147606,5.8000000000000025,4.200000000000012,15.933333333333252,9.133333333333155,10980,12990,0,32,304,306,151,1.0,1.0
stacked_high,2.0,selected_checked,120217,31.666666666666487,21.13333333333334,39.9333333333333,28.333333333333364,13.75066666666664,9.874666666666634,2.523768624573341,2.059785433722073,5.716666666666672,4.340000000000003,21.26666666666651,15.466666666666413,11309,13174,0,28,352,325,151,1.0,1.0
stacked_high,2.0,selected_checked,120218,22.26666666666648,20.066666666666663,26.066666666666684,28.60000000000003,11.088666666666633,9.571666666666635,2.189971895315476,1.9658081964575316,4.344444444444373,3.6619047619047604,21.06666666666652,11.26666666666651,12485,13565,0,40,338,335,154,1.0,1.0
stacked_high,2.0,selected_checked,120219,29.533333333333324,15.06666666666667,37.199999999999996,16.666666666666686,11.448666666666638,7.413666666666628,2.1503754057766606,1.7302998366262663,3.900000000000016,2.9333333333333322,10.599999999999795,9.799999999999727,12104,13119,0,24,362,276,151,1.0,1.0
stacked_high,2.0,selected_checked,120220,39.26666666666662,29.79999999999987,45.600000000000165,32.39999999999978,15.854666666666649,12.675666666666643,2.8109836041970113,2.477977176148433,5.594444444444465,4.744444444444461,35.86666666666659,18.66666666666646,11208,12208,0,28,322,323,151,1.0,1.0
stacked_high,2.0,selected_checked,120221,35.799999999999955,26.933333333333323,55.86666666666673,29.80000000000002,14.64366666666664,12.712666666666639,2.6640594172695855,2.416967248117706,5.726666666666671,4.441666666666668,22.19999999999976,20.599999999999824,11774,12589,0,28,363,291,151,1.0,1.0
stacked_high,2.0,selected_checked,120222,39.26666666666672,15.400000000000041,44.800000000000125,19.66666666666667,15.482666666666649,7.558666666666633,2.715404551586444,1.8696639670365132,6.533333333333335,3.5714285714285725,26.733333333333093,10.133333333333013,12500,12930,0,24,408,297,151,1.0,1.0
stacked_high,2.0,selected_checked,120223,22.066666666666663,15.800000000000033,29.4,23.066666666666663,11.216666666666633,6.6876666666666305,2.267048468031581,1.811784844968705,5.050000000000004,3.5238095238095144,11.533333333333246,8.933333333333167,12515,13792,0,40,346,359,151,1.0,1.0
stacked_high,2.0,selected_checked,120224,34.2,28.199999999999996,43.60000000000005,37.933333333333344,16.981666666666648,14.013666666666651,2.8397663445892105,2.948336335422296,6.5166666666666515,7.083333333333336,27.999999999999886,18.399999999999807,11610,12134,0,28,313,313,151,1.0,1.0
stacked_high,2.0,selected_checked,120225,18.06666666666669,15.933333333333344,24.80000000000004,27.06666666666672,8.832666666666633,7.46366666666663,2.0000250955999057,1.7997338423897034,4.320000000000002,3.7142857142857224,9.866666666666504,7.466666666666413,11947,12481,0,28,312,310,151,1.0,1.0
stacked_high,2.0,selected_checked,120226,30.86666666666673,13.466666666666676,45.666666666666664,15.933333333333373,13.44266666666664,5.833666666666626,2.4697343701373073,1.726700431351292,4.914285714285691,3.2222222222222245,13.33333333333303,12.733333333333064,12000,13916,0,36,347,297,151,1.0,1.0
stacked_high,2.0,selected_checked,120227,23.466666666666384,21.333333333333343,33.20000000000006,24.86666666666668,12.725666666666639,9.23266666666663,2.327263721306665,2.0159785253903717,4.883333333333336,4.009523809523815,15.266666666666424,12.86666666666639,11304,12477,0,28,312,312,151,1.0,1.0
stacked_high,2.0,selected_checked,120228,32.200000000000074,14.26666666666668,54.26666666666675,24.60000000000003,14.695666666666641,7.17066666666663,2.6126676249125076,1.8238624323313213,5.633333333333331,3.5833333333333317,22.066666666666436,10.86666666666639,11879,13316,0,32,389,306,151,1.0,1.0
stacked_high,2.0,selected_checked,120229,25.000000000000085,15.000000000000021,36.86666666666665,17.733333333333356,11.732666666666635,7.357666666666628,2.4511280006243354,1.9152158352025188,5.757575757575761,3.7822222222222197,13.33333333333303,11.133333333332956,11806,14876,0,40,351,295,151,1.0,1.0
stacked_high,2.0,selected_unchecked,120200,33.600000000000094,17.53333333333334,43.40000000000003,20.533333333333367,15.20566666666664,7.619666666666628,2.7843429164537197,1.870026141915547,6.633333333333341,4.166666666666668,20.933333333333195,9.333333333333144,12006,14141,0,52,319,328,151,1.0,1.0
stacked_high,2.0,selected_unchecked,120201,25.39999999999999,19.80000000000001,31.60000000000001,28.466666666666704,11.81766666666664,9.74966666666663,2.3736551351501785,2.0524338362776473,4.920000000000002,3.813333333333334,15.599999999999767,12.399999999999693,11619,13317,0,52,308,277,151,1.0,1.0
stacked_high,2.0,selected_unchecked,120202,21.266666666666687,14.466666666666683,24.000000000000057,18.666666666666714,9.301666666666636,6.579666666666634,1.9644406198128925,1.9255040974292958,3.733333333333333,3.646666666666667,6.6666666666663446,6.06666666666635,12624,14259,0,52,330,320,151,1.0,1.0
stacked_high,2.0,selected_unchecked,120203,22.93333333333336,20.266666666666673,39.53333333333333,27.93333333333336,11.57166666666664,9.104666666666631,2.2531750505034096,2.0484683244581223,4.559999999999962,3.9466666666666725,20.066666666666436,11.266666666666396,12949,14168,0,52,347,342,151,1.0,1.0
stacked_high,2.0,selected_unchecked,120204,44.80000000000005,25.66666666666668,73.86666666666673,28.266666666666673,21.051666666666648,10.583666666666632,3.570107434080158,2.107825969358666,9.34814814814816,3.846666666666664,29.066666666666606,12.666666666666515,11053,13476,0,52,352,308,151,1.0,1.0
stacked_high,2.0,selected_unchecked,120205,27.60000000000008,15.733333333333348,38.266666666666644,19.53333333333338,11.505666666666638,7.442666666666627,2.3248490927939973,1.831119419132046,4.674074074074076,3.626666666666666,10.733333333333206,2.1333333333331552,11172,13912,0,52,373,309,151,1.0,1.0
stacked_high,2.0,selected_unchecked,120206,25.26666666666675,20.333333333333364,36.3333333333334,30.533333333333346,12.00866666666664,9.752666666666636,2.380589329249743,2.0147617214145,5.333333333333338,3.822222222222225,22.066666666666464,19.666666666666487,11323,14055,0,52,331,366,151,1.0,1.0
stacked_high,2.0,selected_unchecked,120207,27.733333333333363,17.26666666666671,34.666666666666714,18.86666666666668,14.197666666666642,8.597666666666633,2.4304703531422813,1.8831861419507152,5.311111111111093,3.906666666666587,25.86666666666656,17.46666666666647,11229,13605,0,52,307,278,151,1.0,1.0
stacked_high,2.0,selected_unchecked,120208,35.13333333333341,21.266666666666694,47.333333333333314,24.466666666666683,16.146666666666643,9.161666666666626,2.958419906571344,2.0928913420454656,7.000000000000021,4.133333333333332,25.333333333333115,11.333333333333087,12337,13678,0,52,340,290,151,1.0,1.0
stacked_high,2.0,selected_unchecked,120209,24.066666666666684,19.533333333333402,26.200000000000017,27.93333333333336,12.242666666666636,8.63966666666664,2.2959465472848075,2.220817436894938,4.299999999999969,4.850000000000012,19.533333333333076,12.733333333333007,12177,13624,0,52,306,313,151,1.0,1.0
stacked_high,2.0,selected_unchecked,120210,21.13333333333334,14.800000000000054,24.066666666666706,17.933333333333422,10.572666666666633,7.575666666666634,2.022843406412396,1.8465686913289505,3.9238095238094997,3.8611111111111094,13.266666666666367,9.066666666666379,12424,13632,0,52,328,317,151,1.0,1.0
stacked_high,2.0,selected_unchecked,120211,26.933333333333323,19.33333333333338,33.26666666666674,34.60000000000003,11.897666666666638,9.238666666666635,2.164765982648335,2.0901574379878998,4.255555555555554,4.483333333333335,15.733333333333064,14.333333333333059,11494,13099,0,52,353,317,151,1.0,1.0
stacked_high,2.0,selected_unchecked,120212,15.733333333333341,15.733333333333093,17.66666666666668,17.13333333333334,7.785666666666633,6.428666666666632,1.7807197944293935,1.7093320703846182,3.2583333333333337,3.0166666666666684,11.266666666666396,9.86666666666639,13043,14535,0,52,327,291,151,1.0,1.0
stacked_high,2.0,selected_unchecked,120213,35.86666666666671,21.40000000000004,43.53333333333338,26.133333333333375,14.757666666666646,10.410666666666636,2.3879508019507316,2.135101392049461,4.622222222222236,4.11111111111111,24.400000000000006,19.39999999999992,11711,13082,0,52,374,347,157,1.0,1.0
stacked_high,2.0,selected_unchecked,120214,22.866666666666696,19.20000000000003,30.33333333333332,25.0666666666667,11.187666666666638,8.594666666666635,2.1774686308775206,1.9795028702813742,4.206666666666666,3.813333333333264,18.933333333333252,17.733333333333263,11301,13083,0,52,290,326,151,1.0,1.0
stacked_high,2.0,selected_unchecked,120215,18.866666666666674,27.39999999999999,27.866666666666674,34.26666666666678,8.910666666666634,13.335666666666643,1.8199518254539242,2.4873008778329675,3.196491228070179,4.906666666666666,12.333333333333059,23.13333333333307,12078,12737,0,52,360,319,151,1.0,1.0
stacked_high,2.0,selected_unchecked,120216,30.000000000000057,18.33333333333335,33.06666666666649,20.466666666666704,12.91666666666664,9.40366666666663,2.5296293953181497,2.1373275863300107,5.8000000000000025,4.3703703703703685,15.933333333333252,8.333333333333172,10980,13369,0,52,304,319,151,1.0,1.0
stacked_high,2.0,selected_unchecked,120217,31.666666666666487,20.066666666666677,39.9333333333333,30.06666666666672,13.75066666666664,9.768666666666634,2.523768624573341,2.05639524547002,5.716666666666672,4.414814814814812,21.26666666666651,13.466666666666441,11309,13713,0,52,352,331,151,1.0,1.0
stacked_high,2.0,selected_unchecked,120218,22.26666666666648,20.066666666666464,26.066666666666684,28.60000000000003,11.088666666666633,9.457666666666633,2.189971895315476,1.9824269518407294,4.344444444444373,4.238095238095208,21.06666666666652,10.066666666666379,12485,13875,0,52,338,345,154,1.0,1.0
stacked_high,2.0,selected_unchecked,120219,29.533333333333324,15.066666666666684,37.199999999999996,16.799999999999997,11.448666666666638,7.252666666666629,2.1503754057766606,1.7354010894174456,3.900000000000016,2.8888888888888866,10.599999999999795,2.7999999999996987,12104,14314,0,52,362,297,151,1.0,1.0
stacked_high,2.0,selected_unchecked,120220,39.26666666666662,30.13333333333332,45.600000000000165,32.533333333333445,15.854666666666649,12.892666666666644,2.8109836041970113,2.502437952960068,5.594444444444465,5.161904761904749,35.86666666666659,28.866666666666504,11208,13328,0,52,322,347,151,1.0,1.0
stacked_high,2.0,selected_unchecked,120221,35.799999999999955,27.20000000000001,55.86666666666673,29.80000000000002,14.64366666666664,12.836666666666643,2.6640594172695855,2.476887002835474,5.726666666666671,5.14999999999992,22.19999999999976,21.999999999999773,11774,13561,0,52,363,304,151,1.0,1.0
stacked_high,2.0,selected_unchecked,120222,39.26666666666672,15.400000000000041,44.800000000000125,18.000000000000007,15.482666666666649,7.158666666666631,2.715404551586444,1.8621371298407805,6.533333333333335,3.5714285714285725,26.733333333333093,9.733333333333007,12500,13918,0,52,408,308,151,1.0,1.0
stacked_high,2.0,selected_unchecked,120223,22.066666666666663,15.466666666666441,29.4,23.066666666666663,11.216666666666633,7.385666666666634,2.267048468031581,1.8776290120194767,5.050000000000004,3.5000000000000093,11.533333333333246,14.733333333333206,12515,14658,0,52,346,333,151,1.0,1.0
stacked_high,2.0,selected_unchecked,120224,34.2,29.600000000000065,43.60000000000005,44.33333333333332,16.981666666666648,13.851666666666652,2.8397663445892105,2.964071753177015,6.5166666666666515,6.388888888888896,27.999999999999886,28.799999999999898,11610,12944,0,52,313,343,151,1.0,1.0
stacked_high,2.0,selected_unchecked,120225,18.06666666666669,15.933333333333344,24.80000000000004,27.06666666666672,8.832666666666633,7.101666666666631,2.0000250955999057,1.8174072428369943,4.320000000000002,3.66666666666667,9.866666666666504,5.46666666666647,11947,12882,0,52,312,322,151,1.0,1.0
stacked_high,2.0,selected_unchecked,120226,30.86666666666673,15.20000000000001,45.666666666666664,17.66666666666626,13.44266666666664,6.31166666666663,2.4697343701373073,1.808846189738639,4.914285714285691,3.2476190476190476,13.33333333333303,15.733333333333064,12000,14224,0,52,347,298,151,1.0,1.0
stacked_high,2.0,selected_unchecked,120227,23.466666666666384,20.40000000000004,33.20000000000006,24.666666666666686,12.725666666666639,9.232666666666633,2.327263721306665,2.065401411873822,4.883333333333336,4.142857142857147,15.266666666666424,13.066666666666464,11304,12780,0,52,312,325,151,1.0,1.0
stacked_high,2.0,selected_unchecked,120228,32.200000000000074,14.533333333333346,54.26666666666675,24.60000000000003,14.695666666666641,7.017666666666629,2.6126676249125076,1.84468490510304,5.633333333333331,3.5833333333333317,22.066666666666436,10.066666666666379,11879,13974,0,52,389,317,151,1.0,1.0
stacked_high,2.0,selected_unchecked,120229,25.000000000000085,15.06666666666667,36.86666666666665,17.733333333333356,11.732666666666635,7.555666666666628,2.4511280006243354,1.9377895587151166,5.757575757575761,3.7200000000000015,13.33333333333303,7.133333333332985,11806,14639,0,52,351,302,151,1.0,1.0
stacked_high,2.0,original_q2_a0.8_or_unchecked,120200,33.600000000000094,34.266666666666666,43.40000000000003,44.533333333333374,15.20566666666664,15.40566666666665,2.7843429164537197,2.944756147540381,6.633333333333341,6.980000000000001,20.933333333333195,20.933333333333167,12006,13186,0,52,319,355,181,1.0,1.0
stacked_high,2.0,original_q2_a0.8_or_unchecked,120201,25.39999999999999,20.39999999999999,31.60000000000001,22.733333333333363,11.81766666666664,9.089666666666627,2.3736551351501785,1.964719581564241,4.920000000000002,3.320000000000003,15.599999999999767,14.199999999999733,11619,13439,0,52,308,297,181,1.0,1.0
stacked_high,2.0,original_q2_a0.8_or_unchecked,120202,21.266666666666687,13.600000000000009,24.000000000000057,15.933333333333366,9.301666666666636,6.326666666666629,1.9644406198128925,1.8245999187182205,3.733333333333333,3.3733333333333406,6.6666666666663446,8.86666666666639,12624,15309,0,52,330,295,181,1.0,1.0
stacked_high,2.0,original_q2_a0.8_or_unchecked,120203,22.93333333333336,20.133333333333333,39.53333333333333,30.933333333333316,11.57166666666664,9.302666666666637,2.2531750505034096,1.9760321286100808,4.559999999999962,4.283333333333336,20.066666666666436,15.466666666666413,12949,14400,0,52,347,328,180,1.0,1.0
stacked_high,2.0,original_q2_a0.8_or_unchecked,120204,44.80000000000005,37.53333333333335,73.86666666666673,47.73333333333333,21.051666666666648,17.094666666666647,3.570107434080158,3.2832204789940045,9.34814814814816,7.738095238095241,29.066666666666606,19.266666666666538,11053,12189,0,52,352,327,181,1.0,1.0
stacked_high,2.0,original_q2_a0.8_or_unchecked,120205,27.60000000000008,20.400000000000006,38.266666666666644,25.466666666666676,11.505666666666638,9.68866666666663,2.3248490927939973,2.0470173971398076,4.674074074074076,4.124999999999997,10.733333333333206,5.333333333333201,11172,13614,0,52,373,343,181,1.0,1.0
stacked_high,2.0,original_q2_a0.8_or_unchecked,120206,25.26666666666675,19.066666666666677,36.3333333333334,25.466666666666704,12.00866666666664,9.443666666666635,2.380589329249743,2.020942272180988,5.333333333333338,3.973333333333289,22.066666666666464,16.266666666666396,11323,13512,0,52,331,328,181,1.0,1.0
stacked_high,2.0,original_q2_a0.8_or_unchecked,120207,27.733333333333363,18.93333333333333,34.666666666666714,21.33333333333335,14.197666666666642,9.478666666666632,2.4304703531422813,1.9846354176335204,5.311111111111093,3.766666666666671,25.86666666666656,16.066666666666464,11229,13835,0,52,307,285,181,1.0,1.0
stacked_high,2.0,original_q2_a0.8_or_unchecked,120208,35.13333333333341,20.600000000000065,47.333333333333314,30.13333333333336,16.146666666666643,9.975666666666635,2.958419906571344,2.1366980826215816,7.000000000000021,3.9733333333333434,25.333333333333115,7.933333333333081,12337,13128,0,52,340,309,181,1.0,1.0
stacked_high,2.0,original_q2_a0.8_or_unchecked,120209,24.066666666666684,20.866666666666696,26.200000000000017,25.400000000000027,12.242666666666636,9.013666666666634,2.2959465472848075,1.9919969376316065,4.299999999999969,4.11428571428572,19.533333333333076,10.533333333333019,12177,14087,0,52,306,325,180,1.0,1.0
stacked_high,2.0,original_q2_a0.8_or_unchecked,120210,21.13333333333334,15.733333333333348,24.066666666666706,32.60000000000003,10.572666666666633,8.218666666666632,2.022843406412396,1.8419587006484448,3.9238095238094997,3.733333333333336,13.266666666666367,8.266666666666367,12424,13566,0,52,328,353,181,1.0,1.0
stacked_high,2.0,original_q2_a0.8_or_unchecked,120211,26.933333333333323,25.800000000000082,33.26666666666674,32.40000000000006,11.897666666666638,11.691666666666636,2.164765982648335,2.377330224446764,4.255555555555554,5.353333333333353,15.733333333333064,16.333333333333115,11494,12942,0,52,353,315,181,1.0,1.0
stacked_high,2.0,original_q2_a0.8_or_unchecked,120212,15.733333333333341,17.66666666666668,17.66666666666668,20.066666666666677,7.785666666666633,8.478666666666635,1.7807197944293935,1.8969074291455619,3.2583333333333337,3.5600000000000107,11.266666666666396,14.86666666666639,13043,14928,0,52,327,348,181,1.0,1.0
stacked_high,2.0,original_q2_a0.8_or_unchecked,120213,35.86666666666671,14.533333333333346,43.53333333333338,16.000000000000007,14.757666666666646,6.780666666666628,2.3879508019507316,1.6962872128179536,4.622222222222236,2.9599999999999995,24.400000000000006,9.199999999999903,11711,13801,0,52,374,330,181,1.0,1.0
stacked_high,2.0,original_q2_a0.8_or_unchecked,120214,22.866666666666696,22.93333333333311,30.33333333333332,29.600000000000065,11.187666666666638,11.024666666666635,2.1774686308775206,2.2399947953323878,4.206666666666666,4.159999999999998,18.933333333333252,18.533333333333275,11301,13152,0,52,290,287,181,1.0,1.0
stacked_high,2.0,original_q2_a0.8_or_unchecked,120215,18.866666666666674,20.333333333333357,27.866666666666674,24.600000000000023,8.910666666666634,9.278666666666634,1.8199518254539242,2.01452266158999,3.196491228070179,4.026666666666675,12.333333333333059,15.933333333333024,12078,13370,0,52,360,318,181,1.0,1.0
stacked_high,2.0,original_q2_a0.8_or_unchecked,120216,30.000000000000057,17.800000000000004,33.06666666666649,21.066666666666677,12.91666666666664,7.751666666666629,2.5296293953181497,1.8337822439594857,5.8000000000000025,3.400000000000001,15.933333333333252,13.533333333333161,10980,14243,0,52,304,327,181,1.0,1.0
stacked_high,2.0,original_q2_a0.8_or_unchecked,120217,31.666666666666487,20.73333333333334,39.9333333333333,26.466666666666498,13.75066666666664,8.911666666666635,2.523768624573341,1.944537457203102,5.716666666666672,3.5128205128205163,21.26666666666651,12.266666666666396,11309,14244,0,52,352,324,181,1.0,1.0
stacked_high,2.0,original_q2_a0.8_or_unchecked,120218,22.26666666666648,20.53333333333338,26.066666666666684,29.533333333333367,11.088666666666633,9.365666666666634,2.189971895315476,1.9557139974507007,4.344444444444373,3.6571428571428575,21.06666666666652,13.066666666666464,12485,13433,0,52,338,345,181,1.0,1.0
stacked_high,2.0,original_q2_a0.8_or_unchecked,120219,29.533333333333324,18.600000000000023,37.199999999999996,21.466666666666676,11.448666666666638,8.54766666666663,2.1503754057766606,1.827079654317226,3.900000000000016,3.200000000000006,10.599999999999795,4.999999999999744,12104,13968,0,52,362,321,181,1.0,1.0
stacked_high,2.0,original_q2_a0.8_or_unchecked,120220,39.26666666666662,21.59999999999991,45.600000000000165,30.99999999999983,15.854666666666649,9.714666666666632,2.8109836041970113,2.035856783170284,5.594444444444465,3.8133333333333352,35.86666666666659,8.266666666666396,11208,13603,0,52,322,311,181,1.0,1.0
stacked_high,2.0,original_q2_a0.8_or_unchecked,120221,35.799999999999955,20.66666666666668,55.86666666666673,25.133333333333326,14.64366666666664,11.391666666666636,2.6640594172695855,2.059091250800194,5.726666666666671,3.952380952380954,22.19999999999976,17.599999999999795,11774,13965,0,52,363,301,181,1.0,1.0
stacked_high,2.0,original_q2_a0.8_or_unchecked,120222,39.26666666666672,18.40000000000002,44.800000000000125,26.33333333333335,15.482666666666649,9.166666666666632,2.715404551586444,2.0144665873295553,6.533333333333335,4.253333333333334,26.733333333333093,9.933333333332996,12500,13397,0,52,408,343,180,1.0,1.0
stacked_high,2.0,original_q2_a0.8_or_unchecked,120223,22.066666666666663,19.73333333333334,29.4,25.000000000000007,11.216666666666633,7.867666666666634,2.267048468031581,1.8650353156721349,5.050000000000004,3.688888888888887,11.533333333333246,11.133333333333212,12515,14493,0,52,346,348,181,1.0,1.0
stacked_high,2.0,original_q2_a0.8_or_unchecked,120224,34.2,36.000000000000114,43.60000000000005,46.533333333333296,16.981666666666648,15.558666666666655,2.8397663445892105,3.0419472238633993,6.5166666666666515,7.080000000000005,27.999999999999886,30.59999999999991,11610,13207,0,52,313,374,181,1.0,1.0
stacked_high,2.0,original_q2_a0.8_or_unchecked,120225,18.06666666666669,18.133333333333127,24.80000000000004,28.79999999999999,8.832666666666633,8.446666666666635,2.0000250955999057,1.945308169229577,4.320000000000002,4.126666666666664,9.866666666666504,9.066666666666464,11947,13445,0,52,312,337,180,1.0,1.0
stacked_high,2.0,original_q2_a0.8_or_unchecked,120226,30.86666666666673,24.06666666666667,45.666666666666664,36.06666666666665,13.44266666666664,9.721666666666632,2.4697343701373073,2.021118354769193,4.914285714285691,3.7933333333333317,13.33333333333303,11.133333333333042,12000,13503,0,52,347,305,181,1.0,1.0
stacked_high,2.0,original_q2_a0.8_or_unchecked,120227,23.466666666666384,21.53333333333338,33.20000000000006,29.00000000000002,12.725666666666639,9.79866666666663,2.327263721306665,2.0761875070113667,4.883333333333336,4.277777777777787,15.266666666666424,13.266666666666424,11304,12844,0,52,312,322,181,1.0,1.0
stacked_high,2.0,original_q2_a0.8_or_unchecked,120228,32.200000000000074,18.266666666666673,54.26666666666675,37.73333333333338,14.695666666666641,8.255666666666631,2.6126676249125076,1.9562807098354926,5.633333333333331,3.6000000000000085,22.066666666666436,9.06666666666635,11879,13541,0,52,389,330,181,1.0,1.0
stacked_high,2.0,original_q2_a0.8_or_unchecked,120229,25.000000000000085,32.13333333333338,36.86666666666665,40.40000000000005,11.732666666666635,12.461666666666634,2.4511280006243354,2.536348687517077,5.757575757575761,5.4277777777777745,13.33333333333303,12.133333333333013,11806,14270,0,52,351,318,181,1.0,1.0
stacked_high,2.0,runner_up_checked,120200,33.600000000000094,17.60000000000003,43.40000000000003,20.533333333333367,15.20566666666664,7.880666666666631,2.7843429164537197,1.8416799621687698,6.633333333333341,3.7750000000000004,20.933333333333195,4.533333333333104,12006,13756,0,36,319,312,145,1.0,1.0
stacked_high,2.0,runner_up_checked,120201,25.39999999999999,20.600000000000023,31.60000000000001,28.466666666666704,11.81766666666664,9.96166666666663,2.3736551351501785,2.074614786711051,4.920000000000002,4.041269841269839,15.599999999999767,12.199999999999761,11619,12537,0,28,308,275,147,1.0,1.0
stacked_high,2.0,runner_up_checked,120202,21.266666666666687,14.46666666666669,24.000000000000057,18.666666666666714,9.301666666666636,6.8056666666666334,1.9644406198128925,1.9222422668958756,3.733333333333333,3.4857142857142924,6.6666666666663446,5.6666666666663446,12624,13945,0,28,330,312,141,1.0,1.0
stacked_high,2.0,runner_up_checked,120203,22.93333333333336,21.533333333333367,39.53333333333333,27.93333333333336,11.57166666666664,9.479666666666631,2.2531750505034096,2.0597820747667592,4.559999999999962,3.9466666666666725,20.066666666666436,11.466666666666384,12949,13867,0,36,347,338,148,1.0,1.0
stacked_high,2.0,runner_up_checked,120204,44.80000000000005,25.66666666666668,73.86666666666673,28.266666666666673,21.051666666666648,10.878666666666632,3.570107434080158,2.096365524907498,9.34814814814816,3.6999999999999984,29.066666666666606,5.666666666666487,11053,11928,0,24,352,303,146,1.0,1.0
stacked_high,2.0,runner_up_checked,120205,27.60000000000008,15.333333333333343,38.266666666666644,19.53333333333338,11.505666666666638,7.407666666666627,2.3248490927939973,1.8232072483610073,4.674074074074076,3.5250000000000012,10.733333333333206,2.3333333333331723,11172,13303,0,32,373,301,150,1.0,1.0
stacked_high,2.0,runner_up_checked,120206,25.26666666666675,20.333333333333364,36.3333333333334,30.533333333333346,12.00866666666664,9.752666666666636,2.380589329249743,2.0147617214145,5.333333333333338,3.822222222222225,22.066666666666464,19.666666666666487,11323,13907,0,48,331,366,144,1.0,1.0
stacked_high,2.0,runner_up_checked,120207,27.733333333333363,16.53333333333334,34.666666666666714,18.86666666666668,14.197666666666642,8.49066666666663,2.4304703531422813,1.8512873191959123,5.311111111111093,3.7066666666665866,25.86666666666656,12.666666666666487,11229,12256,0,20,307,276,149,1.0,1.0
stacked_high,2.0,runner_up_checked,120208,35.13333333333341,22.80000000000001,47.333333333333314,28.000000000000043,16.146666666666643,9.858666666666629,2.958419906571344,2.1313852673816034,7.000000000000021,4.248484848484863,25.333333333333115,12.333333333333059,12337,13049,0,40,340,298,149,1.0,1.0
stacked_high,2.0,runner_up_checked,120209,24.066666666666684,19.533333333333402,26.200000000000017,27.93333333333336,12.242666666666636,9.00366666666664,2.2959465472848075,2.1517059393345304,4.299999999999969,4.777777777777782,19.533333333333076,11.933333333332996,12177,13044,0,28,306,300,146,1.0,1.0
stacked_high,2.0,runner_up_checked,120210,21.13333333333334,15.333333333333357,24.066666666666706,17.933333333333422,10.572666666666633,7.740666666666634,2.022843406412396,1.861038460697281,3.9238095238094997,3.8611111111111094,13.266666666666367,10.666666666666401,12424,13525,0,40,328,314,147,1.0,1.0
stacked_high,2.0,runner_up_checked,120211,26.933333333333323,19.33333333333338,33.26666666666674,34.60000000000003,11.897666666666638,9.295666666666634,2.164765982648335,2.078124587394043,4.255555555555554,4.513333333333332,15.733333333333064,12.533333333333047,11494,12832,0,32,353,314,150,1.0,1.0
stacked_high,2.0,runner_up_checked,120212,15.733333333333341,15.266666666666694,17.66666666666668,17.13333333333334,7.785666666666633,6.213666666666629,1.7807197944293935,1.6726294342250139,3.2583333333333337,2.9888888888888907,11.266666666666396,11.866666666666362,13043,14263,0,36,327,283,149,1.0,1.0
stacked_high,2.0,runner_up_checked,120213,35.86666666666671,22.000000000000007,43.53333333333338,35.93333333333336,14.757666666666646,11.382666666666637,2.3879508019507316,2.164978162427868,4.622222222222236,3.991666666666676,24.400000000000006,20.0,11711,12939,0,32,374,315,151,1.0,1.0
stacked_high,2.0,runner_up_checked,120214,22.866666666666696,18.600000000000044,30.33333333333332,25.0666666666667,11.187666666666638,8.516666666666634,2.1774686308775206,1.955622486318723,4.206666666666666,3.5047619047619096,18.933333333333252,16.333333333333258,11301,12921,0,36,290,314,147,1.0,1.0
stacked_high,2.0,runner_up_checked,120215,18.866666666666674,27.466666666666725,27.866666666666674,30.600000000000044,8.910666666666634,13.443666666666642,1.8199518254539242,2.4471432415964585,3.196491228070179,5.040000000000001,12.333333333333059,23.733333333333064,12078,12424,0,28,360,298,151,1.0,1.0
stacked_high,2.0,runner_up_checked,120216,30.000000000000057,18.53333333333334,33.06666666666649,22.999999999999773,12.91666666666664,9.701666666666632,2.5296293953181497,2.1097445194147606,5.8000000000000025,4.200000000000012,15.933333333333252,9.133333333333155,10980,12990,0,32,304,306,151,1.0,1.0
stacked_high,2.0,runner_up_checked,120217,31.666666666666487,21.13333333333334,39.9333333333333,28.333333333333364,13.75066666666664,9.874666666666634,2.523768624573341,2.059785433722073,5.716666666666672,4.340000000000003,21.26666666666651,15.466666666666413,11309,13174,0,28,352,325,150,1.0,1.0
stacked_high,2.0,runner_up_checked,120218,22.26666666666648,21.533333333333367,26.066666666666684,30.666666666666657,11.088666666666633,9.437666666666633,2.189971895315476,1.9617322980549599,4.344444444444373,4.050000000000004,21.06666666666652,13.266666666666453,12485,13361,0,40,338,347,149,1.0,1.0
stacked_high,2.0,runner_up_checked,120219,29.533333333333324,15.06666666666667,37.199999999999996,16.666666666666686,11.448666666666638,7.413666666666628,2.1503754057766606,1.7302998366262663,3.900000000000016,2.9333333333333322,10.599999999999795,9.799999999999727,12104,13119,0,24,362,276,147,1.0,1.0
stacked_high,2.0,runner_up_checked,120220,39.26666666666662,29.79999999999987,45.600000000000165,32.39999999999978,15.854666666666649,12.675666666666643,2.8109836041970113,2.477977176148433,5.594444444444465,4.744444444444461,35.86666666666659,18.66666666666646,11208,12208,0,28,322,323,145,1.0,1.0
stacked_high,2.0,runner_up_checked,120221,35.799999999999955,26.933333333333323,55.86666666666673,29.80000000000002,14.64366666666664,12.712666666666639,2.6640594172695855,2.416967248117706,5.726666666666671,4.441666666666668,22.19999999999976,20.599999999999824,11774,12589,0,28,363,291,151,1.0,1.0
stacked_high,2.0,runner_up_checked,120222,39.26666666666672,15.400000000000041,44.800000000000125,19.66666666666667,15.482666666666649,7.558666666666633,2.715404551586444,1.8696639670365132,6.533333333333335,3.5714285714285725,26.733333333333093,10.133333333333013,12500,12930,0,24,408,297,148,1.0,1.0
stacked_high,2.0,runner_up_checked,120223,22.066666666666663,15.800000000000033,29.4,23.066666666666663,11.216666666666633,6.6876666666666305,2.267048468031581,1.811784844968705,5.050000000000004,3.5238095238095144,11.533333333333246,8.933333333333167,12515,13792,0,40,346,359,136,1.0,1.0
stacked_high,2.0,runner_up_checked,120224,34.2,28.199999999999996,43.60000000000005,37.933333333333344,16.981666666666648,14.013666666666651,2.8397663445892105,2.948336335422296,6.5166666666666515,7.083333333333336,27.999999999999886,18.399999999999807,11610,12134,0,28,313,313,149,1.0,1.0
stacked_high,2.0,runner_up_checked,120225,18.06666666666669,15.933333333333344,24.80000000000004,27.06666666666672,8.832666666666633,7.46366666666663,2.0000250955999057,1.7997338423897034,4.320000000000002,3.7142857142857224,9.866666666666504,7.466666666666413,11947,12481,0,28,312,310,150,1.0,1.0
stacked_high,2.0,runner_up_checked,120226,30.86666666666673,13.466666666666676,45.666666666666664,15.933333333333373,13.44266666666664,5.833666666666626,2.4697343701373073,1.726700431351292,4.914285714285691,3.2222222222222245,13.33333333333303,12.733333333333064,12000,13916,0,36,347,297,136,1.0,1.0
stacked_high,2.0,runner_up_checked,120227,23.466666666666384,21.333333333333343,33.20000000000006,24.86666666666668,12.725666666666639,9.23266666666663,2.327263721306665,2.0159785253903717,4.883333333333336,4.009523809523815,15.266666666666424,12.86666666666639,11304,12477,0,28,312,312,148,1.0,1.0
stacked_high,2.0,runner_up_checked,120228,32.200000000000074,14.26666666666668,54.26666666666675,24.60000000000003,14.695666666666641,7.17066666666663,2.6126676249125076,1.8238624323313213,5.633333333333331,3.5833333333333317,22.066666666666436,10.86666666666639,11879,13316,0,32,389,306,132,1.0,1.0
stacked_high,2.0,runner_up_checked,120229,25.000000000000085,15.000000000000021,36.86666666666665,17.733333333333356,11.732666666666635,7.357666666666628,2.4511280006243354,1.9152158352025188,5.757575757575761,3.7822222222222197,13.33333333333303,11.133333333332956,11806,14876,0,40,351,295,147,1.0,1.0
