workload,penalty,variant,seed,baseline_p95_wait,variant_p95_wait,baseline_p99_wait,variant_p99_wait,baseline_avg_wait,variant_avg_wait,baseline_avg_slowdown,variant_avg_slowdown,baseline_p95_slowdown,variant_p95_slowdown,baseline_makespan_excess,variant_makespan_excess,baseline_sched_cores_scanned,variant_sched_cores_scanned,baseline_burst_balance_levels_walked,variant_burst_balance_levels_walked,baseline_total_migrations,variant_total_migrations,detector_fires,recall,precision
rate1.0_s4,0.0,selected_checked,121000,5.800000000000011,5.800000000000011,7.200000000000216,7.200000000000216,1.9100000000000557,1.9100000000000557,1.598283868858029,1.598283868858029,2.338461538461537,2.338461538461537,28.599999999999,28.599999999999,42957,42957,0,0,28,28,0,0.0,
rate1.0_s4,0.0,selected_checked,121001,6.600000000000136,6.600000000000136,7.399999999999977,7.399999999999977,1.8400000000000163,1.8400000000000163,1.4714189709826146,1.4714189709826146,2.4000000000000288,2.4000000000000288,17.99999999999943,17.99999999999943,41537,41537,0,0,34,34,0,0.0,
rate1.0_s4,0.0,selected_checked,121002,4.800000000000011,4.800000000000011,5.199999999999989,5.199999999999989,1.8150000000000006,1.8150000000000006,1.7840881843925747,1.7840881843925747,3.4266666666666765,3.4266666666666765,16.39999999999918,16.39999999999918,41294,41294,0,0,33,33,0,0.0,
rate1.0_s4,0.0,selected_checked,121003,5.400000000000034,5.400000000000034,7.400000000000148,7.400000000000148,1.7900000000000333,1.7900000000000333,1.6142286021828547,1.6142286021828547,2.6333333333332973,2.6333333333332973,10.599999999999227,10.599999999999227,41825,41825,0,0,26,26,0,0.0,
rate1.0_s4,0.0,selected_checked,121004,4.7999999999999545,4.7999999999999545,5.800000000000011,5.800000000000011,1.7749999999999766,1.7749999999999766,1.5859034108023864,1.5859034108023864,2.2222222222222348,2.2222222222222348,5.999999999999773,5.999999999999773,40110,40110,0,0,34,34,0,0.0,
rate1.0_s4,0.0,selected_checked,121005,4.800000000000011,4.800000000000011,5.800000000000011,5.800000000000011,1.730000000000004,1.730000000000004,1.481278219779618,1.481278219779618,2.2666666666666893,2.2666666666666893,8.999999999999318,8.999999999999318,41077,41077,0,0,32,32,0,0.0,
rate1.0_s4,0.0,selected_checked,121006,5.0,5.0,7.000000000000114,7.000000000000114,1.730000000000021,1.730000000000021,1.4520266793781285,1.4520266793781285,2.0000000000000315,2.0000000000000315,12.999999999999432,12.999999999999432,41056,41056,0,0,32,32,0,0.0,
rate1.0_s4,0.0,selected_checked,121007,5.3999999999999915,5.3999999999999915,6.200000000000102,6.200000000000102,1.9100000000000275,1.9100000000000275,1.6384640946949613,1.6384640946949613,2.8444444444444406,2.8444444444444406,11.199999999999136,11.199999999999136,42291,42291,0,0,30,30,0,0.0,
rate1.0_s4,0.0,selected_checked,121008,4.800000000000011,4.800000000000011,4.800000000000011,4.800000000000011,1.769999999999984,1.769999999999984,1.756274684465683,1.756274684465683,2.7333333333332916,2.7333333333332916,16.799999999998704,16.799999999998704,42124,42124,0,0,28,28,0,0.0,
rate1.0_s4,0.0,selected_checked,121009,5.800000000000011,5.800000000000011,7.800000000000011,7.800000000000011,2.040000000000009,2.040000000000009,1.670634931828173,1.670634931828173,2.6800000000000126,2.6800000000000126,25.199999999999022,25.199999999999022,42484,42484,0,0,30,30,0,0.0,
rate1.0_s4,0.0,selected_checked,121010,5.800000000000011,5.800000000000011,7.600000000000136,7.600000000000136,2.1250000000000635,2.1250000000000635,1.7246867145814946,1.7246867145814946,2.1999999999999713,2.1999999999999713,18.399999999999068,18.399999999999068,42323,42323,0,0,26,26,0,0.0,
rate1.0_s4,0.0,selected_checked,121011,5.0,5.0,8.199999999999989,8.199999999999989,2.01000000000003,2.01000000000003,1.627207862284127,1.627207862284127,3.040000000000009,3.040000000000009,17.599999999999227,17.599999999999227,42010,42010,0,0,33,33,0,0.0,
rate1.0_s4,0.0,selected_checked,121012,4.7999999999999545,4.7999999999999545,7.600000000000307,7.600000000000307,1.81500000000009,1.81500000000009,1.62190132132763,1.62190132132763,2.2333333333333343,2.2333333333333343,9.19999999999959,9.19999999999959,41192,41192,0,0,27,27,0,0.0,
rate1.0_s4,0.0,selected_checked,121013,4.800000000000011,4.800000000000011,7.800000000000011,7.800000000000011,1.7550000000000083,1.7550000000000083,1.6121459761798125,1.6121459761798125,2.5599999999999796,2.5599999999999796,4.999999999999432,4.999999999999432,41346,41346,0,0,33,33,0,0.0,
rate1.0_s4,0.0,selected_checked,121014,5.800000000000011,5.800000000000011,6.800000000000011,6.800000000000011,1.8550000000000435,1.8550000000000435,1.6555528848746568,1.6555528848746568,3.2333333333333436,3.2333333333333436,9.799999999999386,9.799999999999386,41206,41206,0,0,32,32,0,0.0,
rate1.0_s4,0.0,selected_checked,121015,5.3999999999999915,5.3999999999999915,6.800000000000011,6.800000000000011,1.865000000000006,1.865000000000006,1.611019397799599,1.611019397799599,2.3846153846153935,2.3846153846153935,21.199999999999136,21.199999999999136,42657,42657,0,0,31,31,0,0.0,
rate1.0_s4,0.0,selected_checked,121016,4.800000000000011,4.800000000000011,5.800000000000011,5.800000000000011,1.785000000000008,1.785000000000008,1.5457118716042662,1.5457118716042662,2.6875000000000107,2.6875000000000107,24.59999999999866,24.59999999999866,42805,42805,0,0,29,29,0,0.0,
rate1.0_s4,0.0,selected_checked,121017,5.3999999999999915,5.3999999999999915,6.200000000000102,6.200000000000102,1.965000000000077,1.965000000000077,1.5664649696426673,1.5664649696426673,2.266666666666675,2.266666666666675,12.199999999999477,12.199999999999477,42120,42120,0,0,29,29,0,0.0,
rate1.0_s4,0.0,selected_checked,121018,4.0,4.0,4.800000000000011,4.800000000000011,1.50000000000002,1.50000000000002,1.510469727525271,1.510469727525271,2.3666666666665983,2.3666666666665983,4.599999999999568,4.599999999999568,41468,41468,0,0,28,28,0,0.0,
rate1.0_s4,0.0,selected_checked,121019,5.400000000000034,5.400000000000034,6.000000000000114,6.000000000000114,1.8999999999999928,1.8999999999999928,1.4888217118561986,1.4888217118561986,2.160000000000008,2.160000000000008,11.799999999998931,11.799999999998931,41625,41625,0,0,30,30,0,0.0,
rate1.0_s4,0.0,selected_checked,121020,5.800000000000011,5.800000000000011,5.800000000000125,5.800000000000125,1.9349999999999792,1.9349999999999792,1.5361583725995815,1.5361583725995815,2.6749999999999403,2.6749999999999403,26.599999999998772,26.599999999998772,42445,42445,0,0,34,34,0,0.0,
rate1.0_s4,0.0,selected_checked,121021,5.0,5.0,5.800000000000011,5.800000000000011,1.76499999999999,1.76499999999999,1.6002756923371257,1.6002756923371257,2.357894736842115,2.357894736842115,34.59999999999911,34.59999999999911,43128,43128,0,0,31,31,0,0.0,
rate1.0_s4,0.0,selected_checked,121022,3.0000000000001705,3.0000000000001705,5.000000000000114,5.000000000000114,1.4400000000000865,1.4400000000000865,1.440163747241527,1.440163747241527,2.0166666666666515,2.0166666666666515,16.199999999999363,16.199999999999363,42105,42105,0,0,28,28,0,0.0,
rate1.0_s4,0.0,selected_checked,121023,5.400000000000318,5.400000000000318,6.400000000000148,6.400000000000148,2.100000000000075,2.100000000000075,1.6409227993930995,1.6409227993930995,2.660000000000011,2.660000000000011,40.19999999999891,40.19999999999891,43542,43542,0,0,31,31,0,0.0,
rate1.0_s4,0.0,selected_checked,121024,4.800000000000011,4.800000000000011,6.800000000000011,6.800000000000011,1.824999999999958,1.824999999999958,1.5880107927781824,1.5880107927781824,2.2000000000000095,2.2000000000000095,7.799999999998818,7.799999999998818,40723,40723,0,0,32,32,0,0.0,
rate1.0_s4,0.0,selected_checked,121025,5.3999999999999915,5.3999999999999915,7.800000000000011,7.800000000000011,1.840000000000008,1.840000000000008,1.5300741294376916,1.5300741294376916,2.2285714285714344,2.2285714285714344,5.999999999999545,5.999999999999545,41301,41301,0,0,29,29,0,0.0,
rate1.0_s4,0.0,selected_checked,121026,5.600000000000193,5.600000000000193,6.200000000000216,6.200000000000216,1.8200000000000347,1.8200000000000347,1.537442417350597,1.537442417350597,2.233333333333339,2.233333333333339,4.399999999999864,4.399999999999864,41139,41139,0,0,36,36,0,0.0,
rate1.0_s4,0.0,selected_checked,121027,4.800000000000011,4.800000000000011,5.800000000000011,5.800000000000011,1.6900000000000275,1.6900000000000275,1.571199883765121,1.571199883765121,2.200000000000013,2.200000000000013,21.199999999999363,21.199999999999363,41538,41538,0,0,30,30,0,0.0,
rate1.0_s4,0.0,selected_checked,121028,5.800000000000011,5.800000000000011,6.000000000000114,6.000000000000114,1.8100000000000165,1.8100000000000165,1.5339561694448522,1.5339561694448522,2.3666666666666742,2.3666666666666742,4.199999999999363,4.199999999999363,41247,41247,0,0,29,29,0,0.0,
rate1.0_s4,0.0,selected_checked,121029,5.0,5.0,5.800000000000011,5.800000000000011,1.8150000000000162,1.8150000000000162,1.5351950448966538,1.5351950448966538,2.8666666666666805,2.8666666666666805,18.39999999999941,18.39999999999941,41891,41891,0,0,35,35,0,0.0,
rate1.0_s4,0.0,selected_unchecked,121000,5.800000000000011,5.800000000000011,7.200000000000216,7.200000000000216,1.9100000000000557,1.9100000000000557,1.598283868858029,1.598283868858029,2.338461538461537,2.338461538461537,28.599999999999,28.599999999999,42957,42957,0,0,28,28,0,0.0,
rate1.0_s4,0.0,selected_unchecked,121001,6.600000000000136,6.600000000000136,7.399999999999977,7.399999999999977,1.8400000000000163,1.8400000000000163,1.4714189709826146,1.4714189709826146,2.4000000000000288,2.4000000000000288,17.99999999999943,17.99999999999943,41537,41537,0,0,34,34,0,0.0,
rate1.0_s4,0.0,selected_unchecked,121002,4.800000000000011,4.800000000000011,5.199999999999989,5.199999999999989,1.8150000000000006,1.8150000000000006,1.7840881843925747,1.7840881843925747,3.4266666666666765,3.4266666666666765,16.39999999999918,16.39999999999918,41294,41294,0,0,33,33,0,0.0,
rate1.0_s4,0.0,selected_unchecked,121003,5.400000000000034,5.400000000000034,7.400000000000148,7.400000000000148,1.7900000000000333,1.7900000000000333,1.6142286021828547,1.6142286021828547,2.6333333333332973,2.6333333333332973,10.599999999999227,10.599999999999227,41825,41825,0,0,26,26,0,0.0,
rate1.0_s4,0.0,selected_unchecked,121004,4.7999999999999545,4.7999999999999545,5.800000000000011,5.800000000000011,1.7749999999999766,1.7749999999999766,1.5859034108023864,1.5859034108023864,2.2222222222222348,2.2222222222222348,5.999999999999773,5.999999999999773,40110,40110,0,0,34,34,0,0.0,
rate1.0_s4,0.0,selected_unchecked,121005,4.800000000000011,4.800000000000011,5.800000000000011,5.800000000000011,1.730000000000004,1.730000000000004,1.481278219779618,1.481278219779618,2.2666666666666893,2.2666666666666893,8.999999999999318,8.999999999999318,41077,41077,0,0,32,32,0,0.0,
rate1.0_s4,0.0,selected_unchecked,121006,5.0,5.0,7.000000000000114,7.000000000000114,1.730000000000021,1.730000000000021,1.4520266793781285,1.4520266793781285,2.0000000000000315,2.0000000000000315,12.999999999999432,12.999999999999432,41056,41056,0,0,32,32,0,0.0,
rate1.0_s4,0.0,selected_unchecked,121007,5.3999999999999915,5.3999999999999915,6.200000000000102,6.200000000000102,1.9100000000000275,1.9100000000000275,1.6384640946949613,1.6384640946949613,2.8444444444444406,2.8444444444444406,11.199999999999136,11.199999999999136,42291,42291,0,0,30,30,0,0.0,
rate1.0_s4,0.0,selected_unchecked,121008,4.800000000000011,4.800000000000011,4.800000000000011,4.800000000000011,1.769999999999984,1.769999999999984,1.756274684465683,1.756274684465683,2.7333333333332916,2.7333333333332916,16.799999999998704,16.799999999998704,42124,42124,0,0,28,28,0,0.0,
rate1.0_s4,0.0,selected_unchecked,121009,5.800000000000011,5.800000000000011,7.800000000000011,7.800000000000011,2.040000000000009,2.040000000000009,1.670634931828173,1.670634931828173,2.6800000000000126,2.6800000000000126,25.199999999999022,25.199999999999022,42484,42484,0,0,30,30,0,0.0,
rate1.0_s4,0.0,selected_unchecked,121010,5.800000000000011,5.800000000000011,7.600000000000136,7.600000000000136,2.1250000000000635,2.1250000000000635,1.7246867145814946,1.7246867145814946,2.1999999999999713,2.1999999999999713,18.399999999999068,18.399999999999068,42323,42323,0,0,26,26,0,0.0,
rate1.0_s4,0.0,selected_unchecked,121011,5.0,5.0,8.199999999999989,8.199999999999989,2.01000000000003,2.01000000000003,1.627207862284127,1.627207862284127,3.040000000000009,3.040000000000009,17.599999999999227,17.599999999999227,42010,42010,0,0,33,33,0,0.0,
rate1.0_s4,0.0,selected_unchecked,121012,4.7999999999999545,4.7999999999999545,7.600000000000307,7.600000000000307,1.81500000000009,1.81500000000009,1.62190132132763,1.62190132132763,2.2333333333333343,2.2333333333333343,9.19999999999959,9.19999999999959,41192,41192,0,0,27,27,0,0.0,
rate1.0_s4,0.0,selected_unchecked,121013,4.800000000000011,4.800000000000011,7.800000000000011,7.800000000000011,1.7550000000000083,1.7550000000000083,1.6121459761798125,1.6121459761798125,2.5599999999999796,2.5599999999999796,4.999999999999432,4.999999999999432,41346,41346,0,0,33,33,0,0.0,
rate1.0_s4,0.0,selected_unchecked,121014,5.800000000000011,5.800000000000011,6.800000000000011,6.800000000000011,1.8550000000000435,1.8550000000000435,1.6555528848746568,1.6555528848746568,3.2333333333333436,3.2333333333333436,9.799999999999386,9.799999999999386,41206,41206,0,0,32,32,0,0.0,
rate1.0_s4,0.0,selected_unchecked,121015,5.3999999999999915,5.3999999999999915,6.800000000000011,6.800000000000011,1.865000000000006,1.865000000000006,1.611019397799599,1.611019397799599,2.3846153846153935,2.3846153846153935,21.199999999999136,21.199999999999136,42657,42657,0,0,31,31,0,0.0,
rate1.0_s4,0.0,selected_unchecked,121016,4.800000000000011,4.800000000000011,5.800000000000011,5.800000000000011,1.785000000000008,1.785000000000008,1.5457118716042662,1.5457118716042662,2.6875000000000107,2.6875000000000107,24.59999999999866,24.59999999999866,42805,42805,0,0,29,29,0,0.0,
rate1.0_s4,0.0,selected_unchecked,121017,5.3999999999999915,5.3999999999999915,6.200000000000102,6.200000000000102,1.965000000000077,1.965000000000077,1.5664649696426673,1.5664649696426673,2.266666666666675,2.266666666666675,12.199999999999477,12.199999999999477,42120,42120,0,0,29,29,0,0.0,
rate1.0_s4,0.0,selected_unchecked,121018,4.0,4.0,4.800000000000011,4.800000000000011,1.50000000000002,1.50000000000002,1.510469727525271,1.510469727525271,2.3666666666665983,2.3666666666665983,4.599999999999568,4.599999999999568,41468,41468,0,0,28,28,0,0.0,
rate1.0_s4,0.0,selected_unchecked,121019,5.400000000000034,5.400000000000034,6.000000000000114,6.000000000000114,1.8999999999999928,1.8999999999999928,1.4888217118561986,1.4888217118561986,2.160000000000008,2.160000000000008,11.799999999998931,11.799999999998931,41625,41625,0,0,30,30,0,0.0,
rate1.0_s4,0.0,selected_unchecked,121020,5.800000000000011,5.800000000000011,5.800000000000125,5.800000000000125,1.9349999999999792,1.9349999999999792,1.5361583725995815,1.5361583725995815,2.6749999999999403,2.6749999999999403,26.599999999998772,26.599999999998772,42445,42445,0,0,34,34,0,0.0,
rate1.0_s4,0.0,selected_unchecked,121021,5.0,5.0,5.800000000000011,5.800000000000011,1.76499999999999,1.76499999999999,1.6002756923371257,1.6002756923371257,2.357894736842115,2.357894736842115,34.59999999999911,34.59999999999911,43128,43128,0,0,31,31,0,0.0,
rate1.0_s4,0.0,selected_unchecked,121022,3.0000000000001705,3.0000000000001705,5.000000000000114,5.000000000000114,1.4400000000000865,1.4400000000000865,1.440163747241527,1.440163747241527,2.0166666666666515,2.0166666666666515,16.199999999999363,16.199999999999363,42105,42105,0,0,28,28,0,0.0,
rate1.0_s4,0.0,selected_unchecked,121023,5.400000000000318,5.400000000000318,6.400000000000148,6.400000000000148,2.100000000000075,2.100000000000075,1.6409227993930995,1.6409227993930995,2.660000000000011,2.660000000000011,40.19999999999891,40.19999999999891,43542,43542,0,0,31,31,0,0.0,
rate1.0_s4,0.0,selected_unchecked,121024,4.800000000000011,4.800000000000011,6.800000000000011,6.800000000000011,1.824999999999958,1.824999999999958,1.5880107927781824,1.5880107927781824,2.2000000000000095,2.2000000000000095,7.799999999998818,7.799999999998818,40723,40723,0,0,32,32,0,0.0,
rate1.0_s4,0.0,selected_unchecked,121025,5.3999999999999915,5.3999999999999915,7.800000000000011,7.800000000000011,1.840000000000008,1.840000000000008,1.5300741294376916,1.5300741294376916,2.2285714285714344,2.2285714285714344,5.999999999999545,5.999999999999545,41301,41301,0,0,29,29,0,0.0,
rate1.0_s4,0.0,selected_unchecked,121026,5.600000000000193,5.600000000000193,6.200000000000216,6.200000000000216,1.8200000000000347,1.8200000000000347,1.537442417350597,1.537442417350597,2.233333333333339,2.233333333333339,4.399999999999864,4.399999999999864,41139,41139,0,0,36,36,0,0.0,
rate1.0_s4,0.0,selected_unchecked,121027,4.800000000000011,4.800000000000011,5.800000000000011,5.800000000000011,1.6900000000000275,1.6900000000000275,1.571199883765121,1.571199883765121,2.200000000000013,2.200000000000013,21.199999999999363,21.199999999999363,41538,41538,0,0,30,30,0,0.0,
rate1.0_s4,0.0,selected_unchecked,121028,5.800000000000011,5.800000000000011,6.000000000000114,6.000000000000114,1.8100000000000165,1.8100000000000165,1.5339561694448522,1.5339561694448522,2.3666666666666742,2.3666666666666742,4.199999999999363,4.199999999999363,41247,41247,0,0,29,29,0,0.0,
rate1.0_s4,0.0,selected_unchecked,121029,5.0,5.0,5.800000000000011,5.800000000000011,1.8150000000000162,1.8150000000000162,1.5351950448966538,1.5351950448966538,2.8666666666666805,2.8666666666666805,18.39999999999941,18.39999999999941,41891,41891,0,0,35,35,0,0.0,
rate1.0_s4,0.0,original_q2_a0.8_or_unchecked,121000,5.800000000000011,2.6000000000000227,7.200000000000216,5.0,1.9100000000000557,1.070000000000033,1.598283868858029,1.390391608416405,2.338461538461537,2.5199999999999876,28.599999999999,5.599999999999454,42957,43596,0,40,28,34,20,1.0,1.0
rate1.0_s4,0.0,original_q2_a0.8_or_unchecked,121001,6.600000000000136,4.7999999999999545,7.399999999999977,7.399999999999977,1.8400000000000163,1.4250000000000056,1.4714189709826146,1.3764165599592348,2.4000000000000288,2.4000000000000288,17.99999999999943,0.7999999999996135,41537,42469,0,40,34,34,20,1.0,1.0
rate1.0_s4,0.0,original_q2_a0.8_or_unchecked,121002,4.800000000000011,2.6000000000000227,5.199999999999989,4.199999999999989,1.8150000000000006,1.0950000000000064,1.7840881843925747,1.3238164201789782,3.4266666666666765,2.2750000000000004,16.39999999999918,10.999999999999659,41294,43182,0,40,33,30,20,1.0,1.0
rate1.0_s4,0.0,original_q2_a0.8_or_unchecked,121003,5.400000000000034,4.7999999999999545,7.400000000000148,5.400000000000034,1.7900000000000333,1.3150000000000255,1.6142286021828547,1.3721704418517227,2.6333333333332973,1.9333333333333371,10.599999999999227,5.399999999999295,41825,42888,0,40,26,34,20,1.0,1.0
rate1.0_s4,0.0,original_q2_a0.8_or_unchecked,121004,4.7999999999999545,4.7999999999999545,5.800000000000011,5.7999999999999545,1.7749999999999766,1.380000000000003,1.5859034108023864,1.3172199487531597,2.2222222222222348,1.7941176470588,5.999999999999773,0.7999999999997272,40110,41410,0,40,34,37,20,1.0,1.0
rate1.0_s4,0.0,original_q2_a0.8_or_unchecked,121005,4.800000000000011,5.399999999999864,5.800000000000011,5.400000000000034,1.730000000000004,1.444999999999996,1.481278219779618,1.3230190197145126,2.2666666666666893,1.9333333333333433,8.999999999999318,2.999999999999204,41077,42503,0,40,32,35,20,1.0,1.0
rate1.0_s4,0.0,original_q2_a0.8_or_unchecked,121006,5.0,4.000000000000114,7.000000000000114,5.400000000000034,1.730000000000021,1.2650000000000154,1.4520266793781285,1.3928459899193817,2.0000000000000315,2.345454545454562,12.999999999999432,9.799999999999386,41056,42692,0,40,32,33,20,1.0,1.0
rate1.0_s4,0.0,original_q2_a0.8_or_unchecked,121007,5.3999999999999915,5.400000000000006,6.200000000000102,5.800000000000068,1.9100000000000275,1.6800000000000015,1.6384640946949613,1.5415209957925422,2.8444444444444406,2.7333333333333294,11.199999999999136,3.599999999998886,42291,43235,0,40,30,32,20,1.0,1.0
rate1.0_s4,0.0,original_q2_a0.8_or_unchecked,121008,4.800000000000011,2.6000000000000227,4.800000000000011,5.7999999999999545,1.769999999999984,1.2600000000000044,1.756274684465683,1.4580618137981385,2.7333333333332916,2.533333333333322,16.799999999998704,7.199999999999022,42124,42962,0,40,28,33,20,1.0,1.0
rate1.0_s4,0.0,original_q2_a0.8_or_unchecked,121009,5.800000000000011,5.3999999999999915,7.800000000000011,5.400000000000034,2.040000000000009,1.4700000000000102,1.670634931828173,1.3435965141677033,2.6800000000000126,2.185714285714247,25.199999999999022,9.999999999999432,42484,43608,0,40,30,35,20,1.0,1.0
rate1.0_s4,0.0,original_q2_a0.8_or_unchecked,121010,5.800000000000011,5.3999999999999915,7.600000000000136,8.200000000000017,2.1250000000000635,1.4300000000000335,1.7246867145814946,1.3167064486454043,2.1999999999999713,1.9200000000000386,18.399999999999068,5.599999999999341,42323,43374,0,40,26,31,20,1.0,1.0
rate1.0_s4,0.0,original_q2_a0.8_or_unchecked,121011,5.0,5.400000000000205,8.199999999999989,8.199999999999989,2.01000000000003,1.3200000000000274,1.627207862284127,1.4027281017883966,3.040000000000009,2.3500000000000085,17.599999999999227,3.199999999999477,42010,42937,0,40,33,31,20,1.0,1.0
rate1.0_s4,0.0,original_q2_a0.8_or_unchecked,121012,4.7999999999999545,4.7999999999999545,7.600000000000307,5.400000000000034,1.81500000000009,1.4500000000000532,1.62190132132763,1.4032998092592794,2.2333333333333343,2.3444444444444565,9.19999999999959,8.799999999999613,41192,43034,0,40,27,34,20,1.0,1.0
rate1.0_s4,0.0,original_q2_a0.8_or_unchecked,121013,4.800000000000011,5.400000000000006,7.800000000000011,8.200000000000045,1.7550000000000083,1.4000000000000234,1.6121459761798125,1.4167007370588496,2.5599999999999796,2.3750000000000107,4.999999999999432,4.999999999999432,41346,42968,0,40,33,32,20,1.0,1.0
rate1.0_s4,0.0,original_q2_a0.8_or_unchecked,121014,5.800000000000011,5.3999999999999915,6.800000000000011,5.400000000000034,1.8550000000000435,1.4450000000000276,1.6555528848746568,1.4236892063105953,3.2333333333333436,2.0600000000000023,9.799999999999386,11.999999999999318,41206,42964,0,40,32,30,20,1.0,1.0
rate1.0_s4,0.0,original_q2_a0.8_or_unchecked,121015,5.3999999999999915,5.3999999999999915,6.800000000000011,5.7999999999999545,1.865000000000006,1.4450000000000078,1.611019397799599,1.3537685469843728,2.3846153846153935,1.9000000000000057,21.199999999999136,0.7999999999993861,42657,42854,0,40,31,29,20,1.0,1.0
rate1.0_s4,0.0,original_q2_a0.8_or_unchecked,121016,4.800000000000011,5.400000000000034,5.800000000000011,5.400000000000034,1.785000000000008,1.5300000000000444,1.5457118716042662,1.3324154821368392,2.6875000000000107,1.929032258064522,24.59999999999866,15.799999999999272,42805,43782,0,40,29,34,20,1.0,1.0
rate1.0_s4,0.0,original_q2_a0.8_or_unchecked,121017,5.3999999999999915,5.3999999999999915,6.200000000000102,5.800000000000182,1.965000000000077,1.475000000000048,1.5664649696426673,1.4303332742961863,2.266666666666675,2.2240000000000064,12.199999999999477,5.7999999999996135,42120,43454,0,40,29,33,20,1.0,1.0
rate1.0_s4,0.0,original_q2_a0.8_or_unchecked,121018,4.0,3.3999999999999773,4.800000000000011,5.800000000000296,1.50000000000002,1.3500000000000276,1.510469727525271,1.4279549191917977,2.3666666666665983,2.3999999999999986,4.599999999999568,6.199999999999136,41468,43620,0,40,28,34,20,1.0,1.0
rate1.0_s4,0.0,original_q2_a0.8_or_unchecked,121019,5.400000000000034,4.7999999999999545,6.000000000000114,5.400000000000034,1.8999999999999928,1.3899999999999857,1.4888217118561986,1.3251694012360082,2.160000000000008,2.171428571428574,11.799999999998931,6.999999999999318,41625,42787,0,40,30,35,20,1.0,1.0
rate1.0_s4,0.0,original_q2_a0.8_or_unchecked,121020,5.800000000000011,5.3999999999999915,5.800000000000125,8.200000000000045,1.9349999999999792,1.419999999999988,1.5361583725995815,1.3477515926261312,2.6749999999999403,2.307692307692321,26.599999999998772,7.999999999999545,42445,42679,0,40,34,35,20,1.0,1.0
rate1.0_s4,0.0,original_q2_a0.8_or_unchecked,121021,5.0,5.400000000000034,5.800000000000011,6.7999999999999545,1.76499999999999,1.4400000000000097,1.6002756923371257,1.366135070580212,2.357894736842115,1.9199999999999933,34.59999999999911,5.7999999999996135,43128,43054,0,40,31,33,20,1.0,1.0
rate1.0_s4,0.0,original_q2_a0.8_or_unchecked,121022,3.0000000000001705,3.000000000000284,5.000000000000114,5.400000000000034,1.4400000000000865,1.2150000000000865,1.440163747241527,1.254604247118238,2.0166666666666515,1.6685714285714337,16.199999999999363,9.199999999999363,42105,43235,0,40,28,37,20,1.0,1.0
rate1.0_s4,0.0,original_q2_a0.8_or_unchecked,121023,5.400000000000318,5.400000000000432,6.400000000000148,8.200000000000045,2.100000000000075,1.690000000000086,1.6409227993930995,1.3466543870038823,2.660000000000011,2.4250000000000114,40.19999999999891,15.799999999999159,43542,44374,0,40,31,39,20,1.0,1.0
rate1.0_s4,0.0,original_q2_a0.8_or_unchecked,121024,4.800000000000011,3.0,6.800000000000011,4.7999999999999545,1.824999999999958,1.1749999999999687,1.5880107927781824,1.3161808181253,2.2000000000000095,1.94193548387094,7.799999999998818,9.199999999999363,40723,43033,0,40,32,36,19,1.0,1.0
rate1.0_s4,0.0,original_q2_a0.8_or_unchecked,121025,5.3999999999999915,5.3999999999999915,7.800000000000011,6.200000000000159,1.840000000000008,1.5099999999999898,1.5300741294376916,1.4203809394202096,2.2285714285714344,2.566666666666672,5.999999999999545,0.7999999999994998,41301,42505,0,40,29,32,20,1.0,1.0
rate1.0_s4,0.0,original_q2_a0.8_or_unchecked,121026,5.600000000000193,5.3999999999999915,6.200000000000216,10.20000000000016,1.8200000000000347,1.525000000000001,1.537442417350597,1.2866989479131608,2.233333333333339,1.7851851851851932,4.399999999999864,1.5999999999989996,41139,42701,0,40,36,34,20,1.0,1.0
rate1.0_s4,0.0,original_q2_a0.8_or_unchecked,121027,4.800000000000011,5.3999999999999915,5.800000000000011,5.400000000000034,1.6900000000000275,1.4450000000000247,1.571199883765121,1.3469305150756579,2.200000000000013,2.000000000000008,21.199999999999363,6.199999999999704,41538,42479,0,40,30,35,20,1.0,1.0
rate1.0_s4,0.0,original_q2_a0.8_or_unchecked,121028,5.800000000000011,2.6000000000000227,6.000000000000114,4.7999999999999545,1.8100000000000165,1.050000000000034,1.5339561694448522,1.3970149192364512,2.3666666666666742,2.0705882352940868,4.199999999999363,6.999999999999545,41247,43192,0,40,29,31,20,1.0,1.0
rate1.0_s4,0.0,original_q2_a0.8_or_unchecked,121029,5.0,3.3999999999999773,5.800000000000011,5.000000000000057,1.8150000000000162,1.1400000000000254,1.5351950448966538,1.297768204660144,2.8666666666666805,1.8888888888888635,18.39999999999941,1.9999999999995453,41891,42420,0,40,35,36,20,1.0,1.0
rate1.0_s4,0.0,runner_up_checked,121000,5.800000000000011,5.800000000000011,7.200000000000216,7.200000000000216,1.9100000000000557,1.9100000000000557,1.598283868858029,1.598283868858029,2.338461538461537,2.338461538461537,28.599999999999,28.599999999999,42957,42957,0,0,28,28,0,0.0,
rate1.0_s4,0.0,runner_up_checked,121001,6.600000000000136,6.600000000000136,7.399999999999977,7.399999999999977,1.8400000000000163,1.8400000000000163,1.4714189709826146,1.4714189709826146,2.4000000000000288,2.4000000000000288,17.99999999999943,17.99999999999943,41537,41537,0,0,34,34,0,0.0,
rate1.0_s4,0.0,runner_up_checked,121002,4.800000000000011,4.800000000000011,5.199999999999989,5.199999999999989,1.8150000000000006,1.8150000000000006,1.7840881843925747,1.7840881843925747,3.4266666666666765,3.4266666666666765,16.39999999999918,16.39999999999918,41294,41294,0,0,33,33,0,0.0,
rate1.0_s4,0.0,runner_up_checked,121003,5.400000000000034,5.400000000000034,7.400000000000148,7.400000000000148,1.7900000000000333,1.7900000000000333,1.6142286021828547,1.6142286021828547,2.6333333333332973,2.6333333333332973,10.599999999999227,10.599999999999227,41825,41825,0,0,26,26,0,0.0,
rate1.0_s4,0.0,runner_up_checked,121004,4.7999999999999545,4.7999999999999545,5.800000000000011,5.800000000000011,1.7749999999999766,1.7749999999999766,1.5859034108023864,1.5859034108023864,2.2222222222222348,2.2222222222222348,5.999999999999773,5.999999999999773,40110,40110,0,0,34,34,0,0.0,
rate1.0_s4,0.0,runner_up_checked,121005,4.800000000000011,4.800000000000011,5.800000000000011,5.800000000000011,1.730000000000004,1.730000000000004,1.481278219779618,1.481278219779618,2.2666666666666893,2.2666666666666893,8.999999999999318,8.999999999999318,41077,41077,0,0,32,32,0,0.0,
rate1.0_s4,0.0,runner_up_checked,121006,5.0,5.0,7.000000000000114,7.000000000000114,1.730000000000021,1.730000000000021,1.4520266793781285,1.4520266793781285,2.0000000000000315,2.0000000000000315,12.999999999999432,12.999999999999432,41056,41056,0,0,32,32,0,0.0,
rate1.0_s4,0.0,runner_up_checked,121007,5.3999999999999915,5.3999999999999915,6.200000000000102,6.200000000000102,1.9100000000000275,1.9100000000000275,1.6384640946949613,1.6384640946949613,2.8444444444444406,2.8444444444444406,11.199999999999136,11.199999999999136,42291,42291,0,0,30,30,0,0.0,
rate1.0_s4,0.0,runner_up_checked,121008,4.800000000000011,4.800000000000011,4.800000000000011,4.800000000000011,1.769999999999984,1.769999999999984,1.756274684465683,1.756274684465683,2.7333333333332916,2.7333333333332916,16.799999999998704,16.799999999998704,42124,42124,0,0,28,28,0,0.0,
rate1.0_s4,0.0,runner_up_checked,121009,5.800000000000011,5.800000000000011,7.800000000000011,7.800000000000011,2.040000000000009,2.040000000000009,1.670634931828173,1.670634931828173,2.6800000000000126,2.6800000000000126,25.199999999999022,25.199999999999022,42484,42484,0,0,30,30,0,0.0,
rate1.0_s4,0.0,runner_up_checked,121010,5.800000000000011,5.800000000000011,7.600000000000136,7.600000000000136,2.1250000000000635,2.1250000000000635,1.7246867145814946,1.7246867145814946,2.1999999999999713,2.1999999999999713,18.399999999999068,18.399999999999068,42323,42323,0,0,26,26,0,0.0,
rate1.0_s4,0.0,runner_up_checked,121011,5.0,5.0,8.199999999999989,8.199999999999989,2.01000000000003,2.01000000000003,1.627207862284127,1.627207862284127,3.040000000000009,3.040000000000009,17.599999999999227,17.599999999999227,42010,42010,0,0,33,33,0,0.0,
rate1.0_s4,0.0,runner_up_checked,121012,4.7999999999999545,4.7999999999999545,7.600000000000307,7.600000000000307,1.81500000000009,1.81500000000009,1.62190132132763,1.62190132132763,2.2333333333333343,2.2333333333333343,9.19999999999959,9.19999999999959,41192,41192,0,0,27,27,0,0.0,
rate1.0_s4,0.0,runner_up_checked,121013,4.800000000000011,4.800000000000011,7.800000000000011,7.800000000000011,1.7550000000000083,1.7550000000000083,1.6121459761798125,1.6121459761798125,2.5599999999999796,2.5599999999999796,4.999999999999432,4.999999999999432,41346,41346,0,0,33,33,0,0.0,
rate1.0_s4,0.0,runner_up_checked,121014,5.800000000000011,5.800000000000011,6.800000000000011,6.800000000000011,1.8550000000000435,1.8550000000000435,1.6555528848746568,1.6555528848746568,3.2333333333333436,3.2333333333333436,9.799999999999386,9.799999999999386,41206,41206,0,0,32,32,0,0.0,
rate1.0_s4,0.0,runner_up_checked,121015,5.3999999999999915,5.3999999999999915,6.800000000000011,6.800000000000011,1.865000000000006,1.865000000000006,1.611019397799599,1.611019397799599,2.3846153846153935,2.3846153846153935,21.199999999999136,21.199999999999136,42657,42657,0,0,31,31,0,0.0,
rate1.0_s4,0.0,runner_up_checked,121016,4.800000000000011,4.800000000000011,5.800000000000011,5.800000000000011,1.785000000000008,1.785000000000008,1.5457118716042662,1.5457118716042662,2.6875000000000107,2.6875000000000107,24.59999999999866,24.59999999999866,42805,42805,0,0,29,29,0,0.0,
rate1.0_s4,0.0,runner_up_checked,121017,5.3999999999999915,5.3999999999999915,6.200000000000102,6.200000000000102,1.965000000000077,1.965000000000077,1.5664649696426673,1.5664649696426673,2.266666666666675,2.266666666666675,12.199999999999477,12.199999999999477,42120,42120,0,0,29,29,0,0.0,
rate1.0_s4,0.0,runner_up_checked,121018,4.0,4.0,4.800000000000011,4.800000000000011,1.50000000000002,1.50000000000002,1.510469727525271,1.510469727525271,2.3666666666665983,2.3666666666665983,4.599999999999568,4.599999999999568,41468,41468,0,0,28,28,0,0.0,
rate1.0_s4,0.0,runner_up_checked,121019,5.400000000000034,5.400000000000034,6.000000000000114,6.000000000000114,1.8999999999999928,1.8999999999999928,1.4888217118561986,1.4888217118561986,2.160000000000008,2.160000000000008,11.799999999998931,11.799999999998931,41625,41625,0,0,30,30,0,0.0,
rate1.0_s4,0.0,runner_up_checked,121020,5.800000000000011,5.800000000000011,5.800000000000125,5.800000000000125,1.9349999999999792,1.9349999999999792,1.5361583725995815,1.5361583725995815,2.6749999999999403,2.6749999999999403,26.599999999998772,26.599999999998772,42445,42445,0,0,34,34,0,0.0,
rate1.0_s4,0.0,runner_up_checked,121021,5.0,5.0,5.800000000000011,5.800000000000011,1.76499999999999,1.76499999999999,1.6002756923371257,1.6002756923371257,2.357894736842115,2.357894736842115,34.59999999999911,34.59999999999911,43128,43128,0,0,31,31,0,0.0,
rate1.0_s4,0.0,runner_up_checked,121022,3.0000000000001705,3.0000000000001705,5.000000000000114,5.000000000000114,1.4400000000000865,1.4400000000000865,1.440163747241527,1.440163747241527,2.0166666666666515,2.0166666666666515,16.199999999999363,16.199999999999363,42105,42105,0,0,28,28,0,0.0,
rate1.0_s4,0.0,runner_up_checked,121023,5.400000000000318,5.400000000000318,6.400000000000148,6.400000000000148,2.100000000000075,2.100000000000075,1.6409227993930995,1.6409227993930995,2.660000000000011,2.660000000000011,40.19999999999891,40.19999999999891,43542,43542,0,0,31,31,0,0.0,
rate1.0_s4,0.0,runner_up_checked,121024,4.800000000000011,4.800000000000011,6.800000000000011,6.800000000000011,1.824999999999958,1.824999999999958,1.5880107927781824,1.5880107927781824,2.2000000000000095,2.2000000000000095,7.799999999998818,7.799999999998818,40723,40723,0,0,32,32,0,0.0,
rate1.0_s4,0.0,runner_up_checked,121025,5.3999999999999915,5.3999999999999915,7.800000000000011,7.800000000000011,1.840000000000008,1.840000000000008,1.5300741294376916,1.5300741294376916,2.2285714285714344,2.2285714285714344,5.999999999999545,5.999999999999545,41301,41301,0,0,29,29,0,0.0,
rate1.0_s4,0.0,runner_up_checked,121026,5.600000000000193,5.600000000000193,6.200000000000216,6.200000000000216,1.8200000000000347,1.8200000000000347,1.537442417350597,1.537442417350597,2.233333333333339,2.233333333333339,4.399999999999864,4.399999999999864,41139,41139,0,0,36,36,0,0.0,
rate1.0_s4,0.0,runner_up_checked,121027,4.800000000000011,4.800000000000011,5.800000000000011,5.800000000000011,1.6900000000000275,1.6900000000000275,1.571199883765121,1.571199883765121,2.200000000000013,2.200000000000013,21.199999999999363,21.199999999999363,41538,41538,0,0,30,30,0,0.0,
rate1.0_s4,0.0,runner_up_checked,121028,5.800000000000011,5.800000000000011,6.000000000000114,6.000000000000114,1.8100000000000165,1.8100000000000165,1.5339561694448522,1.5339561694448522,2.3666666666666742,2.3666666666666742,4.199999999999363,4.199999999999363,41247,41247,0,0,29,29,0,0.0,
rate1.0_s4,0.0,runner_up_checked,121029,5.0,5.0,5.800000000000011,5.800000000000011,1.8150000000000162,1.8150000000000162,1.5351950448966538,1.5351950448966538,2.8666666666666805,2.8666666666666805,18.39999999999941,18.39999999999941,41891,41891,0,0,35,35,0,0.0,
rate1.0_s4,0.5,selected_checked,121000,5.800000000000011,5.800000000000011,7.700000000000216,7.700000000000216,1.9725000000000557,1.9725000000000557,1.6191334578655128,1.6191334578655128,2.376923076923075,2.376923076923075,29.099999999998886,29.099999999998886,42969,42969,0,0,28,28,0,0.0,
rate1.0_s4,0.5,selected_checked,121001,4.7999999999999545,4.7999999999999545,7.399999999999977,7.399999999999977,1.8675000000000126,1.8675000000000126,1.5200848067915425,1.5200848067915425,2.527272727272736,2.527272727272736,17.99999999999943,17.99999999999943,41457,41457,0,0,33,33,0,0.0,
rate1.0_s4,0.5,selected_checked,121002,4.800000000000011,4.800000000000011,5.199999999999989,5.199999999999989,1.7900000000000005,1.7900000000000005,1.8105394020614294,1.8105394020614294,3.4600000000000097,3.4600000000000097,16.39999999999918,16.39999999999918,41290,41290,0,0,34,34,0,0.0,
rate1.0_s4,0.5,selected_checked,121003,5.400000000000034,5.400000000000034,7.400000000000148,7.400000000000148,1.8025000000000362,1.8025000000000362,1.6194192287098303,1.6194192287098303,2.6333333333332973,2.6333333333332973,11.099999999999227,11.099999999999227,41882,41882,0,0,26,26,0,0.0,
rate1.0_s4,0.5,selected_checked,121004,4.7999999999999545,4.7999999999999545,5.800000000000011,5.800000000000011,1.7349999999999999,1.7349999999999999,1.6371410971800562,1.6371410971800562,2.2222222222222348,2.2222222222222348,5.999999999999773,5.999999999999773,40248,40248,0,0,34,34,0,0.0,
rate1.0_s4,0.5,selected_checked,121005,4.800000000000011,4.800000000000011,5.800000000000011,5.800000000000011,1.7425000000000068,1.7425000000000068,1.4942071925741096,1.4942071925741096,2.299999999999977,2.299999999999977,8.999999999999318,8.999999999999318,41077,41077,0,0,32,32,0,0.0,
rate1.0_s4,0.5,selected_checked,121006,4.800000000000011,4.800000000000011,5.7999999999999545,5.7999999999999545,1.722500000000028,1.722500000000028,1.5140383374461892,1.5140383374461892,2.589473684210535,2.589473684210535,13.499999999999432,13.499999999999432,41142,41142,0,0,29,29,0,0.0,
rate1.0_s4,0.5,selected_checked,121007,5.3999999999999915,5.3999999999999915,6.700000000000102,6.700000000000102,2.0700000000000043,2.0700000000000043,1.6748193594893699,1.6748193594893699,2.9555555555555517,2.9555555555555517,6.199999999998909,6.199999999998909,42101,42101,0,0,32,32,0,0.0,
rate1.0_s4,0.5,selected_checked,121008,4.800000000000011,4.800000000000011,4.800000000000011,4.800000000000011,1.7799999999999891,1.7799999999999891,1.7532691551706339,1.7532691551706339,2.7333333333332916,2.7333333333332916,16.799999999998704,16.799999999998704,42143,42143,0,0,29,29,0,0.0,
rate1.0_s4,0.5,selected_checked,121009,5.800000000000011,5.800000000000011,7.800000000000011,7.800000000000011,2.0900000000000087,2.0900000000000087,1.6865067716725197,1.6865067716725197,2.6800000000000126,2.6800000000000126,25.199999999999022,25.199999999999022,42470,42470,0,0,30,30,0,0.0,
rate1.0_s4,0.5,selected_checked,121010,5.800000000000011,5.800000000000011,7.600000000000136,7.600000000000136,2.0750000000000637,2.0750000000000637,1.7327382727626883,1.7327382727626883,2.1999999999999713,2.1999999999999713,19.399999999999068,19.399999999999068,42296,42296,0,0,28,28,0,0.0,
rate1.0_s4,0.5,selected_checked,121011,5.0,5.0,8.199999999999989,8.199999999999989,2.000000000000019,2.000000000000019,1.7493304767849853,1.7493304767849853,3.9714285714285853,3.9714285714285853,18.099999999999227,18.099999999999227,41878,41878,0,0,28,28,0,0.0,
rate1.0_s4,0.5,selected_checked,121012,4.800000000000011,4.800000000000011,7.600000000000307,7.600000000000307,1.8925000000000907,1.8925000000000907,1.5690053861637305,1.5690053861637305,2.3166666666666678,2.3166666666666678,7.899999999999636,7.899999999999636,40974,40974,0,0,29,29,0,0.0,
rate1.0_s4,0.5,selected_checked,121013,4.800000000000011,4.800000000000011,7.800000000000011,7.800000000000011,1.8625000000000014,1.8625000000000014,1.698285935221095,1.698285935221095,2.6099999999999794,2.6099999999999794,24.79999999999916,24.79999999999916,42621,42621,0,0,31,31,0,0.0,
rate1.0_s4,0.5,selected_checked,121014,5.800000000000011,5.800000000000011,6.800000000000011,6.800000000000011,2.0150000000000317,2.0150000000000317,1.8204763852606725,1.8204763852606725,3.5499999999999545,3.5499999999999545,22.999999999999204,22.999999999999204,42162,42162,0,0,28,28,0,0.0,
rate1.0_s4,0.5,selected_checked,121015,5.3999999999999915,5.3999999999999915,6.800000000000011,6.800000000000011,1.9150000000000058,1.9150000000000058,1.625987256376296,1.625987256376296,2.3846153846153935,2.3846153846153935,21.699999999999022,21.699999999999022,42705,42705,0,0,31,31,0,0.0,
rate1.0_s4,0.5,selected_checked,121016,4.800000000000011,4.800000000000011,5.800000000000011,5.800000000000011,1.785000000000008,1.785000000000008,1.5539156553358493,1.5539156553358493,2.6875000000000107,2.6875000000000107,25.09999999999866,25.09999999999866,42838,42838,0,0,29,29,0,0.0,
rate1.0_s4,0.5,selected_checked,121017,5.500000000000114,5.500000000000114,6.700000000000102,6.700000000000102,2.052500000000077,2.052500000000077,1.5841801156810307,1.5841801156810307,2.308333333333342,2.308333333333342,13.199999999999477,13.199999999999477,42230,42230,0,0,30,30,0,0.0,
rate1.0_s4,0.5,selected_checked,121018,4.0,4.0,4.800000000000011,4.800000000000011,1.5500000000000198,1.5500000000000198,1.524411986057915,1.524411986057915,2.3999999999999986,2.3999999999999986,5.599999999999568,5.599999999999568,41731,41731,0,0,30,30,0,0.0,
rate1.0_s4,0.5,selected_checked,121019,5.000000000000227,5.000000000000227,6.500000000000114,6.500000000000114,1.914999999999985,1.914999999999985,1.5264400765251676,1.5264400765251676,2.210000000000008,2.210000000000008,11.599999999998658,11.599999999998658,41631,41631,0,0,33,33,0,0.0,
rate1.0_s4,0.5,selected_checked,121020,5.800000000000011,5.800000000000011,6.300000000000182,6.300000000000182,1.9424999999999837,1.9424999999999837,1.5493665817773161,1.5493665817773161,2.555555555555565,2.555555555555565,5.999999999999204,5.999999999999204,41128,41128,0,0,33,33,0,0.0,
rate1.0_s4,0.5,selected_checked,121021,5.0,5.0,5.800000000000011,5.800000000000011,1.7899999999999843,1.7899999999999843,1.6119157022407287,1.6119157022407287,2.4105263157894834,2.4105263157894834,34.59999999999911,34.59999999999911,43090,43090,0,0,29,29,0,0.0,
rate1.0_s4,0.5,selected_checked,121022,3.0,3.0,5.500000000000114,5.500000000000114,1.6725000000000798,1.6725000000000798,1.4154057564228295,1.4154057564228295,2.0666666666666744,2.0666666666666744,16.699999999999363,16.699999999999363,42417,42417,0,0,32,32,0,0.0,
rate1.0_s4,0.5,selected_checked,121023,5.3999999999999915,5.3999999999999915,5.799999999999983,5.799999999999983,1.7775000000000791,1.7775000000000791,1.5095678226523561,1.5095678226523561,2.28181818181822,2.28181818181822,16.59999999999934,16.59999999999934,42257,42257,0,0,34,34,0,0.0,
rate1.0_s4,0.5,selected_checked,121024,4.800000000000011,4.800000000000011,6.800000000000011,6.800000000000011,1.6649999999999543,1.6649999999999543,1.529312625580269,1.529312625580269,2.2000000000000095,2.2000000000000095,8.799999999998818,8.799999999998818,40868,40868,0,0,34,34,0,0.0,
rate1.0_s4,0.5,selected_checked,121025,5.3999999999999915,5.3999999999999915,7.800000000000011,7.800000000000011,1.852500000000008,1.852500000000008,1.5364832004391538,1.5364832004391538,2.2333333333333436,2.2333333333333436,5.999999999999545,5.999999999999545,41295,41295,0,0,29,29,0,0.0,
rate1.0_s4,0.5,selected_checked,121026,5.3999999999999915,5.3999999999999915,7.100000000000193,7.100000000000193,1.8425000000000313,1.8425000000000313,1.5795320533648587,1.5795320533648587,2.233333333333339,2.233333333333339,12.999999999999545,12.999999999999545,41779,41779,0,0,36,36,0,0.0,
rate1.0_s4,0.5,selected_checked,121027,5.3999999999999915,5.3999999999999915,5.800000000000011,5.800000000000011,1.835000000000028,1.835000000000028,1.5843196428375657,1.5843196428375657,2.2941176470587967,2.2941176470587967,16.999999999999545,16.999999999999545,41090,41090,0,0,31,31,0,0.0,
rate1.0_s4,0.5,selected_checked,121028,5.800000000000011,5.800000000000011,5.800000000000011,5.800000000000011,1.8175000000000119,1.8175000000000119,1.5562616126571214,1.5562616126571214,2.3666666666666742,2.3666666666666742,5.199999999999363,5.199999999999363,41317,41317,0,0,31,31,0,0.0,
rate1.0_s4,0.5,selected_checked,121029,5.0,5.0,5.800000000000011,5.800000000000011,1.8650000000000162,1.8650000000000162,1.5607559459372977,1.5607559459372977,2.8666666666666805,2.8666666666666805,18.39999999999941,18.39999999999941,41888,41888,0,0,35,35,0,0.0,
rate1.0_s4,0.5,selected_unchecked,121000,5.800000000000011,5.800000000000011,7.700000000000216,7.700000000000216,1.9725000000000557,1.9725000000000557,1.6191334578655128,1.6191334578655128,2.376923076923075,2.376923076923075,29.099999999998886,29.099999999998886,42969,42969,0,0,28,28,0,0.0,
rate1.0_s4,0.5,selected_unchecked,121001,4.7999999999999545,4.7999999999999545,7.399999999999977,7.399999999999977,1.8675000000000126,1.8675000000000126,1.5200848067915425,1.5200848067915425,2.527272727272736,2.527272727272736,17.99999999999943,17.99999999999943,41457,41457,0,0,33,33,0,0.0,
rate1.0_s4,0.5,selected_unchecked,121002,4.800000000000011,4.800000000000011,5.199999999999989,5.199999999999989,1.7900000000000005,1.7900000000000005,1.8105394020614294,1.8105394020614294,3.4600000000000097,3.4600000000000097,16.39999999999918,16.39999999999918,41290,41290,0,0,34,34,0,0.0,
rate1.0_s4,0.5,selected_unchecked,121003,5.400000000000034,5.400000000000034,7.400000000000148,7.400000000000148,1.8025000000000362,1.8025000000000362,1.6194192287098303,1.6194192287098303,2.6333333333332973,2.6333333333332973,11.099999999999227,11.099999999999227,41882,41882,0,0,26,26,0,0.0,
rate1.0_s4,0.5,selected_unchecked,121004,4.7999999999999545,4.7999999999999545,5.800000000000011,5.800000000000011,1.7349999999999999,1.7349999999999999,1.6371410971800562,1.6371410971800562,2.2222222222222348,2.2222222222222348,5.999999999999773,5.999999999999773,40248,40248,0,0,34,34,0,0.0,
rate1.0_s4,0.5,selected_unchecked,121005,4.800000000000011,4.800000000000011,5.800000000000011,5.800000000000011,1.7425000000000068,1.7425000000000068,1.4942071925741096,1.4942071925741096,2.299999999999977,2.299999999999977,8.999999999999318,8.999999999999318,41077,41077,0,0,32,32,0,0.0,
rate1.0_s4,0.5,selected_unchecked,121006,4.800000000000011,4.800000000000011,5.7999999999999545,5.7999999999999545,1.722500000000028,1.722500000000028,1.5140383374461892,1.5140383374461892,2.589473684210535,2.589473684210535,13.499999999999432,13.499999999999432,41142,41142,0,0,29,29,0,0.0,
rate1.0_s4,0.5,selected_unchecked,121007,5.3999999999999915,5.3999999999999915,6.700000000000102,6.700000000000102,2.0700000000000043,2.0700000000000043,1.6748193594893699,1.6748193594893699,2.9555555555555517,2.9555555555555517,6.199999999998909,6.199999999998909,42101,42101,0,0,32,32,0,0.0,
rate1.0_s4,0.5,selected_unchecked,121008,4.800000000000011,4.800000000000011,4.800000000000011,4.800000000000011,1.7799999999999891,1.7799999999999891,1.7532691551706339,1.7532691551706339,2.7333333333332916,2.7333333333332916,16.799999999998704,16.799999999998704,42143,42143,0,0,29,29,0,0.0,
rate1.0_s4,0.5,selected_unchecked,121009,5.800000000000011,5.800000000000011,7.800000000000011,7.800000000000011,2.0900000000000087,2.0900000000000087,1.6865067716725197,1.6865067716725197,2.6800000000000126,2.6800000000000126,25.199999999999022,25.199999999999022,42470,42470,0,0,30,30,0,0.0,
rate1.0_s4,0.5,selected_unchecked,121010,5.800000000000011,5.800000000000011,7.600000000000136,7.600000000000136,2.0750000000000637,2.0750000000000637,1.7327382727626883,1.7327382727626883,2.1999999999999713,2.1999999999999713,19.399999999999068,19.399999999999068,42296,42296,0,0,28,28,0,0.0,
rate1.0_s4,0.5,selected_unchecked,121011,5.0,5.0,8.199999999999989,8.199999999999989,2.000000000000019,2.000000000000019,1.7493304767849853,1.7493304767849853,3.9714285714285853,3.9714285714285853,18.099999999999227,18.099999999999227,41878,41878,0,0,28,28,0,0.0,
rate1.0_s4,0.5,selected_unchecked,121012,4.800000000000011,4.800000000000011,7.600000000000307,7.600000000000307,1.8925000000000907,1.8925000000000907,1.5690053861637305,1.5690053861637305,2.3166666666666678,2.3166666666666678,7.899999999999636,7.899999999999636,40974,40974,0,0,29,29,0,0.0,
rate1.0_s4,0.5,selected_unchecked,121013,4.800000000000011,4.800000000000011,7.800000000000011,7.800000000000011,1.8625000000000014,1.8625000000000014,1.698285935221095,1.698285935221095,2.6099999999999794,2.6099999999999794,24.79999999999916,24.79999999999916,42621,42621,0,0,31,31,0,0.0,
rate1.0_s4,0.5,selected_unchecked,121014,5.800000000000011,5.800000000000011,6.800000000000011,6.800000000000011,2.0150000000000317,2.0150000000000317,1.8204763852606725,1.8204763852606725,3.5499999999999545,3.5499999999999545,22.999999999999204,22.999999999999204,42162,42162,0,0,28,28,0,0.0,
rate1.0_s4,0.5,selected_unchecked,121015,5.3999999999999915,5.3999999999999915,6.800000000000011,6.800000000000011,1.9150000000000058,1.9150000000000058,1.625987256376296,1.625987256376296,2.3846153846153935,2.3846153846153935,21.699999999999022,21.699999999999022,42705,42705,0,0,31,31,0,0.0,
rate1.0_s4,0.5,selected_unchecked,121016,4.800000000000011,4.800000000000011,5.800000000000011,5.800000000000011,1.785000000000008,1.785000000000008,1.5539156553358493,1.5539156553358493,2.6875000000000107,2.6875000000000107,25.09999999999866,25.09999999999866,42838,42838,0,0,29,29,0,0.0,
rate1.0_s4,0.5,selected_unchecked,121017,5.500000000000114,5.500000000000114,6.700000000000102,6.700000000000102,2.052500000000077,2.052500000000077,1.5841801156810307,1.5841801156810307,2.308333333333342,2.308333333333342,13.199999999999477,13.199999999999477,42230,42230,0,0,30,30,0,0.0,
rate1.0_s4,0.5,selected_unchecked,121018,4.0,4.0,4.800000000000011,4.800000000000011,1.5500000000000198,1.5500000000000198,1.524411986057915,1.524411986057915,2.3999999999999986,2.3999999999999986,5.599999999999568,5.599999999999568,41731,41731,0,0,30,30,0,0.0,
rate1.0_s4,0.5,selected_unchecked,121019,5.000000000000227,5.000000000000227,6.500000000000114,6.500000000000114,1.914999999999985,1.914999999999985,1.5264400765251676,1.5264400765251676,2.210000000000008,2.210000000000008,11.599999999998658,11.599999999998658,41631,41631,0,0,33,33,0,0.0,
rate1.0_s4,0.5,selected_unchecked,121020,5.800000000000011,5.800000000000011,6.300000000000182,6.300000000000182,1.9424999999999837,1.9424999999999837,1.5493665817773161,1.5493665817773161,2.555555555555565,2.555555555555565,5.999999999999204,5.999999999999204,41128,41128,0,0,33,33,0,0.0,
rate1.0_s4,0.5,selected_unchecked,121021,5.0,5.0,5.800000000000011,5.800000000000011,1.7899999999999843,1.7899999999999843,1.6119157022407287,1.6119157022407287,2.4105263157894834,2.4105263157894834,34.59999999999911,34.59999999999911,43090,43090,0,0,29,29,0,0.0,
rate1.0_s4,0.5,selected_unchecked,121022,3.0,3.0,5.500000000000114,5.500000000000114,1.6725000000000798,1.6725000000000798,1.4154057564228295,1.4154057564228295,2.0666666666666744,2.0666666666666744,16.699999999999363,16.699999999999363,42417,42417,0,0,32,32,0,0.0,
rate1.0_s4,0.5,selected_unchecked,121023,5.3999999999999915,5.3999999999999915,5.799999999999983,5.799999999999983,1.7775000000000791,1.7775000000000791,1.5095678226523561,1.5095678226523561,2.28181818181822,2.28181818181822,16.59999999999934,16.59999999999934,42257,42257,0,0,34,34,0,0.0,
rate1.0_s4,0.5,selected_unchecked,121024,4.800000000000011,4.800000000000011,6.800000000000011,6.800000000000011,1.6649999999999543,1.6649999999999543,1.529312625580269,1.529312625580269,2.2000000000000095,2.2000000000000095,8.799999999998818,8.799999999998818,40868,40868,0,0,34,34,0,0.0,
rate1.0_s4,0.5,selected_unchecked,121025,5.3999999999999915,5.3999999999999915,7.800000000000011,7.800000000000011,1.852500000000008,1.852500000000008,1.5364832004391538,1.5364832004391538,2.2333333333333436,2.2333333333333436,5.999999999999545,5.999999999999545,41295,41295,0,0,29,29,0,0.0,
rate1.0_s4,0.5,selected_unchecked,121026,5.3999999999999915,5.3999999999999915,7.100000000000193,7.100000000000193,1.8425000000000313,1.8425000000000313,1.5795320533648587,1.5795320533648587,2.233333333333339,2.233333333333339,12.999999999999545,12.999999999999545,41779,41779,0,0,36,36,0,0.0,
rate1.0_s4,0.5,selected_unchecked,121027,5.3999999999999915,5.3999999999999915,5.800000000000011,5.800000000000011,1.835000000000028,1.835000000000028,1.5843196428375657,1.5843196428375657,2.2941176470587967,2.2941176470587967,16.999999999999545,16.999999999999545,41090,41090,0,0,31,31,0,0.0,
rate1.0_s4,0.5,selected_unchecked,121028,5.800000000000011,5.800000000000011,5.800000000000011,5.800000000000011,1.8175000000000119,1.8175000000000119,1.5562616126571214,1.5562616126571214,2.3666666666666742,2.3666666666666742,5.199999999999363,5.199999999999363,41317,41317,0,0,31,31,0,0.0,
rate1.0_s4,0.5,selected_unchecked,121029,5.0,5.0,5.800000000000011,5.800000000000011,1.8650000000000162,1.8650000000000162,1.5607559459372977,1.5607559459372977,2.8666666666666805,2.8666666666666805,18.39999999999941,18.39999999999941,41888,41888,0,0,35,35,0,0.0,
rate1.0_s4,0.5,original_q2_a0.8_or_unchecked,121000,5.800000000000011,4.2000000000000455,7.700000000000216,5.7000000000000455,1.9725000000000557,1.3000000000000427,1.6191334578655128,1.4542119212668667,2.376923076923075,2.6199999999999877,29.099999999998886,8.09999999999934,42969,43849,0,40,28,37,20,1.0,1.0
rate1.0_s4,0.5,original_q2_a0.8_or_unchecked,121001,4.7999999999999545,4.7999999999999545,7.399999999999977,7.500000000000227,1.8675000000000126,1.3450000000000244,1.5200848067915425,1.4435075508214446,2.527272727272736,2.584615384615395,17.99999999999943,3.9999999999995453,41457,42567,0,40,33,33,20,1.0,1.0
rate1.0_s4,0.5,original_q2_a0.8_or_unchecked,121002,4.800000000000011,2.6000000000000227,5.199999999999989,4.199999999999989,1.7900000000000005,1.1049999999999944,1.8105394020614294,1.3550457695061204,3.4600000000000097,2.280000000000007,16.39999999999918,9.399999999999636,41290,42789,0,40,34,31,19,1.0,1.0
rate1.0_s4,0.5,original_q2_a0.8_or_unchecked,121003,5.400000000000034,4.7999999999999545,7.400000000000148,5.400000000000034,1.8025000000000362,1.3150000000000297,1.6194192287098303,1.4098548878749846,2.6333333333332973,2.000000000000006,11.099999999999227,6.399999999999295,41882,43171,0,40,26,34,20,1.0,1.0
rate1.0_s4,0.5,original_q2_a0.8_or_unchecked,121004,4.7999999999999545,4.7999999999999545,5.800000000000011,5.7999999999999545,1.7349999999999999,1.3425000000000016,1.6371410971800562,1.374626690886733,2.2222222222222348,1.9249999999999972,5.999999999999773,0.7999999999997272,40248,41403,0,40,34,36,20,1.0,1.0
rate1.0_s4,0.5,original_q2_a0.8_or_unchecked,121005,4.800000000000011,5.399999999999864,5.800000000000011,5.400000000000034,1.7425000000000068,1.4574999999999974,1.4942071925741096,1.3399267991741164,2.299999999999977,1.9999999999999716,8.999999999999318,3.499999999999204,41077,42509,0,40,32,35,20,1.0,1.0
rate1.0_s4,0.5,original_q2_a0.8_or_unchecked,121006,4.800000000000011,4.999999999999886,5.7999999999999545,5.800000000000182,1.722500000000028,1.3700000000000252,1.5140383374461892,1.362803081743249,2.589473684210535,2.345454545454562,13.499999999999432,11.599999999999454,41142,42817,0,40,29,35,20,1.0,1.0
rate1.0_s4,0.5,original_q2_a0.8_or_unchecked,121007,5.3999999999999915,5.3999999999999915,6.700000000000102,5.400000000000034,2.0700000000000043,1.5950000000000162,1.6748193594893699,1.6355499501421615,2.9555555555555517,2.8444444444444406,6.199999999998909,6.599999999999568,42101,43699,0,40,32,30,20,1.0,1.0
rate1.0_s4,0.5,original_q2_a0.8_or_unchecked,121008,4.800000000000011,2.6000000000000227,4.800000000000011,3.5000000000001705,1.7799999999999891,1.1600000000000157,1.7532691551706339,1.4931529662810903,2.7333333333332916,2.560000000000025,16.799999999998704,1.0999999999991132,42143,42978,0,40,29,36,20,1.0,1.0
rate1.0_s4,0.5,original_q2_a0.8_or_unchecked,121009,5.800000000000011,5.3999999999999915,7.800000000000011,5.400000000000034,2.0900000000000087,1.515000000000009,1.6865067716725197,1.3114259507719965,2.6800000000000126,1.8700000000000103,25.199999999999022,10.499999999999318,42470,43587,0,40,30,37,20,1.0,1.0
rate1.0_s4,0.5,original_q2_a0.8_or_unchecked,121010,5.800000000000011,5.3999999999999915,7.600000000000136,8.200000000000017,2.0750000000000637,1.4675000000000336,1.7327382727626883,1.331391866890605,2.1999999999999713,1.9700000000000386,19.399999999999068,6.599999999999341,42296,43438,0,40,28,31,20,1.0,1.0
rate1.0_s4,0.5,original_q2_a0.8_or_unchecked,121011,5.0,5.400000000000205,8.199999999999989,8.199999999999989,2.000000000000019,1.4600000000000186,1.7493304767849853,1.373337231285491,3.9714285714285853,2.3500000000000085,18.099999999999227,3.699999999999477,41878,42798,0,40,28,33,20,1.0,1.0
rate1.0_s4,0.5,original_q2_a0.8_or_unchecked,121012,4.800000000000011,4.7999999999999545,7.600000000000307,6.300000000000182,1.8925000000000907,1.5575000000000585,1.5690053861637305,1.4483362331317682,2.3166666666666678,2.3500000000000014,7.899999999999636,8.999999999999545,40974,42817,0,40,29,33,20,1.0,1.0
rate1.0_s4,0.5,original_q2_a0.8_or_unchecked,121013,4.800000000000011,5.400000000000034,7.800000000000011,8.200000000000045,1.8625000000000014,1.5075000000000132,1.698285935221095,1.488516040600264,2.6099999999999794,2.2944444444444465,24.79999999999916,6.699999999999477,42621,43018,0,40,31,31,20,1.0,1.0
rate1.0_s4,0.5,original_q2_a0.8_or_unchecked,121014,5.800000000000011,5.3999999999999915,6.800000000000011,5.400000000000034,2.0150000000000317,1.450000000000033,1.8204763852606725,1.4204745652572532,3.5499999999999545,2.1600000000000024,22.999999999999204,11.999999999999318,42162,43002,0,40,28,32,20,1.0,1.0
rate1.0_s4,0.5,original_q2_a0.8_or_unchecked,121015,5.3999999999999915,5.3999999999999915,6.800000000000011,5.7999999999999545,1.9150000000000058,1.4575000000000078,1.625987256376296,1.366419349382458,2.3846153846153935,1.9000000000000057,21.699999999999022,0.7999999999993861,42705,42912,0,40,31,29,20,1.0,1.0
rate1.0_s4,0.5,original_q2_a0.8_or_unchecked,121016,4.800000000000011,5.400000000000034,5.800000000000011,5.7999999999999545,1.785000000000008,1.4850000000000398,1.5539156553358493,1.3293830296201086,2.6875000000000107,1.9451612903225866,25.09999999999866,9.299999999999272,42838,43456,0,40,29,36,20,1.0,1.0
rate1.0_s4,0.5,original_q2_a0.8_or_unchecked,121017,5.500000000000114,5.3999999999999915,6.700000000000102,5.400000000000091,2.052500000000077,1.5400000000000542,1.5841801156810307,1.4399670436285779,2.308333333333342,2.296000000000006,13.199999999999477,5.3999999999995225,42230,43425,0,40,30,33,20,1.0,1.0
rate1.0_s4,0.5,original_q2_a0.8_or_unchecked,121018,4.0,3.8999999999999773,4.800000000000011,6.300000000000296,1.5500000000000198,1.3875000000000277,1.524411986057915,1.4469292067661903,2.3999999999999986,2.3999999999999986,5.599999999999568,6.199999999999136,41731,43634,0,40,30,34,20,1.0,1.0
rate1.0_s4,0.5,original_q2_a0.8_or_unchecked,121019,5.000000000000227,4.999999999999943,6.500000000000114,5.400000000000034,1.914999999999985,1.4650000000000012,1.5264400765251676,1.3020229622155446,2.210000000000008,2.242857142857145,11.599999999998658,0.6999999999993634,41631,42583,0,40,33,38,20,1.0,1.0
rate1.0_s4,0.5,original_q2_a0.8_or_unchecked,121020,5.800000000000011,5.3999999999999915,6.300000000000182,8.200000000000045,1.9424999999999837,1.4324999999999908,1.5493665817773161,1.3630962519872383,2.555555555555565,2.307692307692321,5.999999999999204,7.999999999999545,41128,42676,0,40,33,35,20,1.0,1.0
rate1.0_s4,0.5,original_q2_a0.8_or_unchecked,121021,5.0,5.400000000000034,5.800000000000011,6.7999999999999545,1.7899999999999843,1.45250000000001,1.6119157022407287,1.378564550559034,2.4105263157894834,1.9351351351351418,34.59999999999911,6.2999999999996135,43090,43166,0,40,29,33,20,1.0,1.0
rate1.0_s4,0.5,original_q2_a0.8_or_unchecked,121022,3.0,3.300000000000068,5.500000000000114,5.400000000000034,1.6725000000000798,1.3275000000000765,1.4154057564228295,1.3183921717635532,2.0666666666666744,2.000000000000009,16.699999999999363,9.699999999999363,42417,43287,0,40,32,39,20,1.0,1.0
rate1.0_s4,0.5,original_q2_a0.8_or_unchecked,121023,5.3999999999999915,5.7999999999999545,5.799999999999983,8.200000000000045,1.7775000000000791,1.8150000000000712,1.5095678226523561,1.344274487650053,2.28181818181822,1.800000000000007,16.59999999999934,16.29999999999916,42257,43921,0,40,34,36,20,1.0,1.0
rate1.0_s4,0.5,original_q2_a0.8_or_unchecked,121024,4.800000000000011,3.300000000000125,6.800000000000011,9.800000000000182,1.6649999999999543,1.3975000000000009,1.529312625580269,1.3549105206794727,2.2000000000000095,2.4625000000000057,8.799999999998818,0.9999999999994316,40868,42586,0,40,34,39,20,1.0,1.0
rate1.0_s4,0.5,original_q2_a0.8_or_unchecked,121025,5.3999999999999915,5.3999999999999915,7.800000000000011,6.200000000000159,1.852500000000008,1.53499999999999,1.5364832004391538,1.4374074779214927,2.2333333333333436,2.733333333333339,5.999999999999545,0.7999999999994998,41295,42498,0,40,29,34,20,1.0,1.0
rate1.0_s4,0.5,original_q2_a0.8_or_unchecked,121026,5.3999999999999915,5.3999999999999915,7.100000000000193,10.20000000000016,1.8425000000000313,1.5800000000000036,1.5795320533648587,1.3279024938583865,2.233333333333339,1.8363636363636353,12.999999999999545,7.799999999999386,41779,42905,0,40,36,34,20,1.0,1.0
rate1.0_s4,0.5,original_q2_a0.8_or_unchecked,121027,5.3999999999999915,5.3999999999999915,5.800000000000011,5.400000000000034,1.835000000000028,1.4375000000000273,1.5843196428375657,1.379211197204858,2.2941176470587967,2.0714285714285796,16.999999999999545,8.79999999999984,41090,42556,0,40,31,33,20,1.0,1.0
rate1.0_s4,0.5,original_q2_a0.8_or_unchecked,121028,5.800000000000011,2.6000000000000227,5.800000000000011,5.400000000000205,1.8175000000000119,1.1150000000000375,1.5562616126571214,1.4033614720099536,2.3666666666666742,2.0999999999999694,5.199999999999363,6.999999999999545,41317,43019,0,40,31,32,20,1.0,1.0
rate1.0_s4,0.5,original_q2_a0.8_or_unchecked,121029,5.0,4.399999999999977,5.800000000000011,5.000000000000057,1.8650000000000162,1.2150000000000283,1.5607559459372977,1.326976366290181,2.8666666666666805,1.8888888888888635,18.39999999999941,2.499999999999659,41888,42525,0,40,35,36,20,1.0,1.0
rate1.0_s4,0.5,runner_up_checked,121000,5.800000000000011,5.800000000000011,7.700000000000216,7.700000000000216,1.9725000000000557,1.9725000000000557,1.6191334578655128,1.6191334578655128,2.376923076923075,2.376923076923075,29.099999999998886,29.099999999998886,42969,42969,0,0,28,28,0,0.0,
rate1.0_s4,0.5,runner_up_checked,121001,4.7999999999999545,4.7999999999999545,7.399999999999977,7.399999999999977,1.8675000000000126,1.8675000000000126,1.5200848067915425,1.5200848067915425,2.527272727272736,2.527272727272736,17.99999999999943,17.99999999999943,41457,41457,0,0,33,33,0,0.0,
rate1.0_s4,0.5,runner_up_checked,121002,4.800000000000011,4.800000000000011,5.199999999999989,5.199999999999989,1.7900000000000005,1.7900000000000005,1.8105394020614294,1.8105394020614294,3.4600000000000097,3.4600000000000097,16.39999999999918,16.39999999999918,41290,41290,0,0,34,34,0,0.0,
rate1.0_s4,0.5,runner_up_checked,121003,5.400000000000034,5.400000000000034,7.400000000000148,7.400000000000148,1.8025000000000362,1.8025000000000362,1.6194192287098303,1.6194192287098303,2.6333333333332973,2.6333333333332973,11.099999999999227,11.099999999999227,41882,41882,0,0,26,26,0,0.0,
rate1.0_s4,0.5,runner_up_checked,121004,4.7999999999999545,4.7999999999999545,5.800000000000011,5.800000000000011,1.7349999999999999,1.7349999999999999,1.6371410971800562,1.6371410971800562,2.2222222222222348,2.2222222222222348,5.999999999999773,5.999999999999773,40248,40248,0,0,34,34,0,0.0,
rate1.0_s4,0.5,runner_up_checked,121005,4.800000000000011,4.800000000000011,5.800000000000011,5.800000000000011,1.7425000000000068,1.7425000000000068,1.4942071925741096,1.4942071925741096,2.299999999999977,2.299999999999977,8.999999999999318,8.999999999999318,41077,41077,0,0,32,32,0,0.0,
rate1.0_s4,0.5,runner_up_checked,121006,4.800000000000011,4.800000000000011,5.7999999999999545,5.7999999999999545,1.722500000000028,1.722500000000028,1.5140383374461892,1.5140383374461892,2.589473684210535,2.589473684210535,13.499999999999432,13.499999999999432,41142,41142,0,0,29,29,0,0.0,
rate1.0_s4,0.5,runner_up_checked,121007,5.3999999999999915,5.3999999999999915,6.700000000000102,6.700000000000102,2.0700000000000043,2.0700000000000043,1.6748193594893699,1.6748193594893699,2.9555555555555517,2.9555555555555517,6.199999999998909,6.199999999998909,42101,42101,0,0,32,32,0,0.0,
rate1.0_s4,0.5,runner_up_checked,121008,4.800000000000011,4.800000000000011,4.800000000000011,4.800000000000011,1.7799999999999891,1.7799999999999891,1.7532691551706339,1.7532691551706339,2.7333333333332916,2.7333333333332916,16.799999999998704,16.799999999998704,42143,42143,0,0,29,29,0,0.0,
rate1.0_s4,0.5,runner_up_checked,121009,5.800000000000011,5.800000000000011,7.800000000000011,7.800000000000011,2.0900000000000087,2.0900000000000087,1.6865067716725197,1.6865067716725197,2.6800000000000126,2.6800000000000126,25.199999999999022,25.199999999999022,42470,42470,0,0,30,30,0,0.0,
rate1.0_s4,0.5,runner_up_checked,121010,5.800000000000011,5.800000000000011,7.600000000000136,7.600000000000136,2.0750000000000637,2.0750000000000637,1.7327382727626883,1.7327382727626883,2.1999999999999713,2.1999999999999713,19.399999999999068,19.399999999999068,42296,42296,0,0,28,28,0,0.0,
rate1.0_s4,0.5,runner_up_checked,121011,5.0,5.0,8.199999999999989,8.199999999999989,2.000000000000019,2.000000000000019,1.7493304767849853,1.7493304767849853,3.9714285714285853,3.9714285714285853,18.099999999999227,18.099999999999227,41878,41878,0,0,28,28,0,0.0,
rate1.0_s4,0.5,runner_up_checked,121012,4.800000000000011,4.800000000000011,7.600000000000307,7.600000000000307,1.8925000000000907,1.8925000000000907,1.5690053861637305,1.5690053861637305,2.3166666666666678,2.3166666666666678,7.899999999999636,7.899999999999636,40974,40974,0,0,29,29,0,0.0,
rate1.0_s4,0.5,runner_up_checked,121013,4.800000000000011,4.800000000000011,7.800000000000011,7.800000000000011,1.8625000000000014,1.8625000000000014,1.698285935221095,1.698285935221095,2.6099999999999794,2.6099999999999794,24.79999999999916,24.79999999999916,42621,42621,0,0,31,31,0,0.0,
rate1.0_s4,0.5,runner_up_checked,121014,5.800000000000011,5.800000000000011,6.800000000000011,6.800000000000011,2.0150000000000317,2.0150000000000317,1.8204763852606725,1.8204763852606725,3.5499999999999545,3.5499999999999545,22.999999999999204,22.999999999999204,42162,42162,0,0,28,28,0,0.0,
rate1.0_s4,0.5,runner_up_checked,121015,5.3999999999999915,5.3999999999999915,6.800000000000011,6.800000000000011,1.9150000000000058,1.9150000000000058,1.625987256376296,1.625987256376296,2.3846153846153935,2.3846153846153935,21.699999999999022,21.699999999999022,42705,42705,0,0,31,31,0,0.0,
rate1.0_s4,0.5,runner_up_checked,121016,4.800000000000011,4.800000000000011,5.800000000000011,5.800000000000011,1.785000000000008,1.785000000000008,1.5539156553358493,1.5539156553358493,2.6875000000000107,2.6875000000000107,25.09999999999866,25.09999999999866,42838,42838,0,0,29,29,0,0.0,
rate1.0_s4,0.5,runner_up_checked,121017,5.500000000000114,5.500000000000114,6.700000000000102,6.700000000000102,2.052500000000077,2.052500000000077,1.5841801156810307,1.5841801156810307,2.308333333333342,2.308333333333342,13.199999999999477,13.199999999999477,42230,42230,0,0,30,30,0,0.0,
rate1.0_s4,0.5,runner_up_checked,121018,4.0,4.0,4.800000000000011,4.800000000000011,1.5500000000000198,1.5500000000000198,1.524411986057915,1.524411986057915,2.3999999999999986,2.3999999999999986,5.599999999999568,5.599999999999568,41731,41731,0,0,30,30,0,0.0,
rate1.0_s4,0.5,runner_up_checked,121019,5.000000000000227,5.000000000000227,6.500000000000114,6.500000000000114,1.914999999999985,1.914999999999985,1.5264400765251676,1.5264400765251676,2.210000000000008,2.210000000000008,11.599999999998658,11.599999999998658,41631,41631,0,0,33,33,0,0.0,
rate1.0_s4,0.5,runner_up_checked,121020,5.800000000000011,5.800000000000011,6.300000000000182,6.300000000000182,1.9424999999999837,1.9424999999999837,1.5493665817773161,1.5493665817773161,2.555555555555565,2.555555555555565,5.999999999999204,5.999999999999204,41128,41128,0,0,33,33,0,0.0,
rate1.0_s4,0.5,runner_up_checked,121021,5.0,5.0,5.800000000000011,5.800000000000011,1.7899999999999843,1.7899999999999843,1.6119157022407287,1.6119157022407287,2.4105263157894834,2.4105263157894834,34.59999999999911,34.59999999999911,43090,43090,0,0,29,29,0,0.0,
rate1.0_s4,0.5,runner_up_checked,121022,3.0,3.0,5.500000000000114,5.500000000000114,1.6725000000000798,1.6725000000000798,1.4154057564228295,1.4154057564228295,2.0666666666666744,2.0666666666666744,16.699999999999363,16.699999999999363,42417,42417,0,0,32,32,0,0.0,
rate1.0_s4,0.5,runner_up_checked,121023,5.3999999999999915,5.3999999999999915,5.799999999999983,5.799999999999983,1.7775000000000791,1.7775000000000791,1.5095678226523561,1.5095678226523561,2.28181818181822,2.28181818181822,16.59999999999934,16.59999999999934,42257,42257,0,0,34,34,0,0.0,
rate1.0_s4,0.5,runner_up_checked,121024,4.800000000000011,4.800000000000011,6.800000000000011,6.800000000000011,1.6649999999999543,1.6649999999999543,1.529312625580269,1.529312625580269,2.2000000000000095,2.2000000000000095,8.799999999998818,8.799999999998818,40868,40868,0,0,34,34,0,0.0,
rate1.0_s4,0.5,runner_up_checked,121025,5.3999999999999915,5.3999999999999915,7.800000000000011,7.800000000000011,1.852500000000008,1.852500000000008,1.5364832004391538,1.5364832004391538,2.2333333333333436,2.2333333333333436,5.999999999999545,5.999999999999545,41295,41295,0,0,29,29,0,0.0,
rate1.0_s4,0.5,runner_up_checked,121026,5.3999999999999915,5.3999999999999915,7.100000000000193,7.100000000000193,1.8425000000000313,1.8425000000000313,1.5795320533648587,1.5795320533648587,2.233333333333339,2.233333333333339,12.999999999999545,12.999999999999545,41779,41779,0,0,36,36,0,0.0,
rate1.0_s4,0.5,runner_up_checked,121027,5.3999999999999915,5.3999999999999915,5.800000000000011,5.800000000000011,1.835000000000028,1.835000000000028,1.5843196428375657,1.5843196428375657,2.2941176470587967,2.2941176470587967,16.999999999999545,16.999999999999545,41090,41090,0,0,31,31,0,0.0,
rate1.0_s4,0.5,runner_up_checked,121028,5.800000000000011,5.800000000000011,5.800000000000011,5.800000000000011,1.8175000000000119,1.8175000000000119,1.5562616126571214,1.5562616126571214,2.3666666666666742,2.3666666666666742,5.199999999999363,5.199999999999363,41317,41317,0,0,31,31,0,0.0,
rate1.0_s4,0.5,runner_up_checked,121029,5.0,5.0,5.800000000000011,5.800000000000011,1.8650000000000162,1.8650000000000162,1.5607559459372977,1.5607559459372977,2.8666666666666805,2.8666666666666805,18.39999999999941,18.39999999999941,41888,41888,0,0,35,35,0,0.0,
rate1.0_s4,2.0,selected_checked,121000,4.800000000000011,4.800000000000011,5.800000000000011,5.800000000000011,1.7250000000000596,1.7250000000000596,1.6479246002520493,1.6479246002520493,2.960000000000008,2.960000000000008,11.19999999999925,11.19999999999925,42302,42302,0,0,29,29,0,0.0,
rate1.0_s4,2.0,selected_checked,121001,4.7999999999999545,4.7999999999999545,7.399999999999977,7.399999999999977,1.7600000000000258,1.7600000000000258,1.4924505640240766,1.4924505640240766,2.4000000000000394,2.4000000000000394,17.99999999999943,17.99999999999943,41490,41490,0,0,36,36,0,0.0,
rate1.0_s4,2.0,selected_checked,121002,4.800000000000011,4.800000000000011,5.199999999999989,5.199999999999989,1.8150000000000006,1.8150000000000006,1.8313890317220598,1.8313890317220598,3.4266666666666765,3.4266666666666765,18.399999999999068,18.399999999999068,41579,41579,0,0,33,33,0,0.0,
rate1.0_s4,2.0,selected_checked,121003,5.400000000000034,5.400000000000034,7.400000000000148,7.400000000000148,1.905000000000031,1.905000000000031,1.6246827999824478,1.6246827999824478,2.161538461538469,2.161538461538469,12.599999999999227,12.599999999999227,41899,41899,0,0,27,27,0,0.0,
rate1.0_s4,2.0,selected_checked,121004,4.7999999999999545,4.7999999999999545,5.800000000000011,5.800000000000011,1.6850000000000036,1.6850000000000036,1.6449802952690102,1.6449802952690102,2.549999999999997,2.549999999999997,5.999999999999773,5.999999999999773,40178,40178,0,0,34,34,0,0.0,
rate1.0_s4,2.0,selected_checked,121005,4.800000000000011,4.800000000000011,5.800000000000011,5.800000000000011,1.7500000000000042,1.7500000000000042,1.607155599919072,1.607155599919072,2.299999999999983,2.299999999999983,8.999999999999318,8.999999999999318,41074,41074,0,0,31,31,0,0.0,
rate1.0_s4,2.0,selected_checked,121006,4.800000000000011,4.800000000000011,5.7999999999999545,5.7999999999999545,1.6350000000000278,1.6350000000000278,1.526717261914332,1.526717261914332,1.9999999999999734,1.9999999999999734,14.999999999999432,14.999999999999432,41068,41068,0,0,31,31,0,0.0,
rate1.0_s4,2.0,selected_checked,121007,4.800000000000011,4.800000000000011,5.3999999999999915,5.3999999999999915,1.8550000000000206,1.8550000000000206,1.7443784085712977,1.7443784085712977,3.292307692307654,3.292307692307654,11.199999999999136,11.199999999999136,42338,42338,0,0,29,29,0,0.0,
rate1.0_s4,2.0,selected_checked,121008,4.800000000000011,4.800000000000011,4.800000000000011,4.800000000000011,1.5899999999999892,1.5899999999999892,1.7215712541850476,1.7215712541850476,2.8500000000000085,2.8500000000000085,16.799999999998704,16.799999999998704,42123,42123,0,0,27,27,0,0.0,
rate1.0_s4,2.0,selected_checked,121009,5.800000000000011,5.800000000000011,7.800000000000011,7.800000000000011,2.040000000000009,2.040000000000009,1.708255641515379,1.708255641515379,2.6800000000000126,2.6800000000000126,25.199999999999022,25.199999999999022,42404,42404,0,0,30,30,0,0.0,
rate1.0_s4,2.0,selected_checked,121010,5.800000000000011,5.800000000000011,7.600000000000136,7.600000000000136,2.0250000000000634,2.0250000000000634,1.7353241037374265,1.7353241037374265,2.255555555555563,2.255555555555563,22.399999999999068,22.399999999999068,42375,42375,0,0,27,27,0,0.0,
rate1.0_s4,2.0,selected_checked,121011,4.800000000000011,4.800000000000011,8.199999999999989,8.199999999999989,1.9350000000000271,1.9350000000000271,1.7504003556934866,1.7504003556934866,3.9714285714285853,3.9714285714285853,19.599999999999227,19.599999999999227,41975,41975,0,0,31,31,0,0.0,
rate1.0_s4,2.0,selected_checked,121012,4.800000000000011,4.800000000000011,7.600000000000307,7.600000000000307,1.8450000000001139,1.8450000000001139,1.6179886697238834,1.6179886697238834,2.2285714285713993,2.2285714285713993,9.19999999999959,9.19999999999959,41029,41029,0,0,29,29,0,0.0,
rate1.0_s4,2.0,selected_checked,121013,4.800000000000011,4.800000000000011,7.800000000000011,7.800000000000011,1.760000000000018,1.760000000000018,1.7221887084810703,1.7221887084810703,3.099999999999966,3.099999999999966,24.599999999999113,24.599999999999113,42559,42559,0,0,30,30,0,0.0,
rate1.0_s4,2.0,selected_checked,121014,5.800000000000011,5.800000000000011,6.800000000000011,6.800000000000011,1.815000000000047,1.815000000000047,1.78187055240593,1.78187055240593,3.2333333333333436,3.2333333333333436,0.9999999999995453,0.9999999999995453,40697,40697,0,0,29,29,0,0.0,
rate1.0_s4,2.0,selected_checked,121015,5.3999999999999915,5.3999999999999915,6.800000000000011,6.800000000000011,1.9050000000000036,1.9050000000000036,1.6550261704522526,1.6550261704522526,2.4800000000000093,2.4800000000000093,23.199999999999022,23.199999999999022,42765,42765,0,0,31,31,0,0.0,
rate1.0_s4,2.0,selected_checked,121016,4.800000000000011,4.800000000000011,5.800000000000011,5.800000000000011,1.785000000000008,1.785000000000008,1.5785270065305994,1.5785270065305994,2.6875000000000107,2.6875000000000107,26.59999999999866,26.59999999999866,42836,42836,0,0,29,29,0,0.0,
rate1.0_s4,2.0,selected_checked,121017,5.200000000000102,5.200000000000102,5.800000000000011,5.800000000000011,1.8400000000000811,1.8400000000000811,1.5666978425844336,1.5666978425844336,2.3500000000000085,2.3500000000000085,14.199999999999477,14.199999999999477,42306,42306,0,0,31,31,0,0.0,
rate1.0_s4,2.0,selected_checked,121018,4.7999999999999545,4.7999999999999545,6.000000000000114,6.000000000000114,1.5700000000000274,1.5700000000000274,1.6375398366472467,1.6375398366472467,2.6705882352941366,2.6705882352941366,12.199999999999477,12.199999999999477,42191,42191,0,0,29,29,0,0.0,
rate1.0_s4,2.0,selected_checked,121019,4.800000000000011,4.800000000000011,5.400000000000034,5.400000000000034,1.6649999999999736,1.6649999999999736,1.5062991493479685,1.5062991493479685,2.1812500000000083,2.1812500000000083,7.399999999999295,7.399999999999295,41237,41237,0,0,30,30,0,0.0,
rate1.0_s4,2.0,selected_checked,121020,5.800000000000011,5.800000000000011,5.800000000000011,5.800000000000011,2.009999999999982,2.009999999999982,1.6514156251724308,1.6514156251724308,2.6749999999999403,2.6749999999999403,26.599999999998772,26.599999999998772,42263,42263,0,0,32,32,0,0.0,
rate1.0_s4,2.0,selected_checked,121021,5.0,5.0,5.800000000000011,5.800000000000011,1.7649999999999841,1.7649999999999841,1.6467634149306918,1.6467634149306918,2.5684210526315914,2.5684210526315914,34.59999999999911,34.59999999999911,43077,43077,0,0,31,31,0,0.0,
rate1.0_s4,2.0,selected_checked,121022,3.0,3.0,4.800000000000011,4.800000000000011,1.4600000000000684,1.4600000000000684,1.3783459739317316,1.3783459739317316,2.0666666666666744,2.0666666666666744,11.399999999999409,11.399999999999409,42033,42033,0,0,30,30,0,0.0,
rate1.0_s4,2.0,selected_checked,121023,5.400000000000489,5.400000000000489,5.799999999999983,5.799999999999983,1.7350000000000878,1.7350000000000878,1.5007485471985327,1.5007485471985327,2.2700000000000076,2.2700000000000076,37.799999999999045,37.799999999999045,43381,43381,0,0,32,32,0,0.0,
rate1.0_s4,2.0,selected_checked,121024,5.199999999999363,5.199999999999363,6.800000000000011,6.800000000000011,1.794999999999947,1.794999999999947,1.6247169467915108,1.6247169467915108,2.2833333333333408,2.2833333333333408,15.199999999998795,15.199999999998795,41335,41335,0,0,35,35,0,0.0,
rate1.0_s4,2.0,selected_checked,121025,5.3999999999999915,5.3999999999999915,7.800000000000011,7.800000000000011,1.8850000000000111,1.8850000000000111,1.5555588982920256,1.5555588982920256,2.2333333333333436,2.2333333333333436,5.999999999999545,5.999999999999545,41214,41214,0,0,29,29,0,0.0,
rate1.0_s4,2.0,selected_checked,121026,5.3999999999999915,5.3999999999999915,6.200000000000216,6.200000000000216,1.7700000000000427,1.7700000000000427,1.6319152732915256,1.6319152732915256,2.416666666666648,2.416666666666648,6.7999999999996135,6.7999999999996135,41198,41198,0,0,35,35,0,0.0,
rate1.0_s4,2.0,selected_checked,121027,4.800000000000011,4.800000000000011,5.800000000000011,5.800000000000011,1.7250000000000356,1.7250000000000356,1.5746983897959181,1.5746983897959181,2.275000000000002,2.275000000000002,20.999999999999318,20.999999999999318,41165,41165,0,0,30,30,0,0.0,
rate1.0_s4,2.0,selected_checked,121028,5.800000000000011,5.800000000000011,5.800000000000011,5.800000000000011,1.7450000000000103,1.7450000000000103,1.5327218987562472,1.5327218987562472,2.3666666666666742,2.3666666666666742,8.19999999999925,8.19999999999925,41486,41486,0,0,31,31,0,0.0,
rate1.0_s4,2.0,selected_checked,121029,5.0,5.0,5.800000000000011,5.800000000000011,1.850000000000017,1.850000000000017,1.6167836921626777,1.6167836921626777,2.8666666666666805,2.8666666666666805,18.39999999999941,18.39999999999941,41743,41743,0,0,34,34,0,0.0,
rate1.0_s4,2.0,selected_unchecked,121000,4.800000000000011,4.800000000000011,5.800000000000011,5.800000000000011,1.7250000000000596,1.7250000000000596,1.6479246002520493,1.6479246002520493,2.960000000000008,2.960000000000008,11.19999999999925,11.19999999999925,42302,42302,0,0,29,29,0,0.0,
rate1.0_s4,2.0,selected_unchecked,121001,4.7999999999999545,4.7999999999999545,7.399999999999977,7.399999999999977,1.7600000000000258,1.7600000000000258,1.4924505640240766,1.4924505640240766,2.4000000000000394,2.4000000000000394,17.99999999999943,17.99999999999943,41490,41490,0,0,36,36,0,0.0,
rate1.0_s4,2.0,selected_unchecked,121002,4.800000000000011,4.800000000000011,5.199999999999989,5.199999999999989,1.8150000000000006,1.8150000000000006,1.8313890317220598,1.8313890317220598,3.4266666666666765,3.4266666666666765,18.399999999999068,18.399999999999068,41579,41579,0,0,33,33,0,0.0,
rate1.0_s4,2.0,selected_unchecked,121003,5.400000000000034,5.400000000000034,7.400000000000148,7.400000000000148,1.905000000000031,1.905000000000031,1.6246827999824478,1.6246827999824478,2.161538461538469,2.161538461538469,12.599999999999227,12.599999999999227,41899,41899,0,0,27,27,0,0.0,
rate1.0_s4,2.0,selected_unchecked,121004,4.7999999999999545,4.7999999999999545,5.800000000000011,5.800000000000011,1.6850000000000036,1.6850000000000036,1.6449802952690102,1.6449802952690102,2.549999999999997,2.549999999999997,5.999999999999773,5.999999999999773,40178,40178,0,0,34,34,0,0.0,
rate1.0_s4,2.0,selected_unchecked,121005,4.800000000000011,4.800000000000011,5.800000000000011,5.800000000000011,1.7500000000000042,1.7500000000000042,1.607155599919072,1.607155599919072,2.299999999999983,2.299999999999983,8.999999999999318,8.999999999999318,41074,41074,0,0,31,31,0,0.0,
rate1.0_s4,2.0,selected_unchecked,121006,4.800000000000011,4.800000000000011,5.7999999999999545,5.7999999999999545,1.6350000000000278,1.6350000000000278,1.526717261914332,1.526717261914332,1.9999999999999734,1.9999999999999734,14.999999999999432,14.999999999999432,41068,41068,0,0,31,31,0,0.0,
rate1.0_s4,2.0,selected_unchecked,121007,4.800000000000011,4.800000000000011,5.3999999999999915,5.3999999999999915,1.8550000000000206,1.8550000000000206,1.7443784085712977,1.7443784085712977,3.292307692307654,3.292307692307654,11.199999999999136,11.199999999999136,42338,42338,0,0,29,29,0,0.0,
rate1.0_s4,2.0,selected_unchecked,121008,4.800000000000011,4.800000000000011,4.800000000000011,4.800000000000011,1.5899999999999892,1.5899999999999892,1.7215712541850476,1.7215712541850476,2.8500000000000085,2.8500000000000085,16.799999999998704,16.799999999998704,42123,42123,0,0,27,27,0,0.0,
rate1.0_s4,2.0,selected_unchecked,121009,5.800000000000011,5.800000000000011,7.800000000000011,7.800000000000011,2.040000000000009,2.040000000000009,1.708255641515379,1.708255641515379,2.6800000000000126,2.6800000000000126,25.199999999999022,25.199999999999022,42404,42404,0,0,30,30,0,0.0,
rate1.0_s4,2.0,selected_unchecked,121010,5.800000000000011,5.800000000000011,7.600000000000136,7.600000000000136,2.0250000000000634,2.0250000000000634,1.7353241037374265,1.7353241037374265,2.255555555555563,2.255555555555563,22.399999999999068,22.399999999999068,42375,42375,0,0,27,27,0,0.0,
rate1.0_s4,2.0,selected_unchecked,121011,4.800000000000011,4.800000000000011,8.199999999999989,8.199999999999989,1.9350000000000271,1.9350000000000271,1.7504003556934866,1.7504003556934866,3.9714285714285853,3.9714285714285853,19.599999999999227,19.599999999999227,41975,41975,0,0,31,31,0,0.0,
rate1.0_s4,2.0,selected_unchecked,121012,4.800000000000011,4.800000000000011,7.600000000000307,7.600000000000307,1.8450000000001139,1.8450000000001139,1.6179886697238834,1.6179886697238834,2.2285714285713993,2.2285714285713993,9.19999999999959,9.19999999999959,41029,41029,0,0,29,29,0,0.0,
rate1.0_s4,2.0,selected_unchecked,121013,4.800000000000011,4.800000000000011,7.800000000000011,7.800000000000011,1.760000000000018,1.760000000000018,1.7221887084810703,1.7221887084810703,3.099999999999966,3.099999999999966,24.599999999999113,24.599999999999113,42559,42559,0,0,30,30,0,0.0,
rate1.0_s4,2.0,selected_unchecked,121014,5.800000000000011,5.800000000000011,6.800000000000011,6.800000000000011,1.815000000000047,1.815000000000047,1.78187055240593,1.78187055240593,3.2333333333333436,3.2333333333333436,0.9999999999995453,0.9999999999995453,40697,40697,0,0,29,29,0,0.0,
rate1.0_s4,2.0,selected_unchecked,121015,5.3999999999999915,5.3999999999999915,6.800000000000011,6.800000000000011,1.9050000000000036,1.9050000000000036,1.6550261704522526,1.6550261704522526,2.4800000000000093,2.4800000000000093,23.199999999999022,23.199999999999022,42765,42765,0,0,31,31,0,0.0,
rate1.0_s4,2.0,selected_unchecked,121016,4.800000000000011,4.800000000000011,5.800000000000011,5.800000000000011,1.785000000000008,1.785000000000008,1.5785270065305994,1.5785270065305994,2.6875000000000107,2.6875000000000107,26.59999999999866,26.59999999999866,42836,42836,0,0,29,29,0,0.0,
rate1.0_s4,2.0,selected_unchecked,121017,5.200000000000102,5.200000000000102,5.800000000000011,5.800000000000011,1.8400000000000811,1.8400000000000811,1.5666978425844336,1.5666978425844336,2.3500000000000085,2.3500000000000085,14.199999999999477,14.199999999999477,42306,42306,0,0,31,31,0,0.0,
rate1.0_s4,2.0,selected_unchecked,121018,4.7999999999999545,4.7999999999999545,6.000000000000114,6.000000000000114,1.5700000000000274,1.5700000000000274,1.6375398366472467,1.6375398366472467,2.6705882352941366,2.6705882352941366,12.199999999999477,12.199999999999477,42191,42191,0,0,29,29,0,0.0,
rate1.0_s4,2.0,selected_unchecked,121019,4.800000000000011,4.800000000000011,5.400000000000034,5.400000000000034,1.6649999999999736,1.6649999999999736,1.5062991493479685,1.5062991493479685,2.1812500000000083,2.1812500000000083,7.399999999999295,7.399999999999295,41237,41237,0,0,30,30,0,0.0,
rate1.0_s4,2.0,selected_unchecked,121020,5.800000000000011,5.800000000000011,5.800000000000011,5.800000000000011,2.009999999999982,2.009999999999982,1.6514156251724308,1.6514156251724308,2.6749999999999403,2.6749999999999403,26.599999999998772,26.599999999998772,42263,42263,0,0,32,32,0,0.0,
rate1.0_s4,2.0,selected_unchecked,121021,5.0,5.0,5.800000000000011,5.800000000000011,1.7649999999999841,1.7649999999999841,1.6467634149306918,1.6467634149306918,2.5684210526315914,2.5684210526315914,34.59999999999911,34.59999999999911,43077,43077,0,0,31,31,0,0.0,
rate1.0_s4,2.0,selected_unchecked,121022,3.0,3.0,4.800000000000011,4.800000000000011,1.4600000000000684,1.4600000000000684,1.3783459739317316,1.3783459739317316,2.0666666666666744,2.0666666666666744,11.399999999999409,11.399999999999409,42033,42033,0,0,30,30,0,0.0,
rate1.0_s4,2.0,selected_unchecked,121023,5.400000000000489,5.400000000000489,5.799999999999983,5.799999999999983,1.7350000000000878,1.7350000000000878,1.5007485471985327,1.5007485471985327,2.2700000000000076,2.2700000000000076,37.799999999999045,37.799999999999045,43381,43381,0,0,32,32,0,0.0,
rate1.0_s4,2.0,selected_unchecked,121024,5.199999999999363,5.199999999999363,6.800000000000011,6.800000000000011,1.794999999999947,1.794999999999947,1.6247169467915108,1.6247169467915108,2.2833333333333408,2.2833333333333408,15.199999999998795,15.199999999998795,41335,41335,0,0,35,35,0,0.0,
rate1.0_s4,2.0,selected_unchecked,121025,5.3999999999999915,5.3999999999999915,7.800000000000011,7.800000000000011,1.8850000000000111,1.8850000000000111,1.5555588982920256,1.5555588982920256,2.2333333333333436,2.2333333333333436,5.999999999999545,5.999999999999545,41214,41214,0,0,29,29,0,0.0,
rate1.0_s4,2.0,selected_unchecked,121026,5.3999999999999915,5.3999999999999915,6.200000000000216,6.200000000000216,1.7700000000000427,1.7700000000000427,1.6319152732915256,1.6319152732915256,2.416666666666648,2.416666666666648,6.7999999999996135,6.7999999999996135,41198,41198,0,0,35,35,0,0.0,
rate1.0_s4,2.0,selected_unchecked,121027,4.800000000000011,4.800000000000011,5.800000000000011,5.800000000000011,1.7250000000000356,1.7250000000000356,1.5746983897959181,1.5746983897959181,2.275000000000002,2.275000000000002,20.999999999999318,20.999999999999318,41165,41165,0,0,30,30,0,0.0,
rate1.0_s4,2.0,selected_unchecked,121028,5.800000000000011,5.800000000000011,5.800000000000011,5.800000000000011,1.7450000000000103,1.7450000000000103,1.5327218987562472,1.5327218987562472,2.3666666666666742,2.3666666666666742,8.19999999999925,8.19999999999925,41486,41486,0,0,31,31,0,0.0,
rate1.0_s4,2.0,selected_unchecked,121029,5.0,5.0,5.800000000000011,5.800000000000011,1.850000000000017,1.850000000000017,1.6167836921626777,1.6167836921626777,2.8666666666666805,2.8666666666666805,18.39999999999941,18.39999999999941,41743,41743,0,0,34,34,0,0.0,
rate1.0_s4,2.0,original_q2_a0.8_or_unchecked,121000,4.800000000000011,4.7999999999999545,5.800000000000011,6.800000000000182,1.7250000000000596,1.3500000000000427,1.6479246002520493,1.5463360190812703,2.960000000000008,3.2399999999999975,11.19999999999925,11.19999999999925,42302,43892,0,40,29,37,20,1.0,1.0
rate1.0_s4,2.0,original_q2_a0.8_or_unchecked,121001,4.7999999999999545,4.800000000000125,7.399999999999977,9.800000000000068,1.7600000000000258,1.4900000000000133,1.4924505640240766,1.4697163460406,2.4000000000000394,3.0615384615384844,17.99999999999943,13.399999999999181,41490,43095,0,40,36,35,20,1.0,1.0
rate1.0_s4,2.0,original_q2_a0.8_or_unchecked,121002,4.800000000000011,2.6000000000000227,5.199999999999989,4.199999999999989,1.8150000000000006,1.0749999999999975,1.8313890317220598,1.4052895368906972,3.4266666666666765,2.280000000000007,18.399999999999068,9.399999999999636,41579,42766,0,40,33,31,19,1.0,1.0
rate1.0_s4,2.0,original_q2_a0.8_or_unchecked,121003,5.400000000000034,5.400000000000034,7.400000000000148,5.7999999999999545,1.905000000000031,1.3600000000000336,1.6246827999824478,1.4235750693352967,2.161538461538469,2.0666666666666704,12.599999999999227,10.19999999999925,41899,43487,0,40,27,35,20,1.0,1.0
rate1.0_s4,2.0,original_q2_a0.8_or_unchecked,121004,4.7999999999999545,4.7999999999999545,5.800000000000011,5.7999999999999545,1.6850000000000036,1.3050000000000104,1.6449802952690102,1.4403140415468831,2.549999999999997,2.299999999999997,5.999999999999773,0.9999999999998863,40178,41416,0,40,34,38,20,1.0,1.0
rate1.0_s4,2.0,original_q2_a0.8_or_unchecked,121005,4.800000000000011,3.8000000000000114,5.800000000000011,5.400000000000034,1.7500000000000042,1.3549999999999982,1.607155599919072,1.406119785772575,2.299999999999983,2.173333333333342,8.999999999999318,4.999999999999204,41074,42703,0,40,31,36,20,1.0,1.0
rate1.0_s4,2.0,original_q2_a0.8_or_unchecked,121006,4.800000000000011,4.7999999999999545,5.7999999999999545,5.60000000000008,1.6350000000000278,1.340000000000017,1.526717261914332,1.4472751986857604,1.9999999999999734,2.345454545454562,14.999999999999432,26.999999999999204,41068,43850,0,40,31,32,20,1.0,1.0
rate1.0_s4,2.0,original_q2_a0.8_or_unchecked,121007,4.800000000000011,5.3999999999999915,5.3999999999999915,5.400000000000034,1.8550000000000206,1.5950000000000177,1.7443784085712977,1.7644131563992311,3.292307692307654,3.360000000000002,11.199999999999136,5.599999999999227,42338,43616,0,40,29,31,20,1.0,1.0
rate1.0_s4,2.0,original_q2_a0.8_or_unchecked,121008,4.800000000000011,2.6000000000000227,4.800000000000011,3.5999999999997954,1.5899999999999892,1.1350000000000258,1.7215712541850476,1.5553892834464769,2.8500000000000085,2.8222222222222513,16.799999999998704,12.7999999999995,42123,43390,0,40,27,31,20,1.0,1.0
rate1.0_s4,2.0,original_q2_a0.8_or_unchecked,121009,5.800000000000011,5.3999999999999915,7.800000000000011,5.400000000000034,2.040000000000009,1.4600000000000137,1.708255641515379,1.3896272060473398,2.6800000000000126,2.0461538461538566,25.199999999999022,11.999999999999318,42404,43610,0,40,30,37,20,1.0,1.0
rate1.0_s4,2.0,original_q2_a0.8_or_unchecked,121010,5.800000000000011,5.400000000000034,7.600000000000136,8.200000000000017,2.0250000000000634,1.585000000000075,1.7353241037374265,1.4283468557796763,2.255555555555563,2.366666666666679,22.399999999999068,6.799999999999386,42375,43312,0,40,27,34,20,1.0,1.0
rate1.0_s4,2.0,original_q2_a0.8_or_unchecked,121011,4.800000000000011,4.7999999999999545,8.199999999999989,8.199999999999989,1.9350000000000271,1.3750000000000306,1.7504003556934866,1.4953412726947177,3.9714285714285853,2.7684210526315964,19.599999999999227,10.799999999999386,41975,43073,0,40,31,31,20,1.0,1.0
rate1.0_s4,2.0,original_q2_a0.8_or_unchecked,121012,4.800000000000011,4.7999999999999545,7.600000000000307,5.400000000000034,1.8450000000001139,1.4600000000000577,1.6179886697238834,1.4899867327153173,2.2285714285713993,2.4555555555555677,9.19999999999959,8.199999999999477,41029,43047,0,40,29,33,20,1.0,1.0
rate1.0_s4,2.0,original_q2_a0.8_or_unchecked,121013,4.800000000000011,5.400000000000034,7.800000000000011,8.200000000000045,1.760000000000018,1.4200000000000208,1.7221887084810703,1.5070519659334443,3.099999999999966,2.82500000000001,24.599999999999113,8.199999999999477,42559,43070,0,40,30,33,20,1.0,1.0
rate1.0_s4,2.0,original_q2_a0.8_or_unchecked,121014,5.800000000000011,5.3999999999999915,6.800000000000011,5.400000000000034,1.815000000000047,1.420000000000039,1.78187055240593,1.4806363121411639,3.2333333333333436,2.6200000000000045,0.9999999999995453,11.999999999999318,40697,42802,0,40,29,34,20,1.0,1.0
rate1.0_s4,2.0,original_q2_a0.8_or_unchecked,121015,5.3999999999999915,5.3999999999999915,6.800000000000011,5.7999999999999545,1.9050000000000036,1.4450000000000078,1.6550261704522526,1.3924898884448444,2.4800000000000093,1.9538461538461565,23.199999999999022,0.7999999999993861,42765,42884,0,40,31,29,20,1.0,1.0
rate1.0_s4,2.0,original_q2_a0.8_or_unchecked,121016,4.800000000000011,5.200000000000102,5.800000000000011,5.400000000000034,1.785000000000008,1.4350000000000371,1.5785270065305994,1.3686876754319717,2.6875000000000107,2.1000000000000063,26.59999999999866,10.799999999999272,42836,43494,0,40,29,37,20,1.0,1.0
rate1.0_s4,2.0,original_q2_a0.8_or_unchecked,121017,5.200000000000102,4.999999999999972,5.800000000000011,5.400000000000006,1.8400000000000811,1.4200000000000526,1.5666978425844336,1.4293272949583766,2.3500000000000085,2.3692307692307755,14.199999999999477,11.399999999999295,42306,43838,0,40,31,35,20,1.0,1.0
rate1.0_s4,2.0,original_q2_a0.8_or_unchecked,121018,4.7999999999999545,3.3999999999999773,6.000000000000114,4.7999999999999545,1.5700000000000274,1.2400000000000246,1.6375398366472467,1.4438703292932893,2.6705882352941366,2.560000000000005,12.199999999999477,6.199999999999136,42191,43666,0,40,29,33,20,1.0,1.0
rate1.0_s4,2.0,original_q2_a0.8_or_unchecked,121019,4.800000000000011,4.200000000000216,5.400000000000034,5.400000000000034,1.6649999999999736,1.324999999999998,1.5062991493479685,1.3328484564745622,2.1812500000000083,2.2000000000000286,7.399999999999295,7.999999999998977,41237,43075,0,40,30,33,20,1.0,1.0
rate1.0_s4,2.0,original_q2_a0.8_or_unchecked,121020,5.800000000000011,5.400000000000034,5.800000000000011,8.200000000000045,2.009999999999982,1.6499999999999861,1.6514156251724308,1.5086770145726067,2.6749999999999403,2.466666666666697,26.599999999998772,7.999999999999545,42263,42544,0,40,32,34,20,1.0,1.0
rate1.0_s4,2.0,original_q2_a0.8_or_unchecked,121021,5.0,5.400000000000034,5.800000000000011,6.0,1.7649999999999841,1.5050000000000119,1.6467634149306918,1.4070393238877164,2.5684210526315914,1.9199999999999933,34.59999999999911,7.7999999999996135,43077,43206,0,40,31,34,20,1.0,1.0
rate1.0_s4,2.0,original_q2_a0.8_or_unchecked,121022,3.0,3.999999999999943,4.800000000000011,5.400000000000034,1.4600000000000684,1.225000000000056,1.3783459739317316,1.3662669015908762,2.0666666666666744,2.0285714285714413,11.399999999999409,11.199999999999363,42033,43205,0,40,30,38,20,1.0,1.0
rate1.0_s4,2.0,original_q2_a0.8_or_unchecked,121023,5.400000000000489,5.400000000000034,5.799999999999983,5.7999999999999545,1.7350000000000878,1.4950000000000618,1.5007485471985327,1.349727987006696,2.2700000000000076,1.9578947368421122,37.799999999999045,18.799999999998818,43381,43993,0,40,32,37,20,1.0,1.0
rate1.0_s4,2.0,original_q2_a0.8_or_unchecked,121024,5.199999999999363,2.6000000000000227,6.800000000000011,4.7999999999999545,1.794999999999947,1.089999999999962,1.6247169467915108,1.3965751609009378,2.2833333333333408,2.4499999999999247,15.199999999998795,13.799999999998704,41335,43091,0,40,35,35,20,1.0,1.0
rate1.0_s4,2.0,original_q2_a0.8_or_unchecked,121025,5.3999999999999915,5.3999999999999915,7.800000000000011,6.200000000000159,1.8850000000000111,1.434999999999997,1.5555588982920256,1.5194711649094126,2.2333333333333436,3.2333333333333485,5.999999999999545,0.7999999999994998,41214,42478,0,40,29,30,20,1.0,1.0
rate1.0_s4,2.0,original_q2_a0.8_or_unchecked,121026,5.3999999999999915,5.3999999999999915,6.200000000000216,10.20000000000016,1.7700000000000427,1.575000000000038,1.6319152732915256,1.3931067485891524,2.416666666666648,2.0533333333333417,6.7999999999996135,9.599999999999682,41198,43147,0,40,35,34,20,1.0,1.0
rate1.0_s4,2.0,original_q2_a0.8_or_unchecked,121027,4.800000000000011,5.0000000000001705,5.800000000000011,5.400000000000034,1.7250000000000356,1.455000000000028,1.5746983897959181,1.499722120445133,2.275000000000002,2.275000000000002,20.999999999999318,16.99999999999909,41165,42677,0,40,30,34,20,1.0,1.0
rate1.0_s4,2.0,original_q2_a0.8_or_unchecked,121028,5.800000000000011,2.9999999999999716,5.800000000000011,5.0,1.7450000000000103,1.150000000000027,1.5327218987562472,1.431623213542315,2.3666666666666742,2.188235294117616,8.19999999999925,8.199999999999477,41486,43360,0,40,31,34,20,1.0,1.0
rate1.0_s4,2.0,original_q2_a0.8_or_unchecked,121029,5.0,4.7999999999999545,5.800000000000011,5.000000000000057,1.850000000000017,1.3450000000000166,1.6167836921626777,1.3768190292848639,2.8666666666666805,2.000000000000014,18.39999999999941,8.799999999999045,41743,42949,0,40,34,36,20,1.0,1.0
rate1.0_s4,2.0,runner_up_checked,121000,4.800000000000011,4.800000000000011,5.800000000000011,5.800000000000011,1.7250000000000596,1.7250000000000596,1.6479246002520493,1.6479246002520493,2.960000000000008,2.960000000000008,11.19999999999925,11.19999999999925,42302,42302,0,0,29,29,0,0.0,
rate1.0_s4,2.0,runner_up_checked,121001,4.7999999999999545,4.7999999999999545,7.399999999999977,7.399999999999977,1.7600000000000258,1.7600000000000258,1.4924505640240766,1.4924505640240766,2.4000000000000394,2.4000000000000394,17.99999999999943,17.99999999999943,41490,41490,0,0,36,36,0,0.0,
rate1.0_s4,2.0,runner_up_checked,121002,4.800000000000011,4.800000000000011,5.199999999999989,5.199999999999989,1.8150000000000006,1.8150000000000006,1.8313890317220598,1.8313890317220598,3.4266666666666765,3.4266666666666765,18.399999999999068,18.399999999999068,41579,41579,0,0,33,33,0,0.0,
rate1.0_s4,2.0,runner_up_checked,121003,5.400000000000034,5.400000000000034,7.400000000000148,7.400000000000148,1.905000000000031,1.905000000000031,1.6246827999824478,1.6246827999824478,2.161538461538469,2.161538461538469,12.599999999999227,12.599999999999227,41899,41899,0,0,27,27,0,0.0,
rate1.0_s4,2.0,runner_up_checked,121004,4.7999999999999545,4.7999999999999545,5.800000000000011,5.800000000000011,1.6850000000000036,1.6850000000000036,1.6449802952690102,1.6449802952690102,2.549999999999997,2.549999999999997,5.999999999999773,5.999999999999773,40178,40178,0,0,34,34,0,0.0,
rate1.0_s4,2.0,runner_up_checked,121005,4.800000000000011,4.800000000000011,5.800000000000011,5.800000000000011,1.7500000000000042,1.7500000000000042,1.607155599919072,1.607155599919072,2.299999999999983,2.299999999999983,8.999999999999318,8.999999999999318,41074,41074,0,0,31,31,0,0.0,
rate1.0_s4,2.0,runner_up_checked,121006,4.800000000000011,4.800000000000011,5.7999999999999545,5.7999999999999545,1.6350000000000278,1.6350000000000278,1.526717261914332,1.526717261914332,1.9999999999999734,1.9999999999999734,14.999999999999432,14.999999999999432,41068,41068,0,0,31,31,0,0.0,
rate1.0_s4,2.0,runner_up_checked,121007,4.800000000000011,4.800000000000011,5.3999999999999915,5.3999999999999915,1.8550000000000206,1.8550000000000206,1.7443784085712977,1.7443784085712977,3.292307692307654,3.292307692307654,11.199999999999136,11.199999999999136,42338,42338,0,0,29,29,0,0.0,
rate1.0_s4,2.0,runner_up_checked,121008,4.800000000000011,4.800000000000011,4.800000000000011,4.800000000000011,1.5899999999999892,1.5899999999999892,1.7215712541850476,1.7215712541850476,2.8500000000000085,2.8500000000000085,16.799999999998704,16.799999999998704,42123,42123,0,0,27,27,0,0.0,
rate1.0_s4,2.0,runner_up_checked,121009,5.800000000000011,5.800000000000011,7.800000000000011,7.800000000000011,2.040000000000009,2.040000000000009,1.708255641515379,1.708255641515379,2.6800000000000126,2.6800000000000126,25.199999999999022,25.199999999999022,42404,42404,0,0,30,30,0,0.0,
rate1.0_s4,2.0,runner_up_checked,121010,5.800000000000011,5.800000000000011,7.600000000000136,7.600000000000136,2.0250000000000634,2.0250000000000634,1.7353241037374265,1.7353241037374265,2.255555555555563,2.255555555555563,22.399999999999068,22.399999999999068,42375,42375,0,0,27,27,0,0.0,
rate1.0_s4,2.0,runner_up_checked,121011,4.800000000000011,4.800000000000011,8.199999999999989,8.199999999999989,1.9350000000000271,1.9350000000000271,1.7504003556934866,1.7504003556934866,3.9714285714285853,3.9714285714285853,19.599999999999227,19.599999999999227,41975,41975,0,0,31,31,0,0.0,
rate1.0_s4,2.0,runner_up_checked,121012,4.800000000000011,4.800000000000011,7.600000000000307,7.600000000000307,1.8450000000001139,1.8450000000001139,1.6179886697238834,1.6179886697238834,2.2285714285713993,2.2285714285713993,9.19999999999959,9.19999999999959,41029,41029,0,0,29,29,0,0.0,
rate1.0_s4,2.0,runner_up_checked,121013,4.800000000000011,4.800000000000011,7.800000000000011,7.800000000000011,1.760000000000018,1.760000000000018,1.7221887084810703,1.7221887084810703,3.099999999999966,3.099999999999966,24.599999999999113,24.599999999999113,42559,42559,0,0,30,30,0,0.0,
rate1.0_s4,2.0,runner_up_checked,121014,5.800000000000011,5.800000000000011,6.800000000000011,6.800000000000011,1.815000000000047,1.815000000000047,1.78187055240593,1.78187055240593,3.2333333333333436,3.2333333333333436,0.9999999999995453,0.9999999999995453,40697,40697,0,0,29,29,0,0.0,
rate1.0_s4,2.0,runner_up_checked,121015,5.3999999999999915,5.3999999999999915,6.800000000000011,6.800000000000011,1.9050000000000036,1.9050000000000036,1.6550261704522526,1.6550261704522526,2.4800000000000093,2.4800000000000093,23.199999999999022,23.199999999999022,42765,42765,0,0,31,31,0,0.0,
rate1.0_s4,2.0,runner_up_checked,121016,4.800000000000011,4.800000000000011,5.800000000000011,5.800000000000011,1.785000000000008,1.785000000000008,1.5785270065305994,1.5785270065305994,2.6875000000000107,2.6875000000000107,26.59999999999866,26.59999999999866,42836,42836,0,0,29,29,0,0.0,
rate1.0_s4,2.0,runner_up_checked,121017,5.200000000000102,5.200000000000102,5.800000000000011,5.800000000000011,1.8400000000000811,1.8400000000000811,1.5666978425844336,1.5666978425844336,2.3500000000000085,2.3500000000000085,14.199999999999477,14.199999999999477,42306,42306,0,0,31,31,0,0.0,
rate1.0_s4,2.0,runner_up_checked,121018,4.7999999999999545,4.7999999999999545,6.000000000000114,6.000000000000114,1.5700000000000274,1.5700000000000274,1.6375398366472467,1.6375398366472467,2.6705882352941366,2.6705882352941366,12.199999999999477,12.199999999999477,42191,42191,0,0,29,29,0,0.0,
rate1.0_s4,2.0,runner_up_checked,121019,4.800000000000011,4.800000000000011,5.400000000000034,5.400000000000034,1.6649999999999736,1.6649999999999736,1.5062991493479685,1.5062991493479685,2.1812500000000083,2.1812500000000083,7.399999999999295,7.399999999999295,41237,41237,0,0,30,30,0,0.0,
rate1.0_s4,2.0,runner_up_checked,121020,5.800000000000011,5.800000000000011,5.800000000000011,5.800000000000011,2.009999999999982,2.009999999999982,1.6514156251724308,1.6514156251724308,2.6749999999999403,2.6749999999999403,26.599999999998772,26.599999999998772,42263,42263,0,0,32,32,0,0.0,
rate1.0_s4,2.0,runner_up_checked,121021,5.0,5.0,5.800000000000011,5.800000000000011,1.7649999999999841,1.7649999999999841,1.6467634149306918,1.6467634149306918,2.5684210526315914,2.5684210526315914,34.59999999999911,34.59999999999911,43077,43077,0,0,31,31,0,0.0,
rate1.0_s4,2.0,runner_up_checked,121022,3.0,3.0,4.800000000000011,4.800000000000011,1.4600000000000684,1.4600000000000684,1.3783459739317316,1.3783459739317316,2.0666666666666744,2.0666666666666744,11.399999999999409,11.399999999999409,42033,42033,0,0,30,30,0,0.0,
rate1.0_s4,2.0,runner_up_checked,121023,5.400000000000489,5.400000000000489,5.799999999999983,5.799999999999983,1.7350000000000878,1.7350000000000878,1.5007485471985327,1.5007485471985327,2.2700000000000076,2.2700000000000076,37.799999999999045,37.799999999999045,43381,43381,0,0,32,32,0,0.0,
rate1.0_s4,2.0,runner_up_checked,121024,5.199999999999363,5.199999999999363,6.800000000000011,6.800000000000011,1.794999999999947,1.794999999999947,1.6247169467915108,1.6247169467915108,2.2833333333333408,2.2833333333333408,15.199999999998795,15.199999999998795,41335,41335,0,0,35,35,0,0.0,
rate1.0_s4,2.0,runner_up_checked,121025,5.3999999999999915,5.3999999999999915,7.800000000000011,7.800000000000011,1.8850000000000111,1.8850000000000111,1.5555588982920256,1.5555588982920256,2.2333333333333436,2.2333333333333436,5.999999999999545,5.999999999999545,41214,41214,0,0,29,29,0,0.0,
rate1.0_s4,2.0,runner_up_checked,121026,5.3999999999999915,5.3999999999999915,6.200000000000216,6.200000000000216,1.7700000000000427,1.7700000000000427,1.6319152732915256,1.6319152732915256,2.416666666666648,2.416666666666648,6.7999999999996135,6.7999999999996135,41198,41198,0,0,35,35,0,0.0,
rate1.0_s4,2.0,runner_up_checked,121027,4.800000000000011,4.800000000000011,5.800000000000011,5.800000000000011,1.7250000000000356,1.7250000000000356,1.5746983897959181,1.5746983897959181,2.275000000000002,2.275000000000002,20.999999999999318,20.999999999999318,41165,41165,0,0,30,30,0,0.0,
rate1.0_s4,2.0,runner_up_checked,121028,5.800000000000011,5.800000000000011,5.800000000000011,5.800000000000011,1.7450000000000103,1.7450000000000103,1.5327218987562472,1.5327218987562472,2.3666666666666742,2.3666666666666742,8.19999999999925,8.19999999999925,41486,41486,0,0,31,31,0,0.0,
rate1.0_s4,2.0,runner_up_checked,121029,5.0,5.0,5.800000000000011,5.800000000000011,1.850000000000017,1.850000000000017,1.6167836921626777,1.6167836921626777,2.8666666666666805,2.8666666666666805,18.39999999999941,18.39999999999941,41743,41743,0,0,34,34,0,0.0,
