workload,penalty,variant,seed,baseline_p95_wait,variant_p95_wait,baseline_p99_wait,variant_p99_wait,baseline_avg_wait,variant_avg_wait,baseline_avg_slowdown,variant_avg_slowdown,baseline_p95_slowdown,variant_p95_slowdown,baseline_makespan_excess,variant_makespan_excess,baseline_sched_cores_scanned,variant_sched_cores_scanned,baseline_burst_balance_levels_walked,variant_burst_balance_levels_walked,baseline_total_migrations,variant_total_migrations,detector_fires,recall,precision
rate1.5_s4,0.0,selected_gated,81200,5.933333333333394,5.933333333333394,7.13333333333334,7.13333333333334,2.179999999999999,2.179999999999999,1.5028569428959782,1.5028569428959782,2.1764705882353006,2.1764705882353006,4.599999999999682,4.599999999999682,40629,40629,0,0,31,31,0,0.0,
rate1.5_s4,0.0,selected_gated,81201,5.866666666666674,5.866666666666674,6.466666666666669,6.466666666666669,2.194999999999972,2.194999999999972,1.6605367655754297,1.6605367655754297,2.604166666666636,2.604166666666636,2.3999999999984993,2.3999999999984993,40816,40816,0,0,29,29,0,0.0,
rate1.5_s4,0.0,selected_gated,81202,6.733333333333462,6.733333333333462,7.13333333333334,7.13333333333334,2.520000000000016,2.520000000000016,1.692576315143031,1.692576315143031,2.6666666666666856,2.6666666666666856,18.999999999999204,18.999999999999204,41262,41262,0,0,30,30,0,0.0,
rate1.5_s4,0.0,selected_gated,81203,6.999999999999886,6.999999999999886,7.13333333333334,7.13333333333334,2.294999999999969,2.294999999999969,1.6499148077876296,1.6499148077876296,2.150000000000013,2.150000000000013,10.999999999999659,10.999999999999659,40122,40122,0,0,24,24,0,0.0,
rate1.5_s4,0.0,selected_gated,81204,7.133333333333326,7.133333333333326,7.799999999999898,7.799999999999898,2.340000000000039,2.340000000000039,1.5953903295251206,1.5953903295251206,2.577777777777745,2.577777777777745,15.066666666666151,15.066666666666151,40904,40904,0,0,30,30,0,0.0,
rate1.5_s4,0.0,selected_gated,81205,5.933333333333266,5.933333333333266,7.799999999999898,7.799999999999898,2.304999999999947,2.304999999999947,1.5638784731134987,1.5638784731134987,2.7599999999999683,2.7599999999999683,25.999999999999204,25.999999999999204,41628,41628,0,0,29,29,0,0.0,
rate1.5_s4,0.0,selected_gated,81206,6.666666666666629,6.666666666666629,7.133333333333326,7.133333333333326,2.369999999999929,2.369999999999929,1.6287384144313777,1.6287384144313777,2.7200000000000015,2.7200000000000015,4.999999999999773,4.999999999999773,39833,39833,0,0,31,31,0,0.0,
rate1.5_s4,0.0,selected_gated,81207,7.133333333333383,7.133333333333383,7.999999999999943,7.999999999999943,2.339999999999982,2.339999999999982,1.5221031126742102,1.5221031126742102,2.447058823529373,2.447058823529373,20.933333333332484,20.933333333332484,41768,41768,0,0,32,32,0,0.0,
rate1.5_s4,0.0,selected_gated,81208,6.466666666666583,6.466666666666583,7.733333333333235,7.733333333333235,2.440000000000036,2.440000000000036,1.6653578737583952,1.6653578737583952,2.5047619047618843,2.5047619047618843,11.399999999999523,11.399999999999523,40295,40295,0,0,29,29,0,0.0,
rate1.5_s4,0.0,selected_gated,81209,7.133333333333098,7.133333333333098,7.13333333333334,7.13333333333334,2.5149999999999535,2.5149999999999535,1.5958173195668903,1.5958173195668903,2.266666666666683,2.266666666666683,21.999999999998863,21.999999999998863,41816,41816,0,0,31,31,0,0.0,
rate1.5_s4,0.0,selected_gated,81210,7.13333333333334,7.13333333333334,8.599999999999909,8.599999999999909,2.579999999999997,2.579999999999997,1.7045874821230764,1.7045874821230764,2.4499999999999993,2.4499999999999993,7.733333333332894,7.733333333332894,40782,40782,0,0,33,33,0,0.0,
rate1.5_s4,0.0,selected_gated,81211,6.466666666666725,6.466666666666725,7.13333333333334,7.13333333333334,2.414999999999954,2.414999999999954,1.6550343627342898,1.6550343627342898,3.1052631578947127,3.1052631578947127,14.999999999999204,14.999999999999204,40706,40706,0,0,31,31,0,0.0,
rate1.5_s4,0.0,selected_gated,81212,7.133333333333326,7.133333333333326,7.799999999999841,7.799999999999841,2.5749999999999647,2.5749999999999647,1.7256243124235033,1.7256243124235033,2.50833333333334,2.50833333333334,18.99999999999909,18.99999999999909,41293,41293,0,0,28,28,0,0.0,
rate1.5_s4,0.0,selected_gated,81213,6.999999999999886,6.999999999999886,7.133333333333212,7.133333333333212,2.5299999999999594,2.5299999999999594,1.747991330826982,1.747991330826982,2.900000000000001,2.900000000000001,28.666666666665606,28.666666666665606,42525,42525,0,0,30,30,0,0.0,
rate1.5_s4,0.0,selected_gated,81214,5.133333333333354,5.133333333333354,7.13333333333334,7.13333333333334,2.1699999999999777,2.1699999999999777,1.723067903092773,1.723067903092773,3.2000000000000077,3.2000000000000077,24.999999999999204,24.999999999999204,42140,42140,0,0,26,26,0,0.0,
rate1.5_s4,0.0,selected_gated,81215,6.133333333333326,6.133333333333326,7.266666666666538,7.266666666666538,2.384999999999981,2.384999999999981,1.597762310811796,1.597762310811796,2.3333333333333854,2.3333333333333854,14.999999999999318,14.999999999999318,41260,41260,0,0,33,33,0,0.0,
rate1.5_s4,0.0,selected_gated,81216,5.866666666666902,5.866666666666902,7.13333333333334,7.13333333333334,2.235000000000049,2.235000000000049,1.5915778168953325,1.5915778168953325,2.636363636363643,2.636363636363643,17.13333333333287,17.13333333333287,41380,41380,0,0,30,30,0,0.0,
rate1.5_s4,0.0,selected_gated,81217,7.133333333333212,7.133333333333212,7.13333333333334,7.13333333333334,2.429999999999974,2.429999999999974,1.6949468743924156,1.6949468743924156,2.6916666666666655,2.6916666666666655,29.7999999999995,29.7999999999995,42481,42481,0,0,28,28,0,0.0,
rate1.5_s4,0.0,selected_gated,81218,6.466666666666669,6.466666666666669,7.999999999999318,7.999999999999318,2.3049999999999202,2.3049999999999202,1.6256070663263316,1.6256070663263316,2.6083333333333325,2.6083333333333325,29.066666666665128,29.066666666665128,42331,42331,0,0,41,41,0,0.0,
rate1.5_s4,0.0,selected_gated,81219,7.13333333333334,7.13333333333334,8.066666666666379,8.066666666666379,2.66999999999999,2.66999999999999,1.7378626082895745,1.7378626082895745,2.6285714285714255,2.6285714285714255,13.999999999999318,13.999999999999318,41725,41725,0,0,29,29,0,0.0,
rate1.5_s4,0.0,selected_gated,81220,5.133333333333496,5.133333333333496,7.13333333333334,7.13333333333334,2.2549999999999812,2.2549999999999812,1.7000575746422306,1.7000575746422306,2.839999999999999,2.839999999999999,18.99999999999909,18.99999999999909,42068,42068,0,0,31,31,0,0.0,
rate1.5_s4,0.0,selected_gated,81221,7.13333333333334,7.13333333333334,11.666666666666515,11.666666666666515,2.564999999999988,2.564999999999988,1.631921850194734,1.631921850194734,2.4499999999999886,2.4499999999999886,20.933333333332712,20.933333333332712,41259,41259,0,0,31,31,0,0.0,
rate1.5_s4,0.0,selected_gated,81222,5.933333333333167,5.933333333333167,7.799999999999898,7.799999999999898,2.2099999999999866,2.2099999999999866,1.5782441841351988,1.5782441841351988,2.2074074074073957,2.2074074074073957,11.599999999999682,11.599999999999682,40552,40552,0,0,29,29,0,0.0,
rate1.5_s4,0.0,selected_gated,81223,7.13333333333334,7.13333333333334,7.466666666666583,7.466666666666583,2.430000000000001,2.430000000000001,1.664019625459804,1.664019625459804,2.6166666666666765,2.6166666666666765,14.399999999999181,14.399999999999181,42024,42024,0,0,35,35,0,0.0,
rate1.5_s4,0.0,selected_gated,81224,7.13333333333334,7.13333333333334,13.666666666666629,13.666666666666629,2.8150000000000377,2.8150000000000377,1.754324411146552,1.754324411146552,2.7133333333333156,2.7133333333333156,18.399999999999523,18.399999999999523,41084,41084,0,0,28,28,0,0.0,
rate1.5_s4,0.0,selected_gated,81225,6.466666666666669,6.466666666666669,7.133333333333326,7.133333333333326,2.5750000000000064,2.5750000000000064,1.7191767693680249,1.7191767693680249,3.194666666666677,3.194666666666677,17.799999999999045,17.799999999999045,42033,42033,0,0,26,26,0,0.0,
rate1.5_s4,0.0,selected_gated,81226,5.466666666666697,5.466666666666697,6.46666666666664,6.46666666666664,2.1850000000000316,2.1850000000000316,1.601097347559394,1.601097347559394,2.7393939393939544,2.7393939393939544,17.39999999999941,17.39999999999941,41239,41239,0,0,25,25,0,0.0,
rate1.5_s4,0.0,selected_gated,81227,6.066666666666606,6.066666666666606,11.666666666666515,11.666666666666515,2.3250000000000006,2.3250000000000006,1.6146497193548033,1.6146497193548033,2.508333333333333,2.508333333333333,7.999999999999659,7.999999999999659,40541,40541,0,0,30,30,0,0.0,
rate1.5_s4,0.0,selected_gated,81228,6.46666666666664,6.46666666666664,7.133333333333212,7.133333333333212,2.1699999999999844,2.1699999999999844,1.5706849188825185,1.5706849188825185,2.2311111111111206,2.2311111111111206,16.999999999999204,16.999999999999204,41563,41563,0,0,29,29,0,0.0,
rate1.5_s4,0.0,selected_gated,81229,7.133333333333326,7.133333333333326,7.133333333333553,7.133333333333553,2.354999999999946,2.354999999999946,1.7473976319516455,1.7473976319516455,3.020833333333343,3.020833333333343,25.199999999998226,25.199999999998226,42128,42128,0,0,34,34,0,0.0,
rate1.5_s4,0.0,selected_ungated,81200,5.933333333333394,5.933333333333394,7.13333333333334,7.13333333333334,2.179999999999999,2.179999999999999,1.5028569428959782,1.5028569428959782,2.1764705882353006,2.1764705882353006,4.599999999999682,4.599999999999682,40629,40629,0,0,31,31,0,0.0,
rate1.5_s4,0.0,selected_ungated,81201,5.866666666666674,5.866666666666674,6.466666666666669,6.466666666666669,2.194999999999972,2.194999999999972,1.6605367655754297,1.6605367655754297,2.604166666666636,2.604166666666636,2.3999999999984993,2.3999999999984993,40816,40816,0,0,29,29,0,0.0,
rate1.5_s4,0.0,selected_ungated,81202,6.733333333333462,6.733333333333462,7.13333333333334,7.13333333333334,2.520000000000016,2.520000000000016,1.692576315143031,1.692576315143031,2.6666666666666856,2.6666666666666856,18.999999999999204,18.999999999999204,41262,41262,0,0,30,30,0,0.0,
rate1.5_s4,0.0,selected_ungated,81203,6.999999999999886,6.999999999999886,7.13333333333334,7.13333333333334,2.294999999999969,2.294999999999969,1.6499148077876296,1.6499148077876296,2.150000000000013,2.150000000000013,10.999999999999659,10.999999999999659,40122,40122,0,0,24,24,0,0.0,
rate1.5_s4,0.0,selected_ungated,81204,7.133333333333326,7.133333333333326,7.799999999999898,7.799999999999898,2.340000000000039,2.340000000000039,1.5953903295251206,1.5953903295251206,2.577777777777745,2.577777777777745,15.066666666666151,15.066666666666151,40904,40904,0,0,30,30,0,0.0,
rate1.5_s4,0.0,selected_ungated,81205,5.933333333333266,5.933333333333266,7.799999999999898,7.799999999999898,2.304999999999947,2.304999999999947,1.5638784731134987,1.5638784731134987,2.7599999999999683,2.7599999999999683,25.999999999999204,25.999999999999204,41628,41628,0,0,29,29,0,0.0,
rate1.5_s4,0.0,selected_ungated,81206,6.666666666666629,6.666666666666629,7.133333333333326,7.133333333333326,2.369999999999929,2.369999999999929,1.6287384144313777,1.6287384144313777,2.7200000000000015,2.7200000000000015,4.999999999999773,4.999999999999773,39833,39833,0,0,31,31,0,0.0,
rate1.5_s4,0.0,selected_ungated,81207,7.133333333333383,7.133333333333383,7.999999999999943,7.999999999999943,2.339999999999982,2.339999999999982,1.5221031126742102,1.5221031126742102,2.447058823529373,2.447058823529373,20.933333333332484,20.933333333332484,41768,41768,0,0,32,32,0,0.0,
rate1.5_s4,0.0,selected_ungated,81208,6.466666666666583,6.466666666666583,7.733333333333235,7.733333333333235,2.440000000000036,2.440000000000036,1.6653578737583952,1.6653578737583952,2.5047619047618843,2.5047619047618843,11.399999999999523,11.399999999999523,40295,40295,0,0,29,29,0,0.0,
rate1.5_s4,0.0,selected_ungated,81209,7.133333333333098,7.133333333333098,7.13333333333334,7.13333333333334,2.5149999999999535,2.5149999999999535,1.5958173195668903,1.5958173195668903,2.266666666666683,2.266666666666683,21.999999999998863,21.999999999998863,41816,41816,0,0,31,31,0,0.0,
rate1.5_s4,0.0,selected_ungated,81210,7.13333333333334,7.13333333333334,8.599999999999909,8.599999999999909,2.579999999999997,2.579999999999997,1.7045874821230764,1.7045874821230764,2.4499999999999993,2.4499999999999993,7.733333333332894,7.733333333332894,40782,40782,0,0,33,33,0,0.0,
rate1.5_s4,0.0,selected_ungated,81211,6.466666666666725,6.466666666666725,7.13333333333334,7.13333333333334,2.414999999999954,2.414999999999954,1.6550343627342898,1.6550343627342898,3.1052631578947127,3.1052631578947127,14.999999999999204,14.999999999999204,40706,40706,0,0,31,31,0,0.0,
rate1.5_s4,0.0,selected_ungated,81212,7.133333333333326,7.133333333333326,7.799999999999841,7.799999999999841,2.5749999999999647,2.5749999999999647,1.7256243124235033,1.7256243124235033,2.50833333333334,2.50833333333334,18.99999999999909,18.99999999999909,41293,41293,0,0,28,28,0,0.0,
rate1.5_s4,0.0,selected_ungated,81213,6.999999999999886,6.999999999999886,7.133333333333212,7.133333333333212,2.5299999999999594,2.5299999999999594,1.747991330826982,1.747991330826982,2.900000000000001,2.900000000000001,28.666666666665606,28.666666666665606,42525,42525,0,0,30,30,0,0.0,
rate1.5_s4,0.0,selected_ungated,81214,5.133333333333354,5.133333333333354,7.13333333333334,7.13333333333334,2.1699999999999777,2.1699999999999777,1.723067903092773,1.723067903092773,3.2000000000000077,3.2000000000000077,24.999999999999204,24.999999999999204,42140,42140,0,0,26,26,0,0.0,
rate1.5_s4,0.0,selected_ungated,81215,6.133333333333326,6.133333333333326,7.266666666666538,7.266666666666538,2.384999999999981,2.384999999999981,1.597762310811796,1.597762310811796,2.3333333333333854,2.3333333333333854,14.999999999999318,14.999999999999318,41260,41260,0,0,33,33,0,0.0,
rate1.5_s4,0.0,selected_ungated,81216,5.866666666666902,5.866666666666902,7.13333333333334,7.13333333333334,2.235000000000049,2.235000000000049,1.5915778168953325,1.5915778168953325,2.636363636363643,2.636363636363643,17.13333333333287,17.13333333333287,41380,41380,0,0,30,30,0,0.0,
rate1.5_s4,0.0,selected_ungated,81217,7.133333333333212,7.133333333333212,7.13333333333334,7.13333333333334,2.429999999999974,2.429999999999974,1.6949468743924156,1.6949468743924156,2.6916666666666655,2.6916666666666655,29.7999999999995,29.7999999999995,42481,42481,0,0,28,28,0,0.0,
rate1.5_s4,0.0,selected_ungated,81218,6.466666666666669,6.466666666666669,7.999999999999318,7.999999999999318,2.3049999999999202,2.3049999999999202,1.6256070663263316,1.6256070663263316,2.6083333333333325,2.6083333333333325,29.066666666665128,29.066666666665128,42331,42331,0,0,41,41,0,0.0,
rate1.5_s4,0.0,selected_ungated,81219,7.13333333333334,7.13333333333334,8.066666666666379,8.066666666666379,2.66999999999999,2.66999999999999,1.7378626082895745,1.7378626082895745,2.6285714285714255,2.6285714285714255,13.999999999999318,13.999999999999318,41725,41725,0,0,29,29,0,0.0,
rate1.5_s4,0.0,selected_ungated,81220,5.133333333333496,5.133333333333496,7.13333333333334,7.13333333333334,2.2549999999999812,2.2549999999999812,1.7000575746422306,1.7000575746422306,2.839999999999999,2.839999999999999,18.99999999999909,18.99999999999909,42068,42068,0,0,31,31,0,0.0,
rate1.5_s4,0.0,selected_ungated,81221,7.13333333333334,7.13333333333334,11.666666666666515,11.666666666666515,2.564999999999988,2.564999999999988,1.631921850194734,1.631921850194734,2.4499999999999886,2.4499999999999886,20.933333333332712,20.933333333332712,41259,41259,0,0,31,31,0,0.0,
rate1.5_s4,0.0,selected_ungated,81222,5.933333333333167,5.933333333333167,7.799999999999898,7.799999999999898,2.2099999999999866,2.2099999999999866,1.5782441841351988,1.5782441841351988,2.2074074074073957,2.2074074074073957,11.599999999999682,11.599999999999682,40552,40552,0,0,29,29,0,0.0,
rate1.5_s4,0.0,selected_ungated,81223,7.13333333333334,7.13333333333334,7.466666666666583,7.466666666666583,2.430000000000001,2.430000000000001,1.664019625459804,1.664019625459804,2.6166666666666765,2.6166666666666765,14.399999999999181,14.399999999999181,42024,42024,0,0,35,35,0,0.0,
rate1.5_s4,0.0,selected_ungated,81224,7.13333333333334,7.13333333333334,13.666666666666629,13.666666666666629,2.8150000000000377,2.8150000000000377,1.754324411146552,1.754324411146552,2.7133333333333156,2.7133333333333156,18.399999999999523,18.399999999999523,41084,41084,0,0,28,28,0,0.0,
rate1.5_s4,0.0,selected_ungated,81225,6.466666666666669,6.466666666666669,7.133333333333326,7.133333333333326,2.5750000000000064,2.5750000000000064,1.7191767693680249,1.7191767693680249,3.194666666666677,3.194666666666677,17.799999999999045,17.799999999999045,42033,42033,0,0,26,26,0,0.0,
rate1.5_s4,0.0,selected_ungated,81226,5.466666666666697,5.466666666666697,6.46666666666664,6.46666666666664,2.1850000000000316,2.1850000000000316,1.601097347559394,1.601097347559394,2.7393939393939544,2.7393939393939544,17.39999999999941,17.39999999999941,41239,41239,0,0,25,25,0,0.0,
rate1.5_s4,0.0,selected_ungated,81227,6.066666666666606,6.066666666666606,11.666666666666515,11.666666666666515,2.3250000000000006,2.3250000000000006,1.6146497193548033,1.6146497193548033,2.508333333333333,2.508333333333333,7.999999999999659,7.999999999999659,40541,40541,0,0,30,30,0,0.0,
rate1.5_s4,0.0,selected_ungated,81228,6.46666666666664,6.46666666666664,7.133333333333212,7.133333333333212,2.1699999999999844,2.1699999999999844,1.5706849188825185,1.5706849188825185,2.2311111111111206,2.2311111111111206,16.999999999999204,16.999999999999204,41563,41563,0,0,29,29,0,0.0,
rate1.5_s4,0.0,selected_ungated,81229,7.133333333333326,7.133333333333326,7.133333333333553,7.133333333333553,2.354999999999946,2.354999999999946,1.7473976319516455,1.7473976319516455,3.020833333333343,3.020833333333343,25.199999999998226,25.199999999998226,42128,42128,0,0,34,34,0,0.0,
rate1.5_s4,0.0,original_q2_a0.8_or_ungated,81200,5.933333333333394,5.0,7.13333333333334,7.399999999999864,2.179999999999999,1.895000000000002,1.5028569428959782,1.29642371838374,2.1764705882353006,1.8000000000000043,4.599999999999682,15.399999999999409,40629,42941,0,40,31,37,20,1.0,1.0
rate1.5_s4,0.0,original_q2_a0.8_or_ungated,81201,5.866666666666674,4.7999999999999545,6.466666666666669,6.7999999999999545,2.194999999999972,1.799999999999973,1.6605367655754297,1.3040145056650032,2.604166666666636,1.9703703703703384,2.3999999999984993,9.199999999999136,40816,42714,0,40,29,34,20,1.0,1.0
rate1.5_s4,0.0,original_q2_a0.8_or_ungated,81202,6.733333333333462,3.800000000000125,7.13333333333334,7.666666666666572,2.520000000000016,1.815000000000009,1.692576315143031,1.3560618977528085,2.6666666666666856,2.084210526315761,18.999999999999204,10.59999999999934,41262,42430,0,40,30,33,20,1.0,1.0
rate1.5_s4,0.0,original_q2_a0.8_or_ungated,81203,6.999999999999886,4.666666666666515,7.13333333333334,6.999999999999886,2.294999999999969,1.7549999999999801,1.6499148077876296,1.3520448829039222,2.150000000000013,1.9857142857142895,10.999999999999659,5.39999999999975,40122,42062,0,40,24,37,20,1.0,1.0
rate1.5_s4,0.0,original_q2_a0.8_or_ungated,81204,7.133333333333326,5.0,7.799999999999898,5.266666666666538,2.340000000000039,1.80500000000003,1.5953903295251206,1.422743242800255,2.577777777777745,2.1000000000000134,15.066666666666151,5.8666666666662195,40904,42302,0,40,30,39,20,1.0,1.0
rate1.5_s4,0.0,original_q2_a0.8_or_ungated,81205,5.933333333333266,5.266666666666595,7.799999999999898,7.399999999999864,2.304999999999947,2.0799999999999566,1.5638784731134987,1.3172462716197193,2.7599999999999683,2.026666666666665,25.999999999999204,4.599999999999454,41628,42011,0,40,29,39,20,1.0,1.0
rate1.5_s4,0.0,original_q2_a0.8_or_ungated,81206,6.666666666666629,4.599999999999909,7.133333333333326,5.666666666666629,2.369999999999929,1.7699999999999723,1.6287384144313777,1.3409823114404726,2.7200000000000015,2.199999999999998,4.999999999999773,9.199999999999704,39833,41754,0,40,31,34,20,1.0,1.0
rate1.5_s4,0.0,original_q2_a0.8_or_ungated,81207,7.133333333333383,5.266666666666538,7.999999999999943,7.066666666666663,2.339999999999982,1.7949999999999797,1.5221031126742102,1.3015922922924803,2.447058823529373,1.7142857142857224,20.933333333332484,6.933333333333167,41768,42233,0,40,32,39,20,1.0,1.0
rate1.5_s4,0.0,original_q2_a0.8_or_ungated,81208,6.466666666666583,3.800000000000068,7.733333333333235,6.4000000000000625,2.440000000000036,1.6599999999999913,1.6653578737583952,1.4902485963920928,2.5047619047618843,2.450000000000003,11.399999999999523,7.999999999999659,40295,42142,0,40,29,35,20,1.0,1.0
rate1.5_s4,0.0,original_q2_a0.8_or_ungated,81209,7.133333333333098,4.199999999999989,7.13333333333334,4.599999999999909,2.5149999999999535,1.8099999999999692,1.5958173195668903,1.3774092172970307,2.266666666666683,2.0083333333332973,21.999999999998863,2.7999999999992724,41816,42510,0,40,31,36,20,1.0,1.0
rate1.5_s4,0.0,original_q2_a0.8_or_ungated,81210,7.13333333333334,4.999999999999943,8.599999999999909,9.86666666666666,2.579999999999997,2.044999999999992,1.7045874821230764,1.5100146772836456,2.4499999999999993,2.6133333333333213,7.733333333332894,0.9333333333330529,40782,41921,0,40,33,32,20,1.0,1.0
rate1.5_s4,0.0,original_q2_a0.8_or_ungated,81211,6.466666666666725,6.066666666666151,7.13333333333334,7.866666666666674,2.414999999999954,1.9799999999999542,1.6550343627342898,1.420890617539678,3.1052631578947127,2.3500000000000014,14.999999999999204,5.19999999999925,40706,42319,0,40,31,37,20,1.0,1.0
rate1.5_s4,0.0,original_q2_a0.8_or_ungated,81212,7.133333333333326,3.800000000000068,7.799999999999841,8.200000000000045,2.5749999999999647,1.9199999999999708,1.7256243124235033,1.459474297838511,2.50833333333334,2.285714285714294,18.99999999999909,8.599999999999227,41293,42394,0,40,28,33,20,1.0,1.0
rate1.5_s4,0.0,original_q2_a0.8_or_ungated,81213,6.999999999999886,5.266666666666424,7.133333333333212,6.4000000000000625,2.5299999999999594,1.914999999999979,1.747991330826982,1.4452315421707715,2.900000000000001,2.699999999999992,28.666666666665606,16.466666666666015,42525,43693,0,40,30,34,20,1.0,1.0
rate1.5_s4,0.0,original_q2_a0.8_or_ungated,81214,5.133333333333354,3.800000000000068,7.13333333333334,9.199999999999996,2.1699999999999777,1.8399999999999732,1.723067903092773,1.4039297829085728,3.2000000000000077,2.038095238095248,24.999999999999204,6.199999999999363,42140,42541,0,40,26,32,20,1.0,1.0
rate1.5_s4,0.0,original_q2_a0.8_or_ungated,81215,6.133333333333326,4.599999999999795,7.266666666666538,4.999999999999943,2.384999999999981,1.8799999999999666,1.597762310811796,1.4358270350269975,2.3333333333333854,2.3444444444443966,14.999999999999318,9.799999999999159,41260,42875,0,40,33,35,20,1.0,1.0
rate1.5_s4,0.0,original_q2_a0.8_or_ungated,81216,5.866666666666902,6.399999999999999,7.13333333333334,9.200000000000003,2.235000000000049,2.0850000000000115,1.5915778168953325,1.406906621394314,2.636363636363643,2.1333333333334017,17.13333333333287,17.933333333332598,41380,42744,0,40,30,33,20,1.0,1.0
rate1.5_s4,0.0,original_q2_a0.8_or_ungated,81217,7.133333333333212,4.599999999999966,7.13333333333334,7.066666666666663,2.429999999999974,1.9199999999999762,1.6949468743924156,1.3485885136668794,2.6916666666666655,1.7999999999999972,29.7999999999995,10.799999999999272,42481,42957,0,40,28,34,20,1.0,1.0
rate1.5_s4,0.0,original_q2_a0.8_or_ungated,81218,6.466666666666669,4.266666666666666,7.999999999999318,9.200000000000003,2.3049999999999202,1.8849999999999671,1.6256070663263316,1.2234821582109379,2.6083333333333325,1.651851851851859,29.066666666665128,4.266666666666083,42331,42354,0,40,41,39,20,1.0,1.0
rate1.5_s4,0.0,original_q2_a0.8_or_ungated,81219,7.13333333333334,7.799999999999727,8.066666666666379,8.466666666666669,2.66999999999999,2.099999999999974,1.7378626082895745,1.4653619451899345,2.6285714285714255,2.0769230769230833,13.999999999999318,15.99999999999909,41725,43679,0,40,29,31,20,1.0,1.0
rate1.5_s4,0.0,original_q2_a0.8_or_ungated,81220,5.133333333333496,4.000000000000114,7.13333333333334,9.199999999999996,2.2549999999999812,1.7849999999999884,1.7000575746422306,1.3598490709447382,2.839999999999999,2.3666666666665983,18.99999999999909,2.399999999999295,42068,42902,0,40,31,42,20,1.0,1.0
rate1.5_s4,0.0,original_q2_a0.8_or_ungated,81221,7.13333333333334,5.666666666666629,11.666666666666515,10.666666666666401,2.564999999999988,2.059999999999979,1.631921850194734,1.4019531285218403,2.4499999999999886,2.1400000000000006,20.933333333332712,5.533333333332848,41259,42210,0,40,31,35,20,1.0,1.0
rate1.5_s4,0.0,original_q2_a0.8_or_ungated,81222,5.933333333333167,6.3999999999999915,7.799999999999898,7.666666666666572,2.2099999999999866,1.9499999999999944,1.5782441841351988,1.3679197790532698,2.2074074074073957,2.2074074074073957,11.599999999999682,12.599999999999682,40552,42518,0,40,29,37,20,1.0,1.0
rate1.5_s4,0.0,original_q2_a0.8_or_ungated,81223,7.13333333333334,7.066666666666663,7.466666666666583,7.999999999999943,2.430000000000001,1.8649999999999676,1.664019625459804,1.3240382755427296,2.6166666666666765,1.7199999999999591,14.399999999999181,12.19999999999925,42024,42929,0,40,35,34,20,1.0,1.0
rate1.5_s4,0.0,original_q2_a0.8_or_ungated,81224,7.13333333333334,4.999999999999943,13.666666666666629,5.266666666666595,2.8150000000000377,1.800000000000006,1.754324411146552,1.3488979513934902,2.7133333333333156,2.000000000000057,18.399999999999523,0.9999999999996589,41084,42016,0,40,28,36,20,1.0,1.0
rate1.5_s4,0.0,original_q2_a0.8_or_ungated,81225,6.466666666666669,4.999999999999943,7.133333333333326,7.39999999999975,2.5750000000000064,2.0349999999999806,1.7191767693680249,1.346447796604879,3.194666666666677,1.969230769230736,17.799999999999045,6.7999999999995,42033,42696,0,40,26,36,20,1.0,1.0
rate1.5_s4,0.0,original_q2_a0.8_or_ungated,81226,5.466666666666697,5.000000000000114,6.46666666666664,9.200000000000074,2.1850000000000316,2.0050000000000243,1.601097347559394,1.3821419248984432,2.7393939393939544,2.371428571428591,17.39999999999941,7.39999999999975,41239,42247,0,40,25,32,20,1.0,1.0
rate1.5_s4,0.0,original_q2_a0.8_or_ungated,81227,6.066666666666606,6.3999999999999915,11.666666666666515,8.999999999999993,2.3250000000000006,2.1200000000000037,1.6146497193548033,1.3464033442602856,2.508333333333333,2.092307692307696,7.999999999999659,7.999999999999659,40541,42336,0,40,30,37,20,1.0,1.0
rate1.5_s4,0.0,original_q2_a0.8_or_ungated,81228,6.46666666666664,6.4000000000000625,7.133333333333212,7.066666666666663,2.1699999999999844,1.974999999999992,1.5706849188825185,1.33792934176523,2.2311111111111206,1.9529411764705942,16.999999999999204,2.3999999999995225,41563,42448,0,40,29,38,20,1.0,1.0
rate1.5_s4,0.0,original_q2_a0.8_or_ungated,81229,7.133333333333326,4.466666666666725,7.133333333333553,6.399999999999999,2.354999999999946,1.8049999999999535,1.7473976319516455,1.328027800717375,3.020833333333343,2.477777777777779,25.199999999998226,14.799999999999386,42128,42863,0,40,34,39,20,1.0,1.0
rate1.5_s4,0.0,runner_up_ungated,81200,5.933333333333394,5.933333333333394,7.13333333333334,7.13333333333334,2.179999999999999,2.179999999999999,1.5028569428959782,1.5028569428959782,2.1764705882353006,2.1764705882353006,4.599999999999682,4.599999999999682,40629,40629,0,0,31,31,0,0.0,
rate1.5_s4,0.0,runner_up_ungated,81201,5.866666666666674,5.866666666666674,6.466666666666669,6.466666666666669,2.194999999999972,2.194999999999972,1.6605367655754297,1.6605367655754297,2.604166666666636,2.604166666666636,2.3999999999984993,2.3999999999984993,40816,40816,0,0,29,29,0,0.0,
rate1.5_s4,0.0,runner_up_ungated,81202,6.733333333333462,6.733333333333462,7.13333333333334,7.13333333333334,2.520000000000016,2.520000000000016,1.692576315143031,1.692576315143031,2.6666666666666856,2.6666666666666856,18.999999999999204,18.999999999999204,41262,41262,0,0,30,30,0,0.0,
rate1.5_s4,0.0,runner_up_ungated,81203,6.999999999999886,6.999999999999886,7.13333333333334,7.13333333333334,2.294999999999969,2.294999999999969,1.6499148077876296,1.6499148077876296,2.150000000000013,2.150000000000013,10.999999999999659,10.999999999999659,40122,40122,0,0,24,24,0,0.0,
rate1.5_s4,0.0,runner_up_ungated,81204,7.133333333333326,7.133333333333326,7.799999999999898,7.799999999999898,2.340000000000039,2.340000000000039,1.5953903295251206,1.5953903295251206,2.577777777777745,2.577777777777745,15.066666666666151,15.066666666666151,40904,40904,0,0,30,30,0,0.0,
rate1.5_s4,0.0,runner_up_ungated,81205,5.933333333333266,5.933333333333266,7.799999999999898,7.799999999999898,2.304999999999947,2.304999999999947,1.5638784731134987,1.5638784731134987,2.7599999999999683,2.7599999999999683,25.999999999999204,25.999999999999204,41628,41628,0,0,29,29,0,0.0,
rate1.5_s4,0.0,runner_up_ungated,81206,6.666666666666629,6.666666666666629,7.133333333333326,7.133333333333326,2.369999999999929,2.369999999999929,1.6287384144313777,1.6287384144313777,2.7200000000000015,2.7200000000000015,4.999999999999773,4.999999999999773,39833,39833,0,0,31,31,0,0.0,
rate1.5_s4,0.0,runner_up_ungated,81207,7.133333333333383,7.133333333333383,7.999999999999943,7.999999999999943,2.339999999999982,2.339999999999982,1.5221031126742102,1.5221031126742102,2.447058823529373,2.447058823529373,20.933333333332484,20.933333333332484,41768,41768,0,0,32,32,0,0.0,
rate1.5_s4,0.0,runner_up_ungated,81208,6.466666666666583,6.466666666666583,7.733333333333235,7.733333333333235,2.440000000000036,2.440000000000036,1.6653578737583952,1.6653578737583952,2.5047619047618843,2.5047619047618843,11.399999999999523,11.399999999999523,40295,40295,0,0,29,29,0,0.0,
rate1.5_s4,0.0,runner_up_ungated,81209,7.133333333333098,7.133333333333098,7.13333333333334,7.13333333333334,2.5149999999999535,2.5149999999999535,1.5958173195668903,1.5958173195668903,2.266666666666683,2.266666666666683,21.999999999998863,21.999999999998863,41816,41816,0,0,31,31,0,0.0,
rate1.5_s4,0.0,runner_up_ungated,81210,7.13333333333334,7.13333333333334,8.599999999999909,8.599999999999909,2.579999999999997,2.579999999999997,1.7045874821230764,1.7045874821230764,2.4499999999999993,2.4499999999999993,7.733333333332894,7.733333333332894,40782,40782,0,0,33,33,0,0.0,
rate1.5_s4,0.0,runner_up_ungated,81211,6.466666666666725,6.466666666666725,7.13333333333334,7.13333333333334,2.414999999999954,2.414999999999954,1.6550343627342898,1.6550343627342898,3.1052631578947127,3.1052631578947127,14.999999999999204,14.999999999999204,40706,40706,0,0,31,31,0,0.0,
rate1.5_s4,0.0,runner_up_ungated,81212,7.133333333333326,7.133333333333326,7.799999999999841,7.799999999999841,2.5749999999999647,2.5749999999999647,1.7256243124235033,1.7256243124235033,2.50833333333334,2.50833333333334,18.99999999999909,18.99999999999909,41293,41293,0,0,28,28,0,0.0,
rate1.5_s4,0.0,runner_up_ungated,81213,6.999999999999886,6.999999999999886,7.133333333333212,7.133333333333212,2.5299999999999594,2.5299999999999594,1.747991330826982,1.747991330826982,2.900000000000001,2.900000000000001,28.666666666665606,28.666666666665606,42525,42525,0,0,30,30,0,0.0,
rate1.5_s4,0.0,runner_up_ungated,81214,5.133333333333354,5.133333333333354,7.13333333333334,7.13333333333334,2.1699999999999777,2.1699999999999777,1.723067903092773,1.723067903092773,3.2000000000000077,3.2000000000000077,24.999999999999204,24.999999999999204,42140,42140,0,0,26,26,0,0.0,
rate1.5_s4,0.0,runner_up_ungated,81215,6.133333333333326,6.133333333333326,7.266666666666538,7.266666666666538,2.384999999999981,2.384999999999981,1.597762310811796,1.597762310811796,2.3333333333333854,2.3333333333333854,14.999999999999318,14.999999999999318,41260,41260,0,0,33,33,0,0.0,
rate1.5_s4,0.0,runner_up_ungated,81216,5.866666666666902,5.866666666666902,7.13333333333334,7.13333333333334,2.235000000000049,2.235000000000049,1.5915778168953325,1.5915778168953325,2.636363636363643,2.636363636363643,17.13333333333287,17.13333333333287,41380,41380,0,0,30,30,0,0.0,
rate1.5_s4,0.0,runner_up_ungated,81217,7.133333333333212,7.133333333333212,7.13333333333334,7.13333333333334,2.429999999999974,2.429999999999974,1.6949468743924156,1.6949468743924156,2.6916666666666655,2.6916666666666655,29.7999999999995,29.7999999999995,42481,42481,0,0,28,28,0,0.0,
rate1.5_s4,0.0,runner_up_ungated,81218,6.466666666666669,6.466666666666669,7.999999999999318,7.999999999999318,2.3049999999999202,2.3049999999999202,1.6256070663263316,1.6256070663263316,2.6083333333333325,2.6083333333333325,29.066666666665128,29.066666666665128,42331,42331,0,0,41,41,0,0.0,
rate1.5_s4,0.0,runner_up_ungated,81219,7.13333333333334,7.13333333333334,8.066666666666379,8.066666666666379,2.66999999999999,2.66999999999999,1.7378626082895745,1.7378626082895745,2.6285714285714255,2.6285714285714255,13.999999999999318,13.999999999999318,41725,41725,0,0,29,29,0,0.0,
rate1.5_s4,0.0,runner_up_ungated,81220,5.133333333333496,5.133333333333496,7.13333333333334,7.13333333333334,2.2549999999999812,2.2549999999999812,1.7000575746422306,1.7000575746422306,2.839999999999999,2.839999999999999,18.99999999999909,18.99999999999909,42068,42068,0,0,31,31,0,0.0,
rate1.5_s4,0.0,runner_up_ungated,81221,7.13333333333334,7.13333333333334,11.666666666666515,11.666666666666515,2.564999999999988,2.564999999999988,1.631921850194734,1.631921850194734,2.4499999999999886,2.4499999999999886,20.933333333332712,20.933333333332712,41259,41259,0,0,31,31,0,0.0,
rate1.5_s4,0.0,runner_up_ungated,81222,5.933333333333167,5.933333333333167,7.799999999999898,7.799999999999898,2.2099999999999866,2.2099999999999866,1.5782441841351988,1.5782441841351988,2.2074074074073957,2.2074074074073957,11.599999999999682,11.599999999999682,40552,40552,0,0,29,29,0,0.0,
rate1.5_s4,0.0,runner_up_ungated,81223,7.13333333333334,7.13333333333334,7.466666666666583,7.466666666666583,2.430000000000001,2.430000000000001,1.664019625459804,1.664019625459804,2.6166666666666765,2.6166666666666765,14.399999999999181,14.399999999999181,42024,42024,0,0,35,35,0,0.0,
rate1.5_s4,0.0,runner_up_ungated,81224,7.13333333333334,7.13333333333334,13.666666666666629,13.666666666666629,2.8150000000000377,2.8150000000000377,1.754324411146552,1.754324411146552,2.7133333333333156,2.7133333333333156,18.399999999999523,18.399999999999523,41084,41084,0,0,28,28,0,0.0,
rate1.5_s4,0.0,runner_up_ungated,81225,6.466666666666669,6.466666666666669,7.133333333333326,7.133333333333326,2.5750000000000064,2.5750000000000064,1.7191767693680249,1.7191767693680249,3.194666666666677,3.194666666666677,17.799999999999045,17.799999999999045,42033,42033,0,0,26,26,0,0.0,
rate1.5_s4,0.0,runner_up_ungated,81226,5.466666666666697,5.466666666666697,6.46666666666664,6.46666666666664,2.1850000000000316,2.1850000000000316,1.601097347559394,1.601097347559394,2.7393939393939544,2.7393939393939544,17.39999999999941,17.39999999999941,41239,41239,0,0,25,25,0,0.0,
rate1.5_s4,0.0,runner_up_ungated,81227,6.066666666666606,6.066666666666606,11.666666666666515,11.666666666666515,2.3250000000000006,2.3250000000000006,1.6146497193548033,1.6146497193548033,2.508333333333333,2.508333333333333,7.999999999999659,7.999999999999659,40541,40541,0,0,30,30,0,0.0,
rate1.5_s4,0.0,runner_up_ungated,81228,6.46666666666664,6.46666666666664,7.133333333333212,7.133333333333212,2.1699999999999844,2.1699999999999844,1.5706849188825185,1.5706849188825185,2.2311111111111206,2.2311111111111206,16.999999999999204,16.999999999999204,41563,41563,0,0,29,29,0,0.0,
rate1.5_s4,0.0,runner_up_ungated,81229,7.133333333333326,7.133333333333326,7.133333333333553,7.133333333333553,2.354999999999946,2.354999999999946,1.7473976319516455,1.7473976319516455,3.020833333333343,3.020833333333343,25.199999999998226,25.199999999998226,42128,42128,0,0,34,34,0,0.0,
rate1.5_s4,0.5,selected_gated,81200,5.133333333333333,5.133333333333333,7.13333333333334,7.13333333333334,2.055000000000002,2.055000000000002,1.474174793961276,1.474174793961276,2.1733333333333316,2.1733333333333316,4.499999999999773,4.499999999999773,40626,40626,0,0,31,31,0,0.0,
rate1.5_s4,0.5,selected_gated,81201,6.366666666666674,6.366666666666674,6.466666666666669,6.466666666666669,2.147499999999964,2.147499999999964,1.6775827488260482,1.6775827488260482,2.6666666666666665,2.6666666666666665,2.8999999999983856,2.8999999999983856,40785,40785,0,0,26,26,0,0.0,
rate1.5_s4,0.5,selected_gated,81202,7.133333333333212,7.133333333333212,7.233333333333462,7.233333333333462,2.570000000000016,2.570000000000016,1.70142472891725,1.70142472891725,2.6666666666666856,2.6666666666666856,18.999999999999204,18.999999999999204,41323,41323,0,0,30,30,0,0.0,
rate1.5_s4,0.5,selected_gated,81203,6.999999999999886,6.999999999999886,7.13333333333334,7.13333333333334,2.319999999999969,2.319999999999969,1.6850195742017706,1.6850195742017706,2.150000000000013,2.150000000000013,27.599999999999454,27.599999999999454,41348,41348,0,0,23,23,0,0.0,
rate1.5_s4,0.5,selected_gated,81204,7.13333333333334,7.13333333333334,7.799999999999898,7.799999999999898,2.2550000000000323,2.2550000000000323,1.5486165336064608,1.5486165336064608,2.3448275862068653,2.3448275862068653,4.666666666666174,4.666666666666174,40525,40525,0,0,29,29,0,0.0,
rate1.5_s4,0.5,selected_gated,81205,6.433333333333266,6.433333333333266,7.799999999999898,7.799999999999898,2.342499999999947,2.342499999999947,1.5753152334958826,1.5753152334958826,2.7599999999999683,2.7599999999999683,25.999999999999204,25.999999999999204,41625,41625,0,0,29,29,0,0.0,
rate1.5_s4,0.5,selected_gated,81206,6.666666666666629,6.666666666666629,7.133333333333326,7.133333333333326,2.4374999999999245,2.4374999999999245,1.6394243383936176,1.6394243383936176,2.7200000000000015,2.7200000000000015,4.999999999999773,4.999999999999773,40014,40014,0,0,32,32,0,0.0,
rate1.5_s4,0.5,selected_gated,81207,7.133333333333383,7.133333333333383,8.499999999999943,8.499999999999943,2.4924999999999806,2.4924999999999806,1.580830049153565,1.580830049153565,2.447058823529373,2.447058823529373,21.433333333332484,21.433333333332484,41753,41753,0,0,33,33,0,0.0,
rate1.5_s4,0.5,selected_gated,81208,6.56666666666672,6.56666666666672,7.733333333333235,7.733333333333235,2.490000000000036,2.490000000000036,1.6746426406692863,1.6746426406692863,2.5047619047618843,2.5047619047618843,11.399999999999523,11.399999999999523,40289,40289,0,0,29,29,0,0.0,
rate1.5_s4,0.5,selected_gated,81209,7.133333333333098,7.133333333333098,7.13333333333334,7.13333333333334,2.5524999999999536,2.5524999999999536,1.6022268959605868,1.6022268959605868,2.266666666666683,2.266666666666683,21.999999999998863,21.999999999998863,41816,41816,0,0,31,31,0,0.0,
rate1.5_s4,0.5,selected_gated,81210,7.13333333333334,7.13333333333334,8.133333333333297,8.133333333333297,2.617499999999997,2.617499999999997,1.7282019219272666,1.7282019219272666,2.4499999999999993,2.4499999999999993,8.233333333332894,8.233333333332894,40787,40787,0,0,33,33,0,0.0,
rate1.5_s4,0.5,selected_gated,81211,6.466666666666725,6.466666666666725,7.13333333333334,7.13333333333334,2.414999999999954,2.414999999999954,1.6608979430916009,1.6608979430916009,3.1052631578947127,3.1052631578947127,14.999999999999204,14.999999999999204,40682,40682,0,0,31,31,0,0.0,
rate1.5_s4,0.5,selected_gated,81212,7.133333333333326,7.133333333333326,7.799999999999841,7.799999999999841,2.644999999999963,2.644999999999963,1.7227161723007254,1.7227161723007254,2.50833333333334,2.50833333333334,18.99999999999909,18.99999999999909,41238,41238,0,0,29,29,0,0.0,
rate1.5_s4,0.5,selected_gated,81213,6.999999999999886,6.999999999999886,7.133333333333212,7.133333333333212,2.504999999999959,2.504999999999959,1.7418500454945884,1.7418500454945884,2.9416666666666678,2.9416666666666678,29.166666666665606,29.166666666665606,42548,42548,0,0,30,30,0,0.0,
rate1.5_s4,0.5,selected_gated,81214,6.466666666666583,6.466666666666583,7.43333333333328,7.43333333333328,2.3624999999999856,2.3624999999999856,1.750739666242478,1.750739666242478,3.261904761904719,3.261904761904719,24.999999999999204,24.999999999999204,42145,42145,0,0,27,27,0,0.0,
rate1.5_s4,0.5,selected_gated,81215,6.133333333333212,6.133333333333212,7.266666666666538,7.266666666666538,2.3849999999999865,2.3849999999999865,1.586769238768024,1.586769238768024,2.283333333333333,2.283333333333333,12.199999999999136,12.199999999999136,41165,41165,0,0,35,35,0,0.0,
rate1.5_s4,0.5,selected_gated,81216,5.133333333333383,5.133333333333383,7.13333333333334,7.13333333333334,2.1425000000000507,2.1425000000000507,1.5291044209605482,1.5291044209605482,2.1000000000000134,2.1000000000000134,3.133333333332871,3.133333333332871,40560,40560,0,0,32,32,0,0.0,
rate1.5_s4,0.5,selected_gated,81217,7.133333333333212,7.133333333333212,7.13333333333334,7.13333333333334,2.429999999999974,2.429999999999974,1.6974573312778727,1.6974573312778727,2.6916666666666655,2.6916666666666655,30.7999999999995,30.7999999999995,42487,42487,0,0,28,28,0,0.0,
rate1.5_s4,0.5,selected_gated,81218,5.133333333333354,5.133333333333354,6.66666666666606,6.66666666666606,2.157499999999925,2.157499999999925,1.5774437216015396,1.5774437216015396,2.5032258064515625,2.5032258064515625,37.266666666665174,37.266666666665174,42679,42679,0,0,38,38,0,0.0,
rate1.5_s4,0.5,selected_gated,81219,7.13333333333334,7.13333333333334,8.066666666666379,8.066666666666379,2.6949999999999905,2.6949999999999905,1.7456300395875375,1.7456300395875375,2.4969696969696584,2.4969696969696584,13.999999999999318,13.999999999999318,41700,41700,0,0,29,29,0,0.0,
rate1.5_s4,0.5,selected_gated,81220,5.133333333333496,5.133333333333496,7.13333333333334,7.13333333333334,2.2549999999999812,2.2549999999999812,1.7090318295539855,1.7090318295539855,2.839999999999999,2.839999999999999,18.99999999999909,18.99999999999909,42049,42049,0,0,31,31,0,0.0,
rate1.5_s4,0.5,selected_gated,81221,7.133333333333212,7.133333333333212,7.799999999999841,7.799999999999841,2.4049999999999914,2.4049999999999914,1.6661238899212674,1.6661238899212674,2.4499999999999886,2.4499999999999886,21.433333333332598,21.433333333332598,41123,41123,0,0,29,29,0,0.0,
rate1.5_s4,0.5,selected_gated,81222,5.800000000000011,5.800000000000011,7.799999999999898,7.799999999999898,2.1674999999999627,2.1674999999999627,1.5819554193085776,1.5819554193085776,2.2074074074073957,2.2074074074073957,12.099999999999682,12.099999999999682,40620,40620,0,0,29,29,0,0.0,
rate1.5_s4,0.5,selected_gated,81223,7.13333333333334,7.13333333333334,7.799999999999898,7.799999999999898,2.5399999999999934,2.5399999999999934,1.656212563671866,1.656212563671866,2.3055555555555536,2.3055555555555536,11.999999999999318,11.999999999999318,41391,41391,0,0,37,37,0,0.0,
rate1.5_s4,0.5,selected_gated,81224,7.13333333333334,7.13333333333334,7.799999999999898,7.799999999999898,2.6550000000000438,2.6550000000000438,1.7415908185896842,1.7415908185896842,2.6333333333333258,2.6333333333333258,17.59999999999968,17.59999999999968,40900,40900,0,0,28,28,0,0.0,
rate1.5_s4,0.5,selected_gated,81225,6.466666666666669,6.466666666666669,7.133333333333326,7.133333333333326,2.6000000000000063,2.6000000000000063,1.7238550014064544,1.7238550014064544,3.194666666666677,3.194666666666677,17.799999999999045,17.799999999999045,42038,42038,0,0,26,26,0,0.0,
rate1.5_s4,0.5,selected_gated,81226,5.466666666666697,5.466666666666697,6.46666666666664,6.46666666666664,2.2100000000000315,2.2100000000000315,1.6227140788673027,1.6227140788673027,2.784313725490205,2.784313725490205,17.89999999999941,17.89999999999941,41144,41144,0,0,24,24,0,0.0,
rate1.5_s4,0.5,selected_gated,81227,6.066666666666606,6.066666666666606,11.666666666666515,11.666666666666515,2.3625000000000007,2.3625000000000007,1.619895043713179,1.619895043713179,2.508333333333333,2.508333333333333,8.499999999999659,8.499999999999659,40597,40597,0,0,30,30,0,0.0,
rate1.5_s4,0.5,selected_gated,81228,5.133333333333098,5.133333333333098,7.133333333333212,7.133333333333212,2.102499999999976,2.102499999999976,1.5579726516134225,1.5579726516134225,2.2311111111111206,2.2311111111111206,16.999999999999204,16.999999999999204,41799,41799,0,0,27,27,0,0.0,
rate1.5_s4,0.5,selected_gated,81229,7.133333333333326,7.133333333333326,7.133333333333553,7.133333333333553,2.329999999999957,2.329999999999957,1.7782968705710598,1.7782968705710598,3.020833333333343,3.020833333333343,31.099999999999113,31.099999999999113,42414,42414,0,0,30,30,0,0.0,
rate1.5_s4,0.5,selected_ungated,81200,5.133333333333333,5.133333333333333,7.13333333333334,7.13333333333334,2.055000000000002,2.055000000000002,1.474174793961276,1.474174793961276,2.1733333333333316,2.1733333333333316,4.499999999999773,4.499999999999773,40626,40626,0,0,31,31,0,0.0,
rate1.5_s4,0.5,selected_ungated,81201,6.366666666666674,6.366666666666674,6.466666666666669,6.466666666666669,2.147499999999964,2.147499999999964,1.6775827488260482,1.6775827488260482,2.6666666666666665,2.6666666666666665,2.8999999999983856,2.8999999999983856,40785,40785,0,0,26,26,0,0.0,
rate1.5_s4,0.5,selected_ungated,81202,7.133333333333212,7.133333333333212,7.233333333333462,7.233333333333462,2.570000000000016,2.570000000000016,1.70142472891725,1.70142472891725,2.6666666666666856,2.6666666666666856,18.999999999999204,18.999999999999204,41323,41323,0,0,30,30,0,0.0,
rate1.5_s4,0.5,selected_ungated,81203,6.999999999999886,6.999999999999886,7.13333333333334,7.13333333333334,2.319999999999969,2.319999999999969,1.6850195742017706,1.6850195742017706,2.150000000000013,2.150000000000013,27.599999999999454,27.599999999999454,41348,41348,0,0,23,23,0,0.0,
rate1.5_s4,0.5,selected_ungated,81204,7.13333333333334,7.13333333333334,7.799999999999898,7.799999999999898,2.2550000000000323,2.2550000000000323,1.5486165336064608,1.5486165336064608,2.3448275862068653,2.3448275862068653,4.666666666666174,4.666666666666174,40525,40525,0,0,29,29,0,0.0,
rate1.5_s4,0.5,selected_ungated,81205,6.433333333333266,6.433333333333266,7.799999999999898,7.799999999999898,2.342499999999947,2.342499999999947,1.5753152334958826,1.5753152334958826,2.7599999999999683,2.7599999999999683,25.999999999999204,25.999999999999204,41625,41625,0,0,29,29,0,0.0,
rate1.5_s4,0.5,selected_ungated,81206,6.666666666666629,6.666666666666629,7.133333333333326,7.133333333333326,2.4374999999999245,2.4374999999999245,1.6394243383936176,1.6394243383936176,2.7200000000000015,2.7200000000000015,4.999999999999773,4.999999999999773,40014,40014,0,0,32,32,0,0.0,
rate1.5_s4,0.5,selected_ungated,81207,7.133333333333383,7.133333333333383,8.499999999999943,8.499999999999943,2.4924999999999806,2.4924999999999806,1.580830049153565,1.580830049153565,2.447058823529373,2.447058823529373,21.433333333332484,21.433333333332484,41753,41753,0,0,33,33,0,0.0,
rate1.5_s4,0.5,selected_ungated,81208,6.56666666666672,6.56666666666672,7.733333333333235,7.733333333333235,2.490000000000036,2.490000000000036,1.6746426406692863,1.6746426406692863,2.5047619047618843,2.5047619047618843,11.399999999999523,11.399999999999523,40289,40289,0,0,29,29,0,0.0,
rate1.5_s4,0.5,selected_ungated,81209,7.133333333333098,7.133333333333098,7.13333333333334,7.13333333333334,2.5524999999999536,2.5524999999999536,1.6022268959605868,1.6022268959605868,2.266666666666683,2.266666666666683,21.999999999998863,21.999999999998863,41816,41816,0,0,31,31,0,0.0,
rate1.5_s4,0.5,selected_ungated,81210,7.13333333333334,7.13333333333334,8.133333333333297,8.133333333333297,2.617499999999997,2.617499999999997,1.7282019219272666,1.7282019219272666,2.4499999999999993,2.4499999999999993,8.233333333332894,8.233333333332894,40787,40787,0,0,33,33,0,0.0,
rate1.5_s4,0.5,selected_ungated,81211,6.466666666666725,6.466666666666725,7.13333333333334,7.13333333333334,2.414999999999954,2.414999999999954,1.6608979430916009,1.6608979430916009,3.1052631578947127,3.1052631578947127,14.999999999999204,14.999999999999204,40682,40682,0,0,31,31,0,0.0,
rate1.5_s4,0.5,selected_ungated,81212,7.133333333333326,7.133333333333326,7.799999999999841,7.799999999999841,2.644999999999963,2.644999999999963,1.7227161723007254,1.7227161723007254,2.50833333333334,2.50833333333334,18.99999999999909,18.99999999999909,41238,41238,0,0,29,29,0,0.0,
rate1.5_s4,0.5,selected_ungated,81213,6.999999999999886,6.999999999999886,7.133333333333212,7.133333333333212,2.504999999999959,2.504999999999959,1.7418500454945884,1.7418500454945884,2.9416666666666678,2.9416666666666678,29.166666666665606,29.166666666665606,42548,42548,0,0,30,30,0,0.0,
rate1.5_s4,0.5,selected_ungated,81214,6.466666666666583,6.466666666666583,7.43333333333328,7.43333333333328,2.3624999999999856,2.3624999999999856,1.750739666242478,1.750739666242478,3.261904761904719,3.261904761904719,24.999999999999204,24.999999999999204,42145,42145,0,0,27,27,0,0.0,
rate1.5_s4,0.5,selected_ungated,81215,6.133333333333212,6.133333333333212,7.266666666666538,7.266666666666538,2.3849999999999865,2.3849999999999865,1.586769238768024,1.586769238768024,2.283333333333333,2.283333333333333,12.199999999999136,12.199999999999136,41165,41165,0,0,35,35,0,0.0,
rate1.5_s4,0.5,selected_ungated,81216,5.133333333333383,5.133333333333383,7.13333333333334,7.13333333333334,2.1425000000000507,2.1425000000000507,1.5291044209605482,1.5291044209605482,2.1000000000000134,2.1000000000000134,3.133333333332871,3.133333333332871,40560,40560,0,0,32,32,0,0.0,
rate1.5_s4,0.5,selected_ungated,81217,7.133333333333212,7.133333333333212,7.13333333333334,7.13333333333334,2.429999999999974,2.429999999999974,1.6974573312778727,1.6974573312778727,2.6916666666666655,2.6916666666666655,30.7999999999995,30.7999999999995,42487,42487,0,0,28,28,0,0.0,
rate1.5_s4,0.5,selected_ungated,81218,5.133333333333354,5.133333333333354,6.66666666666606,6.66666666666606,2.157499999999925,2.157499999999925,1.5774437216015396,1.5774437216015396,2.5032258064515625,2.5032258064515625,37.266666666665174,37.266666666665174,42679,42679,0,0,38,38,0,0.0,
rate1.5_s4,0.5,selected_ungated,81219,7.13333333333334,7.13333333333334,8.066666666666379,8.066666666666379,2.6949999999999905,2.6949999999999905,1.7456300395875375,1.7456300395875375,2.4969696969696584,2.4969696969696584,13.999999999999318,13.999999999999318,41700,41700,0,0,29,29,0,0.0,
rate1.5_s4,0.5,selected_ungated,81220,5.133333333333496,5.133333333333496,7.13333333333334,7.13333333333334,2.2549999999999812,2.2549999999999812,1.7090318295539855,1.7090318295539855,2.839999999999999,2.839999999999999,18.99999999999909,18.99999999999909,42049,42049,0,0,31,31,0,0.0,
rate1.5_s4,0.5,selected_ungated,81221,7.133333333333212,7.133333333333212,7.799999999999841,7.799999999999841,2.4049999999999914,2.4049999999999914,1.6661238899212674,1.6661238899212674,2.4499999999999886,2.4499999999999886,21.433333333332598,21.433333333332598,41123,41123,0,0,29,29,0,0.0,
rate1.5_s4,0.5,selected_ungated,81222,5.800000000000011,5.800000000000011,7.799999999999898,7.799999999999898,2.1674999999999627,2.1674999999999627,1.5819554193085776,1.5819554193085776,2.2074074074073957,2.2074074074073957,12.099999999999682,12.099999999999682,40620,40620,0,0,29,29,0,0.0,
rate1.5_s4,0.5,selected_ungated,81223,7.13333333333334,7.13333333333334,7.799999999999898,7.799999999999898,2.5399999999999934,2.5399999999999934,1.656212563671866,1.656212563671866,2.3055555555555536,2.3055555555555536,11.999999999999318,11.999999999999318,41391,41391,0,0,37,37,0,0.0,
rate1.5_s4,0.5,selected_ungated,81224,7.13333333333334,7.13333333333334,7.799999999999898,7.799999999999898,2.6550000000000438,2.6550000000000438,1.7415908185896842,1.7415908185896842,2.6333333333333258,2.6333333333333258,17.59999999999968,17.59999999999968,40900,40900,0,0,28,28,0,0.0,
rate1.5_s4,0.5,selected_ungated,81225,6.466666666666669,6.466666666666669,7.133333333333326,7.133333333333326,2.6000000000000063,2.6000000000000063,1.7238550014064544,1.7238550014064544,3.194666666666677,3.194666666666677,17.799999999999045,17.799999999999045,42038,42038,0,0,26,26,0,0.0,
rate1.5_s4,0.5,selected_ungated,81226,5.466666666666697,5.466666666666697,6.46666666666664,6.46666666666664,2.2100000000000315,2.2100000000000315,1.6227140788673027,1.6227140788673027,2.784313725490205,2.784313725490205,17.89999999999941,17.89999999999941,41144,41144,0,0,24,24,0,0.0,
rate1.5_s4,0.5,selected_ungated,81227,6.066666666666606,6.066666666666606,11.666666666666515,11.666666666666515,2.3625000000000007,2.3625000000000007,1.619895043713179,1.619895043713179,2.508333333333333,2.508333333333333,8.499999999999659,8.499999999999659,40597,40597,0,0,30,30,0,0.0,
rate1.5_s4,0.5,selected_ungated,81228,5.133333333333098,5.133333333333098,7.133333333333212,7.133333333333212,2.102499999999976,2.102499999999976,1.5579726516134225,1.5579726516134225,2.2311111111111206,2.2311111111111206,16.999999999999204,16.999999999999204,41799,41799,0,0,27,27,0,0.0,
rate1.5_s4,0.5,selected_ungated,81229,7.133333333333326,7.133333333333326,7.133333333333553,7.133333333333553,2.329999999999957,2.329999999999957,1.7782968705710598,1.7782968705710598,3.020833333333343,3.020833333333343,31.099999999999113,31.099999999999113,42414,42414,0,0,30,30,0,0.0,
rate1.5_s4,0.5,original_q2_a0.8_or_ungated,81200,5.133333333333333,6.3999999999999915,7.13333333333334,7.899999999999636,2.055000000000002,1.9374999999999833,1.474174793961276,1.341433531970566,2.1733333333333316,2.1166666666666814,4.499999999999773,16.39999999999941,40626,43107,0,40,31,38,20,1.0,1.0
rate1.5_s4,0.5,original_q2_a0.8_or_ungated,81201,6.366666666666674,5.7999999999996135,6.466666666666669,6.399999999999999,2.147499999999964,1.8574999999999862,1.6775827488260482,1.3863232695440346,2.6666666666666665,2.1200000000000045,2.8999999999983856,9.499999999999432,40785,42963,0,40,26,38,19,1.0,1.0
rate1.5_s4,0.5,original_q2_a0.8_or_ungated,81202,7.133333333333212,5.1666666666667425,7.233333333333462,6.399999999999999,2.570000000000016,1.9025000000000163,1.70142472891725,1.41335387819981,2.6666666666666856,2.2833333333333505,18.999999999999204,12.19999999999925,41323,42518,0,40,30,32,20,1.0,1.0
rate1.5_s4,0.5,original_q2_a0.8_or_ungated,81203,6.999999999999886,5.3666666666669585,7.13333333333334,7.000000000000057,2.319999999999969,1.92249999999998,1.6850195742017706,1.407476483406383,2.150000000000013,2.0633333333333383,27.599999999999454,9.499999999999545,41348,42327,0,40,23,36,20,1.0,1.0
rate1.5_s4,0.5,original_q2_a0.8_or_ungated,81204,7.13333333333334,5.0,7.799999999999898,6.999999999999886,2.2550000000000323,1.8500000000000245,1.5486165336064608,1.4053167096670653,2.3448275862068653,2.1000000000000134,4.666666666666174,6.3666666666662195,40525,42286,0,40,29,42,20,1.0,1.0
rate1.5_s4,0.5,original_q2_a0.8_or_ungated,81205,6.433333333333266,5.266666666666595,7.799999999999898,5.666666666666657,2.342499999999947,2.06249999999996,1.5753152334958826,1.3832516040547282,2.7599999999999683,2.0809523809523847,25.999999999999204,7.599999999999568,41625,41976,0,40,29,39,20,1.0,1.0
rate1.5_s4,0.5,original_q2_a0.8_or_ungated,81206,6.666666666666629,4.599999999999909,7.133333333333326,5.666666666666629,2.4374999999999245,1.8074999999999721,1.6394243383936176,1.3449822688230326,2.7200000000000015,2.199999999999998,4.999999999999773,9.2999999999995,40014,41816,0,40,32,35,20,1.0,1.0
rate1.5_s4,0.5,original_q2_a0.8_or_ungated,81207,7.133333333333383,5.266666666666538,8.499999999999943,7.066666666666663,2.4924999999999806,1.8399999999999785,1.580830049153565,1.343248347724112,2.447058823529373,1.8571428571428652,21.433333333332484,11.233333333333121,41753,42388,0,40,33,37,20,1.0,1.0
rate1.5_s4,0.5,original_q2_a0.8_or_ungated,81208,6.56666666666672,3.6000000000000796,7.733333333333235,6.4000000000000625,2.490000000000036,1.6450000000000249,1.6746426406692863,1.4521658445841763,2.5047619047618843,2.450000000000003,11.399999999999523,11.999999999999545,40289,42141,0,40,29,37,20,1.0,1.0
rate1.5_s4,0.5,original_q2_a0.8_or_ungated,81209,7.133333333333098,4.599999999999795,7.13333333333334,6.999999999999886,2.5524999999999536,1.8449999999999651,1.6022268959605868,1.3876839795851668,2.266666666666683,2.210416666666667,21.999999999998863,2.7999999999992724,41816,42529,0,40,31,36,20,1.0,1.0
rate1.5_s4,0.5,original_q2_a0.8_or_ungated,81210,7.13333333333334,4.999999999999943,8.133333333333297,9.86666666666666,2.617499999999997,2.0274999999999923,1.7282019219272666,1.5460409724643949,2.4499999999999993,2.56666666666667,8.233333333332894,0.7333333333328937,40787,41939,0,40,33,33,20,1.0,1.0
rate1.5_s4,0.5,original_q2_a0.8_or_ungated,81211,6.466666666666725,6.066666666666151,7.13333333333334,7.066666666666663,2.414999999999954,1.8724999999999539,1.6608979430916009,1.4252531020007453,3.1052631578947127,2.4750000000000014,14.999999999999204,5.69999999999925,40682,42205,0,40,31,36,20,1.0,1.0
rate1.5_s4,0.5,original_q2_a0.8_or_ungated,81212,7.133333333333326,3.800000000000068,7.799999999999841,9.200000000000045,2.644999999999963,1.9249999999999718,1.7227161723007254,1.4689581026873506,2.50833333333334,2.355555555555559,18.99999999999909,8.599999999999227,41238,42452,0,40,29,35,20,1.0,1.0
rate1.5_s4,0.5,original_q2_a0.8_or_ungated,81213,6.999999999999886,5.800000000000182,7.133333333333212,6.899999999999864,2.504999999999959,1.964999999999979,1.7418500454945884,1.456703509014276,2.9416666666666678,2.699999999999992,29.166666666665606,15.566666666665924,42548,43301,0,40,30,34,20,1.0,1.0
rate1.5_s4,0.5,original_q2_a0.8_or_ungated,81214,6.466666666666583,4.599999999999852,7.43333333333328,9.199999999999996,2.3624999999999856,1.8724999999999792,1.750739666242478,1.4351061731351211,3.261904761904719,2.0433333333333366,24.999999999999204,6.699999999999363,42145,42807,0,40,27,31,20,1.0,1.0
rate1.5_s4,0.5,original_q2_a0.8_or_ungated,81215,6.133333333333212,4.599999999999795,7.266666666666538,4.999999999999943,2.3849999999999865,1.8949999999999672,1.586769238768024,1.4922553352734687,2.283333333333333,2.3636363636363793,12.199999999999136,10.799999999999159,41165,42894,0,40,35,36,20,1.0,1.0
rate1.5_s4,0.5,original_q2_a0.8_or_ungated,81216,5.133333333333383,6.399999999999999,7.13333333333334,9.200000000000003,2.1425000000000507,2.1125000000000007,1.5291044209605482,1.4408104649110598,2.1000000000000134,2.1000000000000063,3.133333333332871,17.933333333332598,40560,42698,0,40,32,33,20,1.0,1.0
rate1.5_s4,0.5,original_q2_a0.8_or_ungated,81217,7.133333333333212,4.599999999999966,7.13333333333334,7.066666666666663,2.429999999999974,1.9949999999999761,1.6974573312778727,1.3659923544308206,2.6916666666666655,1.8274509803921584,30.7999999999995,11.799999999999272,42487,43021,0,40,28,34,20,1.0,1.0
rate1.5_s4,0.5,original_q2_a0.8_or_ungated,81218,5.133333333333354,4.599999999999966,6.66666666666606,9.200000000000003,2.157499999999925,1.9324999999999524,1.5774437216015396,1.2982709333691882,2.5032258064515625,1.9466666666666734,37.266666666665174,14.06666666666547,42679,43000,0,40,38,37,20,1.0,1.0
rate1.5_s4,0.5,original_q2_a0.8_or_ungated,81219,7.13333333333334,7.399999999999864,8.066666666666379,8.466666666666669,2.6949999999999905,2.089999999999977,1.7456300395875375,1.4857245433468065,2.4969696969696584,2.219999999999982,13.999999999999318,7.399999999999295,41700,42953,0,40,29,33,20,1.0,1.0
rate1.5_s4,0.5,original_q2_a0.8_or_ungated,81220,5.133333333333496,4.599999999999909,7.13333333333334,9.199999999999996,2.2549999999999812,2.024999999999984,1.7090318295539855,1.375366287371906,2.839999999999999,2.449999999999932,18.99999999999909,11.399999999999068,42049,43208,0,40,31,44,20,1.0,1.0
rate1.5_s4,0.5,original_q2_a0.8_or_ungated,81221,7.133333333333212,5.666666666666629,7.799999999999841,10.666666666666401,2.4049999999999914,2.109999999999979,1.6661238899212674,1.4168649881572137,2.4499999999999886,2.1900000000000004,21.433333333332598,6.033333333332848,41123,42287,0,40,29,36,20,1.0,1.0
rate1.5_s4,0.5,original_q2_a0.8_or_ungated,81222,5.800000000000011,6.3999999999999915,7.799999999999898,7.666666666666572,2.1674999999999627,2.0124999999999944,1.5819554193085776,1.3846437109640362,2.2074074074073957,2.2074074074073957,12.099999999999682,11.399999999999523,40620,42475,0,40,29,37,20,1.0,1.0
rate1.5_s4,0.5,original_q2_a0.8_or_ungated,81223,7.13333333333334,4.299999999999898,7.799999999999898,7.566666666666663,2.5399999999999934,1.8099999999999756,1.656212563671866,1.3609621908416236,2.3055555555555536,1.9583333333333002,11.999999999999318,12.19999999999925,41391,42837,0,40,37,34,20,1.0,1.0
rate1.5_s4,0.5,original_q2_a0.8_or_ungated,81224,7.13333333333334,4.666666666666572,7.799999999999898,5.266666666666595,2.6550000000000438,1.8050000000000044,1.7415908185896842,1.3931113497859757,2.6333333333333258,2.2055555555555393,17.59999999999968,4.799999999999727,40900,42359,0,40,28,35,20,1.0,1.0
rate1.5_s4,0.5,original_q2_a0.8_or_ungated,81225,6.466666666666669,4.800000000000182,7.133333333333326,7.066666666666663,2.6000000000000063,1.9074999999999858,1.7238550014064544,1.3482779944454748,3.194666666666677,1.92307692307691,17.799999999999045,7.2999999999995,42038,42691,0,40,26,35,20,1.0,1.0
rate1.5_s4,0.5,original_q2_a0.8_or_ungated,81226,5.466666666666697,4.900000000000205,6.46666666666664,7.866666666666674,2.2100000000000315,1.7475000000000367,1.6227140788673027,1.3511629208866527,2.784313725490205,2.133333333333351,17.89999999999941,13.2999999999995,41144,42766,0,40,24,33,20,1.0,1.0
rate1.5_s4,0.5,original_q2_a0.8_or_ungated,81227,6.066666666666606,6.3999999999999915,11.666666666666515,8.999999999999993,2.3625000000000007,2.145000000000004,1.619895043713179,1.3576769367750487,2.508333333333333,2.1307692307692343,8.499999999999659,8.499999999999659,40597,42391,0,40,30,37,20,1.0,1.0
rate1.5_s4,0.5,original_q2_a0.8_or_ungated,81228,5.133333333333098,6.999999999999886,7.133333333333212,7.10000000000008,2.102499999999976,2.057499999999987,1.5579726516134225,1.3516480486135534,2.2311111111111206,1.9529411764705942,16.999999999999204,2.8999999999995225,41799,42319,0,40,27,38,20,1.0,1.0
rate1.5_s4,0.5,original_q2_a0.8_or_ungated,81229,7.133333333333326,4.96666666666647,7.133333333333553,6.999999999999886,2.329999999999957,1.9299999999999635,1.7782968705710598,1.3618283209961886,3.020833333333343,2.3666666666666174,31.099999999999113,21.399999999998727,42414,43530,0,40,30,35,20,1.0,1.0
rate1.5_s4,0.5,runner_up_ungated,81200,5.133333333333333,5.133333333333333,7.13333333333334,7.13333333333334,2.055000000000002,2.055000000000002,1.474174793961276,1.474174793961276,2.1733333333333316,2.1733333333333316,4.499999999999773,4.499999999999773,40626,40626,0,0,31,31,0,0.0,
rate1.5_s4,0.5,runner_up_ungated,81201,6.366666666666674,6.366666666666674,6.466666666666669,6.466666666666669,2.147499999999964,2.147499999999964,1.6775827488260482,1.6775827488260482,2.6666666666666665,2.6666666666666665,2.8999999999983856,2.8999999999983856,40785,40785,0,0,26,26,0,0.0,
rate1.5_s4,0.5,runner_up_ungated,81202,7.133333333333212,7.133333333333212,7.233333333333462,7.233333333333462,2.570000000000016,2.570000000000016,1.70142472891725,1.70142472891725,2.6666666666666856,2.6666666666666856,18.999999999999204,18.999999999999204,41323,41323,0,0,30,30,0,0.0,
rate1.5_s4,0.5,runner_up_ungated,81203,6.999999999999886,6.999999999999886,7.13333333333334,7.13333333333334,2.319999999999969,2.319999999999969,1.6850195742017706,1.6850195742017706,2.150000000000013,2.150000000000013,27.599999999999454,27.599999999999454,41348,41348,0,0,23,23,0,0.0,
rate1.5_s4,0.5,runner_up_ungated,81204,7.13333333333334,7.13333333333334,7.799999999999898,7.799999999999898,2.2550000000000323,2.2550000000000323,1.5486165336064608,1.5486165336064608,2.3448275862068653,2.3448275862068653,4.666666666666174,4.666666666666174,40525,40525,0,0,29,29,0,0.0,
rate1.5_s4,0.5,runner_up_ungated,81205,6.433333333333266,6.433333333333266,7.799999999999898,7.799999999999898,2.342499999999947,2.342499999999947,1.5753152334958826,1.5753152334958826,2.7599999999999683,2.7599999999999683,25.999999999999204,25.999999999999204,41625,41625,0,0,29,29,0,0.0,
rate1.5_s4,0.5,runner_up_ungated,81206,6.666666666666629,6.666666666666629,7.133333333333326,7.133333333333326,2.4374999999999245,2.4374999999999245,1.6394243383936176,1.6394243383936176,2.7200000000000015,2.7200000000000015,4.999999999999773,4.999999999999773,40014,40014,0,0,32,32,0,0.0,
rate1.5_s4,0.5,runner_up_ungated,81207,7.133333333333383,7.133333333333383,8.499999999999943,8.499999999999943,2.4924999999999806,2.4924999999999806,1.580830049153565,1.580830049153565,2.447058823529373,2.447058823529373,21.433333333332484,21.433333333332484,41753,41753,0,0,33,33,0,0.0,
rate1.5_s4,0.5,runner_up_ungated,81208,6.56666666666672,6.56666666666672,7.733333333333235,7.733333333333235,2.490000000000036,2.490000000000036,1.6746426406692863,1.6746426406692863,2.5047619047618843,2.5047619047618843,11.399999999999523,11.399999999999523,40289,40289,0,0,29,29,0,0.0,
rate1.5_s4,0.5,runner_up_ungated,81209,7.133333333333098,7.133333333333098,7.13333333333334,7.13333333333334,2.5524999999999536,2.5524999999999536,1.6022268959605868,1.6022268959605868,2.266666666666683,2.266666666666683,21.999999999998863,21.999999999998863,41816,41816,0,0,31,31,0,0.0,
rate1.5_s4,0.5,runner_up_ungated,81210,7.13333333333334,7.13333333333334,8.133333333333297,8.133333333333297,2.617499999999997,2.617499999999997,1.7282019219272666,1.7282019219272666,2.4499999999999993,2.4499999999999993,8.233333333332894,8.233333333332894,40787,40787,0,0,33,33,0,0.0,
rate1.5_s4,0.5,runner_up_ungated,81211,6.466666666666725,6.466666666666725,7.13333333333334,7.13333333333334,2.414999999999954,2.414999999999954,1.6608979430916009,1.6608979430916009,3.1052631578947127,3.1052631578947127,14.999999999999204,14.999999999999204,40682,40682,0,0,31,31,0,0.0,
rate1.5_s4,0.5,runner_up_ungated,81212,7.133333333333326,7.133333333333326,7.799999999999841,7.799999999999841,2.644999999999963,2.644999999999963,1.7227161723007254,1.7227161723007254,2.50833333333334,2.50833333333334,18.99999999999909,18.99999999999909,41238,41238,0,0,29,29,0,0.0,
rate1.5_s4,0.5,runner_up_ungated,81213,6.999999999999886,6.999999999999886,7.133333333333212,7.133333333333212,2.504999999999959,2.504999999999959,1.7418500454945884,1.7418500454945884,2.9416666666666678,2.9416666666666678,29.166666666665606,29.166666666665606,42548,42548,0,0,30,30,0,0.0,
rate1.5_s4,0.5,runner_up_ungated,81214,6.466666666666583,6.466666666666583,7.43333333333328,7.43333333333328,2.3624999999999856,2.3624999999999856,1.750739666242478,1.750739666242478,3.261904761904719,3.261904761904719,24.999999999999204,24.999999999999204,42145,42145,0,0,27,27,0,0.0,
rate1.5_s4,0.5,runner_up_ungated,81215,6.133333333333212,6.133333333333212,7.266666666666538,7.266666666666538,2.3849999999999865,2.3849999999999865,1.586769238768024,1.586769238768024,2.283333333333333,2.283333333333333,12.199999999999136,12.199999999999136,41165,41165,0,0,35,35,0,0.0,
rate1.5_s4,0.5,runner_up_ungated,81216,5.133333333333383,5.133333333333383,7.13333333333334,7.13333333333334,2.1425000000000507,2.1425000000000507,1.5291044209605482,1.5291044209605482,2.1000000000000134,2.1000000000000134,3.133333333332871,3.133333333332871,40560,40560,0,0,32,32,0,0.0,
rate1.5_s4,0.5,runner_up_ungated,81217,7.133333333333212,7.133333333333212,7.13333333333334,7.13333333333334,2.429999999999974,2.429999999999974,1.6974573312778727,1.6974573312778727,2.6916666666666655,2.6916666666666655,30.7999999999995,30.7999999999995,42487,42487,0,0,28,28,0,0.0,
rate1.5_s4,0.5,runner_up_ungated,81218,5.133333333333354,5.133333333333354,6.66666666666606,6.66666666666606,2.157499999999925,2.157499999999925,1.5774437216015396,1.5774437216015396,2.5032258064515625,2.5032258064515625,37.266666666665174,37.266666666665174,42679,42679,0,0,38,38,0,0.0,
rate1.5_s4,0.5,runner_up_ungated,81219,7.13333333333334,7.13333333333334,8.066666666666379,8.066666666666379,2.6949999999999905,2.6949999999999905,1.7456300395875375,1.7456300395875375,2.4969696969696584,2.4969696969696584,13.999999999999318,13.999999999999318,41700,41700,0,0,29,29,0,0.0,
rate1.5_s4,0.5,runner_up_ungated,81220,5.133333333333496,5.133333333333496,7.13333333333334,7.13333333333334,2.2549999999999812,2.2549999999999812,1.7090318295539855,1.7090318295539855,2.839999999999999,2.839999999999999,18.99999999999909,18.99999999999909,42049,42049,0,0,31,31,0,0.0,
rate1.5_s4,0.5,runner_up_ungated,81221,7.133333333333212,7.133333333333212,7.799999999999841,7.799999999999841,2.4049999999999914,2.4049999999999914,1.6661238899212674,1.6661238899212674,2.4499999999999886,2.4499999999999886,21.433333333332598,21.433333333332598,41123,41123,0,0,29,29,0,0.0,
rate1.5_s4,0.5,runner_up_ungated,81222,5.800000000000011,5.800000000000011,7.799999999999898,7.799999999999898,2.1674999999999627,2.1674999999999627,1.5819554193085776,1.5819554193085776,2.2074074074073957,2.2074074074073957,12.099999999999682,12.099999999999682,40620,40620,0,0,29,29,0,0.0,
rate1.5_s4,0.5,runner_up_ungated,81223,7.13333333333334,7.13333333333334,7.799999999999898,7.799999999999898,2.5399999999999934,2.5399999999999934,1.656212563671866,1.656212563671866,2.3055555555555536,2.3055555555555536,11.999999999999318,11.999999999999318,41391,41391,0,0,37,37,0,0.0,
rate1.5_s4,0.5,runner_up_ungated,81224,7.13333333333334,7.13333333333334,7.799999999999898,7.799999999999898,2.6550000000000438,2.6550000000000438,1.7415908185896842,1.7415908185896842,2.6333333333333258,2.6333333333333258,17.59999999999968,17.59999999999968,40900,40900,0,0,28,28,0,0.0,
rate1.5_s4,0.5,runner_up_ungated,81225,6.466666666666669,6.466666666666669,7.133333333333326,7.133333333333326,2.6000000000000063,2.6000000000000063,1.7238550014064544,1.7238550014064544,3.194666666666677,3.194666666666677,17.799999999999045,17.799999999999045,42038,42038,0,0,26,26,0,0.0,
rate1.5_s4,0.5,runner_up_ungated,81226,5.466666666666697,5.466666666666697,6.46666666666664,6.46666666666664,2.2100000000000315,2.2100000000000315,1.6227140788673027,1.6227140788673027,2.784313725490205,2.784313725490205,17.89999999999941,17.89999999999941,41144,41144,0,0,24,24,0,0.0,
rate1.5_s4,0.5,runner_up_ungated,81227,6.066666666666606,6.066666666666606,11.666666666666515,11.666666666666515,2.3625000000000007,2.3625000000000007,1.619895043713179,1.619895043713179,2.508333333333333,2.508333333333333,8.499999999999659,8.499999999999659,40597,40597,0,0,30,30,0,0.0,
rate1.5_s4,0.5,runner_up_ungated,81228,5.133333333333098,5.133333333333098,7.133333333333212,7.133333333333212,2.102499999999976,2.102499999999976,1.5579726516134225,1.5579726516134225,2.2311111111111206,2.2311111111111206,16.999999999999204,16.999999999999204,41799,41799,0,0,27,27,0,0.0,
rate1.5_s4,0.5,runner_up_ungated,81229,7.133333333333326,7.133333333333326,7.133333333333553,7.133333333333553,2.329999999999957,2.329999999999957,1.7782968705710598,1.7782968705710598,3.020833333333343,3.020833333333343,31.099999999999113,31.099999999999113,42414,42414,0,0,30,30,0,0.0,
rate1.5_s4,2.0,selected_gated,81200,7.133333333333326,7.133333333333326,7.800000000000068,7.800000000000068,2.335000000000003,2.335000000000003,1.6244520372551363,1.6244520372551363,2.2051282051282044,2.2051282051282044,19.199999999999363,19.199999999999363,41130,41130,0,0,36,36,0,0.0,
rate1.5_s4,2.0,selected_gated,81201,6.4666666666665265,6.4666666666665265,6.466666666666669,6.466666666666669,2.1899999999999538,2.1899999999999538,1.6870401110203055,1.6870401110203055,2.6666666666666665,2.6666666666666665,4.399999999998386,4.399999999998386,40711,40711,0,0,24,24,0,0.0,
rate1.5_s4,2.0,selected_gated,81202,5.133333333333333,5.133333333333333,7.13333333333334,7.13333333333334,2.1350000000000238,2.1350000000000238,1.773295154517631,1.773295154517631,3.1750000000000114,3.1750000000000114,18.999999999999204,18.999999999999204,41522,41522,0,0,27,27,0,0.0,
rate1.5_s4,2.0,selected_gated,81203,6.999999999999886,6.999999999999886,7.13333333333334,7.13333333333334,2.294999999999969,2.294999999999969,1.6595884188987404,1.6595884188987404,2.150000000000013,2.150000000000013,12.7999999999995,12.7999999999995,40304,40304,0,0,24,24,0,0.0,
rate1.5_s4,2.0,selected_gated,81204,7.133333333333326,7.133333333333326,7.799999999999898,7.799999999999898,2.340000000000039,2.340000000000039,1.6150517324538385,1.6150517324538385,2.6888888888888496,2.6888888888888496,17.066666666666038,17.066666666666038,40984,40984,0,0,30,30,0,0.0,
rate1.5_s4,2.0,selected_gated,81205,7.799999999999841,7.799999999999841,7.933333333333266,7.933333333333266,2.4749999999999597,2.4749999999999597,1.5947287435001458,1.5947287435001458,2.7599999999999683,2.7599999999999683,25.999999999999204,25.999999999999204,41550,41550,0,0,29,29,0,0.0,
rate1.5_s4,2.0,selected_gated,81206,6.466666666666669,6.466666666666669,7.133333333333326,7.133333333333326,2.304999999999943,2.304999999999943,1.655566584285864,1.655566584285864,2.7200000000000015,2.7200000000000015,9.599999999999,9.599999999999,40129,40129,0,0,30,30,0,0.0,
rate1.5_s4,2.0,selected_gated,81207,7.13333333333334,7.13333333333334,7.799999999999841,7.799999999999841,2.274999999999981,2.274999999999981,1.5686466487340012,1.5686466487340012,2.447058823529373,2.447058823529373,22.933333333332484,22.933333333332484,41654,41654,0,0,32,32,0,0.0,
rate1.5_s4,2.0,selected_gated,81208,5.066666666666663,5.066666666666663,7.733333333333235,7.733333333333235,2.1550000000000367,2.1550000000000367,1.6034555930444356,1.6034555930444356,2.4222222222222265,2.4222222222222265,2.999999999999659,2.999999999999659,39944,39944,0,0,30,30,0,0.0,
rate1.5_s4,2.0,selected_gated,81209,7.133333333333098,7.133333333333098,7.13333333333334,7.13333333333334,2.459999999999949,2.459999999999949,1.5787588813850932,1.5787588813850932,2.266666666666674,2.266666666666674,21.999999999998863,21.999999999998863,41853,41853,0,0,33,33,0,0.0,
rate1.5_s4,2.0,selected_gated,81210,7.13333333333334,7.13333333333334,8.133333333333297,8.133333333333297,2.6249999999999987,2.6249999999999987,1.7224339284987813,1.7224339284987813,2.8000000000000056,2.8000000000000056,8.733333333332894,8.733333333332894,40890,40890,0,0,32,32,0,0.0,
rate1.5_s4,2.0,selected_gated,81211,6.466666666666725,6.466666666666725,7.13333333333334,7.13333333333334,2.414999999999954,2.414999999999954,1.6809151547517687,1.6809151547517687,3.1052631578947127,3.1052631578947127,14.999999999999204,14.999999999999204,40690,40690,0,0,31,31,0,0.0,
rate1.5_s4,2.0,selected_gated,81212,7.133333333333212,7.133333333333212,7.13333333333334,7.13333333333334,2.3199999999999847,2.3199999999999847,1.6086474799433845,1.6086474799433845,2.3878787878787993,2.3878787878787993,3.399999999999636,3.399999999999636,40843,40843,0,0,34,34,0,0.0,
rate1.5_s4,2.0,selected_gated,81213,6.999999999999886,6.999999999999886,7.133333333333212,7.133333333333212,2.5299999999999594,2.5299999999999594,1.7753601975092113,1.7753601975092113,3.0666666666666678,3.0666666666666678,27.86666666666565,27.86666666666565,42528,42528,0,0,31,31,0,0.0,
rate1.5_s4,2.0,selected_gated,81214,5.733333333333292,5.733333333333292,7.13333333333334,7.13333333333334,2.2949999999999777,2.2949999999999777,1.7871460621341668,1.7871460621341668,3.5333333333333408,3.5333333333333408,24.999999999999204,24.999999999999204,42053,42053,0,0,26,26,0,0.0,
rate1.5_s4,2.0,selected_gated,81215,6.733333333333576,6.733333333333576,7.266666666666538,7.266666666666538,2.634999999999984,2.634999999999984,1.74307337656627,1.74307337656627,2.3444444444443966,2.3444444444443966,15.999999999999204,15.999999999999204,41175,41175,0,0,29,29,0,0.0,
rate1.5_s4,2.0,selected_gated,81216,5.533333333333289,5.533333333333289,6.666666666666856,6.666666666666856,2.2000000000000313,2.2000000000000313,1.6158961273341848,1.6158961273341848,2.6000000000000227,2.6000000000000227,19.13333333333287,19.13333333333287,41429,41429,0,0,32,32,0,0.0,
rate1.5_s4,2.0,selected_gated,81217,7.133333333333212,7.133333333333212,7.13333333333334,7.13333333333334,2.429999999999974,2.429999999999974,1.694197035267577,1.694197035267577,2.6916666666666655,2.6916666666666655,32.399999999998954,32.399999999998954,42575,42575,0,0,27,27,0,0.0,
rate1.5_s4,2.0,selected_gated,81218,5.133333333333354,5.133333333333354,7.999999999999318,7.999999999999318,2.209999999999927,2.209999999999927,1.581100794105159,1.581100794105159,2.4560000000000093,2.4560000000000093,31.066666666665014,31.066666666665014,42589,42589,0,0,39,39,0,0.0,
rate1.5_s4,2.0,selected_gated,81219,7.133333333333383,7.133333333333383,8.066666666666379,8.066666666666379,2.539999999999992,2.539999999999992,1.6770603312547387,1.6770603312547387,2.6799999999999384,2.6799999999999384,13.999999999999318,13.999999999999318,41685,41685,0,0,27,27,0,0.0,
rate1.5_s4,2.0,selected_gated,81220,5.133333333333496,5.133333333333496,7.13333333333334,7.13333333333334,2.2549999999999812,2.2549999999999812,1.7392879276225837,1.7392879276225837,2.839999999999999,2.839999999999999,18.99999999999909,18.99999999999909,42040,42040,0,0,30,30,0,0.0,
rate1.5_s4,2.0,selected_gated,81221,7.13333333333334,7.13333333333334,11.666666666666515,11.666666666666515,2.5550000000000024,2.5550000000000024,1.6463379778184795,1.6463379778184795,2.4499999999999886,2.4499999999999886,22.933333333332598,22.933333333332598,41318,41318,0,0,31,31,0,0.0,
rate1.5_s4,2.0,selected_gated,81222,5.800000000000011,5.800000000000011,7.933333333333053,7.933333333333053,2.245000000000003,2.245000000000003,1.5853018391654654,1.5853018391654654,2.3199999999999137,2.3199999999999137,13.599999999999682,13.599999999999682,40839,40839,0,0,28,28,0,0.0,
rate1.5_s4,2.0,selected_gated,81223,7.133333333333326,7.133333333333326,10.800000000000011,10.800000000000011,2.2099999999999844,2.2099999999999844,1.5835458622918308,1.5835458622918308,2.357575757575722,2.357575757575722,13.19999999999925,13.19999999999925,41439,41439,0,0,32,32,0,0.0,
rate1.5_s4,2.0,selected_gated,81224,6.466666666666725,6.466666666666725,7.13333333333334,7.13333333333334,2.490000000000035,2.490000000000035,1.7740934359435951,1.7740934359435951,2.7133333333333156,2.7133333333333156,12.79999999999984,12.79999999999984,40843,40843,0,0,31,31,0,0.0,
rate1.5_s4,2.0,selected_gated,81225,6.466666666666669,6.466666666666669,7.133333333333326,7.133333333333326,2.5750000000000064,2.5750000000000064,1.736461126093171,1.736461126093171,3.194666666666677,3.194666666666677,17.799999999999045,17.799999999999045,42013,42013,0,0,26,26,0,0.0,
rate1.5_s4,2.0,selected_gated,81226,5.466666666666697,5.466666666666697,6.46666666666664,6.46666666666664,2.1850000000000316,2.1850000000000316,1.6126595108862634,1.6126595108862634,2.7393939393939544,2.7393939393939544,19.39999999999941,19.39999999999941,41648,41648,0,0,25,25,0,0.0,
rate1.5_s4,2.0,selected_gated,81227,6.066666666666606,6.066666666666606,11.666666666666515,11.666666666666515,2.3499999999999766,2.3499999999999766,1.6380406656906015,1.6380406656906015,2.508333333333333,2.508333333333333,8.999999999999659,8.999999999999659,40488,40488,0,0,27,27,0,0.0,
rate1.5_s4,2.0,selected_gated,81228,5.200000000000216,5.200000000000216,7.133333333333212,7.133333333333212,2.139999999999976,2.139999999999976,1.6065824036908474,1.6065824036908474,2.2708333333333393,2.2708333333333393,16.999999999999204,16.999999999999204,41781,41781,0,0,26,26,0,0.0,
rate1.5_s4,2.0,selected_gated,81229,6.200000000000159,6.200000000000159,7.13333333333334,7.13333333333334,2.2249999999999397,2.2249999999999397,1.7882692496745558,1.7882692496745558,3.5999999999999974,3.5999999999999974,31.199999999998,31.199999999998,42446,42446,0,0,34,34,0,0.0,
rate1.5_s4,2.0,selected_ungated,81200,7.133333333333326,7.133333333333326,7.800000000000068,7.800000000000068,2.335000000000003,2.335000000000003,1.6244520372551363,1.6244520372551363,2.2051282051282044,2.2051282051282044,19.199999999999363,19.199999999999363,41130,41130,0,0,36,36,0,0.0,
rate1.5_s4,2.0,selected_ungated,81201,6.4666666666665265,6.4666666666665265,6.466666666666669,6.466666666666669,2.1899999999999538,2.1899999999999538,1.6870401110203055,1.6870401110203055,2.6666666666666665,2.6666666666666665,4.399999999998386,4.399999999998386,40711,40711,0,0,24,24,0,0.0,
rate1.5_s4,2.0,selected_ungated,81202,5.133333333333333,5.133333333333333,7.13333333333334,7.13333333333334,2.1350000000000238,2.1350000000000238,1.773295154517631,1.773295154517631,3.1750000000000114,3.1750000000000114,18.999999999999204,18.999999999999204,41522,41522,0,0,27,27,0,0.0,
rate1.5_s4,2.0,selected_ungated,81203,6.999999999999886,6.999999999999886,7.13333333333334,7.13333333333334,2.294999999999969,2.294999999999969,1.6595884188987404,1.6595884188987404,2.150000000000013,2.150000000000013,12.7999999999995,12.7999999999995,40304,40304,0,0,24,24,0,0.0,
rate1.5_s4,2.0,selected_ungated,81204,7.133333333333326,7.133333333333326,7.799999999999898,7.799999999999898,2.340000000000039,2.340000000000039,1.6150517324538385,1.6150517324538385,2.6888888888888496,2.6888888888888496,17.066666666666038,17.066666666666038,40984,40984,0,0,30,30,0,0.0,
rate1.5_s4,2.0,selected_ungated,81205,7.799999999999841,7.799999999999841,7.933333333333266,7.933333333333266,2.4749999999999597,2.4749999999999597,1.5947287435001458,1.5947287435001458,2.7599999999999683,2.7599999999999683,25.999999999999204,25.999999999999204,41550,41550,0,0,29,29,0,0.0,
rate1.5_s4,2.0,selected_ungated,81206,6.466666666666669,6.466666666666669,7.133333333333326,7.133333333333326,2.304999999999943,2.304999999999943,1.655566584285864,1.655566584285864,2.7200000000000015,2.7200000000000015,9.599999999999,9.599999999999,40129,40129,0,0,30,30,0,0.0,
rate1.5_s4,2.0,selected_ungated,81207,7.13333333333334,7.13333333333334,7.799999999999841,7.799999999999841,2.274999999999981,2.274999999999981,1.5686466487340012,1.5686466487340012,2.447058823529373,2.447058823529373,22.933333333332484,22.933333333332484,41654,41654,0,0,32,32,0,0.0,
rate1.5_s4,2.0,selected_ungated,81208,5.066666666666663,5.066666666666663,7.733333333333235,7.733333333333235,2.1550000000000367,2.1550000000000367,1.6034555930444356,1.6034555930444356,2.4222222222222265,2.4222222222222265,2.999999999999659,2.999999999999659,39944,39944,0,0,30,30,0,0.0,
rate1.5_s4,2.0,selected_ungated,81209,7.133333333333098,7.133333333333098,7.13333333333334,7.13333333333334,2.459999999999949,2.459999999999949,1.5787588813850932,1.5787588813850932,2.266666666666674,2.266666666666674,21.999999999998863,21.999999999998863,41853,41853,0,0,33,33,0,0.0,
rate1.5_s4,2.0,selected_ungated,81210,7.13333333333334,7.13333333333334,8.133333333333297,8.133333333333297,2.6249999999999987,2.6249999999999987,1.7224339284987813,1.7224339284987813,2.8000000000000056,2.8000000000000056,8.733333333332894,8.733333333332894,40890,40890,0,0,32,32,0,0.0,
rate1.5_s4,2.0,selected_ungated,81211,6.466666666666725,6.466666666666725,7.13333333333334,7.13333333333334,2.414999999999954,2.414999999999954,1.6809151547517687,1.6809151547517687,3.1052631578947127,3.1052631578947127,14.999999999999204,14.999999999999204,40690,40690,0,0,31,31,0,0.0,
rate1.5_s4,2.0,selected_ungated,81212,7.133333333333212,7.133333333333212,7.13333333333334,7.13333333333334,2.3199999999999847,2.3199999999999847,1.6086474799433845,1.6086474799433845,2.3878787878787993,2.3878787878787993,3.399999999999636,3.399999999999636,40843,40843,0,0,34,34,0,0.0,
rate1.5_s4,2.0,selected_ungated,81213,6.999999999999886,6.999999999999886,7.133333333333212,7.133333333333212,2.5299999999999594,2.5299999999999594,1.7753601975092113,1.7753601975092113,3.0666666666666678,3.0666666666666678,27.86666666666565,27.86666666666565,42528,42528,0,0,31,31,0,0.0,
rate1.5_s4,2.0,selected_ungated,81214,5.733333333333292,5.733333333333292,7.13333333333334,7.13333333333334,2.2949999999999777,2.2949999999999777,1.7871460621341668,1.7871460621341668,3.5333333333333408,3.5333333333333408,24.999999999999204,24.999999999999204,42053,42053,0,0,26,26,0,0.0,
rate1.5_s4,2.0,selected_ungated,81215,6.733333333333576,6.733333333333576,7.266666666666538,7.266666666666538,2.634999999999984,2.634999999999984,1.74307337656627,1.74307337656627,2.3444444444443966,2.3444444444443966,15.999999999999204,15.999999999999204,41175,41175,0,0,29,29,0,0.0,
rate1.5_s4,2.0,selected_ungated,81216,5.533333333333289,5.533333333333289,6.666666666666856,6.666666666666856,2.2000000000000313,2.2000000000000313,1.6158961273341848,1.6158961273341848,2.6000000000000227,2.6000000000000227,19.13333333333287,19.13333333333287,41429,41429,0,0,32,32,0,0.0,
rate1.5_s4,2.0,selected_ungated,81217,7.133333333333212,7.133333333333212,7.13333333333334,7.13333333333334,2.429999999999974,2.429999999999974,1.694197035267577,1.694197035267577,2.6916666666666655,2.6916666666666655,32.399999999998954,32.399999999998954,42575,42575,0,0,27,27,0,0.0,
rate1.5_s4,2.0,selected_ungated,81218,5.133333333333354,5.133333333333354,7.999999999999318,7.999999999999318,2.209999999999927,2.209999999999927,1.581100794105159,1.581100794105159,2.4560000000000093,2.4560000000000093,31.066666666665014,31.066666666665014,42589,42589,0,0,39,39,0,0.0,
rate1.5_s4,2.0,selected_ungated,81219,7.133333333333383,7.133333333333383,8.066666666666379,8.066666666666379,2.539999999999992,2.539999999999992,1.6770603312547387,1.6770603312547387,2.6799999999999384,2.6799999999999384,13.999999999999318,13.999999999999318,41685,41685,0,0,27,27,0,0.0,
rate1.5_s4,2.0,selected_ungated,81220,5.133333333333496,5.133333333333496,7.13333333333334,7.13333333333334,2.2549999999999812,2.2549999999999812,1.7392879276225837,1.7392879276225837,2.839999999999999,2.839999999999999,18.99999999999909,18.99999999999909,42040,42040,0,0,30,30,0,0.0,
rate1.5_s4,2.0,selected_ungated,81221,7.13333333333334,7.13333333333334,11.666666666666515,11.666666666666515,2.5550000000000024,2.5550000000000024,1.6463379778184795,1.6463379778184795,2.4499999999999886,2.4499999999999886,22.933333333332598,22.933333333332598,41318,41318,0,0,31,31,0,0.0,
rate1.5_s4,2.0,selected_ungated,81222,5.800000000000011,5.800000000000011,7.933333333333053,7.933333333333053,2.245000000000003,2.245000000000003,1.5853018391654654,1.5853018391654654,2.3199999999999137,2.3199999999999137,13.599999999999682,13.599999999999682,40839,40839,0,0,28,28,0,0.0,
rate1.5_s4,2.0,selected_ungated,81223,7.133333333333326,7.133333333333326,10.800000000000011,10.800000000000011,2.2099999999999844,2.2099999999999844,1.5835458622918308,1.5835458622918308,2.357575757575722,2.357575757575722,13.19999999999925,13.19999999999925,41439,41439,0,0,32,32,0,0.0,
rate1.5_s4,2.0,selected_ungated,81224,6.466666666666725,6.466666666666725,7.13333333333334,7.13333333333334,2.490000000000035,2.490000000000035,1.7740934359435951,1.7740934359435951,2.7133333333333156,2.7133333333333156,12.79999999999984,12.79999999999984,40843,40843,0,0,31,31,0,0.0,
rate1.5_s4,2.0,selected_ungated,81225,6.466666666666669,6.466666666666669,7.133333333333326,7.133333333333326,2.5750000000000064,2.5750000000000064,1.736461126093171,1.736461126093171,3.194666666666677,3.194666666666677,17.799999999999045,17.799999999999045,42013,42013,0,0,26,26,0,0.0,
rate1.5_s4,2.0,selected_ungated,81226,5.466666666666697,5.466666666666697,6.46666666666664,6.46666666666664,2.1850000000000316,2.1850000000000316,1.6126595108862634,1.6126595108862634,2.7393939393939544,2.7393939393939544,19.39999999999941,19.39999999999941,41648,41648,0,0,25,25,0,0.0,
rate1.5_s4,2.0,selected_ungated,81227,6.066666666666606,6.066666666666606,11.666666666666515,11.666666666666515,2.3499999999999766,2.3499999999999766,1.6380406656906015,1.6380406656906015,2.508333333333333,2.508333333333333,8.999999999999659,8.999999999999659,40488,40488,0,0,27,27,0,0.0,
rate1.5_s4,2.0,selected_ungated,81228,5.200000000000216,5.200000000000216,7.133333333333212,7.133333333333212,2.139999999999976,2.139999999999976,1.6065824036908474,1.6065824036908474,2.2708333333333393,2.2708333333333393,16.999999999999204,16.999999999999204,41781,41781,0,0,26,26,0,0.0,
rate1.5_s4,2.0,selected_ungated,81229,6.200000000000159,6.200000000000159,7.13333333333334,7.13333333333334,2.2249999999999397,2.2249999999999397,1.7882692496745558,1.7882692496745558,3.5999999999999974,3.5999999999999974,31.199999999998,31.199999999998,42446,42446,0,0,34,34,0,0.0,
rate1.5_s4,2.0,original_q2_a0.8_or_ungated,81200,7.133333333333326,6.399999999999977,7.800000000000068,7.39999999999975,2.335000000000003,1.9299999999999944,1.6244520372551363,1.4633895053920805,2.2051282051282044,2.409090909090912,19.199999999999363,20.799999999999386,41130,43139,0,40,36,37,20,1.0,1.0
rate1.5_s4,2.0,original_q2_a0.8_or_ungated,81201,6.4666666666665265,5.466666666666015,6.466666666666669,7.866666666666674,2.1899999999999538,1.754999999999972,1.6870401110203055,1.3051105063244617,2.6666666666666665,1.8444444444444175,4.399999999998386,11.599999999998545,40711,43087,0,40,24,43,20,1.0,1.0
rate1.5_s4,2.0,original_q2_a0.8_or_ungated,81202,5.133333333333333,5.666666666666686,7.13333333333334,7.399999999999864,2.1350000000000238,1.82500000000001,1.773295154517631,1.3928744291835353,3.1750000000000114,2.1333333333333373,18.999999999999204,9.799999999999159,41522,42471,0,40,27,36,20,1.0,1.0
rate1.5_s4,2.0,original_q2_a0.8_or_ungated,81203,6.999999999999886,4.46666666666664,7.13333333333334,6.999999999999886,2.294999999999969,1.7149999999999639,1.6595884188987404,1.4260452112632984,2.150000000000013,2.2714285714285753,12.7999999999995,10.999999999999545,40304,42063,0,40,24,36,20,1.0,1.0
rate1.5_s4,2.0,original_q2_a0.8_or_ungated,81204,7.133333333333326,5.0,7.799999999999898,6.999999999999886,2.340000000000039,1.8550000000000129,1.6150517324538385,1.4171466068243623,2.6888888888888496,2.1777777777777425,17.066666666666038,7.866666666666106,40984,42293,0,40,30,41,20,1.0,1.0
rate1.5_s4,2.0,original_q2_a0.8_or_ungated,81205,7.799999999999841,5.266666666666595,7.933333333333266,7.399999999999864,2.4749999999999597,2.09999999999996,1.5947287435001458,1.417753085174187,2.7599999999999683,2.1599999999999984,25.999999999999204,13.599999999999682,41550,42255,0,40,29,41,20,1.0,1.0
rate1.5_s4,2.0,original_q2_a0.8_or_ungated,81206,6.466666666666669,4.266666666666708,7.133333333333326,5.666666666666629,2.304999999999943,1.699999999999942,1.655566584285864,1.4239916828542645,2.7200000000000015,2.233333333333336,9.599999999999,7.999999999999318,40129,41314,0,40,30,33,19,1.0,1.0
rate1.5_s4,2.0,original_q2_a0.8_or_ungated,81207,7.13333333333334,5.266666666666538,7.799999999999841,7.066666666666663,2.274999999999981,1.8999999999999708,1.5686466487340012,1.419858967052188,2.447058823529373,2.285714285714302,22.933333333332484,13.533333333332735,41654,42411,0,40,32,36,20,1.0,1.0
rate1.5_s4,2.0,original_q2_a0.8_or_ungated,81208,5.066666666666663,3.800000000000068,7.733333333333235,4.399999999999977,2.1550000000000367,1.5650000000000308,1.6034555930444356,1.4539673384307594,2.4222222222222265,2.450000000000003,2.999999999999659,2.999999999999659,39944,41454,0,40,30,37,20,1.0,1.0
rate1.5_s4,2.0,original_q2_a0.8_or_ungated,81209,7.133333333333098,4.199999999999989,7.13333333333334,4.599999999999909,2.459999999999949,1.8049999999999624,1.5787588813850932,1.4784566134788089,2.266666666666674,2.511111111111126,21.999999999998863,2.7999999999992724,41853,42496,0,40,33,35,20,1.0,1.0
rate1.5_s4,2.0,original_q2_a0.8_or_ungated,81210,7.13333333333334,4.999999999999943,8.133333333333297,9.86666666666666,2.6249999999999987,2.054999999999993,1.7224339284987813,1.5069511397537456,2.8000000000000056,2.3818181818182014,8.733333333332894,0.7333333333328937,40890,42198,0,40,32,36,20,1.0,1.0
rate1.5_s4,2.0,original_q2_a0.8_or_ungated,81211,6.466666666666725,6.066666666666151,7.13333333333334,7.066666666666663,2.414999999999954,1.9199999999999533,1.6809151547517687,1.527983853465652,3.1052631578947127,2.7833333333333563,14.999999999999204,7.19999999999925,40690,42337,0,40,31,32,20,1.0,1.0
rate1.5_s4,2.0,original_q2_a0.8_or_ungated,81212,7.133333333333212,4.866666666666617,7.13333333333334,10.999999999999886,2.3199999999999847,1.9799999999999787,1.6086474799433845,1.510007261594772,2.3878787878787993,2.6888888888888953,3.399999999999636,9.799999999999272,40843,42365,0,40,34,35,20,1.0,1.0
rate1.5_s4,2.0,original_q2_a0.8_or_ungated,81213,6.999999999999886,6.399999999999864,7.133333333333212,7.0,2.5299999999999594,1.9549999999999752,1.7753601975092113,1.505524455807551,3.0666666666666678,2.9833333333333343,27.86666666666565,3.6666666666662877,42528,42824,0,40,31,32,20,1.0,1.0
rate1.5_s4,2.0,original_q2_a0.8_or_ungated,81214,5.733333333333292,4.199999999999875,7.13333333333334,9.199999999999996,2.2949999999999777,1.8349999999999764,1.7871460621341668,1.4484722614425538,3.5333333333333408,2.4000000000000057,24.999999999999204,10.19999999999925,42053,42843,0,40,26,30,20,1.0,1.0
rate1.5_s4,2.0,original_q2_a0.8_or_ungated,81215,6.733333333333576,4.000000000000007,7.266666666666538,4.999999999999943,2.634999999999984,1.8399999999999719,1.74307337656627,1.501081328899883,2.3444444444443966,2.5333333333333345,15.999999999999204,13.799999999999045,41175,42986,0,40,29,37,20,1.0,1.0
rate1.5_s4,2.0,original_q2_a0.8_or_ungated,81216,5.533333333333289,6.399999999999999,6.666666666666856,9.200000000000003,2.2000000000000313,2.0000000000000036,1.6158961273341848,1.497115004254053,2.6000000000000227,2.419999999999999,19.13333333333287,17.933333333332598,41429,42618,0,40,32,32,20,1.0,1.0
rate1.5_s4,2.0,original_q2_a0.8_or_ungated,81217,7.133333333333212,5.666666666666629,7.13333333333334,7.066666666666663,2.429999999999974,2.014999999999945,1.694197035267577,1.446176834711856,2.6916666666666655,1.9215686274509831,32.399999999998954,7.399999999999295,42575,42589,0,40,27,32,20,1.0,1.0
rate1.5_s4,2.0,original_q2_a0.8_or_ungated,81218,5.133333333333354,4.266666666666666,7.999999999999318,9.200000000000003,2.209999999999927,1.9149999999999512,1.581100794105159,1.3047462659010882,2.4560000000000093,1.7851851851851943,31.066666666665014,19.266666666665515,42589,43319,0,40,39,36,20,1.0,1.0
rate1.5_s4,2.0,original_q2_a0.8_or_ungated,81219,7.133333333333383,7.399999999999864,8.066666666666379,8.466666666666669,2.539999999999992,1.9649999999999772,1.6770603312547387,1.564418938009552,2.6799999999999384,2.6799999999999384,13.999999999999318,7.399999999999295,41685,42865,0,40,27,32,20,1.0,1.0
rate1.5_s4,2.0,original_q2_a0.8_or_ungated,81220,5.133333333333496,6.599999999999909,7.13333333333334,9.199999999999996,2.2549999999999812,2.0299999999999487,1.7392879276225837,1.5616765462451325,2.839999999999999,2.839999999999999,18.99999999999909,9.99999999999909,42040,42981,0,40,30,46,20,1.0,1.0
rate1.5_s4,2.0,original_q2_a0.8_or_ungated,81221,7.13333333333334,4.666666666666686,11.666666666666515,8.066666666666492,2.5550000000000024,1.884999999999992,1.6463379778184795,1.433231894223595,2.4499999999999886,2.3400000000000034,22.933333333332598,7.533333333332848,41318,42318,0,40,31,38,20,1.0,1.0
rate1.5_s4,2.0,original_q2_a0.8_or_ungated,81222,5.800000000000011,6.3999999999999915,7.933333333333053,7.666666666666572,2.245000000000003,2.0099999999999953,1.5853018391654654,1.4372056690666435,2.3199999999999137,2.285714285714298,13.599999999999682,14.599999999999682,40839,42480,0,40,28,39,20,1.0,1.0
rate1.5_s4,2.0,original_q2_a0.8_or_ungated,81223,7.133333333333326,5.666666666666515,10.800000000000011,7.266666666666538,2.2099999999999844,1.8199999999999679,1.5835458622918308,1.361453566687779,2.357575757575722,2.0333333333333172,13.19999999999925,12.19999999999925,41439,42820,0,40,32,37,20,1.0,1.0
rate1.5_s4,2.0,original_q2_a0.8_or_ungated,81224,6.466666666666725,4.2666666666666515,7.13333333333334,5.266666666666595,2.490000000000035,1.5700000000000234,1.7740934359435951,1.4438529130928315,2.7133333333333156,2.7333333333333316,12.79999999999984,8.399999999999636,40843,42466,0,40,31,34,19,1.0,1.0
rate1.5_s4,2.0,original_q2_a0.8_or_ungated,81225,6.466666666666669,5.666666666666686,7.133333333333326,7.39999999999975,2.5750000000000064,2.0449999999999857,1.736461126093171,1.4057311566485844,3.194666666666677,2.0307692307691854,17.799999999999045,8.7999999999995,42013,42805,0,40,26,36,20,1.0,1.0
rate1.5_s4,2.0,original_q2_a0.8_or_ungated,81226,5.466666666666697,4.866666666666731,6.46666666666664,7.866666666666674,2.1850000000000316,1.760000000000043,1.6126595108862634,1.4172936622589933,2.7393939393939544,2.6444444444444395,19.39999999999941,14.799999999999386,41648,42601,0,40,25,30,20,1.0,1.0
rate1.5_s4,2.0,original_q2_a0.8_or_ungated,81227,6.066666666666606,6.3999999999999915,11.666666666666515,8.999999999999993,2.3499999999999766,2.1200000000000037,1.6380406656906015,1.3852649100865346,2.508333333333333,2.2461538461538497,8.999999999999659,9.999999999999659,40488,42373,0,40,27,37,20,1.0,1.0
rate1.5_s4,2.0,original_q2_a0.8_or_ungated,81228,5.200000000000216,3.9999999999998863,7.133333333333212,7.066666666666663,2.139999999999976,1.695000000000006,1.6065824036908474,1.3214414810693693,2.2708333333333393,2.0705882352941236,16.999999999999204,1.599999999999568,41781,42317,0,40,26,37,20,1.0,1.0
rate1.5_s4,2.0,original_q2_a0.8_or_ungated,81229,6.200000000000159,4.466666666666725,7.13333333333334,6.399999999999999,2.2249999999999397,1.7949999999999497,1.7882692496745558,1.4072485725024961,3.5999999999999974,2.109090909090909,31.199999999998,18.799999999998704,42446,43307,0,40,34,38,20,1.0,1.0
rate1.5_s4,2.0,runner_up_ungated,81200,7.133333333333326,7.133333333333326,7.800000000000068,7.800000000000068,2.335000000000003,2.335000000000003,1.6244520372551363,1.6244520372551363,2.2051282051282044,2.2051282051282044,19.199999999999363,19.199999999999363,41130,41130,0,0,36,36,0,0.0,
rate1.5_s4,2.0,runner_up_ungated,81201,6.4666666666665265,6.4666666666665265,6.466666666666669,6.466666666666669,2.1899999999999538,2.1899999999999538,1.6870401110203055,1.6870401110203055,2.6666666666666665,2.6666666666666665,4.399999999998386,4.399999999998386,40711,40711,0,0,24,24,0,0.0,
rate1.5_s4,2.0,runner_up_ungated,81202,5.133333333333333,5.133333333333333,7.13333333333334,7.13333333333334,2.1350000000000238,2.1350000000000238,1.773295154517631,1.773295154517631,3.1750000000000114,3.1750000000000114,18.999999999999204,18.999999999999204,41522,41522,0,0,27,27,0,0.0,
rate1.5_s4,2.0,runner_up_ungated,81203,6.999999999999886,6.999999999999886,7.13333333333334,7.13333333333334,2.294999999999969,2.294999999999969,1.6595884188987404,1.6595884188987404,2.150000000000013,2.150000000000013,12.7999999999995,12.7999999999995,40304,40304,0,0,24,24,0,0.0,
rate1.5_s4,2.0,runner_up_ungated,81204,7.133333333333326,7.133333333333326,7.799999999999898,7.799999999999898,2.340000000000039,2.340000000000039,1.6150517324538385,1.6150517324538385,2.6888888888888496,2.6888888888888496,17.066666666666038,17.066666666666038,40984,40984,0,0,30,30,0,0.0,
rate1.5_s4,2.0,runner_up_ungated,81205,7.799999999999841,7.799999999999841,7.933333333333266,7.933333333333266,2.4749999999999597,2.4749999999999597,1.5947287435001458,1.5947287435001458,2.7599999999999683,2.7599999999999683,25.999999999999204,25.999999999999204,41550,41550,0,0,29,29,0,0.0,
rate1.5_s4,2.0,runner_up_ungated,81206,6.466666666666669,6.466666666666669,7.133333333333326,7.133333333333326,2.304999999999943,2.304999999999943,1.655566584285864,1.655566584285864,2.7200000000000015,2.7200000000000015,9.599999999999,9.599999999999,40129,40129,0,0,30,30,0,0.0,
rate1.5_s4,2.0,runner_up_ungated,81207,7.13333333333334,7.13333333333334,7.799999999999841,7.799999999999841,2.274999999999981,2.274999999999981,1.5686466487340012,1.5686466487340012,2.447058823529373,2.447058823529373,22.933333333332484,22.933333333332484,41654,41654,0,0,32,32,0,0.0,
rate1.5_s4,2.0,runner_up_ungated,81208,5.066666666666663,5.066666666666663,7.733333333333235,7.733333333333235,2.1550000000000367,2.1550000000000367,1.6034555930444356,1.6034555930444356,2.4222222222222265,2.4222222222222265,2.999999999999659,2.999999999999659,39944,39944,0,0,30,30,0,0.0,
rate1.5_s4,2.0,runner_up_ungated,81209,7.133333333333098,7.133333333333098,7.13333333333334,7.13333333333334,2.459999999999949,2.459999999999949,1.5787588813850932,1.5787588813850932,2.266666666666674,2.266666666666674,21.999999999998863,21.999999999998863,41853,41853,0,0,33,33,0,0.0,
rate1.5_s4,2.0,runner_up_ungated,81210,7.13333333333334,7.13333333333334,8.133333333333297,8.133333333333297,2.6249999999999987,2.6249999999999987,1.7224339284987813,1.7224339284987813,2.8000000000000056,2.8000000000000056,8.733333333332894,8.733333333332894,40890,40890,0,0,32,32,0,0.0,
rate1.5_s4,2.0,runner_up_ungated,81211,6.466666666666725,6.466666666666725,7.13333333333334,7.13333333333334,2.414999999999954,2.414999999999954,1.6809151547517687,1.6809151547517687,3.1052631578947127,3.1052631578947127,14.999999999999204,14.999999999999204,40690,40690,0,0,31,31,0,0.0,
rate1.5_s4,2.0,runner_up_ungated,81212,7.133333333333212,7.133333333333212,7.13333333333334,7.13333333333334,2.3199999999999847,2.3199999999999847,1.6086474799433845,1.6086474799433845,2.3878787878787993,2.3878787878787993,3.399999999999636,3.399999999999636,40843,40843,0,0,34,34,0,0.0,
rate1.5_s4,2.0,runner_up_ungated,81213,6.999999999999886,6.999999999999886,7.133333333333212,7.133333333333212,2.5299999999999594,2.5299999999999594,1.7753601975092113,1.7753601975092113,3.0666666666666678,3.0666666666666678,27.86666666666565,27.86666666666565,42528,42528,0,0,31,31,0,0.0,
rate1.5_s4,2.0,runner_up_ungated,81214,5.733333333333292,5.733333333333292,7.13333333333334,7.13333333333334,2.2949999999999777,2.2949999999999777,1.7871460621341668,1.7871460621341668,3.5333333333333408,3.5333333333333408,24.999999999999204,24.999999999999204,42053,42053,0,0,26,26,0,0.0,
rate1.5_s4,2.0,runner_up_ungated,81215,6.733333333333576,6.733333333333576,7.266666666666538,7.266666666666538,2.634999999999984,2.634999999999984,1.74307337656627,1.74307337656627,2.3444444444443966,2.3444444444443966,15.999999999999204,15.999999999999204,41175,41175,0,0,29,29,0,0.0,
rate1.5_s4,2.0,runner_up_ungated,81216,5.533333333333289,5.533333333333289,6.666666666666856,6.666666666666856,2.2000000000000313,2.2000000000000313,1.6158961273341848,1.6158961273341848,2.6000000000000227,2.6000000000000227,19.13333333333287,19.13333333333287,41429,41429,0,0,32,32,0,0.0,
rate1.5_s4,2.0,runner_up_ungated,81217,7.133333333333212,7.133333333333212,7.13333333333334,7.13333333333334,2.429999999999974,2.429999999999974,1.694197035267577,1.694197035267577,2.6916666666666655,2.6916666666666655,32.399999999998954,32.399999999998954,42575,42575,0,0,27,27,0,0.0,
rate1.5_s4,2.0,runner_up_ungated,81218,5.133333333333354,5.133333333333354,7.999999999999318,7.999999999999318,2.209999999999927,2.209999999999927,1.581100794105159,1.581100794105159,2.4560000000000093,2.4560000000000093,31.066666666665014,31.066666666665014,42589,42589,0,0,39,39,0,0.0,
rate1.5_s4,2.0,runner_up_ungated,81219,7.133333333333383,7.133333333333383,8.066666666666379,8.066666666666379,2.539999999999992,2.539999999999992,1.6770603312547387,1.6770603312547387,2.6799999999999384,2.6799999999999384,13.999999999999318,13.999999999999318,41685,41685,0,0,27,27,0,0.0,
rate1.5_s4,2.0,runner_up_ungated,81220,5.133333333333496,5.133333333333496,7.13333333333334,7.13333333333334,2.2549999999999812,2.2549999999999812,1.7392879276225837,1.7392879276225837,2.839999999999999,2.839999999999999,18.99999999999909,18.99999999999909,42040,42040,0,0,30,30,0,0.0,
rate1.5_s4,2.0,runner_up_ungated,81221,7.13333333333334,7.13333333333334,11.666666666666515,11.666666666666515,2.5550000000000024,2.5550000000000024,1.6463379778184795,1.6463379778184795,2.4499999999999886,2.4499999999999886,22.933333333332598,22.933333333332598,41318,41318,0,0,31,31,0,0.0,
rate1.5_s4,2.0,runner_up_ungated,81222,5.800000000000011,5.800000000000011,7.933333333333053,7.933333333333053,2.245000000000003,2.245000000000003,1.5853018391654654,1.5853018391654654,2.3199999999999137,2.3199999999999137,13.599999999999682,13.599999999999682,40839,40839,0,0,28,28,0,0.0,
rate1.5_s4,2.0,runner_up_ungated,81223,7.133333333333326,7.133333333333326,10.800000000000011,10.800000000000011,2.2099999999999844,2.2099999999999844,1.5835458622918308,1.5835458622918308,2.357575757575722,2.357575757575722,13.19999999999925,13.19999999999925,41439,41439,0,0,32,32,0,0.0,
rate1.5_s4,2.0,runner_up_ungated,81224,6.466666666666725,6.466666666666725,7.13333333333334,7.13333333333334,2.490000000000035,2.490000000000035,1.7740934359435951,1.7740934359435951,2.7133333333333156,2.7133333333333156,12.79999999999984,12.79999999999984,40843,40843,0,0,31,31,0,0.0,
rate1.5_s4,2.0,runner_up_ungated,81225,6.466666666666669,6.466666666666669,7.133333333333326,7.133333333333326,2.5750000000000064,2.5750000000000064,1.736461126093171,1.736461126093171,3.194666666666677,3.194666666666677,17.799999999999045,17.799999999999045,42013,42013,0,0,26,26,0,0.0,
rate1.5_s4,2.0,runner_up_ungated,81226,5.466666666666697,5.466666666666697,6.46666666666664,6.46666666666664,2.1850000000000316,2.1850000000000316,1.6126595108862634,1.6126595108862634,2.7393939393939544,2.7393939393939544,19.39999999999941,19.39999999999941,41648,41648,0,0,25,25,0,0.0,
rate1.5_s4,2.0,runner_up_ungated,81227,6.066666666666606,6.066666666666606,11.666666666666515,11.666666666666515,2.3499999999999766,2.3499999999999766,1.6380406656906015,1.6380406656906015,2.508333333333333,2.508333333333333,8.999999999999659,8.999999999999659,40488,40488,0,0,27,27,0,0.0,
rate1.5_s4,2.0,runner_up_ungated,81228,5.200000000000216,5.200000000000216,7.133333333333212,7.133333333333212,2.139999999999976,2.139999999999976,1.6065824036908474,1.6065824036908474,2.2708333333333393,2.2708333333333393,16.999999999999204,16.999999999999204,41781,41781,0,0,26,26,0,0.0,
rate1.5_s4,2.0,runner_up_ungated,81229,6.200000000000159,6.200000000000159,7.13333333333334,7.13333333333334,2.2249999999999397,2.2249999999999397,1.7882692496745558,1.7882692496745558,3.5999999999999974,3.5999999999999974,31.199999999998,31.199999999998,42446,42446,0,0,34,34,0,0.0,
