workload,penalty,variant,seed,baseline_p95_wait,variant_p95_wait,baseline_p99_wait,variant_p99_wait,baseline_avg_wait,variant_avg_wait,baseline_avg_slowdown,variant_avg_slowdown,baseline_p95_slowdown,variant_p95_slowdown,baseline_makespan_excess,variant_makespan_excess,baseline_sched_cores_scanned,variant_sched_cores_scanned,baseline_burst_balance_levels_walked,variant_burst_balance_levels_walked,baseline_total_migrations,variant_total_migrations,detector_fires,recall,precision
bursty_high_s24,0.0,selected_checked,120300,1.6666666666662877,1.6666666666662877,2.733333333333391,2.733333333333391,0.6008333333331655,0.6008333333331655,1.0634542824775381,1.0634542824775381,1.242424242424208,1.242424242424208,5.46666666666593,5.46666666666593,48207,48207,0,0,71,71,0,0.0,
bursty_high_s24,0.0,selected_checked,120301,1.1999999999995623,1.1999999999995623,2.3333333333333712,2.3333333333333712,0.5424999999998363,0.5424999999998363,1.044026396828971,1.044026396828971,1.141176470588239,1.141176470588239,0.1333333333326152,0.1333333333326152,48203,48203,0,0,69,69,0,0.0,
bursty_high_s24,0.0,selected_checked,120302,0.9999999999996589,0.9999999999996589,1.9999999999995453,1.9999999999995453,0.5099999999998391,0.5099999999998391,1.0430686167610197,1.0430686167610197,1.1222222222222011,1.1222222222222011,0.7999999999991871,0.7999999999991871,49598,49598,0,0,58,58,0,0.0,
bursty_high_s24,0.0,selected_checked,120303,1.066666666666464,1.066666666666464,2.466666666666697,2.466666666666697,0.5516666666664978,0.5516666666664978,1.0486508554548477,1.0486508554548477,1.1929824561403415,1.1929824561403415,0.9999999999992042,0.9999999999992042,48615,48615,0,0,64,64,0,0.0,
bursty_high_s24,0.0,selected_checked,120304,0.9333333333333584,0.9333333333333584,2.4666666666667183,2.4666666666667183,0.520833333333166,0.520833333333166,1.0454428153460495,1.0454428153460495,1.1833333333333353,1.1833333333333353,0.5999999999992269,0.5999999999992269,49409,49409,0,0,58,58,0,0.0,
bursty_high_s24,0.0,selected_checked,120305,1.1333333333324163,1.1333333333324163,2.400000000000027,2.400000000000027,0.5224999999998307,0.5224999999998307,1.0503793386643487,1.0503793386643487,1.2060606060606072,1.2060606060606072,1.4666666666659864,1.4666666666659864,47976,47976,0,0,63,63,0,0.0,
bursty_high_s24,0.0,selected_checked,120306,0.9999999999995737,0.9999999999995737,1.8000000000000256,1.8000000000000256,0.5149999999998307,0.5149999999998307,1.0437430988571488,1.0437430988571488,1.1599999999999908,1.1599999999999908,2.2666666666658557,2.2666666666658557,48718,48718,0,0,70,70,0,0.0,
bursty_high_s24,0.0,selected_checked,120307,1.1333333333333684,1.1333333333333684,2.1333333333333613,2.1333333333333613,0.5308333333331657,0.5308333333331657,1.0432351045203054,1.0432351045203054,1.1454545454545295,1.1454545454545295,0.39999999999929514,0.39999999999929514,48434,48434,0,0,69,69,0,0.0,
bursty_high_s24,0.0,selected_checked,120308,1.2000000000000597,1.2000000000000597,2.400000000000027,2.400000000000027,0.5449999999998272,0.5449999999998272,1.047946018911866,1.047946018911866,1.168,1.168,0.06666666666589549,0.06666666666589549,48077,48077,0,0,66,66,0,0.0,
bursty_high_s24,0.0,selected_checked,120309,0.9999999999990621,0.9999999999990621,2.066666666666009,2.066666666666009,0.5166666666664955,0.5166666666664955,1.0478210610251864,1.0478210610251864,1.1728395061728387,1.1728395061728387,0.19999999999939178,0.19999999999939178,48752,48752,0,0,67,67,0,0.0,
bursty_high_s24,0.0,selected_checked,120310,1.7333333333333627,1.7333333333333627,2.400000000000034,2.400000000000034,0.5916666666664985,0.5916666666664985,1.0520336730934685,1.0520336730934685,1.1833333333333382,1.1833333333333382,1.066666666665924,1.066666666665924,47611,47611,0,0,78,78,0,0.0,
bursty_high_s24,0.0,selected_checked,120311,1.533333333333374,1.533333333333374,2.6000000000000227,2.6000000000000227,0.5966666666664963,0.5966666666664963,1.0582768223831251,1.0582768223831251,1.216666666666674,1.216666666666674,0.7999999999992156,0.7999999999992156,48346,48346,0,0,76,76,0,0.0,
bursty_high_s24,0.0,selected_checked,120312,1.3333333333331723,1.3333333333331723,2.1333333333329847,2.1333333333329847,0.5424999999998386,0.5424999999998386,1.05011810618335,1.05011810618335,1.169230769230777,1.169230769230777,1.199999999999335,1.199999999999335,47993,47993,0,0,72,72,0,0.0,
bursty_high_s24,0.0,selected_checked,120313,0.9999999999996021,0.9999999999996021,1.8666666666666956,1.8666666666666956,0.5041666666664965,0.5041666666664965,1.0465582457601372,1.0465582457601372,1.146666666666596,1.146666666666596,0.5999999999992554,0.5999999999992554,49143,49143,0,0,64,64,0,0.0,
bursty_high_s24,0.0,selected_checked,120314,0.9999999999990905,0.9999999999990905,2.333333333333364,2.333333333333364,0.5199999999998306,0.5199999999998306,1.0400239225368204,1.0400239225368204,1.135483870967738,1.135483870967738,1.3333333333324902,1.3333333333324902,49228,49228,0,0,56,56,0,0.0,
bursty_high_s24,0.0,selected_checked,120315,2.1333333333333613,2.1333333333333613,4.866666666666731,4.866666666666731,0.7483333333331712,0.7483333333331712,1.0753157584049222,1.0753157584049222,1.2873563218390818,1.2873563218390818,0.7999999999993292,0.7999999999993292,47626,47626,0,0,90,90,0,0.0,
bursty_high_s24,0.0,selected_checked,120316,1.466666666666697,1.466666666666697,2.6666666666666927,2.6666666666666927,0.5766666666665017,0.5766666666665017,1.051322036183213,1.051322036183213,1.177011494252873,1.177011494252873,0.3999999999993804,0.3999999999993804,48203,48203,0,0,79,79,0,0.0,
bursty_high_s24,0.0,selected_checked,120317,1.000000000000071,1.000000000000071,2.1333333333328994,2.1333333333328994,0.5383333333331646,0.5383333333331646,1.0500864068339484,1.0500864068339484,1.2095238095238092,1.2095238095238092,0.06666666666600918,0.06666666666600918,48398,48398,0,0,73,73,0,0.0,
bursty_high_s24,0.0,selected_checked,120318,1.7333333333333627,1.7333333333333627,2.4666666666665265,2.4666666666665265,0.5741666666665071,0.5741666666665071,1.0541640446537819,1.0541640446537819,1.1840000000000037,1.1840000000000037,0.1333333333325868,0.1333333333325868,48402,48402,0,0,70,70,0,0.0,
bursty_high_s24,0.0,selected_checked,120319,1.7333333333333627,1.7333333333333627,2.5333333333323367,2.5333333333323367,0.5533333333331648,0.5533333333331648,1.0453227878468991,1.0453227878468991,1.1733333333333404,1.1733333333333404,0.26666666666602623,0.26666666666602623,48664,48664,0,0,79,79,0,0.0,
bursty_high_s24,0.0,selected_checked,120320,0.9999999999991189,0.9999999999991189,2.2666666666656,2.2666666666656,0.5233333333331757,0.5233333333331757,1.040941821618666,1.040941821618666,1.1244444444444477,1.1244444444444477,2.6666666666659182,2.6666666666659182,49406,49406,0,0,52,52,0,0.0,
bursty_high_s24,0.0,selected_checked,120321,1.2666666666665094,1.2666666666665094,2.7333333333333627,2.7333333333333627,0.5391666666665025,0.5391666666665025,1.053648019468612,1.053648019468612,1.1833333333333331,1.1833333333333331,0.13333333333270048,0.13333333333270048,48562,48562,0,0,70,70,0,0.0,
bursty_high_s24,0.0,selected_checked,120322,1.0666666666666913,1.0666666666666913,2.0000000000000426,2.0000000000000426,0.5141666666665028,0.5141666666665028,1.050153950561557,1.050153950561557,1.1647058823529335,1.1647058823529335,3.2666666666658273,3.2666666666658273,47970,47970,0,0,69,69,0,0.0,
bursty_high_s24,0.0,selected_checked,120323,1.2666666666662536,1.2666666666662536,2.4666666666664696,2.4666666666664696,0.5416666666665098,0.5416666666665098,1.0535509381290737,1.0535509381290737,1.1784946236559066,1.1784946236559066,1.666666666665833,1.666666666665833,48843,48843,0,0,69,69,0,0.0,
bursty_high_s24,0.0,selected_checked,120324,1.2000000000000313,1.2000000000000313,2.6000000000000227,2.6000000000000227,0.5599999999998277,0.5599999999998277,1.0523770564537729,1.0523770564537729,1.199999999999892,1.199999999999892,3.133333333332615,3.133333333332615,49475,49475,0,0,69,69,0,0.0,
bursty_high_s24,0.0,selected_checked,120325,0.999999999999261,0.999999999999261,1.3333333333333712,1.3333333333333712,0.5108333333331686,0.5108333333331686,1.042896610508286,1.042896610508286,1.1333333333333364,1.1333333333333364,0.39999999999929514,0.39999999999929514,48898,48898,0,0,58,58,0,0.0,
bursty_high_s24,0.0,selected_checked,120326,0.9999999999999716,0.9999999999999716,2.5999999999995964,2.5999999999995964,0.5524999999998291,0.5524999999998291,1.044971175377679,1.044971175377679,1.1401709401709401,1.1401709401709401,0.6666666666657761,0.6666666666657761,49065,49065,0,0,58,58,0,0.0,
bursty_high_s24,0.0,selected_checked,120327,1.1333333333326152,1.1333333333326152,1.9333333333333655,1.9333333333333655,0.5116666666664994,0.5116666666664994,1.0416700956387148,1.0416700956387148,1.1333333333333346,1.1333333333333346,0.19999999999939178,0.19999999999939178,48191,48191,0,0,62,62,0,0.0,
bursty_high_s24,0.0,selected_checked,120328,1.1999999999993065,1.1999999999993065,2.6666666666660035,2.6666666666660035,0.5183333333331662,0.5183333333331662,1.0466189612288694,1.0466189612288694,1.1600000000000037,1.1600000000000037,0.666666666665833,0.666666666665833,48129,48129,0,0,60,60,0,0.0,
bursty_high_s24,0.0,selected_checked,120329,0.9333333333333655,0.9333333333333655,1.6666666666656909,1.6666666666656909,0.4708333333331594,0.4708333333331594,1.0372308253250782,1.0372308253250782,1.1142857142857179,1.1142857142857179,0.7333333333325811,0.7333333333325811,48771,48771,0,0,62,62,0,0.0,
bursty_high_s24,0.0,selected_unchecked,120300,1.6666666666662877,1.6666666666662877,2.733333333333391,2.733333333333391,0.6008333333331655,0.6008333333331655,1.0634542824775381,1.0634542824775381,1.242424242424208,1.242424242424208,5.46666666666593,5.46666666666593,48207,48207,0,0,71,71,0,0.0,
bursty_high_s24,0.0,selected_unchecked,120301,1.1999999999995623,1.1999999999995623,2.3333333333333712,2.3333333333333712,0.5424999999998363,0.5424999999998363,1.044026396828971,1.044026396828971,1.141176470588239,1.141176470588239,0.1333333333326152,0.1333333333326152,48203,48203,0,0,69,69,0,0.0,
bursty_high_s24,0.0,selected_unchecked,120302,0.9999999999996589,0.9999999999996589,1.9999999999995453,1.9999999999995453,0.5099999999998391,0.5099999999998391,1.0430686167610197,1.0430686167610197,1.1222222222222011,1.1222222222222011,0.7999999999991871,0.7999999999991871,49598,49598,0,0,58,58,0,0.0,
bursty_high_s24,0.0,selected_unchecked,120303,1.066666666666464,1.066666666666464,2.466666666666697,2.466666666666697,0.5516666666664978,0.5516666666664978,1.0486508554548477,1.0486508554548477,1.1929824561403415,1.1929824561403415,0.9999999999992042,0.9999999999992042,48615,48615,0,0,64,64,0,0.0,
bursty_high_s24,0.0,selected_unchecked,120304,0.9333333333333584,0.9333333333333584,2.4666666666667183,2.4666666666667183,0.520833333333166,0.520833333333166,1.0454428153460495,1.0454428153460495,1.1833333333333353,1.1833333333333353,0.5999999999992269,0.5999999999992269,49409,49409,0,0,58,58,0,0.0,
bursty_high_s24,0.0,selected_unchecked,120305,1.1333333333324163,1.1333333333324163,2.400000000000027,2.400000000000027,0.5224999999998307,0.5224999999998307,1.0503793386643487,1.0503793386643487,1.2060606060606072,1.2060606060606072,1.4666666666659864,1.4666666666659864,47976,47976,0,0,63,63,0,0.0,
bursty_high_s24,0.0,selected_unchecked,120306,0.9999999999995737,0.9999999999995737,1.8000000000000256,1.8000000000000256,0.5149999999998307,0.5149999999998307,1.0437430988571488,1.0437430988571488,1.1599999999999908,1.1599999999999908,2.2666666666658557,2.2666666666658557,48718,48718,0,0,70,70,0,0.0,
bursty_high_s24,0.0,selected_unchecked,120307,1.1333333333333684,1.1333333333333684,2.1333333333333613,2.1333333333333613,0.5308333333331657,0.5308333333331657,1.0432351045203054,1.0432351045203054,1.1454545454545295,1.1454545454545295,0.39999999999929514,0.39999999999929514,48434,48434,0,0,69,69,0,0.0,
bursty_high_s24,0.0,selected_unchecked,120308,1.2000000000000597,1.2000000000000597,2.400000000000027,2.400000000000027,0.5449999999998272,0.5449999999998272,1.047946018911866,1.047946018911866,1.168,1.168,0.06666666666589549,0.06666666666589549,48077,48077,0,0,66,66,0,0.0,
bursty_high_s24,0.0,selected_unchecked,120309,0.9999999999990621,0.9999999999990621,2.066666666666009,2.066666666666009,0.5166666666664955,0.5166666666664955,1.0478210610251864,1.0478210610251864,1.1728395061728387,1.1728395061728387,0.19999999999939178,0.19999999999939178,48752,48752,0,0,67,67,0,0.0,
bursty_high_s24,0.0,selected_unchecked,120310,1.7333333333333627,1.7333333333333627,2.400000000000034,2.400000000000034,0.5916666666664985,0.5916666666664985,1.0520336730934685,1.0520336730934685,1.1833333333333382,1.1833333333333382,1.066666666665924,1.066666666665924,47611,47611,0,0,78,78,0,0.0,
bursty_high_s24,0.0,selected_unchecked,120311,1.533333333333374,1.533333333333374,2.6000000000000227,2.6000000000000227,0.5966666666664963,0.5966666666664963,1.0582768223831251,1.0582768223831251,1.216666666666674,1.216666666666674,0.7999999999992156,0.7999999999992156,48346,48346,0,0,76,76,0,0.0,
bursty_high_s24,0.0,selected_unchecked,120312,1.3333333333331723,1.3333333333331723,2.1333333333329847,2.1333333333329847,0.5424999999998386,0.5424999999998386,1.05011810618335,1.05011810618335,1.169230769230777,1.169230769230777,1.199999999999335,1.199999999999335,47993,47993,0,0,72,72,0,0.0,
bursty_high_s24,0.0,selected_unchecked,120313,0.9999999999996021,0.9999999999996021,1.8666666666666956,1.8666666666666956,0.5041666666664965,0.5041666666664965,1.0465582457601372,1.0465582457601372,1.146666666666596,1.146666666666596,0.5999999999992554,0.5999999999992554,49143,49143,0,0,64,64,0,0.0,
bursty_high_s24,0.0,selected_unchecked,120314,0.9999999999990905,0.9999999999990905,2.333333333333364,2.333333333333364,0.5199999999998306,0.5199999999998306,1.0400239225368204,1.0400239225368204,1.135483870967738,1.135483870967738,1.3333333333324902,1.3333333333324902,49228,49228,0,0,56,56,0,0.0,
bursty_high_s24,0.0,selected_unchecked,120315,2.1333333333333613,2.1333333333333613,4.866666666666731,4.866666666666731,0.7483333333331712,0.7483333333331712,1.0753157584049222,1.0753157584049222,1.2873563218390818,1.2873563218390818,0.7999999999993292,0.7999999999993292,47626,47626,0,0,90,90,0,0.0,
bursty_high_s24,0.0,selected_unchecked,120316,1.466666666666697,1.466666666666697,2.6666666666666927,2.6666666666666927,0.5766666666665017,0.5766666666665017,1.051322036183213,1.051322036183213,1.177011494252873,1.177011494252873,0.3999999999993804,0.3999999999993804,48203,48203,0,0,79,79,0,0.0,
bursty_high_s24,0.0,selected_unchecked,120317,1.000000000000071,1.000000000000071,2.1333333333328994,2.1333333333328994,0.5383333333331646,0.5383333333331646,1.0500864068339484,1.0500864068339484,1.2095238095238092,1.2095238095238092,0.06666666666600918,0.06666666666600918,48398,48398,0,0,73,73,0,0.0,
bursty_high_s24,0.0,selected_unchecked,120318,1.7333333333333627,1.7333333333333627,2.4666666666665265,2.4666666666665265,0.5741666666665071,0.5741666666665071,1.0541640446537819,1.0541640446537819,1.1840000000000037,1.1840000000000037,0.1333333333325868,0.1333333333325868,48402,48402,0,0,70,70,0,0.0,
bursty_high_s24,0.0,selected_unchecked,120319,1.7333333333333627,1.7333333333333627,2.5333333333323367,2.5333333333323367,0.5533333333331648,0.5533333333331648,1.0453227878468991,1.0453227878468991,1.1733333333333404,1.1733333333333404,0.26666666666602623,0.26666666666602623,48664,48664,0,0,79,79,0,0.0,
bursty_high_s24,0.0,selected_unchecked,120320,0.9999999999991189,0.9999999999991189,2.2666666666656,2.2666666666656,0.5233333333331757,0.5233333333331757,1.040941821618666,1.040941821618666,1.1244444444444477,1.1244444444444477,2.6666666666659182,2.6666666666659182,49406,49406,0,0,52,52,0,0.0,
bursty_high_s24,0.0,selected_unchecked,120321,1.2666666666665094,1.2666666666665094,2.7333333333333627,2.7333333333333627,0.5391666666665025,0.5391666666665025,1.053648019468612,1.053648019468612,1.1833333333333331,1.1833333333333331,0.13333333333270048,0.13333333333270048,48562,48562,0,0,70,70,0,0.0,
bursty_high_s24,0.0,selected_unchecked,120322,1.0666666666666913,1.0666666666666913,2.0000000000000426,2.0000000000000426,0.5141666666665028,0.5141666666665028,1.050153950561557,1.050153950561557,1.1647058823529335,1.1647058823529335,3.2666666666658273,3.2666666666658273,47970,47970,0,0,69,69,0,0.0,
bursty_high_s24,0.0,selected_unchecked,120323,1.2666666666662536,1.2666666666662536,2.4666666666664696,2.4666666666664696,0.5416666666665098,0.5416666666665098,1.0535509381290737,1.0535509381290737,1.1784946236559066,1.1784946236559066,1.666666666665833,1.666666666665833,48843,48843,0,0,69,69,0,0.0,
bursty_high_s24,0.0,selected_unchecked,120324,1.2000000000000313,1.2000000000000313,2.6000000000000227,2.6000000000000227,0.5599999999998277,0.5599999999998277,1.0523770564537729,1.0523770564537729,1.199999999999892,1.199999999999892,3.133333333332615,3.133333333332615,49475,49475,0,0,69,69,0,0.0,
bursty_high_s24,0.0,selected_unchecked,120325,0.999999999999261,0.999999999999261,1.3333333333333712,1.3333333333333712,0.5108333333331686,0.5108333333331686,1.042896610508286,1.042896610508286,1.1333333333333364,1.1333333333333364,0.39999999999929514,0.39999999999929514,48898,48898,0,0,58,58,0,0.0,
bursty_high_s24,0.0,selected_unchecked,120326,0.9999999999999716,0.9999999999999716,2.5999999999995964,2.5999999999995964,0.5524999999998291,0.5524999999998291,1.044971175377679,1.044971175377679,1.1401709401709401,1.1401709401709401,0.6666666666657761,0.6666666666657761,49065,49065,0,0,58,58,0,0.0,
bursty_high_s24,0.0,selected_unchecked,120327,1.1333333333326152,1.1333333333326152,1.9333333333333655,1.9333333333333655,0.5116666666664994,0.5116666666664994,1.0416700956387148,1.0416700956387148,1.1333333333333346,1.1333333333333346,0.19999999999939178,0.19999999999939178,48191,48191,0,0,62,62,0,0.0,
bursty_high_s24,0.0,selected_unchecked,120328,1.1999999999993065,1.1999999999993065,2.6666666666660035,2.6666666666660035,0.5183333333331662,0.5183333333331662,1.0466189612288694,1.0466189612288694,1.1600000000000037,1.1600000000000037,0.666666666665833,0.666666666665833,48129,48129,0,0,60,60,0,0.0,
bursty_high_s24,0.0,selected_unchecked,120329,0.9333333333333655,0.9333333333333655,1.6666666666656909,1.6666666666656909,0.4708333333331594,0.4708333333331594,1.0372308253250782,1.0372308253250782,1.1142857142857179,1.1142857142857179,0.7333333333325811,0.7333333333325811,48771,48771,0,0,62,62,0,0.0,
bursty_high_s24,0.0,original_q2_a0.8_or_unchecked,120300,1.6666666666662877,1.5333333333324788,2.733333333333391,2.533333333332905,0.6008333333331655,0.5849999999998317,1.0634542824775381,1.0661044704016494,1.242424242424208,1.2425925925925836,5.46666666666593,3.6666666666660035,48207,49654,0,28,71,70,12,0.6,1.0
bursty_high_s24,0.0,original_q2_a0.8_or_unchecked,120301,1.1999999999995623,1.399999999999551,2.3333333333333712,2.3333333333333712,0.5424999999998363,0.5458333333331692,1.044026396828971,1.0443641853162622,1.141176470588239,1.133333333333231,0.1333333333326152,0.13333333333255837,48203,48961,0,12,69,69,5,0.3,1.0
bursty_high_s24,0.0,original_q2_a0.8_or_unchecked,120302,0.9999999999996589,0.9999999999994031,1.9999999999995453,1.9333333333333655,0.5099999999998391,0.499166666666507,1.0430686167610197,1.040858896933578,1.1222222222222011,1.1333333333333424,0.7999999999991871,0.7999999999992724,49598,50167,0,16,58,61,7,0.3,1.0
bursty_high_s24,0.0,original_q2_a0.8_or_unchecked,120303,1.066666666666464,1.7999999999993577,2.466666666666697,2.466666666665759,0.5516666666664978,0.6049999999998323,1.0486508554548477,1.0582142980937956,1.1929824561403415,1.2000000000000028,0.9999999999992042,4.599999999999341,48615,49608,0,24,64,70,11,0.4,1.0
bursty_high_s24,0.0,original_q2_a0.8_or_unchecked,120304,0.9333333333333584,0.9333333333333584,2.4666666666667183,2.4666666666667183,0.520833333333166,0.520833333333166,1.0454428153460495,1.0454428153460495,1.1833333333333353,1.1833333333333353,0.5999999999992269,0.5999999999992269,49409,50593,0,32,58,58,12,0.7,1.0
bursty_high_s24,0.0,original_q2_a0.8_or_unchecked,120305,1.1333333333324163,0.99999999999946,2.400000000000027,2.400000000000027,0.5224999999998307,0.5141666666664941,1.0503793386643487,1.0467037058392974,1.2060606060606072,1.1866666666665708,1.4666666666659864,2.0666666666660376,47976,50123,0,32,63,64,9,0.7,1.0
bursty_high_s24,0.0,original_q2_a0.8_or_unchecked,120306,0.9999999999995737,0.9999999999995453,1.8000000000000256,1.6666666666658898,0.5149999999998307,0.5083333333331641,1.0437430988571488,1.0421641650698816,1.1599999999999908,1.1500000000000021,2.2666666666658557,1.4666666666658728,48718,49365,0,16,70,71,9,0.4,1.0
bursty_high_s24,0.0,original_q2_a0.8_or_unchecked,120307,1.1333333333333684,1.2000000000000313,2.1333333333333613,2.1333333333333613,0.5308333333331657,0.5474999999998327,1.0432351045203054,1.0450634864099837,1.1454545454545295,1.1444444444444504,0.39999999999929514,0.5999999999993406,48434,50147,0,40,69,72,12,0.7,1.0
bursty_high_s24,0.0,original_q2_a0.8_or_unchecked,120308,1.2000000000000597,1.2000000000000597,2.400000000000027,2.400000000000027,0.5449999999998272,0.5449999999998272,1.047946018911866,1.047946018911866,1.168,1.168,0.06666666666589549,0.06666666666589549,48077,48817,0,20,66,67,8,0.5,1.0
bursty_high_s24,0.0,original_q2_a0.8_or_unchecked,120309,0.9999999999990621,0.9999999999998863,2.066666666666009,1.9333333333325982,0.5166666666664955,0.555833333333161,1.0478210610251864,1.0435016529767787,1.1728395061728387,1.1333333333333346,0.19999999999939178,0.19999999999939178,48752,50065,0,36,67,74,12,0.6,1.0
bursty_high_s24,0.0,original_q2_a0.8_or_unchecked,120310,1.7333333333333627,1.466666666665958,2.400000000000034,2.3333333333333144,0.5916666666664985,0.5583333333331659,1.0520336730934685,1.0504471479497535,1.1833333333333382,1.170000000000003,1.066666666665924,0.2666666666658841,47611,49844,0,40,78,83,20,0.7,1.0
bursty_high_s24,0.0,original_q2_a0.8_or_unchecked,120311,1.533333333333374,1.3333333333333641,2.6000000000000227,2.2666666666667012,0.5966666666664963,0.5474999999998283,1.0582768223831251,1.055242546784906,1.216666666666674,1.2062499999999996,0.7999999999992156,0.39999999999915303,48346,49115,0,28,76,74,8,0.4,1.0
bursty_high_s24,0.0,original_q2_a0.8_or_unchecked,120312,1.3333333333331723,1.3333333333331723,2.1333333333329847,2.1333333333329847,0.5424999999998386,0.5424999999998386,1.05011810618335,1.05011810618335,1.169230769230777,1.169230769230777,1.199999999999335,1.199999999999335,47993,48733,0,20,72,72,8,0.5,1.0
bursty_high_s24,0.0,original_q2_a0.8_or_unchecked,120313,0.9999999999996021,0.9999999999996305,1.8666666666666956,2.466666666666697,0.5041666666664965,0.510833333333161,1.0465582457601372,1.0447221480152395,1.146666666666596,1.1466666666665843,0.5999999999992554,0.9999999999992042,49143,49297,0,24,64,71,10,0.5,1.0
bursty_high_s24,0.0,original_q2_a0.8_or_unchecked,120314,0.9999999999990905,0.9999999999990905,2.333333333333364,2.333333333333364,0.5199999999998306,0.5199999999998306,1.0400239225368204,1.0400239225368204,1.135483870967738,1.135483870967738,1.3333333333324902,1.3333333333324902,49228,49968,0,20,56,56,7,0.5,1.0
bursty_high_s24,0.0,original_q2_a0.8_or_unchecked,120315,2.1333333333333613,2.0666666666667055,4.866666666666731,2.7333333333333627,0.7483333333331712,0.6858333333331674,1.0753157584049222,1.0820775660945403,1.2873563218390818,1.273333333333332,0.7999999999993292,0.9999999999992895,47626,47845,0,24,90,102,15,0.5,1.0
bursty_high_s24,0.0,original_q2_a0.8_or_unchecked,120316,1.466666666666697,1.5333333333328198,2.6666666666666927,2.2000000000000455,0.5766666666665017,0.5641666666665007,1.051322036183213,1.0553829077163652,1.177011494252873,1.1882352941176522,0.3999999999993804,0.7999999999993577,48203,50121,0,48,79,83,16,0.8,1.0
bursty_high_s24,0.0,original_q2_a0.8_or_unchecked,120317,1.000000000000071,1.0,2.1333333333328994,2.000000000000071,0.5383333333331646,0.5158333333331646,1.0500864068339484,1.0481734406993255,1.2095238095238092,1.1757575757574934,0.06666666666600918,0.06666666666595233,48398,48832,0,20,73,70,8,0.5,1.0
bursty_high_s24,0.0,original_q2_a0.8_or_unchecked,120318,1.7333333333333627,1.533333333333367,2.4666666666665265,2.4000000000000483,0.5741666666665071,0.5849999999998399,1.0541640446537819,1.0551585295186585,1.1840000000000037,1.1901960784313752,0.1333333333325868,0.13333333333250152,48402,49294,0,32,70,73,11,0.6,1.0
bursty_high_s24,0.0,original_q2_a0.8_or_unchecked,120319,1.7333333333333627,1.6000000000000085,2.5333333333323367,2.2666666666667084,0.5533333333331648,0.548333333333166,1.0453227878468991,1.0480353819445034,1.1733333333333404,1.173333333333335,0.26666666666602623,0.26666666666591254,48664,48841,0,24,79,83,10,0.4,1.0
bursty_high_s24,0.0,original_q2_a0.8_or_unchecked,120320,0.9999999999991189,0.9999999999989768,2.2666666666656,2.133333333332473,0.5233333333331757,0.5149999999998423,1.040941821618666,1.0423556664535638,1.1244444444444477,1.1244444444444477,2.6666666666659182,0.6666666666659751,49406,50018,0,24,52,54,8,0.4,1.0
bursty_high_s24,0.0,original_q2_a0.8_or_unchecked,120321,1.2666666666665094,1.0000000000000213,2.7333333333333627,2.733333333333377,0.5391666666665025,0.5291666666665036,1.053648019468612,1.0528536690018881,1.1833333333333331,1.1833333333333331,0.13333333333270048,0.13333333333264363,48562,49565,0,28,70,70,13,0.6,1.0
bursty_high_s24,0.0,original_q2_a0.8_or_unchecked,120322,1.0666666666666913,1.066666666666734,2.0000000000000426,2.1999999999995623,0.5141666666665028,0.5358333333331718,1.050153950561557,1.0456012746598964,1.1647058823529335,1.1857142857142864,3.2666666666658273,5.466666666665901,47970,49499,0,20,69,71,7,0.4,1.0
bursty_high_s24,0.0,original_q2_a0.8_or_unchecked,120323,1.2666666666662536,1.4666666666662422,2.4666666666664696,2.599999999999085,0.5416666666665098,0.5724999999998412,1.0535509381290737,1.0640608229286679,1.1784946236559066,1.186666666666668,1.666666666665833,0.2666666666658273,48843,49308,0,24,69,66,7,0.4,1.0
bursty_high_s24,0.0,original_q2_a0.8_or_unchecked,120324,1.2000000000000313,1.0666666666666913,2.6000000000000227,1.666666666666714,0.5599999999998277,0.49249999999982513,1.0523770564537729,1.050004830148785,1.199999999999892,1.184615384615384,3.133333333332615,1.3333333333326038,49475,48619,0,12,69,71,4,0.3,1.0
bursty_high_s24,0.0,original_q2_a0.8_or_unchecked,120325,0.999999999999261,0.9999999999997726,1.3333333333333712,1.666666666666032,0.5108333333331686,0.5158333333331699,1.042896610508286,1.04499394517759,1.1333333333333364,1.161904761904775,0.39999999999929514,0.1999999999992781,48898,50685,0,40,58,60,13,0.8,1.0
bursty_high_s24,0.0,original_q2_a0.8_or_unchecked,120326,0.9999999999999716,1.4000000000000483,2.5999999999995964,2.60000000000003,0.5524999999998291,0.5333333333331621,1.044971175377679,1.0495833390166347,1.1401709401709401,1.1803921568627458,0.6666666666657761,0.46666666666575907,49065,50316,0,32,58,68,13,0.6,1.0
bursty_high_s24,0.0,original_q2_a0.8_or_unchecked,120327,1.1333333333326152,0.9999999999995168,1.9333333333333655,1.7333333333333627,0.5116666666664994,0.5158333333331654,1.0416700956387148,1.0519587972518887,1.1333333333333346,1.1666666666666732,0.19999999999939178,0.39999999999932356,48191,49365,0,20,62,65,9,0.5,1.0
bursty_high_s24,0.0,original_q2_a0.8_or_unchecked,120328,1.1999999999993065,1.3999999999995794,2.6666666666660035,2.6666666666660035,0.5183333333331662,0.5341666666664995,1.0466189612288694,1.0482517978376955,1.1600000000000037,1.1600000000000037,0.666666666665833,0.666666666665833,48129,48809,0,20,60,64,5,0.5,1.0
bursty_high_s24,0.0,original_q2_a0.8_or_unchecked,120329,0.9333333333333655,0.9333333333333798,1.6666666666656909,2.333333333332547,0.4708333333331594,0.5324999999998284,1.0372308253250782,1.0429788069432344,1.1142857142857179,1.1291666666666662,0.7333333333325811,1.9333333333326266,48771,48933,0,16,62,67,7,0.4,1.0
bursty_high_s24,0.0,runner_up_checked,120300,1.6666666666662877,1.6666666666662877,2.733333333333391,2.733333333333391,0.6008333333331655,0.6008333333331655,1.0634542824775381,1.0634542824775381,1.242424242424208,1.242424242424208,5.46666666666593,5.46666666666593,48207,48207,0,0,71,71,0,0.0,
bursty_high_s24,0.0,runner_up_checked,120301,1.1999999999995623,1.1999999999995623,2.3333333333333712,2.3333333333333712,0.5424999999998363,0.5424999999998363,1.044026396828971,1.044026396828971,1.141176470588239,1.141176470588239,0.1333333333326152,0.1333333333326152,48203,48203,0,0,69,69,0,0.0,
bursty_high_s24,0.0,runner_up_checked,120302,0.9999999999996589,0.9999999999996589,1.9999999999995453,1.9999999999995453,0.5099999999998391,0.5099999999998391,1.0430686167610197,1.0430686167610197,1.1222222222222011,1.1222222222222011,0.7999999999991871,0.7999999999991871,49598,49598,0,0,58,58,0,0.0,
bursty_high_s24,0.0,runner_up_checked,120303,1.066666666666464,1.066666666666464,2.466666666666697,2.466666666666697,0.5516666666664978,0.5516666666664978,1.0486508554548477,1.0486508554548477,1.1929824561403415,1.1929824561403415,0.9999999999992042,0.9999999999992042,48615,48615,0,0,64,64,0,0.0,
bursty_high_s24,0.0,runner_up_checked,120304,0.9333333333333584,0.9333333333333584,2.4666666666667183,2.4666666666667183,0.520833333333166,0.520833333333166,1.0454428153460495,1.0454428153460495,1.1833333333333353,1.1833333333333353,0.5999999999992269,0.5999999999992269,49409,49409,0,0,58,58,0,0.0,
bursty_high_s24,0.0,runner_up_checked,120305,1.1333333333324163,1.1333333333324163,2.400000000000027,2.400000000000027,0.5224999999998307,0.5224999999998307,1.0503793386643487,1.0503793386643487,1.2060606060606072,1.2060606060606072,1.4666666666659864,1.4666666666659864,47976,47976,0,0,63,63,0,0.0,
bursty_high_s24,0.0,runner_up_checked,120306,0.9999999999995737,0.9999999999995737,1.8000000000000256,1.8000000000000256,0.5149999999998307,0.5149999999998307,1.0437430988571488,1.0437430988571488,1.1599999999999908,1.1599999999999908,2.2666666666658557,2.2666666666658557,48718,48718,0,0,70,70,0,0.0,
bursty_high_s24,0.0,runner_up_checked,120307,1.1333333333333684,1.1333333333333684,2.1333333333333613,2.1333333333333613,0.5308333333331657,0.5308333333331657,1.0432351045203054,1.0432351045203054,1.1454545454545295,1.1454545454545295,0.39999999999929514,0.39999999999929514,48434,48434,0,0,69,69,0,0.0,
bursty_high_s24,0.0,runner_up_checked,120308,1.2000000000000597,1.2000000000000597,2.400000000000027,2.400000000000027,0.5449999999998272,0.5449999999998272,1.047946018911866,1.047946018911866,1.168,1.168,0.06666666666589549,0.06666666666589549,48077,48077,0,0,66,66,0,0.0,
bursty_high_s24,0.0,runner_up_checked,120309,0.9999999999990621,0.9999999999990621,2.066666666666009,2.066666666666009,0.5166666666664955,0.5166666666664955,1.0478210610251864,1.0478210610251864,1.1728395061728387,1.1728395061728387,0.19999999999939178,0.19999999999939178,48752,48752,0,0,67,67,0,0.0,
bursty_high_s24,0.0,runner_up_checked,120310,1.7333333333333627,1.7333333333333627,2.400000000000034,2.400000000000034,0.5916666666664985,0.5916666666664985,1.0520336730934685,1.0520336730934685,1.1833333333333382,1.1833333333333382,1.066666666665924,1.066666666665924,47611,47611,0,0,78,78,0,0.0,
bursty_high_s24,0.0,runner_up_checked,120311,1.533333333333374,1.533333333333374,2.6000000000000227,2.6000000000000227,0.5966666666664963,0.5966666666664963,1.0582768223831251,1.0582768223831251,1.216666666666674,1.216666666666674,0.7999999999992156,0.7999999999992156,48346,48346,0,0,76,76,0,0.0,
bursty_high_s24,0.0,runner_up_checked,120312,1.3333333333331723,1.3333333333331723,2.1333333333329847,2.1333333333329847,0.5424999999998386,0.5424999999998386,1.05011810618335,1.05011810618335,1.169230769230777,1.169230769230777,1.199999999999335,1.199999999999335,47993,47993,0,0,72,72,0,0.0,
bursty_high_s24,0.0,runner_up_checked,120313,0.9999999999996021,0.9999999999996021,1.8666666666666956,1.8666666666666956,0.5041666666664965,0.5041666666664965,1.0465582457601372,1.0465582457601372,1.146666666666596,1.146666666666596,0.5999999999992554,0.5999999999992554,49143,49143,0,0,64,64,0,0.0,
bursty_high_s24,0.0,runner_up_checked,120314,0.9999999999990905,0.9999999999990905,2.333333333333364,2.333333333333364,0.5199999999998306,0.5199999999998306,1.0400239225368204,1.0400239225368204,1.135483870967738,1.135483870967738,1.3333333333324902,1.3333333333324902,49228,49228,0,0,56,56,0,0.0,
bursty_high_s24,0.0,runner_up_checked,120315,2.1333333333333613,2.1333333333333613,4.866666666666731,4.866666666666731,0.7483333333331712,0.7483333333331712,1.0753157584049222,1.0753157584049222,1.2873563218390818,1.2873563218390818,0.7999999999993292,0.7999999999993292,47626,47626,0,0,90,90,0,0.0,
bursty_high_s24,0.0,runner_up_checked,120316,1.466666666666697,1.466666666666697,2.6666666666666927,2.6666666666666927,0.5766666666665017,0.5766666666665017,1.051322036183213,1.051322036183213,1.177011494252873,1.177011494252873,0.3999999999993804,0.3999999999993804,48203,48203,0,0,79,79,0,0.0,
bursty_high_s24,0.0,runner_up_checked,120317,1.000000000000071,1.000000000000071,2.1333333333328994,2.1333333333328994,0.5383333333331646,0.5383333333331646,1.0500864068339484,1.0500864068339484,1.2095238095238092,1.2095238095238092,0.06666666666600918,0.06666666666600918,48398,48398,0,0,73,73,0,0.0,
bursty_high_s24,0.0,runner_up_checked,120318,1.7333333333333627,1.7333333333333627,2.4666666666665265,2.4666666666665265,0.5741666666665071,0.5741666666665071,1.0541640446537819,1.0541640446537819,1.1840000000000037,1.1840000000000037,0.1333333333325868,0.1333333333325868,48402,48402,0,0,70,70,0,0.0,
bursty_high_s24,0.0,runner_up_checked,120319,1.7333333333333627,1.7333333333333627,2.5333333333323367,2.5333333333323367,0.5533333333331648,0.5533333333331648,1.0453227878468991,1.0453227878468991,1.1733333333333404,1.1733333333333404,0.26666666666602623,0.26666666666602623,48664,48664,0,0,79,79,0,0.0,
bursty_high_s24,0.0,runner_up_checked,120320,0.9999999999991189,0.9999999999991189,2.2666666666656,2.2666666666656,0.5233333333331757,0.5233333333331757,1.040941821618666,1.040941821618666,1.1244444444444477,1.1244444444444477,2.6666666666659182,2.6666666666659182,49406,49406,0,0,52,52,0,0.0,
bursty_high_s24,0.0,runner_up_checked,120321,1.2666666666665094,1.2666666666665094,2.7333333333333627,2.7333333333333627,0.5391666666665025,0.5391666666665025,1.053648019468612,1.053648019468612,1.1833333333333331,1.1833333333333331,0.13333333333270048,0.13333333333270048,48562,48562,0,0,70,70,0,0.0,
bursty_high_s24,0.0,runner_up_checked,120322,1.0666666666666913,1.0666666666666913,2.0000000000000426,2.0000000000000426,0.5141666666665028,0.5141666666665028,1.050153950561557,1.050153950561557,1.1647058823529335,1.1647058823529335,3.2666666666658273,3.2666666666658273,47970,47970,0,0,69,69,0,0.0,
bursty_high_s24,0.0,runner_up_checked,120323,1.2666666666662536,1.2666666666662536,2.4666666666664696,2.4666666666664696,0.5416666666665098,0.5416666666665098,1.0535509381290737,1.0535509381290737,1.1784946236559066,1.1784946236559066,1.666666666665833,1.666666666665833,48843,48843,0,0,69,69,0,0.0,
bursty_high_s24,0.0,runner_up_checked,120324,1.2000000000000313,1.2000000000000313,2.6000000000000227,2.6000000000000227,0.5599999999998277,0.5599999999998277,1.0523770564537729,1.0523770564537729,1.199999999999892,1.199999999999892,3.133333333332615,3.133333333332615,49475,49475,0,0,69,69,0,0.0,
bursty_high_s24,0.0,runner_up_checked,120325,0.999999999999261,0.999999999999261,1.3333333333333712,1.3333333333333712,0.5108333333331686,0.5108333333331686,1.042896610508286,1.042896610508286,1.1333333333333364,1.1333333333333364,0.39999999999929514,0.39999999999929514,48898,48898,0,0,58,58,0,0.0,
bursty_high_s24,0.0,runner_up_checked,120326,0.9999999999999716,0.9999999999999716,2.5999999999995964,2.5999999999995964,0.5524999999998291,0.5524999999998291,1.044971175377679,1.044971175377679,1.1401709401709401,1.1401709401709401,0.6666666666657761,0.6666666666657761,49065,49065,0,0,58,58,0,0.0,
bursty_high_s24,0.0,runner_up_checked,120327,1.1333333333326152,1.1333333333326152,1.9333333333333655,1.9333333333333655,0.5116666666664994,0.5116666666664994,1.0416700956387148,1.0416700956387148,1.1333333333333346,1.1333333333333346,0.19999999999939178,0.19999999999939178,48191,48191,0,0,62,62,0,0.0,
bursty_high_s24,0.0,runner_up_checked,120328,1.1999999999993065,1.1999999999993065,2.6666666666660035,2.6666666666660035,0.5183333333331662,0.5183333333331662,1.0466189612288694,1.0466189612288694,1.1600000000000037,1.1600000000000037,0.666666666665833,0.666666666665833,48129,48129,0,0,60,60,0,0.0,
bursty_high_s24,0.0,runner_up_checked,120329,0.9333333333333655,0.9333333333333655,1.6666666666656909,1.6666666666656909,0.4708333333331594,0.4708333333331594,1.0372308253250782,1.0372308253250782,1.1142857142857179,1.1142857142857179,0.7333333333325811,0.7333333333325811,48771,48771,0,0,62,62,0,0.0,
bursty_high_s24,0.5,selected_checked,120300,1.6666666666663161,1.6666666666663161,2.733333333333391,2.733333333333391,0.6345833333331662,0.6345833333331662,1.075021185367824,1.075021185367824,1.2820512820512824,1.2820512820512824,6.666666666665947,6.666666666665947,48732,48732,0,0,71,71,0,0.0,
bursty_high_s24,0.5,selected_checked,120301,1.333333333332945,1.333333333332945,2.3333333333333712,2.3333333333333712,0.5695833333331725,0.5695833333331725,1.0508355250876071,1.0508355250876071,1.155555555555561,1.155555555555561,0.5333333333325925,0.5333333333325925,48638,48638,0,0,74,74,0,0.0,
bursty_high_s24,0.5,selected_checked,120302,0.9999999999992895,0.9999999999992895,1.4666666666667112,1.4666666666667112,0.5066666666665071,0.5066666666665071,1.042810582238929,1.042810582238929,1.133333333333347,1.133333333333347,0.7999999999992724,0.7999999999992724,49509,49509,0,0,58,58,0,0.0,
bursty_high_s24,0.5,selected_checked,120303,1.3333333333333641,1.3333333333333641,2.2333333333331495,2.2333333333331495,0.5645833333331659,0.5645833333331659,1.0513935142597621,1.0513935142597621,1.1766666666666665,1.1766666666666665,0.6999999999992497,0.6999999999992497,48565,48565,0,0,62,62,0,0.0,
bursty_high_s24,0.5,selected_checked,120304,0.9999999999994031,0.9999999999994031,2.4666666666667183,2.4666666666667183,0.5174999999998323,0.5174999999998323,1.0464017007425028,1.0464017007425028,1.1833333333333353,1.1833333333333353,0.2999999999992724,0.2999999999992724,48906,48906,0,0,57,57,0,0.0,
bursty_high_s24,0.5,selected_checked,120305,1.6666666666666927,1.6666666666666927,2.533333333333104,2.533333333333104,0.572083333333162,0.572083333333162,1.0584751946881779,1.0584751946881779,1.2311111111111117,1.2311111111111117,1.2666666666661115,1.2666666666661115,48203,48203,0,0,67,67,0,0.0,
bursty_high_s24,0.5,selected_checked,120306,0.9999999999990905,0.9999999999990905,2.2333333333324106,2.2333333333324106,0.5012499999998308,0.5012499999998308,1.041886354605613,1.041886354605613,1.1537037037037037,1.1537037037037037,0.4666666666658159,0.4666666666658159,48793,48793,0,0,70,70,0,0.0,
bursty_high_s24,0.5,selected_checked,120307,1.4000000000000483,1.4000000000000483,2.3333333333333712,2.3333333333333712,0.5345833333331668,0.5345833333331668,1.0461560233967089,1.0461560233967089,1.155128205128205,1.155128205128205,0.09999999999934062,0.09999999999934062,48723,48723,0,0,71,71,0,0.0,
bursty_high_s24,0.5,selected_checked,120308,1.1333333333333613,1.1333333333333613,2.46666666666669,2.46666666666669,0.5249999999998277,0.5249999999998277,1.0481401926896585,1.0481401926896585,1.1555555555555552,1.1555555555555552,0.16666666666586138,0.16666666666586138,48503,48503,0,0,74,74,0,0.0,
bursty_high_s24,0.5,selected_checked,120309,0.9999999999994316,0.9999999999994316,2.0666666666666913,2.0666666666666913,0.5308333333331625,0.5308333333331625,1.0491723837512248,1.0491723837512248,1.1913580246913582,1.1913580246913582,0.7999999999993008,0.7999999999993008,48330,48330,0,0,73,73,0,0.0,
bursty_high_s24,0.5,selected_checked,120310,1.533333333333104,1.533333333333104,2.266666666666481,2.266666666666481,0.5716666666664981,0.5716666666664981,1.051612139687284,1.051612139687284,1.1638888888888896,1.1638888888888896,1.9666666666659012,1.9666666666659012,47733,47733,0,0,81,81,0,0.0,
bursty_high_s24,0.5,selected_checked,120311,1.8666666666666956,1.8666666666666956,2.7333333333333627,2.7333333333333627,0.5691666666664947,0.5691666666664947,1.0572339165349094,1.0572339165349094,1.1952380952380983,1.1952380952380983,0.49999999999926104,0.49999999999926104,48166,48166,0,0,79,79,0,0.0,
bursty_high_s24,0.5,selected_checked,120312,0.9999999999997442,0.9999999999997442,2.6666666666667282,2.6666666666667282,0.5404166666665068,0.5404166666665068,1.0508403512171174,1.0508403512171174,1.1771929824561362,1.1771929824561362,0.7999999999992724,0.7999999999992724,47598,47598,0,0,75,75,0,0.0,
bursty_high_s24,0.5,selected_checked,120313,0.9666666666666828,0.9666666666666828,2.1666666666667,2.1666666666667,0.46999999999982844,0.46999999999982844,1.0478973293591356,1.0478973293591356,1.1700000000000088,1.1700000000000088,1.2999999999993008,1.2999999999993008,48870,48870,0,0,72,72,0,0.0,
bursty_high_s24,0.5,selected_checked,120314,1.0666666666657534,1.0666666666657534,2.233333333332837,2.233333333332837,0.5158333333331631,0.5158333333331631,1.0448009547753514,1.0448009547753514,1.1487179487179513,1.1487179487179513,1.3333333333324902,1.3333333333324902,49142,49142,0,0,57,57,0,0.0,
bursty_high_s24,0.5,selected_checked,120315,1.5333333333333599,1.5333333333333599,6.733333333333178,6.733333333333178,0.6583333333331697,0.6583333333331697,1.082961920426122,1.082961920426122,1.323333333333332,1.323333333333332,2.7999999999992724,2.7999999999992724,47649,47649,0,0,93,93,2,0.1,1.0
bursty_high_s24,0.5,selected_checked,120316,1.2000000000000313,1.2000000000000313,2.2000000000000455,2.2000000000000455,0.5533333333331676,0.5533333333331676,1.0551645439020378,1.0551645439020378,1.1942528735632179,1.1942528735632179,0.5999999999993406,0.5999999999993406,47626,47626,0,0,81,81,0,0.0,
bursty_high_s24,0.5,selected_checked,120317,0.9666666666662138,0.9666666666662138,1.6666666666666927,1.6666666666666927,0.48291666666649813,0.48291666666649813,1.0508987337363318,1.0508987337363318,1.2203703703703246,1.2203703703703246,0.3666666666659637,0.3666666666659637,47887,47887,0,0,71,71,0,0.0,
bursty_high_s24,0.5,selected_checked,120318,1.3333333333333712,1.3333333333333712,2.2000000000000526,2.2000000000000526,0.5337499999998403,0.5337499999998403,1.06320146489404,1.06320146489404,1.2590476190476245,1.2590476190476245,0.4333333333325129,0.4333333333325129,47974,47974,0,0,78,78,0,0.0,
bursty_high_s24,0.5,selected_checked,120319,1.7333333333333485,1.7333333333333485,2.3333333333327744,2.3333333333327744,0.552083333333167,0.552083333333167,1.0507233179636184,1.0507233179636184,1.1857142857142866,1.1857142857142866,0.6666666666658045,0.6666666666658045,47896,47896,0,0,83,83,0,0.0,
bursty_high_s24,0.5,selected_checked,120320,0.9999999999992326,0.9999999999992326,1.4666666666667254,1.4666666666667254,0.5112499999998426,0.5112499999998426,1.0427586827375364,1.0427586827375364,1.1333333333333144,1.1333333333333144,1.2666666666660262,1.2666666666660262,48991,48991,0,0,50,50,0,0.0,
bursty_high_s24,0.5,selected_checked,120321,1.2000000000000384,1.2000000000000384,2.3666666666664753,2.3666666666664753,0.5374999999998343,0.5374999999998343,1.0533752938855754,1.0533752938855754,1.2153846153846206,1.2153846153846206,0.13333333333267205,0.13333333333267205,48440,48440,0,0,69,69,0,0.0,
bursty_high_s24,0.5,selected_checked,120322,1.3333333333333997,1.3333333333333997,2.3999999999991815,2.3999999999991815,0.5454166666665025,0.5454166666665025,1.0514752757135197,1.0514752757135197,1.2000000000000028,1.2000000000000028,1.5666666666658386,1.5666666666658386,48077,48077,0,0,65,65,0,0.0,
bursty_high_s24,0.5,selected_checked,120323,1.0999999999994259,1.0999999999994259,2.4666666666659864,2.4666666666659864,0.5470833333331746,0.5470833333331746,1.0548075961761028,1.0548075961761028,1.1949494949494848,1.1949494949494848,1.2666666666658841,1.2666666666658841,48432,48432,0,0,70,70,0,0.0,
bursty_high_s24,0.5,selected_checked,120324,0.9999999999996021,0.9999999999996021,2.4000000000000483,2.4000000000000483,0.5262499999998271,0.5262499999998271,1.052141930720424,1.052141930720424,1.2047619047619083,1.2047619047619083,1.8333333333325186,1.8333333333325186,48145,48145,0,0,71,71,0,0.0,
bursty_high_s24,0.5,selected_checked,120325,0.9999999999992895,0.9999999999992895,1.5333333333329335,1.5333333333329335,0.5154166666665048,0.5154166666665048,1.0455141304844786,1.0455141304844786,1.1402777777777786,1.1402777777777786,0.9999999999992326,0.9999999999992326,49135,49135,0,0,61,61,0,0.0,
bursty_high_s24,0.5,selected_checked,120326,0.966666666666697,0.966666666666697,2.333333333333357,2.333333333333357,0.5166666666664964,0.5166666666664964,1.0459914727940895,1.0459914727940895,1.1600000000000024,1.1600000000000024,0.666666666665833,0.666666666665833,48983,48983,0,0,61,61,0,0.0,
bursty_high_s24,0.5,selected_checked,120327,1.2666666666667084,1.2666666666667084,1.9999999999993179,1.9999999999993179,0.5249999999998327,0.5249999999998327,1.0458891689773882,1.0458891689773882,1.159166666666666,1.159166666666666,0.7999999999992724,0.7999999999992724,48399,48399,0,0,67,67,0,0.0,
bursty_high_s24,0.5,selected_checked,120328,1.3333333333331154,1.3333333333331154,2.399999999999636,2.399999999999636,0.5524999999998347,0.5524999999998347,1.0531879992145932,1.0531879992145932,1.2000000000000028,1.2000000000000028,0.6666666666657761,0.6666666666657761,48614,48614,0,0,68,68,0,0.0,
bursty_high_s24,0.5,selected_checked,120329,1.0000000000000355,1.0000000000000355,2.0666666666667055,2.0666666666667055,0.5245833333331593,0.5245833333331593,1.0420125868343375,1.0420125868343375,1.1447916666666662,1.1447916666666662,2.033333333332507,2.033333333332507,48480,48480,0,0,67,67,0,0.0,
bursty_high_s24,0.5,selected_unchecked,120300,1.6666666666663161,1.6666666666663161,2.733333333333391,2.733333333333391,0.6345833333331662,0.6345833333331662,1.075021185367824,1.075021185367824,1.2820512820512824,1.2820512820512824,6.666666666665947,6.666666666665947,48732,48732,0,0,71,71,0,0.0,
bursty_high_s24,0.5,selected_unchecked,120301,1.333333333332945,1.333333333332945,2.3333333333333712,2.3333333333333712,0.5695833333331725,0.5695833333331725,1.0508355250876071,1.0508355250876071,1.155555555555561,1.155555555555561,0.5333333333325925,0.5333333333325925,48638,48638,0,0,74,74,0,0.0,
bursty_high_s24,0.5,selected_unchecked,120302,0.9999999999992895,0.9999999999992895,1.4666666666667112,1.4666666666667112,0.5066666666665071,0.5066666666665071,1.042810582238929,1.042810582238929,1.133333333333347,1.133333333333347,0.7999999999992724,0.7999999999992724,49509,49509,0,0,58,58,0,0.0,
bursty_high_s24,0.5,selected_unchecked,120303,1.3333333333333641,1.3333333333333641,2.2333333333331495,2.2333333333331495,0.5645833333331659,0.5645833333331659,1.0513935142597621,1.0513935142597621,1.1766666666666665,1.1766666666666665,0.6999999999992497,0.6999999999992497,48565,48565,0,0,62,62,0,0.0,
bursty_high_s24,0.5,selected_unchecked,120304,0.9999999999994031,0.9999999999994031,2.4666666666667183,2.4666666666667183,0.5174999999998323,0.5174999999998323,1.0464017007425028,1.0464017007425028,1.1833333333333353,1.1833333333333353,0.2999999999992724,0.2999999999992724,48906,48906,0,0,57,57,0,0.0,
bursty_high_s24,0.5,selected_unchecked,120305,1.6666666666666927,1.6666666666666927,2.533333333333104,2.533333333333104,0.572083333333162,0.572083333333162,1.0584751946881779,1.0584751946881779,1.2311111111111117,1.2311111111111117,1.2666666666661115,1.2666666666661115,48203,48203,0,0,67,67,0,0.0,
bursty_high_s24,0.5,selected_unchecked,120306,0.9999999999990905,0.9999999999990905,2.2333333333324106,2.2333333333324106,0.5012499999998308,0.5012499999998308,1.041886354605613,1.041886354605613,1.1537037037037037,1.1537037037037037,0.4666666666658159,0.4666666666658159,48793,48793,0,0,70,70,0,0.0,
bursty_high_s24,0.5,selected_unchecked,120307,1.4000000000000483,1.4000000000000483,2.3333333333333712,2.3333333333333712,0.5345833333331668,0.5345833333331668,1.0461560233967089,1.0461560233967089,1.155128205128205,1.155128205128205,0.09999999999934062,0.09999999999934062,48723,48723,0,0,71,71,0,0.0,
bursty_high_s24,0.5,selected_unchecked,120308,1.1333333333333613,1.1333333333333613,2.46666666666669,2.46666666666669,0.5249999999998277,0.5249999999998277,1.0481401926896585,1.0481401926896585,1.1555555555555552,1.1555555555555552,0.16666666666586138,0.16666666666586138,48503,48503,0,0,74,74,0,0.0,
bursty_high_s24,0.5,selected_unchecked,120309,0.9999999999994316,0.9999999999994316,2.0666666666666913,2.0666666666666913,0.5308333333331625,0.5308333333331625,1.0491723837512248,1.0491723837512248,1.1913580246913582,1.1913580246913582,0.7999999999993008,0.7999999999993008,48330,48330,0,0,73,73,0,0.0,
bursty_high_s24,0.5,selected_unchecked,120310,1.533333333333104,1.533333333333104,2.266666666666481,2.266666666666481,0.5716666666664981,0.5716666666664981,1.051612139687284,1.051612139687284,1.1638888888888896,1.1638888888888896,1.9666666666659012,1.9666666666659012,47733,47733,0,0,81,81,0,0.0,
bursty_high_s24,0.5,selected_unchecked,120311,1.8666666666666956,1.8666666666666956,2.7333333333333627,2.7333333333333627,0.5691666666664947,0.5691666666664947,1.0572339165349094,1.0572339165349094,1.1952380952380983,1.1952380952380983,0.49999999999926104,0.49999999999926104,48166,48166,0,0,79,79,0,0.0,
bursty_high_s24,0.5,selected_unchecked,120312,0.9999999999997442,0.9999999999997442,2.6666666666667282,2.6666666666667282,0.5404166666665068,0.5404166666665068,1.0508403512171174,1.0508403512171174,1.1771929824561362,1.1771929824561362,0.7999999999992724,0.7999999999992724,47598,47598,0,0,75,75,0,0.0,
bursty_high_s24,0.5,selected_unchecked,120313,0.9666666666666828,0.9666666666666828,2.1666666666667,2.1666666666667,0.46999999999982844,0.46999999999982844,1.0478973293591356,1.0478973293591356,1.1700000000000088,1.1700000000000088,1.2999999999993008,1.2999999999993008,48870,48870,0,0,72,72,0,0.0,
bursty_high_s24,0.5,selected_unchecked,120314,1.0666666666657534,1.0666666666657534,2.233333333332837,2.233333333332837,0.5158333333331631,0.5158333333331631,1.0448009547753514,1.0448009547753514,1.1487179487179513,1.1487179487179513,1.3333333333324902,1.3333333333324902,49142,49142,0,0,57,57,0,0.0,
bursty_high_s24,0.5,selected_unchecked,120315,1.5333333333333599,1.5333333333333599,6.733333333333178,6.733333333333178,0.6583333333331697,0.6583333333331697,1.082961920426122,1.082961920426122,1.323333333333332,1.323333333333332,2.7999999999992724,2.7999999999992724,47649,47797,0,4,93,93,2,0.1,1.0
bursty_high_s24,0.5,selected_unchecked,120316,1.2000000000000313,1.2000000000000313,2.2000000000000455,2.2000000000000455,0.5533333333331676,0.5533333333331676,1.0551645439020378,1.0551645439020378,1.1942528735632179,1.1942528735632179,0.5999999999993406,0.5999999999993406,47626,47626,0,0,81,81,0,0.0,
bursty_high_s24,0.5,selected_unchecked,120317,0.9666666666662138,0.9666666666662138,1.6666666666666927,1.6666666666666927,0.48291666666649813,0.48291666666649813,1.0508987337363318,1.0508987337363318,1.2203703703703246,1.2203703703703246,0.3666666666659637,0.3666666666659637,47887,47887,0,0,71,71,0,0.0,
bursty_high_s24,0.5,selected_unchecked,120318,1.3333333333333712,1.3333333333333712,2.2000000000000526,2.2000000000000526,0.5337499999998403,0.5337499999998403,1.06320146489404,1.06320146489404,1.2590476190476245,1.2590476190476245,0.4333333333325129,0.4333333333325129,47974,47974,0,0,78,78,0,0.0,
bursty_high_s24,0.5,selected_unchecked,120319,1.7333333333333485,1.7333333333333485,2.3333333333327744,2.3333333333327744,0.552083333333167,0.552083333333167,1.0507233179636184,1.0507233179636184,1.1857142857142866,1.1857142857142866,0.6666666666658045,0.6666666666658045,47896,47896,0,0,83,83,0,0.0,
bursty_high_s24,0.5,selected_unchecked,120320,0.9999999999992326,0.9999999999992326,1.4666666666667254,1.4666666666667254,0.5112499999998426,0.5112499999998426,1.0427586827375364,1.0427586827375364,1.1333333333333144,1.1333333333333144,1.2666666666660262,1.2666666666660262,48991,48991,0,0,50,50,0,0.0,
bursty_high_s24,0.5,selected_unchecked,120321,1.2000000000000384,1.2000000000000384,2.3666666666664753,2.3666666666664753,0.5374999999998343,0.5374999999998343,1.0533752938855754,1.0533752938855754,1.2153846153846206,1.2153846153846206,0.13333333333267205,0.13333333333267205,48440,48440,0,0,69,69,0,0.0,
bursty_high_s24,0.5,selected_unchecked,120322,1.3333333333333997,1.3333333333333997,2.3999999999991815,2.3999999999991815,0.5454166666665025,0.5454166666665025,1.0514752757135197,1.0514752757135197,1.2000000000000028,1.2000000000000028,1.5666666666658386,1.5666666666658386,48077,48077,0,0,65,65,0,0.0,
bursty_high_s24,0.5,selected_unchecked,120323,1.0999999999994259,1.0999999999994259,2.4666666666659864,2.4666666666659864,0.5470833333331746,0.5470833333331746,1.0548075961761028,1.0548075961761028,1.1949494949494848,1.1949494949494848,1.2666666666658841,1.2666666666658841,48432,48432,0,0,70,70,0,0.0,
bursty_high_s24,0.5,selected_unchecked,120324,0.9999999999996021,0.9999999999996021,2.4000000000000483,2.4000000000000483,0.5262499999998271,0.5262499999998271,1.052141930720424,1.052141930720424,1.2047619047619083,1.2047619047619083,1.8333333333325186,1.8333333333325186,48145,48145,0,0,71,71,0,0.0,
bursty_high_s24,0.5,selected_unchecked,120325,0.9999999999992895,0.9999999999992895,1.5333333333329335,1.5333333333329335,0.5154166666665048,0.5154166666665048,1.0455141304844786,1.0455141304844786,1.1402777777777786,1.1402777777777786,0.9999999999992326,0.9999999999992326,49135,49135,0,0,61,61,0,0.0,
bursty_high_s24,0.5,selected_unchecked,120326,0.966666666666697,0.966666666666697,2.333333333333357,2.333333333333357,0.5166666666664964,0.5166666666664964,1.0459914727940895,1.0459914727940895,1.1600000000000024,1.1600000000000024,0.666666666665833,0.666666666665833,48983,48983,0,0,61,61,0,0.0,
bursty_high_s24,0.5,selected_unchecked,120327,1.2666666666667084,1.2666666666667084,1.9999999999993179,1.9999999999993179,0.5249999999998327,0.5249999999998327,1.0458891689773882,1.0458891689773882,1.159166666666666,1.159166666666666,0.7999999999992724,0.7999999999992724,48399,48399,0,0,67,67,0,0.0,
bursty_high_s24,0.5,selected_unchecked,120328,1.3333333333331154,1.3333333333331154,2.399999999999636,2.399999999999636,0.5524999999998347,0.5524999999998347,1.0531879992145932,1.0531879992145932,1.2000000000000028,1.2000000000000028,0.6666666666657761,0.6666666666657761,48614,48614,0,0,68,68,0,0.0,
bursty_high_s24,0.5,selected_unchecked,120329,1.0000000000000355,1.0000000000000355,2.0666666666667055,2.0666666666667055,0.5245833333331593,0.5245833333331593,1.0420125868343375,1.0420125868343375,1.1447916666666662,1.1447916666666662,2.033333333332507,2.033333333332507,48480,48480,0,0,67,67,0,0.0,
bursty_high_s24,0.5,original_q2_a0.8_or_unchecked,120300,1.6666666666663161,1.8333333333333641,2.733333333333391,2.7333333333324674,0.6345833333331662,0.5679166666665012,1.075021185367824,1.067665531089472,1.2820512820512824,1.2638888888888886,6.666666666665947,5.366666666665964,48732,49630,0,20,71,69,11,0.4,1.0
bursty_high_s24,0.5,original_q2_a0.8_or_unchecked,120301,1.333333333332945,1.1333333333333968,2.3333333333333712,2.3333333333333712,0.5695833333331725,0.5483333333331715,1.0508355250876071,1.049471883418572,1.155555555555561,1.1555555555555572,0.5333333333325925,0.9333333333325413,48638,49412,0,24,74,72,10,0.5,1.0
bursty_high_s24,0.5,original_q2_a0.8_or_unchecked,120302,0.9999999999992895,0.9999999999997726,1.4666666666667112,1.933333333332797,0.5066666666665071,0.5195833333331727,1.042810582238929,1.0417584780984206,1.133333333333347,1.1333333333332263,0.7999999999992724,1.5999999999991985,49509,50062,0,24,58,64,11,0.4,1.0
bursty_high_s24,0.5,original_q2_a0.8_or_unchecked,120303,1.3333333333333641,1.1333333333333684,2.2333333333331495,2.2000000000000455,0.5645833333331659,0.5324999999998323,1.0513935142597621,1.0523588173296439,1.1766666666666665,1.1766666666666665,0.6999999999992497,0.6999999999992497,48565,49941,0,28,62,71,10,0.6,1.0
bursty_high_s24,0.5,original_q2_a0.8_or_unchecked,120304,0.9999999999994031,0.9999999999994031,2.4666666666667183,2.4666666666667183,0.5174999999998323,0.5174999999998323,1.0464017007425028,1.0464017007425028,1.1833333333333353,1.1833333333333353,0.2999999999992724,0.2999999999992724,48906,49646,0,20,57,57,7,0.5,1.0
bursty_high_s24,0.5,original_q2_a0.8_or_unchecked,120305,1.6666666666666927,1.6666666666666927,2.533333333333104,2.6666666666664582,0.572083333333162,0.5729166666664969,1.0584751946881779,1.0576575176112393,1.2311111111111117,1.2133333333333347,1.2666666666661115,0.6666666666660603,48203,49210,0,24,67,66,10,0.5,1.0
bursty_high_s24,0.5,original_q2_a0.8_or_unchecked,120306,0.9999999999990905,0.9999999999993463,2.2333333333324106,1.9333333333323992,0.5012499999998308,0.5166666666664976,1.041886354605613,1.0467409157592789,1.1537037037037037,1.1666666666666288,0.4666666666658159,0.6666666666658045,48793,49251,0,16,70,73,7,0.3,1.0
bursty_high_s24,0.5,original_q2_a0.8_or_unchecked,120307,1.4000000000000483,1.2666666666666941,2.3333333333333712,2.1999999999990507,0.5345833333331668,0.5420833333331669,1.0461560233967089,1.0524633804189605,1.155128205128205,1.1555555555555586,0.09999999999934062,0.09999999999934062,48723,49663,0,24,71,70,11,0.6,1.0
bursty_high_s24,0.5,original_q2_a0.8_or_unchecked,120308,1.1333333333333613,1.1333333333333613,2.46666666666669,2.46666666666669,0.5249999999998277,0.5249999999998277,1.0481401926896585,1.0481401926896585,1.1555555555555552,1.1555555555555552,0.16666666666586138,0.16666666666586138,48503,49687,0,32,74,74,8,0.7,1.0
bursty_high_s24,0.5,original_q2_a0.8_or_unchecked,120309,0.9999999999994316,0.9999999999994884,2.0666666666666913,1.7333333333327232,0.5308333333331625,0.5170833333331608,1.0491723837512248,1.0460400204431866,1.1913580246913582,1.1651515151515148,0.7999999999993008,0.1999999999993065,48330,49494,0,28,73,71,13,0.5,1.0
bursty_high_s24,0.5,original_q2_a0.8_or_unchecked,120310,1.533333333333104,1.2666666666666941,2.266666666666481,2.60000000000003,0.5716666666664981,0.5408333333331646,1.051612139687284,1.050719422915076,1.1638888888888896,1.17536231884058,1.9666666666659012,2.1666666666659467,47733,49378,0,32,81,87,13,0.6,1.0
bursty_high_s24,0.5,original_q2_a0.8_or_unchecked,120311,1.8666666666666956,1.3333333333333712,2.7333333333333627,2.40000000000002,0.5691666666664947,0.5445833333331614,1.0572339165349094,1.0580621627490874,1.1952380952380983,1.216666666666674,0.49999999999926104,0.49999999999926104,48166,48761,0,16,79,73,7,0.4,1.0
bursty_high_s24,0.5,original_q2_a0.8_or_unchecked,120312,0.9999999999997442,0.9999999999997442,2.6666666666667282,2.6666666666667282,0.5404166666665068,0.5404166666665068,1.0508403512171174,1.0508403512171174,1.1771929824561362,1.1771929824561362,0.7999999999992724,0.7999999999992724,47598,48338,0,20,75,75,5,0.3,1.0
bursty_high_s24,0.5,original_q2_a0.8_or_unchecked,120313,0.9666666666666828,1.200000000000017,2.1666666666667,2.2000000000000597,0.46999999999982844,0.5479166666664959,1.0478973293591356,1.0538160586618335,1.1700000000000088,1.2200000000000089,1.2999999999993008,0.19999999999924967,48870,50034,0,24,72,76,12,0.4,1.0
bursty_high_s24,0.5,original_q2_a0.8_or_unchecked,120314,1.0666666666657534,1.0666666666657534,2.233333333332837,2.233333333332837,0.5158333333331631,0.5158333333331631,1.0448009547753514,1.0448009547753514,1.1487179487179513,1.1487179487179513,1.3333333333324902,1.3333333333324902,49142,50030,0,24,57,57,9,0.5,1.0
bursty_high_s24,0.5,original_q2_a0.8_or_unchecked,120315,1.5333333333333599,2.1333333333333613,6.733333333333178,6.066666666666464,0.6583333333331697,0.6783333333331701,1.082961920426122,1.080964667379774,1.323333333333332,1.323333333333332,2.7999999999992724,2.0999999999992838,47649,48038,0,28,93,96,18,0.5,1.0
bursty_high_s24,0.5,original_q2_a0.8_or_unchecked,120316,1.2000000000000313,1.3333333333333854,2.2000000000000455,2.2000000000000455,0.5533333333331676,0.5549999999998346,1.0551645439020378,1.053309301068744,1.1942528735632179,1.199999999999926,0.5999999999993406,0.599999999999369,47626,48816,0,32,81,82,16,0.7,1.0
bursty_high_s24,0.5,original_q2_a0.8_or_unchecked,120317,0.9666666666662138,0.9666666666667112,1.6666666666666927,1.800000000000054,0.48291666666649813,0.4866666666664986,1.0508987337363318,1.0509767086366752,1.2203703703703246,1.2266666666666708,0.3666666666659637,3.166666666665975,47887,49515,0,36,71,74,13,0.5,1.0
bursty_high_s24,0.5,original_q2_a0.8_or_unchecked,120318,1.3333333333333712,1.8666666666659353,2.2000000000000526,4.133333333333368,0.5337499999998403,0.6695833333331752,1.06320146489404,1.064003232898254,1.2590476190476245,1.2360000000000042,0.4333333333325129,0.33333333333260384,47974,49112,0,28,78,78,12,0.6,1.0
bursty_high_s24,0.5,original_q2_a0.8_or_unchecked,120319,1.7333333333333485,1.733333333332439,2.3333333333327744,2.266666666666687,0.552083333333167,0.5454166666665003,1.0507233179636184,1.0552808606523587,1.1857142857142866,1.209876543209873,0.6666666666658045,0.6666666666659467,47896,49208,0,32,83,80,14,0.5,1.0
bursty_high_s24,0.5,original_q2_a0.8_or_unchecked,120320,0.9999999999992326,0.9999999999992326,1.4666666666667254,1.4666666666667254,0.5112499999998426,0.5112499999998426,1.0427586827375364,1.0427586827375364,1.1333333333333144,1.1333333333333144,1.2666666666660262,1.2666666666660262,48991,49435,0,12,50,50,4,0.2,1.0
bursty_high_s24,0.5,original_q2_a0.8_or_unchecked,120321,1.2000000000000384,1.0000000000000213,2.3666666666664753,2.599999999999909,0.5374999999998343,0.5420833333331682,1.0533752938855754,1.0504517450171145,1.2153846153846206,1.1803921568627365,0.13333333333267205,0.1333333333327289,48440,49163,0,20,69,70,11,0.5,1.0
bursty_high_s24,0.5,original_q2_a0.8_or_unchecked,120322,1.3333333333333997,1.066666666666734,2.3999999999991815,1.8666666666658784,0.5454166666665025,0.5291666666665056,1.0514752757135197,1.0494917113839464,1.2000000000000028,1.1733333333333362,1.5666666666658386,4.36666666666585,48077,49793,0,28,65,71,9,0.6,1.0
bursty_high_s24,0.5,original_q2_a0.8_or_unchecked,120323,1.0999999999994259,1.0999999999994259,2.4666666666659864,2.4666666666659864,0.5470833333331746,0.5470833333331746,1.0548075961761028,1.0548075961761028,1.1949494949494848,1.1949494949494848,1.2666666666658841,1.2666666666658841,48432,49320,0,24,70,70,8,0.4,1.0
bursty_high_s24,0.5,original_q2_a0.8_or_unchecked,120324,0.9999999999996021,1.0000000000000426,2.4000000000000483,1.6333333333333542,0.5262499999998271,0.49333333333315965,1.052141930720424,1.048991798200569,1.2047619047619083,1.1833333333333331,1.8333333333325186,2.63333333333253,48145,49160,0,16,71,75,7,0.4,1.0
bursty_high_s24,0.5,original_q2_a0.8_or_unchecked,120325,0.9999999999992895,0.9999999999992895,1.5333333333329335,1.5333333333329335,0.5154166666665048,0.5154166666665048,1.0455141304844786,1.0455141304844786,1.1402777777777786,1.1402777777777786,0.9999999999992326,0.9999999999992326,49135,50935,0,48,61,63,15,0.8,1.0
bursty_high_s24,0.5,original_q2_a0.8_or_unchecked,120326,0.966666666666697,1.333333333333357,2.333333333333357,2.60000000000003,0.5166666666664964,0.5666666666664945,1.0459914727940895,1.0503510795450095,1.1600000000000024,1.1901960784313734,0.666666666665833,0.46666666666573065,48983,49223,0,16,61,62,7,0.4,1.0
bursty_high_s24,0.5,original_q2_a0.8_or_unchecked,120327,1.2666666666667084,1.0333333333333456,1.9999999999993179,2.066666666666009,0.5249999999998327,0.5291666666664993,1.0458891689773882,1.049605731828497,1.159166666666666,1.1666666666666643,0.7999999999992724,0.5999999999991701,48399,49097,0,20,67,66,10,0.5,1.0
bursty_high_s24,0.5,original_q2_a0.8_or_unchecked,120328,1.3333333333331154,1.3333333333331154,2.399999999999636,2.399999999999636,0.5524999999998347,0.5524999999998347,1.0531879992145932,1.05318154760169,1.2000000000000028,1.2000000000000028,0.6666666666657761,0.6666666666657761,48614,50007,0,36,68,70,13,0.7,1.0
bursty_high_s24,0.5,original_q2_a0.8_or_unchecked,120329,1.0000000000000355,0.9999999999993179,2.0666666666667055,1.7999999999992724,0.5245833333331593,0.5216666666664954,1.0420125868343375,1.040083816984148,1.1447916666666662,1.125490196078436,2.033333333332507,3.4333333333325413,48480,49435,0,24,67,68,8,0.6,1.0
bursty_high_s24,0.5,runner_up_checked,120300,1.6666666666663161,1.6666666666663161,2.733333333333391,2.733333333333391,0.6345833333331662,0.6345833333331662,1.075021185367824,1.075021185367824,1.2820512820512824,1.2820512820512824,6.666666666665947,6.666666666665947,48732,48732,0,0,71,71,0,0.0,
bursty_high_s24,0.5,runner_up_checked,120301,1.333333333332945,1.333333333332945,2.3333333333333712,2.3333333333333712,0.5695833333331725,0.5695833333331725,1.0508355250876071,1.0508355250876071,1.155555555555561,1.155555555555561,0.5333333333325925,0.5333333333325925,48638,48638,0,0,74,74,0,0.0,
bursty_high_s24,0.5,runner_up_checked,120302,0.9999999999992895,0.9999999999992895,1.4666666666667112,1.4666666666667112,0.5066666666665071,0.5066666666665071,1.042810582238929,1.042810582238929,1.133333333333347,1.133333333333347,0.7999999999992724,0.7999999999992724,49509,49509,0,0,58,58,0,0.0,
bursty_high_s24,0.5,runner_up_checked,120303,1.3333333333333641,1.3333333333333641,2.2333333333331495,2.2333333333331495,0.5645833333331659,0.5645833333331659,1.0513935142597621,1.0513935142597621,1.1766666666666665,1.1766666666666665,0.6999999999992497,0.6999999999992497,48565,48565,0,0,62,62,0,0.0,
bursty_high_s24,0.5,runner_up_checked,120304,0.9999999999994031,0.9999999999994031,2.4666666666667183,2.4666666666667183,0.5174999999998323,0.5174999999998323,1.0464017007425028,1.0464017007425028,1.1833333333333353,1.1833333333333353,0.2999999999992724,0.2999999999992724,48906,48906,0,0,57,57,0,0.0,
bursty_high_s24,0.5,runner_up_checked,120305,1.6666666666666927,1.6666666666666927,2.533333333333104,2.533333333333104,0.572083333333162,0.572083333333162,1.0584751946881779,1.0584751946881779,1.2311111111111117,1.2311111111111117,1.2666666666661115,1.2666666666661115,48203,48203,0,0,67,67,0,0.0,
bursty_high_s24,0.5,runner_up_checked,120306,0.9999999999990905,0.9999999999990905,2.2333333333324106,2.2333333333324106,0.5012499999998308,0.5012499999998308,1.041886354605613,1.041886354605613,1.1537037037037037,1.1537037037037037,0.4666666666658159,0.4666666666658159,48793,48793,0,0,70,70,0,0.0,
bursty_high_s24,0.5,runner_up_checked,120307,1.4000000000000483,1.4000000000000483,2.3333333333333712,2.3333333333333712,0.5345833333331668,0.5345833333331668,1.0461560233967089,1.0461560233967089,1.155128205128205,1.155128205128205,0.09999999999934062,0.09999999999934062,48723,48723,0,0,71,71,0,0.0,
bursty_high_s24,0.5,runner_up_checked,120308,1.1333333333333613,1.1333333333333613,2.46666666666669,2.46666666666669,0.5249999999998277,0.5249999999998277,1.0481401926896585,1.0481401926896585,1.1555555555555552,1.1555555555555552,0.16666666666586138,0.16666666666586138,48503,48503,0,0,74,74,0,0.0,
bursty_high_s24,0.5,runner_up_checked,120309,0.9999999999994316,0.9999999999994316,2.0666666666666913,2.0666666666666913,0.5308333333331625,0.5308333333331625,1.0491723837512248,1.0491723837512248,1.1913580246913582,1.1913580246913582,0.7999999999993008,0.7999999999993008,48330,48330,0,0,73,73,0,0.0,
bursty_high_s24,0.5,runner_up_checked,120310,1.533333333333104,1.533333333333104,2.266666666666481,2.266666666666481,0.5716666666664981,0.5716666666664981,1.051612139687284,1.051612139687284,1.1638888888888896,1.1638888888888896,1.9666666666659012,1.9666666666659012,47733,47733,0,0,81,81,0,0.0,
bursty_high_s24,0.5,runner_up_checked,120311,1.8666666666666956,1.8666666666666956,2.7333333333333627,2.7333333333333627,0.5691666666664947,0.5691666666664947,1.0572339165349094,1.0572339165349094,1.1952380952380983,1.1952380952380983,0.49999999999926104,0.49999999999926104,48166,48166,0,0,79,79,0,0.0,
bursty_high_s24,0.5,runner_up_checked,120312,0.9999999999997442,0.9999999999997442,2.6666666666667282,2.6666666666667282,0.5404166666665068,0.5404166666665068,1.0508403512171174,1.0508403512171174,1.1771929824561362,1.1771929824561362,0.7999999999992724,0.7999999999992724,47598,47598,0,0,75,75,0,0.0,
bursty_high_s24,0.5,runner_up_checked,120313,0.9666666666666828,0.9666666666666828,2.1666666666667,2.1666666666667,0.46999999999982844,0.46999999999982844,1.0478973293591356,1.0478973293591356,1.1700000000000088,1.1700000000000088,1.2999999999993008,1.2999999999993008,48870,48870,0,0,72,72,0,0.0,
bursty_high_s24,0.5,runner_up_checked,120314,1.0666666666657534,1.0666666666657534,2.233333333332837,2.233333333332837,0.5158333333331631,0.5158333333331631,1.0448009547753514,1.0448009547753514,1.1487179487179513,1.1487179487179513,1.3333333333324902,1.3333333333324902,49142,49142,0,0,57,57,0,0.0,
bursty_high_s24,0.5,runner_up_checked,120315,1.5333333333333599,1.5333333333333599,6.733333333333178,6.733333333333178,0.6583333333331697,0.6583333333331697,1.082961920426122,1.082961920426122,1.323333333333332,1.323333333333332,2.7999999999992724,2.7999999999992724,47649,47649,0,0,93,93,2,0.1,1.0
bursty_high_s24,0.5,runner_up_checked,120316,1.2000000000000313,1.2000000000000313,2.2000000000000455,2.2000000000000455,0.5533333333331676,0.5533333333331676,1.0551645439020378,1.0551645439020378,1.1942528735632179,1.1942528735632179,0.5999999999993406,0.5999999999993406,47626,47626,0,0,81,81,0,0.0,
bursty_high_s24,0.5,runner_up_checked,120317,0.9666666666662138,0.9666666666662138,1.6666666666666927,1.6666666666666927,0.48291666666649813,0.48291666666649813,1.0508987337363318,1.0508987337363318,1.2203703703703246,1.2203703703703246,0.3666666666659637,0.3666666666659637,47887,47887,0,0,71,71,0,0.0,
bursty_high_s24,0.5,runner_up_checked,120318,1.3333333333333712,1.3333333333333712,2.2000000000000526,2.2000000000000526,0.5337499999998403,0.5337499999998403,1.06320146489404,1.06320146489404,1.2590476190476245,1.2590476190476245,0.4333333333325129,0.4333333333325129,47974,47974,0,0,78,78,0,0.0,
bursty_high_s24,0.5,runner_up_checked,120319,1.7333333333333485,1.7333333333333485,2.3333333333327744,2.3333333333327744,0.552083333333167,0.552083333333167,1.0507233179636184,1.0507233179636184,1.1857142857142866,1.1857142857142866,0.6666666666658045,0.6666666666658045,47896,47896,0,0,83,83,0,0.0,
bursty_high_s24,0.5,runner_up_checked,120320,0.9999999999992326,0.9999999999992326,1.4666666666667254,1.4666666666667254,0.5112499999998426,0.5112499999998426,1.0427586827375364,1.0427586827375364,1.1333333333333144,1.1333333333333144,1.2666666666660262,1.2666666666660262,48991,48991,0,0,50,50,0,0.0,
bursty_high_s24,0.5,runner_up_checked,120321,1.2000000000000384,1.2000000000000384,2.3666666666664753,2.3666666666664753,0.5374999999998343,0.5374999999998343,1.0533752938855754,1.0533752938855754,1.2153846153846206,1.2153846153846206,0.13333333333267205,0.13333333333267205,48440,48440,0,0,69,69,0,0.0,
bursty_high_s24,0.5,runner_up_checked,120322,1.3333333333333997,1.3333333333333997,2.3999999999991815,2.3999999999991815,0.5454166666665025,0.5454166666665025,1.0514752757135197,1.0514752757135197,1.2000000000000028,1.2000000000000028,1.5666666666658386,1.5666666666658386,48077,48077,0,0,65,65,0,0.0,
bursty_high_s24,0.5,runner_up_checked,120323,1.0999999999994259,1.0999999999994259,2.4666666666659864,2.4666666666659864,0.5470833333331746,0.5470833333331746,1.0548075961761028,1.0548075961761028,1.1949494949494848,1.1949494949494848,1.2666666666658841,1.2666666666658841,48432,48432,0,0,70,70,0,0.0,
bursty_high_s24,0.5,runner_up_checked,120324,0.9999999999996021,0.9999999999996021,2.4000000000000483,2.4000000000000483,0.5262499999998271,0.5262499999998271,1.052141930720424,1.052141930720424,1.2047619047619083,1.2047619047619083,1.8333333333325186,1.8333333333325186,48145,48145,0,0,71,71,0,0.0,
bursty_high_s24,0.5,runner_up_checked,120325,0.9999999999992895,0.9999999999992895,1.5333333333329335,1.5333333333329335,0.5154166666665048,0.5154166666665048,1.0455141304844786,1.0455141304844786,1.1402777777777786,1.1402777777777786,0.9999999999992326,0.9999999999992326,49135,49135,0,0,61,61,0,0.0,
bursty_high_s24,0.5,runner_up_checked,120326,0.966666666666697,0.966666666666697,2.333333333333357,2.333333333333357,0.5166666666664964,0.5166666666664964,1.0459914727940895,1.0459914727940895,1.1600000000000024,1.1600000000000024,0.666666666665833,0.666666666665833,48983,48983,0,0,61,61,0,0.0,
bursty_high_s24,0.5,runner_up_checked,120327,1.2666666666667084,1.2666666666667084,1.9999999999993179,1.9999999999993179,0.5249999999998327,0.5249999999998327,1.0458891689773882,1.0458891689773882,1.159166666666666,1.159166666666666,0.7999999999992724,0.7999999999992724,48399,48399,0,0,67,67,0,0.0,
bursty_high_s24,0.5,runner_up_checked,120328,1.3333333333331154,1.3333333333331154,2.399999999999636,2.399999999999636,0.5524999999998347,0.5524999999998347,1.0531879992145932,1.0531879992145932,1.2000000000000028,1.2000000000000028,0.6666666666657761,0.6666666666657761,48614,48614,0,0,68,68,0,0.0,
bursty_high_s24,0.5,runner_up_checked,120329,1.0000000000000355,1.0000000000000355,2.0666666666667055,2.0666666666667055,0.5245833333331593,0.5245833333331593,1.0420125868343375,1.0420125868343375,1.1447916666666662,1.1447916666666662,2.033333333332507,2.033333333332507,48480,48480,0,0,67,67,0,0.0,
bursty_high_s24,2.0,selected_checked,120300,2.0000000000000497,2.0000000000000497,3.133333333332388,3.133333333332388,0.6091666666665009,0.6091666666665009,1.0831933378912675,1.0831933378912675,1.3380952380951763,1.3380952380951763,6.666666666665947,6.666666666665947,48940,48940,0,0,74,74,0,0.0,
bursty_high_s24,2.0,selected_checked,120301,1.1333333333333613,1.1333333333333613,2.3333333333333712,2.3333333333333712,0.5324999999998392,0.5324999999998392,1.0650957358097268,1.0650957358097268,1.2380952380952084,1.2380952380952084,0.1333333333325868,0.1333333333325868,48056,48056,0,0,77,77,0,0.0,
bursty_high_s24,2.0,selected_checked,120302,0.9999999999999432,0.9999999999999432,2.333333333332831,2.333333333332831,0.5233333333331741,0.5233333333331741,1.054886326472307,1.054886326472307,1.2106666666666457,1.2106666666666457,0.5999999999992554,0.5999999999992554,49327,49327,0,0,57,57,0,0.0,
bursty_high_s24,2.0,selected_checked,120303,1.40000000000002,1.40000000000002,2.4666666666666828,2.4666666666666828,0.5316666666664974,0.5316666666664974,1.0606651667596347,1.0606651667596347,1.2740740740740744,1.2740740740740744,0.799999999999244,0.799999999999244,48329,48329,0,0,70,70,0,0.0,
bursty_high_s24,2.0,selected_checked,120304,0.9333333333333655,0.9333333333333655,2.333333333333144,2.333333333333144,0.48999999999983335,0.48999999999983335,1.0450658859865674,1.0450658859865674,1.166666666666675,1.166666666666675,0.39999999999932356,0.39999999999932356,48877,48877,0,0,55,55,0,0.0,
bursty_high_s24,2.0,selected_checked,120305,1.2666666666657136,1.2666666666657136,2.400000000000027,2.400000000000027,0.5466666666664959,0.5466666666664959,1.0686287444473124,1.0686287444473124,1.2613333333333208,1.2613333333333208,4.866666666666077,4.866666666666077,48318,48318,0,0,77,77,0,0.0,
bursty_high_s24,2.0,selected_checked,120306,0.9999999999998863,0.9999999999998863,1.866666666665708,1.866666666665708,0.5249999999998319,0.5249999999998319,1.0481276924250227,1.0481276924250227,1.1599999999999908,1.1599999999999908,1.86666666666585,1.86666666666585,49155,49155,0,0,67,67,0,0.0,
bursty_high_s24,2.0,selected_checked,120307,1.2666666666667226,1.2666666666667226,2.1333333333333613,2.1333333333333613,0.5633333333331675,0.5633333333331675,1.0572760951676174,1.0572760951676174,1.2,1.2,0.599999999999369,0.599999999999369,48658,48658,0,0,71,71,0,0.0,
bursty_high_s24,2.0,selected_checked,120308,1.3999999999998067,1.3999999999998067,2.400000000000027,2.400000000000027,0.5233333333331608,0.5233333333331608,1.0539128784285379,1.0539128784285379,1.1800000000000055,1.1800000000000055,0.46666666666587275,0.46666666666587275,48601,48601,0,0,69,69,0,0.0,
bursty_high_s24,2.0,selected_checked,120309,0.9999999999997442,0.9999999999997442,2.0666666666666913,2.0666666666666913,0.5449999999998277,0.5449999999998277,1.0596736467775913,1.0596736467775913,1.2000000000000064,1.2000000000000064,0.7999999999992724,0.7999999999992724,48689,48689,0,0,73,73,0,0.0,
bursty_high_s24,2.0,selected_checked,120310,1.3333333333333854,1.3333333333333854,2.199999999999079,2.199999999999079,0.5458333333331677,0.5458333333331677,1.0574426964414345,1.0574426964414345,1.2333333333331993,1.2333333333331993,0.46666666666584433,0.46666666666584433,47764,47764,0,0,79,79,0,0.0,
bursty_high_s24,2.0,selected_checked,120311,1.9333333333333513,1.9333333333333513,2.333333333333357,2.333333333333357,0.6383333333331639,0.6383333333331639,1.0776398457462097,1.0776398457462097,1.3208333333333337,1.3208333333333337,0.3999999999992667,0.3999999999992667,47406,47406,0,0,78,78,0,0.0,
bursty_high_s24,2.0,selected_checked,120312,1.0666666666656397,1.0666666666656397,1.8666666666666885,1.8666666666666885,0.5133333333331733,0.5133333333331733,1.0543994729675652,1.0543994729675652,1.2173913043478255,1.2173913043478255,0.7999999999993008,0.7999999999993008,48169,48169,0,0,74,74,0,0.0,
bursty_high_s24,2.0,selected_checked,120313,1.2000000000000313,1.2000000000000313,2.466666666666697,2.466666666666697,0.5274999999998268,0.5274999999998268,1.0635722567527115,1.0635722567527115,1.223809523809505,1.223809523809505,0.39999999999929514,0.39999999999929514,48578,48578,0,0,66,66,0,0.0,
bursty_high_s24,2.0,selected_checked,120314,0.9333333333333655,0.9333333333333655,2.26666666666668,2.26666666666668,0.5024999999998288,0.5024999999998288,1.04652115878432,1.04652115878432,1.1622222222221998,1.1622222222221998,0.9333333333324845,0.9333333333324845,49339,49339,0,0,53,53,0,0.0,
bursty_high_s24,2.0,selected_checked,120315,2.200000000000017,2.200000000000017,6.599999999999881,6.599999999999881,0.7466666666665069,0.7466666666665069,1.0985709230899616,1.0985709230899616,1.4280701754385932,1.4280701754385932,0.5999999999992838,0.5999999999992838,46649,46649,0,0,102,102,1,0.1,1.0
bursty_high_s24,2.0,selected_checked,120316,1.1333333333328994,1.1333333333328994,2.6000000000000654,2.6000000000000654,0.5458333333331687,0.5458333333331687,1.0645448878976596,1.0645448878976596,1.2363636363636255,1.2363636363636255,0.9999999999992895,0.9999999999992895,47830,47830,0,0,83,83,0,0.0,
bursty_high_s24,2.0,selected_checked,120317,1.1333333333329279,1.1333333333329279,1.999999999999062,1.999999999999062,0.5074999999998316,0.5074999999998316,1.059722465804136,1.059722465804136,1.2333333333333378,1.2333333333333378,0.06666666666598076,0.06666666666598076,48199,48199,0,0,72,72,0,0.0,
bursty_high_s24,2.0,selected_checked,120318,1.9333333333331666,1.9333333333331666,4.666666666666458,4.666666666666458,0.6383333333331762,0.6383333333331762,1.0769762327965133,1.0769762327965133,1.245977011494258,1.245977011494258,0.5333333333325072,0.5333333333325072,48175,48175,0,0,76,76,0,0.0,
bursty_high_s24,2.0,selected_checked,120319,1.7333333333333485,1.7333333333333485,2.466666666665674,2.466666666665674,0.5883333333331657,0.5883333333331657,1.0673966898602145,1.0673966898602145,1.3111111111110856,1.3111111111110856,2.2666666666659125,2.2666666666659125,48863,48863,0,0,81,81,0,0.0,
bursty_high_s24,2.0,selected_checked,120320,0.9333333333334082,0.9333333333334082,1.7999999999991587,1.7999999999991587,0.5058333333331778,0.5058333333331778,1.047012716259381,1.047012716259381,1.1649122807017436,1.1649122807017436,1.066666666665924,1.066666666665924,48727,48727,0,0,49,49,0,0.0,
bursty_high_s24,2.0,selected_checked,120321,1.1999999999990791,1.1999999999990791,2.199999999999875,2.199999999999875,0.5483333333331688,0.5483333333331688,1.0647774549900413,1.0647774549900413,1.2333333333333334,1.2333333333333334,0.13333333333267205,0.13333333333267205,48537,48537,0,0,72,72,0,0.0,
bursty_high_s24,2.0,selected_checked,120322,1.1333333333333613,1.1333333333333613,2.1999999999997897,2.1999999999997897,0.5299999999998358,0.5299999999998358,1.0594099157547876,1.0594099157547876,1.2444444444444447,1.2444444444444447,2.666666666665833,2.666666666665833,48479,48479,0,0,76,76,0,0.0,
bursty_high_s24,2.0,selected_checked,120323,0.9999999999996021,0.9999999999996021,2.3999999999998636,2.3999999999998636,0.5391666666665069,0.5391666666665069,1.0803227035572354,1.0803227035572354,1.386666666666668,1.386666666666668,1.8666666666659637,1.8666666666659637,48284,48284,0,0,75,75,0,0.0,
bursty_high_s24,2.0,selected_checked,120324,1.1333333333333613,1.1333333333333613,2.40000000000002,2.40000000000002,0.5108333333331614,0.5108333333331614,1.0559717217131535,1.0559717217131535,1.2313725490196124,1.2313725490196124,4.533333333332564,4.533333333332564,49057,49057,0,0,77,77,0,0.0,
bursty_high_s24,2.0,selected_checked,120325,0.9333333333334224,0.9333333333334224,1.7333333333331495,1.7333333333331495,0.5233333333331702,0.5233333333331702,1.0570565016826297,1.0570565016826297,1.1944444444444458,1.1944444444444458,0.5999999999992554,0.5999999999992554,49259,49259,0,0,63,63,0,0.0,
bursty_high_s24,2.0,selected_checked,120326,0.9999999999995737,0.9999999999995737,2.60000000000003,2.60000000000003,0.5183333333331611,0.5183333333331611,1.0505600117434253,1.0505600117434253,1.2000000000000013,1.2000000000000013,0.06666666666586707,0.06666666666586707,48835,48835,0,0,63,63,0,0.0,
bursty_high_s24,2.0,selected_checked,120327,1.6666666666666998,1.6666666666666998,2.266666666666694,2.266666666666694,0.557499999999834,0.557499999999834,1.0637099303440187,1.0637099303440187,1.2092592592592588,1.2092592592592588,0.1999999999993065,0.1999999999993065,48224,48224,0,0,71,71,0,0.0,
bursty_high_s24,2.0,selected_checked,120328,1.333333333332746,1.333333333332746,2.4666666666663843,2.4666666666663843,0.5466666666665007,0.5466666666665007,1.06024598550239,1.06024598550239,1.2238095238095252,1.2238095238095252,0.666666666665833,0.666666666665833,48052,48052,0,0,70,70,0,0.0,
bursty_high_s24,2.0,selected_checked,120329,0.9999999999994316,0.9999999999994316,2.1333333333324163,2.1333333333324163,0.5374999999998287,0.5374999999998287,1.0485680039757461,1.0485680039757461,1.166666666666666,1.166666666666666,2.133333333332587,2.133333333332587,48549,48549,0,0,69,69,0,0.0,
bursty_high_s24,2.0,selected_unchecked,120300,2.0000000000000497,2.0000000000000497,3.133333333332388,3.133333333332388,0.6091666666665009,0.6091666666665009,1.0831933378912675,1.0831933378912675,1.3380952380951763,1.3380952380951763,6.666666666665947,6.666666666665947,48940,48940,0,0,74,74,0,0.0,
bursty_high_s24,2.0,selected_unchecked,120301,1.1333333333333613,1.1333333333333613,2.3333333333333712,2.3333333333333712,0.5324999999998392,0.5324999999998392,1.0650957358097268,1.0650957358097268,1.2380952380952084,1.2380952380952084,0.1333333333325868,0.1333333333325868,48056,48056,0,0,77,77,0,0.0,
bursty_high_s24,2.0,selected_unchecked,120302,0.9999999999999432,0.9999999999999432,2.333333333332831,2.333333333332831,0.5233333333331741,0.5233333333331741,1.054886326472307,1.054886326472307,1.2106666666666457,1.2106666666666457,0.5999999999992554,0.5999999999992554,49327,49327,0,0,57,57,0,0.0,
bursty_high_s24,2.0,selected_unchecked,120303,1.40000000000002,1.40000000000002,2.4666666666666828,2.4666666666666828,0.5316666666664974,0.5316666666664974,1.0606651667596347,1.0606651667596347,1.2740740740740744,1.2740740740740744,0.799999999999244,0.799999999999244,48329,48329,0,0,70,70,0,0.0,
bursty_high_s24,2.0,selected_unchecked,120304,0.9333333333333655,0.9333333333333655,2.333333333333144,2.333333333333144,0.48999999999983335,0.48999999999983335,1.0450658859865674,1.0450658859865674,1.166666666666675,1.166666666666675,0.39999999999932356,0.39999999999932356,48877,48877,0,0,55,55,0,0.0,
bursty_high_s24,2.0,selected_unchecked,120305,1.2666666666657136,1.2666666666657136,2.400000000000027,2.400000000000027,0.5466666666664959,0.5466666666664959,1.0686287444473124,1.0686287444473124,1.2613333333333208,1.2613333333333208,4.866666666666077,4.866666666666077,48318,48318,0,0,77,77,0,0.0,
bursty_high_s24,2.0,selected_unchecked,120306,0.9999999999998863,0.9999999999998863,1.866666666665708,1.866666666665708,0.5249999999998319,0.5249999999998319,1.0481276924250227,1.0481276924250227,1.1599999999999908,1.1599999999999908,1.86666666666585,1.86666666666585,49155,49155,0,0,67,67,0,0.0,
bursty_high_s24,2.0,selected_unchecked,120307,1.2666666666667226,1.2666666666667226,2.1333333333333613,2.1333333333333613,0.5633333333331675,0.5633333333331675,1.0572760951676174,1.0572760951676174,1.2,1.2,0.599999999999369,0.599999999999369,48658,48658,0,0,71,71,0,0.0,
bursty_high_s24,2.0,selected_unchecked,120308,1.3999999999998067,1.3999999999998067,2.400000000000027,2.400000000000027,0.5233333333331608,0.5233333333331608,1.0539128784285379,1.0539128784285379,1.1800000000000055,1.1800000000000055,0.46666666666587275,0.46666666666587275,48601,48601,0,0,69,69,0,0.0,
bursty_high_s24,2.0,selected_unchecked,120309,0.9999999999997442,0.9999999999997442,2.0666666666666913,2.0666666666666913,0.5449999999998277,0.5449999999998277,1.0596736467775913,1.0596736467775913,1.2000000000000064,1.2000000000000064,0.7999999999992724,0.7999999999992724,48689,48689,0,0,73,73,0,0.0,
bursty_high_s24,2.0,selected_unchecked,120310,1.3333333333333854,1.3333333333333854,2.199999999999079,2.199999999999079,0.5458333333331677,0.5458333333331677,1.0574426964414345,1.0574426964414345,1.2333333333331993,1.2333333333331993,0.46666666666584433,0.46666666666584433,47764,47764,0,0,79,79,0,0.0,
bursty_high_s24,2.0,selected_unchecked,120311,1.9333333333333513,1.9333333333333513,2.333333333333357,2.333333333333357,0.6383333333331639,0.6383333333331639,1.0776398457462097,1.0776398457462097,1.3208333333333337,1.3208333333333337,0.3999999999992667,0.3999999999992667,47406,47406,0,0,78,78,0,0.0,
bursty_high_s24,2.0,selected_unchecked,120312,1.0666666666656397,1.0666666666656397,1.8666666666666885,1.8666666666666885,0.5133333333331733,0.5133333333331733,1.0543994729675652,1.0543994729675652,1.2173913043478255,1.2173913043478255,0.7999999999993008,0.7999999999993008,48169,48169,0,0,74,74,0,0.0,
bursty_high_s24,2.0,selected_unchecked,120313,1.2000000000000313,1.2000000000000313,2.466666666666697,2.466666666666697,0.5274999999998268,0.5274999999998268,1.0635722567527115,1.0635722567527115,1.223809523809505,1.223809523809505,0.39999999999929514,0.39999999999929514,48578,48578,0,0,66,66,0,0.0,
bursty_high_s24,2.0,selected_unchecked,120314,0.9333333333333655,0.9333333333333655,2.26666666666668,2.26666666666668,0.5024999999998288,0.5024999999998288,1.04652115878432,1.04652115878432,1.1622222222221998,1.1622222222221998,0.9333333333324845,0.9333333333324845,49339,49339,0,0,53,53,0,0.0,
bursty_high_s24,2.0,selected_unchecked,120315,2.200000000000017,2.199999999999932,6.599999999999881,6.599999999999852,0.7466666666665069,0.7791666666665067,1.0985709230899616,1.1035408815504189,1.4280701754385932,1.4499999999998465,0.5999999999992838,2.1999999999993065,46649,46813,0,4,102,102,1,0.1,1.0
bursty_high_s24,2.0,selected_unchecked,120316,1.1333333333328994,1.1333333333328994,2.6000000000000654,2.6000000000000654,0.5458333333331687,0.5458333333331687,1.0645448878976596,1.0645448878976596,1.2363636363636255,1.2363636363636255,0.9999999999992895,0.9999999999992895,47830,47830,0,0,83,83,0,0.0,
bursty_high_s24,2.0,selected_unchecked,120317,1.1333333333329279,1.1333333333329279,1.999999999999062,1.999999999999062,0.5074999999998316,0.5074999999998316,1.059722465804136,1.059722465804136,1.2333333333333378,1.2333333333333378,0.06666666666598076,0.06666666666598076,48199,48199,0,0,72,72,0,0.0,
bursty_high_s24,2.0,selected_unchecked,120318,1.9333333333331666,1.9333333333331666,4.666666666666458,4.666666666666458,0.6383333333331762,0.6383333333331762,1.0769762327965133,1.0769762327965133,1.245977011494258,1.245977011494258,0.5333333333325072,0.5333333333325072,48175,48175,0,0,76,76,0,0.0,
bursty_high_s24,2.0,selected_unchecked,120319,1.7333333333333485,1.7333333333333485,2.466666666665674,2.466666666665674,0.5883333333331657,0.5883333333331657,1.0673966898602145,1.0673966898602145,1.3111111111110856,1.3111111111110856,2.2666666666659125,2.2666666666659125,48863,48863,0,0,81,81,0,0.0,
bursty_high_s24,2.0,selected_unchecked,120320,0.9333333333334082,0.9333333333334082,1.7999999999991587,1.7999999999991587,0.5058333333331778,0.5058333333331778,1.047012716259381,1.047012716259381,1.1649122807017436,1.1649122807017436,1.066666666665924,1.066666666665924,48727,48727,0,0,49,49,0,0.0,
bursty_high_s24,2.0,selected_unchecked,120321,1.1999999999990791,1.1999999999990791,2.199999999999875,2.199999999999875,0.5483333333331688,0.5483333333331688,1.0647774549900413,1.0647774549900413,1.2333333333333334,1.2333333333333334,0.13333333333267205,0.13333333333267205,48537,48537,0,0,72,72,0,0.0,
bursty_high_s24,2.0,selected_unchecked,120322,1.1333333333333613,1.1333333333333613,2.1999999999997897,2.1999999999997897,0.5299999999998358,0.5299999999998358,1.0594099157547876,1.0594099157547876,1.2444444444444447,1.2444444444444447,2.666666666665833,2.666666666665833,48479,48479,0,0,76,76,0,0.0,
bursty_high_s24,2.0,selected_unchecked,120323,0.9999999999996021,0.9999999999996021,2.3999999999998636,2.3999999999998636,0.5391666666665069,0.5391666666665069,1.0803227035572354,1.0803227035572354,1.386666666666668,1.386666666666668,1.8666666666659637,1.8666666666659637,48284,48284,0,0,75,75,0,0.0,
bursty_high_s24,2.0,selected_unchecked,120324,1.1333333333333613,1.1333333333333613,2.40000000000002,2.40000000000002,0.5108333333331614,0.5108333333331614,1.0559717217131535,1.0559717217131535,1.2313725490196124,1.2313725490196124,4.533333333332564,4.533333333332564,49057,49057,0,0,77,77,0,0.0,
bursty_high_s24,2.0,selected_unchecked,120325,0.9333333333334224,0.9333333333334224,1.7333333333331495,1.7333333333331495,0.5233333333331702,0.5233333333331702,1.0570565016826297,1.0570565016826297,1.1944444444444458,1.1944444444444458,0.5999999999992554,0.5999999999992554,49259,49259,0,0,63,63,0,0.0,
bursty_high_s24,2.0,selected_unchecked,120326,0.9999999999995737,0.9999999999995737,2.60000000000003,2.60000000000003,0.5183333333331611,0.5183333333331611,1.0505600117434253,1.0505600117434253,1.2000000000000013,1.2000000000000013,0.06666666666586707,0.06666666666586707,48835,48835,0,0,63,63,0,0.0,
bursty_high_s24,2.0,selected_unchecked,120327,1.6666666666666998,1.6666666666666998,2.266666666666694,2.266666666666694,0.557499999999834,0.557499999999834,1.0637099303440187,1.0637099303440187,1.2092592592592588,1.2092592592592588,0.1999999999993065,0.1999999999993065,48224,48224,0,0,71,71,0,0.0,
bursty_high_s24,2.0,selected_unchecked,120328,1.333333333332746,1.333333333332746,2.4666666666663843,2.4666666666663843,0.5466666666665007,0.5466666666665007,1.06024598550239,1.06024598550239,1.2238095238095252,1.2238095238095252,0.666666666665833,0.666666666665833,48052,48052,0,0,70,70,0,0.0,
bursty_high_s24,2.0,selected_unchecked,120329,0.9999999999994316,0.9999999999994316,2.1333333333324163,2.1333333333324163,0.5374999999998287,0.5374999999998287,1.0485680039757461,1.0485680039757461,1.166666666666666,1.166666666666666,2.133333333332587,2.133333333332587,48549,48549,0,0,69,69,0,0.0,
bursty_high_s24,2.0,original_q2_a0.8_or_unchecked,120300,2.0000000000000497,1.7999999999991019,3.133333333332388,2.7333333333333485,0.6091666666665009,0.5991666666665002,1.0831933378912675,1.0845388694361755,1.3380952380951763,1.4000000000000044,6.666666666665947,4.066666666665924,48940,49418,0,28,74,71,11,0.5,1.0
bursty_high_s24,2.0,original_q2_a0.8_or_unchecked,120301,1.1333333333333613,1.5333333333333599,2.3333333333333712,2.60000000000003,0.5324999999998392,0.577499999999837,1.0650957358097268,1.0585323412629193,1.2380952380952084,1.2044444444444444,0.1333333333325868,0.3333333333325754,48056,48712,0,28,77,82,13,0.5,1.0
bursty_high_s24,2.0,original_q2_a0.8_or_unchecked,120302,0.9999999999999432,0.9999999999997726,2.333333333332831,2.6666666666658045,0.5233333333331741,0.502499999999841,1.054886326472307,1.051423115806549,1.2106666666666457,1.1561904761904753,0.5999999999992554,0.799999999999244,49327,49976,0,24,57,60,10,0.5,1.0
bursty_high_s24,2.0,original_q2_a0.8_or_unchecked,120303,1.40000000000002,1.40000000000002,2.4666666666666828,2.5333333333323935,0.5316666666664974,0.5608333333331665,1.0606651667596347,1.0675016981628551,1.2740740740740744,1.2740740740740744,0.799999999999244,0.19999999999922125,48329,48900,0,16,70,75,5,0.3,1.0
bursty_high_s24,2.0,original_q2_a0.8_or_unchecked,120304,0.9333333333333655,0.9999999999990905,2.333333333333144,2.333333333333144,0.48999999999983335,0.499999999999833,1.0450658859865674,1.0491324105940667,1.166666666666675,1.1833333333333425,0.39999999999932356,0.5999999999993122,48877,49527,0,20,55,57,9,0.5,1.0
bursty_high_s24,2.0,original_q2_a0.8_or_unchecked,120305,1.2666666666657136,1.6000000000000298,2.400000000000027,2.533333333333374,0.5466666666664959,0.5583333333331634,1.0686287444473124,1.0694365829476797,1.2613333333333208,1.2613333333333208,4.866666666666077,4.866666666666077,48318,49542,0,36,77,78,12,0.7,1.0
bursty_high_s24,2.0,original_q2_a0.8_or_unchecked,120306,0.9999999999998863,0.9999999999997726,1.866666666665708,1.9333333333323992,0.5249999999998319,0.5241666666664972,1.0481276924250227,1.048265283883512,1.1599999999999908,1.1666666666666217,1.86666666666585,1.6666666666658614,49155,49774,0,20,67,68,9,0.4,1.0
bursty_high_s24,2.0,original_q2_a0.8_or_unchecked,120307,1.2666666666667226,1.2666666666667226,2.1333333333333613,2.1333333333333613,0.5633333333331675,0.5633333333331675,1.0572760951676174,1.0572760951676174,1.2,1.2,0.599999999999369,0.599999999999369,48658,49398,0,20,71,71,10,0.5,1.0
bursty_high_s24,2.0,original_q2_a0.8_or_unchecked,120308,1.3999999999998067,1.400000000000027,2.400000000000027,2.46666666666669,0.5233333333331608,0.5691666666664938,1.0539128784285379,1.0585823300025647,1.1800000000000055,1.1964912280701523,0.46666666666587275,0.06666666666581023,48601,49531,0,32,69,73,11,0.7,1.0
bursty_high_s24,2.0,original_q2_a0.8_or_unchecked,120309,0.9999999999997442,1.0666666666659523,2.0666666666666913,2.399999999999295,0.5449999999998277,0.5391666666664966,1.0596736467775913,1.0592613947907017,1.2000000000000064,1.1851851851851858,0.7999999999992724,0.7999999999993008,48689,49398,0,28,73,73,10,0.4,1.0
bursty_high_s24,2.0,original_q2_a0.8_or_unchecked,120310,1.3333333333333854,1.400000000000034,2.199999999999079,2.60000000000003,0.5458333333331677,0.5683333333331663,1.0574426964414345,1.0646869877374403,1.2333333333331993,1.2511111111111128,0.46666666666584433,1.8666666666659069,47764,49062,0,36,79,88,14,0.6,1.0
bursty_high_s24,2.0,original_q2_a0.8_or_unchecked,120311,1.9333333333333513,1.6666666666666856,2.333333333333357,2.6666666666667,0.6383333333331639,0.5899999999998294,1.0776398457462097,1.0642711907821132,1.3208333333333337,1.259770114942529,0.3999999999992667,0.3999999999992383,47406,48809,0,24,78,81,12,0.4,1.0
bursty_high_s24,2.0,original_q2_a0.8_or_unchecked,120312,1.0666666666656397,1.0666666666656397,1.8666666666666885,1.8666666666666885,0.5133333333331733,0.5133333333331733,1.0543994729675652,1.0543994729675652,1.2173913043478255,1.2173913043478255,0.7999999999993008,0.7999999999993008,48169,48909,0,20,74,74,6,0.4,1.0
bursty_high_s24,2.0,original_q2_a0.8_or_unchecked,120313,1.2000000000000313,1.533333333333374,2.466666666666697,2.3999999999995225,0.5274999999998268,0.5499999999998284,1.0635722567527115,1.066423438309492,1.223809523809505,1.2312499999999995,0.39999999999929514,1.1999999999993918,48578,49232,0,20,66,71,10,0.5,1.0
bursty_high_s24,2.0,original_q2_a0.8_or_unchecked,120314,0.9333333333333655,0.9333333333333655,2.26666666666668,2.26666666666668,0.5024999999998288,0.5024999999998288,1.04652115878432,1.04652115878432,1.1622222222221998,1.1622222222221998,0.9333333333324845,0.9333333333324845,49339,50227,0,24,53,53,7,0.5,1.0
bursty_high_s24,2.0,original_q2_a0.8_or_unchecked,120315,2.200000000000017,1.9333333333333513,6.599999999999881,5.733333333333206,0.7466666666665069,0.7133333333331725,1.0985709230899616,1.116394359402256,1.4280701754385932,1.4596491228070123,0.5999999999992838,0.7999999999993292,46649,47545,0,24,102,107,12,0.5,1.0
bursty_high_s24,2.0,original_q2_a0.8_or_unchecked,120316,1.1333333333328994,1.3999999999990962,2.6000000000000654,2.466666666666498,0.5458333333331687,0.5424999999998357,1.0645448878976596,1.0586339230506383,1.2363636363636255,1.2459770114942519,0.9999999999992895,0.5999999999992838,47830,48963,0,32,83,83,14,0.6,1.0
bursty_high_s24,2.0,original_q2_a0.8_or_unchecked,120317,1.1333333333329279,1.1333333333333542,1.999999999999062,2.066666666666407,0.5074999999998316,0.5266666666664982,1.059722465804136,1.061015756606312,1.2333333333333378,1.2266666666666708,0.06666666666598076,0.8666666666659069,48199,48889,0,24,72,73,7,0.4,1.0
bursty_high_s24,2.0,original_q2_a0.8_or_unchecked,120318,1.9333333333331666,1.9333333333331666,4.666666666666458,4.666666666666458,0.6383333333331762,0.6383333333331762,1.0769762327965133,1.0769762327965133,1.245977011494258,1.245977011494258,0.5333333333325072,0.5333333333325072,48175,49211,0,28,76,76,12,0.6,1.0
bursty_high_s24,2.0,original_q2_a0.8_or_unchecked,120319,1.7333333333333485,1.6666666666666998,2.466666666665674,2.200000000000024,0.5883333333331657,0.5691666666664997,1.0673966898602145,1.065492919729279,1.3111111111110856,1.2666666666666586,2.2666666666659125,4.066666666665981,48863,49512,0,32,81,83,16,0.4,1.0
bursty_high_s24,2.0,original_q2_a0.8_or_unchecked,120320,0.9333333333334082,0.9333333333334082,1.7999999999991587,1.7999999999991587,0.5058333333331778,0.5058333333331778,1.047012716259381,1.047012716259381,1.1649122807017436,1.1649122807017436,1.066666666665924,1.066666666665924,48727,49171,0,12,49,49,4,0.2,1.0
bursty_high_s24,2.0,original_q2_a0.8_or_unchecked,120321,1.1999999999990791,1.0000000000000213,2.199999999999875,2.1333333333324163,0.5483333333331688,0.5224999999998372,1.0647774549900413,1.0535071458173417,1.2333333333333334,1.186666666666666,0.13333333333267205,0.13333333333270048,48537,49673,0,28,72,76,11,0.6,1.0
bursty_high_s24,2.0,original_q2_a0.8_or_unchecked,120322,1.1333333333333613,1.1333333333333613,2.1999999999997897,2.1999999999997897,0.5299999999998358,0.5299999999998358,1.0594099157547876,1.0594099157547876,1.2444444444444447,1.2444444444444447,2.666666666665833,2.666666666665833,48479,49367,0,24,76,77,8,0.4,1.0
bursty_high_s24,2.0,original_q2_a0.8_or_unchecked,120323,0.9999999999996021,1.7333333333329222,2.3999999999998636,2.5333333333327346,0.5391666666665069,0.5691666666665073,1.0803227035572354,1.0694589790669158,1.386666666666668,1.260215053763445,1.8666666666659637,0.86666666666585,48284,49778,0,36,75,77,13,0.7,1.0
bursty_high_s24,2.0,original_q2_a0.8_or_unchecked,120324,1.1333333333333613,1.2000000000000455,2.40000000000002,2.333333333333144,0.5108333333331614,0.5424999999998266,1.0559717217131535,1.0581578113098968,1.2313725490196124,1.2333333333333378,4.533333333332564,4.133333333332615,49057,49616,0,24,77,74,8,0.5,1.0
bursty_high_s24,2.0,original_q2_a0.8_or_unchecked,120325,0.9333333333334224,0.9999999999992895,1.7333333333331495,1.5999999999992838,0.5233333333331702,0.5116666666665025,1.0570565016826297,1.0573437537721975,1.1944444444444458,1.20000000000001,0.5999999999992554,0.9999999999992326,49259,50487,0,36,63,63,12,0.6,1.0
bursty_high_s24,2.0,original_q2_a0.8_or_unchecked,120326,0.9999999999995737,1.199999999999335,2.60000000000003,2.60000000000003,0.5183333333331611,0.5508333333331621,1.0505600117434253,1.0661713519376406,1.2000000000000013,1.2666666666666697,0.06666666666586707,2.0666666666658102,48835,50207,0,32,63,70,14,0.6,1.0
bursty_high_s24,2.0,original_q2_a0.8_or_unchecked,120327,1.6666666666666998,1.0000000000000284,2.266666666666694,1.8666666666659921,0.557499999999834,0.5299999999998353,1.0637099303440187,1.0542854229929608,1.2092592592592588,1.1968253968253695,0.1999999999993065,0.7999999999993008,48224,49531,0,28,71,70,13,0.6,1.0
bursty_high_s24,2.0,original_q2_a0.8_or_unchecked,120328,1.333333333332746,1.399999999999551,2.4666666666663843,2.599999999999369,0.5466666666665007,0.5649999999998344,1.06024598550239,1.0566502229723531,1.2238095238095252,1.2037037037037035,0.666666666665833,0.06666666666586707,48052,49511,0,32,70,73,11,0.7,1.0
bursty_high_s24,2.0,original_q2_a0.8_or_unchecked,120329,0.9999999999994316,1.1999999999993065,2.1333333333324163,2.133333333332388,0.5374999999998287,0.5399999999998285,1.0485680039757461,1.046658091035148,1.166666666666666,1.1607843137254914,2.133333333332587,4.133333333332672,48549,49812,0,20,69,68,8,0.5,1.0
bursty_high_s24,2.0,runner_up_checked,120300,2.0000000000000497,2.0000000000000497,3.133333333332388,3.133333333332388,0.6091666666665009,0.6091666666665009,1.0831933378912675,1.0831933378912675,1.3380952380951763,1.3380952380951763,6.666666666665947,6.666666666665947,48940,48940,0,0,74,74,0,0.0,
bursty_high_s24,2.0,runner_up_checked,120301,1.1333333333333613,1.1333333333333613,2.3333333333333712,2.3333333333333712,0.5324999999998392,0.5324999999998392,1.0650957358097268,1.0650957358097268,1.2380952380952084,1.2380952380952084,0.1333333333325868,0.1333333333325868,48056,48056,0,0,77,77,0,0.0,
bursty_high_s24,2.0,runner_up_checked,120302,0.9999999999999432,0.9999999999999432,2.333333333332831,2.333333333332831,0.5233333333331741,0.5233333333331741,1.054886326472307,1.054886326472307,1.2106666666666457,1.2106666666666457,0.5999999999992554,0.5999999999992554,49327,49327,0,0,57,57,0,0.0,
bursty_high_s24,2.0,runner_up_checked,120303,1.40000000000002,1.40000000000002,2.4666666666666828,2.4666666666666828,0.5316666666664974,0.5316666666664974,1.0606651667596347,1.0606651667596347,1.2740740740740744,1.2740740740740744,0.799999999999244,0.799999999999244,48329,48329,0,0,70,70,0,0.0,
bursty_high_s24,2.0,runner_up_checked,120304,0.9333333333333655,0.9333333333333655,2.333333333333144,2.333333333333144,0.48999999999983335,0.48999999999983335,1.0450658859865674,1.0450658859865674,1.166666666666675,1.166666666666675,0.39999999999932356,0.39999999999932356,48877,48877,0,0,55,55,0,0.0,
bursty_high_s24,2.0,runner_up_checked,120305,1.2666666666657136,1.2666666666657136,2.400000000000027,2.400000000000027,0.5466666666664959,0.5466666666664959,1.0686287444473124,1.0686287444473124,1.2613333333333208,1.2613333333333208,4.866666666666077,4.866666666666077,48318,48318,0,0,77,77,0,0.0,
bursty_high_s24,2.0,runner_up_checked,120306,0.9999999999998863,0.9999999999998863,1.866666666665708,1.866666666665708,0.5249999999998319,0.5249999999998319,1.0481276924250227,1.0481276924250227,1.1599999999999908,1.1599999999999908,1.86666666666585,1.86666666666585,49155,49155,0,0,67,67,0,0.0,
bursty_high_s24,2.0,runner_up_checked,120307,1.2666666666667226,1.2666666666667226,2.1333333333333613,2.1333333333333613,0.5633333333331675,0.5633333333331675,1.0572760951676174,1.0572760951676174,1.2,1.2,0.599999999999369,0.599999999999369,48658,48658,0,0,71,71,0,0.0,
bursty_high_s24,2.0,runner_up_checked,120308,1.3999999999998067,1.3999999999998067,2.400000000000027,2.400000000000027,0.5233333333331608,0.5233333333331608,1.0539128784285379,1.0539128784285379,1.1800000000000055,1.1800000000000055,0.46666666666587275,0.46666666666587275,48601,48601,0,0,69,69,0,0.0,
bursty_high_s24,2.0,runner_up_checked,120309,0.9999999999997442,0.9999999999997442,2.0666666666666913,2.0666666666666913,0.5449999999998277,0.5449999999998277,1.0596736467775913,1.0596736467775913,1.2000000000000064,1.2000000000000064,0.7999999999992724,0.7999999999992724,48689,48689,0,0,73,73,0,0.0,
bursty_high_s24,2.0,runner_up_checked,120310,1.3333333333333854,1.3333333333333854,2.199999999999079,2.199999999999079,0.5458333333331677,0.5458333333331677,1.0574426964414345,1.0574426964414345,1.2333333333331993,1.2333333333331993,0.46666666666584433,0.46666666666584433,47764,47764,0,0,79,79,0,0.0,
bursty_high_s24,2.0,runner_up_checked,120311,1.9333333333333513,1.9333333333333513,2.333333333333357,2.333333333333357,0.6383333333331639,0.6383333333331639,1.0776398457462097,1.0776398457462097,1.3208333333333337,1.3208333333333337,0.3999999999992667,0.3999999999992667,47406,47406,0,0,78,78,0,0.0,
bursty_high_s24,2.0,runner_up_checked,120312,1.0666666666656397,1.0666666666656397,1.8666666666666885,1.8666666666666885,0.5133333333331733,0.5133333333331733,1.0543994729675652,1.0543994729675652,1.2173913043478255,1.2173913043478255,0.7999999999993008,0.7999999999993008,48169,48169,0,0,74,74,0,0.0,
bursty_high_s24,2.0,runner_up_checked,120313,1.2000000000000313,1.2000000000000313,2.466666666666697,2.466666666666697,0.5274999999998268,0.5274999999998268,1.0635722567527115,1.0635722567527115,1.223809523809505,1.223809523809505,0.39999999999929514,0.39999999999929514,48578,48578,0,0,66,66,0,0.0,
bursty_high_s24,2.0,runner_up_checked,120314,0.9333333333333655,0.9333333333333655,2.26666666666668,2.26666666666668,0.5024999999998288,0.5024999999998288,1.04652115878432,1.04652115878432,1.1622222222221998,1.1622222222221998,0.9333333333324845,0.9333333333324845,49339,49339,0,0,53,53,0,0.0,
bursty_high_s24,2.0,runner_up_checked,120315,2.200000000000017,2.200000000000017,6.599999999999881,6.599999999999881,0.7466666666665069,0.7466666666665069,1.0985709230899616,1.0985709230899616,1.4280701754385932,1.4280701754385932,0.5999999999992838,0.5999999999992838,46649,46649,0,0,102,102,1,0.1,1.0
bursty_high_s24,2.0,runner_up_checked,120316,1.1333333333328994,1.1333333333328994,2.6000000000000654,2.6000000000000654,0.5458333333331687,0.5458333333331687,1.0645448878976596,1.0645448878976596,1.2363636363636255,1.2363636363636255,0.9999999999992895,0.9999999999992895,47830,47830,0,0,83,83,0,0.0,
bursty_high_s24,2.0,runner_up_checked,120317,1.1333333333329279,1.1333333333329279,1.999999999999062,1.999999999999062,0.5074999999998316,0.5074999999998316,1.059722465804136,1.059722465804136,1.2333333333333378,1.2333333333333378,0.06666666666598076,0.06666666666598076,48199,48199,0,0,72,72,0,0.0,
bursty_high_s24,2.0,runner_up_checked,120318,1.9333333333331666,1.9333333333331666,4.666666666666458,4.666666666666458,0.6383333333331762,0.6383333333331762,1.0769762327965133,1.0769762327965133,1.245977011494258,1.245977011494258,0.5333333333325072,0.5333333333325072,48175,48175,0,0,76,76,0,0.0,
bursty_high_s24,2.0,runner_up_checked,120319,1.7333333333333485,1.7333333333333485,2.466666666665674,2.466666666665674,0.5883333333331657,0.5883333333331657,1.0673966898602145,1.0673966898602145,1.3111111111110856,1.3111111111110856,2.2666666666659125,2.2666666666659125,48863,48863,0,0,81,81,0,0.0,
bursty_high_s24,2.0,runner_up_checked,120320,0.9333333333334082,0.9333333333334082,1.7999999999991587,1.7999999999991587,0.5058333333331778,0.5058333333331778,1.047012716259381,1.047012716259381,1.1649122807017436,1.1649122807017436,1.066666666665924,1.066666666665924,48727,48727,0,0,49,49,0,0.0,
bursty_high_s24,2.0,runner_up_checked,120321,1.1999999999990791,1.1999999999990791,2.199999999999875,2.199999999999875,0.5483333333331688,0.5483333333331688,1.0647774549900413,1.0647774549900413,1.2333333333333334,1.2333333333333334,0.13333333333267205,0.13333333333267205,48537,48537,0,0,72,72,0,0.0,
bursty_high_s24,2.0,runner_up_checked,120322,1.1333333333333613,1.1333333333333613,2.1999999999997897,2.1999999999997897,0.5299999999998358,0.5299999999998358,1.0594099157547876,1.0594099157547876,1.2444444444444447,1.2444444444444447,2.666666666665833,2.666666666665833,48479,48479,0,0,76,76,0,0.0,
bursty_high_s24,2.0,runner_up_checked,120323,0.9999999999996021,0.9999999999996021,2.3999999999998636,2.3999999999998636,0.5391666666665069,0.5391666666665069,1.0803227035572354,1.0803227035572354,1.386666666666668,1.386666666666668,1.8666666666659637,1.8666666666659637,48284,48284,0,0,75,75,0,0.0,
bursty_high_s24,2.0,runner_up_checked,120324,1.1333333333333613,1.1333333333333613,2.40000000000002,2.40000000000002,0.5108333333331614,0.5108333333331614,1.0559717217131535,1.0559717217131535,1.2313725490196124,1.2313725490196124,4.533333333332564,4.533333333332564,49057,49057,0,0,77,77,0,0.0,
bursty_high_s24,2.0,runner_up_checked,120325,0.9333333333334224,0.9333333333334224,1.7333333333331495,1.7333333333331495,0.5233333333331702,0.5233333333331702,1.0570565016826297,1.0570565016826297,1.1944444444444458,1.1944444444444458,0.5999999999992554,0.5999999999992554,49259,49259,0,0,63,63,0,0.0,
bursty_high_s24,2.0,runner_up_checked,120326,0.9999999999995737,0.9999999999995737,2.60000000000003,2.60000000000003,0.5183333333331611,0.5183333333331611,1.0505600117434253,1.0505600117434253,1.2000000000000013,1.2000000000000013,0.06666666666586707,0.06666666666586707,48835,48835,0,0,63,63,0,0.0,
bursty_high_s24,2.0,runner_up_checked,120327,1.6666666666666998,1.6666666666666998,2.266666666666694,2.266666666666694,0.557499999999834,0.557499999999834,1.0637099303440187,1.0637099303440187,1.2092592592592588,1.2092592592592588,0.1999999999993065,0.1999999999993065,48224,48224,0,0,71,71,0,0.0,
bursty_high_s24,2.0,runner_up_checked,120328,1.333333333332746,1.333333333332746,2.4666666666663843,2.4666666666663843,0.5466666666665007,0.5466666666665007,1.06024598550239,1.06024598550239,1.2238095238095252,1.2238095238095252,0.666666666665833,0.666666666665833,48052,48052,0,0,70,70,0,0.0,
bursty_high_s24,2.0,runner_up_checked,120329,0.9999999999994316,0.9999999999994316,2.1333333333324163,2.1333333333324163,0.5374999999998287,0.5374999999998287,1.0485680039757461,1.0485680039757461,1.166666666666666,1.166666666666666,2.133333333332587,2.133333333332587,48549,48549,0,0,69,69,0,0.0,
