workload,penalty,variant,seed,baseline_p95_wait,variant_p95_wait,baseline_p99_wait,variant_p99_wait,baseline_avg_wait,variant_avg_wait,baseline_avg_slowdown,variant_avg_slowdown,baseline_p95_slowdown,variant_p95_slowdown,baseline_makespan_excess,variant_makespan_excess,baseline_sched_cores_scanned,variant_sched_cores_scanned,baseline_burst_balance_levels_walked,variant_burst_balance_levels_walked,baseline_total_migrations,variant_total_migrations,detector_fires,recall,precision
rate3.0_s4,0.0,selected_gated,81400,5.933333333333678,5.933333333333678,7.133333333333439,7.133333333333439,2.420000000000059,2.420000000000059,1.7346281917458666,1.7346281917458666,2.7777777777777715,2.7777777777777715,13.999999999999432,13.999999999999432,40550,40550,0,0,27,27,0,0.0,
rate3.0_s4,0.0,selected_gated,81401,5.666666666666799,5.666666666666799,6.466666666666811,6.466666666666811,2.345000000000106,2.345000000000106,1.69880490973148,1.69880490973148,2.5454545454545423,2.5454545454545423,7.066666666666492,7.066666666666492,39790,39790,0,0,31,31,0,0.0,
rate3.0_s4,0.0,selected_gated,81402,5.466666666666669,5.466666666666669,7.133333333333439,7.133333333333439,2.50000000000005,2.50000000000005,1.7811436455976153,1.7811436455976153,2.8974358974359076,2.8974358974359076,1.6666666666662877,1.6666666666662877,39285,39285,0,0,25,25,0,0.0,
rate3.0_s4,0.0,selected_gated,81403,6.799999999999983,6.799999999999983,7.133333333333439,7.133333333333439,2.7400000000000393,2.7400000000000393,1.9871483418861917,1.9871483418861917,3.400000000000001,3.400000000000001,7.73333333333278,7.73333333333278,40208,40208,0,0,27,27,0,0.0,
rate3.0_s4,0.0,selected_gated,81404,6.13333333333361,6.13333333333361,7.466666666666669,7.466666666666669,2.4750000000001156,2.4750000000001156,1.6765823184674962,1.6765823184674962,2.5333333333333194,2.5333333333333194,10.199999999999363,10.199999999999363,40224,40224,0,0,28,28,0,0.0,
rate3.0_s4,0.0,selected_gated,81405,6.133333333333297,6.133333333333297,7.133333333333439,7.133333333333439,2.4850000000000567,2.4850000000000567,1.6490139663541534,1.6490139663541534,2.67407407407408,2.67407407407408,6.733333333331984,6.733333333331984,40521,40521,0,0,30,30,0,0.0,
rate3.0_s4,0.0,selected_gated,81406,6.799999999999983,6.799999999999983,7.133333333333439,7.133333333333439,2.510000000000095,2.510000000000095,1.7046951609938776,1.7046951609938776,2.7000000000000055,2.7000000000000055,14.999999999999432,14.999999999999432,41212,41212,0,0,27,27,0,0.0,
rate3.0_s4,0.0,selected_gated,81407,5.7999999999999545,5.7999999999999545,6.866666666666845,6.866666666666845,2.440000000000073,2.440000000000073,1.7565866327353301,1.7565866327353301,2.520000000000016,2.520000000000016,13.999999999999318,13.999999999999318,40392,40392,0,0,33,33,0,0.0,
rate3.0_s4,0.0,selected_gated,81408,5.933333333333508,5.933333333333508,7.46666666666664,7.46666666666664,2.6050000000000506,2.6050000000000506,1.7276095732829795,1.7276095732829795,2.493333333333328,2.493333333333328,15.19999999999925,15.19999999999925,40979,40979,0,0,32,32,0,0.0,
rate3.0_s4,0.0,selected_gated,81409,5.133333333333326,5.133333333333326,6.46666666666664,6.46666666666664,2.240000000000018,2.240000000000018,1.5540376746629336,1.5540376746629336,2.0952380952380927,2.0952380952380927,1.9999999999990905,1.9999999999990905,39588,39588,0,0,29,29,0,0.0,
rate3.0_s4,0.0,selected_gated,81410,5.133333333333326,5.133333333333326,7.0,7.0,2.2000000000000792,2.2000000000000792,1.6661058476422297,1.6661058476422297,2.3111111111111438,2.3111111111111438,2.1333333333327573,2.1333333333327573,40578,40578,0,0,26,26,0,0.0,
rate3.0_s4,0.0,selected_gated,81411,5.733333333333462,5.733333333333462,7.133333333333326,7.133333333333326,2.3900000000000676,2.3900000000000676,1.7416895518814197,1.7416895518814197,2.6999999999999695,2.6999999999999695,3.1999999999997044,3.1999999999997044,40364,40364,0,0,33,33,0,0.0,
rate3.0_s4,0.0,selected_gated,81412,6.46666666666664,6.46666666666664,8.333333333333314,8.333333333333314,2.370000000000012,2.370000000000012,1.6914187490249362,1.6914187490249362,2.566666666666688,2.566666666666688,14.066666666666151,14.066666666666151,40658,40658,0,0,37,37,0,0.0,
rate3.0_s4,0.0,selected_gated,81413,6.46666666666664,6.46666666666664,8.000000000000227,8.000000000000227,2.520000000000049,2.520000000000049,1.6565564238247508,1.6565564238247508,2.5000000000000084,2.5000000000000084,4.999999999999545,4.999999999999545,39540,39540,0,0,28,28,0,0.0,
rate3.0_s4,0.0,selected_gated,81414,5.133333333333439,5.133333333333439,7.333333333333371,7.333333333333371,2.390000000000057,2.390000000000057,1.6855454331004491,1.6855454331004491,2.6363636363636336,2.6363636363636336,8.399999999999181,8.399999999999181,40824,40824,0,0,29,29,0,0.0,
rate3.0_s4,0.0,selected_gated,81415,6.466666666666811,6.466666666666811,7.466666666666669,7.466666666666669,2.5150000000000956,2.5150000000000956,1.6985740436638266,1.6985740436638266,2.8666666666666742,2.8666666666666742,3.7999999999994998,3.7999999999994998,40487,40487,0,0,29,29,0,0.0,
rate3.0_s4,0.0,selected_gated,81416,6.133333333333496,6.133333333333496,7.466666666666754,7.466666666666754,2.570000000000046,2.570000000000046,1.7294804816862583,1.7294804816862583,2.577777777777797,2.577777777777797,7.999999999999545,7.999999999999545,40277,40277,0,0,26,26,0,0.0,
rate3.0_s4,0.0,selected_gated,81417,5.466666666666669,5.466666666666669,6.46666666666664,6.46666666666664,2.3000000000000584,2.3000000000000584,1.7519309400615644,1.7519309400615644,2.505555555555553,2.505555555555553,10.333333333332916,10.333333333332916,39459,39459,0,0,26,26,0,0.0,
rate3.0_s4,0.0,selected_gated,81418,6.133333333333496,6.133333333333496,7.0,7.0,2.3700000000000667,2.3700000000000667,1.6421650261836995,1.6421650261836995,2.7333333333333316,2.7333333333333316,8.199999999999477,8.199999999999477,40516,40516,0,0,25,25,0,0.0,
rate3.0_s4,0.0,selected_gated,81419,6.466666666666811,6.466666666666811,7.466666666666754,7.466666666666754,2.615000000000031,2.615000000000031,1.7019875797945236,1.7019875797945236,2.3644444444444503,2.3644444444444503,5.266666666666083,5.266666666666083,39475,39475,0,0,27,27,0,0.0,
rate3.0_s4,0.0,selected_gated,81420,5.133333333333439,5.133333333333439,6.799999999999983,6.799999999999983,2.1350000000000446,2.1350000000000446,1.6536343787840984,1.6536343787840984,2.2833333333333314,2.2833333333333314,12.666666666665947,12.666666666665947,40509,40509,0,0,28,28,0,0.0,
rate3.0_s4,0.0,selected_gated,81421,5.4666666666666615,5.4666666666666615,5.8666666666667595,5.8666666666667595,2.210000000000061,2.210000000000061,1.665073279978324,1.665073279978324,2.6033333333333446,2.6033333333333446,11.19999999999925,11.19999999999925,40709,40709,0,0,30,30,0,0.0,
rate3.0_s4,0.0,selected_gated,81422,5.133333333333439,5.133333333333439,7.466666666666754,7.466666666666754,2.3850000000000624,2.3850000000000624,1.7037438157521847,1.7037438157521847,2.9833333333333307,2.9833333333333307,19.59999999999934,19.59999999999934,40800,40800,0,0,26,26,0,0.0,
rate3.0_s4,0.0,selected_gated,81423,6.133333333333297,6.133333333333297,7.333333333333371,7.333333333333371,2.500000000000067,2.500000000000067,1.677400338877953,1.677400338877953,2.5000000000000093,2.5000000000000093,2.9999999999995453,2.9999999999995453,40155,40155,0,0,29,29,0,0.0,
rate3.0_s4,0.0,selected_gated,81424,5.4666666666666615,5.4666666666666615,7.466666666666754,7.466666666666754,2.4000000000000528,2.4000000000000528,1.692328000155881,1.692328000155881,2.654901960784293,2.654901960784293,12.599999999999454,12.599999999999454,40352,40352,0,0,32,32,0,0.0,
rate3.0_s4,0.0,selected_gated,81425,5.46666666666664,5.46666666666664,7.066666666666805,7.066666666666805,2.4750000000000716,2.4750000000000716,1.6577154819022415,1.6577154819022415,2.7333333333333343,2.7333333333333343,4.599999999999341,4.599999999999341,40553,40553,0,0,32,32,0,0.0,
rate3.0_s4,0.0,selected_gated,81426,7.333333333333371,7.333333333333371,8.333333333333314,8.333333333333314,2.7300000000000924,2.7300000000000924,1.7958151271145197,1.7958151271145197,3.233333333333377,3.233333333333377,8.19999999999959,8.19999999999959,40593,40593,0,0,28,28,0,0.0,
rate3.0_s4,0.0,selected_gated,81427,6.266666666666822,6.266666666666822,7.0,7.0,2.430000000000075,2.430000000000075,1.6373054253335961,1.6373054253335961,2.67017543859648,2.67017543859648,7.733333333332212,7.733333333332212,40378,40378,0,0,27,27,0,0.0,
rate3.0_s4,0.0,selected_gated,81428,5.133333333333326,5.133333333333326,6.133333333333496,6.133333333333496,2.2400000000000984,2.2400000000000984,1.6686148194958712,1.6686148194958712,2.5866666666666673,2.5866666666666673,26.06666666666581,26.06666666666581,41581,41581,0,0,24,24,0,0.0,
rate3.0_s4,0.0,selected_gated,81429,6.799999999999983,6.799999999999983,7.133333333333439,7.133333333333439,2.465000000000067,2.465000000000067,1.6595258456095627,1.6595258456095627,3.0888888888889006,3.0888888888889006,4.133333333333326,4.133333333333326,39947,39947,0,0,35,35,0,0.0,
rate3.0_s4,0.0,selected_ungated,81400,5.933333333333678,5.933333333333678,7.133333333333439,7.133333333333439,2.420000000000059,2.420000000000059,1.7346281917458666,1.7346281917458666,2.7777777777777715,2.7777777777777715,13.999999999999432,13.999999999999432,40550,40550,0,0,27,27,0,0.0,
rate3.0_s4,0.0,selected_ungated,81401,5.666666666666799,5.666666666666799,6.466666666666811,6.466666666666811,2.345000000000106,2.345000000000106,1.69880490973148,1.69880490973148,2.5454545454545423,2.5454545454545423,7.066666666666492,7.066666666666492,39790,39790,0,0,31,31,0,0.0,
rate3.0_s4,0.0,selected_ungated,81402,5.466666666666669,5.466666666666669,7.133333333333439,7.133333333333439,2.50000000000005,2.50000000000005,1.7811436455976153,1.7811436455976153,2.8974358974359076,2.8974358974359076,1.6666666666662877,1.6666666666662877,39285,39285,0,0,25,25,0,0.0,
rate3.0_s4,0.0,selected_ungated,81403,6.799999999999983,6.799999999999983,7.133333333333439,7.133333333333439,2.7400000000000393,2.7400000000000393,1.9871483418861917,1.9871483418861917,3.400000000000001,3.400000000000001,7.73333333333278,7.73333333333278,40208,40208,0,0,27,27,0,0.0,
rate3.0_s4,0.0,selected_ungated,81404,6.13333333333361,6.13333333333361,7.466666666666669,7.466666666666669,2.4750000000001156,2.4750000000001156,1.6765823184674962,1.6765823184674962,2.5333333333333194,2.5333333333333194,10.199999999999363,10.199999999999363,40224,40224,0,0,28,28,0,0.0,
rate3.0_s4,0.0,selected_ungated,81405,6.133333333333297,6.133333333333297,7.133333333333439,7.133333333333439,2.4850000000000567,2.4850000000000567,1.6490139663541534,1.6490139663541534,2.67407407407408,2.67407407407408,6.733333333331984,6.733333333331984,40521,40521,0,0,30,30,0,0.0,
rate3.0_s4,0.0,selected_ungated,81406,6.799999999999983,6.799999999999983,7.133333333333439,7.133333333333439,2.510000000000095,2.510000000000095,1.7046951609938776,1.7046951609938776,2.7000000000000055,2.7000000000000055,14.999999999999432,14.999999999999432,41212,41212,0,0,27,27,0,0.0,
rate3.0_s4,0.0,selected_ungated,81407,5.7999999999999545,5.7999999999999545,6.866666666666845,6.866666666666845,2.440000000000073,2.440000000000073,1.7565866327353301,1.7565866327353301,2.520000000000016,2.520000000000016,13.999999999999318,13.999999999999318,40392,40392,0,0,33,33,0,0.0,
rate3.0_s4,0.0,selected_ungated,81408,5.933333333333508,5.933333333333508,7.46666666666664,7.46666666666664,2.6050000000000506,2.6050000000000506,1.7276095732829795,1.7276095732829795,2.493333333333328,2.493333333333328,15.19999999999925,15.19999999999925,40979,40979,0,0,32,32,0,0.0,
rate3.0_s4,0.0,selected_ungated,81409,5.133333333333326,5.133333333333326,6.46666666666664,6.46666666666664,2.240000000000018,2.240000000000018,1.5540376746629336,1.5540376746629336,2.0952380952380927,2.0952380952380927,1.9999999999990905,1.9999999999990905,39588,39588,0,0,29,29,0,0.0,
rate3.0_s4,0.0,selected_ungated,81410,5.133333333333326,5.133333333333326,7.0,7.0,2.2000000000000792,2.2000000000000792,1.6661058476422297,1.6661058476422297,2.3111111111111438,2.3111111111111438,2.1333333333327573,2.1333333333327573,40578,40578,0,0,26,26,0,0.0,
rate3.0_s4,0.0,selected_ungated,81411,5.733333333333462,5.733333333333462,7.133333333333326,7.133333333333326,2.3900000000000676,2.3900000000000676,1.7416895518814197,1.7416895518814197,2.6999999999999695,2.6999999999999695,3.1999999999997044,3.1999999999997044,40364,40364,0,0,33,33,0,0.0,
rate3.0_s4,0.0,selected_ungated,81412,6.46666666666664,6.46666666666664,8.333333333333314,8.333333333333314,2.370000000000012,2.370000000000012,1.6914187490249362,1.6914187490249362,2.566666666666688,2.566666666666688,14.066666666666151,14.066666666666151,40658,40658,0,0,37,37,0,0.0,
rate3.0_s4,0.0,selected_ungated,81413,6.46666666666664,6.46666666666664,8.000000000000227,8.000000000000227,2.520000000000049,2.520000000000049,1.6565564238247508,1.6565564238247508,2.5000000000000084,2.5000000000000084,4.999999999999545,4.999999999999545,39540,39540,0,0,28,28,0,0.0,
rate3.0_s4,0.0,selected_ungated,81414,5.133333333333439,5.133333333333439,7.333333333333371,7.333333333333371,2.390000000000057,2.390000000000057,1.6855454331004491,1.6855454331004491,2.6363636363636336,2.6363636363636336,8.399999999999181,8.399999999999181,40824,40824,0,0,29,29,0,0.0,
rate3.0_s4,0.0,selected_ungated,81415,6.466666666666811,6.466666666666811,7.466666666666669,7.466666666666669,2.5150000000000956,2.5150000000000956,1.6985740436638266,1.6985740436638266,2.8666666666666742,2.8666666666666742,3.7999999999994998,3.7999999999994998,40487,40487,0,0,29,29,0,0.0,
rate3.0_s4,0.0,selected_ungated,81416,6.133333333333496,6.133333333333496,7.466666666666754,7.466666666666754,2.570000000000046,2.570000000000046,1.7294804816862583,1.7294804816862583,2.577777777777797,2.577777777777797,7.999999999999545,7.999999999999545,40277,40277,0,0,26,26,0,0.0,
rate3.0_s4,0.0,selected_ungated,81417,5.466666666666669,5.466666666666669,6.46666666666664,6.46666666666664,2.3000000000000584,2.3000000000000584,1.7519309400615644,1.7519309400615644,2.505555555555553,2.505555555555553,10.333333333332916,10.333333333332916,39459,39459,0,0,26,26,0,0.0,
rate3.0_s4,0.0,selected_ungated,81418,6.133333333333496,6.133333333333496,7.0,7.0,2.3700000000000667,2.3700000000000667,1.6421650261836995,1.6421650261836995,2.7333333333333316,2.7333333333333316,8.199999999999477,8.199999999999477,40516,40516,0,0,25,25,0,0.0,
rate3.0_s4,0.0,selected_ungated,81419,6.466666666666811,6.466666666666811,7.466666666666754,7.466666666666754,2.615000000000031,2.615000000000031,1.7019875797945236,1.7019875797945236,2.3644444444444503,2.3644444444444503,5.266666666666083,5.266666666666083,39475,39475,0,0,27,27,0,0.0,
rate3.0_s4,0.0,selected_ungated,81420,5.133333333333439,5.133333333333439,6.799999999999983,6.799999999999983,2.1350000000000446,2.1350000000000446,1.6536343787840984,1.6536343787840984,2.2833333333333314,2.2833333333333314,12.666666666665947,12.666666666665947,40509,40509,0,0,28,28,0,0.0,
rate3.0_s4,0.0,selected_ungated,81421,5.4666666666666615,5.4666666666666615,5.8666666666667595,5.8666666666667595,2.210000000000061,2.210000000000061,1.665073279978324,1.665073279978324,2.6033333333333446,2.6033333333333446,11.19999999999925,11.19999999999925,40709,40709,0,0,30,30,0,0.0,
rate3.0_s4,0.0,selected_ungated,81422,5.133333333333439,5.133333333333439,7.466666666666754,7.466666666666754,2.3850000000000624,2.3850000000000624,1.7037438157521847,1.7037438157521847,2.9833333333333307,2.9833333333333307,19.59999999999934,19.59999999999934,40800,40800,0,0,26,26,0,0.0,
rate3.0_s4,0.0,selected_ungated,81423,6.133333333333297,6.133333333333297,7.333333333333371,7.333333333333371,2.500000000000067,2.500000000000067,1.677400338877953,1.677400338877953,2.5000000000000093,2.5000000000000093,2.9999999999995453,2.9999999999995453,40155,40155,0,0,29,29,0,0.0,
rate3.0_s4,0.0,selected_ungated,81424,5.4666666666666615,5.4666666666666615,7.466666666666754,7.466666666666754,2.4000000000000528,2.4000000000000528,1.692328000155881,1.692328000155881,2.654901960784293,2.654901960784293,12.599999999999454,12.599999999999454,40352,40352,0,0,32,32,0,0.0,
rate3.0_s4,0.0,selected_ungated,81425,5.46666666666664,5.46666666666664,7.066666666666805,7.066666666666805,2.4750000000000716,2.4750000000000716,1.6577154819022415,1.6577154819022415,2.7333333333333343,2.7333333333333343,4.599999999999341,4.599999999999341,40553,40553,0,0,32,32,0,0.0,
rate3.0_s4,0.0,selected_ungated,81426,7.333333333333371,7.333333333333371,8.333333333333314,8.333333333333314,2.7300000000000924,2.7300000000000924,1.7958151271145197,1.7958151271145197,3.233333333333377,3.233333333333377,8.19999999999959,8.19999999999959,40593,40593,0,0,28,28,0,0.0,
rate3.0_s4,0.0,selected_ungated,81427,6.266666666666822,6.266666666666822,7.0,7.0,2.430000000000075,2.430000000000075,1.6373054253335961,1.6373054253335961,2.67017543859648,2.67017543859648,7.733333333332212,7.733333333332212,40378,40378,0,0,27,27,0,0.0,
rate3.0_s4,0.0,selected_ungated,81428,5.133333333333326,5.133333333333326,6.133333333333496,6.133333333333496,2.2400000000000984,2.2400000000000984,1.6686148194958712,1.6686148194958712,2.5866666666666673,2.5866666666666673,26.06666666666581,26.06666666666581,41581,41581,0,0,24,24,0,0.0,
rate3.0_s4,0.0,selected_ungated,81429,6.799999999999983,6.799999999999983,7.133333333333439,7.133333333333439,2.465000000000067,2.465000000000067,1.6595258456095627,1.6595258456095627,3.0888888888889006,3.0888888888889006,4.133333333333326,4.133333333333326,39947,39947,0,0,35,35,0,0.0,
rate3.0_s4,0.0,original_q2_a0.8_or_ungated,81400,5.933333333333678,4.133333333333326,7.133333333333439,4.46666666666664,2.420000000000059,1.625000000000026,1.7346281917458666,1.7353519497475722,2.7777777777777715,2.455555555555563,13.999999999999432,-3.410605131648481e-13,40550,40647,0,40,27,35,10,1.0,1.0
rate3.0_s4,0.0,original_q2_a0.8_or_ungated,81401,5.666666666666799,4.133333333333326,6.466666666666811,4.466666666666669,2.345000000000106,1.675000000000087,1.69880490973148,1.7647676906069574,2.5454545454545423,2.70000000000001,7.066666666666492,9.066666666666265,39790,41467,0,40,31,41,10,1.0,1.0
rate3.0_s4,0.0,original_q2_a0.8_or_ungated,81402,5.466666666666669,4.46666666666664,7.133333333333439,4.466666666666669,2.50000000000005,1.7200000000000688,1.7811436455976153,1.715249052962708,2.8974358974359076,2.733333333333327,1.6666666666662877,18.666666666666288,39285,41801,0,40,25,45,10,1.0,1.0
rate3.0_s4,0.0,original_q2_a0.8_or_ungated,81403,6.799999999999983,4.133333333333326,7.133333333333439,4.799999999999926,2.7400000000000393,1.6750000000000302,1.9871483418861917,1.7425506444080745,3.400000000000001,3.3166666666666678,7.73333333333278,1.3333333333329165,40208,41305,0,40,27,39,10,1.0,1.0
rate3.0_s4,0.0,original_q2_a0.8_or_ungated,81404,6.13333333333361,4.133333333333326,7.466666666666669,4.93333333333328,2.4750000000001156,1.7500000000000842,1.6765823184674962,1.6372569750666048,2.5333333333333194,2.816666666666663,10.199999999999363,7.399999999999409,40224,41768,0,40,28,45,10,1.0,1.0
rate3.0_s4,0.0,original_q2_a0.8_or_ungated,81405,6.133333333333297,4.133333333333326,7.133333333333439,4.600000000000136,2.4850000000000567,1.615000000000072,1.6490139663541534,1.6562519997738885,2.67407407407408,2.4833333333333343,6.733333333331984,26.33333333333246,40521,43183,0,40,30,43,10,1.0,1.0
rate3.0_s4,0.0,original_q2_a0.8_or_ungated,81406,6.799999999999983,4.4666666666666615,7.133333333333439,4.799999999999983,2.510000000000095,1.6950000000000602,1.7046951609938776,1.675942080903934,2.7000000000000055,2.600000000000006,14.999999999999432,11.999999999999318,41212,42280,0,40,27,38,10,1.0,1.0
rate3.0_s4,0.0,original_q2_a0.8_or_ungated,81407,5.7999999999999545,4.133333333333326,6.866666666666845,4.7999999999999545,2.440000000000073,1.705000000000057,1.7565866327353301,1.736106130441677,2.520000000000016,2.7878787878787534,13.999999999999318,14.999999999999204,40392,41733,0,40,33,37,10,1.0,1.0
rate3.0_s4,0.0,original_q2_a0.8_or_ungated,81408,5.933333333333508,4.133333333333326,7.46666666666664,4.4666666666666615,2.6050000000000506,1.800000000000053,1.7276095732829795,1.8958803367343318,2.493333333333328,2.733333333333326,15.19999999999925,30.39999999999884,40979,43256,0,40,32,39,10,1.0,1.0
rate3.0_s4,0.0,original_q2_a0.8_or_ungated,81409,5.133333333333326,4.200000000000159,6.46666666666664,4.93333333333328,2.240000000000018,1.6750000000000458,1.5540376746629336,1.5837806434266333,2.0952380952380927,2.163809523809537,1.9999999999990905,8.000000000000341,39588,41248,0,40,29,41,10,1.0,1.0
rate3.0_s4,0.0,original_q2_a0.8_or_ungated,81410,5.133333333333326,4.066666666667004,7.0,4.466666666666697,2.2000000000000792,1.585000000000107,1.6661058476422297,1.6358272757369232,2.3111111111111438,2.2333333333332916,2.1333333333327573,11.533333333332621,40578,42453,0,40,26,41,10,1.0,1.0
rate3.0_s4,0.0,original_q2_a0.8_or_ungated,81411,5.733333333333462,4.133333333333326,7.133333333333326,4.4666666666666615,2.3900000000000676,1.7150000000000811,1.7416895518814197,1.6710267165339148,2.6999999999999695,2.980000000000024,3.1999999999997044,4.599999999999568,40364,41894,0,40,33,42,10,1.0,1.0
rate3.0_s4,0.0,original_q2_a0.8_or_ungated,81412,6.46666666666664,4.133333333333326,8.333333333333314,4.46666666666664,2.370000000000012,1.5500000000000225,1.6914187490249362,1.5461549352452328,2.566666666666688,2.4444444444444193,14.066666666666151,14.866666666665651,40658,42078,0,40,37,42,10,1.0,1.0
rate3.0_s4,0.0,original_q2_a0.8_or_ungated,81413,6.46666666666664,4.133333333333326,8.000000000000227,4.7999999999999545,2.520000000000049,1.6550000000000584,1.6565564238247508,1.5971348382754407,2.5000000000000084,2.20987654320985,4.999999999999545,11.199999999999477,39540,41388,0,40,28,41,10,1.0,1.0
rate3.0_s4,0.0,original_q2_a0.8_or_ungated,81414,5.133333333333439,4.133333333333326,7.333333333333371,4.133333333333354,2.390000000000057,1.7500000000001055,1.6855454331004491,1.6891333568153528,2.6363636363636336,2.542857142857169,8.399999999999181,6.599999999999227,40824,42317,0,40,29,42,10,1.0,1.0
rate3.0_s4,0.0,original_q2_a0.8_or_ungated,81415,6.466666666666811,4.133333333333326,7.466666666666669,4.466666666666669,2.5150000000000956,1.5000000000000786,1.6985740436638266,1.5110774455476297,2.8666666666666742,2.4833333333333343,3.7999999999994998,2.7999999999994998,40487,41779,0,40,29,42,10,1.0,1.0
rate3.0_s4,0.0,original_q2_a0.8_or_ungated,81416,6.133333333333496,4.133333333333326,7.466666666666754,4.4666666666666615,2.570000000000046,1.6500000000000772,1.7294804816862583,1.6272715031026401,2.577777777777797,2.330000000000001,7.999999999999545,0.3999999999996362,40277,41356,0,40,26,41,10,1.0,1.0
rate3.0_s4,0.0,original_q2_a0.8_or_ungated,81417,5.466666666666669,4.133333333333326,6.46666666666664,4.466666666666669,2.3000000000000584,1.6850000000000709,1.7519309400615644,1.696510605019516,2.505555555555553,2.505555555555553,10.333333333332916,9.133333333332985,39459,40777,0,40,26,43,10,1.0,1.0
rate3.0_s4,0.0,original_q2_a0.8_or_ungated,81418,6.133333333333496,4.4666666666666615,7.0,4.799999999999983,2.3700000000000667,1.7150000000000656,1.6421650261836995,1.5548018504714174,2.7333333333333316,2.538461538461556,8.199999999999477,4.999999999999432,40516,41630,0,40,25,43,10,1.0,1.0
rate3.0_s4,0.0,original_q2_a0.8_or_ungated,81419,6.466666666666811,4.133333333333326,7.466666666666754,4.93333333333328,2.615000000000031,1.6600000000000552,1.7019875797945236,1.63943228532133,2.3644444444444503,2.2111111111110993,5.266666666666083,10.266666666665742,39475,41570,0,40,27,41,10,1.0,1.0
rate3.0_s4,0.0,original_q2_a0.8_or_ungated,81420,5.133333333333439,4.466666666666669,6.799999999999983,4.799999999999983,2.1350000000000446,1.7300000000000568,1.6536343787840984,1.6449332492462805,2.2833333333333314,2.3999999999999773,12.666666666665947,9.866666666665992,40509,41770,0,40,28,41,10,1.0,1.0
rate3.0_s4,0.0,original_q2_a0.8_or_ungated,81421,5.4666666666666615,4.266666666666879,5.8666666666667595,4.466666666666669,2.210000000000061,1.7700000000000944,1.665073279978324,1.6548310129662647,2.6033333333333446,2.573333333333346,11.19999999999925,13.999999999999204,40709,42258,0,40,30,42,10,1.0,1.0
rate3.0_s4,0.0,original_q2_a0.8_or_ungated,81422,5.133333333333439,4.133333333333326,7.466666666666754,4.799999999999983,2.3850000000000624,1.6350000000000695,1.7037438157521847,1.6590546134468152,2.9833333333333307,2.7333333333333307,19.59999999999934,26.7999999999995,40800,42471,0,40,26,42,10,1.0,1.0
rate3.0_s4,0.0,original_q2_a0.8_or_ungated,81423,6.133333333333297,3.133333333333894,7.333333333333371,4.4666666666666615,2.500000000000067,1.4900000000001126,1.677400338877953,1.588720412036025,2.5000000000000093,2.5000000000000093,2.9999999999995453,2.7999999999994998,40155,41596,0,40,29,38,10,1.0,1.0
rate3.0_s4,0.0,original_q2_a0.8_or_ungated,81424,5.4666666666666615,4.133333333333326,7.466666666666754,4.4666666666666615,2.4000000000000528,1.6200000000000903,1.692328000155881,1.6222611108468719,2.654901960784293,2.6078431372548843,12.599999999999454,8.399999999999523,40352,41540,0,40,32,44,10,1.0,1.0
rate3.0_s4,0.0,original_q2_a0.8_or_ungated,81425,5.46666666666664,4.133333333333326,7.066666666666805,4.46666666666664,2.4750000000000716,1.685000000000041,1.6577154819022415,1.6405996845547755,2.7333333333333343,2.4833333333333343,4.599999999999341,1.7999999999996135,40553,41267,0,40,32,39,10,1.0,1.0
rate3.0_s4,0.0,original_q2_a0.8_or_ungated,81426,7.333333333333371,4.46666666666664,8.333333333333314,4.466666666666669,2.7300000000000924,1.6800000000000312,1.7958151271145197,1.6034375991287562,3.233333333333377,2.8444444444444192,8.19999999999959,3.7999999999989313,40593,41548,0,40,28,44,10,1.0,1.0
rate3.0_s4,0.0,original_q2_a0.8_or_ungated,81427,6.266666666666822,4.4666666666666615,7.0,4.7999999999999545,2.430000000000075,1.7150000000000336,1.6373054253335961,1.6711179730166126,2.67017543859648,2.4533333333333416,7.733333333332212,1.3333333333325754,40378,40872,0,40,27,38,10,1.0,1.0
rate3.0_s4,0.0,original_q2_a0.8_or_ungated,81428,5.133333333333326,4.133333333333269,6.133333333333496,4.46666666666664,2.2400000000000984,1.6750000000000955,1.6686148194958712,1.5807819389462177,2.5866666666666673,2.266666666666697,26.06666666666581,25.266666666666083,41581,43087,0,40,24,42,10,1.0,1.0
rate3.0_s4,0.0,original_q2_a0.8_or_ungated,81429,6.799999999999983,4.066666666666833,7.133333333333439,4.799999999999983,2.465000000000067,1.5300000000000533,1.6595258456095627,1.648498222763808,3.0888888888889006,2.5833333333333415,4.133333333333326,16.333333333332575,39947,41645,0,40,35,38,10,1.0,1.0
rate3.0_s4,0.0,runner_up_ungated,81400,5.933333333333678,5.933333333333678,7.133333333333439,7.133333333333439,2.420000000000059,2.420000000000059,1.7346281917458666,1.7346281917458666,2.7777777777777715,2.7777777777777715,13.999999999999432,13.999999999999432,40550,40550,0,0,27,27,0,0.0,
rate3.0_s4,0.0,runner_up_ungated,81401,5.666666666666799,5.666666666666799,6.466666666666811,6.466666666666811,2.345000000000106,2.345000000000106,1.69880490973148,1.69880490973148,2.5454545454545423,2.5454545454545423,7.066666666666492,7.066666666666492,39790,39790,0,0,31,31,0,0.0,
rate3.0_s4,0.0,runner_up_ungated,81402,5.466666666666669,5.466666666666669,7.133333333333439,7.133333333333439,2.50000000000005,2.50000000000005,1.7811436455976153,1.7811436455976153,2.8974358974359076,2.8974358974359076,1.6666666666662877,1.6666666666662877,39285,39285,0,0,25,25,0,0.0,
rate3.0_s4,0.0,runner_up_ungated,81403,6.799999999999983,6.799999999999983,7.133333333333439,7.133333333333439,2.7400000000000393,2.7400000000000393,1.9871483418861917,1.9871483418861917,3.400000000000001,3.400000000000001,7.73333333333278,7.73333333333278,40208,40208,0,0,27,27,0,0.0,
rate3.0_s4,0.0,runner_up_ungated,81404,6.13333333333361,6.13333333333361,7.466666666666669,7.466666666666669,2.4750000000001156,2.4750000000001156,1.6765823184674962,1.6765823184674962,2.5333333333333194,2.5333333333333194,10.199999999999363,10.199999999999363,40224,40224,0,0,28,28,0,0.0,
rate3.0_s4,0.0,runner_up_ungated,81405,6.133333333333297,6.133333333333297,7.133333333333439,7.133333333333439,2.4850000000000567,2.4850000000000567,1.6490139663541534,1.6490139663541534,2.67407407407408,2.67407407407408,6.733333333331984,6.733333333331984,40521,40521,0,0,30,30,0,0.0,
rate3.0_s4,0.0,runner_up_ungated,81406,6.799999999999983,6.799999999999983,7.133333333333439,7.133333333333439,2.510000000000095,2.510000000000095,1.7046951609938776,1.7046951609938776,2.7000000000000055,2.7000000000000055,14.999999999999432,14.999999999999432,41212,41212,0,0,27,27,0,0.0,
rate3.0_s4,0.0,runner_up_ungated,81407,5.7999999999999545,5.7999999999999545,6.866666666666845,6.866666666666845,2.440000000000073,2.440000000000073,1.7565866327353301,1.7565866327353301,2.520000000000016,2.520000000000016,13.999999999999318,13.999999999999318,40392,40392,0,0,33,33,0,0.0,
rate3.0_s4,0.0,runner_up_ungated,81408,5.933333333333508,5.933333333333508,7.46666666666664,7.46666666666664,2.6050000000000506,2.6050000000000506,1.7276095732829795,1.7276095732829795,2.493333333333328,2.493333333333328,15.19999999999925,15.19999999999925,40979,40979,0,0,32,32,0,0.0,
rate3.0_s4,0.0,runner_up_ungated,81409,5.133333333333326,5.133333333333326,6.46666666666664,6.46666666666664,2.240000000000018,2.240000000000018,1.5540376746629336,1.5540376746629336,2.0952380952380927,2.0952380952380927,1.9999999999990905,1.9999999999990905,39588,39588,0,0,29,29,0,0.0,
rate3.0_s4,0.0,runner_up_ungated,81410,5.133333333333326,5.133333333333326,7.0,7.0,2.2000000000000792,2.2000000000000792,1.6661058476422297,1.6661058476422297,2.3111111111111438,2.3111111111111438,2.1333333333327573,2.1333333333327573,40578,40578,0,0,26,26,0,0.0,
rate3.0_s4,0.0,runner_up_ungated,81411,5.733333333333462,5.733333333333462,7.133333333333326,7.133333333333326,2.3900000000000676,2.3900000000000676,1.7416895518814197,1.7416895518814197,2.6999999999999695,2.6999999999999695,3.1999999999997044,3.1999999999997044,40364,40364,0,0,33,33,0,0.0,
rate3.0_s4,0.0,runner_up_ungated,81412,6.46666666666664,6.46666666666664,8.333333333333314,8.333333333333314,2.370000000000012,2.370000000000012,1.6914187490249362,1.6914187490249362,2.566666666666688,2.566666666666688,14.066666666666151,14.066666666666151,40658,40658,0,0,37,37,0,0.0,
rate3.0_s4,0.0,runner_up_ungated,81413,6.46666666666664,6.46666666666664,8.000000000000227,8.000000000000227,2.520000000000049,2.520000000000049,1.6565564238247508,1.6565564238247508,2.5000000000000084,2.5000000000000084,4.999999999999545,4.999999999999545,39540,39540,0,0,28,28,0,0.0,
rate3.0_s4,0.0,runner_up_ungated,81414,5.133333333333439,5.133333333333439,7.333333333333371,7.333333333333371,2.390000000000057,2.390000000000057,1.6855454331004491,1.6855454331004491,2.6363636363636336,2.6363636363636336,8.399999999999181,8.399999999999181,40824,40824,0,0,29,29,0,0.0,
rate3.0_s4,0.0,runner_up_ungated,81415,6.466666666666811,6.466666666666811,7.466666666666669,7.466666666666669,2.5150000000000956,2.5150000000000956,1.6985740436638266,1.6985740436638266,2.8666666666666742,2.8666666666666742,3.7999999999994998,3.7999999999994998,40487,40487,0,0,29,29,0,0.0,
rate3.0_s4,0.0,runner_up_ungated,81416,6.133333333333496,6.133333333333496,7.466666666666754,7.466666666666754,2.570000000000046,2.570000000000046,1.7294804816862583,1.7294804816862583,2.577777777777797,2.577777777777797,7.999999999999545,7.999999999999545,40277,40277,0,0,26,26,0,0.0,
rate3.0_s4,0.0,runner_up_ungated,81417,5.466666666666669,5.466666666666669,6.46666666666664,6.46666666666664,2.3000000000000584,2.3000000000000584,1.7519309400615644,1.7519309400615644,2.505555555555553,2.505555555555553,10.333333333332916,10.333333333332916,39459,39459,0,0,26,26,0,0.0,
rate3.0_s4,0.0,runner_up_ungated,81418,6.133333333333496,6.133333333333496,7.0,7.0,2.3700000000000667,2.3700000000000667,1.6421650261836995,1.6421650261836995,2.7333333333333316,2.7333333333333316,8.199999999999477,8.199999999999477,40516,40516,0,0,25,25,0,0.0,
rate3.0_s4,0.0,runner_up_ungated,81419,6.466666666666811,6.466666666666811,7.466666666666754,7.466666666666754,2.615000000000031,2.615000000000031,1.7019875797945236,1.7019875797945236,2.3644444444444503,2.3644444444444503,5.266666666666083,5.266666666666083,39475,39475,0,0,27,27,0,0.0,
rate3.0_s4,0.0,runner_up_ungated,81420,5.133333333333439,5.133333333333439,6.799999999999983,6.799999999999983,2.1350000000000446,2.1350000000000446,1.6536343787840984,1.6536343787840984,2.2833333333333314,2.2833333333333314,12.666666666665947,12.666666666665947,40509,40509,0,0,28,28,0,0.0,
rate3.0_s4,0.0,runner_up_ungated,81421,5.4666666666666615,5.4666666666666615,5.8666666666667595,5.8666666666667595,2.210000000000061,2.210000000000061,1.665073279978324,1.665073279978324,2.6033333333333446,2.6033333333333446,11.19999999999925,11.19999999999925,40709,40709,0,0,30,30,0,0.0,
rate3.0_s4,0.0,runner_up_ungated,81422,5.133333333333439,5.133333333333439,7.466666666666754,7.466666666666754,2.3850000000000624,2.3850000000000624,1.7037438157521847,1.7037438157521847,2.9833333333333307,2.9833333333333307,19.59999999999934,19.59999999999934,40800,40800,0,0,26,26,0,0.0,
rate3.0_s4,0.0,runner_up_ungated,81423,6.133333333333297,6.133333333333297,7.333333333333371,7.333333333333371,2.500000000000067,2.500000000000067,1.677400338877953,1.677400338877953,2.5000000000000093,2.5000000000000093,2.9999999999995453,2.9999999999995453,40155,40155,0,0,29,29,0,0.0,
rate3.0_s4,0.0,runner_up_ungated,81424,5.4666666666666615,5.4666666666666615,7.466666666666754,7.466666666666754,2.4000000000000528,2.4000000000000528,1.692328000155881,1.692328000155881,2.654901960784293,2.654901960784293,12.599999999999454,12.599999999999454,40352,40352,0,0,32,32,0,0.0,
rate3.0_s4,0.0,runner_up_ungated,81425,5.46666666666664,5.46666666666664,7.066666666666805,7.066666666666805,2.4750000000000716,2.4750000000000716,1.6577154819022415,1.6577154819022415,2.7333333333333343,2.7333333333333343,4.599999999999341,4.599999999999341,40553,40553,0,0,32,32,0,0.0,
rate3.0_s4,0.0,runner_up_ungated,81426,7.333333333333371,7.333333333333371,8.333333333333314,8.333333333333314,2.7300000000000924,2.7300000000000924,1.7958151271145197,1.7958151271145197,3.233333333333377,3.233333333333377,8.19999999999959,8.19999999999959,40593,40593,0,0,28,28,0,0.0,
rate3.0_s4,0.0,runner_up_ungated,81427,6.266666666666822,6.266666666666822,7.0,7.0,2.430000000000075,2.430000000000075,1.6373054253335961,1.6373054253335961,2.67017543859648,2.67017543859648,7.733333333332212,7.733333333332212,40378,40378,0,0,27,27,0,0.0,
rate3.0_s4,0.0,runner_up_ungated,81428,5.133333333333326,5.133333333333326,6.133333333333496,6.133333333333496,2.2400000000000984,2.2400000000000984,1.6686148194958712,1.6686148194958712,2.5866666666666673,2.5866666666666673,26.06666666666581,26.06666666666581,41581,41581,0,0,24,24,0,0.0,
rate3.0_s4,0.0,runner_up_ungated,81429,6.799999999999983,6.799999999999983,7.133333333333439,7.133333333333439,2.465000000000067,2.465000000000067,1.6595258456095627,1.6595258456095627,3.0888888888889006,3.0888888888889006,4.133333333333326,4.133333333333326,39947,39947,0,0,35,35,0,0.0,
rate3.0_s4,0.5,selected_gated,81400,5.933333333333678,5.933333333333678,7.133333333333439,7.133333333333439,2.420000000000059,2.420000000000059,1.7391966441268187,1.7391966441268187,2.7777777777777715,2.7777777777777715,13.999999999999432,13.999999999999432,40550,40550,0,0,27,27,0,0.0,
rate3.0_s4,0.5,selected_gated,81401,6.46666666666664,6.46666666666664,6.466666666666981,6.466666666666981,2.35000000000011,2.35000000000011,1.69595677962085,1.69595677962085,2.603703703703698,2.603703703703698,10.166666666666515,10.166666666666515,40357,40357,0,0,36,36,0,0.0,
rate3.0_s4,0.5,selected_gated,81402,5.466666666666669,5.466666666666669,7.133333333333439,7.133333333333439,2.475000000000022,2.475000000000022,1.763296365820801,1.763296365820801,2.8974358974359076,2.8974358974359076,1.6666666666662877,1.6666666666662877,39274,39274,0,0,25,25,0,0.0,
rate3.0_s4,0.5,selected_gated,81403,6.799999999999983,6.799999999999983,7.133333333333439,7.133333333333439,2.6900000000000395,2.6900000000000395,2.0017004088924613,2.0017004088924613,3.5416666666666097,3.5416666666666097,7.73333333333278,7.73333333333278,40204,40204,0,0,25,25,0,0.0,
rate3.0_s4,0.5,selected_gated,81404,6.466666666666811,6.466666666666811,8.666666666666629,8.666666666666629,2.835000000000061,2.835000000000061,1.7131082750647313,1.7131082750647313,2.5333333333333194,2.5333333333333194,10.3999999999985,10.3999999999985,40283,40283,0,0,33,33,0,0.0,
rate3.0_s4,0.5,selected_gated,81405,5.133333333333326,5.133333333333326,7.133333333333439,7.133333333333439,2.3550000000000613,2.3550000000000613,1.6262359157565904,1.6262359157565904,2.6962962962963073,2.6962962962963073,5.033333333332848,5.033333333332848,40563,40563,0,0,30,30,0,0.0,
rate3.0_s4,0.5,selected_gated,81406,6.799999999999983,6.799999999999983,7.133333333333439,7.133333333333439,2.7700000000001,2.7700000000001,1.8185322481095159,1.8185322481095159,2.8190476190476375,2.8190476190476375,14.999999999999432,14.999999999999432,41129,41129,0,0,27,27,0,0.0,
rate3.0_s4,0.5,selected_gated,81407,5.7999999999999545,5.7999999999999545,7.366666666666845,7.366666666666845,2.5125000000000743,2.5125000000000743,1.6276758088064085,1.6276758088064085,2.47500000000003,2.47500000000003,17.499999999999318,17.499999999999318,40521,40521,0,0,36,36,0,0.0,
rate3.0_s4,0.5,selected_gated,81408,5.933333333333508,5.933333333333508,7.46666666666664,7.46666666666664,2.6300000000000505,2.6300000000000505,1.7367740864667192,1.7367740864667192,2.493333333333328,2.493333333333328,15.69999999999925,15.69999999999925,40976,40976,0,0,32,32,0,0.0,
rate3.0_s4,0.5,selected_gated,81409,5.133333333333326,5.133333333333326,6.46666666666664,6.46666666666664,2.370000000000023,2.370000000000023,1.6099475396821745,1.6099475396821745,2.2888888888889674,2.2888888888889674,1.9999999999990905,1.9999999999990905,39471,39471,0,0,27,27,0,0.0,
rate3.0_s4,0.5,selected_gated,81410,5.133333333333326,5.133333333333326,7.0,7.0,2.2000000000000792,2.2000000000000792,1.6650826328247148,1.6650826328247148,2.166666666666698,2.166666666666698,2.1333333333327573,2.1333333333327573,40491,40491,0,0,28,28,0,0.0,
rate3.0_s4,0.5,selected_gated,81411,5.466666666666811,5.466666666666811,7.133333333333326,7.133333333333326,2.3900000000000676,2.3900000000000676,1.7477040737675673,1.7477040737675673,2.6999999999999695,2.6999999999999695,4.199999999999704,4.199999999999704,40450,40450,0,0,33,33,0,0.0,
rate3.0_s4,0.5,selected_gated,81412,6.46666666666664,6.46666666666664,7.16666666666714,7.16666666666714,2.4725000000000152,2.4725000000000152,1.783867285230367,1.783867285230367,3.1314814814814977,3.1314814814814977,23.16666666666515,23.16666666666515,40829,40829,0,0,30,30,0,0.0,
rate3.0_s4,0.5,selected_gated,81413,5.866666666667015,5.866666666667015,7.133333333333439,7.133333333333439,2.277500000000049,2.277500000000049,1.6268754632011748,1.6268754632011748,2.3095238095238244,2.3095238095238244,4.999999999999545,4.999999999999545,39587,39587,0,0,26,26,0,0.0,
rate3.0_s4,0.5,selected_gated,81414,5.133333333333326,5.133333333333326,7.333333333333371,7.333333333333371,2.370000000000044,2.370000000000044,1.6752162537716668,1.6752162537716668,2.6363636363636336,2.6363636363636336,9.399999999999181,9.399999999999181,40902,40902,0,0,31,31,0,0.0,
rate3.0_s4,0.5,selected_gated,81415,6.466666666666811,6.466666666666811,7.466666666666669,7.466666666666669,2.540000000000096,2.540000000000096,1.6678971918463497,1.6678971918463497,2.849999999999966,2.849999999999966,3.7999999999994998,3.7999999999994998,40512,40512,0,0,29,29,0,0.0,
rate3.0_s4,0.5,selected_gated,81416,6.133333333333496,6.133333333333496,7.466666666666754,7.466666666666754,2.570000000000046,2.570000000000046,1.7344746821552028,1.7344746821552028,2.577777777777797,2.577777777777797,8.499999999999545,8.499999999999545,40297,40297,0,0,26,26,0,0.0,
rate3.0_s4,0.5,selected_gated,81417,5.466666666666669,5.466666666666669,6.46666666666664,6.46666666666664,2.3000000000000584,2.3000000000000584,1.7564438579904789,1.7564438579904789,2.5263888888888864,2.5263888888888864,10.333333333332916,10.333333333332916,39451,39451,0,0,26,26,0,0.0,
rate3.0_s4,0.5,selected_gated,81418,6.133333333333496,6.133333333333496,7.0,7.0,2.382500000000067,2.382500000000067,1.648843337354911,1.648843337354911,2.7333333333333316,2.7333333333333316,8.699999999999477,8.699999999999477,40503,40503,0,0,25,25,0,0.0,
rate3.0_s4,0.5,selected_gated,81419,6.466666666666811,6.466666666666811,7.466666666666754,7.466666666666754,2.652500000000031,2.652500000000031,1.698045490989117,1.698045490989117,2.3644444444444503,2.3644444444444503,5.766666666666083,5.766666666666083,39618,39618,0,0,32,32,0,0.0,
rate3.0_s4,0.5,selected_gated,81420,5.133333333333439,5.133333333333439,6.799999999999983,6.799999999999983,2.2350000000000447,2.2350000000000447,1.6652356336738592,1.6652356336738592,2.334615384615382,2.334615384615382,12.666666666665947,12.666666666665947,40533,40533,0,0,28,28,0,0.0,
rate3.0_s4,0.5,selected_gated,81421,5.4666666666666615,5.4666666666666615,5.866666666666845,5.866666666666845,2.212500000000058,2.212500000000058,1.6496848661551542,1.6496848661551542,2.8222222222222575,2.8222222222222575,12.19999999999925,12.19999999999925,40773,40773,0,0,30,30,0,0.0,
rate3.0_s4,0.5,selected_gated,81422,5.133333333333439,5.133333333333439,7.466666666666754,7.466666666666754,2.3850000000000624,2.3850000000000624,1.7061030967196416,1.7061030967196416,2.9833333333333307,2.9833333333333307,20.59999999999934,20.59999999999934,40835,40835,0,0,26,26,0,0.0,
rate3.0_s4,0.5,selected_gated,81423,5.466666666666811,5.466666666666811,7.133333333333326,7.133333333333326,2.482500000000032,2.482500000000032,1.6674505928010248,1.6674505928010248,2.3000000000000087,2.3000000000000087,2.3999999999995225,2.3999999999995225,39804,39804,0,0,32,32,0,0.0,
rate3.0_s4,0.5,selected_gated,81424,5.46666666666664,5.46666666666664,6.46666666666664,6.46666666666664,2.265000000000065,2.265000000000065,1.6931219936686257,1.6931219936686257,2.5212121212121303,2.5212121212121303,13.099999999999454,13.099999999999454,40455,40455,0,0,35,35,0,0.0,
rate3.0_s4,0.5,selected_gated,81425,5.46666666666664,5.46666666666664,7.466666666666669,7.466666666666669,2.5300000000000726,2.5300000000000726,1.7123284347611356,1.7123284347611356,2.838095238095247,2.838095238095247,5.799999999999386,5.799999999999386,40378,40378,0,0,29,29,0,0.0,
rate3.0_s4,0.5,selected_gated,81426,7.466666666666754,7.466666666666754,8.333333333333314,8.333333333333314,2.765000000000092,2.765000000000092,1.7837210315815692,1.7837210315815692,3.233333333333377,3.233333333333377,8.39999999999884,8.39999999999884,40709,40709,0,0,28,28,0,0.0,
rate3.0_s4,0.5,selected_gated,81427,6.266666666666822,6.266666666666822,7.0,7.0,2.4550000000000756,2.4550000000000756,1.6442425160010568,1.6442425160010568,2.806666666666655,2.806666666666655,11.033333333332735,11.033333333332735,40495,40495,0,0,29,29,0,0.0,
rate3.0_s4,0.5,selected_gated,81428,5.133333333333326,5.133333333333326,6.133333333333496,6.133333333333496,2.315000000000098,2.315000000000098,1.6828935093078368,1.6828935093078368,2.5866666666666673,2.5866666666666673,25.16666666666606,25.16666666666606,41571,41571,0,0,24,24,0,0.0,
rate3.0_s4,0.5,selected_gated,81429,6.0,6.0,7.133333333333439,7.133333333333439,2.4200000000000426,2.4200000000000426,1.6420406316577476,1.6420406316577476,3.0888888888889006,3.0888888888889006,16.133333333332644,16.133333333332644,40653,40653,0,0,31,31,0,0.0,
rate3.0_s4,0.5,selected_ungated,81400,5.933333333333678,5.933333333333678,7.133333333333439,7.133333333333439,2.420000000000059,2.420000000000059,1.7391966441268187,1.7391966441268187,2.7777777777777715,2.7777777777777715,13.999999999999432,13.999999999999432,40550,40550,0,0,27,27,0,0.0,
rate3.0_s4,0.5,selected_ungated,81401,6.46666666666664,6.46666666666664,6.466666666666981,6.466666666666981,2.35000000000011,2.35000000000011,1.69595677962085,1.69595677962085,2.603703703703698,2.603703703703698,10.166666666666515,10.166666666666515,40357,40357,0,0,36,36,0,0.0,
rate3.0_s4,0.5,selected_ungated,81402,5.466666666666669,5.466666666666669,7.133333333333439,7.133333333333439,2.475000000000022,2.475000000000022,1.763296365820801,1.763296365820801,2.8974358974359076,2.8974358974359076,1.6666666666662877,1.6666666666662877,39274,39274,0,0,25,25,0,0.0,
rate3.0_s4,0.5,selected_ungated,81403,6.799999999999983,6.799999999999983,7.133333333333439,7.133333333333439,2.6900000000000395,2.6900000000000395,2.0017004088924613,2.0017004088924613,3.5416666666666097,3.5416666666666097,7.73333333333278,7.73333333333278,40204,40204,0,0,25,25,0,0.0,
rate3.0_s4,0.5,selected_ungated,81404,6.466666666666811,6.466666666666811,8.666666666666629,8.666666666666629,2.835000000000061,2.835000000000061,1.7131082750647313,1.7131082750647313,2.5333333333333194,2.5333333333333194,10.3999999999985,10.3999999999985,40283,40283,0,0,33,33,0,0.0,
rate3.0_s4,0.5,selected_ungated,81405,5.133333333333326,5.133333333333326,7.133333333333439,7.133333333333439,2.3550000000000613,2.3550000000000613,1.6262359157565904,1.6262359157565904,2.6962962962963073,2.6962962962963073,5.033333333332848,5.033333333332848,40563,40563,0,0,30,30,0,0.0,
rate3.0_s4,0.5,selected_ungated,81406,6.799999999999983,6.799999999999983,7.133333333333439,7.133333333333439,2.7700000000001,2.7700000000001,1.8185322481095159,1.8185322481095159,2.8190476190476375,2.8190476190476375,14.999999999999432,14.999999999999432,41129,41129,0,0,27,27,0,0.0,
rate3.0_s4,0.5,selected_ungated,81407,5.7999999999999545,5.7999999999999545,7.366666666666845,7.366666666666845,2.5125000000000743,2.5125000000000743,1.6276758088064085,1.6276758088064085,2.47500000000003,2.47500000000003,17.499999999999318,17.499999999999318,40521,40521,0,0,36,36,0,0.0,
rate3.0_s4,0.5,selected_ungated,81408,5.933333333333508,5.933333333333508,7.46666666666664,7.46666666666664,2.6300000000000505,2.6300000000000505,1.7367740864667192,1.7367740864667192,2.493333333333328,2.493333333333328,15.69999999999925,15.69999999999925,40976,40976,0,0,32,32,0,0.0,
rate3.0_s4,0.5,selected_ungated,81409,5.133333333333326,5.133333333333326,6.46666666666664,6.46666666666664,2.370000000000023,2.370000000000023,1.6099475396821745,1.6099475396821745,2.2888888888889674,2.2888888888889674,1.9999999999990905,1.9999999999990905,39471,39471,0,0,27,27,0,0.0,
rate3.0_s4,0.5,selected_ungated,81410,5.133333333333326,5.133333333333326,7.0,7.0,2.2000000000000792,2.2000000000000792,1.6650826328247148,1.6650826328247148,2.166666666666698,2.166666666666698,2.1333333333327573,2.1333333333327573,40491,40491,0,0,28,28,0,0.0,
rate3.0_s4,0.5,selected_ungated,81411,5.466666666666811,5.466666666666811,7.133333333333326,7.133333333333326,2.3900000000000676,2.3900000000000676,1.7477040737675673,1.7477040737675673,2.6999999999999695,2.6999999999999695,4.199999999999704,4.199999999999704,40450,40450,0,0,33,33,0,0.0,
rate3.0_s4,0.5,selected_ungated,81412,6.46666666666664,6.46666666666664,7.16666666666714,7.16666666666714,2.4725000000000152,2.4725000000000152,1.783867285230367,1.783867285230367,3.1314814814814977,3.1314814814814977,23.16666666666515,23.16666666666515,40829,40829,0,0,30,30,0,0.0,
rate3.0_s4,0.5,selected_ungated,81413,5.866666666667015,5.866666666667015,7.133333333333439,7.133333333333439,2.277500000000049,2.277500000000049,1.6268754632011748,1.6268754632011748,2.3095238095238244,2.3095238095238244,4.999999999999545,4.999999999999545,39587,39587,0,0,26,26,0,0.0,
rate3.0_s4,0.5,selected_ungated,81414,5.133333333333326,5.133333333333326,7.333333333333371,7.333333333333371,2.370000000000044,2.370000000000044,1.6752162537716668,1.6752162537716668,2.6363636363636336,2.6363636363636336,9.399999999999181,9.399999999999181,40902,40902,0,0,31,31,0,0.0,
rate3.0_s4,0.5,selected_ungated,81415,6.466666666666811,6.466666666666811,7.466666666666669,7.466666666666669,2.540000000000096,2.540000000000096,1.6678971918463497,1.6678971918463497,2.849999999999966,2.849999999999966,3.7999999999994998,3.7999999999994998,40512,40512,0,0,29,29,0,0.0,
rate3.0_s4,0.5,selected_ungated,81416,6.133333333333496,6.133333333333496,7.466666666666754,7.466666666666754,2.570000000000046,2.570000000000046,1.7344746821552028,1.7344746821552028,2.577777777777797,2.577777777777797,8.499999999999545,8.499999999999545,40297,40297,0,0,26,26,0,0.0,
rate3.0_s4,0.5,selected_ungated,81417,5.466666666666669,5.466666666666669,6.46666666666664,6.46666666666664,2.3000000000000584,2.3000000000000584,1.7564438579904789,1.7564438579904789,2.5263888888888864,2.5263888888888864,10.333333333332916,10.333333333332916,39451,39451,0,0,26,26,0,0.0,
rate3.0_s4,0.5,selected_ungated,81418,6.133333333333496,6.133333333333496,7.0,7.0,2.382500000000067,2.382500000000067,1.648843337354911,1.648843337354911,2.7333333333333316,2.7333333333333316,8.699999999999477,8.699999999999477,40503,40503,0,0,25,25,0,0.0,
rate3.0_s4,0.5,selected_ungated,81419,6.466666666666811,6.466666666666811,7.466666666666754,7.466666666666754,2.652500000000031,2.652500000000031,1.698045490989117,1.698045490989117,2.3644444444444503,2.3644444444444503,5.766666666666083,5.766666666666083,39618,39618,0,0,32,32,0,0.0,
rate3.0_s4,0.5,selected_ungated,81420,5.133333333333439,5.133333333333439,6.799999999999983,6.799999999999983,2.2350000000000447,2.2350000000000447,1.6652356336738592,1.6652356336738592,2.334615384615382,2.334615384615382,12.666666666665947,12.666666666665947,40533,40533,0,0,28,28,0,0.0,
rate3.0_s4,0.5,selected_ungated,81421,5.4666666666666615,5.4666666666666615,5.866666666666845,5.866666666666845,2.212500000000058,2.212500000000058,1.6496848661551542,1.6496848661551542,2.8222222222222575,2.8222222222222575,12.19999999999925,12.19999999999925,40773,40773,0,0,30,30,0,0.0,
rate3.0_s4,0.5,selected_ungated,81422,5.133333333333439,5.133333333333439,7.466666666666754,7.466666666666754,2.3850000000000624,2.3850000000000624,1.7061030967196416,1.7061030967196416,2.9833333333333307,2.9833333333333307,20.59999999999934,20.59999999999934,40835,40835,0,0,26,26,0,0.0,
rate3.0_s4,0.5,selected_ungated,81423,5.466666666666811,5.466666666666811,7.133333333333326,7.133333333333326,2.482500000000032,2.482500000000032,1.6674505928010248,1.6674505928010248,2.3000000000000087,2.3000000000000087,2.3999999999995225,2.3999999999995225,39804,39804,0,0,32,32,0,0.0,
rate3.0_s4,0.5,selected_ungated,81424,5.46666666666664,5.46666666666664,6.46666666666664,6.46666666666664,2.265000000000065,2.265000000000065,1.6931219936686257,1.6931219936686257,2.5212121212121303,2.5212121212121303,13.099999999999454,13.099999999999454,40455,40455,0,0,35,35,0,0.0,
rate3.0_s4,0.5,selected_ungated,81425,5.46666666666664,5.46666666666664,7.466666666666669,7.466666666666669,2.5300000000000726,2.5300000000000726,1.7123284347611356,1.7123284347611356,2.838095238095247,2.838095238095247,5.799999999999386,5.799999999999386,40378,40378,0,0,29,29,0,0.0,
rate3.0_s4,0.5,selected_ungated,81426,7.466666666666754,7.466666666666754,8.333333333333314,8.333333333333314,2.765000000000092,2.765000000000092,1.7837210315815692,1.7837210315815692,3.233333333333377,3.233333333333377,8.39999999999884,8.39999999999884,40709,40709,0,0,28,28,0,0.0,
rate3.0_s4,0.5,selected_ungated,81427,6.266666666666822,6.266666666666822,7.0,7.0,2.4550000000000756,2.4550000000000756,1.6442425160010568,1.6442425160010568,2.806666666666655,2.806666666666655,11.033333333332735,11.033333333332735,40495,40495,0,0,29,29,0,0.0,
rate3.0_s4,0.5,selected_ungated,81428,5.133333333333326,5.133333333333326,6.133333333333496,6.133333333333496,2.315000000000098,2.315000000000098,1.6828935093078368,1.6828935093078368,2.5866666666666673,2.5866666666666673,25.16666666666606,25.16666666666606,41571,41571,0,0,24,24,0,0.0,
rate3.0_s4,0.5,selected_ungated,81429,6.0,6.0,7.133333333333439,7.133333333333439,2.4200000000000426,2.4200000000000426,1.6420406316577476,1.6420406316577476,3.0888888888889006,3.0888888888889006,16.133333333332644,16.133333333332644,40653,40653,0,0,31,31,0,0.0,
rate3.0_s4,0.5,original_q2_a0.8_or_ungated,81400,5.933333333333678,4.133333333333326,7.133333333333439,4.46666666666664,2.420000000000059,1.625000000000026,1.7391966441268187,1.7372052006633232,2.7777777777777715,2.455555555555563,13.999999999999432,-3.410605131648481e-13,40550,40647,0,40,27,35,10,1.0,1.0
rate3.0_s4,0.5,original_q2_a0.8_or_ungated,81401,6.46666666666664,4.133333333333326,6.466666666666981,4.466666666666669,2.35000000000011,1.650000000000087,1.69595677962085,1.7558532064799732,2.603703703703698,2.70000000000001,10.166666666666515,9.066666666666265,40357,41534,0,40,36,41,10,1.0,1.0
rate3.0_s4,0.5,original_q2_a0.8_or_ungated,81402,5.466666666666669,4.46666666666664,7.133333333333439,4.466666666666669,2.475000000000022,1.745000000000069,1.763296365820801,1.723578886977324,2.8974358974359076,2.733333333333327,1.6666666666662877,18.666666666666288,39274,41810,0,40,25,44,10,1.0,1.0
rate3.0_s4,0.5,original_q2_a0.8_or_ungated,81403,6.799999999999983,4.133333333333326,7.133333333333439,4.799999999999926,2.6900000000000395,1.6375000000000302,2.0017004088924613,1.7433871343070646,3.5416666666666097,3.3583333333333343,7.73333333333278,1.3333333333329165,40204,41305,0,40,25,39,10,1.0,1.0
rate3.0_s4,0.5,original_q2_a0.8_or_ungated,81404,6.466666666666811,4.133333333333326,8.666666666666629,4.93333333333328,2.835000000000061,1.7750000000000843,1.7131082750647313,1.6548140709900037,2.5333333333333194,2.816666666666663,10.3999999999985,7.399999999999409,40283,41720,0,40,33,45,10,1.0,1.0
rate3.0_s4,0.5,original_q2_a0.8_or_ungated,81405,5.133333333333326,4.133333333333326,7.133333333333439,4.600000000000136,2.3550000000000613,1.652500000000072,1.6262359157565904,1.6595682346011533,2.6962962962963073,2.4833333333333343,5.033333333332848,26.33333333333246,40563,43261,0,40,30,43,10,1.0,1.0
rate3.0_s4,0.5,original_q2_a0.8_or_ungated,81406,6.799999999999983,4.4666666666666615,7.133333333333439,4.799999999999983,2.7700000000001,1.670000000000066,1.8185322481095159,1.6734297185274414,2.8190476190476375,2.600000000000006,14.999999999999432,11.999999999999318,41129,42290,0,40,27,38,10,1.0,1.0
rate3.0_s4,0.5,original_q2_a0.8_or_ungated,81407,5.7999999999999545,4.366666666666845,7.366666666666845,4.7999999999999545,2.5125000000000743,1.7900000000000875,1.6276758088064085,1.7112353372932634,2.47500000000003,2.7733333333333463,17.499999999999318,11.399999999999409,40521,41794,0,40,36,40,10,1.0,1.0
rate3.0_s4,0.5,original_q2_a0.8_or_ungated,81408,5.933333333333508,4.133333333333326,7.46666666666664,4.4666666666666615,2.6300000000000505,1.850000000000053,1.7367740864667192,1.9003960653373633,2.493333333333328,2.733333333333326,15.69999999999925,30.89999999999884,40976,43256,0,40,32,39,10,1.0,1.0
rate3.0_s4,0.5,original_q2_a0.8_or_ungated,81409,5.133333333333326,4.46666666666664,6.46666666666664,4.93333333333328,2.370000000000023,1.6750000000000458,1.6099475396821745,1.5932950728629283,2.2888888888889674,2.136363636363643,1.9999999999990905,8.599999999999227,39471,41220,0,40,27,42,10,1.0,1.0
rate3.0_s4,0.5,original_q2_a0.8_or_ungated,81410,5.133333333333326,4.033333333333644,7.0,4.466666666666697,2.2000000000000792,1.560000000000107,1.6650826328247148,1.6384563692121876,2.166666666666698,2.166666666666698,2.1333333333327573,12.033333333332507,40491,42446,0,40,28,40,10,1.0,1.0
rate3.0_s4,0.5,original_q2_a0.8_or_ungated,81411,5.466666666666811,4.133333333333326,7.133333333333326,4.4666666666666615,2.3900000000000676,1.6650000000000813,1.7477040737675673,1.6850933806532615,2.6999999999999695,3.1700000000000217,4.199999999999704,4.599999999999568,40450,41876,0,40,33,41,10,1.0,1.0
rate3.0_s4,0.5,original_q2_a0.8_or_ungated,81412,6.46666666666664,4.133333333333326,7.16666666666714,4.46666666666664,2.4725000000000152,1.5950000000000013,1.783867285230367,1.5683850269144135,3.1314814814814977,2.544444444444429,23.16666666666515,11.366666666665424,40829,41739,0,40,30,47,10,1.0,1.0
rate3.0_s4,0.5,original_q2_a0.8_or_ungated,81413,5.866666666667015,4.133333333333326,7.133333333333439,4.7999999999999545,2.277500000000049,1.6800000000000583,1.6268754632011748,1.599167427785756,2.3095238095238244,2.20987654320985,4.999999999999545,11.599999999999568,39587,41327,0,40,26,41,10,1.0,1.0
rate3.0_s4,0.5,original_q2_a0.8_or_ungated,81414,5.133333333333326,4.133333333333326,7.333333333333371,4.133333333333354,2.370000000000044,1.6950000000001029,1.6752162537716668,1.6506226875801489,2.6363636363636336,2.6363636363636336,9.399999999999181,6.599999999999227,40902,42441,0,40,31,42,10,1.0,1.0
rate3.0_s4,0.5,original_q2_a0.8_or_ungated,81415,6.466666666666811,4.133333333333326,7.466666666666669,4.466666666666669,2.540000000000096,1.5500000000000784,1.6678971918463497,1.5225841375586504,2.849999999999966,2.4833333333333343,3.7999999999994998,2.7999999999994998,40512,41718,0,40,29,42,10,1.0,1.0
rate3.0_s4,0.5,original_q2_a0.8_or_ungated,81416,6.133333333333496,4.133333333333326,7.466666666666754,4.4666666666666615,2.570000000000046,1.700000000000077,1.7344746821552028,1.6325350613036982,2.577777777777797,2.3800000000000012,8.499999999999545,0.8999999999995225,40297,41255,0,40,26,41,10,1.0,1.0
rate3.0_s4,0.5,original_q2_a0.8_or_ungated,81417,5.466666666666669,4.366666666667015,6.46666666666664,4.466666666666669,2.3000000000000584,1.5950000000000562,1.7564438579904789,1.677484510303508,2.5263888888888864,2.5083333333333258,10.333333333332916,9.633333333332985,39451,40980,0,40,26,44,10,1.0,1.0
rate3.0_s4,0.5,original_q2_a0.8_or_ungated,81418,6.133333333333496,4.4666666666666615,7.0,4.799999999999983,2.382500000000067,1.7150000000000714,1.648843337354911,1.5544872630980067,2.7333333333333316,2.538461538461556,8.699999999999477,4.999999999999432,40503,41627,0,40,25,43,10,1.0,1.0
rate3.0_s4,0.5,original_q2_a0.8_or_ungated,81419,6.466666666666811,4.133333333333326,7.466666666666754,4.93333333333328,2.652500000000031,1.6850000000000551,1.698045490989117,1.6461767150509572,2.3644444444444503,2.2111111111110993,5.766666666666083,10.766666666665742,39618,41602,0,40,32,41,10,1.0,1.0
rate3.0_s4,0.5,original_q2_a0.8_or_ungated,81420,5.133333333333439,4.466666666666669,6.799999999999983,4.799999999999983,2.2350000000000447,1.705000000000057,1.6652356336738592,1.6467060129462887,2.334615384615382,2.3999999999999773,12.666666666665947,10.366666666665992,40533,41770,0,40,28,41,10,1.0,1.0
rate3.0_s4,0.5,original_q2_a0.8_or_ungated,81421,5.4666666666666615,4.366666666667129,5.866666666666845,4.466666666666669,2.212500000000058,1.8200000000000944,1.6496848661551542,1.6622111570903606,2.8222222222222575,2.598333333333346,12.19999999999925,13.999999999999204,40773,42242,0,40,30,42,10,1.0,1.0
rate3.0_s4,0.5,original_q2_a0.8_or_ungated,81422,5.133333333333439,4.133333333333326,7.466666666666754,4.799999999999983,2.3850000000000624,1.6350000000000695,1.7061030967196416,1.6613780090406849,2.9833333333333307,2.7333333333333307,20.59999999999934,27.2999999999995,40835,42496,0,40,26,42,10,1.0,1.0
rate3.0_s4,0.5,original_q2_a0.8_or_ungated,81423,5.466666666666811,3.133333333333894,7.133333333333326,4.4666666666666615,2.482500000000032,1.4900000000001126,1.6674505928010248,1.5897885938542067,2.3000000000000087,2.5000000000000093,2.3999999999995225,2.7999999999994998,39804,41596,0,40,32,38,10,1.0,1.0
rate3.0_s4,0.5,original_q2_a0.8_or_ungated,81424,5.46666666666664,4.133333333333326,6.46666666666664,4.4666666666666615,2.265000000000065,1.6325000000000902,1.6931219936686257,1.6271586368704252,2.5212121212121303,2.6078431372548843,13.099999999999454,8.899999999999523,40455,41540,0,40,35,44,10,1.0,1.0
rate3.0_s4,0.5,original_q2_a0.8_or_ungated,81425,5.46666666666664,4.366666666666617,7.466666666666669,4.933333333332939,2.5300000000000726,1.7375000000000487,1.7123284347611356,1.6446864172184354,2.838095238095247,2.4833333333333343,5.799999999999386,1.7999999999996135,40378,41271,0,40,29,40,10,1.0,1.0
rate3.0_s4,0.5,original_q2_a0.8_or_ungated,81426,7.466666666666754,4.46666666666664,8.333333333333314,4.466666666666669,2.765000000000092,1.6300000000000314,1.7837210315815692,1.6008423610335178,3.233333333333377,2.8777777777777525,8.39999999999884,3.2999999999989313,40709,41576,0,40,28,45,10,1.0,1.0
rate3.0_s4,0.5,original_q2_a0.8_or_ungated,81427,6.266666666666822,4.4666666666666615,7.0,4.7999999999999545,2.4550000000000756,1.7150000000000336,1.6442425160010568,1.672159639683279,2.806666666666655,2.465000000000006,11.033333333332735,1.3333333333325754,40495,40880,0,40,29,38,10,1.0,1.0
rate3.0_s4,0.5,original_q2_a0.8_or_ungated,81428,5.133333333333326,4.133333333333269,6.133333333333496,4.46666666666664,2.315000000000098,1.6750000000000962,1.6828935093078368,1.5822417317952768,2.5866666666666673,2.266666666666697,25.16666666666606,25.766666666666083,41571,43090,0,40,24,42,10,1.0,1.0
rate3.0_s4,0.5,original_q2_a0.8_or_ungated,81429,6.0,3.5666666666668334,7.133333333333439,4.799999999999983,2.4200000000000426,1.4800000000000533,1.6420406316577476,1.646056515814228,3.0888888888889006,2.5833333333333415,16.133333333332644,16.333333333332575,40653,41645,0,40,31,38,10,1.0,1.0
rate3.0_s4,0.5,runner_up_ungated,81400,5.933333333333678,5.933333333333678,7.133333333333439,7.133333333333439,2.420000000000059,2.420000000000059,1.7391966441268187,1.7391966441268187,2.7777777777777715,2.7777777777777715,13.999999999999432,13.999999999999432,40550,40550,0,0,27,27,0,0.0,
rate3.0_s4,0.5,runner_up_ungated,81401,6.46666666666664,6.46666666666664,6.466666666666981,6.466666666666981,2.35000000000011,2.35000000000011,1.69595677962085,1.69595677962085,2.603703703703698,2.603703703703698,10.166666666666515,10.166666666666515,40357,40357,0,0,36,36,0,0.0,
rate3.0_s4,0.5,runner_up_ungated,81402,5.466666666666669,5.466666666666669,7.133333333333439,7.133333333333439,2.475000000000022,2.475000000000022,1.763296365820801,1.763296365820801,2.8974358974359076,2.8974358974359076,1.6666666666662877,1.6666666666662877,39274,39274,0,0,25,25,0,0.0,
rate3.0_s4,0.5,runner_up_ungated,81403,6.799999999999983,6.799999999999983,7.133333333333439,7.133333333333439,2.6900000000000395,2.6900000000000395,2.0017004088924613,2.0017004088924613,3.5416666666666097,3.5416666666666097,7.73333333333278,7.73333333333278,40204,40204,0,0,25,25,0,0.0,
rate3.0_s4,0.5,runner_up_ungated,81404,6.466666666666811,6.466666666666811,8.666666666666629,8.666666666666629,2.835000000000061,2.835000000000061,1.7131082750647313,1.7131082750647313,2.5333333333333194,2.5333333333333194,10.3999999999985,10.3999999999985,40283,40283,0,0,33,33,0,0.0,
rate3.0_s4,0.5,runner_up_ungated,81405,5.133333333333326,5.133333333333326,7.133333333333439,7.133333333333439,2.3550000000000613,2.3550000000000613,1.6262359157565904,1.6262359157565904,2.6962962962963073,2.6962962962963073,5.033333333332848,5.033333333332848,40563,40563,0,0,30,30,0,0.0,
rate3.0_s4,0.5,runner_up_ungated,81406,6.799999999999983,6.799999999999983,7.133333333333439,7.133333333333439,2.7700000000001,2.7700000000001,1.8185322481095159,1.8185322481095159,2.8190476190476375,2.8190476190476375,14.999999999999432,14.999999999999432,41129,41129,0,0,27,27,0,0.0,
rate3.0_s4,0.5,runner_up_ungated,81407,5.7999999999999545,5.7999999999999545,7.366666666666845,7.366666666666845,2.5125000000000743,2.5125000000000743,1.6276758088064085,1.6276758088064085,2.47500000000003,2.47500000000003,17.499999999999318,17.499999999999318,40521,40521,0,0,36,36,0,0.0,
rate3.0_s4,0.5,runner_up_ungated,81408,5.933333333333508,5.933333333333508,7.46666666666664,7.46666666666664,2.6300000000000505,2.6300000000000505,1.7367740864667192,1.7367740864667192,2.493333333333328,2.493333333333328,15.69999999999925,15.69999999999925,40976,40976,0,0,32,32,0,0.0,
rate3.0_s4,0.5,runner_up_ungated,81409,5.133333333333326,5.133333333333326,6.46666666666664,6.46666666666664,2.370000000000023,2.370000000000023,1.6099475396821745,1.6099475396821745,2.2888888888889674,2.2888888888889674,1.9999999999990905,1.9999999999990905,39471,39471,0,0,27,27,0,0.0,
rate3.0_s4,0.5,runner_up_ungated,81410,5.133333333333326,5.133333333333326,7.0,7.0,2.2000000000000792,2.2000000000000792,1.6650826328247148,1.6650826328247148,2.166666666666698,2.166666666666698,2.1333333333327573,2.1333333333327573,40491,40491,0,0,28,28,0,0.0,
rate3.0_s4,0.5,runner_up_ungated,81411,5.466666666666811,5.466666666666811,7.133333333333326,7.133333333333326,2.3900000000000676,2.3900000000000676,1.7477040737675673,1.7477040737675673,2.6999999999999695,2.6999999999999695,4.199999999999704,4.199999999999704,40450,40450,0,0,33,33,0,0.0,
rate3.0_s4,0.5,runner_up_ungated,81412,6.46666666666664,6.46666666666664,7.16666666666714,7.16666666666714,2.4725000000000152,2.4725000000000152,1.783867285230367,1.783867285230367,3.1314814814814977,3.1314814814814977,23.16666666666515,23.16666666666515,40829,40829,0,0,30,30,0,0.0,
rate3.0_s4,0.5,runner_up_ungated,81413,5.866666666667015,5.866666666667015,7.133333333333439,7.133333333333439,2.277500000000049,2.277500000000049,1.6268754632011748,1.6268754632011748,2.3095238095238244,2.3095238095238244,4.999999999999545,4.999999999999545,39587,39587,0,0,26,26,0,0.0,
rate3.0_s4,0.5,runner_up_ungated,81414,5.133333333333326,5.133333333333326,7.333333333333371,7.333333333333371,2.370000000000044,2.370000000000044,1.6752162537716668,1.6752162537716668,2.6363636363636336,2.6363636363636336,9.399999999999181,9.399999999999181,40902,40902,0,0,31,31,0,0.0,
rate3.0_s4,0.5,runner_up_ungated,81415,6.466666666666811,6.466666666666811,7.466666666666669,7.466666666666669,2.540000000000096,2.540000000000096,1.6678971918463497,1.6678971918463497,2.849999999999966,2.849999999999966,3.7999999999994998,3.7999999999994998,40512,40512,0,0,29,29,0,0.0,
rate3.0_s4,0.5,runner_up_ungated,81416,6.133333333333496,6.133333333333496,7.466666666666754,7.466666666666754,2.570000000000046,2.570000000000046,1.7344746821552028,1.7344746821552028,2.577777777777797,2.577777777777797,8.499999999999545,8.499999999999545,40297,40297,0,0,26,26,0,0.0,
rate3.0_s4,0.5,runner_up_ungated,81417,5.466666666666669,5.466666666666669,6.46666666666664,6.46666666666664,2.3000000000000584,2.3000000000000584,1.7564438579904789,1.7564438579904789,2.5263888888888864,2.5263888888888864,10.333333333332916,10.333333333332916,39451,39451,0,0,26,26,0,0.0,
rate3.0_s4,0.5,runner_up_ungated,81418,6.133333333333496,6.133333333333496,7.0,7.0,2.382500000000067,2.382500000000067,1.648843337354911,1.648843337354911,2.7333333333333316,2.7333333333333316,8.699999999999477,8.699999999999477,40503,40503,0,0,25,25,0,0.0,
rate3.0_s4,0.5,runner_up_ungated,81419,6.466666666666811,6.466666666666811,7.466666666666754,7.466666666666754,2.652500000000031,2.652500000000031,1.698045490989117,1.698045490989117,2.3644444444444503,2.3644444444444503,5.766666666666083,5.766666666666083,39618,39618,0,0,32,32,0,0.0,
rate3.0_s4,0.5,runner_up_ungated,81420,5.133333333333439,5.133333333333439,6.799999999999983,6.799999999999983,2.2350000000000447,2.2350000000000447,1.6652356336738592,1.6652356336738592,2.334615384615382,2.334615384615382,12.666666666665947,12.666666666665947,40533,40533,0,0,28,28,0,0.0,
rate3.0_s4,0.5,runner_up_ungated,81421,5.4666666666666615,5.4666666666666615,5.866666666666845,5.866666666666845,2.212500000000058,2.212500000000058,1.6496848661551542,1.6496848661551542,2.8222222222222575,2.8222222222222575,12.19999999999925,12.19999999999925,40773,40773,0,0,30,30,0,0.0,
rate3.0_s4,0.5,runner_up_ungated,81422,5.133333333333439,5.133333333333439,7.466666666666754,7.466666666666754,2.3850000000000624,2.3850000000000624,1.7061030967196416,1.7061030967196416,2.9833333333333307,2.9833333333333307,20.59999999999934,20.59999999999934,40835,40835,0,0,26,26,0,0.0,
rate3.0_s4,0.5,runner_up_ungated,81423,5.466666666666811,5.466666666666811,7.133333333333326,7.133333333333326,2.482500000000032,2.482500000000032,1.6674505928010248,1.6674505928010248,2.3000000000000087,2.3000000000000087,2.3999999999995225,2.3999999999995225,39804,39804,0,0,32,32,0,0.0,
rate3.0_s4,0.5,runner_up_ungated,81424,5.46666666666664,5.46666666666664,6.46666666666664,6.46666666666664,2.265000000000065,2.265000000000065,1.6931219936686257,1.6931219936686257,2.5212121212121303,2.5212121212121303,13.099999999999454,13.099999999999454,40455,40455,0,0,35,35,0,0.0,
rate3.0_s4,0.5,runner_up_ungated,81425,5.46666666666664,5.46666666666664,7.466666666666669,7.466666666666669,2.5300000000000726,2.5300000000000726,1.7123284347611356,1.7123284347611356,2.838095238095247,2.838095238095247,5.799999999999386,5.799999999999386,40378,40378,0,0,29,29,0,0.0,
rate3.0_s4,0.5,runner_up_ungated,81426,7.466666666666754,7.466666666666754,8.333333333333314,8.333333333333314,2.765000000000092,2.765000000000092,1.7837210315815692,1.7837210315815692,3.233333333333377,3.233333333333377,8.39999999999884,8.39999999999884,40709,40709,0,0,28,28,0,0.0,
rate3.0_s4,0.5,runner_up_ungated,81427,6.266666666666822,6.266666666666822,7.0,7.0,2.4550000000000756,2.4550000000000756,1.6442425160010568,1.6442425160010568,2.806666666666655,2.806666666666655,11.033333333332735,11.033333333332735,40495,40495,0,0,29,29,0,0.0,
rate3.0_s4,0.5,runner_up_ungated,81428,5.133333333333326,5.133333333333326,6.133333333333496,6.133333333333496,2.315000000000098,2.315000000000098,1.6828935093078368,1.6828935093078368,2.5866666666666673,2.5866666666666673,25.16666666666606,25.16666666666606,41571,41571,0,0,24,24,0,0.0,
rate3.0_s4,0.5,runner_up_ungated,81429,6.0,6.0,7.133333333333439,7.133333333333439,2.4200000000000426,2.4200000000000426,1.6420406316577476,1.6420406316577476,3.0888888888889006,3.0888888888889006,16.133333333332644,16.133333333332644,40653,40653,0,0,31,31,0,0.0,
rate3.0_s4,2.0,selected_gated,81400,5.933333333333678,5.933333333333678,7.133333333333439,7.133333333333439,2.420000000000059,2.420000000000059,1.752902001269676,1.752902001269676,2.966666666666621,2.966666666666621,13.999999999999432,13.999999999999432,40544,40544,0,0,27,27,0,0.0,
rate3.0_s4,2.0,selected_gated,81401,6.46666666666664,6.46666666666664,7.266666666666879,7.266666666666879,2.560000000000101,2.560000000000101,1.8077251773073937,1.8077251773073937,2.792592592592592,2.792592592592592,10.266666666666424,10.266666666666424,40212,40212,0,0,34,34,0,0.0,
rate3.0_s4,2.0,selected_gated,81402,5.466666666666669,5.466666666666669,7.133333333333439,7.133333333333439,2.3900000000000547,2.3900000000000547,1.7491229314481125,1.7491229314481125,2.8974358974359076,2.8974358974359076,1.8666666666665606,1.8666666666665606,39400,39400,0,0,27,27,0,0.0,
rate3.0_s4,2.0,selected_gated,81403,6.799999999999983,6.799999999999983,7.133333333333439,7.133333333333439,2.7400000000000393,2.7400000000000393,2.0116275085528583,2.0116275085528583,3.550000000000008,3.550000000000008,7.73333333333278,7.73333333333278,40226,40226,0,0,27,27,0,0.0,
rate3.0_s4,2.0,selected_gated,81404,6.13333333333361,6.13333333333361,7.466666666666669,7.466666666666669,2.575000000000104,2.575000000000104,1.7004634207653566,1.7004634207653566,2.7725490196078026,2.7725490196078026,18.799999999999272,18.799999999999272,40589,40589,0,0,32,32,0,0.0,
rate3.0_s4,2.0,selected_gated,81405,5.133333333333326,5.133333333333326,7.133333333333439,7.133333333333439,2.2600000000000553,2.2600000000000553,1.5856133629907991,1.5856133629907991,2.566666666666727,2.566666666666727,14.933333333332598,14.933333333332598,40834,40834,0,0,30,30,0,0.0,
rate3.0_s4,2.0,selected_gated,81406,6.799999999999983,6.799999999999983,7.133333333333439,7.133333333333439,2.730000000000077,2.730000000000077,1.8157321403239775,1.8157321403239775,2.8190476190476943,2.8190476190476943,14.999999999999432,14.999999999999432,41091,41091,0,0,26,26,0,0.0,
rate3.0_s4,2.0,selected_gated,81407,5.533333333333644,5.533333333333644,6.133333333333297,6.133333333333297,2.440000000000073,2.440000000000073,1.7803868864848844,1.7803868864848844,2.9733333333333385,2.9733333333333385,13.999999999999318,13.999999999999318,40292,40292,0,0,34,34,0,0.0,
rate3.0_s4,2.0,selected_gated,81408,5.933333333333508,5.933333333333508,7.46666666666664,7.46666666666664,2.5650000000000555,2.5650000000000555,1.815300803080066,1.815300803080066,3.199999999999995,3.199999999999995,17.19999999999925,17.19999999999925,41080,41080,0,0,28,28,0,0.0,
rate3.0_s4,2.0,selected_gated,81409,5.133333333333439,5.133333333333439,7.133333333333439,7.133333333333439,2.5000000000000044,2.5000000000000044,1.6735104680732253,1.6735104680732253,2.800000000000068,2.800000000000068,1.9999999999990905,1.9999999999990905,39410,39410,0,0,28,28,0,0.0,
rate3.0_s4,2.0,selected_gated,81410,5.133333333333439,5.133333333333439,7.0,7.0,2.3000000000000793,2.3000000000000793,1.702716874524334,1.702716874524334,2.3111111111111438,2.3111111111111438,2.1333333333327573,2.1333333333327573,40527,40527,0,0,28,28,0,0.0,
rate3.0_s4,2.0,selected_gated,81411,5.466666666666811,5.466666666666811,7.133333333333326,7.133333333333326,2.5500000000000584,2.5500000000000584,1.89224935514324,1.89224935514324,3.1400000000000263,3.1400000000000263,19.19999999999925,19.19999999999925,40997,40997,0,0,29,29,0,0.0,
rate3.0_s4,2.0,selected_gated,81412,6.46666666666664,6.46666666666664,8.333333333333314,8.333333333333314,2.459999999999971,2.459999999999971,1.743613834092055,1.743613834092055,2.9037037037037217,2.9037037037037217,34.06666666666524,34.06666666666524,41699,41699,0,0,34,34,0,0.0,
rate3.0_s4,2.0,selected_gated,81413,6.46666666666664,6.46666666666664,7.133333333333439,7.133333333333439,2.305000000000044,2.305000000000044,1.6618016167707104,1.6618016167707104,2.3095238095238244,2.3095238095238244,4.999999999999545,4.999999999999545,39555,39555,0,0,26,26,0,0.0,
rate3.0_s4,2.0,selected_gated,81414,5.133333333333439,5.133333333333439,7.333333333333371,7.333333333333371,2.390000000000057,2.390000000000057,1.7307488906789081,1.7307488906789081,2.6871794871794843,2.6871794871794843,12.399999999999181,12.399999999999181,40980,40980,0,0,28,28,0,0.0,
rate3.0_s4,2.0,selected_gated,81415,6.466666666666811,6.466666666666811,7.466666666666669,7.466666666666669,2.4150000000000786,2.4150000000000786,1.6875431535704362,1.6875431535704362,2.8666666666666742,2.8666666666666742,3.9999999999995453,3.9999999999995453,40431,40431,0,0,29,29,0,0.0,
rate3.0_s4,2.0,selected_gated,81416,6.133333333333496,6.133333333333496,7.466666666666754,7.466666666666754,2.570000000000046,2.570000000000046,1.749457283562037,1.749457283562037,2.577777777777797,2.577777777777797,9.999999999999545,9.999999999999545,40297,40297,0,0,26,26,0,0.0,
rate3.0_s4,2.0,selected_gated,81417,5.466666666666669,5.466666666666669,6.46666666666664,6.46666666666664,2.2300000000000684,2.2300000000000684,1.6783679648780212,1.6783679648780212,2.5888888888888864,2.5888888888888864,10.333333333332916,10.333333333332916,39637,39637,0,0,30,30,0,0.0,
rate3.0_s4,2.0,selected_gated,81418,6.799999999999983,6.799999999999983,7.466666666666669,7.466666666666669,2.510000000000061,2.510000000000061,1.6803831487614378,1.6803831487614378,2.7333333333333316,2.7333333333333316,10.199999999999363,10.199999999999363,40679,40679,0,0,28,28,0,0.0,
rate3.0_s4,2.0,selected_gated,81419,6.466666666666811,6.466666666666811,7.466666666666754,7.466666666666754,2.6700000000000377,2.6700000000000377,1.7369901448291099,1.7369901448291099,2.3644444444444503,2.3644444444444503,14.26666666666597,14.26666666666597,40075,40075,0,0,29,29,0,0.0,
rate3.0_s4,2.0,selected_gated,81420,5.533333333333417,5.533333333333417,6.799999999999983,6.799999999999983,2.4250000000000402,2.4250000000000402,1.6583668800289826,1.6583668800289826,2.4400000000000204,2.4400000000000204,4.666666666666174,4.666666666666174,40021,40021,0,0,31,31,0,0.0,
rate3.0_s4,2.0,selected_gated,81421,5.4666666666666615,5.4666666666666615,7.200000000000443,7.200000000000443,2.4150000000000658,2.4150000000000658,1.652273618635125,1.652273618635125,2.4888888888889116,2.4888888888889116,15.19999999999925,15.19999999999925,40984,40984,0,0,32,32,0,0.0,
rate3.0_s4,2.0,selected_gated,81422,5.133333333333439,5.133333333333439,7.466666666666754,7.466666666666754,2.3850000000000624,2.3850000000000624,1.7131809396220117,1.7131809396220117,2.9833333333333307,2.9833333333333307,23.599999999999227,23.599999999999227,40931,40931,0,0,26,26,0,0.0,
rate3.0_s4,2.0,selected_gated,81423,6.200000000000216,6.200000000000216,7.133333333333326,7.133333333333326,2.7400000000000846,2.7400000000000846,1.7850009559721058,1.7850009559721058,2.5000000000000093,2.5000000000000093,23.799999999999272,23.799999999999272,40932,40932,0,0,35,35,0,0.0,
rate3.0_s4,2.0,selected_gated,81424,5.4666666666666615,5.4666666666666615,7.266666666666993,7.266666666666993,2.390000000000065,2.390000000000065,1.7140301038219878,1.7140301038219878,2.6575757575757666,2.6575757575757666,14.599999999999454,14.599999999999454,40428,40428,0,0,34,34,0,0.0,
rate3.0_s4,2.0,selected_gated,81425,5.46666666666664,5.46666666666664,7.466666666666669,7.466666666666669,2.4750000000000627,2.4750000000000627,1.6993822635594362,1.6993822635594362,2.838095238095247,2.838095238095247,5.799999999999386,5.799999999999386,40343,40343,0,0,26,26,0,0.0,
rate3.0_s4,2.0,selected_gated,81426,6.266666666666765,6.266666666666765,8.333333333333314,8.333333333333314,2.5850000000000906,2.5850000000000906,1.796393371745705,1.796393371745705,3.233333333333377,3.233333333333377,5.199999999999022,5.199999999999022,40289,40289,0,0,28,28,0,0.0,
rate3.0_s4,2.0,selected_gated,81427,5.7999999999999545,5.7999999999999545,7.133333333333439,7.133333333333439,2.475000000000053,2.475000000000053,1.706784826248268,1.706784826248268,2.9649122807017263,2.9649122807017263,9.733333333332553,9.733333333332553,40381,40381,0,0,28,28,0,0.0,
rate3.0_s4,2.0,selected_gated,81428,5.133333333333326,5.133333333333326,6.133333333333496,6.133333333333496,2.2400000000000984,2.2400000000000984,1.678249169457517,1.678249169457517,2.5866666666666673,2.5866666666666673,26.06666666666581,26.06666666666581,41538,41538,0,0,24,24,0,0.0,
rate3.0_s4,2.0,selected_gated,81429,6.0,6.0,7.133333333333439,7.133333333333439,2.4850000000000447,2.4850000000000447,1.6734199941402514,1.6734199941402514,3.0888888888889006,3.0888888888889006,16.133333333332644,16.133333333332644,40639,40639,0,0,32,32,0,0.0,
rate3.0_s4,2.0,selected_ungated,81400,5.933333333333678,5.933333333333678,7.133333333333439,7.133333333333439,2.420000000000059,2.420000000000059,1.752902001269676,1.752902001269676,2.966666666666621,2.966666666666621,13.999999999999432,13.999999999999432,40544,40544,0,0,27,27,0,0.0,
rate3.0_s4,2.0,selected_ungated,81401,6.46666666666664,6.46666666666664,7.266666666666879,7.266666666666879,2.560000000000101,2.560000000000101,1.8077251773073937,1.8077251773073937,2.792592592592592,2.792592592592592,10.266666666666424,10.266666666666424,40212,40212,0,0,34,34,0,0.0,
rate3.0_s4,2.0,selected_ungated,81402,5.466666666666669,5.466666666666669,7.133333333333439,7.133333333333439,2.3900000000000547,2.3900000000000547,1.7491229314481125,1.7491229314481125,2.8974358974359076,2.8974358974359076,1.8666666666665606,1.8666666666665606,39400,39400,0,0,27,27,0,0.0,
rate3.0_s4,2.0,selected_ungated,81403,6.799999999999983,6.799999999999983,7.133333333333439,7.133333333333439,2.7400000000000393,2.7400000000000393,2.0116275085528583,2.0116275085528583,3.550000000000008,3.550000000000008,7.73333333333278,7.73333333333278,40226,40226,0,0,27,27,0,0.0,
rate3.0_s4,2.0,selected_ungated,81404,6.13333333333361,6.13333333333361,7.466666666666669,7.466666666666669,2.575000000000104,2.575000000000104,1.7004634207653566,1.7004634207653566,2.7725490196078026,2.7725490196078026,18.799999999999272,18.799999999999272,40589,40589,0,0,32,32,0,0.0,
rate3.0_s4,2.0,selected_ungated,81405,5.133333333333326,5.133333333333326,7.133333333333439,7.133333333333439,2.2600000000000553,2.2600000000000553,1.5856133629907991,1.5856133629907991,2.566666666666727,2.566666666666727,14.933333333332598,14.933333333332598,40834,40834,0,0,30,30,0,0.0,
rate3.0_s4,2.0,selected_ungated,81406,6.799999999999983,6.799999999999983,7.133333333333439,7.133333333333439,2.730000000000077,2.730000000000077,1.8157321403239775,1.8157321403239775,2.8190476190476943,2.8190476190476943,14.999999999999432,14.999999999999432,41091,41091,0,0,26,26,0,0.0,
rate3.0_s4,2.0,selected_ungated,81407,5.533333333333644,5.533333333333644,6.133333333333297,6.133333333333297,2.440000000000073,2.440000000000073,1.7803868864848844,1.7803868864848844,2.9733333333333385,2.9733333333333385,13.999999999999318,13.999999999999318,40292,40292,0,0,34,34,0,0.0,
rate3.0_s4,2.0,selected_ungated,81408,5.933333333333508,5.933333333333508,7.46666666666664,7.46666666666664,2.5650000000000555,2.5650000000000555,1.815300803080066,1.815300803080066,3.199999999999995,3.199999999999995,17.19999999999925,17.19999999999925,41080,41080,0,0,28,28,0,0.0,
rate3.0_s4,2.0,selected_ungated,81409,5.133333333333439,5.133333333333439,7.133333333333439,7.133333333333439,2.5000000000000044,2.5000000000000044,1.6735104680732253,1.6735104680732253,2.800000000000068,2.800000000000068,1.9999999999990905,1.9999999999990905,39410,39410,0,0,28,28,0,0.0,
rate3.0_s4,2.0,selected_ungated,81410,5.133333333333439,5.133333333333439,7.0,7.0,2.3000000000000793,2.3000000000000793,1.702716874524334,1.702716874524334,2.3111111111111438,2.3111111111111438,2.1333333333327573,2.1333333333327573,40527,40527,0,0,28,28,0,0.0,
rate3.0_s4,2.0,selected_ungated,81411,5.466666666666811,5.466666666666811,7.133333333333326,7.133333333333326,2.5500000000000584,2.5500000000000584,1.89224935514324,1.89224935514324,3.1400000000000263,3.1400000000000263,19.19999999999925,19.19999999999925,40997,40997,0,0,29,29,0,0.0,
rate3.0_s4,2.0,selected_ungated,81412,6.46666666666664,6.46666666666664,8.333333333333314,8.333333333333314,2.459999999999971,2.459999999999971,1.743613834092055,1.743613834092055,2.9037037037037217,2.9037037037037217,34.06666666666524,34.06666666666524,41699,41699,0,0,34,34,0,0.0,
rate3.0_s4,2.0,selected_ungated,81413,6.46666666666664,6.46666666666664,7.133333333333439,7.133333333333439,2.305000000000044,2.305000000000044,1.6618016167707104,1.6618016167707104,2.3095238095238244,2.3095238095238244,4.999999999999545,4.999999999999545,39555,39555,0,0,26,26,0,0.0,
rate3.0_s4,2.0,selected_ungated,81414,5.133333333333439,5.133333333333439,7.333333333333371,7.333333333333371,2.390000000000057,2.390000000000057,1.7307488906789081,1.7307488906789081,2.6871794871794843,2.6871794871794843,12.399999999999181,12.399999999999181,40980,40980,0,0,28,28,0,0.0,
rate3.0_s4,2.0,selected_ungated,81415,6.466666666666811,6.466666666666811,7.466666666666669,7.466666666666669,2.4150000000000786,2.4150000000000786,1.6875431535704362,1.6875431535704362,2.8666666666666742,2.8666666666666742,3.9999999999995453,3.9999999999995453,40431,40431,0,0,29,29,0,0.0,
rate3.0_s4,2.0,selected_ungated,81416,6.133333333333496,6.133333333333496,7.466666666666754,7.466666666666754,2.570000000000046,2.570000000000046,1.749457283562037,1.749457283562037,2.577777777777797,2.577777777777797,9.999999999999545,9.999999999999545,40297,40297,0,0,26,26,0,0.0,
rate3.0_s4,2.0,selected_ungated,81417,5.466666666666669,5.466666666666669,6.46666666666664,6.46666666666664,2.2300000000000684,2.2300000000000684,1.6783679648780212,1.6783679648780212,2.5888888888888864,2.5888888888888864,10.333333333332916,10.333333333332916,39637,39637,0,0,30,30,0,0.0,
rate3.0_s4,2.0,selected_ungated,81418,6.799999999999983,6.799999999999983,7.466666666666669,7.466666666666669,2.510000000000061,2.510000000000061,1.6803831487614378,1.6803831487614378,2.7333333333333316,2.7333333333333316,10.199999999999363,10.199999999999363,40679,40679,0,0,28,28,0,0.0,
rate3.0_s4,2.0,selected_ungated,81419,6.466666666666811,6.466666666666811,7.466666666666754,7.466666666666754,2.6700000000000377,2.6700000000000377,1.7369901448291099,1.7369901448291099,2.3644444444444503,2.3644444444444503,14.26666666666597,14.26666666666597,40075,40075,0,0,29,29,0,0.0,
rate3.0_s4,2.0,selected_ungated,81420,5.533333333333417,5.533333333333417,6.799999999999983,6.799999999999983,2.4250000000000402,2.4250000000000402,1.6583668800289826,1.6583668800289826,2.4400000000000204,2.4400000000000204,4.666666666666174,4.666666666666174,40021,40021,0,0,31,31,0,0.0,
rate3.0_s4,2.0,selected_ungated,81421,5.4666666666666615,5.4666666666666615,7.200000000000443,7.200000000000443,2.4150000000000658,2.4150000000000658,1.652273618635125,1.652273618635125,2.4888888888889116,2.4888888888889116,15.19999999999925,15.19999999999925,40984,40984,0,0,32,32,0,0.0,
rate3.0_s4,2.0,selected_ungated,81422,5.133333333333439,5.133333333333439,7.466666666666754,7.466666666666754,2.3850000000000624,2.3850000000000624,1.7131809396220117,1.7131809396220117,2.9833333333333307,2.9833333333333307,23.599999999999227,23.599999999999227,40931,40931,0,0,26,26,0,0.0,
rate3.0_s4,2.0,selected_ungated,81423,6.200000000000216,6.200000000000216,7.133333333333326,7.133333333333326,2.7400000000000846,2.7400000000000846,1.7850009559721058,1.7850009559721058,2.5000000000000093,2.5000000000000093,23.799999999999272,23.799999999999272,40932,40932,0,0,35,35,0,0.0,
rate3.0_s4,2.0,selected_ungated,81424,5.4666666666666615,5.4666666666666615,7.266666666666993,7.266666666666993,2.390000000000065,2.390000000000065,1.7140301038219878,1.7140301038219878,2.6575757575757666,2.6575757575757666,14.599999999999454,14.599999999999454,40428,40428,0,0,34,34,0,0.0,
rate3.0_s4,2.0,selected_ungated,81425,5.46666666666664,5.46666666666664,7.466666666666669,7.466666666666669,2.4750000000000627,2.4750000000000627,1.6993822635594362,1.6993822635594362,2.838095238095247,2.838095238095247,5.799999999999386,5.799999999999386,40343,40343,0,0,26,26,0,0.0,
rate3.0_s4,2.0,selected_ungated,81426,6.266666666666765,6.266666666666765,8.333333333333314,8.333333333333314,2.5850000000000906,2.5850000000000906,1.796393371745705,1.796393371745705,3.233333333333377,3.233333333333377,5.199999999999022,5.199999999999022,40289,40289,0,0,28,28,0,0.0,
rate3.0_s4,2.0,selected_ungated,81427,5.7999999999999545,5.7999999999999545,7.133333333333439,7.133333333333439,2.475000000000053,2.475000000000053,1.706784826248268,1.706784826248268,2.9649122807017263,2.9649122807017263,9.733333333332553,9.733333333332553,40381,40381,0,0,28,28,0,0.0,
rate3.0_s4,2.0,selected_ungated,81428,5.133333333333326,5.133333333333326,6.133333333333496,6.133333333333496,2.2400000000000984,2.2400000000000984,1.678249169457517,1.678249169457517,2.5866666666666673,2.5866666666666673,26.06666666666581,26.06666666666581,41538,41538,0,0,24,24,0,0.0,
rate3.0_s4,2.0,selected_ungated,81429,6.0,6.0,7.133333333333439,7.133333333333439,2.4850000000000447,2.4850000000000447,1.6734199941402514,1.6734199941402514,3.0888888888889006,3.0888888888889006,16.133333333332644,16.133333333332644,40639,40639,0,0,32,32,0,0.0,
rate3.0_s4,2.0,original_q2_a0.8_or_ungated,81400,5.933333333333678,4.133333333333326,7.133333333333439,4.46666666666664,2.420000000000059,1.625000000000026,1.752902001269676,1.742764953410576,2.966666666666621,2.455555555555563,13.999999999999432,-3.410605131648481e-13,40544,40636,0,40,27,35,10,1.0,1.0
rate3.0_s4,2.0,original_q2_a0.8_or_ungated,81401,6.46666666666664,4.133333333333326,7.266666666666879,4.466666666666669,2.560000000000101,1.675000000000087,1.8077251773073937,1.7789541985434654,2.792592592592592,2.7703703703703773,10.266666666666424,9.066666666666265,40212,41553,0,40,34,41,10,1.0,1.0
rate3.0_s4,2.0,original_q2_a0.8_or_ungated,81402,5.466666666666669,4.46666666666664,7.133333333333439,4.466666666666669,2.3900000000000547,1.7200000000000688,1.7491229314481125,1.7328068691400886,2.8974358974359076,2.733333333333327,1.8666666666665606,18.666666666666288,39400,41756,0,40,27,44,10,1.0,1.0
rate3.0_s4,2.0,original_q2_a0.8_or_ungated,81403,6.799999999999983,4.133333333333326,7.133333333333439,4.799999999999926,2.7400000000000393,1.7250000000000303,2.0116275085528583,1.7993909221858515,3.550000000000008,3.4833333333333343,7.73333333333278,12.333333333332803,40226,41929,0,40,27,42,10,1.0,1.0
rate3.0_s4,2.0,original_q2_a0.8_or_ungated,81404,6.13333333333361,4.133333333333326,7.466666666666669,4.93333333333328,2.575000000000104,1.7500000000000842,1.7004634207653566,1.6573537798128306,2.7725490196078026,2.816666666666663,18.799999999999272,8.799999999999045,40589,41769,0,40,32,45,10,1.0,1.0
rate3.0_s4,2.0,original_q2_a0.8_or_ungated,81405,5.133333333333326,4.133333333333326,7.133333333333439,4.133333333333326,2.2600000000000553,1.5600000000000551,1.5856133629907991,1.5555066718768313,2.566666666666727,2.052173913043485,14.933333333332598,26.33333333333246,40834,43136,0,40,30,43,10,1.0,1.0
rate3.0_s4,2.0,original_q2_a0.8_or_ungated,81406,6.799999999999983,4.4666666666666615,7.133333333333439,4.799999999999983,2.730000000000077,1.695000000000066,1.8157321403239775,1.6773309697928234,2.8190476190476943,2.600000000000006,14.999999999999432,11.999999999999318,41091,42280,0,40,26,38,10,1.0,1.0
rate3.0_s4,2.0,original_q2_a0.8_or_ungated,81407,5.533333333333644,4.133333333333326,6.133333333333297,4.799999999999983,2.440000000000073,1.7550000000000598,1.7803868864848844,1.6840102316036731,2.9733333333333385,2.7733333333333463,13.999999999999318,14.999999999999204,40292,41587,0,40,34,37,10,1.0,1.0
rate3.0_s4,2.0,original_q2_a0.8_or_ungated,81408,5.933333333333508,4.133333333333326,7.46666666666664,4.4666666666666615,2.5650000000000555,1.7900000000000535,1.815300803080066,1.8892041581874655,3.199999999999995,2.4133333333334006,17.19999999999925,32.39999999999884,41080,43459,0,40,28,40,10,1.0,1.0
rate3.0_s4,2.0,original_q2_a0.8_or_ungated,81409,5.133333333333439,4.200000000000159,7.133333333333439,4.93333333333328,2.5000000000000044,1.6750000000000458,1.6735104680732253,1.6577332533167373,2.800000000000068,2.163809523809537,1.9999999999990905,11.60000000000025,39410,41403,0,40,28,42,10,1.0,1.0
rate3.0_s4,2.0,original_q2_a0.8_or_ungated,81410,5.133333333333439,4.066666666667004,7.0,4.466666666666697,2.3000000000000793,1.585000000000107,1.702716874524334,1.6498894390637926,2.3111111111111438,2.2333333333332916,2.1333333333327573,13.533333333332507,40527,42517,0,40,28,41,10,1.0,1.0
rate3.0_s4,2.0,original_q2_a0.8_or_ungated,81411,5.466666666666811,4.133333333333326,7.133333333333326,4.4666666666666615,2.5500000000000584,1.7150000000000811,1.89224935514324,1.6854753950954966,3.1400000000000263,2.980000000000024,19.19999999999925,4.599999999999568,40997,41883,0,40,29,42,10,1.0,1.0
rate3.0_s4,2.0,original_q2_a0.8_or_ungated,81412,6.46666666666664,4.133333333333326,8.333333333333314,4.46666666666664,2.459999999999971,1.670000000000007,1.743613834092055,1.5922580582849255,2.9037037037037217,2.488888888888874,34.06666666666524,12.866666666665424,41699,41773,0,40,34,46,10,1.0,1.0
rate3.0_s4,2.0,original_q2_a0.8_or_ungated,81413,6.46666666666664,4.133333333333326,7.133333333333439,4.7999999999999545,2.305000000000044,1.650000000000055,1.6618016167707104,1.5906784786562844,2.3095238095238244,2.20987654320985,4.999999999999545,11.199999999999477,39555,41549,0,40,26,41,10,1.0,1.0
rate3.0_s4,2.0,original_q2_a0.8_or_ungated,81414,5.133333333333439,4.133333333333326,7.333333333333371,4.133333333333354,2.390000000000057,1.7500000000001055,1.7307488906789081,1.689938318153207,2.6871794871794843,2.6363636363636336,12.399999999999181,6.599999999999227,40980,42347,0,40,28,43,10,1.0,1.0
rate3.0_s4,2.0,original_q2_a0.8_or_ungated,81415,6.466666666666811,4.133333333333326,7.466666666666669,4.466666666666669,2.4150000000000786,1.600000000000073,1.6875431535704362,1.5592897740081186,2.8666666666666742,2.4833333333333343,3.9999999999995453,2.7999999999994998,40431,41574,0,40,29,43,10,1.0,1.0
rate3.0_s4,2.0,original_q2_a0.8_or_ungated,81416,6.133333333333496,4.133333333333326,7.466666666666754,4.4666666666666615,2.570000000000046,1.6500000000000772,1.749457283562037,1.6381405507216875,2.577777777777797,2.430000000000001,9.999999999999545,2.3999999999995225,40297,41377,0,40,26,41,10,1.0,1.0
rate3.0_s4,2.0,original_q2_a0.8_or_ungated,81417,5.466666666666669,4.133333333333326,6.46666666666664,4.466666666666669,2.2300000000000684,1.6000000000000743,1.6783679648780212,1.6205315189974023,2.5888888888888864,2.4000000000000226,10.333333333332916,11.133333333332985,39637,41123,0,40,30,42,10,1.0,1.0
rate3.0_s4,2.0,original_q2_a0.8_or_ungated,81418,6.799999999999983,4.4666666666666615,7.466666666666669,4.799999999999983,2.510000000000061,1.7150000000000714,1.6803831487614378,1.5630489954832683,2.7333333333333316,2.538461538461556,10.199999999999363,4.999999999999432,40679,41614,0,40,28,43,10,1.0,1.0
rate3.0_s4,2.0,original_q2_a0.8_or_ungated,81419,6.466666666666811,4.133333333333326,7.466666666666754,4.93333333333328,2.6700000000000377,1.7400000000000593,1.7369901448291099,1.6592648465509516,2.3644444444444503,2.08333333333335,14.26666666666597,11.066666666666492,40075,41536,0,40,29,41,10,1.0,1.0
rate3.0_s4,2.0,original_q2_a0.8_or_ungated,81420,5.533333333333417,4.266666666666765,6.799999999999983,4.799999999999983,2.4250000000000402,1.67500000000005,1.6583668800289826,1.597730632032055,2.4400000000000204,2.3769230769230743,4.666666666666174,11.866666666665992,40021,42020,0,40,31,40,10,1.0,1.0
rate3.0_s4,2.0,original_q2_a0.8_or_ungated,81421,5.4666666666666615,4.266666666666879,7.200000000000443,4.466666666666669,2.4150000000000658,1.780000000000086,1.652273618635125,1.5845561071671648,2.4888888888889116,2.4444444444444695,15.19999999999925,13.999999999999204,40984,42288,0,40,32,41,10,1.0,1.0
rate3.0_s4,2.0,original_q2_a0.8_or_ungated,81422,5.133333333333439,4.133333333333326,7.466666666666754,4.799999999999983,2.3850000000000624,1.6350000000000695,1.7131809396220117,1.668348195822294,2.9833333333333307,2.7333333333333307,23.599999999999227,28.7999999999995,40931,42515,0,40,26,42,10,1.0,1.0
rate3.0_s4,2.0,original_q2_a0.8_or_ungated,81423,6.200000000000216,3.133333333333894,7.133333333333326,4.4666666666666615,2.7400000000000846,1.4900000000001126,1.7850009559721058,1.5929931393087524,2.5000000000000093,2.5000000000000093,23.799999999999272,2.7999999999994998,40932,41593,0,40,35,38,10,1.0,1.0
rate3.0_s4,2.0,original_q2_a0.8_or_ungated,81424,5.4666666666666615,4.133333333333326,7.266666666666993,4.4666666666666615,2.390000000000065,1.6200000000000903,1.7140301038219878,1.6433434512790572,2.6575757575757666,2.6078431372548843,14.599999999999454,10.399999999999409,40428,41741,0,40,34,44,10,1.0,1.0
rate3.0_s4,2.0,original_q2_a0.8_or_ungated,81425,5.46666666666664,4.133333333333326,7.466666666666669,4.46666666666664,2.4750000000000627,1.68000000000005,1.6993822635594362,1.6830368992349682,2.838095238095247,2.6952380952381043,5.799999999999386,3.7999999999991587,40343,41445,0,40,26,40,10,1.0,1.0
rate3.0_s4,2.0,original_q2_a0.8_or_ungated,81426,6.266666666666765,4.46666666666664,8.333333333333314,4.466666666666669,2.5850000000000906,1.6800000000000312,1.796393371745705,1.6147233134144703,3.233333333333377,2.9777777777777525,5.199999999999022,4.199999999999477,40289,41618,0,40,28,44,10,1.0,1.0
rate3.0_s4,2.0,original_q2_a0.8_or_ungated,81427,5.7999999999999545,4.4666666666666615,7.133333333333439,4.7999999999999545,2.475000000000053,1.7150000000000336,1.706784826248268,1.6752846396832795,2.9649122807017263,2.5400000000000063,9.733333333332553,1.3333333333325754,40381,40877,0,40,28,38,10,1.0,1.0
rate3.0_s4,2.0,original_q2_a0.8_or_ungated,81428,5.133333333333326,4.133333333333269,6.133333333333496,4.46666666666664,2.2400000000000984,1.6950000000000873,1.678249169457517,1.5911477887646068,2.5866666666666673,2.266666666666697,26.06666666666581,27.266666666666083,41538,43165,0,40,24,42,10,1.0,1.0
rate3.0_s4,2.0,original_q2_a0.8_or_ungated,81429,6.0,4.066666666666833,7.133333333333439,4.799999999999983,2.4850000000000447,1.5300000000000533,1.6734199941402514,1.6561846995631881,3.0888888888889006,2.5833333333333415,16.133333333332644,16.333333333332575,40639,41642,0,40,32,38,10,1.0,1.0
rate3.0_s4,2.0,runner_up_ungated,81400,5.933333333333678,5.933333333333678,7.133333333333439,7.133333333333439,2.420000000000059,2.420000000000059,1.752902001269676,1.752902001269676,2.966666666666621,2.966666666666621,13.999999999999432,13.999999999999432,40544,40544,0,0,27,27,0,0.0,
rate3.0_s4,2.0,runner_up_ungated,81401,6.46666666666664,6.46666666666664,7.266666666666879,7.266666666666879,2.560000000000101,2.560000000000101,1.8077251773073937,1.8077251773073937,2.792592592592592,2.792592592592592,10.266666666666424,10.266666666666424,40212,40212,0,0,34,34,0,0.0,
rate3.0_s4,2.0,runner_up_ungated,81402,5.466666666666669,5.466666666666669,7.133333333333439,7.133333333333439,2.3900000000000547,2.3900000000000547,1.7491229314481125,1.7491229314481125,2.8974358974359076,2.8974358974359076,1.8666666666665606,1.8666666666665606,39400,39400,0,0,27,27,0,0.0,
rate3.0_s4,2.0,runner_up_ungated,81403,6.799999999999983,6.799999999999983,7.133333333333439,7.133333333333439,2.7400000000000393,2.7400000000000393,2.0116275085528583,2.0116275085528583,3.550000000000008,3.550000000000008,7.73333333333278,7.73333333333278,40226,40226,0,0,27,27,0,0.0,
rate3.0_s4,2.0,runner_up_ungated,81404,6.13333333333361,6.13333333333361,7.466666666666669,7.466666666666669,2.575000000000104,2.575000000000104,1.7004634207653566,1.7004634207653566,2.7725490196078026,2.7725490196078026,18.799999999999272,18.799999999999272,40589,40589,0,0,32,32,0,0.0,
rate3.0_s4,2.0,runner_up_ungated,81405,5.133333333333326,5.133333333333326,7.133333333333439,7.133333333333439,2.2600000000000553,2.2600000000000553,1.5856133629907991,1.5856133629907991,2.566666666666727,2.566666666666727,14.933333333332598,14.933333333332598,40834,40834,0,0,30,30,0,0.0,
rate3.0_s4,2.0,runner_up_ungated,81406,6.799999999999983,6.799999999999983,7.133333333333439,7.133333333333439,2.730000000000077,2.730000000000077,1.8157321403239775,1.8157321403239775,2.8190476190476943,2.8190476190476943,14.999999999999432,14.999999999999432,41091,41091,0,0,26,26,0,0.0,
rate3.0_s4,2.0,runner_up_ungated,81407,5.533333333333644,5.533333333333644,6.133333333333297,6.133333333333297,2.440000000000073,2.440000000000073,1.7803868864848844,1.7803868864848844,2.9733333333333385,2.9733333333333385,13.999999999999318,13.999999999999318,40292,40292,0,0,34,34,0,0.0,
rate3.0_s4,2.0,runner_up_ungated,81408,5.933333333333508,5.933333333333508,7.46666666666664,7.46666666666664,2.5650000000000555,2.5650000000000555,1.815300803080066,1.815300803080066,3.199999999999995,3.199999999999995,17.19999999999925,17.19999999999925,41080,41080,0,0,28,28,0,0.0,
rate3.0_s4,2.0,runner_up_ungated,81409,5.133333333333439,5.133333333333439,7.133333333333439,7.133333333333439,2.5000000000000044,2.5000000000000044,1.6735104680732253,1.6735104680732253,2.800000000000068,2.800000000000068,1.9999999999990905,1.9999999999990905,39410,39410,0,0,28,28,0,0.0,
rate3.0_s4,2.0,runner_up_ungated,81410,5.133333333333439,5.133333333333439,7.0,7.0,2.3000000000000793,2.3000000000000793,1.702716874524334,1.702716874524334,2.3111111111111438,2.3111111111111438,2.1333333333327573,2.1333333333327573,40527,40527,0,0,28,28,0,0.0,
rate3.0_s4,2.0,runner_up_ungated,81411,5.466666666666811,5.466666666666811,7.133333333333326,7.133333333333326,2.5500000000000584,2.5500000000000584,1.89224935514324,1.89224935514324,3.1400000000000263,3.1400000000000263,19.19999999999925,19.19999999999925,40997,40997,0,0,29,29,0,0.0,
rate3.0_s4,2.0,runner_up_ungated,81412,6.46666666666664,6.46666666666664,8.333333333333314,8.333333333333314,2.459999999999971,2.459999999999971,1.743613834092055,1.743613834092055,2.9037037037037217,2.9037037037037217,34.06666666666524,34.06666666666524,41699,41699,0,0,34,34,0,0.0,
rate3.0_s4,2.0,runner_up_ungated,81413,6.46666666666664,6.46666666666664,7.133333333333439,7.133333333333439,2.305000000000044,2.305000000000044,1.6618016167707104,1.6618016167707104,2.3095238095238244,2.3095238095238244,4.999999999999545,4.999999999999545,39555,39555,0,0,26,26,0,0.0,
rate3.0_s4,2.0,runner_up_ungated,81414,5.133333333333439,5.133333333333439,7.333333333333371,7.333333333333371,2.390000000000057,2.390000000000057,1.7307488906789081,1.7307488906789081,2.6871794871794843,2.6871794871794843,12.399999999999181,12.399999999999181,40980,40980,0,0,28,28,0,0.0,
rate3.0_s4,2.0,runner_up_ungated,81415,6.466666666666811,6.466666666666811,7.466666666666669,7.466666666666669,2.4150000000000786,2.4150000000000786,1.6875431535704362,1.6875431535704362,2.8666666666666742,2.8666666666666742,3.9999999999995453,3.9999999999995453,40431,40431,0,0,29,29,0,0.0,
rate3.0_s4,2.0,runner_up_ungated,81416,6.133333333333496,6.133333333333496,7.466666666666754,7.466666666666754,2.570000000000046,2.570000000000046,1.749457283562037,1.749457283562037,2.577777777777797,2.577777777777797,9.999999999999545,9.999999999999545,40297,40297,0,0,26,26,0,0.0,
rate3.0_s4,2.0,runner_up_ungated,81417,5.466666666666669,5.466666666666669,6.46666666666664,6.46666666666664,2.2300000000000684,2.2300000000000684,1.6783679648780212,1.6783679648780212,2.5888888888888864,2.5888888888888864,10.333333333332916,10.333333333332916,39637,39637,0,0,30,30,0,0.0,
rate3.0_s4,2.0,runner_up_ungated,81418,6.799999999999983,6.799999999999983,7.466666666666669,7.466666666666669,2.510000000000061,2.510000000000061,1.6803831487614378,1.6803831487614378,2.7333333333333316,2.7333333333333316,10.199999999999363,10.199999999999363,40679,40679,0,0,28,28,0,0.0,
rate3.0_s4,2.0,runner_up_ungated,81419,6.466666666666811,6.466666666666811,7.466666666666754,7.466666666666754,2.6700000000000377,2.6700000000000377,1.7369901448291099,1.7369901448291099,2.3644444444444503,2.3644444444444503,14.26666666666597,14.26666666666597,40075,40075,0,0,29,29,0,0.0,
rate3.0_s4,2.0,runner_up_ungated,81420,5.533333333333417,5.533333333333417,6.799999999999983,6.799999999999983,2.4250000000000402,2.4250000000000402,1.6583668800289826,1.6583668800289826,2.4400000000000204,2.4400000000000204,4.666666666666174,4.666666666666174,40021,40021,0,0,31,31,0,0.0,
rate3.0_s4,2.0,runner_up_ungated,81421,5.4666666666666615,5.4666666666666615,7.200000000000443,7.200000000000443,2.4150000000000658,2.4150000000000658,1.652273618635125,1.652273618635125,2.4888888888889116,2.4888888888889116,15.19999999999925,15.19999999999925,40984,40984,0,0,32,32,0,0.0,
rate3.0_s4,2.0,runner_up_ungated,81422,5.133333333333439,5.133333333333439,7.466666666666754,7.466666666666754,2.3850000000000624,2.3850000000000624,1.7131809396220117,1.7131809396220117,2.9833333333333307,2.9833333333333307,23.599999999999227,23.599999999999227,40931,40931,0,0,26,26,0,0.0,
rate3.0_s4,2.0,runner_up_ungated,81423,6.200000000000216,6.200000000000216,7.133333333333326,7.133333333333326,2.7400000000000846,2.7400000000000846,1.7850009559721058,1.7850009559721058,2.5000000000000093,2.5000000000000093,23.799999999999272,23.799999999999272,40932,40932,0,0,35,35,0,0.0,
rate3.0_s4,2.0,runner_up_ungated,81424,5.4666666666666615,5.4666666666666615,7.266666666666993,7.266666666666993,2.390000000000065,2.390000000000065,1.7140301038219878,1.7140301038219878,2.6575757575757666,2.6575757575757666,14.599999999999454,14.599999999999454,40428,40428,0,0,34,34,0,0.0,
rate3.0_s4,2.0,runner_up_ungated,81425,5.46666666666664,5.46666666666664,7.466666666666669,7.466666666666669,2.4750000000000627,2.4750000000000627,1.6993822635594362,1.6993822635594362,2.838095238095247,2.838095238095247,5.799999999999386,5.799999999999386,40343,40343,0,0,26,26,0,0.0,
rate3.0_s4,2.0,runner_up_ungated,81426,6.266666666666765,6.266666666666765,8.333333333333314,8.333333333333314,2.5850000000000906,2.5850000000000906,1.796393371745705,1.796393371745705,3.233333333333377,3.233333333333377,5.199999999999022,5.199999999999022,40289,40289,0,0,28,28,0,0.0,
rate3.0_s4,2.0,runner_up_ungated,81427,5.7999999999999545,5.7999999999999545,7.133333333333439,7.133333333333439,2.475000000000053,2.475000000000053,1.706784826248268,1.706784826248268,2.9649122807017263,2.9649122807017263,9.733333333332553,9.733333333332553,40381,40381,0,0,28,28,0,0.0,
rate3.0_s4,2.0,runner_up_ungated,81428,5.133333333333326,5.133333333333326,6.133333333333496,6.133333333333496,2.2400000000000984,2.2400000000000984,1.678249169457517,1.678249169457517,2.5866666666666673,2.5866666666666673,26.06666666666581,26.06666666666581,41538,41538,0,0,24,24,0,0.0,
rate3.0_s4,2.0,runner_up_ungated,81429,6.0,6.0,7.133333333333439,7.133333333333439,2.4850000000000447,2.4850000000000447,1.6734199941402514,1.6734199941402514,3.0888888888889006,3.0888888888889006,16.133333333332644,16.133333333332644,40639,40639,0,0,32,32,0,0.0,
