workload,penalty,variant,seed,baseline_p95_wait,variant_p95_wait,baseline_p99_wait,variant_p99_wait,baseline_avg_wait,variant_avg_wait,baseline_avg_slowdown,variant_avg_slowdown,baseline_p95_slowdown,variant_p95_slowdown,baseline_makespan_excess,variant_makespan_excess,baseline_sched_cores_scanned,variant_sched_cores_scanned,baseline_burst_balance_levels_walked,variant_burst_balance_levels_walked,baseline_total_migrations,variant_total_migrations,detector_fires,recall,precision
bursty_high_s24,0.0,selected_gated,80300,1.466666666666697,1.466666666666697,2.53333333333336,2.53333333333336,0.5633333333331585,0.5633333333331585,1.053069937538416,1.053069937538416,1.1566666666666663,1.1566666666666663,0.9333333333326266,0.9333333333326266,47856,47856,0,0,75,75,0,0.0,
bursty_high_s24,0.0,selected_gated,80301,1.400000000000027,1.400000000000027,2.5999999999993406,2.5999999999993406,0.5458333333331641,0.5458333333331641,1.048675020872367,1.048675020872367,1.1859649122807017,1.1859649122807017,0.4666666666659296,0.4666666666659296,48385,48385,0,0,66,66,0,0.0,
bursty_high_s24,0.0,selected_gated,80302,0.9999999999995453,0.9999999999995453,2.1999999999995907,2.1999999999995907,0.5158333333331697,0.5158333333331697,1.0483327855070177,1.0483327855070177,1.1833333333333442,1.1833333333333442,0.06666666666598076,0.06666666666598076,49025,49025,0,0,58,58,0,0.0,
bursty_high_s24,0.0,selected_gated,80303,1.466666666665816,1.466666666665816,2.466666666665674,2.466666666665674,0.5716666666665048,0.5716666666665048,1.0487691236907202,1.0487691236907202,1.1777777777777676,1.1777777777777676,0.4666666666661001,0.4666666666661001,48461,48461,0,0,70,70,0,0.0,
bursty_high_s24,0.0,selected_gated,80304,1.5999999999992554,1.5999999999992554,3.5333333333333528,3.5333333333333528,0.573333333333163,0.573333333333163,1.0497399286835183,1.0497399286835183,1.1733333333333378,1.1733333333333378,0.9333333333324845,0.9333333333324845,48411,48411,0,0,71,71,0,0.0,
bursty_high_s24,0.0,selected_gated,80305,1.1333333333333684,1.1333333333333684,2.1333333333333613,2.1333333333333613,0.5233333333331599,0.5233333333331599,1.0395466853025248,1.0395466853025248,1.1333333333333375,1.1333333333333375,0.6666666666658614,0.6666666666658614,49133,49133,0,0,57,57,0,0.0,
bursty_high_s24,0.0,selected_gated,80306,0.9999999999997726,0.9999999999997726,2.466666666666697,2.466666666666697,0.5541666666665042,0.5541666666665042,1.0563316408292849,1.0563316408292849,1.2083333333332256,1.2083333333332256,4.199999999999335,4.199999999999335,48830,48830,0,0,53,53,0,0.0,
bursty_high_s24,0.0,selected_gated,80307,1.2666666666667084,1.2666666666667084,2.46666666666669,2.46666666666669,0.5599999999998254,0.5599999999998254,1.0502777765889595,1.0502777765889595,1.166666666666675,1.166666666666675,0.2666666666658841,0.2666666666658841,48403,48403,0,0,62,62,0,0.0,
bursty_high_s24,0.0,selected_gated,80308,1.1999999999992497,1.1999999999992497,2.600000000000051,2.600000000000051,0.5508333333331602,0.5508333333331602,1.0524719347453733,1.0524719347453733,1.177777777777789,1.177777777777789,0.26666666666602623,0.26666666666602623,48561,48561,0,0,73,73,0,0.0,
bursty_high_s24,0.0,selected_gated,80309,2.133333333333354,2.133333333333354,2.6666666666667,2.6666666666667,0.6366666666664931,0.6366666666664931,1.0765418700368972,1.0765418700368972,1.3266666666666687,1.3266666666666687,2.7999999999992724,2.7999999999992724,47884,47884,0,0,77,77,0,0.0,
bursty_high_s24,0.0,selected_gated,80310,1.466666666666704,1.466666666666704,2.7333333333326664,2.7333333333326664,0.550833333333166,0.550833333333166,1.0464549724350778,1.0464549724350778,1.166666666666675,1.166666666666675,2.3333333333326323,2.3333333333326323,48683,48683,0,0,59,59,0,0.0,
bursty_high_s24,0.0,selected_gated,80311,1.3999999999992951,1.3999999999992951,2.4666666666659864,2.4666666666659864,0.5566666666664973,0.5566666666664973,1.0514922193505731,1.0514922193505731,1.1738095238095119,1.1738095238095119,0.399999999999352,0.399999999999352,48657,48657,0,0,68,68,0,0.0,
bursty_high_s24,0.0,selected_gated,80312,0.9999999999999147,0.9999999999999147,1.999999999999801,1.999999999999801,0.5016666666664985,0.5016666666664985,1.0421459438022846,1.0421459438022846,1.1500000000000057,1.1500000000000057,0.8666666666657932,0.8666666666657932,48236,48236,0,0,68,68,0,0.0,
bursty_high_s24,0.0,selected_gated,80313,1.333333333332945,1.333333333332945,2.60000000000003,2.60000000000003,0.5566666666665018,0.5566666666665018,1.055847368424664,1.055847368424664,1.1833333333333407,1.1833333333333407,0.5999999999993122,0.5999999999993122,48412,48412,0,0,62,62,0,0.0,
bursty_high_s24,0.0,selected_gated,80314,1.199999999999818,1.199999999999818,2.1333333333329563,2.1333333333329563,0.5349999999998417,0.5349999999998417,1.0445111505529276,1.0445111505529276,1.1518518518518353,1.1518518518518353,0.19999999999939178,0.19999999999939178,48160,48160,0,0,60,60,0,0.0,
bursty_high_s24,0.0,selected_gated,80315,1.2666666666659694,1.2666666666659694,2.266666666666538,2.266666666666538,0.5466666666665065,0.5466666666665065,1.047067427366764,1.047067427366764,1.1515151515150834,1.1515151515150834,0.7999999999993292,0.7999999999993292,48892,48892,0,0,69,69,0,0.0,
bursty_high_s24,0.0,selected_gated,80316,1.0666666666667055,1.0666666666667055,1.7999999999994998,1.7999999999994998,0.5274999999998301,0.5274999999998301,1.0438699225837256,1.0438699225837256,1.1533333333333347,1.1533333333333347,0.7333333333325527,0.7333333333325527,48659,48659,0,0,68,68,0,0.0,
bursty_high_s24,0.0,selected_gated,80317,1.4666666666657022,1.4666666666657022,2.533333333333374,2.533333333333374,0.541666666666495,0.541666666666495,1.0447248401167148,1.0447248401167148,1.157142857142826,1.157142857142826,2.133333333332672,2.133333333332672,48409,48409,0,0,67,67,0,0.0,
bursty_high_s24,0.0,selected_gated,80318,1.1333333333333613,1.1333333333333613,2.4666666666661,2.4666666666661,0.5391666666665051,0.5391666666665051,1.0537984475911908,1.0537984475911908,1.1866666666666688,1.1866666666666688,0.19999999999950546,0.19999999999950546,47919,47919,0,0,72,72,0,0.0,
bursty_high_s24,0.0,selected_gated,80319,1.4666666666667112,1.4666666666667112,2.3333333333326323,2.3333333333326323,0.5399999999998358,0.5399999999998358,1.0485175807381604,1.0485175807381604,1.1615384615384359,1.1615384615384359,1.6666666666660603,1.6666666666660603,48353,48353,0,0,65,65,0,0.0,
bursty_high_s24,0.0,selected_gated,80320,0.9999999999999147,0.9999999999999147,2.2000000000000313,2.2000000000000313,0.5233333333331692,0.5233333333331692,1.0508680668100199,1.0508680668100199,1.1645833333333322,1.1645833333333322,0.6666666666658898,0.6666666666658898,48670,48670,0,0,68,68,0,0.0,
bursty_high_s24,0.0,selected_gated,80321,0.9999999999997442,0.9999999999997442,2.2666666666665094,2.2666666666665094,0.5058333333331672,0.5058333333331672,1.0453822452295296,1.0453822452295296,1.1333333333333382,1.1333333333333382,2.266666666665799,2.266666666665799,49525,49525,0,0,63,63,0,0.0,
bursty_high_s24,0.0,selected_gated,80322,1.3333333333333641,1.3333333333333641,2.466666666666711,2.466666666666711,0.5191666666665015,0.5191666666665015,1.056103423305401,1.056103423305401,1.1916666666666682,1.1916666666666682,0.19999999999924967,0.19999999999924967,48526,48526,0,0,69,69,0,0.0,
bursty_high_s24,0.0,selected_gated,80323,1.9333333333333655,1.9333333333333655,2.5333333333331893,2.5333333333331893,0.6266666666664994,0.6266666666664994,1.0626746180135906,1.0626746180135906,1.2068965517241428,1.2068965517241428,0.86666666666585,0.86666666666585,48183,48183,0,0,86,86,0,0.0,
bursty_high_s24,0.0,selected_gated,80324,0.9999999999999716,0.9999999999999716,2.6666666666666927,2.6666666666666927,0.5433333333331613,0.5433333333331613,1.0539523313744508,1.0539523313744508,1.1846153846153855,1.1846153846153855,0.19999999999944862,0.19999999999944862,48150,48150,0,0,64,64,0,0.0,
bursty_high_s24,0.0,selected_gated,80325,1.8666666666665037,1.8666666666665037,2.6666666666667,2.6666666666667,0.5949999999998279,0.5949999999998279,1.0548520606007827,1.0548520606007827,1.2196078431372541,1.2196078431372541,0.3333333333326891,0.3333333333326891,47715,47715,0,0,73,73,0,0.0,
bursty_high_s24,0.0,selected_gated,80326,1.5999999999998522,1.5999999999998522,2.466666666666697,2.466666666666697,0.5766666666665015,0.5766666666665015,1.0512414933147969,1.0512414933147969,1.1619047619047345,1.1619047619047345,0.466666666665958,0.466666666665958,46973,46973,0,0,83,83,0,0.0,
bursty_high_s24,0.0,selected_gated,80327,0.9333333333333584,0.9333333333333584,1.0666666666666913,1.0666666666666913,0.4716666666664984,0.4716666666664984,1.0365081105678784,1.0365081105678784,1.1222222222222282,1.1222222222222282,0.9999999999992326,0.9999999999992326,49018,49018,0,0,62,62,0,0.0,
bursty_high_s24,0.0,selected_gated,80328,1.8666666666660205,1.8666666666660205,4.7333333333333485,4.7333333333333485,0.6416666666664882,0.6416666666664882,1.0741985035850585,1.0741985035850585,1.3090909090909089,1.3090909090909089,0.7333333333326095,0.7333333333326095,47359,47359,0,0,78,78,0,0.0,
bursty_high_s24,0.0,selected_gated,80329,1.466666666666697,1.466666666666697,2.4000000000000483,2.4000000000000483,0.5424999999998353,0.5424999999998353,1.0541293649236732,1.0541293649236732,1.2153846153846184,1.2153846153846184,0.9333333333325413,0.9333333333325413,48065,48065,0,0,71,71,0,0.0,
bursty_high_s24,0.0,selected_ungated,80300,1.466666666666697,1.466666666666697,2.53333333333336,2.53333333333336,0.5633333333331585,0.5633333333331585,1.053069937538416,1.053069937538416,1.1566666666666663,1.1566666666666663,0.9333333333326266,0.9333333333326266,47856,47856,0,0,75,75,0,0.0,
bursty_high_s24,0.0,selected_ungated,80301,1.400000000000027,1.400000000000027,2.5999999999993406,2.5999999999993406,0.5458333333331641,0.5458333333331641,1.048675020872367,1.048675020872367,1.1859649122807017,1.1859649122807017,0.4666666666659296,0.4666666666659296,48385,48385,0,0,66,66,0,0.0,
bursty_high_s24,0.0,selected_ungated,80302,0.9999999999995453,0.9999999999995453,2.1999999999995907,2.1999999999995907,0.5158333333331697,0.5158333333331697,1.0483327855070177,1.0483327855070177,1.1833333333333442,1.1833333333333442,0.06666666666598076,0.06666666666598076,49025,49025,0,0,58,58,0,0.0,
bursty_high_s24,0.0,selected_ungated,80303,1.466666666665816,1.466666666665816,2.466666666665674,2.466666666665674,0.5716666666665048,0.5716666666665048,1.0487691236907202,1.0487691236907202,1.1777777777777676,1.1777777777777676,0.4666666666661001,0.4666666666661001,48461,48461,0,0,70,70,0,0.0,
bursty_high_s24,0.0,selected_ungated,80304,1.5999999999992554,1.5999999999992554,3.5333333333333528,3.5333333333333528,0.573333333333163,0.573333333333163,1.0497399286835183,1.0497399286835183,1.1733333333333378,1.1733333333333378,0.9333333333324845,0.9333333333324845,48411,48411,0,0,71,71,0,0.0,
bursty_high_s24,0.0,selected_ungated,80305,1.1333333333333684,1.1333333333333684,2.1333333333333613,2.1333333333333613,0.5233333333331599,0.5233333333331599,1.0395466853025248,1.0395466853025248,1.1333333333333375,1.1333333333333375,0.6666666666658614,0.6666666666658614,49133,49133,0,0,57,57,0,0.0,
bursty_high_s24,0.0,selected_ungated,80306,0.9999999999997726,0.9999999999997726,2.466666666666697,2.466666666666697,0.5541666666665042,0.5541666666665042,1.0563316408292849,1.0563316408292849,1.2083333333332256,1.2083333333332256,4.199999999999335,4.199999999999335,48830,48830,0,0,53,53,0,0.0,
bursty_high_s24,0.0,selected_ungated,80307,1.2666666666667084,1.2666666666667084,2.46666666666669,2.46666666666669,0.5599999999998254,0.5599999999998254,1.0502777765889595,1.0502777765889595,1.166666666666675,1.166666666666675,0.2666666666658841,0.2666666666658841,48403,48403,0,0,62,62,0,0.0,
bursty_high_s24,0.0,selected_ungated,80308,1.1999999999992497,1.1999999999992497,2.600000000000051,2.600000000000051,0.5508333333331602,0.5508333333331602,1.0524719347453733,1.0524719347453733,1.177777777777789,1.177777777777789,0.26666666666602623,0.26666666666602623,48561,48561,0,0,73,73,0,0.0,
bursty_high_s24,0.0,selected_ungated,80309,2.133333333333354,2.133333333333354,2.6666666666667,2.6666666666667,0.6366666666664931,0.6366666666664931,1.0765418700368972,1.0765418700368972,1.3266666666666687,1.3266666666666687,2.7999999999992724,2.7999999999992724,47884,47884,0,0,77,77,0,0.0,
bursty_high_s24,0.0,selected_ungated,80310,1.466666666666704,1.466666666666704,2.7333333333326664,2.7333333333326664,0.550833333333166,0.550833333333166,1.0464549724350778,1.0464549724350778,1.166666666666675,1.166666666666675,2.3333333333326323,2.3333333333326323,48683,48683,0,0,59,59,0,0.0,
bursty_high_s24,0.0,selected_ungated,80311,1.3999999999992951,1.3999999999992951,2.4666666666659864,2.4666666666659864,0.5566666666664973,0.5566666666664973,1.0514922193505731,1.0514922193505731,1.1738095238095119,1.1738095238095119,0.399999999999352,0.399999999999352,48657,48657,0,0,68,68,0,0.0,
bursty_high_s24,0.0,selected_ungated,80312,0.9999999999999147,0.9999999999999147,1.999999999999801,1.999999999999801,0.5016666666664985,0.5016666666664985,1.0421459438022846,1.0421459438022846,1.1500000000000057,1.1500000000000057,0.8666666666657932,0.8666666666657932,48236,48236,0,0,68,68,0,0.0,
bursty_high_s24,0.0,selected_ungated,80313,1.333333333332945,1.333333333332945,2.60000000000003,2.60000000000003,0.5566666666665018,0.5566666666665018,1.055847368424664,1.055847368424664,1.1833333333333407,1.1833333333333407,0.5999999999993122,0.5999999999993122,48412,48412,0,0,62,62,0,0.0,
bursty_high_s24,0.0,selected_ungated,80314,1.199999999999818,1.199999999999818,2.1333333333329563,2.1333333333329563,0.5349999999998417,0.5349999999998417,1.0445111505529276,1.0445111505529276,1.1518518518518353,1.1518518518518353,0.19999999999939178,0.19999999999939178,48160,48160,0,0,60,60,0,0.0,
bursty_high_s24,0.0,selected_ungated,80315,1.2666666666659694,1.2666666666659694,2.266666666666538,2.266666666666538,0.5466666666665065,0.5466666666665065,1.047067427366764,1.047067427366764,1.1515151515150834,1.1515151515150834,0.7999999999993292,0.7999999999993292,48892,48892,0,0,69,69,0,0.0,
bursty_high_s24,0.0,selected_ungated,80316,1.0666666666667055,1.0666666666667055,1.7999999999994998,1.7999999999994998,0.5274999999998301,0.5274999999998301,1.0438699225837256,1.0438699225837256,1.1533333333333347,1.1533333333333347,0.7333333333325527,0.7333333333325527,48659,48659,0,0,68,68,0,0.0,
bursty_high_s24,0.0,selected_ungated,80317,1.4666666666657022,1.4666666666657022,2.533333333333374,2.533333333333374,0.541666666666495,0.541666666666495,1.0447248401167148,1.0447248401167148,1.157142857142826,1.157142857142826,2.133333333332672,2.133333333332672,48409,48409,0,0,67,67,0,0.0,
bursty_high_s24,0.0,selected_ungated,80318,1.1333333333333613,1.1333333333333613,2.4666666666661,2.4666666666661,0.5391666666665051,0.5391666666665051,1.0537984475911908,1.0537984475911908,1.1866666666666688,1.1866666666666688,0.19999999999950546,0.19999999999950546,47919,47919,0,0,72,72,0,0.0,
bursty_high_s24,0.0,selected_ungated,80319,1.4666666666667112,1.4666666666667112,2.3333333333326323,2.3333333333326323,0.5399999999998358,0.5399999999998358,1.0485175807381604,1.0485175807381604,1.1615384615384359,1.1615384615384359,1.6666666666660603,1.6666666666660603,48353,48353,0,0,65,65,0,0.0,
bursty_high_s24,0.0,selected_ungated,80320,0.9999999999999147,0.9999999999999147,2.2000000000000313,2.2000000000000313,0.5233333333331692,0.5233333333331692,1.0508680668100199,1.0508680668100199,1.1645833333333322,1.1645833333333322,0.6666666666658898,0.6666666666658898,48670,48670,0,0,68,68,0,0.0,
bursty_high_s24,0.0,selected_ungated,80321,0.9999999999997442,0.9999999999997442,2.2666666666665094,2.2666666666665094,0.5058333333331672,0.5058333333331672,1.0453822452295296,1.0453822452295296,1.1333333333333382,1.1333333333333382,2.266666666665799,2.266666666665799,49525,49525,0,0,63,63,0,0.0,
bursty_high_s24,0.0,selected_ungated,80322,1.3333333333333641,1.3333333333333641,2.466666666666711,2.466666666666711,0.5191666666665015,0.5191666666665015,1.056103423305401,1.056103423305401,1.1916666666666682,1.1916666666666682,0.19999999999924967,0.19999999999924967,48526,48526,0,0,69,69,0,0.0,
bursty_high_s24,0.0,selected_ungated,80323,1.9333333333333655,1.9333333333333655,2.5333333333331893,2.5333333333331893,0.6266666666664994,0.6266666666664994,1.0626746180135906,1.0626746180135906,1.2068965517241428,1.2068965517241428,0.86666666666585,0.86666666666585,48183,48183,0,0,86,86,0,0.0,
bursty_high_s24,0.0,selected_ungated,80324,0.9999999999999716,0.9999999999999716,2.6666666666666927,2.6666666666666927,0.5433333333331613,0.5433333333331613,1.0539523313744508,1.0539523313744508,1.1846153846153855,1.1846153846153855,0.19999999999944862,0.19999999999944862,48150,48150,0,0,64,64,0,0.0,
bursty_high_s24,0.0,selected_ungated,80325,1.8666666666665037,1.8666666666665037,2.6666666666667,2.6666666666667,0.5949999999998279,0.5949999999998279,1.0548520606007827,1.0548520606007827,1.2196078431372541,1.2196078431372541,0.3333333333326891,0.3333333333326891,47715,47715,0,0,73,73,0,0.0,
bursty_high_s24,0.0,selected_ungated,80326,1.5999999999998522,1.5999999999998522,2.466666666666697,2.466666666666697,0.5766666666665015,0.5766666666665015,1.0512414933147969,1.0512414933147969,1.1619047619047345,1.1619047619047345,0.466666666665958,0.466666666665958,46973,46973,0,0,83,83,0,0.0,
bursty_high_s24,0.0,selected_ungated,80327,0.9333333333333584,0.9333333333333584,1.0666666666666913,1.0666666666666913,0.4716666666664984,0.4716666666664984,1.0365081105678784,1.0365081105678784,1.1222222222222282,1.1222222222222282,0.9999999999992326,0.9999999999992326,49018,49018,0,0,62,62,0,0.0,
bursty_high_s24,0.0,selected_ungated,80328,1.8666666666660205,1.8666666666660205,4.7333333333333485,4.7333333333333485,0.6416666666664882,0.6416666666664882,1.0741985035850585,1.0741985035850585,1.3090909090909089,1.3090909090909089,0.7333333333326095,0.7333333333326095,47359,47359,0,0,78,78,0,0.0,
bursty_high_s24,0.0,selected_ungated,80329,1.466666666666697,1.466666666666697,2.4000000000000483,2.4000000000000483,0.5424999999998353,0.5424999999998353,1.0541293649236732,1.0541293649236732,1.2153846153846184,1.2153846153846184,0.9333333333325413,0.9333333333325413,48065,48065,0,0,71,71,0,0.0,
bursty_high_s24,0.0,original_q2_a0.8_or_ungated,80300,1.466666666666697,1.466666666666697,2.53333333333336,2.40000000000002,0.5633333333331585,0.5433333333331614,1.053069937538416,1.0502054985434934,1.1566666666666663,1.1641025641025646,0.9333333333326266,0.9333333333325982,47856,49846,0,28,75,81,19,0.7,1.0
bursty_high_s24,0.0,original_q2_a0.8_or_ungated,80301,1.400000000000027,1.466666666666697,2.5999999999993406,2.666666666665975,0.5458333333331641,0.5533333333331648,1.048675020872367,1.0532698923554775,1.1859649122807017,1.1873015873015482,0.4666666666659296,0.6666666666658898,48385,48976,0,20,66,72,7,0.5,1.0
bursty_high_s24,0.0,original_q2_a0.8_or_ungated,80302,0.9999999999995453,0.9999999999995453,2.1999999999995907,2.266666666665941,0.5158333333331697,0.5124999999998366,1.0483327855070177,1.0559834966120178,1.1833333333333442,1.2424242424242145,0.06666666666598076,0.866666666666049,49025,49401,0,16,58,58,7,0.4,1.0
bursty_high_s24,0.0,original_q2_a0.8_or_ungated,80303,1.466666666665816,1.6000000000000298,2.466666666665674,2.466666666665674,0.5716666666665048,0.5858333333331707,1.0487691236907202,1.0482824264639776,1.1777777777777676,1.1600000000000024,0.4666666666661001,1.8666666666660774,48461,49418,0,28,70,71,12,0.6,1.0
bursty_high_s24,0.0,original_q2_a0.8_or_ungated,80304,1.5999999999992554,1.466666666665759,3.5333333333333528,3.5333333333333528,0.573333333333163,0.5616666666664977,1.0497399286835183,1.0552450872702162,1.1733333333333378,1.2333333333331495,0.9333333333324845,0.5333333333325356,48411,49388,0,28,71,74,18,0.5,1.0
bursty_high_s24,0.0,original_q2_a0.8_or_ungated,80305,1.1333333333333684,1.3333333333333428,2.1333333333333613,2.6666666666667,0.5233333333331599,0.5666666666664945,1.0395466853025248,1.0475598038606253,1.1333333333333375,1.1599999999999624,0.6666666666658614,0.6666666666657761,49133,49483,0,20,57,66,10,0.4,1.0
bursty_high_s24,0.0,original_q2_a0.8_or_ungated,80306,0.9999999999997726,1.1333333333333684,2.466666666666697,3.666666666665975,0.5541666666665042,0.5724999999998385,1.0563316408292849,1.054847477180355,1.2083333333332256,1.2000000000000082,4.199999999999335,1.9999999999993179,48830,49181,0,20,53,66,10,0.3,1.0
bursty_high_s24,0.0,original_q2_a0.8_or_ungated,80307,1.2666666666667084,1.399999999999011,2.46666666666669,2.6000000000000227,0.5599999999998254,0.5824999999998239,1.0502777765889595,1.0611625157929303,1.166666666666675,1.2166666666666046,0.2666666666658841,0.06666666666583865,48403,49318,0,20,62,69,7,0.5,1.0
bursty_high_s24,0.0,original_q2_a0.8_or_ungated,80308,1.1999999999992497,1.1999999999992497,2.600000000000051,2.600000000000051,0.5508333333331602,0.5508333333331602,1.0524719347453733,1.0525277561169841,1.177777777777789,1.177777777777789,0.26666666666602623,0.26666666666602623,48561,50292,0,48,73,75,13,0.5,1.0
bursty_high_s24,0.0,original_q2_a0.8_or_ungated,80309,2.133333333333354,2.133333333333354,2.6666666666667,2.6666666666667,0.6366666666664931,0.6366666666664931,1.0765418700368972,1.0765418700368972,1.3266666666666687,1.3266666666666687,2.7999999999992724,2.7999999999992724,47884,48772,0,24,77,77,7,0.4,1.0
bursty_high_s24,0.0,original_q2_a0.8_or_ungated,80310,1.466666666666704,1.466666666666704,2.7333333333326664,2.7333333333326664,0.550833333333166,0.550833333333166,1.0464549724350778,1.0464549724350778,1.166666666666675,1.166666666666675,2.3333333333326323,2.3333333333326323,48683,49275,0,16,59,59,6,0.4,1.0
bursty_high_s24,0.0,original_q2_a0.8_or_ungated,80311,1.3999999999992951,1.0000000000000213,2.4666666666659864,2.400000000000027,0.5566666666664973,0.5399999999998292,1.0514922193505731,1.048866046351064,1.1738095238095119,1.1666666666666696,0.399999999999352,0.5999999999993122,48657,49181,0,16,68,66,6,0.3,1.0
bursty_high_s24,0.0,original_q2_a0.8_or_ungated,80312,0.9999999999999147,1.1333333333333542,1.999999999999801,2.533333333333104,0.5016666666664985,0.5233333333331642,1.0421459438022846,1.0420299515552267,1.1500000000000057,1.1500000000000004,0.8666666666657932,0.06666666666589549,48236,49410,0,28,68,73,10,0.6,1.0
bursty_high_s24,0.0,original_q2_a0.8_or_ungated,80313,1.333333333332945,1.1999999999995907,2.60000000000003,2.60000000000003,0.5566666666665018,0.5741666666665013,1.055847368424664,1.0519448517907526,1.1833333333333407,1.173333333333335,0.5999999999993122,0.19999999999936335,48412,49757,0,24,62,58,9,0.6,1.0
bursty_high_s24,0.0,original_q2_a0.8_or_ungated,80314,1.199999999999818,1.199999999999818,2.1333333333329563,2.7333333333333627,0.5349999999998417,0.5508333333331752,1.0445111505529276,1.0495240661528809,1.1518518518518353,1.1999999999999744,0.19999999999939178,0.1999999999993065,48160,49076,0,24,60,62,6,0.3,1.0
bursty_high_s24,0.0,original_q2_a0.8_or_ungated,80315,1.2666666666659694,1.3333333333325754,2.266666666666538,2.3333333333326607,0.5466666666665065,0.561666666666507,1.047067427366764,1.0513584701265566,1.1515151515150834,1.1515151515150834,0.7999999999993292,0.7999999999993008,48892,49874,0,28,69,72,13,0.6,1.0
bursty_high_s24,0.0,original_q2_a0.8_or_ungated,80316,1.0666666666667055,1.0666666666667055,1.7999999999994998,2.4666666666658443,0.5274999999998301,0.5291666666664964,1.0438699225837256,1.0455523018386739,1.1533333333333347,1.1533333333333347,0.7333333333325527,0.9333333333325413,48659,49768,0,32,68,80,13,0.6,1.0
bursty_high_s24,0.0,original_q2_a0.8_or_ungated,80317,1.4666666666657022,1.4666666666657022,2.533333333333374,2.533333333333374,0.541666666666495,0.541666666666495,1.0447248401167148,1.0447248401167148,1.157142857142826,1.157142857142826,2.133333333332672,2.133333333332672,48409,48705,0,8,67,67,4,0.2,1.0
bursty_high_s24,0.0,original_q2_a0.8_or_ungated,80318,1.1333333333333613,1.0666666666666984,2.4666666666661,2.4666666666661,0.5391666666665051,0.5266666666665051,1.0537984475911908,1.0506988636625303,1.1866666666666688,1.183838383838383,0.19999999999950546,0.9999999999994031,47919,49041,0,24,72,82,19,0.5,1.0
bursty_high_s24,0.0,original_q2_a0.8_or_ungated,80319,1.4666666666667112,1.4666666666667112,2.3333333333326323,2.3333333333326323,0.5399999999998358,0.5399999999998358,1.0485175807381604,1.0485516716472512,1.1615384615384359,1.1615384615384359,1.6666666666660603,1.6666666666660603,48353,48582,0,8,65,66,3,0.2,1.0
bursty_high_s24,0.0,original_q2_a0.8_or_ungated,80320,0.9999999999999147,1.0666666666666913,2.2000000000000313,2.2666666666660262,0.5233333333331692,0.5333333333331705,1.0508680668100199,1.0550247479050978,1.1645833333333322,1.1866666666666732,0.6666666666658898,0.26666666666591254,48670,49751,0,28,68,76,11,0.5,1.0
bursty_high_s24,0.0,original_q2_a0.8_or_ungated,80321,0.9999999999997442,1.0666666666666984,2.2666666666665094,2.399999999999835,0.5058333333331672,0.5116666666665007,1.0453822452295296,1.0453765117298401,1.1333333333333382,1.1385964912280746,2.266666666665799,0.86666666666585,49525,50585,0,28,63,69,13,0.6,1.0
bursty_high_s24,0.0,original_q2_a0.8_or_ungated,80322,1.3333333333333641,1.600000000000037,2.466666666666711,2.7333333333330643,0.5191666666665015,0.5866666666664998,1.056103423305401,1.058382307190485,1.1916666666666682,1.2000000000000008,0.19999999999924967,0.7999999999992724,48526,49791,0,28,69,77,15,0.6,1.0
bursty_high_s24,0.0,original_q2_a0.8_or_ungated,80323,1.9333333333333655,1.4666666666667112,2.5333333333331893,2.400000000000034,0.6266666666664994,0.5974999999998338,1.0626746180135906,1.0629068943098627,1.2068965517241428,1.1929824561403548,0.86666666666585,0.06666666666589549,48183,48492,0,28,86,89,15,0.7,1.0
bursty_high_s24,0.0,original_q2_a0.8_or_ungated,80324,0.9999999999999716,0.9999999999999716,2.6666666666666927,2.6666666666666927,0.5433333333331613,0.5449999999998271,1.0539523313744508,1.0530713722644813,1.1846153846153855,1.1822222222222243,0.19999999999944862,2.1999999999993918,48150,49431,0,28,64,63,8,0.4,1.0
bursty_high_s24,0.0,original_q2_a0.8_or_ungated,80325,1.8666666666665037,2.0666666666659808,2.6666666666667,3.1333333333333613,0.5949999999998279,0.6291666666664966,1.0548520606007827,1.0575748685471091,1.2196078431372541,1.2066666666666008,0.3333333333326891,0.13333333333275732,47715,49715,0,36,73,81,11,0.6,1.0
bursty_high_s24,0.0,original_q2_a0.8_or_ungated,80326,1.5999999999998522,1.3333333333331154,2.466666666666697,2.7333333333332064,0.5766666666665015,0.5249999999998349,1.0512414933147969,1.0460558019507262,1.1619047619047345,1.1555555555555568,0.466666666665958,0.8666666666659069,46973,49027,0,52,83,101,23,0.8,1.0
bursty_high_s24,0.0,original_q2_a0.8_or_ungated,80327,0.9333333333333584,0.9333333333333655,1.0666666666666913,1.5333333333329335,0.4716666666664984,0.46583333333316523,1.0365081105678784,1.0391375886127923,1.1222222222222282,1.1222222222222282,0.9999999999992326,0.9999999999992326,49018,50675,0,40,62,72,21,0.8,1.0
bursty_high_s24,0.0,original_q2_a0.8_or_ungated,80328,1.8666666666660205,1.799999999999244,4.7333333333333485,5.066666666666691,0.6416666666664882,0.6233333333331544,1.0741985035850585,1.0689918462588943,1.3090909090909089,1.2499999999999716,0.7333333333326095,0.533333333332564,47359,48679,0,20,78,85,6,0.3,1.0
bursty_high_s24,0.0,original_q2_a0.8_or_ungated,80329,1.466666666666697,1.533333333333367,2.4000000000000483,2.4000000000000483,0.5424999999998353,0.5441666666665016,1.0541293649236732,1.0544683302444933,1.2153846153846184,1.2166666666666757,0.9333333333325413,0.5333333333325356,48065,48893,0,20,71,72,6,0.4,1.0
bursty_high_s24,0.0,runner_up_ungated,80300,1.466666666666697,1.466666666666697,2.53333333333336,2.53333333333336,0.5633333333331585,0.5633333333331585,1.053069937538416,1.053069937538416,1.1566666666666663,1.1566666666666663,0.9333333333326266,0.9333333333326266,47856,47856,0,0,75,75,0,0.0,
bursty_high_s24,0.0,runner_up_ungated,80301,1.400000000000027,1.400000000000027,2.5999999999993406,2.5999999999993406,0.5458333333331641,0.5458333333331641,1.048675020872367,1.048675020872367,1.1859649122807017,1.1859649122807017,0.4666666666659296,0.4666666666659296,48385,48385,0,0,66,66,0,0.0,
bursty_high_s24,0.0,runner_up_ungated,80302,0.9999999999995453,0.9999999999995453,2.1999999999995907,2.1999999999995907,0.5158333333331697,0.5158333333331697,1.0483327855070177,1.0483327855070177,1.1833333333333442,1.1833333333333442,0.06666666666598076,0.06666666666598076,49025,49025,0,0,58,58,0,0.0,
bursty_high_s24,0.0,runner_up_ungated,80303,1.466666666665816,1.466666666665816,2.466666666665674,2.466666666665674,0.5716666666665048,0.5716666666665048,1.0487691236907202,1.0487691236907202,1.1777777777777676,1.1777777777777676,0.4666666666661001,0.4666666666661001,48461,48461,0,0,70,70,0,0.0,
bursty_high_s24,0.0,runner_up_ungated,80304,1.5999999999992554,1.5999999999992554,3.5333333333333528,3.5333333333333528,0.573333333333163,0.573333333333163,1.0497399286835183,1.0497399286835183,1.1733333333333378,1.1733333333333378,0.9333333333324845,0.9333333333324845,48411,48411,0,0,71,71,0,0.0,
bursty_high_s24,0.0,runner_up_ungated,80305,1.1333333333333684,1.1333333333333684,2.1333333333333613,2.1333333333333613,0.5233333333331599,0.5233333333331599,1.0395466853025248,1.0395466853025248,1.1333333333333375,1.1333333333333375,0.6666666666658614,0.6666666666658614,49133,49133,0,0,57,57,0,0.0,
bursty_high_s24,0.0,runner_up_ungated,80306,0.9999999999997726,0.9999999999997726,2.466666666666697,2.466666666666697,0.5541666666665042,0.5541666666665042,1.0563316408292849,1.0563316408292849,1.2083333333332256,1.2083333333332256,4.199999999999335,4.199999999999335,48830,48830,0,0,53,53,0,0.0,
bursty_high_s24,0.0,runner_up_ungated,80307,1.2666666666667084,1.2666666666667084,2.46666666666669,2.46666666666669,0.5599999999998254,0.5599999999998254,1.0502777765889595,1.0502777765889595,1.166666666666675,1.166666666666675,0.2666666666658841,0.2666666666658841,48403,48403,0,0,62,62,0,0.0,
bursty_high_s24,0.0,runner_up_ungated,80308,1.1999999999992497,1.1999999999992497,2.600000000000051,2.600000000000051,0.5508333333331602,0.5508333333331602,1.0524719347453733,1.0524719347453733,1.177777777777789,1.177777777777789,0.26666666666602623,0.26666666666602623,48561,48561,0,0,73,73,0,0.0,
bursty_high_s24,0.0,runner_up_ungated,80309,2.133333333333354,2.133333333333354,2.6666666666667,2.6666666666667,0.6366666666664931,0.6366666666664931,1.0765418700368972,1.0765418700368972,1.3266666666666687,1.3266666666666687,2.7999999999992724,2.7999999999992724,47884,47884,0,0,77,77,0,0.0,
bursty_high_s24,0.0,runner_up_ungated,80310,1.466666666666704,1.466666666666704,2.7333333333326664,2.7333333333326664,0.550833333333166,0.550833333333166,1.0464549724350778,1.0464549724350778,1.166666666666675,1.166666666666675,2.3333333333326323,2.3333333333326323,48683,48683,0,0,59,59,0,0.0,
bursty_high_s24,0.0,runner_up_ungated,80311,1.3999999999992951,1.3999999999992951,2.4666666666659864,2.4666666666659864,0.5566666666664973,0.5566666666664973,1.0514922193505731,1.0514922193505731,1.1738095238095119,1.1738095238095119,0.399999999999352,0.399999999999352,48657,48657,0,0,68,68,0,0.0,
bursty_high_s24,0.0,runner_up_ungated,80312,0.9999999999999147,0.9999999999999147,1.999999999999801,1.999999999999801,0.5016666666664985,0.5016666666664985,1.0421459438022846,1.0421459438022846,1.1500000000000057,1.1500000000000057,0.8666666666657932,0.8666666666657932,48236,48236,0,0,68,68,0,0.0,
bursty_high_s24,0.0,runner_up_ungated,80313,1.333333333332945,1.333333333332945,2.60000000000003,2.60000000000003,0.5566666666665018,0.5566666666665018,1.055847368424664,1.055847368424664,1.1833333333333407,1.1833333333333407,0.5999999999993122,0.5999999999993122,48412,48412,0,0,62,62,0,0.0,
bursty_high_s24,0.0,runner_up_ungated,80314,1.199999999999818,1.199999999999818,2.1333333333329563,2.1333333333329563,0.5349999999998417,0.5349999999998417,1.0445111505529276,1.0445111505529276,1.1518518518518353,1.1518518518518353,0.19999999999939178,0.19999999999939178,48160,48160,0,0,60,60,0,0.0,
bursty_high_s24,0.0,runner_up_ungated,80315,1.2666666666659694,1.2666666666659694,2.266666666666538,2.266666666666538,0.5466666666665065,0.5466666666665065,1.047067427366764,1.047067427366764,1.1515151515150834,1.1515151515150834,0.7999999999993292,0.7999999999993292,48892,48892,0,0,69,69,0,0.0,
bursty_high_s24,0.0,runner_up_ungated,80316,1.0666666666667055,1.0666666666667055,1.7999999999994998,1.7999999999994998,0.5274999999998301,0.5274999999998301,1.0438699225837256,1.0438699225837256,1.1533333333333347,1.1533333333333347,0.7333333333325527,0.7333333333325527,48659,48659,0,0,68,68,0,0.0,
bursty_high_s24,0.0,runner_up_ungated,80317,1.4666666666657022,1.4666666666657022,2.533333333333374,2.533333333333374,0.541666666666495,0.541666666666495,1.0447248401167148,1.0447248401167148,1.157142857142826,1.157142857142826,2.133333333332672,2.133333333332672,48409,48409,0,0,67,67,0,0.0,
bursty_high_s24,0.0,runner_up_ungated,80318,1.1333333333333613,1.1333333333333613,2.4666666666661,2.4666666666661,0.5391666666665051,0.5391666666665051,1.0537984475911908,1.0537984475911908,1.1866666666666688,1.1866666666666688,0.19999999999950546,0.19999999999950546,47919,47919,0,0,72,72,0,0.0,
bursty_high_s24,0.0,runner_up_ungated,80319,1.4666666666667112,1.4666666666667112,2.3333333333326323,2.3333333333326323,0.5399999999998358,0.5399999999998358,1.0485175807381604,1.0485175807381604,1.1615384615384359,1.1615384615384359,1.6666666666660603,1.6666666666660603,48353,48353,0,0,65,65,0,0.0,
bursty_high_s24,0.0,runner_up_ungated,80320,0.9999999999999147,0.9999999999999147,2.2000000000000313,2.2000000000000313,0.5233333333331692,0.5233333333331692,1.0508680668100199,1.0508680668100199,1.1645833333333322,1.1645833333333322,0.6666666666658898,0.6666666666658898,48670,48670,0,0,68,68,0,0.0,
bursty_high_s24,0.0,runner_up_ungated,80321,0.9999999999997442,0.9999999999997442,2.2666666666665094,2.2666666666665094,0.5058333333331672,0.5058333333331672,1.0453822452295296,1.0453822452295296,1.1333333333333382,1.1333333333333382,2.266666666665799,2.266666666665799,49525,49525,0,0,63,63,0,0.0,
bursty_high_s24,0.0,runner_up_ungated,80322,1.3333333333333641,1.3333333333333641,2.466666666666711,2.466666666666711,0.5191666666665015,0.5191666666665015,1.056103423305401,1.056103423305401,1.1916666666666682,1.1916666666666682,0.19999999999924967,0.19999999999924967,48526,48526,0,0,69,69,0,0.0,
bursty_high_s24,0.0,runner_up_ungated,80323,1.9333333333333655,1.9333333333333655,2.5333333333331893,2.5333333333331893,0.6266666666664994,0.6266666666664994,1.0626746180135906,1.0626746180135906,1.2068965517241428,1.2068965517241428,0.86666666666585,0.86666666666585,48183,48183,0,0,86,86,0,0.0,
bursty_high_s24,0.0,runner_up_ungated,80324,0.9999999999999716,0.9999999999999716,2.6666666666666927,2.6666666666666927,0.5433333333331613,0.5433333333331613,1.0539523313744508,1.0539523313744508,1.1846153846153855,1.1846153846153855,0.19999999999944862,0.19999999999944862,48150,48150,0,0,64,64,0,0.0,
bursty_high_s24,0.0,runner_up_ungated,80325,1.8666666666665037,1.8666666666665037,2.6666666666667,2.6666666666667,0.5949999999998279,0.5949999999998279,1.0548520606007827,1.0548520606007827,1.2196078431372541,1.2196078431372541,0.3333333333326891,0.3333333333326891,47715,47715,0,0,73,73,0,0.0,
bursty_high_s24,0.0,runner_up_ungated,80326,1.5999999999998522,1.5999999999998522,2.466666666666697,2.466666666666697,0.5766666666665015,0.5766666666665015,1.0512414933147969,1.0512414933147969,1.1619047619047345,1.1619047619047345,0.466666666665958,0.466666666665958,46973,46973,0,0,83,83,0,0.0,
bursty_high_s24,0.0,runner_up_ungated,80327,0.9333333333333584,0.9333333333333584,1.0666666666666913,1.0666666666666913,0.4716666666664984,0.4716666666664984,1.0365081105678784,1.0365081105678784,1.1222222222222282,1.1222222222222282,0.9999999999992326,0.9999999999992326,49018,49018,0,0,62,62,0,0.0,
bursty_high_s24,0.0,runner_up_ungated,80328,1.8666666666660205,1.8666666666660205,4.7333333333333485,4.7333333333333485,0.6416666666664882,0.6416666666664882,1.0741985035850585,1.0741985035850585,1.3090909090909089,1.3090909090909089,0.7333333333326095,0.7333333333326095,47359,47359,0,0,78,78,0,0.0,
bursty_high_s24,0.0,runner_up_ungated,80329,1.466666666666697,1.466666666666697,2.4000000000000483,2.4000000000000483,0.5424999999998353,0.5424999999998353,1.0541293649236732,1.0541293649236732,1.2153846153846184,1.2153846153846184,0.9333333333325413,0.9333333333325413,48065,48065,0,0,71,71,0,0.0,
bursty_high_s24,0.5,selected_gated,80300,1.466666666666697,1.466666666666697,2.53333333333336,2.53333333333336,0.5591666666664944,0.5591666666664944,1.0540215902160643,1.0540215902160643,1.1871794871794907,1.1871794871794907,0.1333333333326152,0.1333333333326152,47827,47827,0,0,77,77,0,0.0,
bursty_high_s24,0.5,selected_gated,80301,1.400000000000027,1.400000000000027,2.466666666666214,2.466666666666214,0.5699999999998332,0.5699999999998332,1.0544507402981589,1.0544507402981589,1.1977011494252918,1.1977011494252918,0.8666666666659353,0.8666666666659353,48095,48095,0,0,69,69,0,0.0,
bursty_high_s24,0.5,selected_gated,80302,0.99999999999946,0.99999999999946,2.066666666665725,2.066666666665725,0.5279166666665028,0.5279166666665028,1.0500713142085971,1.0500713142085971,1.16581196581195,1.16581196581195,6.466666666666043,6.466666666666043,49215,49215,0,0,58,58,0,0.0,
bursty_high_s24,0.5,selected_gated,80303,1.6000000000000298,1.6000000000000298,2.199999999999534,2.199999999999534,0.5879166666665047,0.5879166666665047,1.0591054947964094,1.0591054947964094,1.184210526315758,1.184210526315758,4.26666666666614,4.26666666666614,48434,48434,0,0,69,69,0,0.0,
bursty_high_s24,0.5,selected_gated,80304,1.599999999999227,1.599999999999227,3.5333333333333528,3.5333333333333528,0.5799999999998292,0.5799999999998292,1.052385896381728,1.052385896381728,1.2074074074074146,1.2074074074074146,0.033333333332450366,0.033333333332450366,48320,48320,0,0,69,69,0,0.0,
bursty_high_s24,0.5,selected_gated,80305,1.4000000000000412,1.4000000000000412,2.466666666666697,2.466666666666697,0.5379166666664936,0.5379166666664936,1.0420352309250258,1.0420352309250258,1.1364583333333327,1.1364583333333327,0.6666666666658614,0.6666666666658614,48913,48913,0,0,55,55,0,0.0,
bursty_high_s24,0.5,selected_gated,80306,1.199999999999136,1.199999999999136,2.33333333333249,2.33333333333249,0.5729166666665023,0.5729166666665023,1.0696661367791802,1.0696661367791802,1.2454545454545458,1.2454545454545458,5.599999999999255,5.599999999999255,48568,48568,0,0,63,63,0,0.0,
bursty_high_s24,0.5,selected_gated,80307,1.3333333333333641,1.3333333333333641,2.466666666666704,2.466666666666704,0.5554166666664919,0.5554166666664919,1.0453165371593758,1.0453165371593758,1.1600000000000088,1.1600000000000088,0.8666666666659069,0.8666666666659069,48392,48392,0,0,63,63,0,0.0,
bursty_high_s24,0.5,selected_gated,80308,1.0,1.0,2.0666666666667055,2.0666666666667055,0.5054166666664941,0.5054166666664941,1.0539425600039025,1.0539425600039025,1.2397435897435827,1.2397435897435827,0.36666666666613423,0.36666666666613423,48027,48027,0,0,75,75,0,0.0,
bursty_high_s24,0.5,selected_gated,80309,1.7333333333333627,1.7333333333333627,2.7333333333333627,2.7333333333333627,0.5883333333331601,0.5883333333331601,1.0722481664690726,1.0722481664690726,1.2787878787878777,1.2787878787878777,7.39999999999921,7.39999999999921,47871,47871,0,0,77,77,0,0.0,
bursty_high_s24,0.5,selected_gated,80310,1.333333333332405,1.333333333332405,2.7999999999993292,2.7999999999993292,0.5683333333331669,0.5683333333331669,1.0587400787499257,1.0587400787499257,1.2458333333333251,1.2458333333333251,2.433333333332513,2.433333333332513,48768,48768,0,0,61,61,0,0.0,
bursty_high_s24,0.5,selected_gated,80311,1.2666666666667226,1.2666666666667226,2.400000000000027,2.400000000000027,0.5391666666664968,0.5391666666664968,1.0608359830168335,1.0608359830168335,1.2095238095238092,1.2095238095238092,4.2999999999994145,4.2999999999994145,48527,48527,0,0,69,69,0,0.0,
bursty_high_s24,0.5,selected_gated,80312,0.9666666666666117,0.9666666666666117,2.0000000000000355,2.0000000000000355,0.5079166666664982,0.5079166666664982,1.0512718906875143,1.0512718906875143,1.2111111111111117,1.2111111111111117,0.6666666666659467,0.6666666666659467,48243,48243,0,0,68,68,0,0.0,
bursty_high_s24,0.5,selected_gated,80313,1.1333333333333684,1.1333333333333684,2.566666666666208,2.566666666666208,0.5558333333331693,0.5558333333331693,1.0509792223893644,1.0509792223893644,1.1743589743589753,1.1743589743589753,0.49999999999940314,0.49999999999940314,48995,48995,0,0,61,61,0,0.0,
bursty_high_s24,0.5,selected_gated,80314,0.9666666666663275,0.9666666666663275,2.4666666666663275,2.4666666666663275,0.5287499999998436,0.5287499999998436,1.044137123215504,1.044137123215504,1.1333333333333107,1.1333333333333107,0.5999999999993406,0.5999999999993406,48603,48603,0,0,55,55,0,0.0,
bursty_high_s24,0.5,selected_gated,80315,1.1333333333331836,1.1333333333331836,1.7999999999998693,1.7999999999998693,0.5345833333331742,0.5345833333331742,1.045427223988905,1.045427223988905,1.173333333333342,1.173333333333342,2.9999999999993747,2.9999999999993747,48673,48673,0,0,67,67,0,0.0,
bursty_high_s24,0.5,selected_gated,80316,1.0666666666667197,1.0666666666667197,2.0666666666666913,2.0666666666666913,0.5412499999998311,0.5412499999998311,1.0458897397392652,1.0458897397392652,1.1492753623188439,1.1492753623188439,0.7333333333324958,0.7333333333324958,48339,48339,0,0,74,74,0,0.0,
bursty_high_s24,0.5,selected_gated,80317,0.966666666666697,0.966666666666697,2.2666666666657136,2.2666666666657136,0.49749999999982786,0.49749999999982786,1.0410441370199974,1.0410441370199974,1.1466666666666683,1.1466666666666683,2.733333333332695,2.733333333332695,48845,48845,0,0,67,67,0,0.0,
bursty_high_s24,0.5,selected_gated,80318,1.0666666666666984,1.0666666666666984,2.0666666666667197,2.0666666666667197,0.5166666666665054,0.5166666666665054,1.0551987316351357,1.0551987316351357,1.2031746031745862,1.2031746031745862,0.29999999999947136,0.29999999999947136,48101,48101,0,0,79,79,0,0.0,
bursty_high_s24,0.5,selected_gated,80319,1.3666666666665321,1.3666666666665321,2.1333333333331552,2.1333333333331552,0.5408333333331693,0.5408333333331693,1.0475648552551282,1.0475648552551282,1.1599999999999908,1.1599999999999908,0.4666666666660433,0.4666666666660433,48377,48377,0,0,64,64,0,0.0,
bursty_high_s24,0.5,selected_gated,80320,1.2000000000000597,1.2000000000000597,2.3666666666659353,2.3666666666659353,0.5404166666665021,0.5404166666665021,1.0571553207722348,1.0571553207722348,1.2083333333331794,1.2083333333331794,0.2666666666658841,0.2666666666658841,48538,48538,0,0,68,68,0,0.0,
bursty_high_s24,0.5,selected_gated,80321,1.0666666666664355,1.0666666666664355,2.466666666666441,2.466666666666441,0.49916666666650295,0.49916666666650295,1.0527885236730818,1.0527885236730818,1.1761904761903483,1.1761904761903483,0.8666666666657932,0.8666666666657932,49138,49138,0,0,61,61,0,0.0,
bursty_high_s24,0.5,selected_gated,80322,1.6000000000000298,1.6000000000000298,2.6666666666660888,2.6666666666660888,0.6062499999998333,0.6062499999998333,1.0664548977769892,1.0664548977769892,1.2814814814814908,1.2814814814814908,0.8999999999992667,0.8999999999992667,48381,48381,0,0,69,69,0,0.0,
bursty_high_s24,0.5,selected_gated,80323,1.6999999999996191,1.6999999999996191,2.4999999999993463,2.4999999999993463,0.6216666666665014,0.6216666666665014,1.080853705368119,1.080853705368119,1.3245614035087774,1.3245614035087774,0.1666666666658898,0.1666666666658898,47819,47819,0,0,89,89,0,0.0,
bursty_high_s24,0.5,selected_gated,80324,0.966666666666697,0.966666666666697,2.3333333333324617,2.3333333333324617,0.5170833333331619,0.5170833333331619,1.0561372361165604,1.0561372361165604,1.2166666666666544,1.2166666666666544,0.7999999999995566,0.7999999999995566,48599,48599,0,0,65,65,0,0.0,
bursty_high_s24,0.5,selected_gated,80325,1.6666666666666856,1.6666666666666856,2.6666666666666927,2.6666666666666927,0.568749999999831,0.568749999999831,1.0549352465917454,1.0549352465917454,1.2083333333333357,1.2083333333333357,0.23333333333275164,0.23333333333275164,48135,48135,0,0,78,78,0,0.0,
bursty_high_s24,0.5,selected_gated,80326,1.600000000000037,1.600000000000037,2.6666666666667,2.6666666666667,0.5549999999998356,0.5549999999998356,1.0551786717872165,1.0551786717872165,1.2095238095237977,1.2095238095237977,0.16666666666594665,0.16666666666594665,47404,47404,0,0,89,89,0,0.0,
bursty_high_s24,0.5,selected_gated,80327,0.9333333333333655,0.9333333333333655,1.2666666666663104,1.2666666666663104,0.4916666666664977,0.4916666666664977,1.0387335426668027,1.0387335426668027,1.135416666666667,1.135416666666667,0.5999999999992838,0.5999999999992838,48775,48775,0,0,59,59,0,0.0,
bursty_high_s24,0.5,selected_gated,80328,1.9666666666666828,1.9666666666666828,3.466666666666697,3.466666666666697,0.6704166666664871,0.6704166666664871,1.0793413926292756,1.0793413926292756,1.3088235294117638,1.3088235294117638,0.5333333333325356,0.5333333333325356,47438,47438,0,0,77,77,0,0.0,
bursty_high_s24,0.5,selected_gated,80329,1.3333333333328312,1.3333333333328312,2.2000000000000313,2.2000000000000313,0.5316666666665041,0.5316666666665041,1.0533917131288313,1.0533917131288313,1.216666666666667,1.216666666666667,0.13333333333255837,0.13333333333255837,48149,48149,0,0,73,73,0,0.0,
bursty_high_s24,0.5,selected_ungated,80300,1.466666666666697,1.466666666666697,2.53333333333336,2.53333333333336,0.5591666666664944,0.5591666666664944,1.0540215902160643,1.0540215902160643,1.1871794871794907,1.1871794871794907,0.1333333333326152,0.1333333333326152,47827,47827,0,0,77,77,0,0.0,
bursty_high_s24,0.5,selected_ungated,80301,1.400000000000027,1.400000000000027,2.466666666666214,2.466666666666214,0.5699999999998332,0.5699999999998332,1.0544507402981589,1.0544507402981589,1.1977011494252918,1.1977011494252918,0.8666666666659353,0.8666666666659353,48095,48095,0,0,69,69,0,0.0,
bursty_high_s24,0.5,selected_ungated,80302,0.99999999999946,0.99999999999946,2.066666666665725,2.066666666665725,0.5279166666665028,0.5279166666665028,1.0500713142085971,1.0500713142085971,1.16581196581195,1.16581196581195,6.466666666666043,6.466666666666043,49215,49215,0,0,58,58,0,0.0,
bursty_high_s24,0.5,selected_ungated,80303,1.6000000000000298,1.6000000000000298,2.199999999999534,2.199999999999534,0.5879166666665047,0.5879166666665047,1.0591054947964094,1.0591054947964094,1.184210526315758,1.184210526315758,4.26666666666614,4.26666666666614,48434,48434,0,0,69,69,0,0.0,
bursty_high_s24,0.5,selected_ungated,80304,1.599999999999227,1.599999999999227,3.5333333333333528,3.5333333333333528,0.5799999999998292,0.5799999999998292,1.052385896381728,1.052385896381728,1.2074074074074146,1.2074074074074146,0.033333333332450366,0.033333333332450366,48320,48320,0,0,69,69,0,0.0,
bursty_high_s24,0.5,selected_ungated,80305,1.4000000000000412,1.4000000000000412,2.466666666666697,2.466666666666697,0.5379166666664936,0.5379166666664936,1.0420352309250258,1.0420352309250258,1.1364583333333327,1.1364583333333327,0.6666666666658614,0.6666666666658614,48913,48913,0,0,55,55,0,0.0,
bursty_high_s24,0.5,selected_ungated,80306,1.199999999999136,1.199999999999136,2.33333333333249,2.33333333333249,0.5729166666665023,0.5729166666665023,1.0696661367791802,1.0696661367791802,1.2454545454545458,1.2454545454545458,5.599999999999255,5.599999999999255,48568,48568,0,0,63,63,0,0.0,
bursty_high_s24,0.5,selected_ungated,80307,1.3333333333333641,1.3333333333333641,2.466666666666704,2.466666666666704,0.5554166666664919,0.5554166666664919,1.0453165371593758,1.0453165371593758,1.1600000000000088,1.1600000000000088,0.8666666666659069,0.8666666666659069,48392,48392,0,0,63,63,0,0.0,
bursty_high_s24,0.5,selected_ungated,80308,1.0,1.0,2.0666666666667055,2.0666666666667055,0.5054166666664941,0.5054166666664941,1.0539425600039025,1.0539425600039025,1.2397435897435827,1.2397435897435827,0.36666666666613423,0.36666666666613423,48027,48027,0,0,75,75,0,0.0,
bursty_high_s24,0.5,selected_ungated,80309,1.7333333333333627,1.7333333333333627,2.7333333333333627,2.7333333333333627,0.5883333333331601,0.5883333333331601,1.0722481664690726,1.0722481664690726,1.2787878787878777,1.2787878787878777,7.39999999999921,7.39999999999921,47871,47871,0,0,77,77,0,0.0,
bursty_high_s24,0.5,selected_ungated,80310,1.333333333332405,1.333333333332405,2.7999999999993292,2.7999999999993292,0.5683333333331669,0.5683333333331669,1.0587400787499257,1.0587400787499257,1.2458333333333251,1.2458333333333251,2.433333333332513,2.433333333332513,48768,48768,0,0,61,61,0,0.0,
bursty_high_s24,0.5,selected_ungated,80311,1.2666666666667226,1.2666666666667226,2.400000000000027,2.400000000000027,0.5391666666664968,0.5391666666664968,1.0608359830168335,1.0608359830168335,1.2095238095238092,1.2095238095238092,4.2999999999994145,4.2999999999994145,48527,48527,0,0,69,69,0,0.0,
bursty_high_s24,0.5,selected_ungated,80312,0.9666666666666117,0.9666666666666117,2.0000000000000355,2.0000000000000355,0.5079166666664982,0.5079166666664982,1.0512718906875143,1.0512718906875143,1.2111111111111117,1.2111111111111117,0.6666666666659467,0.6666666666659467,48243,48243,0,0,68,68,0,0.0,
bursty_high_s24,0.5,selected_ungated,80313,1.1333333333333684,1.1333333333333684,2.566666666666208,2.566666666666208,0.5558333333331693,0.5558333333331693,1.0509792223893644,1.0509792223893644,1.1743589743589753,1.1743589743589753,0.49999999999940314,0.49999999999940314,48995,48995,0,0,61,61,0,0.0,
bursty_high_s24,0.5,selected_ungated,80314,0.9666666666663275,0.9666666666663275,2.4666666666663275,2.4666666666663275,0.5287499999998436,0.5287499999998436,1.044137123215504,1.044137123215504,1.1333333333333107,1.1333333333333107,0.5999999999993406,0.5999999999993406,48603,48603,0,0,55,55,0,0.0,
bursty_high_s24,0.5,selected_ungated,80315,1.1333333333331836,1.1333333333331836,1.7999999999998693,1.7999999999998693,0.5345833333331742,0.5345833333331742,1.045427223988905,1.045427223988905,1.173333333333342,1.173333333333342,2.9999999999993747,2.9999999999993747,48673,48673,0,0,67,67,0,0.0,
bursty_high_s24,0.5,selected_ungated,80316,1.0666666666667197,1.0666666666667197,2.0666666666666913,2.0666666666666913,0.5412499999998311,0.5412499999998311,1.0458897397392652,1.0458897397392652,1.1492753623188439,1.1492753623188439,0.7333333333324958,0.7333333333324958,48339,48339,0,0,74,74,0,0.0,
bursty_high_s24,0.5,selected_ungated,80317,0.966666666666697,0.966666666666697,2.2666666666657136,2.2666666666657136,0.49749999999982786,0.49749999999982786,1.0410441370199974,1.0410441370199974,1.1466666666666683,1.1466666666666683,2.733333333332695,2.733333333332695,48845,48845,0,0,67,67,0,0.0,
bursty_high_s24,0.5,selected_ungated,80318,1.0666666666666984,1.0666666666666984,2.0666666666667197,2.0666666666667197,0.5166666666665054,0.5166666666665054,1.0551987316351357,1.0551987316351357,1.2031746031745862,1.2031746031745862,0.29999999999947136,0.29999999999947136,48101,48101,0,0,79,79,0,0.0,
bursty_high_s24,0.5,selected_ungated,80319,1.3666666666665321,1.3666666666665321,2.1333333333331552,2.1333333333331552,0.5408333333331693,0.5408333333331693,1.0475648552551282,1.0475648552551282,1.1599999999999908,1.1599999999999908,0.4666666666660433,0.4666666666660433,48377,48377,0,0,64,64,0,0.0,
bursty_high_s24,0.5,selected_ungated,80320,1.2000000000000597,1.2000000000000597,2.3666666666659353,2.3666666666659353,0.5404166666665021,0.5404166666665021,1.0571553207722348,1.0571553207722348,1.2083333333331794,1.2083333333331794,0.2666666666658841,0.2666666666658841,48538,48538,0,0,68,68,0,0.0,
bursty_high_s24,0.5,selected_ungated,80321,1.0666666666664355,1.0666666666664355,2.466666666666441,2.466666666666441,0.49916666666650295,0.49916666666650295,1.0527885236730818,1.0527885236730818,1.1761904761903483,1.1761904761903483,0.8666666666657932,0.8666666666657932,49138,49138,0,0,61,61,0,0.0,
bursty_high_s24,0.5,selected_ungated,80322,1.6000000000000298,1.6000000000000298,2.6666666666660888,2.6666666666660888,0.6062499999998333,0.6062499999998333,1.0664548977769892,1.0664548977769892,1.2814814814814908,1.2814814814814908,0.8999999999992667,0.8999999999992667,48381,48381,0,0,69,69,0,0.0,
bursty_high_s24,0.5,selected_ungated,80323,1.6999999999996191,1.6999999999996191,2.4999999999993463,2.4999999999993463,0.6216666666665014,0.6216666666665014,1.080853705368119,1.080853705368119,1.3245614035087774,1.3245614035087774,0.1666666666658898,0.1666666666658898,47819,47819,0,0,89,89,0,0.0,
bursty_high_s24,0.5,selected_ungated,80324,0.966666666666697,0.966666666666697,2.3333333333324617,2.3333333333324617,0.5170833333331619,0.5170833333331619,1.0561372361165604,1.0561372361165604,1.2166666666666544,1.2166666666666544,0.7999999999995566,0.7999999999995566,48599,48599,0,0,65,65,0,0.0,
bursty_high_s24,0.5,selected_ungated,80325,1.6666666666666856,1.6666666666666856,2.6666666666666927,2.6666666666666927,0.568749999999831,0.568749999999831,1.0549352465917454,1.0549352465917454,1.2083333333333357,1.2083333333333357,0.23333333333275164,0.23333333333275164,48135,48135,0,0,78,78,0,0.0,
bursty_high_s24,0.5,selected_ungated,80326,1.600000000000037,1.600000000000037,2.6666666666667,2.6666666666667,0.5549999999998356,0.5549999999998356,1.0551786717872165,1.0551786717872165,1.2095238095237977,1.2095238095237977,0.16666666666594665,0.16666666666594665,47404,47404,0,0,89,89,0,0.0,
bursty_high_s24,0.5,selected_ungated,80327,0.9333333333333655,0.9333333333333655,1.2666666666663104,1.2666666666663104,0.4916666666664977,0.4916666666664977,1.0387335426668027,1.0387335426668027,1.135416666666667,1.135416666666667,0.5999999999992838,0.5999999999992838,48775,48775,0,0,59,59,0,0.0,
bursty_high_s24,0.5,selected_ungated,80328,1.9666666666666828,1.9666666666666828,3.466666666666697,3.466666666666697,0.6704166666664871,0.6704166666664871,1.0793413926292756,1.0793413926292756,1.3088235294117638,1.3088235294117638,0.5333333333325356,0.5333333333325356,47438,47438,0,0,77,77,0,0.0,
bursty_high_s24,0.5,selected_ungated,80329,1.3333333333328312,1.3333333333328312,2.2000000000000313,2.2000000000000313,0.5316666666665041,0.5316666666665041,1.0533917131288313,1.0533917131288313,1.216666666666667,1.216666666666667,0.13333333333255837,0.13333333333255837,48149,48149,0,0,73,73,0,0.0,
bursty_high_s24,0.5,original_q2_a0.8_or_ungated,80300,1.466666666666697,1.9333333333333584,2.53333333333336,2.6000000000000227,0.5591666666664944,0.5879166666664956,1.0540215902160643,1.049635199018294,1.1871794871794907,1.160000000000008,0.1333333333326152,0.33333333333263226,47827,48686,0,28,77,86,13,0.7,1.0
bursty_high_s24,0.5,original_q2_a0.8_or_ungated,80301,1.400000000000027,1.099999999999568,2.466666666666214,2.0000000000000284,0.5699999999998332,0.5237499999998319,1.0544507402981589,1.0513976961725762,1.1977011494252918,1.1817204301075255,0.8666666666659353,2.466666666665958,48095,49313,0,12,69,71,3,0.3,1.0
bursty_high_s24,0.5,original_q2_a0.8_or_ungated,80302,0.99999999999946,0.9999999999989768,2.066666666665725,1.7333333333333627,0.5279166666665028,0.5004166666665028,1.0500713142085971,1.0549192122228628,1.16581196581195,1.189473684210484,6.466666666666043,0.866666666666049,49215,49535,0,16,58,53,6,0.4,1.0
bursty_high_s24,0.5,original_q2_a0.8_or_ungated,80303,1.6000000000000298,1.199999999999136,2.199999999999534,2.0666666666656965,0.5879166666665047,0.5699999999998383,1.0591054947964094,1.0517466823831143,1.184210526315758,1.166666666666444,4.26666666666614,5.566666666666038,48434,49913,0,32,69,71,12,0.6,1.0
bursty_high_s24,0.5,original_q2_a0.8_or_ungated,80304,1.599999999999227,1.699999999999818,3.5333333333333528,3.5333333333333528,0.5799999999998292,0.5979166666664969,1.052385896381728,1.0557191380109407,1.2074074074074146,1.2105263157894748,0.033333333332450366,0.033333333332450366,48320,48922,0,24,69,73,16,0.4,1.0
bursty_high_s24,0.5,original_q2_a0.8_or_ungated,80305,1.4000000000000412,0.9666666666665833,2.466666666666697,2.4666666666666828,0.5379166666664936,0.5395833333331621,1.0420352309250258,1.0469679355096826,1.1364583333333327,1.1400000000000043,0.6666666666658614,0.5666666666658102,48913,48844,0,4,55,64,2,0.1,1.0
bursty_high_s24,0.5,original_q2_a0.8_or_ungated,80306,1.199999999999136,1.1000000000000583,2.33333333333249,2.6666666666657193,0.5729166666665023,0.5441666666665023,1.0696661367791802,1.0595290008679357,1.2454545454545458,1.2166666666665407,5.599999999999255,3.8999999999992667,48568,49859,0,24,63,64,10,0.5,1.0
bursty_high_s24,0.5,original_q2_a0.8_or_ungated,80307,1.3333333333333641,1.3333333333333641,2.466666666666704,2.4000000000000625,0.5554166666664919,0.5462499999998255,1.0453165371593758,1.0477359770848742,1.1600000000000088,1.191666666666626,0.8666666666659069,0.9666666666659012,48392,49033,0,28,63,65,8,0.5,1.0
bursty_high_s24,0.5,original_q2_a0.8_or_ungated,80308,1.0,1.0000000000000568,2.0666666666667055,2.3333333333325754,0.5054166666664941,0.5154166666664942,1.0539425600039025,1.0561435578107987,1.2397435897435827,1.2499999999999645,0.36666666666613423,0.26666666666605465,48027,48624,0,24,75,74,9,0.4,1.0
bursty_high_s24,0.5,original_q2_a0.8_or_ungated,80309,1.7333333333333627,1.966666666666697,2.7333333333333627,2.733333333333384,0.5883333333331601,0.63083333333316,1.0722481664690726,1.0734578315107757,1.2787878787878777,1.2787878787878777,7.39999999999921,6.299999999999244,47871,49002,0,20,77,81,9,0.5,1.0
bursty_high_s24,0.5,original_q2_a0.8_or_ungated,80310,1.333333333332405,1.333333333332405,2.7999999999993292,2.7999999999993292,0.5683333333331669,0.5683333333331669,1.0587400787499257,1.0587400787499257,1.2458333333333251,1.2458333333333251,2.433333333332513,2.433333333332513,48768,49064,0,8,61,61,6,0.2,1.0
bursty_high_s24,0.5,original_q2_a0.8_or_ungated,80311,1.2666666666667226,1.199999999999477,2.400000000000027,2.400000000000027,0.5391666666664968,0.5570833333331656,1.0608359830168335,1.05436215981252,1.2095238095238092,1.1866666666664856,4.2999999999994145,0.19999999999933493,48527,49095,0,20,69,72,7,0.3,1.0
bursty_high_s24,0.5,original_q2_a0.8_or_ungated,80312,0.9666666666666117,1.2333333333331495,2.0000000000000355,2.466666666666441,0.5079166666664982,0.5166666666665001,1.0512718906875143,1.0486120362640012,1.2111111111111117,1.1833333333333442,0.6666666666659467,0.8666666666658216,48243,49562,0,24,68,69,8,0.6,1.0
bursty_high_s24,0.5,original_q2_a0.8_or_ungated,80313,1.1333333333333684,1.3999999999995794,2.566666666666208,2.266666666666694,0.5558333333331693,0.5404166666665037,1.0509792223893644,1.0487941800814766,1.1743589743589753,1.1743589743589753,0.49999999999940314,0.1999999999993065,48995,49957,0,32,61,67,10,0.7,1.0
bursty_high_s24,0.5,original_q2_a0.8_or_ungated,80314,0.9666666666663275,0.9666666666663275,2.4666666666663275,2.4666666666663275,0.5287499999998436,0.5287499999998436,1.044137123215504,1.044137123215504,1.1333333333333107,1.1333333333333107,0.5999999999993406,0.5999999999993406,48603,48751,0,4,55,55,2,0.1,1.0
bursty_high_s24,0.5,original_q2_a0.8_or_ungated,80315,1.1333333333331836,1.4666666666665265,1.7999999999998693,2.466666666666299,0.5345833333331742,0.5729166666665081,1.045427223988905,1.0447652117642052,1.173333333333342,1.146666666666674,2.9999999999993747,0.7999999999993008,48673,49968,0,44,67,76,17,0.8,1.0
bursty_high_s24,0.5,original_q2_a0.8_or_ungated,80316,1.0666666666667197,1.0666666666667055,2.0666666666666913,2.1333333333333613,0.5412499999998311,0.5462499999998316,1.0458897397392652,1.0508329678471364,1.1492753623188439,1.170175438596483,0.7333333333324958,0.533333333332564,48339,49427,0,24,74,77,9,0.3,1.0
bursty_high_s24,0.5,original_q2_a0.8_or_ungated,80317,0.966666666666697,1.0666666666662366,2.2666666666657136,2.0666666666667055,0.49749999999982786,0.5074999999998273,1.0410441370199974,1.0428544981031387,1.1466666666666683,1.1454545454545468,2.733333333332695,0.7333333333327232,48845,49530,0,24,67,66,9,0.5,1.0
bursty_high_s24,0.5,original_q2_a0.8_or_ungated,80318,1.0666666666666984,1.1333333333333613,2.0666666666667197,2.2666666666667155,0.5166666666665054,0.5345833333331714,1.0551987316351357,1.0599136206907362,1.2031746031745862,1.2200000000000022,0.29999999999947136,3.5999999999994827,48101,49241,0,32,79,81,15,0.6,1.0
bursty_high_s24,0.5,original_q2_a0.8_or_ungated,80319,1.3666666666665321,1.3666666666665321,2.1333333333331552,2.1333333333331552,0.5408333333331693,0.5408333333331693,1.0475648552551282,1.0475648552551282,1.1599999999999908,1.1599999999999908,0.4666666666660433,0.4666666666660433,48377,49117,0,20,64,64,7,0.4,1.0
bursty_high_s24,0.5,original_q2_a0.8_or_ungated,80320,1.2000000000000597,1.0666666666660376,2.3666666666659353,1.6666666666666927,0.5404166666665021,0.5208333333331684,1.0571553207722348,1.0553509024160712,1.2083333333331794,1.1881720430107516,0.2666666666658841,0.26666666666591254,48538,49155,0,24,68,76,10,0.5,1.0
bursty_high_s24,0.5,original_q2_a0.8_or_ungated,80321,1.0666666666664355,1.0666666666666984,2.466666666666441,2.533333333333374,0.49916666666650295,0.515416666666502,1.0527885236730818,1.0550923703488884,1.1761904761903483,1.1999999999999975,0.8666666666657932,1.466666666665816,49138,49841,0,16,61,62,8,0.4,1.0
bursty_high_s24,0.5,original_q2_a0.8_or_ungated,80322,1.6000000000000298,1.6000000000000298,2.6666666666660888,2.399999999999409,0.6062499999998333,0.5970833333331679,1.0664548977769892,1.065249350874641,1.2814814814814908,1.2822222222222233,0.8999999999992667,0.7999999999992724,48381,49228,0,20,69,68,5,0.5,1.0
bursty_high_s24,0.5,original_q2_a0.8_or_ungated,80323,1.6999999999996191,1.833333333332888,2.4999999999993463,2.4999999999998863,0.6216666666665014,0.6041666666664997,1.080853705368119,1.0765718297813958,1.3245614035087774,1.3316666666666634,0.1666666666658898,0.8666666666658784,47819,48506,0,20,89,85,6,0.4,1.0
bursty_high_s24,0.5,original_q2_a0.8_or_ungated,80324,0.966666666666697,0.9999999999996589,2.3333333333324617,2.6666666666666927,0.5170833333331619,0.532916666666494,1.0561372361165604,1.0603980564643833,1.2166666666666544,1.2349999999999999,0.7999999999995566,0.5999999999994543,48599,48912,0,32,65,74,12,0.6,1.0
bursty_high_s24,0.5,original_q2_a0.8_or_ungated,80325,1.6666666666666856,1.666666666666714,2.6666666666666927,3.1333333333333613,0.568749999999831,0.5945833333331646,1.0549352465917454,1.061485422578477,1.2083333333333357,1.2458333333333353,0.23333333333275164,0.033333333332763004,48135,49970,0,40,78,83,12,0.6,1.0
bursty_high_s24,0.5,original_q2_a0.8_or_ungated,80326,1.600000000000037,1.566666666666464,2.6666666666667,2.399999999999608,0.5549999999998356,0.5616666666665024,1.0551786717872165,1.0563591523493843,1.2095238095237977,1.1980392156862516,0.16666666666594665,0.7666666666659694,47404,48505,0,40,89,96,23,0.8,1.0
bursty_high_s24,0.5,original_q2_a0.8_or_ungated,80327,0.9333333333333655,0.9333333333333727,1.2666666666663104,1.6000000000000298,0.4916666666664977,0.501249999999832,1.0387335426668027,1.0371091934882783,1.135416666666667,1.1249999999998153,0.5999999999992838,0.3999999999992383,48775,50733,0,48,59,71,19,0.9,1.0
bursty_high_s24,0.5,original_q2_a0.8_or_ungated,80328,1.9666666666666828,1.9333333333333655,3.466666666666697,3.466666666666697,0.6704166666664871,0.6720833333331538,1.0793413926292756,1.077807081836312,1.3088235294117638,1.2773809523809523,0.5333333333325356,0.5333333333326209,47438,49118,0,32,77,76,9,0.5,1.0
bursty_high_s24,0.5,original_q2_a0.8_or_ungated,80329,1.3333333333328312,1.3333333333328312,2.2000000000000313,2.2000000000000313,0.5316666666665041,0.5316666666665041,1.0533917131288313,1.0533917131288313,1.216666666666667,1.216666666666667,0.13333333333255837,0.13333333333255837,48149,48593,0,12,73,73,4,0.2,1.0
bursty_high_s24,0.5,runner_up_ungated,80300,1.466666666666697,1.466666666666697,2.53333333333336,2.53333333333336,0.5591666666664944,0.5591666666664944,1.0540215902160643,1.0540215902160643,1.1871794871794907,1.1871794871794907,0.1333333333326152,0.1333333333326152,47827,47827,0,0,77,77,0,0.0,
bursty_high_s24,0.5,runner_up_ungated,80301,1.400000000000027,1.400000000000027,2.466666666666214,2.466666666666214,0.5699999999998332,0.5699999999998332,1.0544507402981589,1.0544507402981589,1.1977011494252918,1.1977011494252918,0.8666666666659353,0.8666666666659353,48095,48095,0,0,69,69,0,0.0,
bursty_high_s24,0.5,runner_up_ungated,80302,0.99999999999946,0.99999999999946,2.066666666665725,2.066666666665725,0.5279166666665028,0.5279166666665028,1.0500713142085971,1.0500713142085971,1.16581196581195,1.16581196581195,6.466666666666043,6.466666666666043,49215,49215,0,0,58,58,0,0.0,
bursty_high_s24,0.5,runner_up_ungated,80303,1.6000000000000298,1.6000000000000298,2.199999999999534,2.199999999999534,0.5879166666665047,0.5879166666665047,1.0591054947964094,1.0591054947964094,1.184210526315758,1.184210526315758,4.26666666666614,4.26666666666614,48434,48434,0,0,69,69,0,0.0,
bursty_high_s24,0.5,runner_up_ungated,80304,1.599999999999227,1.599999999999227,3.5333333333333528,3.5333333333333528,0.5799999999998292,0.5799999999998292,1.052385896381728,1.052385896381728,1.2074074074074146,1.2074074074074146,0.033333333332450366,0.033333333332450366,48320,48320,0,0,69,69,0,0.0,
bursty_high_s24,0.5,runner_up_ungated,80305,1.4000000000000412,1.4000000000000412,2.466666666666697,2.466666666666697,0.5379166666664936,0.5379166666664936,1.0420352309250258,1.0420352309250258,1.1364583333333327,1.1364583333333327,0.6666666666658614,0.6666666666658614,48913,48913,0,0,55,55,0,0.0,
bursty_high_s24,0.5,runner_up_ungated,80306,1.199999999999136,1.199999999999136,2.33333333333249,2.33333333333249,0.5729166666665023,0.5729166666665023,1.0696661367791802,1.0696661367791802,1.2454545454545458,1.2454545454545458,5.599999999999255,5.599999999999255,48568,48568,0,0,63,63,0,0.0,
bursty_high_s24,0.5,runner_up_ungated,80307,1.3333333333333641,1.3333333333333641,2.466666666666704,2.466666666666704,0.5554166666664919,0.5554166666664919,1.0453165371593758,1.0453165371593758,1.1600000000000088,1.1600000000000088,0.8666666666659069,0.8666666666659069,48392,48392,0,0,63,63,0,0.0,
bursty_high_s24,0.5,runner_up_ungated,80308,1.0,1.0,2.0666666666667055,2.0666666666667055,0.5054166666664941,0.5054166666664941,1.0539425600039025,1.0539425600039025,1.2397435897435827,1.2397435897435827,0.36666666666613423,0.36666666666613423,48027,48027,0,0,75,75,0,0.0,
bursty_high_s24,0.5,runner_up_ungated,80309,1.7333333333333627,1.7333333333333627,2.7333333333333627,2.7333333333333627,0.5883333333331601,0.5883333333331601,1.0722481664690726,1.0722481664690726,1.2787878787878777,1.2787878787878777,7.39999999999921,7.39999999999921,47871,47871,0,0,77,77,0,0.0,
bursty_high_s24,0.5,runner_up_ungated,80310,1.333333333332405,1.333333333332405,2.7999999999993292,2.7999999999993292,0.5683333333331669,0.5683333333331669,1.0587400787499257,1.0587400787499257,1.2458333333333251,1.2458333333333251,2.433333333332513,2.433333333332513,48768,48768,0,0,61,61,0,0.0,
bursty_high_s24,0.5,runner_up_ungated,80311,1.2666666666667226,1.2666666666667226,2.400000000000027,2.400000000000027,0.5391666666664968,0.5391666666664968,1.0608359830168335,1.0608359830168335,1.2095238095238092,1.2095238095238092,4.2999999999994145,4.2999999999994145,48527,48527,0,0,69,69,0,0.0,
bursty_high_s24,0.5,runner_up_ungated,80312,0.9666666666666117,0.9666666666666117,2.0000000000000355,2.0000000000000355,0.5079166666664982,0.5079166666664982,1.0512718906875143,1.0512718906875143,1.2111111111111117,1.2111111111111117,0.6666666666659467,0.6666666666659467,48243,48243,0,0,68,68,0,0.0,
bursty_high_s24,0.5,runner_up_ungated,80313,1.1333333333333684,1.1333333333333684,2.566666666666208,2.566666666666208,0.5558333333331693,0.5558333333331693,1.0509792223893644,1.0509792223893644,1.1743589743589753,1.1743589743589753,0.49999999999940314,0.49999999999940314,48995,48995,0,0,61,61,0,0.0,
bursty_high_s24,0.5,runner_up_ungated,80314,0.9666666666663275,0.9666666666663275,2.4666666666663275,2.4666666666663275,0.5287499999998436,0.5287499999998436,1.044137123215504,1.044137123215504,1.1333333333333107,1.1333333333333107,0.5999999999993406,0.5999999999993406,48603,48603,0,0,55,55,0,0.0,
bursty_high_s24,0.5,runner_up_ungated,80315,1.1333333333331836,1.1333333333331836,1.7999999999998693,1.7999999999998693,0.5345833333331742,0.5345833333331742,1.045427223988905,1.045427223988905,1.173333333333342,1.173333333333342,2.9999999999993747,2.9999999999993747,48673,48673,0,0,67,67,0,0.0,
bursty_high_s24,0.5,runner_up_ungated,80316,1.0666666666667197,1.0666666666667197,2.0666666666666913,2.0666666666666913,0.5412499999998311,0.5412499999998311,1.0458897397392652,1.0458897397392652,1.1492753623188439,1.1492753623188439,0.7333333333324958,0.7333333333324958,48339,48339,0,0,74,74,0,0.0,
bursty_high_s24,0.5,runner_up_ungated,80317,0.966666666666697,0.966666666666697,2.2666666666657136,2.2666666666657136,0.49749999999982786,0.49749999999982786,1.0410441370199974,1.0410441370199974,1.1466666666666683,1.1466666666666683,2.733333333332695,2.733333333332695,48845,48845,0,0,67,67,0,0.0,
bursty_high_s24,0.5,runner_up_ungated,80318,1.0666666666666984,1.0666666666666984,2.0666666666667197,2.0666666666667197,0.5166666666665054,0.5166666666665054,1.0551987316351357,1.0551987316351357,1.2031746031745862,1.2031746031745862,0.29999999999947136,0.29999999999947136,48101,48101,0,0,79,79,0,0.0,
bursty_high_s24,0.5,runner_up_ungated,80319,1.3666666666665321,1.3666666666665321,2.1333333333331552,2.1333333333331552,0.5408333333331693,0.5408333333331693,1.0475648552551282,1.0475648552551282,1.1599999999999908,1.1599999999999908,0.4666666666660433,0.4666666666660433,48377,48377,0,0,64,64,0,0.0,
bursty_high_s24,0.5,runner_up_ungated,80320,1.2000000000000597,1.2000000000000597,2.3666666666659353,2.3666666666659353,0.5404166666665021,0.5404166666665021,1.0571553207722348,1.0571553207722348,1.2083333333331794,1.2083333333331794,0.2666666666658841,0.2666666666658841,48538,48538,0,0,68,68,0,0.0,
bursty_high_s24,0.5,runner_up_ungated,80321,1.0666666666664355,1.0666666666664355,2.466666666666441,2.466666666666441,0.49916666666650295,0.49916666666650295,1.0527885236730818,1.0527885236730818,1.1761904761903483,1.1761904761903483,0.8666666666657932,0.8666666666657932,49138,49138,0,0,61,61,0,0.0,
bursty_high_s24,0.5,runner_up_ungated,80322,1.6000000000000298,1.6000000000000298,2.6666666666660888,2.6666666666660888,0.6062499999998333,0.6062499999998333,1.0664548977769892,1.0664548977769892,1.2814814814814908,1.2814814814814908,0.8999999999992667,0.8999999999992667,48381,48381,0,0,69,69,0,0.0,
bursty_high_s24,0.5,runner_up_ungated,80323,1.6999999999996191,1.6999999999996191,2.4999999999993463,2.4999999999993463,0.6216666666665014,0.6216666666665014,1.080853705368119,1.080853705368119,1.3245614035087774,1.3245614035087774,0.1666666666658898,0.1666666666658898,47819,47819,0,0,89,89,0,0.0,
bursty_high_s24,0.5,runner_up_ungated,80324,0.966666666666697,0.966666666666697,2.3333333333324617,2.3333333333324617,0.5170833333331619,0.5170833333331619,1.0561372361165604,1.0561372361165604,1.2166666666666544,1.2166666666666544,0.7999999999995566,0.7999999999995566,48599,48599,0,0,65,65,0,0.0,
bursty_high_s24,0.5,runner_up_ungated,80325,1.6666666666666856,1.6666666666666856,2.6666666666666927,2.6666666666666927,0.568749999999831,0.568749999999831,1.0549352465917454,1.0549352465917454,1.2083333333333357,1.2083333333333357,0.23333333333275164,0.23333333333275164,48135,48135,0,0,78,78,0,0.0,
bursty_high_s24,0.5,runner_up_ungated,80326,1.600000000000037,1.600000000000037,2.6666666666667,2.6666666666667,0.5549999999998356,0.5549999999998356,1.0551786717872165,1.0551786717872165,1.2095238095237977,1.2095238095237977,0.16666666666594665,0.16666666666594665,47404,47404,0,0,89,89,0,0.0,
bursty_high_s24,0.5,runner_up_ungated,80327,0.9333333333333655,0.9333333333333655,1.2666666666663104,1.2666666666663104,0.4916666666664977,0.4916666666664977,1.0387335426668027,1.0387335426668027,1.135416666666667,1.135416666666667,0.5999999999992838,0.5999999999992838,48775,48775,0,0,59,59,0,0.0,
bursty_high_s24,0.5,runner_up_ungated,80328,1.9666666666666828,1.9666666666666828,3.466666666666697,3.466666666666697,0.6704166666664871,0.6704166666664871,1.0793413926292756,1.0793413926292756,1.3088235294117638,1.3088235294117638,0.5333333333325356,0.5333333333325356,47438,47438,0,0,77,77,0,0.0,
bursty_high_s24,0.5,runner_up_ungated,80329,1.3333333333328312,1.3333333333328312,2.2000000000000313,2.2000000000000313,0.5316666666665041,0.5316666666665041,1.0533917131288313,1.0533917131288313,1.216666666666667,1.216666666666667,0.13333333333255837,0.13333333333255837,48149,48149,0,0,73,73,0,0.0,
bursty_high_s24,2.0,selected_gated,80300,1.7999999999998124,1.7999999999998124,2.40000000000002,2.40000000000002,0.6016666666664927,0.6016666666664927,1.069823737545551,1.069823737545551,1.2769230769230764,1.2769230769230764,0.1333333333326152,0.1333333333326152,47749,47749,0,0,76,76,0,0.0,
bursty_high_s24,2.0,selected_gated,80301,1.2666666666662536,1.2666666666662536,2.6666666666658045,2.6666666666658045,0.553333333333166,0.553333333333166,1.064426081811049,1.064426081811049,1.2666666666666746,1.2666666666666746,3.2666666666658557,3.2666666666658557,48580,48580,0,0,67,67,0,0.0,
bursty_high_s24,2.0,selected_gated,80302,0.99999999999946,0.99999999999946,2.3333333333323765,2.3333333333323765,0.534999999999838,0.534999999999838,1.0568650258630017,1.0568650258630017,1.1999999999999105,1.1999999999999105,6.0666666666658955,6.0666666666658955,49478,49478,0,0,58,58,0,0.0,
bursty_high_s24,2.0,selected_gated,80303,1.4666666666662707,1.4666666666662707,1.9999999999990905,1.9999999999990905,0.5733333333331725,0.5733333333331725,1.055592727089035,1.055592727089035,1.1999999999999222,1.1999999999999222,4.666666666666174,4.666666666666174,48638,48638,0,0,68,68,0,0.0,
bursty_high_s24,2.0,selected_gated,80304,1.6666666666666998,1.6666666666666998,3.5333333333333528,3.5333333333333528,0.5849999999998285,0.5849999999998285,1.0580628633890212,1.0580628633890212,1.2400000000000002,1.2400000000000002,0.33333333333246173,0.33333333333246173,47906,47906,0,0,69,69,0,0.0,
bursty_high_s24,2.0,selected_gated,80305,1.0000000000000355,1.0000000000000355,2.2666666666667226,2.2666666666667226,0.5308333333331603,0.5308333333331603,1.047187813707267,1.047187813707267,1.1849462365591399,1.1849462365591399,0.666666666665833,0.666666666665833,49349,49349,0,0,61,61,0,0.0,
bursty_high_s24,2.0,selected_gated,80306,0.9999999999996305,0.9999999999996305,2.466666666666697,2.466666666666697,0.5266666666665014,0.5266666666665014,1.0695412236560615,1.0695412236560615,1.2333333333333414,1.2333333333333414,5.39999999999921,5.39999999999921,48576,48576,0,0,65,65,0,0.0,
bursty_high_s24,2.0,selected_gated,80307,1.2666666666667084,1.2666666666667084,2.466666666666704,2.466666666666704,0.5166666666664912,0.5166666666664912,1.0544740503696493,1.0544740503696493,1.1720430107526874,1.1720430107526874,0.6666666666658898,0.6666666666658898,48765,48765,0,0,66,66,0,0.0,
bursty_high_s24,2.0,selected_gated,80308,1.400000000000034,1.400000000000034,2.733333333332439,2.733333333332439,0.5649999999998284,0.5649999999998284,1.0649002485352945,1.0649002485352945,1.2518518518517743,1.2518518518517743,0.6666666666660319,0.6666666666660319,48154,48154,0,0,78,78,0,0.0,
bursty_high_s24,2.0,selected_gated,80309,2.133333333332871,2.133333333332871,3.133333333333354,3.133333333333354,0.6999999999998283,0.6999999999998283,1.1019169159747277,1.1019169159747277,1.4298850574712654,1.4298850574712654,7.799999999999244,7.799999999999244,47573,47573,0,0,81,81,0,0.0,
bursty_high_s24,2.0,selected_gated,80310,0.9999999999998579,0.9999999999998579,2.5999999999991417,2.5999999999991417,0.5591666666664988,0.5591666666664988,1.0573212618506007,1.0573212618506007,1.2303030303029965,1.2303030303029965,0.33333333333260384,0.33333333333260384,48667,48667,0,0,59,59,0,0.0,
bursty_high_s24,2.0,selected_gated,80311,1.3333333333324617,1.3333333333324617,2.599999999999568,2.599999999999568,0.5366666666664988,0.5366666666664988,1.0765093338438219,1.0765093338438219,1.263999999999986,1.263999999999986,0.399999999999352,0.399999999999352,47983,47983,0,0,76,76,0,0.0,
bursty_high_s24,2.0,selected_gated,80312,1.1333333333333613,1.1333333333333613,2.4666666666666828,2.4666666666666828,0.5216666666664972,0.5216666666664972,1.0562013084490243,1.0562013084490243,1.2181818181818214,1.2181818181818214,0.466666666665958,0.466666666665958,47938,47938,0,0,71,71,0,0.0,
bursty_high_s24,2.0,selected_gated,80313,1.466666666666704,1.466666666666704,2.199999999999619,2.199999999999619,0.5549999999998357,0.5549999999998357,1.0590973845568554,1.0590973845568554,1.248888888888888,1.248888888888888,0.5999999999993122,0.5999999999993122,48623,48623,0,0,65,65,0,0.0,
bursty_high_s24,2.0,selected_gated,80314,1.3333333333333854,1.3333333333333854,2.5999999999995964,2.5999999999995964,0.5549999999998428,0.5549999999998428,1.0543580447374423,1.0543580447374423,1.2035087719298219,1.2035087719298219,0.5999999999993406,0.5999999999993406,48473,48473,0,0,60,60,0,0.0,
bursty_high_s24,2.0,selected_gated,80315,0.9999999999999147,0.9999999999999147,2.2666666666661115,2.2666666666661115,0.5324999999998432,0.5324999999998432,1.049922941021786,1.049922941021786,1.16543209876543,1.16543209876543,0.1999999999992781,0.1999999999992781,48496,48496,0,0,71,71,0,0.0,
bursty_high_s24,2.0,selected_gated,80316,1.3333333333333712,1.3333333333333712,2.2666666666667084,2.2666666666667084,0.5658333333331655,0.5658333333331655,1.0526703625624136,1.0526703625624136,1.204166666666668,1.204166666666668,0.5333333333325925,0.5333333333325925,48289,48289,0,0,72,72,0,0.0,
bursty_high_s24,2.0,selected_gated,80317,0.9999999999997158,0.9999999999997158,2.2666666666657704,2.2666666666657704,0.5233333333331632,0.5233333333331632,1.0578738964172492,1.0578738964172492,1.2454545454545454,1.2454545454545454,0.3333333333326891,0.3333333333326891,48880,48880,0,0,68,68,0,0.0,
bursty_high_s24,2.0,selected_gated,80318,1.1333333333333613,1.1333333333333613,2.2666666666667155,2.2666666666667155,0.5299999999998405,0.5299999999998405,1.0671484355290275,1.0671484355290275,1.286666666666667,1.286666666666667,0.19999999999944862,0.19999999999944862,47746,47746,0,0,78,78,0,0.0,
bursty_high_s24,2.0,selected_gated,80319,0.9999999999999147,0.9999999999999147,1.9999999999990337,1.9999999999990337,0.5158333333331698,0.5158333333331698,1.0631461914214078,1.0631461914214078,1.2777777777777832,1.2777777777777832,3.4666666666660717,3.4666666666660717,48788,48788,0,0,65,65,0,0.0,
bursty_high_s24,2.0,selected_gated,80320,1.466666666666697,1.466666666666697,2.7999999999993292,2.7999999999993292,0.5716666666665049,0.5716666666665049,1.0638504208131327,1.0638504208131327,1.20952380952381,1.20952380952381,0.06666666666595233,0.06666666666595233,48240,48240,0,0,71,71,0,0.0,
bursty_high_s24,2.0,selected_gated,80321,0.9999999999997442,0.9999999999997442,2.133333333332331,2.133333333332331,0.48833333333316914,0.48833333333316914,1.0568664882912069,1.0568664882912069,1.1933333333333338,1.1933333333333338,2.8666666666658784,2.8666666666658784,48927,48927,0,0,65,65,0,0.0,
bursty_high_s24,2.0,selected_gated,80322,1.3333333333333854,1.3333333333333854,2.466666666666697,2.466666666666697,0.5608333333331678,0.5608333333331678,1.0867144597913891,1.0867144597913891,1.3733333333333342,1.3733333333333342,2.199999999999335,2.199999999999335,48705,48705,0,0,74,74,0,0.0,
bursty_high_s24,2.0,selected_gated,80323,1.9333333333333798,1.9333333333333798,2.6666666666666856,2.6666666666666856,0.6266666666665,0.6266666666665,1.0847549897004134,1.0847549897004134,1.3105263157894724,1.3105263157894724,0.06666666666583865,0.06666666666583865,47164,47164,0,0,93,93,0,0.0,
bursty_high_s24,2.0,selected_gated,80324,1.1333333333333542,1.1333333333333542,2.666666666665975,2.666666666665975,0.5316666666664933,0.5316666666664933,1.0605099558111144,1.0605099558111144,1.2509803921568627,1.2509803921568627,0.7999999999994998,0.7999999999994998,48353,48353,0,0,71,71,0,0.0,
bursty_high_s24,2.0,selected_gated,80325,1.8666666666666956,1.8666666666666956,2.6666666666666927,2.6666666666666927,0.5583333333331633,0.5583333333331633,1.0700443152431711,1.0700443152431711,1.247058823529386,1.247058823529386,0.5333333333327062,0.5333333333327062,47744,47744,0,0,75,75,0,0.0,
bursty_high_s24,2.0,selected_gated,80326,1.5999999999992838,1.5999999999992838,2.6000000000000227,2.6000000000000227,0.5733333333331685,0.5733333333331685,1.0688588625453648,1.0688588625453648,1.3099099099098992,1.3099099099098992,0.8666666666659921,0.8666666666659921,47189,47189,0,0,87,87,0,0.0,
bursty_high_s24,2.0,selected_gated,80327,0.9999999999991189,0.9999999999991189,1.1333333333333542,1.1333333333333542,0.45999999999983104,0.45999999999983104,1.0391717178887805,1.0391717178887805,1.1428571428570535,1.1428571428570535,0.9999999999992895,0.9999999999992895,48678,48678,0,0,58,58,0,0.0,
bursty_high_s24,2.0,selected_gated,80328,2.0000000000000284,2.0000000000000284,5.200000000000031,5.200000000000031,0.6983333333331558,0.6983333333331558,1.1006589033714456,1.1006589033714456,1.3303030303030297,1.3303030303030297,0.13333333333250152,0.13333333333250152,47911,47911,0,0,83,83,0,0.0,
bursty_high_s24,2.0,selected_gated,80329,1.5999999999996533,1.5999999999996533,2.600000000000037,2.600000000000037,0.6049999999998363,0.6049999999998363,1.074527069721248,1.074527069721248,1.3188405797101443,1.3188405797101443,0.13333333333264363,0.13333333333264363,47775,47775,0,0,78,78,0,0.0,
bursty_high_s24,2.0,selected_ungated,80300,1.7999999999998124,1.7999999999998124,2.40000000000002,2.40000000000002,0.6016666666664927,0.6016666666664927,1.069823737545551,1.069823737545551,1.2769230769230764,1.2769230769230764,0.1333333333326152,0.1333333333326152,47749,47749,0,0,76,76,0,0.0,
bursty_high_s24,2.0,selected_ungated,80301,1.2666666666662536,1.2666666666662536,2.6666666666658045,2.6666666666658045,0.553333333333166,0.553333333333166,1.064426081811049,1.064426081811049,1.2666666666666746,1.2666666666666746,3.2666666666658557,3.2666666666658557,48580,48580,0,0,67,67,0,0.0,
bursty_high_s24,2.0,selected_ungated,80302,0.99999999999946,0.99999999999946,2.3333333333323765,2.3333333333323765,0.534999999999838,0.534999999999838,1.0568650258630017,1.0568650258630017,1.1999999999999105,1.1999999999999105,6.0666666666658955,6.0666666666658955,49478,49478,0,0,58,58,0,0.0,
bursty_high_s24,2.0,selected_ungated,80303,1.4666666666662707,1.4666666666662707,1.9999999999990905,1.9999999999990905,0.5733333333331725,0.5733333333331725,1.055592727089035,1.055592727089035,1.1999999999999222,1.1999999999999222,4.666666666666174,4.666666666666174,48638,48638,0,0,68,68,0,0.0,
bursty_high_s24,2.0,selected_ungated,80304,1.6666666666666998,1.6666666666666998,3.5333333333333528,3.5333333333333528,0.5849999999998285,0.5849999999998285,1.0580628633890212,1.0580628633890212,1.2400000000000002,1.2400000000000002,0.33333333333246173,0.33333333333246173,47906,47906,0,0,69,69,0,0.0,
bursty_high_s24,2.0,selected_ungated,80305,1.0000000000000355,1.0000000000000355,2.2666666666667226,2.2666666666667226,0.5308333333331603,0.5308333333331603,1.047187813707267,1.047187813707267,1.1849462365591399,1.1849462365591399,0.666666666665833,0.666666666665833,49349,49349,0,0,61,61,0,0.0,
bursty_high_s24,2.0,selected_ungated,80306,0.9999999999996305,0.9999999999996305,2.466666666666697,2.466666666666697,0.5266666666665014,0.5266666666665014,1.0695412236560615,1.0695412236560615,1.2333333333333414,1.2333333333333414,5.39999999999921,5.39999999999921,48576,48576,0,0,65,65,0,0.0,
bursty_high_s24,2.0,selected_ungated,80307,1.2666666666667084,1.2666666666667084,2.466666666666704,2.466666666666704,0.5166666666664912,0.5166666666664912,1.0544740503696493,1.0544740503696493,1.1720430107526874,1.1720430107526874,0.6666666666658898,0.6666666666658898,48765,48765,0,0,66,66,0,0.0,
bursty_high_s24,2.0,selected_ungated,80308,1.400000000000034,1.400000000000034,2.733333333332439,2.733333333332439,0.5649999999998284,0.5649999999998284,1.0649002485352945,1.0649002485352945,1.2518518518517743,1.2518518518517743,0.6666666666660319,0.6666666666660319,48154,48154,0,0,78,78,0,0.0,
bursty_high_s24,2.0,selected_ungated,80309,2.133333333332871,2.133333333332871,3.133333333333354,3.133333333333354,0.6999999999998283,0.6999999999998283,1.1019169159747277,1.1019169159747277,1.4298850574712654,1.4298850574712654,7.799999999999244,7.799999999999244,47573,47573,0,0,81,81,0,0.0,
bursty_high_s24,2.0,selected_ungated,80310,0.9999999999998579,0.9999999999998579,2.5999999999991417,2.5999999999991417,0.5591666666664988,0.5591666666664988,1.0573212618506007,1.0573212618506007,1.2303030303029965,1.2303030303029965,0.33333333333260384,0.33333333333260384,48667,48667,0,0,59,59,0,0.0,
bursty_high_s24,2.0,selected_ungated,80311,1.3333333333324617,1.3333333333324617,2.599999999999568,2.599999999999568,0.5366666666664988,0.5366666666664988,1.0765093338438219,1.0765093338438219,1.263999999999986,1.263999999999986,0.399999999999352,0.399999999999352,47983,47983,0,0,76,76,0,0.0,
bursty_high_s24,2.0,selected_ungated,80312,1.1333333333333613,1.1333333333333613,2.4666666666666828,2.4666666666666828,0.5216666666664972,0.5216666666664972,1.0562013084490243,1.0562013084490243,1.2181818181818214,1.2181818181818214,0.466666666665958,0.466666666665958,47938,47938,0,0,71,71,0,0.0,
bursty_high_s24,2.0,selected_ungated,80313,1.466666666666704,1.466666666666704,2.199999999999619,2.199999999999619,0.5549999999998357,0.5549999999998357,1.0590973845568554,1.0590973845568554,1.248888888888888,1.248888888888888,0.5999999999993122,0.5999999999993122,48623,48623,0,0,65,65,0,0.0,
bursty_high_s24,2.0,selected_ungated,80314,1.3333333333333854,1.3333333333333854,2.5999999999995964,2.5999999999995964,0.5549999999998428,0.5549999999998428,1.0543580447374423,1.0543580447374423,1.2035087719298219,1.2035087719298219,0.5999999999993406,0.5999999999993406,48473,48473,0,0,60,60,0,0.0,
bursty_high_s24,2.0,selected_ungated,80315,0.9999999999999147,0.9999999999999147,2.2666666666661115,2.2666666666661115,0.5324999999998432,0.5324999999998432,1.049922941021786,1.049922941021786,1.16543209876543,1.16543209876543,0.1999999999992781,0.1999999999992781,48496,48496,0,0,71,71,0,0.0,
bursty_high_s24,2.0,selected_ungated,80316,1.3333333333333712,1.3333333333333712,2.2666666666667084,2.2666666666667084,0.5658333333331655,0.5658333333331655,1.0526703625624136,1.0526703625624136,1.204166666666668,1.204166666666668,0.5333333333325925,0.5333333333325925,48289,48289,0,0,72,72,0,0.0,
bursty_high_s24,2.0,selected_ungated,80317,0.9999999999997158,0.9999999999997158,2.2666666666657704,2.2666666666657704,0.5233333333331632,0.5233333333331632,1.0578738964172492,1.0578738964172492,1.2454545454545454,1.2454545454545454,0.3333333333326891,0.3333333333326891,48880,48880,0,0,68,68,0,0.0,
bursty_high_s24,2.0,selected_ungated,80318,1.1333333333333613,1.1333333333333613,2.2666666666667155,2.2666666666667155,0.5299999999998405,0.5299999999998405,1.0671484355290275,1.0671484355290275,1.286666666666667,1.286666666666667,0.19999999999944862,0.19999999999944862,47746,47746,0,0,78,78,0,0.0,
bursty_high_s24,2.0,selected_ungated,80319,0.9999999999999147,0.9999999999999147,1.9999999999990337,1.9999999999990337,0.5158333333331698,0.5158333333331698,1.0631461914214078,1.0631461914214078,1.2777777777777832,1.2777777777777832,3.4666666666660717,3.4666666666660717,48788,48788,0,0,65,65,0,0.0,
bursty_high_s24,2.0,selected_ungated,80320,1.466666666666697,1.466666666666697,2.7999999999993292,2.7999999999993292,0.5716666666665049,0.5716666666665049,1.0638504208131327,1.0638504208131327,1.20952380952381,1.20952380952381,0.06666666666595233,0.06666666666595233,48240,48240,0,0,71,71,0,0.0,
bursty_high_s24,2.0,selected_ungated,80321,0.9999999999997442,0.9999999999997442,2.133333333332331,2.133333333332331,0.48833333333316914,0.48833333333316914,1.0568664882912069,1.0568664882912069,1.1933333333333338,1.1933333333333338,2.8666666666658784,2.8666666666658784,48927,48927,0,0,65,65,0,0.0,
bursty_high_s24,2.0,selected_ungated,80322,1.3333333333333854,1.3333333333333854,2.466666666666697,2.466666666666697,0.5608333333331678,0.5608333333331678,1.0867144597913891,1.0867144597913891,1.3733333333333342,1.3733333333333342,2.199999999999335,2.199999999999335,48705,48705,0,0,74,74,0,0.0,
bursty_high_s24,2.0,selected_ungated,80323,1.9333333333333798,1.9333333333333798,2.6666666666666856,2.6666666666666856,0.6266666666665,0.6266666666665,1.0847549897004134,1.0847549897004134,1.3105263157894724,1.3105263157894724,0.06666666666583865,0.06666666666583865,47164,47164,0,0,93,93,0,0.0,
bursty_high_s24,2.0,selected_ungated,80324,1.1333333333333542,1.1333333333333542,2.666666666665975,2.666666666665975,0.5316666666664933,0.5316666666664933,1.0605099558111144,1.0605099558111144,1.2509803921568627,1.2509803921568627,0.7999999999994998,0.7999999999994998,48353,48353,0,0,71,71,0,0.0,
bursty_high_s24,2.0,selected_ungated,80325,1.8666666666666956,1.8666666666666956,2.6666666666666927,2.6666666666666927,0.5583333333331633,0.5583333333331633,1.0700443152431711,1.0700443152431711,1.247058823529386,1.247058823529386,0.5333333333327062,0.5333333333327062,47744,47744,0,0,75,75,0,0.0,
bursty_high_s24,2.0,selected_ungated,80326,1.5999999999992838,1.5999999999992838,2.6000000000000227,2.6000000000000227,0.5733333333331685,0.5733333333331685,1.0688588625453648,1.0688588625453648,1.3099099099098992,1.3099099099098992,0.8666666666659921,0.8666666666659921,47189,47189,0,0,87,87,0,0.0,
bursty_high_s24,2.0,selected_ungated,80327,0.9999999999991189,0.9999999999991189,1.1333333333333542,1.1333333333333542,0.45999999999983104,0.45999999999983104,1.0391717178887805,1.0391717178887805,1.1428571428570535,1.1428571428570535,0.9999999999992895,0.9999999999992895,48678,48678,0,0,58,58,0,0.0,
bursty_high_s24,2.0,selected_ungated,80328,2.0000000000000284,2.0000000000000284,5.200000000000031,5.200000000000031,0.6983333333331558,0.6983333333331558,1.1006589033714456,1.1006589033714456,1.3303030303030297,1.3303030303030297,0.13333333333250152,0.13333333333250152,47911,47911,0,0,83,83,0,0.0,
bursty_high_s24,2.0,selected_ungated,80329,1.5999999999996533,1.5999999999996533,2.600000000000037,2.600000000000037,0.6049999999998363,0.6049999999998363,1.074527069721248,1.074527069721248,1.3188405797101443,1.3188405797101443,0.13333333333264363,0.13333333333264363,47775,47775,0,0,78,78,0,0.0,
bursty_high_s24,2.0,original_q2_a0.8_or_ungated,80300,1.7999999999998124,1.7333333333333627,2.40000000000002,2.53333333333336,0.6016666666664927,0.575833333333161,1.069823737545551,1.0708111202790762,1.2769230769230764,1.2333333333333414,0.1333333333326152,0.3333333333325754,47749,49190,0,32,76,79,14,0.8,1.0
bursty_high_s24,2.0,original_q2_a0.8_or_ungated,80301,1.2666666666662536,1.2000000000000313,2.6666666666658045,2.4666666666660433,0.553333333333166,0.5274999999998323,1.064426081811049,1.0623369118990997,1.2666666666666746,1.255555555555557,3.2666666666658557,0.26666666666591254,48580,49417,0,36,67,77,14,0.6,1.0
bursty_high_s24,2.0,original_q2_a0.8_or_ungated,80302,0.99999999999946,0.933333333333394,2.3333333333323765,2.1999999999995907,0.534999999999838,0.5341666666665037,1.0568650258630017,1.05888309085189,1.1999999999999105,1.1878787878787669,6.0666666666658955,2.066666666666066,49478,49275,0,12,58,54,5,0.3,1.0
bursty_high_s24,2.0,original_q2_a0.8_or_ungated,80303,1.4666666666662707,1.333333333332405,1.9999999999990905,1.7999999999998124,0.5733333333331725,0.5574999999998382,1.055592727089035,1.0551497520415514,1.1999999999999222,1.1999999999999222,4.666666666666174,4.066666666666094,48638,49391,0,32,68,74,13,0.7,1.0
bursty_high_s24,2.0,original_q2_a0.8_or_ungated,80304,1.6666666666666998,1.6666666666666998,3.5333333333333528,3.5333333333333528,0.5849999999998285,0.598333333333162,1.0580628633890212,1.0589389356873136,1.2400000000000002,1.2400000000000002,0.33333333333246173,0.33333333333246173,47906,48860,0,24,69,71,17,0.5,1.0
bursty_high_s24,2.0,original_q2_a0.8_or_ungated,80305,1.0000000000000355,1.400000000000034,2.2666666666667226,2.2666666666667226,0.5308333333331603,0.5516666666664934,1.047187813707267,1.0499122576814883,1.1849462365591399,1.1749999999999936,0.666666666665833,0.6666666666658045,49349,50016,0,20,61,65,9,0.3,1.0
bursty_high_s24,2.0,original_q2_a0.8_or_ungated,80306,0.9999999999996305,1.5999999999996248,2.466666666666697,3.5999999999989427,0.5266666666665014,0.5833333333331711,1.0695412236560615,1.0691598745276105,1.2333333333333414,1.2807017543859651,5.39999999999921,2.5999999999992838,48576,49298,0,16,65,67,8,0.4,1.0
bursty_high_s24,2.0,original_q2_a0.8_or_ungated,80307,1.2666666666667084,1.400000000000034,2.466666666666704,2.799999999999045,0.5166666666664912,0.6066666666664916,1.0544740503696493,1.0609670059144867,1.1720430107526874,1.199999999999892,0.6666666666658898,1.266666666665941,48765,49174,0,24,66,62,8,0.4,1.0
bursty_high_s24,2.0,original_q2_a0.8_or_ungated,80308,1.400000000000034,1.4666666666666828,2.733333333332439,2.466666666666697,0.5649999999998284,0.5566666666664961,1.0649002485352945,1.057116013816407,1.2518518518517743,1.2125000000000004,0.6666666666660319,0.06666666666612286,48154,49133,0,36,78,84,12,0.6,1.0
bursty_high_s24,2.0,original_q2_a0.8_or_ungated,80309,2.133333333332871,2.13333333333334,3.133333333333354,3.133333333333354,0.6999999999998283,0.6949999999998292,1.1019169159747277,1.1006491945000396,1.4298850574712654,1.4021505376343912,7.799999999999244,10.599999999999227,47573,48099,0,20,81,84,7,0.5,1.0
bursty_high_s24,2.0,original_q2_a0.8_or_ungated,80310,0.9999999999998579,0.9999999999998579,2.5999999999991417,2.5999999999991417,0.5591666666664988,0.5591666666664988,1.0573212618506007,1.0573212618506007,1.2303030303029965,1.2303030303029965,0.33333333333260384,0.33333333333260384,48667,49407,0,20,59,59,8,0.4,1.0
bursty_high_s24,2.0,original_q2_a0.8_or_ungated,80311,1.3333333333324617,1.5999999999993975,2.599999999999568,2.60000000000003,0.5366666666664988,0.569999999999832,1.0765093338438219,1.067571665283886,1.263999999999986,1.2600000000000016,0.399999999999352,0.1999999999994202,47983,48872,0,24,76,81,12,0.4,1.0
bursty_high_s24,2.0,original_q2_a0.8_or_ungated,80312,1.1333333333333613,1.066666666666464,2.4666666666666828,2.2666666666667012,0.5216666666664972,0.5099999999998301,1.0562013084490243,1.0548729926118194,1.2181818181818214,1.2111111111110848,0.466666666665958,0.2666666666658841,47938,49595,0,40,71,73,13,0.7,1.0
bursty_high_s24,2.0,original_q2_a0.8_or_ungated,80313,1.466666666666704,1.3999999999993236,2.199999999999619,2.599999999999312,0.5549999999998357,0.5591666666665017,1.0590973845568554,1.0560011404710232,1.248888888888888,1.2291666666666665,0.5999999999993122,0.5999999999993406,48623,50466,0,32,65,62,11,0.7,1.0
bursty_high_s24,2.0,original_q2_a0.8_or_ungated,80314,1.3333333333333854,1.3333333333333854,2.5999999999995964,2.5999999999995964,0.5549999999998428,0.5549999999998428,1.0543580447374423,1.0543580447374423,1.2035087719298219,1.2035087719298219,0.5999999999993406,0.5999999999993406,48473,49065,0,16,60,60,6,0.3,1.0
bursty_high_s24,2.0,original_q2_a0.8_or_ungated,80315,0.9999999999999147,1.266666666665941,2.2666666666661115,2.733333333332695,0.5324999999998432,0.5683333333331756,1.049922941021786,1.0591357781348256,1.16543209876543,1.2518518518518549,0.1999999999992781,0.39999999999932356,48496,49432,0,36,71,78,15,0.7,1.0
bursty_high_s24,2.0,original_q2_a0.8_or_ungated,80316,1.3333333333333712,1.3333333333333712,2.2666666666667084,2.266666666666282,0.5658333333331655,0.5499999999998291,1.0526703625624136,1.0575944421951788,1.204166666666668,1.2484848484848532,0.5333333333325925,0.9333333333325413,48289,49578,0,24,72,72,8,0.4,1.0
bursty_high_s24,2.0,original_q2_a0.8_or_ungated,80317,0.9999999999997158,0.9999999999997158,2.2666666666657704,2.2666666666657704,0.5233333333331632,0.5233333333331632,1.0578738964172492,1.0578738964172492,1.2454545454545454,1.2454545454545454,0.3333333333326891,0.3333333333326891,48880,49472,0,16,68,68,9,0.4,1.0
bursty_high_s24,2.0,original_q2_a0.8_or_ungated,80318,1.1333333333333613,1.5333333333329335,2.2666666666667155,2.7999999999998124,0.5299999999998405,0.5524999999998383,1.0671484355290275,1.0836035340135828,1.286666666666667,1.3599999999999994,0.19999999999944862,0.5999999999994259,47746,48861,0,24,78,83,10,0.5,1.0
bursty_high_s24,2.0,original_q2_a0.8_or_ungated,80319,0.9999999999999147,0.9999999999999147,1.9999999999990337,1.9999999999990337,0.5158333333331698,0.5158333333331698,1.0631461914214078,1.0631461914214078,1.2777777777777832,1.2777777777777832,3.4666666666660717,3.4666666666660717,48788,49084,0,8,65,65,2,0.2,1.0
bursty_high_s24,2.0,original_q2_a0.8_or_ungated,80320,1.466666666666697,1.4000000000000625,2.7999999999993292,2.399999999999295,0.5716666666665049,0.5599999999998357,1.0638504208131327,1.0712201216958173,1.20952380952381,1.2809523809523813,0.06666666666595233,0.6666666666659182,48240,49766,0,28,71,71,7,0.6,1.0
bursty_high_s24,2.0,original_q2_a0.8_or_ungated,80321,0.9999999999997442,1.0666666666666984,2.133333333332331,2.400000000000034,0.48833333333316914,0.5074999999998369,1.0568664882912069,1.0570058030321798,1.1933333333333338,1.1954022988505748,2.8666666666658784,2.66666666666589,48927,50099,0,28,65,67,14,0.5,1.0
bursty_high_s24,2.0,original_q2_a0.8_or_ungated,80322,1.3333333333333854,1.5333333333333599,2.466666666666697,3.266666666665998,0.5608333333331678,0.5899999999998357,1.0867144597913891,1.0781778223379084,1.3733333333333342,1.3499999999999563,2.199999999999335,3.199999999999278,48705,50139,0,32,74,79,12,0.7,1.0
bursty_high_s24,2.0,original_q2_a0.8_or_ungated,80323,1.9333333333333798,2.2000000000000384,2.6666666666666856,2.799999999999841,0.6266666666665,0.6424999999998333,1.0847549897004134,1.081134987381605,1.3105263157894724,1.3037037037036927,0.06666666666583865,0.666666666665833,47164,48276,0,28,93,98,9,0.6,1.0
bursty_high_s24,2.0,original_q2_a0.8_or_ungated,80324,1.1333333333333542,1.1333333333333613,2.666666666665975,3.1333333333333613,0.5316666666664933,0.5324999999998284,1.0605099558111144,1.07457317045176,1.2509803921568627,1.3139784946236548,0.7999999999994998,0.3999999999995225,48353,49006,0,28,71,74,13,0.5,1.0
bursty_high_s24,2.0,original_q2_a0.8_or_ungated,80325,1.8666666666666956,1.6666666666662309,2.6666666666666927,3.1333333333333613,0.5583333333331633,0.6041666666664994,1.0700443152431711,1.0686560741295352,1.247058823529386,1.258585858585856,0.5333333333327062,0.9333333333326834,47744,49505,0,28,75,80,10,0.5,1.0
bursty_high_s24,2.0,original_q2_a0.8_or_ungated,80326,1.5999999999992838,2.13333333333334,2.6000000000000227,2.73333333333337,0.5733333333331685,0.6224999999998371,1.0688588625453648,1.073636781813901,1.3099099099098992,1.333333333333333,0.8666666666659921,0.46666666666598644,47189,47873,0,32,87,93,13,0.6,1.0
bursty_high_s24,2.0,original_q2_a0.8_or_ungated,80327,0.9999999999991189,0.9333333333333798,1.1333333333333542,1.7999999999995282,0.45999999999983104,0.49583333333316637,1.0391717178887805,1.0449445808053255,1.1428571428570535,1.1666666666664653,0.9999999999992895,0.3999999999992667,48678,49850,0,32,58,73,16,0.7,1.0
bursty_high_s24,2.0,original_q2_a0.8_or_ungated,80328,2.0000000000000284,2.266666666665998,5.200000000000031,2.6666666666667,0.6983333333331558,0.586666666666489,1.1006589033714456,1.0943825758163446,1.3303030303030297,1.3818181818181827,0.13333333333250152,0.3333333333325754,47911,48562,0,28,83,88,11,0.5,1.0
bursty_high_s24,2.0,original_q2_a0.8_or_ungated,80329,1.5999999999996533,1.8666666666659921,2.600000000000037,2.600000000000037,0.6049999999998363,0.6008333333331688,1.074527069721248,1.067715614887754,1.3188405797101443,1.2857142857142858,0.13333333333264363,1.533333333332564,47775,48716,0,24,78,77,9,0.5,1.0
bursty_high_s24,2.0,runner_up_ungated,80300,1.7999999999998124,1.7999999999998124,2.40000000000002,2.40000000000002,0.6016666666664927,0.6016666666664927,1.069823737545551,1.069823737545551,1.2769230769230764,1.2769230769230764,0.1333333333326152,0.1333333333326152,47749,47749,0,0,76,76,0,0.0,
bursty_high_s24,2.0,runner_up_ungated,80301,1.2666666666662536,1.2666666666662536,2.6666666666658045,2.6666666666658045,0.553333333333166,0.553333333333166,1.064426081811049,1.064426081811049,1.2666666666666746,1.2666666666666746,3.2666666666658557,3.2666666666658557,48580,48580,0,0,67,67,0,0.0,
bursty_high_s24,2.0,runner_up_ungated,80302,0.99999999999946,0.99999999999946,2.3333333333323765,2.3333333333323765,0.534999999999838,0.534999999999838,1.0568650258630017,1.0568650258630017,1.1999999999999105,1.1999999999999105,6.0666666666658955,6.0666666666658955,49478,49478,0,0,58,58,0,0.0,
bursty_high_s24,2.0,runner_up_ungated,80303,1.4666666666662707,1.4666666666662707,1.9999999999990905,1.9999999999990905,0.5733333333331725,0.5733333333331725,1.055592727089035,1.055592727089035,1.1999999999999222,1.1999999999999222,4.666666666666174,4.666666666666174,48638,48638,0,0,68,68,0,0.0,
bursty_high_s24,2.0,runner_up_ungated,80304,1.6666666666666998,1.6666666666666998,3.5333333333333528,3.5333333333333528,0.5849999999998285,0.5849999999998285,1.0580628633890212,1.0580628633890212,1.2400000000000002,1.2400000000000002,0.33333333333246173,0.33333333333246173,47906,47906,0,0,69,69,0,0.0,
bursty_high_s24,2.0,runner_up_ungated,80305,1.0000000000000355,1.0000000000000355,2.2666666666667226,2.2666666666667226,0.5308333333331603,0.5308333333331603,1.047187813707267,1.047187813707267,1.1849462365591399,1.1849462365591399,0.666666666665833,0.666666666665833,49349,49349,0,0,61,61,0,0.0,
bursty_high_s24,2.0,runner_up_ungated,80306,0.9999999999996305,0.9999999999996305,2.466666666666697,2.466666666666697,0.5266666666665014,0.5266666666665014,1.0695412236560615,1.0695412236560615,1.2333333333333414,1.2333333333333414,5.39999999999921,5.39999999999921,48576,48576,0,0,65,65,0,0.0,
bursty_high_s24,2.0,runner_up_ungated,80307,1.2666666666667084,1.2666666666667084,2.466666666666704,2.466666666666704,0.5166666666664912,0.5166666666664912,1.0544740503696493,1.0544740503696493,1.1720430107526874,1.1720430107526874,0.6666666666658898,0.6666666666658898,48765,48765,0,0,66,66,0,0.0,
bursty_high_s24,2.0,runner_up_ungated,80308,1.400000000000034,1.400000000000034,2.733333333332439,2.733333333332439,0.5649999999998284,0.5649999999998284,1.0649002485352945,1.0649002485352945,1.2518518518517743,1.2518518518517743,0.6666666666660319,0.6666666666660319,48154,48154,0,0,78,78,0,0.0,
bursty_high_s24,2.0,runner_up_ungated,80309,2.133333333332871,2.133333333332871,3.133333333333354,3.133333333333354,0.6999999999998283,0.6999999999998283,1.1019169159747277,1.1019169159747277,1.4298850574712654,1.4298850574712654,7.799999999999244,7.799999999999244,47573,47573,0,0,81,81,0,0.0,
bursty_high_s24,2.0,runner_up_ungated,80310,0.9999999999998579,0.9999999999998579,2.5999999999991417,2.5999999999991417,0.5591666666664988,0.5591666666664988,1.0573212618506007,1.0573212618506007,1.2303030303029965,1.2303030303029965,0.33333333333260384,0.33333333333260384,48667,48667,0,0,59,59,0,0.0,
bursty_high_s24,2.0,runner_up_ungated,80311,1.3333333333324617,1.3333333333324617,2.599999999999568,2.599999999999568,0.5366666666664988,0.5366666666664988,1.0765093338438219,1.0765093338438219,1.263999999999986,1.263999999999986,0.399999999999352,0.399999999999352,47983,47983,0,0,76,76,0,0.0,
bursty_high_s24,2.0,runner_up_ungated,80312,1.1333333333333613,1.1333333333333613,2.4666666666666828,2.4666666666666828,0.5216666666664972,0.5216666666664972,1.0562013084490243,1.0562013084490243,1.2181818181818214,1.2181818181818214,0.466666666665958,0.466666666665958,47938,47938,0,0,71,71,0,0.0,
bursty_high_s24,2.0,runner_up_ungated,80313,1.466666666666704,1.466666666666704,2.199999999999619,2.199999999999619,0.5549999999998357,0.5549999999998357,1.0590973845568554,1.0590973845568554,1.248888888888888,1.248888888888888,0.5999999999993122,0.5999999999993122,48623,48623,0,0,65,65,0,0.0,
bursty_high_s24,2.0,runner_up_ungated,80314,1.3333333333333854,1.3333333333333854,2.5999999999995964,2.5999999999995964,0.5549999999998428,0.5549999999998428,1.0543580447374423,1.0543580447374423,1.2035087719298219,1.2035087719298219,0.5999999999993406,0.5999999999993406,48473,48473,0,0,60,60,0,0.0,
bursty_high_s24,2.0,runner_up_ungated,80315,0.9999999999999147,0.9999999999999147,2.2666666666661115,2.2666666666661115,0.5324999999998432,0.5324999999998432,1.049922941021786,1.049922941021786,1.16543209876543,1.16543209876543,0.1999999999992781,0.1999999999992781,48496,48496,0,0,71,71,0,0.0,
bursty_high_s24,2.0,runner_up_ungated,80316,1.3333333333333712,1.3333333333333712,2.2666666666667084,2.2666666666667084,0.5658333333331655,0.5658333333331655,1.0526703625624136,1.0526703625624136,1.204166666666668,1.204166666666668,0.5333333333325925,0.5333333333325925,48289,48289,0,0,72,72,0,0.0,
bursty_high_s24,2.0,runner_up_ungated,80317,0.9999999999997158,0.9999999999997158,2.2666666666657704,2.2666666666657704,0.5233333333331632,0.5233333333331632,1.0578738964172492,1.0578738964172492,1.2454545454545454,1.2454545454545454,0.3333333333326891,0.3333333333326891,48880,48880,0,0,68,68,0,0.0,
bursty_high_s24,2.0,runner_up_ungated,80318,1.1333333333333613,1.1333333333333613,2.2666666666667155,2.2666666666667155,0.5299999999998405,0.5299999999998405,1.0671484355290275,1.0671484355290275,1.286666666666667,1.286666666666667,0.19999999999944862,0.19999999999944862,47746,47746,0,0,78,78,0,0.0,
bursty_high_s24,2.0,runner_up_ungated,80319,0.9999999999999147,0.9999999999999147,1.9999999999990337,1.9999999999990337,0.5158333333331698,0.5158333333331698,1.0631461914214078,1.0631461914214078,1.2777777777777832,1.2777777777777832,3.4666666666660717,3.4666666666660717,48788,48788,0,0,65,65,0,0.0,
bursty_high_s24,2.0,runner_up_ungated,80320,1.466666666666697,1.466666666666697,2.7999999999993292,2.7999999999993292,0.5716666666665049,0.5716666666665049,1.0638504208131327,1.0638504208131327,1.20952380952381,1.20952380952381,0.06666666666595233,0.06666666666595233,48240,48240,0,0,71,71,0,0.0,
bursty_high_s24,2.0,runner_up_ungated,80321,0.9999999999997442,0.9999999999997442,2.133333333332331,2.133333333332331,0.48833333333316914,0.48833333333316914,1.0568664882912069,1.0568664882912069,1.1933333333333338,1.1933333333333338,2.8666666666658784,2.8666666666658784,48927,48927,0,0,65,65,0,0.0,
bursty_high_s24,2.0,runner_up_ungated,80322,1.3333333333333854,1.3333333333333854,2.466666666666697,2.466666666666697,0.5608333333331678,0.5608333333331678,1.0867144597913891,1.0867144597913891,1.3733333333333342,1.3733333333333342,2.199999999999335,2.199999999999335,48705,48705,0,0,74,74,0,0.0,
bursty_high_s24,2.0,runner_up_ungated,80323,1.9333333333333798,1.9333333333333798,2.6666666666666856,2.6666666666666856,0.6266666666665,0.6266666666665,1.0847549897004134,1.0847549897004134,1.3105263157894724,1.3105263157894724,0.06666666666583865,0.06666666666583865,47164,47164,0,0,93,93,0,0.0,
bursty_high_s24,2.0,runner_up_ungated,80324,1.1333333333333542,1.1333333333333542,2.666666666665975,2.666666666665975,0.5316666666664933,0.5316666666664933,1.0605099558111144,1.0605099558111144,1.2509803921568627,1.2509803921568627,0.7999999999994998,0.7999999999994998,48353,48353,0,0,71,71,0,0.0,
bursty_high_s24,2.0,runner_up_ungated,80325,1.8666666666666956,1.8666666666666956,2.6666666666666927,2.6666666666666927,0.5583333333331633,0.5583333333331633,1.0700443152431711,1.0700443152431711,1.247058823529386,1.247058823529386,0.5333333333327062,0.5333333333327062,47744,47744,0,0,75,75,0,0.0,
bursty_high_s24,2.0,runner_up_ungated,80326,1.5999999999992838,1.5999999999992838,2.6000000000000227,2.6000000000000227,0.5733333333331685,0.5733333333331685,1.0688588625453648,1.0688588625453648,1.3099099099098992,1.3099099099098992,0.8666666666659921,0.8666666666659921,47189,47189,0,0,87,87,0,0.0,
bursty_high_s24,2.0,runner_up_ungated,80327,0.9999999999991189,0.9999999999991189,1.1333333333333542,1.1333333333333542,0.45999999999983104,0.45999999999983104,1.0391717178887805,1.0391717178887805,1.1428571428570535,1.1428571428570535,0.9999999999992895,0.9999999999992895,48678,48678,0,0,58,58,0,0.0,
bursty_high_s24,2.0,runner_up_ungated,80328,2.0000000000000284,2.0000000000000284,5.200000000000031,5.200000000000031,0.6983333333331558,0.6983333333331558,1.1006589033714456,1.1006589033714456,1.3303030303030297,1.3303030303030297,0.13333333333250152,0.13333333333250152,47911,47911,0,0,83,83,0,0.0,
bursty_high_s24,2.0,runner_up_ungated,80329,1.5999999999996533,1.5999999999996533,2.600000000000037,2.600000000000037,0.6049999999998363,0.6049999999998363,1.074527069721248,1.074527069721248,1.3188405797101443,1.3188405797101443,0.13333333333264363,0.13333333333264363,47775,47775,0,0,78,78,0,0.0,
