workload,penalty,variant,seed,baseline_p95_wait,variant_p95_wait,baseline_p99_wait,variant_p99_wait,baseline_avg_wait,variant_avg_wait,baseline_avg_slowdown,variant_avg_slowdown,baseline_p95_slowdown,variant_p95_slowdown,baseline_makespan_excess,variant_makespan_excess,baseline_sched_cores_scanned,variant_sched_cores_scanned,baseline_burst_balance_levels_walked,variant_burst_balance_levels_walked,baseline_total_migrations,variant_total_migrations,detector_fires,recall,precision
bursty_high_s64,0.0,selected_checked,120400,56.66666666666572,56.66666666666572,80.66666666666436,80.66666666666436,15.279999999999239,15.279999999999239,4.836894285627087,4.836894285627087,11.488888888888939,11.488888888888939,122.19999999999976,122.19999999999976,84085,84085,0,0,543,543,247,1.0,1.0
bursty_high_s64,0.0,selected_checked,120401,60.99999999999926,66.59999999999758,90.93333333333226,98.46666666666471,15.808437499999238,17.789062499999247,5.216597034386198,5.250749133844293,12.770370370370168,12.961904761904512,116.2666666666666,109.86666666666656,83745,83832,0,12,461,536,257,1.0,1.0
bursty_high_s64,0.0,selected_checked,120402,56.13333333333091,56.13333333333091,87.06666666666541,87.06666666666541,16.262187499999236,16.262187499999236,5.267478758948154,5.267478758948154,12.32592592592593,12.32592592592593,128.99999999999983,128.99999999999983,82719,82719,0,0,545,545,272,0.9,1.0
bursty_high_s64,0.0,selected_checked,120403,56.4666666666655,49.999999999999034,82.39999999999822,86.06666666666618,16.032812499999245,14.223124999999232,4.990763143386551,4.896019663422931,12.019999999999953,11.773333333333188,108.73333333333323,106.13333333333316,83125,84103,0,12,532,504,252,0.9,1.0
bursty_high_s64,0.0,selected_checked,120404,56.800000000000296,56.800000000000296,91.1333333333323,91.1333333333323,16.40624999999925,16.40624999999925,5.148069941600581,5.148069941600581,12.016666666666566,12.016666666666566,118.53333333333325,118.53333333333325,82596,82596,0,0,493,493,255,0.9,1.0
bursty_high_s64,0.0,selected_checked,120405,60.33333333333351,60.33333333333351,113.33333333333243,113.33333333333243,17.811249999999244,17.811249999999244,5.688542960896505,5.688542960896505,14.516666666666566,14.516666666666566,139.0,139.0,83111,83259,0,4,503,503,274,1.0,1.0
bursty_high_s64,0.0,selected_checked,120406,66.5333333333329,66.5333333333329,93.53333333333188,93.53333333333188,18.133124999999247,18.133124999999247,5.558526100129398,5.558526100129398,12.683333333333366,12.683333333333366,137.59999999999957,137.59999999999957,83267,83267,0,0,526,526,274,0.9,1.0
bursty_high_s64,0.0,selected_checked,120407,60.73333333333272,60.73333333333272,90.33333333333144,90.33333333333144,16.84718749999924,16.84718749999924,5.498084246667963,5.498084246667963,12.628571428571368,12.628571428571368,125.26666666666642,125.26666666666642,82328,82328,0,0,502,502,271,0.9,1.0
bursty_high_s64,0.0,selected_checked,120408,70.3333333333319,70.3333333333319,98.86666666666451,98.86666666666451,20.624687499999254,20.624687499999254,6.06499030579428,6.06499030579428,14.377777777777542,14.377777777777542,137.06666666666666,137.06666666666666,82741,82741,0,0,532,532,315,0.9,1.0
bursty_high_s64,0.0,selected_checked,120409,57.733333333330904,57.733333333330904,83.39999999999867,83.39999999999867,17.889687499999248,17.889687499999248,5.514011485777946,5.514011485777946,12.565217391304362,12.565217391304362,131.60000000000002,131.60000000000002,83934,83934,0,0,528,528,281,1.0,1.0
bursty_high_s64,0.0,selected_checked,120410,69.86666666666474,69.86666666666474,109.06666666666453,109.06666666666453,18.34156249999925,18.34156249999925,5.171814061867399,5.171814061867399,12.319999999999919,12.319999999999919,127.3999999999998,127.3999999999998,84144,84292,0,4,539,539,288,1.0,1.0
bursty_high_s64,0.0,selected_checked,120411,56.26666666666529,47.80000000000007,82.59999999999962,81.33333333333118,15.329687499999242,14.255312499999231,5.125556597657824,5.202685841407743,12.19047619047609,12.518518518518444,111.39999999999992,114.99999999999972,84678,82273,0,4,500,498,217,0.9,1.0
bursty_high_s64,0.0,selected_checked,120412,56.266666666665515,56.266666666665515,93.39999999999958,93.39999999999958,15.377812499999237,15.377812499999237,4.892427547682312,4.892427547682312,11.708333333333094,11.708333333333094,109.99999999999989,109.99999999999989,83386,83386,0,0,504,504,267,0.9,1.0
bursty_high_s64,0.0,selected_checked,120413,65.9999999999998,65.9999999999998,97.99999999999937,97.99999999999937,17.651562499999248,17.651562499999248,5.374785508475961,5.374785508475961,12.177777777777832,12.177777777777832,121.86666666666667,121.86666666666667,85331,85331,0,0,508,508,273,0.9,1.0
bursty_high_s64,0.0,selected_checked,120414,56.59999999999923,51.80000000000015,94.53333333333251,84.93333333333283,16.121874999999243,15.089062499999235,4.990657754461064,4.911246910400676,11.799999999999727,11.089855072463797,121.99999999999983,119.79999999999967,84160,84398,0,4,532,494,250,0.9,1.0
bursty_high_s64,0.0,selected_checked,120415,57.66666666666532,57.66666666666532,93.59999999999951,93.59999999999951,15.812499999999238,15.812499999999238,4.832911467711666,4.832911467711666,11.655555555555168,11.655555555555168,120.39999999999986,120.39999999999986,83520,83520,0,0,536,536,240,0.9,1.0
bursty_high_s64,0.0,selected_checked,120416,57.3999999999989,57.3999999999989,96.53333333333114,96.53333333333114,16.618749999999245,16.618749999999245,5.461812859640278,5.461812859640278,12.7222222222221,12.7222222222221,129.06666666666666,129.06666666666666,82676,82676,0,0,531,531,275,0.9,1.0
bursty_high_s64,0.0,selected_checked,120417,56.333333333333655,54.26666666666418,81.86666666666486,81.59999999999894,15.161562499999235,15.399062499999241,5.197282580973811,5.0865615843629115,11.880000000000063,12.022222222222005,120.19999999999959,114.79999999999973,82705,82463,0,4,496,470,263,0.9,1.0
bursty_high_s64,0.0,selected_checked,120418,59.599999999998886,59.599999999998886,93.26666666666478,93.26666666666478,16.541562499999237,16.541562499999237,5.246865592657165,5.246865592657165,11.785185185184964,11.785185185184964,122.1999999999997,122.1999999999997,84685,84685,0,0,519,519,263,1.0,1.0
bursty_high_s64,0.0,selected_checked,120419,51.66666666666498,51.66666666666498,79.59999999999857,79.59999999999857,14.802187499999238,14.802187499999238,4.754453482412202,4.754453482412202,11.053333333333182,11.053333333333182,123.33333333333326,123.33333333333326,83664,83664,0,0,524,524,231,0.9,1.0
bursty_high_s64,0.0,selected_checked,120420,68.13333333333253,68.13333333333253,104.73333333333238,104.73333333333238,19.005312499999256,19.005312499999256,5.5757634859422724,5.5757634859422724,12.973333333333363,12.973333333333363,133.4000000000001,133.4000000000001,82719,82719,0,0,541,541,293,0.9,1.0
bursty_high_s64,0.0,selected_checked,120421,56.13333333333344,56.13333333333344,99.46666666666442,99.46666666666442,15.56781249999924,15.56781249999924,5.369837122468708,5.369837122468708,12.75999999999974,12.75999999999974,127.00000000000006,127.00000000000006,84819,84819,0,0,466,466,260,0.9,1.0
bursty_high_s64,0.0,selected_checked,120422,56.0666666666649,56.0666666666649,86.19999999999831,86.19999999999831,16.50562499999925,16.50562499999925,5.255282965792686,5.255282965792686,12.659259259259082,12.659259259259082,115.99999999999983,115.99999999999983,81981,81981,0,0,526,526,253,0.9,1.0
bursty_high_s64,0.0,selected_checked,120423,56.93333333333214,56.93333333333214,84.39999999999785,84.39999999999785,15.630312499999246,15.630312499999246,4.871796047611905,4.871796047611905,11.779999999999802,11.779999999999802,100.8666666666665,100.8666666666665,83635,83635,0,0,493,493,251,1.0,1.0
bursty_high_s64,0.0,selected_checked,120424,52.73333333333335,52.73333333333335,80.46666666666607,80.46666666666607,16.03468749999923,16.03468749999923,5.173602194537283,5.173602194537283,11.757575757575614,11.757575757575614,118.73333333333312,118.73333333333312,83517,83517,0,0,501,501,263,0.9,1.0
bursty_high_s64,0.0,selected_checked,120425,48.59999999999957,48.59999999999957,81.39999999999759,81.39999999999759,15.787812499999243,15.787812499999243,5.115888438255973,5.115888438255973,11.266666666666382,11.266666666666382,126.19999999999993,126.19999999999993,83832,83832,0,0,493,493,250,0.9,1.0
bursty_high_s64,0.0,selected_checked,120426,61.999999999999204,61.999999999999204,88.93333333333271,88.93333333333271,17.548437499999242,17.548437499999242,5.194092852677459,5.194092852677459,12.41212121212111,12.41212121212111,126.26666666666677,126.26666666666677,83437,83437,0,0,546,546,277,0.9,1.0
bursty_high_s64,0.0,selected_checked,120427,64.79999999999842,64.79999999999842,95.66666666666609,95.66666666666609,19.000937499999246,19.000937499999246,5.886280231279355,5.886280231279355,13.849999999999998,13.849999999999998,132.66666666666669,132.66666666666669,83243,83243,0,0,514,514,286,1.0,1.0
bursty_high_s64,0.0,selected_checked,120428,59.39999999999776,59.39999999999776,109.33333333333275,109.33333333333275,16.99562499999924,16.99562499999924,5.247407070650203,5.247407070650203,11.512820512820346,11.512820512820346,137.33333333333348,137.33333333333348,83327,83327,0,0,498,498,256,1.0,1.0
bursty_high_s64,0.0,selected_checked,120429,56.33333333333218,56.33333333333218,93.19999999999817,93.19999999999817,16.36093749999924,16.36093749999924,5.142216908148485,5.142216908148485,12.207407407407308,12.207407407407308,103.6666666666664,103.6666666666664,83038,83038,0,0,531,531,268,0.9,1.0
bursty_high_s64,0.0,selected_unchecked,120400,56.66666666666572,58.399999999998386,80.66666666666436,84.59999999999911,15.279999999999239,14.239374999999237,4.836894285627087,4.801090376277112,11.488888888888939,11.726666666666636,122.19999999999976,119.19999999999976,84085,88058,0,124,543,657,232,1.0,1.0
bursty_high_s64,0.0,selected_unchecked,120401,60.99999999999926,59.33333333333292,90.93333333333226,88.59999999999812,15.808437499999238,15.990624999999238,5.216597034386198,5.2578298564781845,12.770370370370168,12.733333333333114,116.2666666666666,108.8666666666665,83745,89626,0,136,461,605,256,1.0,1.0
bursty_high_s64,0.0,selected_unchecked,120402,56.13333333333091,51.99999999999943,87.06666666666541,69.53333333333154,16.262187499999236,15.427499999999236,5.267478758948154,5.2188383404843925,12.32592592592593,12.206060606060548,128.99999999999983,133.99999999999972,82719,88557,0,144,545,581,248,0.9,1.0
bursty_high_s64,0.0,selected_unchecked,120403,56.4666666666655,53.53333333333205,82.39999999999822,84.33333333333172,16.032812499999245,14.88031249999924,4.990763143386551,4.804971248491707,12.019999999999953,11.75757575757572,108.73333333333323,108.1333333333331,83125,88782,0,132,532,629,250,0.9,1.0
bursty_high_s64,0.0,selected_unchecked,120404,56.800000000000296,65.66666666666498,91.1333333333323,93.5333333333324,16.40624999999925,16.28218749999925,5.148069941600581,5.203282421173179,12.016666666666566,12.139393939393777,118.53333333333325,119.93333333333328,82596,89484,0,136,493,542,227,0.9,1.0
bursty_high_s64,0.0,selected_unchecked,120405,60.33333333333351,59.79999999999808,113.33333333333243,100.33333333333138,17.811249999999244,17.70718749999925,5.688542960896505,5.565653128072947,14.516666666666566,12.666666666666686,139.0,137.00000000000006,83111,88399,0,144,503,581,282,1.0,1.0
bursty_high_s64,0.0,selected_unchecked,120406,66.5333333333329,65.93333333333146,93.53333333333188,106.86666666666468,18.133124999999247,18.462499999999253,5.558526100129398,5.509421054027732,12.683333333333366,13.323076923076796,137.59999999999957,131.59999999999957,83267,88630,0,144,526,702,270,0.9,1.0
bursty_high_s64,0.0,selected_unchecked,120407,60.73333333333272,59.73333333333284,90.33333333333144,87.39999999999873,16.84718749999924,17.433437499999243,5.498084246667963,5.506898765449945,12.628571428571368,12.76666666666655,125.26666666666642,124.86666666666639,82328,87933,0,140,502,588,276,0.9,1.0
bursty_high_s64,0.0,selected_unchecked,120408,70.3333333333319,67.99999999999793,98.86666666666451,111.99999999999915,20.624687499999254,19.251562499999256,6.06499030579428,6.122663211124825,14.377777777777542,14.5777777777774,137.06666666666666,136.86666666666662,82741,87628,0,136,532,611,297,0.9,1.0
bursty_high_s64,0.0,selected_unchecked,120409,57.733333333330904,68.79999999999825,83.39999999999867,115.33333333333235,17.889687499999248,19.207812499999257,5.514011485777946,5.636140102955226,12.565217391304362,13.66666666666649,131.60000000000002,130.2,83934,87932,0,128,528,648,285,1.0,1.0
bursty_high_s64,0.0,selected_unchecked,120410,69.86666666666474,63.2666666666658,109.06666666666453,102.59999999999883,18.34156249999925,17.841562499999245,5.171814061867399,5.133889264737684,12.319999999999919,12.566666666666649,127.3999999999998,120.3999999999998,84144,89173,0,132,539,667,280,1.0,1.0
bursty_high_s64,0.0,selected_unchecked,120411,56.26666666666529,48.333333333333,82.59999999999962,75.1999999999978,15.329687499999242,14.569687499999237,5.125556597657824,5.033751617441072,12.19047619047609,11.859259259259034,111.39999999999992,114.3999999999998,84678,89378,0,140,500,618,276,0.9,1.0
bursty_high_s64,0.0,selected_unchecked,120412,56.266666666665515,51.99999999999764,93.39999999999958,89.46666666666499,15.377812499999237,15.38312499999924,4.892427547682312,4.913854605181504,11.708333333333094,11.866666666666669,109.99999999999989,114.39999999999992,83386,90803,0,136,504,733,244,0.9,1.0
bursty_high_s64,0.0,selected_unchecked,120413,65.9999999999998,63.26666666666682,97.99999999999937,93.39999999999804,17.651562499999248,16.854687499999237,5.374785508475961,5.576975548830526,12.177777777777832,13.755555555555507,121.86666666666667,119.66666666666674,85331,86693,0,124,508,658,235,0.9,1.0
bursty_high_s64,0.0,selected_unchecked,120414,56.59999999999923,51.466666666665674,94.53333333333251,93.73333333333335,16.121874999999243,14.199999999999235,4.990657754461064,5.006058412978344,11.799999999999727,11.326315789473625,121.99999999999983,125.79999999999995,84160,90092,0,144,532,664,236,0.9,1.0
bursty_high_s64,0.0,selected_unchecked,120415,57.66666666666532,53.733333333331046,93.59999999999951,75.86666666666468,15.812499999999238,15.662812499999239,4.832911467711666,4.946780819829158,11.655555555555168,10.905263157894767,120.39999999999986,118.19999999999982,83520,87786,0,132,536,596,254,0.9,1.0
bursty_high_s64,0.0,selected_unchecked,120416,57.3999999999989,52.33333333333286,96.53333333333114,94.86666666666451,16.618749999999245,15.987812499999245,5.461812859640278,5.41957873088176,12.7222222222221,13.119999999999909,129.06666666666666,128.66666666666663,82676,87168,0,136,531,598,286,0.9,1.0
bursty_high_s64,0.0,selected_unchecked,120417,56.333333333333655,53.2666666666652,81.86666666666486,87.26666666666472,15.161562499999235,15.456249999999248,5.197282580973811,5.14862433122129,11.880000000000063,12.883333333333162,120.19999999999959,114.99999999999977,82705,86432,0,128,496,598,238,0.9,1.0
bursty_high_s64,0.0,selected_unchecked,120418,59.599999999998886,65.39999999999884,93.26666666666478,106.5999999999982,16.541562499999237,17.595624999999245,5.246865592657165,5.1924905671097115,11.785185185184964,13.942857142857008,122.1999999999997,125.39999999999975,84685,88568,0,148,519,672,241,1.0,1.0
bursty_high_s64,0.0,selected_unchecked,120419,51.66666666666498,45.399999999998215,79.59999999999857,78.79999999999856,14.802187499999238,13.707499999999234,4.754453482412202,4.700432857283536,11.053333333333182,10.878431372548967,123.33333333333326,122.53333333333325,83664,88397,0,140,524,598,235,0.9,1.0
bursty_high_s64,0.0,selected_unchecked,120420,68.13333333333253,62.66666666666646,104.73333333333238,92.5999999999982,19.005312499999256,16.97593749999924,5.5757634859422724,5.5260714326006966,12.973333333333363,11.999999999999911,133.4000000000001,125.80000000000001,82719,89056,0,144,541,615,280,0.9,1.0
bursty_high_s64,0.0,selected_unchecked,120421,56.13333333333344,59.19999999999777,99.46666666666442,89.99999999999869,15.56781249999924,17.21781249999925,5.369837122468708,5.270961982707754,12.75999999999974,12.483333333333118,127.00000000000006,120.80000000000007,84819,89318,0,148,466,662,259,0.9,1.0
bursty_high_s64,0.0,selected_unchecked,120422,56.0666666666649,50.133333333333525,86.19999999999831,86.93333333333248,16.50562499999925,15.52656249999924,5.255282965792686,5.0005566775058075,12.659259259259082,12.386666666666276,115.99999999999983,121.39999999999998,81981,89063,0,144,526,623,240,0.9,1.0
bursty_high_s64,0.0,selected_unchecked,120423,56.93333333333214,64.79999999999899,84.39999999999785,111.0666666666645,15.630312499999246,16.736249999999245,4.871796047611905,4.759682340402527,11.779999999999802,11.622222222222263,100.8666666666665,108.2666666666666,83635,90309,0,140,493,693,258,1.0,1.0
bursty_high_s64,0.0,selected_unchecked,120424,52.73333333333335,60.59999999999934,80.46666666666607,82.2666666666646,16.03468749999923,16.72499999999924,5.173602194537283,5.2417892591847535,11.757575757575614,12.718518518518408,118.73333333333312,109.93333333333334,83517,87768,0,136,501,697,232,0.9,1.0
bursty_high_s64,0.0,selected_unchecked,120425,48.59999999999957,68.19999999999828,81.39999999999759,108.13333333333122,15.787812499999243,17.277187499999247,5.115888438255973,5.255659980505209,11.266666666666382,12.30303030303018,126.19999999999993,120.20000000000005,83832,88597,0,128,493,698,272,1.0,1.0
bursty_high_s64,0.0,selected_unchecked,120426,61.999999999999204,66.53333333333367,88.93333333333271,92.19999999999936,17.548437499999242,18.06437499999924,5.194092852677459,5.069946948605059,12.41212121212111,12.075555555555484,126.26666666666677,132.06666666666672,83437,89287,0,124,546,644,282,0.9,1.0
bursty_high_s64,0.0,selected_unchecked,120427,64.79999999999842,63.799999999999045,95.66666666666609,86.19999999999936,19.000937499999246,18.323437499999244,5.886280231279355,5.908163825944518,13.849999999999998,14.194444444444278,132.66666666666669,129.0666666666666,83243,87378,0,136,514,617,287,1.0,1.0
bursty_high_s64,0.0,selected_unchecked,120428,59.39999999999776,62.933333333330836,109.33333333333275,115.7999999999991,16.99562499999924,17.896874999999252,5.247407070650203,5.466857917940688,11.512820512820346,13.314285714285461,137.33333333333348,124.93333333333322,83327,88755,0,156,498,657,261,1.0,1.0
bursty_high_s64,0.0,selected_unchecked,120429,56.33333333333218,54.133333333331734,93.19999999999817,94.39999999999787,16.36093749999924,15.881874999999244,5.142216908148485,5.097795763601001,12.207407407407308,12.066666666666606,103.6666666666664,101.66666666666634,83038,87712,0,128,531,552,271,0.9,1.0
bursty_high_s64,0.0,original_q2_a0.8_or_unchecked,120400,56.66666666666572,64.3999999999985,80.66666666666436,98.99999999999781,15.279999999999239,15.911249999999246,4.836894285627087,4.9162168160849955,11.488888888888939,11.700000000000045,122.19999999999976,117.3999999999998,84085,91582,0,224,543,711,400,1.0,1.0
bursty_high_s64,0.0,original_q2_a0.8_or_unchecked,120401,60.99999999999926,55.066666666665526,90.93333333333226,84.53333333333217,15.808437499999238,14.906249999999238,5.216597034386198,5.212148063228125,12.770370370370168,12.699999999999768,116.2666666666666,112.06666666666655,83745,90555,0,196,461,668,397,1.0,1.0
bursty_high_s64,0.0,original_q2_a0.8_or_unchecked,120402,56.13333333333091,52.93333333333135,87.06666666666541,90.39999999999776,16.262187499999236,14.320624999999236,5.267478758948154,5.374153836562128,12.32592592592593,12.853333333332932,128.99999999999983,131.5999999999999,82719,90065,0,232,545,649,399,1.0,1.0
bursty_high_s64,0.0,original_q2_a0.8_or_unchecked,120403,56.4666666666655,57.26666666666611,82.39999999999822,90.99999999999886,16.032812499999245,15.649999999999235,4.990763143386551,4.920005137912591,12.019999999999953,12.881481481481412,108.73333333333323,111.33333333333326,83125,92647,0,200,532,727,416,1.0,1.0
bursty_high_s64,0.0,original_q2_a0.8_or_unchecked,120404,56.800000000000296,59.73333333333119,91.1333333333323,95.39999999999901,16.40624999999925,16.53437499999925,5.148069941600581,5.155953638791647,12.016666666666566,11.805555555555486,118.53333333333325,117.73333333333323,82596,89814,0,208,493,574,405,1.0,1.0
bursty_high_s64,0.0,original_q2_a0.8_or_unchecked,120405,60.33333333333351,64.79999999999927,113.33333333333243,87.66666666666453,17.811249999999244,17.302187499999242,5.688542960896505,5.488922163672244,14.516666666666566,12.237037037036878,139.0,140.40000000000003,83111,90150,0,192,503,629,424,1.0,1.0
bursty_high_s64,0.0,original_q2_a0.8_or_unchecked,120406,66.5333333333329,68.46666666666496,93.53333333333188,97.73333333333147,18.133124999999247,18.360624999999253,5.558526100129398,5.549587862219108,12.683333333333366,12.9444444444443,137.59999999999957,136.99999999999966,83267,91774,0,212,526,646,434,1.0,1.0
bursty_high_s64,0.0,original_q2_a0.8_or_unchecked,120407,60.73333333333272,61.66666666666521,90.33333333333144,95.99999999999892,16.84718749999924,18.175312499999254,5.498084246667963,5.604626538736392,12.628571428571368,12.957575757575801,125.26666666666642,120.86666666666633,82328,91064,0,200,502,664,423,1.0,1.0
bursty_high_s64,0.0,original_q2_a0.8_or_unchecked,120408,70.3333333333319,73.80000000000037,98.86666666666451,110.46666666666636,20.624687499999254,19.531562499999254,6.06499030579428,6.2626826684400125,14.377777777777542,14.748148148147983,137.06666666666666,136.2666666666666,82741,89719,0,192,532,642,430,1.0,1.0
bursty_high_s64,0.0,original_q2_a0.8_or_unchecked,120409,57.733333333330904,56.199999999997885,83.39999999999867,87.99999999999909,17.889687499999248,16.510937499999244,5.514011485777946,5.6589791467208945,12.565217391304362,13.416666666666679,131.60000000000002,125.99999999999989,83934,89371,0,200,528,630,429,1.0,1.0
bursty_high_s64,0.0,original_q2_a0.8_or_unchecked,120410,69.86666666666474,62.66666666666444,109.06666666666453,101.73333333333142,18.34156249999925,16.942187499999243,5.171814061867399,5.268497289207721,12.319999999999919,13.383333333332715,127.3999999999998,123.79999999999978,84144,89878,0,192,539,701,414,1.0,1.0
bursty_high_s64,0.0,original_q2_a0.8_or_unchecked,120411,56.26666666666529,52.19999999999885,82.59999999999962,89.26666666666574,15.329687499999242,14.99406249999924,5.125556597657824,5.110618683822903,12.19047619047609,12.933333333333124,111.39999999999992,117.19999999999976,84678,90843,0,216,500,697,402,1.0,1.0
bursty_high_s64,0.0,original_q2_a0.8_or_unchecked,120412,56.266666666665515,52.99999999999886,93.39999999999958,96.33333333333286,15.377812499999237,15.16531249999924,4.892427547682312,4.972649434925964,11.708333333333094,11.9888888888888,109.99999999999989,106.19999999999982,83386,92505,0,220,504,685,413,1.0,1.0
bursty_high_s64,0.0,original_q2_a0.8_or_unchecked,120413,65.9999999999998,62.466666666666015,97.99999999999937,89.19999999999948,17.651562499999248,16.57499999999924,5.374785508475961,5.52945207153764,12.177777777777832,12.399999999999546,121.86666666666667,127.26666666666671,85331,91332,0,216,508,700,425,1.0,1.0
bursty_high_s64,0.0,original_q2_a0.8_or_unchecked,120414,56.59999999999923,53.06666666666598,94.53333333333251,108.7333333333317,16.121874999999243,15.811249999999237,4.990657754461064,4.846561822658378,11.799999999999727,10.825925925925814,121.99999999999983,116.99999999999977,84160,90339,0,216,532,721,404,1.0,1.0
bursty_high_s64,0.0,original_q2_a0.8_or_unchecked,120415,57.66666666666532,58.93333333333362,93.59999999999951,89.79999999999899,15.812499999999238,16.136249999999244,4.832911467711666,4.807934454187761,11.655555555555168,11.066666666666448,120.39999999999986,118.19999999999982,83520,90944,0,212,536,683,423,1.0,1.0
bursty_high_s64,0.0,original_q2_a0.8_or_unchecked,120416,57.3999999999989,54.19999999999965,96.53333333333114,85.53333333333211,16.618749999999245,16.87874999999925,5.461812859640278,5.456672277423097,12.7222222222221,13.47272727272721,129.06666666666666,130.0666666666665,82676,89093,0,184,531,628,431,1.0,1.0
bursty_high_s64,0.0,original_q2_a0.8_or_unchecked,120417,56.333333333333655,53.86666666666537,81.86666666666486,90.79999999999893,15.161562499999235,15.712499999999242,5.197282580973811,5.052259676543777,11.880000000000063,12.799999999999752,120.19999999999959,115.59999999999962,82705,90261,0,212,496,723,408,1.0,1.0
bursty_high_s64,0.0,original_q2_a0.8_or_unchecked,120418,59.599999999998886,60.66666666666546,93.26666666666478,83.79999999999768,16.541562499999237,16.924999999999248,5.246865592657165,5.209938954607843,11.785185185184964,13.633333333333315,122.1999999999997,125.3999999999998,84685,91146,0,192,519,585,413,1.0,1.0
bursty_high_s64,0.0,original_q2_a0.8_or_unchecked,120419,51.66666666666498,53.79999999999859,79.59999999999857,74.1999999999984,14.802187499999238,14.33187499999924,4.754453482412202,4.736787143164111,11.053333333333182,11.319999999999954,123.33333333333326,127.53333333333319,83664,91117,0,200,524,606,408,1.0,1.0
bursty_high_s64,0.0,original_q2_a0.8_or_unchecked,120420,68.13333333333253,58.999999999998465,104.73333333333238,95.79999999999961,19.005312499999256,16.77906249999924,5.5757634859422724,5.417045391660733,12.973333333333363,12.288888888888673,133.4000000000001,122.40000000000003,82719,90262,0,216,541,771,420,1.0,1.0
bursty_high_s64,0.0,original_q2_a0.8_or_unchecked,120421,56.13333333333344,50.39999999999901,99.46666666666442,100.26666666666517,15.56781249999924,15.577499999999239,5.369837122468708,5.130368775220896,12.75999999999974,12.41481481481467,127.00000000000006,125.60000000000002,84819,93349,0,220,466,655,423,1.0,1.0
bursty_high_s64,0.0,original_q2_a0.8_or_unchecked,120422,56.0666666666649,58.133333333331905,86.19999999999831,101.00000000000047,16.50562499999925,16.05281249999924,5.255282965792686,5.044570671227414,12.659259259259082,12.566666666666544,115.99999999999983,117.79999999999995,81981,90298,0,196,526,667,410,1.0,1.0
bursty_high_s64,0.0,original_q2_a0.8_or_unchecked,120423,56.93333333333214,55.80000000000035,84.39999999999785,94.86666666666534,15.630312499999246,16.131562499999244,4.871796047611905,4.98939850241629,11.779999999999802,12.2466666666665,100.8666666666665,101.46666666666658,83635,89757,0,200,493,673,395,1.0,1.0
bursty_high_s64,0.0,original_q2_a0.8_or_unchecked,120424,52.73333333333335,54.33333333333178,80.46666666666607,114.66666666666447,16.03468749999923,16.300624999999236,5.173602194537283,5.292805042567974,11.757575757575614,13.262222222222109,118.73333333333312,109.33333333333326,83517,92512,0,212,501,791,415,1.0,1.0
bursty_high_s64,0.0,original_q2_a0.8_or_unchecked,120425,48.59999999999957,61.86666666666429,81.39999999999759,104.26666666666443,15.787812499999243,18.157499999999246,5.115888438255973,5.326918505540063,11.266666666666382,11.919999999999966,126.19999999999993,121.39999999999986,83832,92450,0,216,493,689,431,1.0,1.0
bursty_high_s64,0.0,original_q2_a0.8_or_unchecked,120426,61.999999999999204,64.26666666666463,88.93333333333271,92.46666666666573,17.548437499999242,16.89593749999924,5.194092852677459,5.104286758692198,12.41212121212111,11.942857142856894,126.26666666666677,127.4666666666667,83437,93482,0,232,546,756,416,1.0,1.0
bursty_high_s64,0.0,original_q2_a0.8_or_unchecked,120427,64.79999999999842,67.7333333333325,95.66666666666609,101.0666666666649,19.000937499999246,19.634062499999253,5.886280231279355,6.091936529624552,13.849999999999998,16.12380952380955,132.66666666666669,129.66666666666669,83243,90603,0,204,514,701,430,1.0,1.0
bursty_high_s64,0.0,original_q2_a0.8_or_unchecked,120428,59.39999999999776,57.9999999999996,109.33333333333275,94.5999999999998,16.99562499999924,16.945624999999247,5.247407070650203,5.412385131733224,11.512820512820346,14.299999999999972,137.33333333333348,129.33333333333337,83327,92103,0,212,498,692,426,1.0,1.0
bursty_high_s64,0.0,original_q2_a0.8_or_unchecked,120429,56.33333333333218,53.266666666666794,93.19999999999817,88.59999999999917,16.36093749999924,16.099062499999242,5.142216908148485,5.140429778871071,12.207407407407308,11.666666666666394,103.6666666666664,106.4666666666663,83038,91497,0,220,531,646,433,1.0,1.0
bursty_high_s64,0.0,runner_up_checked,120400,56.66666666666572,56.66666666666572,80.66666666666436,80.66666666666436,15.279999999999239,15.279999999999239,4.836894285627087,4.836894285627087,11.488888888888939,11.488888888888939,122.19999999999976,122.19999999999976,84085,84085,0,0,543,543,221,1.0,1.0
bursty_high_s64,0.0,runner_up_checked,120401,60.99999999999926,66.59999999999758,90.93333333333226,98.46666666666471,15.808437499999238,17.789062499999247,5.216597034386198,5.250749133844293,12.770370370370168,12.961904761904512,116.2666666666666,109.86666666666656,83745,83832,0,12,461,536,243,1.0,1.0
bursty_high_s64,0.0,runner_up_checked,120402,56.13333333333091,56.13333333333091,87.06666666666541,87.06666666666541,16.262187499999236,16.262187499999236,5.267478758948154,5.267478758948154,12.32592592592593,12.32592592592593,128.99999999999983,128.99999999999983,82719,82719,0,0,545,545,244,0.9,1.0
bursty_high_s64,0.0,runner_up_checked,120403,56.4666666666655,49.999999999999034,82.39999999999822,86.06666666666618,16.032812499999245,14.223124999999232,4.990763143386551,4.896019663422931,12.019999999999953,11.773333333333188,108.73333333333323,106.13333333333316,83125,84103,0,12,532,504,206,0.9,1.0
bursty_high_s64,0.0,runner_up_checked,120404,56.800000000000296,56.800000000000296,91.1333333333323,91.1333333333323,16.40624999999925,16.40624999999925,5.148069941600581,5.148069941600581,12.016666666666566,12.016666666666566,118.53333333333325,118.53333333333325,82596,82596,0,0,493,493,232,0.9,1.0
bursty_high_s64,0.0,runner_up_checked,120405,60.33333333333351,60.33333333333351,113.33333333333243,113.33333333333243,17.811249999999244,17.811249999999244,5.688542960896505,5.688542960896505,14.516666666666566,14.516666666666566,139.0,139.0,83111,83259,0,4,503,503,246,1.0,1.0
bursty_high_s64,0.0,runner_up_checked,120406,66.5333333333329,66.5333333333329,93.53333333333188,93.53333333333188,18.133124999999247,18.133124999999247,5.558526100129398,5.558526100129398,12.683333333333366,12.683333333333366,137.59999999999957,137.59999999999957,83267,83267,0,0,526,526,251,0.9,1.0
bursty_high_s64,0.0,runner_up_checked,120407,60.73333333333272,60.73333333333272,90.33333333333144,90.33333333333144,16.84718749999924,16.84718749999924,5.498084246667963,5.498084246667963,12.628571428571368,12.628571428571368,125.26666666666642,125.26666666666642,82328,82328,0,0,502,502,239,0.9,1.0
bursty_high_s64,0.0,runner_up_checked,120408,70.3333333333319,70.3333333333319,98.86666666666451,98.86666666666451,20.624687499999254,20.624687499999254,6.06499030579428,6.06499030579428,14.377777777777542,14.377777777777542,137.06666666666666,137.06666666666666,82741,82741,0,0,532,532,272,0.9,1.0
bursty_high_s64,0.0,runner_up_checked,120409,57.733333333330904,57.733333333330904,83.39999999999867,83.39999999999867,17.889687499999248,17.889687499999248,5.514011485777946,5.514011485777946,12.565217391304362,12.565217391304362,131.60000000000002,131.60000000000002,83934,83934,0,0,528,528,252,1.0,1.0
bursty_high_s64,0.0,runner_up_checked,120410,69.86666666666474,69.86666666666474,109.06666666666453,109.06666666666453,18.34156249999925,18.34156249999925,5.171814061867399,5.171814061867399,12.319999999999919,12.319999999999919,127.3999999999998,127.3999999999998,84144,84292,0,4,539,539,257,1.0,1.0
bursty_high_s64,0.0,runner_up_checked,120411,56.26666666666529,47.80000000000007,82.59999999999962,81.33333333333118,15.329687499999242,14.255312499999231,5.125556597657824,5.202685841407743,12.19047619047609,12.518518518518444,111.39999999999992,114.99999999999972,84678,82273,0,4,500,498,190,0.9,1.0
bursty_high_s64,0.0,runner_up_checked,120412,56.266666666665515,56.266666666665515,93.39999999999958,93.39999999999958,15.377812499999237,15.377812499999237,4.892427547682312,4.892427547682312,11.708333333333094,11.708333333333094,109.99999999999989,109.99999999999989,83386,83386,0,0,504,504,243,0.9,1.0
bursty_high_s64,0.0,runner_up_checked,120413,65.9999999999998,65.9999999999998,97.99999999999937,97.99999999999937,17.651562499999248,17.651562499999248,5.374785508475961,5.374785508475961,12.177777777777832,12.177777777777832,121.86666666666667,121.86666666666667,85331,85331,0,0,508,508,244,0.9,1.0
bursty_high_s64,0.0,runner_up_checked,120414,56.59999999999923,51.80000000000015,94.53333333333251,84.93333333333283,16.121874999999243,15.089062499999235,4.990657754461064,4.911246910400676,11.799999999999727,11.089855072463797,121.99999999999983,119.79999999999967,84160,84398,0,4,532,494,223,0.9,1.0
bursty_high_s64,0.0,runner_up_checked,120415,57.66666666666532,57.66666666666532,93.59999999999951,93.59999999999951,15.812499999999238,15.812499999999238,4.832911467711666,4.832911467711666,11.655555555555168,11.655555555555168,120.39999999999986,120.39999999999986,83520,83520,0,0,536,536,218,0.9,1.0
bursty_high_s64,0.0,runner_up_checked,120416,57.3999999999989,57.3999999999989,96.53333333333114,96.53333333333114,16.618749999999245,16.618749999999245,5.461812859640278,5.461812859640278,12.7222222222221,12.7222222222221,129.06666666666666,129.06666666666666,82676,82676,0,0,531,531,245,0.9,1.0
bursty_high_s64,0.0,runner_up_checked,120417,56.333333333333655,54.26666666666418,81.86666666666486,81.59999999999894,15.161562499999235,15.399062499999241,5.197282580973811,5.0865615843629115,11.880000000000063,12.022222222222005,120.19999999999959,114.79999999999973,82705,82463,0,4,496,470,233,0.9,1.0
bursty_high_s64,0.0,runner_up_checked,120418,59.599999999998886,59.599999999998886,93.26666666666478,93.26666666666478,16.541562499999237,16.541562499999237,5.246865592657165,5.246865592657165,11.785185185184964,11.785185185184964,122.1999999999997,122.1999999999997,84685,84685,0,0,519,519,230,1.0,1.0
bursty_high_s64,0.0,runner_up_checked,120419,51.66666666666498,51.66666666666498,79.59999999999857,79.59999999999857,14.802187499999238,14.802187499999238,4.754453482412202,4.754453482412202,11.053333333333182,11.053333333333182,123.33333333333326,123.33333333333326,83664,83664,0,0,524,524,209,0.9,1.0
bursty_high_s64,0.0,runner_up_checked,120420,68.13333333333253,68.13333333333253,104.73333333333238,104.73333333333238,19.005312499999256,19.005312499999256,5.5757634859422724,5.5757634859422724,12.973333333333363,12.973333333333363,133.4000000000001,133.4000000000001,82719,82719,0,0,541,541,262,0.9,1.0
bursty_high_s64,0.0,runner_up_checked,120421,56.13333333333344,56.13333333333344,99.46666666666442,99.46666666666442,15.56781249999924,15.56781249999924,5.369837122468708,5.369837122468708,12.75999999999974,12.75999999999974,127.00000000000006,127.00000000000006,84819,84819,0,0,466,466,221,0.9,1.0
bursty_high_s64,0.0,runner_up_checked,120422,56.0666666666649,56.0666666666649,86.19999999999831,86.19999999999831,16.50562499999925,16.50562499999925,5.255282965792686,5.255282965792686,12.659259259259082,12.659259259259082,115.99999999999983,115.99999999999983,81981,81981,0,0,526,526,231,0.9,1.0
bursty_high_s64,0.0,runner_up_checked,120423,56.93333333333214,56.93333333333214,84.39999999999785,84.39999999999785,15.630312499999246,15.630312499999246,4.871796047611905,4.871796047611905,11.779999999999802,11.779999999999802,100.8666666666665,100.8666666666665,83635,83635,0,0,493,493,231,1.0,1.0
bursty_high_s64,0.0,runner_up_checked,120424,52.73333333333335,52.73333333333335,80.46666666666607,80.46666666666607,16.03468749999923,16.03468749999923,5.173602194537283,5.173602194537283,11.757575757575614,11.757575757575614,118.73333333333312,118.73333333333312,83517,83517,0,0,501,501,237,0.9,1.0
bursty_high_s64,0.0,runner_up_checked,120425,48.59999999999957,48.59999999999957,81.39999999999759,81.39999999999759,15.787812499999243,15.787812499999243,5.115888438255973,5.115888438255973,11.266666666666382,11.266666666666382,126.19999999999993,126.19999999999993,83832,83832,0,0,493,493,222,0.9,1.0
bursty_high_s64,0.0,runner_up_checked,120426,61.999999999999204,61.999999999999204,88.93333333333271,88.93333333333271,17.548437499999242,17.548437499999242,5.194092852677459,5.194092852677459,12.41212121212111,12.41212121212111,126.26666666666677,126.26666666666677,83437,83437,0,0,546,546,250,0.9,1.0
bursty_high_s64,0.0,runner_up_checked,120427,64.79999999999842,64.79999999999842,95.66666666666609,95.66666666666609,19.000937499999246,19.000937499999246,5.886280231279355,5.886280231279355,13.849999999999998,13.849999999999998,132.66666666666669,132.66666666666669,83243,83243,0,0,514,514,257,1.0,1.0
bursty_high_s64,0.0,runner_up_checked,120428,59.39999999999776,59.39999999999776,109.33333333333275,109.33333333333275,16.99562499999924,16.99562499999924,5.247407070650203,5.247407070650203,11.512820512820346,11.512820512820346,137.33333333333348,137.33333333333348,83327,83327,0,0,498,498,225,1.0,1.0
bursty_high_s64,0.0,runner_up_checked,120429,56.33333333333218,56.33333333333218,93.19999999999817,93.19999999999817,16.36093749999924,16.36093749999924,5.142216908148485,5.142216908148485,12.207407407407308,12.207407407407308,103.6666666666664,103.6666666666664,83038,83038,0,0,531,531,234,0.9,1.0
bursty_high_s64,0.5,selected_checked,120400,54.4999999999977,54.4999999999977,83.79999999999961,83.79999999999961,15.18218749999924,15.18218749999924,5.010129235954426,5.010129235954426,12.099999999999964,12.099999999999964,126.89999999999986,126.89999999999986,84433,84433,0,0,505,505,258,1.0,1.0
bursty_high_s64,0.5,selected_checked,120401,63.13333333333145,63.13333333333145,99.66666666666498,99.66666666666498,17.05671874999925,17.05671874999925,5.470040869004631,5.470040869004631,14.37499999999951,14.37499999999951,120.46666666666664,120.46666666666664,82952,82952,0,0,509,509,273,1.0,1.0
bursty_high_s64,0.5,selected_checked,120402,51.46666666666579,51.46666666666579,84.1666666666662,84.1666666666662,15.589374999999242,15.589374999999242,5.581712866651249,5.581712866651249,12.759999999999717,12.759999999999717,143.0,143.0,81919,81919,0,0,492,492,258,0.9,1.0
bursty_high_s64,0.5,selected_checked,120403,51.89999999999873,49.63333333333196,90.73333333333238,84.09999999999917,15.744843749999237,15.022499999999237,5.170985459320971,5.139700260038152,13.026666666666198,12.841666666666647,117.33333333333326,115.53333333333325,83693,84212,0,4,493,490,248,0.9,1.0
bursty_high_s64,0.5,selected_checked,120404,65.73333333333113,65.73333333333113,95.5333333333329,95.5333333333329,16.381874999999248,16.381874999999248,5.374198911504741,5.374198911504741,12.409090909090743,12.409090909090743,127.83333333333331,127.83333333333331,83328,83328,0,0,478,478,241,0.9,1.0
bursty_high_s64,0.5,selected_checked,120405,63.63333333333364,63.63333333333364,105.73333333333218,105.73333333333218,19.047968749999253,19.047968749999253,5.832002418541226,5.832002418541226,14.980952380952383,14.980952380952383,142.7000000000001,142.7000000000001,83270,83418,0,4,551,551,276,1.0,1.0
bursty_high_s64,0.5,selected_checked,120406,68.79999999999751,68.79999999999751,87.53333333333373,87.53333333333373,18.919374999999253,18.919374999999253,5.696437744991609,5.696437744991609,13.208333333333192,13.208333333333192,138.89999999999952,138.89999999999952,83094,83094,0,0,506,506,291,0.9,1.0
bursty_high_s64,0.5,selected_checked,120407,71.83333333333263,71.83333333333263,114.09999999999852,114.09999999999852,19.771249999999252,19.771249999999252,5.875802368204823,5.875802368204823,14.530555555555381,14.530555555555381,133.7666666666663,133.7666666666663,82605,82605,0,0,551,551,304,0.9,1.0
bursty_high_s64,0.5,selected_checked,120408,74.60000000000042,74.60000000000042,113.29999999999802,113.29999999999802,20.515624999999257,20.515624999999257,6.220871875966695,6.220871875966695,15.022222222222231,15.022222222222231,149.26666666666682,149.26666666666682,82596,82596,0,0,508,508,286,0.9,1.0
bursty_high_s64,0.5,selected_checked,120409,62.866666666664344,62.866666666664344,99.03333333333228,99.03333333333228,19.012187499999246,19.012187499999246,5.836336259989759,5.836336259989759,13.52121212121204,13.52121212121204,136.0,136.0,81887,81887,0,0,536,536,283,1.0,1.0
bursty_high_s64,0.5,selected_checked,120410,58.39999999999776,58.39999999999776,108.79999999999876,108.79999999999876,16.672968749999246,16.672968749999246,5.430659128474328,5.430659128474328,12.900000000000029,12.900000000000029,128.39999999999998,128.39999999999998,83689,83837,0,4,503,503,246,1.0,1.0
bursty_high_s64,0.5,selected_checked,120411,61.266666666666254,61.266666666666254,87.5333333333329,87.5333333333329,16.239062499999243,16.239062499999243,5.32998559715854,5.32998559715854,12.52777777777755,12.52777777777755,119.49999999999977,119.49999999999977,84361,84361,0,0,509,509,294,0.9,1.0
bursty_high_s64,0.5,selected_checked,120412,60.799999999998875,60.799999999998875,92.19999999999806,92.19999999999806,16.38359374999924,16.38359374999924,5.217808533672513,5.217808533672513,12.022222222222121,12.022222222222121,117.19999999999993,117.19999999999993,83320,83320,0,0,525,525,264,0.9,1.0
bursty_high_s64,0.5,selected_checked,120413,65.16666666666492,65.16666666666492,95.36666666666633,95.36666666666633,18.22484374999925,18.22484374999925,5.826544249598827,5.826544249598827,14.1420289855073,14.1420289855073,127.66666666666674,127.66666666666674,83717,83717,0,0,490,490,278,0.9,1.0
bursty_high_s64,0.5,selected_checked,120414,57.033333333332735,57.033333333332735,88.23333333333301,88.23333333333301,16.24906249999924,16.24906249999924,5.1084399850399755,5.1084399850399755,11.412820512820364,11.412820512820364,127.0,127.0,84222,84222,0,0,493,493,280,0.9,1.0
bursty_high_s64,0.5,selected_checked,120415,60.23333333333278,60.23333333333278,90.96666666666636,90.96666666666636,16.46578124999924,16.46578124999924,5.010381514909159,5.010381514909159,11.796969696969638,11.796969696969638,126.69999999999993,126.69999999999993,82494,82494,0,0,515,515,269,0.9,1.0
bursty_high_s64,0.5,selected_checked,120416,59.733333333331245,59.733333333331245,107.96666666666448,107.96666666666448,16.467812499999244,16.467812499999244,5.537386875836945,5.537386875836945,12.62666666666649,12.62666666666649,135.36666666666667,135.36666666666667,81438,81438,0,0,493,493,259,0.9,1.0
bursty_high_s64,0.5,selected_checked,120417,61.0666666666649,61.0666666666649,88.9333333333324,88.9333333333324,16.067187499999243,16.067187499999243,5.380422817422767,5.380422817422767,13.013333333333374,13.013333333333374,122.09999999999974,122.09999999999974,82792,82792,0,0,471,471,258,0.9,1.0
bursty_high_s64,0.5,selected_checked,120418,70.49999999999883,70.49999999999883,95.76666666666429,95.76666666666429,18.90328124999926,18.90328124999926,5.4850124809013865,5.4850124809013865,13.64285714285698,13.64285714285698,138.0999999999998,138.0999999999998,83994,83994,0,0,541,541,266,1.0,1.0
bursty_high_s64,0.5,selected_checked,120419,48.39999999999935,48.39999999999935,79.63333333333173,79.63333333333173,14.588593749999239,14.588593749999239,5.028014578718722,5.028014578718722,11.793939393939263,11.793939393939263,124.93333333333334,124.93333333333334,82579,82579,0,0,473,473,235,0.9,1.0
bursty_high_s64,0.5,selected_checked,120420,59.433333333330864,59.433333333330864,89.13333333333188,89.13333333333188,17.69156249999925,17.69156249999925,5.849450505292545,5.849450505292545,13.902777777777752,13.902777777777752,129.19999999999987,129.19999999999987,81524,81524,0,0,492,492,274,0.9,1.0
bursty_high_s64,0.5,selected_checked,120421,54.933333333332854,54.933333333332854,94.56666666666536,94.56666666666536,16.215781249999246,16.215781249999246,5.336351276180435,5.336351276180435,12.199999999999728,12.199999999999728,126.70000000000005,126.70000000000005,83668,83668,0,0,524,524,260,0.9,1.0
bursty_high_s64,0.5,selected_checked,120422,57.73333333333113,57.73333333333113,90.26666666666551,90.26666666666551,16.102499999999246,16.102499999999246,5.329112866939678,5.329112866939678,13.16666666666659,13.16666666666659,128.09999999999997,128.09999999999997,82540,82540,0,0,547,547,239,0.9,1.0
bursty_high_s64,0.5,selected_checked,120423,52.733333333332155,52.733333333332155,93.36666666666582,93.36666666666582,15.549843749999246,15.549843749999246,5.018326562096707,5.018326562096707,11.690000000000044,11.690000000000044,109.2666666666666,109.2666666666666,82908,82908,0,0,471,471,250,1.0,1.0
bursty_high_s64,0.5,selected_checked,120424,57.29999999999836,57.73333333333346,87.99999999999892,95.86666666666534,16.556562499999234,16.39593749999924,5.651416895043512,5.568339020176707,14.186666666666564,13.247619047618969,124.3333333333332,120.03333333333325,82545,83009,0,8,478,520,252,0.9,1.0
bursty_high_s64,0.5,selected_checked,120425,55.26666666666537,55.26666666666537,90.16666666666555,90.16666666666555,15.974218749999238,15.974218749999238,5.370766846531249,5.370766846531249,12.22549019607848,12.22549019607848,136.8,136.8,83407,83407,0,0,506,506,253,1.0,1.0
bursty_high_s64,0.5,selected_checked,120426,67.63333333333242,67.63333333333242,97.49999999999889,97.49999999999889,17.19703124999924,17.19703124999924,5.128267411702373,5.128267411702373,12.209523809523509,12.209523809523509,136.7666666666667,136.7666666666667,84019,84019,0,0,507,507,269,0.9,1.0
bursty_high_s64,0.5,selected_checked,120427,59.13333333333253,59.13333333333253,119.03333333333217,119.03333333333217,17.16140624999925,17.16140624999925,6.168838889741574,6.168838889741574,16.18333333333313,16.18333333333313,139.86666666666656,139.86666666666656,82786,82786,0,0,478,478,261,1.0,1.0
bursty_high_s64,0.5,selected_checked,120428,65.5333333333331,65.5333333333331,123.63333333333287,123.63333333333287,18.01531249999925,18.01531249999925,5.891759655924183,5.891759655924183,14.860000000000074,14.860000000000074,138.7333333333334,138.7333333333334,84061,84061,0,0,502,502,278,1.0,1.0
bursty_high_s64,0.5,selected_checked,120429,62.23333333333221,62.23333333333221,88.8999999999981,88.8999999999981,17.297812499999246,17.297812499999246,5.571481916958395,5.571481916958395,13.891666666666403,13.891666666666403,110.76666666666631,110.76666666666631,83706,83706,0,0,521,521,294,0.9,1.0
bursty_high_s64,0.5,selected_unchecked,120400,54.4999999999977,52.39999999999864,83.79999999999961,87.43333333333203,15.18218749999924,14.409531249999244,5.010129235954426,5.274734835175151,12.099999999999964,12.621666666666655,126.89999999999986,128.79999999999978,84433,87516,0,140,505,576,235,1.0,1.0
bursty_high_s64,0.5,selected_unchecked,120401,63.13333333333145,63.59999999999803,99.66666666666498,91.19999999999885,17.05671874999925,17.822187499999238,5.470040869004631,5.544252751408281,14.37499999999951,13.46249999999992,120.46666666666664,117.86666666666667,82952,89777,0,136,509,592,271,1.0,1.0
bursty_high_s64,0.5,selected_unchecked,120402,51.46666666666579,52.66666666666606,84.1666666666662,84.19999999999985,15.589374999999242,15.353749999999243,5.581712866651249,5.62119817908954,12.759999999999717,13.256249999999893,143.0,144.9999999999999,81919,87278,0,124,492,578,240,0.9,1.0
bursty_high_s64,0.5,selected_unchecked,120403,51.89999999999873,54.8999999999989,90.73333333333238,94.33333333333252,15.744843749999237,16.091406249999245,5.170985459320971,5.1076977124332394,13.026666666666198,12.7814814814815,117.33333333333326,118.63333333333333,83693,88945,0,140,493,643,249,0.9,1.0
bursty_high_s64,0.5,selected_unchecked,120404,65.73333333333113,62.266666666666026,95.5333333333329,100.59999999999894,16.381874999999248,17.81078124999926,5.374198911504741,5.357730869996151,12.409090909090743,12.466666666666567,127.83333333333331,126.33333333333337,83328,88524,0,132,478,631,275,0.9,1.0
bursty_high_s64,0.5,selected_unchecked,120405,63.63333333333364,65.13333333333199,105.73333333333218,86.63333333333276,19.047968749999253,18.363437499999254,5.832002418541226,5.806304848917237,14.980952380952383,13.191666666666585,142.7000000000001,149.2000000000001,83270,89087,0,140,551,627,285,1.0,1.0
bursty_high_s64,0.5,selected_unchecked,120406,68.79999999999751,59.09999999999894,87.53333333333373,93.16666666666467,18.919374999999253,17.29140624999925,5.696437744991609,5.970063131871993,13.208333333333192,14.65333333333324,138.89999999999952,146.39999999999975,83094,88863,0,136,506,659,249,0.9,1.0
bursty_high_s64,0.5,selected_unchecked,120407,71.83333333333263,63.09999999999877,114.09999999999852,94.29999999999905,19.771249999999252,17.460312499999247,5.875802368204823,5.928740472641852,14.530555555555381,13.785964912280694,133.7666666666663,127.16666666666652,82605,87131,0,132,551,670,260,0.9,1.0
bursty_high_s64,0.5,selected_unchecked,120408,74.60000000000042,60.83333333333155,113.29999999999802,102.16666666666481,20.515624999999257,18.53078124999925,6.220871875966695,6.3850299989071955,15.022222222222231,15.13703703703687,149.26666666666682,147.06666666666672,82596,86996,0,136,508,604,301,0.9,1.0
bursty_high_s64,0.5,selected_unchecked,120409,62.866666666664344,59.4666666666663,99.03333333333228,107.99999999999875,19.012187499999246,19.177343749999256,5.836336259989759,5.970172892115721,13.52121212121204,13.310526315789456,136.0,136.69999999999993,81887,87852,0,136,536,601,288,1.0,1.0
bursty_high_s64,0.5,selected_unchecked,120410,58.39999999999776,54.06666666666676,108.79999999999876,86.73333333333184,16.672968749999246,15.544999999999245,5.430659128474328,5.430175836150416,12.900000000000029,13.238095238095298,128.39999999999998,133.90000000000003,83689,87329,0,140,503,626,238,1.0,1.0
bursty_high_s64,0.5,selected_unchecked,120411,61.266666666666254,52.766666666666026,87.5333333333329,90.9333333333312,16.239062499999243,16.067812499999242,5.32998559715854,5.526476098460596,12.52777777777755,14.666666666666686,119.49999999999977,121.09999999999991,84361,88600,0,132,509,580,277,0.9,1.0
bursty_high_s64,0.5,selected_unchecked,120412,60.799999999998875,52.56666666666507,92.19999999999806,93.89999999999941,16.38359374999924,15.456718749999249,5.217808533672513,5.1799648744475935,12.022222222222121,12.247619047618839,117.19999999999993,119.09999999999985,83320,88702,0,116,525,754,249,0.9,1.0
bursty_high_s64,0.5,selected_unchecked,120413,65.16666666666492,61.9666666666661,95.36666666666633,92.79999999999868,18.22484374999925,18.26171874999925,5.826544249598827,5.936007505570002,14.1420289855073,14.92777777777784,127.66666666666674,131.26666666666677,83717,87044,0,120,490,708,268,0.9,1.0
bursty_high_s64,0.5,selected_unchecked,120414,57.033333333332735,56.29999999999774,88.23333333333301,89.83333333333292,16.24906249999924,15.525156249999242,5.1084399850399755,5.240994656172569,11.412820512820364,11.737499999999734,127.0,135.3,84222,89032,0,128,493,667,253,0.9,1.0
bursty_high_s64,0.5,selected_unchecked,120415,60.23333333333278,63.999999999999176,90.96666666666636,97.96666666666556,16.46578124999924,17.027499999999247,5.010381514909159,5.24486299794698,11.796969696969638,12.553333333333256,126.69999999999993,123.29999999999967,82494,87985,0,124,515,588,253,0.9,1.0
bursty_high_s64,0.5,selected_unchecked,120416,59.733333333331245,59.06666666666621,107.96666666666448,91.23333333333099,16.467812499999244,16.94015624999924,5.537386875836945,5.663057227188917,12.62666666666649,13.019999999999623,135.36666666666667,137.76666666666677,81438,87378,0,124,493,563,278,0.9,1.0
bursty_high_s64,0.5,selected_unchecked,120417,61.0666666666649,57.833333333332064,88.9333333333324,85.8333333333317,16.067187499999243,16.97906249999924,5.380422817422767,5.338558743635986,13.013333333333374,13.1019607843137,122.09999999999974,130.69999999999982,82792,88643,0,144,471,673,262,0.9,1.0
bursty_high_s64,0.5,selected_unchecked,120418,70.49999999999883,58.23333333333355,95.76666666666429,111.73333333333238,18.90328124999926,17.875156249999254,5.4850124809013865,5.509749581280802,13.64285714285698,13.826666666666735,138.0999999999998,136.3999999999998,83994,88311,0,112,541,619,263,1.0,1.0
bursty_high_s64,0.5,selected_unchecked,120419,48.39999999999935,53.566666666667004,79.63333333333173,89.4666666666651,14.588593749999239,16.002499999999248,5.028014578718722,4.9386683659639115,11.793939393939263,11.266666666666659,124.93333333333334,129.93333333333345,82579,87935,0,124,473,624,242,0.9,1.0
bursty_high_s64,0.5,selected_unchecked,120420,59.433333333330864,71.59999999999769,89.13333333333188,110.49999999999937,17.69156249999925,18.444687499999247,5.849450505292545,5.919855252362064,13.902777777777752,12.988888888888962,129.19999999999987,130.3,81524,87191,0,136,492,610,298,0.9,1.0
bursty_high_s64,0.5,selected_unchecked,120421,54.933333333332854,60.53333333333239,94.56666666666536,91.73333333333221,16.215781249999246,15.798124999999242,5.336351276180435,5.5475863666906635,12.199999999999728,13.430952380952432,126.70000000000005,132.60000000000014,83668,88991,0,136,524,616,223,0.9,1.0
bursty_high_s64,0.5,selected_unchecked,120422,57.73333333333113,53.0333333333314,90.26666666666551,84.89999999999861,16.102499999999246,14.876093749999237,5.329112866939678,5.3616411267602935,13.16666666666659,12.822222222222164,128.09999999999997,129.3,82540,87697,0,128,547,659,235,0.9,1.0
bursty_high_s64,0.5,selected_unchecked,120423,52.733333333332155,57.66666666666475,93.36666666666582,89.59999999999803,15.549843749999246,16.69296874999925,5.018326562096707,5.245944148839845,11.690000000000044,12.45098039215691,109.2666666666666,109.96666666666658,82908,87824,0,128,471,614,251,1.0,1.0
bursty_high_s64,0.5,selected_unchecked,120424,57.29999999999836,58.299999999998846,87.99999999999892,86.53333333333137,16.556562499999234,16.593281249999244,5.651416895043512,5.641681955964446,14.186666666666564,13.264583333333254,124.3333333333332,121.23333333333335,82545,87914,0,144,478,692,254,0.9,1.0
bursty_high_s64,0.5,selected_unchecked,120425,55.26666666666537,56.133333333331535,90.16666666666555,91.43333333333246,15.974218749999238,15.688437499999244,5.370766846531249,5.585747141765393,12.22549019607848,12.461403508771875,136.8,129.20000000000005,83407,87419,0,132,506,605,255,1.0,1.0
bursty_high_s64,0.5,selected_unchecked,120426,67.63333333333242,63.09999999999894,97.49999999999889,109.66666666666475,17.19703124999924,17.21046874999924,5.128267411702373,5.326834186228281,12.209523809523509,12.527777777777644,136.7666666666667,129.06666666666666,84019,88129,0,136,507,612,271,0.9,1.0
bursty_high_s64,0.5,selected_unchecked,120427,59.13333333333253,78.49999999999852,119.03333333333217,145.06666666666553,17.16140624999925,19.998906249999262,6.168838889741574,6.504849929129222,16.18333333333313,15.490476190475947,139.86666666666656,143.96666666666675,82786,89605,0,124,478,690,282,1.0,1.0
bursty_high_s64,0.5,selected_unchecked,120428,65.5333333333331,59.999999999997954,123.63333333333287,95.06666666666496,18.01531249999925,17.45187499999925,5.891759655924183,5.717823891100148,14.860000000000074,13.553333333333228,138.7333333333334,136.83333333333343,84061,88169,0,136,502,608,281,1.0,1.0
bursty_high_s64,0.5,selected_unchecked,120429,62.23333333333221,54.499999999999545,88.8999999999981,102.66666666666532,17.297812499999246,16.03312499999924,5.571481916958395,5.509898953415308,13.891666666666403,12.58571428571432,110.76666666666631,117.36666666666656,83706,88425,0,140,521,577,254,0.9,1.0
bursty_high_s64,0.5,original_q2_a0.8_or_unchecked,120400,54.4999999999977,50.299999999998306,83.79999999999961,83.03333333333214,15.18218749999924,14.999531249999242,5.010129235954426,5.257922729034433,12.099999999999964,13.014814814814779,126.89999999999986,125.3999999999998,84433,91888,0,224,505,689,404,1.0,1.0
bursty_high_s64,0.5,original_q2_a0.8_or_unchecked,120401,63.13333333333145,62.89999999999765,99.66666666666498,100.33333333333184,17.05671874999925,16.55421874999924,5.470040869004631,5.53850605620295,14.37499999999951,13.899999999999766,120.46666666666664,119.76666666666671,82952,91047,0,216,509,679,401,1.0,1.0
bursty_high_s64,0.5,original_q2_a0.8_or_unchecked,120402,51.46666666666579,55.43333333333203,84.1666666666662,79.43333333333237,15.589374999999242,15.882031249999244,5.581712866651249,5.615351654320433,12.759999999999717,13.557142857142916,143.0,142.60000000000008,81919,91006,0,228,492,627,418,1.0,1.0
bursty_high_s64,0.5,original_q2_a0.8_or_unchecked,120403,51.89999999999873,55.999999999997556,90.73333333333238,90.06666666666547,15.744843749999237,15.835624999999244,5.170985459320971,5.186354894157381,13.026666666666198,11.593939393939339,117.33333333333326,114.63333333333327,83693,92154,0,232,493,631,412,1.0,1.0
bursty_high_s64,0.5,original_q2_a0.8_or_unchecked,120404,65.73333333333113,57.76666666666452,95.5333333333329,95.69999999999845,16.381874999999248,16.57484374999925,5.374198911504741,5.43026702944571,12.409090909090743,13.452777777777662,127.83333333333331,120.83333333333331,83328,90910,0,224,478,621,407,1.0,1.0
bursty_high_s64,0.5,original_q2_a0.8_or_unchecked,120405,63.63333333333364,62.99999999999909,105.73333333333218,91.63333333333134,19.047968749999253,18.26765624999925,5.832002418541226,5.8896713898977415,14.980952380952383,12.833333333333258,142.7000000000001,145.60000000000008,83270,90701,0,228,551,652,425,1.0,1.0
bursty_high_s64,0.5,original_q2_a0.8_or_unchecked,120406,68.79999999999751,59.2333333333317,87.53333333333373,96.23333333333159,18.919374999999253,17.08593749999924,5.696437744991609,5.865025897465655,13.208333333333192,14.20000000000006,138.89999999999952,142.7999999999996,83094,91832,0,220,506,654,433,1.0,1.0
bursty_high_s64,0.5,original_q2_a0.8_or_unchecked,120407,71.83333333333263,61.900000000000105,114.09999999999852,93.83333333333356,19.771249999999252,16.75499999999925,5.875802368204823,5.79591824020993,14.530555555555381,13.396666666666679,133.7666666666663,129.46666666666624,82605,92275,0,212,551,790,433,1.0,1.0
bursty_high_s64,0.5,original_q2_a0.8_or_unchecked,120408,74.60000000000042,66.36666666666645,113.29999999999802,110.59999999999837,20.515624999999257,18.93406249999925,6.220871875966695,6.347914907820402,15.022222222222231,13.715686274509773,149.26666666666682,149.36666666666662,82596,90240,0,204,508,646,437,1.0,1.0
bursty_high_s64,0.5,original_q2_a0.8_or_unchecked,120409,62.866666666664344,55.79999999999953,99.03333333333228,95.03333333333131,19.012187499999246,18.25437499999925,5.836336259989759,5.998613132860411,13.52121212121204,14.490476190476253,136.0,136.49999999999994,81887,88660,0,188,536,596,429,1.0,1.0
bursty_high_s64,0.5,original_q2_a0.8_or_unchecked,120410,58.39999999999776,57.69999999999777,108.79999999999876,90.06666666666553,16.672968749999246,16.98046874999924,5.430659128474328,5.426022644046402,12.900000000000029,12.36666666666668,128.39999999999998,132.60000000000002,83689,89051,0,188,503,666,429,1.0,1.0
bursty_high_s64,0.5,original_q2_a0.8_or_unchecked,120411,61.266666666666254,51.433333333331774,87.5333333333329,98.9666666666646,16.239062499999243,14.993749999999238,5.32998559715854,5.4284218944497695,12.52777777777755,12.988888888888752,119.49999999999977,123.99999999999983,84361,91713,0,200,509,697,419,1.0,1.0
bursty_high_s64,0.5,original_q2_a0.8_or_unchecked,120412,60.799999999998875,62.033333333331456,92.19999999999806,97.23333333333107,16.38359374999924,16.881249999999252,5.217808533672513,5.291524936097411,12.022222222222121,13.09649122807017,117.19999999999993,119.20000000000005,83320,91448,0,216,525,752,409,1.0,1.0
bursty_high_s64,0.5,original_q2_a0.8_or_unchecked,120413,65.16666666666492,59.5333333333334,95.36666666666633,104.73333333333235,18.22484374999925,16.927031249999253,5.826544249598827,5.635355999326797,14.1420289855073,13.933333333332996,127.66666666666674,136.26666666666688,83717,91586,0,212,490,676,419,1.0,1.0
bursty_high_s64,0.5,original_q2_a0.8_or_unchecked,120414,57.033333333332735,59.46666666666562,88.23333333333301,88.86666666666463,16.24906249999924,16.321093749999243,5.1084399850399755,5.085279656859143,11.412820512820364,11.786666666666612,127.0,138.69999999999993,84222,90528,0,188,493,710,409,1.0,1.0
bursty_high_s64,0.5,original_q2_a0.8_or_unchecked,120415,60.23333333333278,52.36666666666565,90.96666666666636,88.5333333333312,16.46578124999924,15.266093749999238,5.010381514909159,4.9839519810263475,11.796969696969638,11.01212121212116,126.69999999999993,126.7999999999999,82494,91801,0,212,515,660,425,1.0,1.0
bursty_high_s64,0.5,original_q2_a0.8_or_unchecked,120416,59.733333333331245,58.99999999999778,107.96666666666448,103.36666666666486,16.467812499999244,17.464062499999248,5.537386875836945,5.714243680472466,12.62666666666649,13.330769230769071,135.36666666666667,138.36666666666667,81438,90016,0,184,493,650,440,1.0,1.0
bursty_high_s64,0.5,original_q2_a0.8_or_unchecked,120417,61.0666666666649,56.633333333331336,88.9333333333324,99.29999999999859,16.067187499999243,16.24812499999924,5.380422817422767,5.352536363328083,13.013333333333374,12.133333333333205,122.09999999999974,129.6999999999997,82792,88401,0,192,471,663,415,1.0,1.0
bursty_high_s64,0.5,original_q2_a0.8_or_unchecked,120418,70.49999999999883,70.49999999999926,95.76666666666429,99.16666666666484,18.90328124999926,18.01843749999925,5.4850124809013865,5.545617844001038,13.64285714285698,13.266666666666728,138.0999999999998,133.49999999999983,83994,90353,0,184,541,573,423,1.0,1.0
bursty_high_s64,0.5,original_q2_a0.8_or_unchecked,120419,48.39999999999935,46.53333333333242,79.63333333333173,86.83333333333184,14.588593749999239,14.871093749999247,5.028014578718722,5.063650328770526,11.793939393939263,12.441025641025659,124.93333333333334,128.4333333333334,82579,91156,0,188,473,678,406,1.0,1.0
bursty_high_s64,0.5,original_q2_a0.8_or_unchecked,120420,59.433333333330864,66.99999999999818,89.13333333333188,101.33333333333121,17.69156249999925,17.68359374999925,5.849450505292545,6.005660170091146,13.902777777777752,13.599999999999698,129.19999999999987,138.00000000000006,81524,91164,0,228,492,663,415,1.0,1.0
bursty_high_s64,0.5,original_q2_a0.8_or_unchecked,120421,54.933333333332854,59.69999999999774,94.56666666666536,111.53333333333273,16.215781249999246,16.886249999999244,5.336351276180435,5.492225586804025,12.199999999999728,13.1749999999994,126.70000000000005,130.9000000000001,83668,92159,0,232,524,630,422,1.0,1.0
bursty_high_s64,0.5,original_q2_a0.8_or_unchecked,120422,57.73333333333113,60.366666666665424,90.26666666666551,90.79999999999961,16.102499999999246,17.12156249999925,5.329112866939678,5.510497987078361,13.16666666666659,14.231372549019644,128.09999999999997,126.89999999999992,82540,91894,0,204,547,737,410,1.0,1.0
bursty_high_s64,0.5,original_q2_a0.8_or_unchecked,120423,52.733333333332155,59.199999999999534,93.36666666666582,96.09999999999826,15.549843749999246,16.072812499999248,5.018326562096707,5.238924399129461,11.690000000000044,12.199999999999807,109.2666666666666,109.16666666666646,82908,91387,0,212,471,694,411,1.0,1.0
bursty_high_s64,0.5,original_q2_a0.8_or_unchecked,120424,57.29999999999836,59.19999999999763,87.99999999999892,114.96666666666431,16.556562499999234,17.740468749999245,5.651416895043512,5.668916212513157,14.186666666666564,15.511111111110905,124.3333333333332,120.73333333333335,82545,92126,0,224,478,795,417,1.0,1.0
bursty_high_s64,0.5,original_q2_a0.8_or_unchecked,120425,55.26666666666537,66.86666666666508,90.16666666666555,104.86666666666582,15.974218749999238,18.117187499999254,5.370766846531249,5.604132793269869,12.22549019607848,12.633333333333109,136.8,128.59999999999997,83407,89904,0,196,506,790,431,1.0,1.0
bursty_high_s64,0.5,original_q2_a0.8_or_unchecked,120426,67.63333333333242,65.96666666666655,97.49999999999889,105.86666666666474,17.19703124999924,17.500624999999246,5.128267411702373,5.358793857983316,12.209523809523509,12.420370370370334,136.7666666666667,134.96666666666675,84019,91756,0,200,507,594,437,1.0,1.0
bursty_high_s64,0.5,original_q2_a0.8_or_unchecked,120427,59.13333333333253,58.299999999999045,119.03333333333217,82.49999999999955,17.16140624999925,17.138749999999252,6.168838889741574,6.112453702258945,16.18333333333313,13.53333333333321,139.86666666666656,136.5666666666666,82786,89285,0,192,478,663,431,1.0,1.0
bursty_high_s64,0.5,original_q2_a0.8_or_unchecked,120428,65.5333333333331,59.06666666666507,123.63333333333287,102.26666666666438,18.01531249999925,17.77390624999925,5.891759655924183,5.749292842033732,14.860000000000074,13.926666666666211,138.7333333333334,141.4333333333334,84061,91109,0,200,502,630,437,1.0,1.0
bursty_high_s64,0.5,original_q2_a0.8_or_unchecked,120429,62.23333333333221,60.79999999999785,88.8999999999981,87.93333333333146,17.297812499999246,16.749843749999243,5.571481916958395,5.302079649975637,13.891666666666403,11.604166666666542,110.76666666666631,120.46666666666658,83706,89969,0,200,521,569,425,1.0,1.0
bursty_high_s64,0.5,runner_up_checked,120400,54.4999999999977,54.4999999999977,83.79999999999961,83.79999999999961,15.18218749999924,15.18218749999924,5.010129235954426,5.010129235954426,12.099999999999964,12.099999999999964,126.89999999999986,126.89999999999986,84433,84433,0,0,505,505,234,1.0,1.0
bursty_high_s64,0.5,runner_up_checked,120401,63.13333333333145,63.13333333333145,99.66666666666498,99.66666666666498,17.05671874999925,17.05671874999925,5.470040869004631,5.470040869004631,14.37499999999951,14.37499999999951,120.46666666666664,120.46666666666664,82952,82952,0,0,509,509,237,1.0,1.0
bursty_high_s64,0.5,runner_up_checked,120402,51.46666666666579,51.46666666666579,84.1666666666662,84.1666666666662,15.589374999999242,15.589374999999242,5.581712866651249,5.581712866651249,12.759999999999717,12.759999999999717,143.0,143.0,81919,81919,0,0,492,492,222,0.9,1.0
bursty_high_s64,0.5,runner_up_checked,120403,51.89999999999873,49.63333333333196,90.73333333333238,84.09999999999917,15.744843749999237,15.022499999999237,5.170985459320971,5.139700260038152,13.026666666666198,12.841666666666647,117.33333333333326,115.53333333333325,83693,84212,0,4,493,490,217,0.9,1.0
bursty_high_s64,0.5,runner_up_checked,120404,65.73333333333113,65.73333333333113,95.5333333333329,95.5333333333329,16.381874999999248,16.381874999999248,5.374198911504741,5.374198911504741,12.409090909090743,12.409090909090743,127.83333333333331,127.83333333333331,83328,83328,0,0,478,478,209,0.9,1.0
bursty_high_s64,0.5,runner_up_checked,120405,63.63333333333364,63.63333333333364,105.73333333333218,105.73333333333218,19.047968749999253,19.047968749999253,5.832002418541226,5.832002418541226,14.980952380952383,14.980952380952383,142.7000000000001,142.7000000000001,83270,83418,0,4,551,551,244,1.0,1.0
bursty_high_s64,0.5,runner_up_checked,120406,68.79999999999751,68.79999999999751,87.53333333333373,87.53333333333373,18.919374999999253,18.919374999999253,5.696437744991609,5.696437744991609,13.208333333333192,13.208333333333192,138.89999999999952,138.89999999999952,83094,83094,0,0,506,506,268,0.9,1.0
bursty_high_s64,0.5,runner_up_checked,120407,71.83333333333263,71.83333333333263,114.09999999999852,114.09999999999852,19.771249999999252,19.771249999999252,5.875802368204823,5.875802368204823,14.530555555555381,14.530555555555381,133.7666666666663,133.7666666666663,82605,82605,0,0,551,551,270,0.9,1.0
bursty_high_s64,0.5,runner_up_checked,120408,74.60000000000042,74.60000000000042,113.29999999999802,113.29999999999802,20.515624999999257,20.515624999999257,6.220871875966695,6.220871875966695,15.022222222222231,15.022222222222231,149.26666666666682,149.26666666666682,82596,82596,0,0,508,508,262,0.9,1.0
bursty_high_s64,0.5,runner_up_checked,120409,62.866666666664344,62.866666666664344,99.03333333333228,99.03333333333228,19.012187499999246,19.012187499999246,5.836336259989759,5.836336259989759,13.52121212121204,13.52121212121204,136.0,136.0,81887,81887,0,0,536,536,261,1.0,1.0
bursty_high_s64,0.5,runner_up_checked,120410,58.39999999999776,58.39999999999776,108.79999999999876,108.79999999999876,16.672968749999246,16.672968749999246,5.430659128474328,5.430659128474328,12.900000000000029,12.900000000000029,128.39999999999998,128.39999999999998,83689,83837,0,4,503,503,216,1.0,1.0
bursty_high_s64,0.5,runner_up_checked,120411,61.266666666666254,61.266666666666254,87.5333333333329,87.5333333333329,16.239062499999243,16.239062499999243,5.32998559715854,5.32998559715854,12.52777777777755,12.52777777777755,119.49999999999977,119.49999999999977,84361,84361,0,0,509,509,255,0.9,1.0
bursty_high_s64,0.5,runner_up_checked,120412,60.799999999998875,60.799999999998875,92.19999999999806,92.19999999999806,16.38359374999924,16.38359374999924,5.217808533672513,5.217808533672513,12.022222222222121,12.022222222222121,117.19999999999993,117.19999999999993,83320,83320,0,0,525,525,242,0.9,1.0
bursty_high_s64,0.5,runner_up_checked,120413,65.16666666666492,65.16666666666492,95.36666666666633,95.36666666666633,18.22484374999925,18.22484374999925,5.826544249598827,5.826544249598827,14.1420289855073,14.1420289855073,127.66666666666674,127.66666666666674,83717,83717,0,0,490,490,244,0.9,1.0
bursty_high_s64,0.5,runner_up_checked,120414,57.033333333332735,57.033333333332735,88.23333333333301,88.23333333333301,16.24906249999924,16.24906249999924,5.1084399850399755,5.1084399850399755,11.412820512820364,11.412820512820364,127.0,127.0,84222,84222,0,0,493,493,251,0.9,1.0
bursty_high_s64,0.5,runner_up_checked,120415,60.23333333333278,60.23333333333278,90.96666666666636,90.96666666666636,16.46578124999924,16.46578124999924,5.010381514909159,5.010381514909159,11.796969696969638,11.796969696969638,126.69999999999993,126.69999999999993,82494,82494,0,0,515,515,236,0.9,1.0
bursty_high_s64,0.5,runner_up_checked,120416,59.733333333331245,59.733333333331245,107.96666666666448,107.96666666666448,16.467812499999244,16.467812499999244,5.537386875836945,5.537386875836945,12.62666666666649,12.62666666666649,135.36666666666667,135.36666666666667,81438,81438,0,0,493,493,227,0.9,1.0
bursty_high_s64,0.5,runner_up_checked,120417,61.0666666666649,61.0666666666649,88.9333333333324,88.9333333333324,16.067187499999243,16.067187499999243,5.380422817422767,5.380422817422767,13.013333333333374,13.013333333333374,122.09999999999974,122.09999999999974,82792,82792,0,0,471,471,231,0.9,1.0
bursty_high_s64,0.5,runner_up_checked,120418,70.49999999999883,70.49999999999883,95.76666666666429,95.76666666666429,18.90328124999926,18.90328124999926,5.4850124809013865,5.4850124809013865,13.64285714285698,13.64285714285698,138.0999999999998,138.0999999999998,83994,83994,0,0,541,541,246,1.0,1.0
bursty_high_s64,0.5,runner_up_checked,120419,48.39999999999935,48.39999999999935,79.63333333333173,79.63333333333173,14.588593749999239,14.588593749999239,5.028014578718722,5.028014578718722,11.793939393939263,11.793939393939263,124.93333333333334,124.93333333333334,82579,82579,0,0,473,473,206,0.9,1.0
bursty_high_s64,0.5,runner_up_checked,120420,59.433333333330864,59.433333333330864,89.13333333333188,89.13333333333188,17.69156249999925,17.69156249999925,5.849450505292545,5.849450505292545,13.902777777777752,13.902777777777752,129.19999999999987,129.19999999999987,81524,81524,0,0,492,492,234,0.9,1.0
bursty_high_s64,0.5,runner_up_checked,120421,54.933333333332854,54.933333333332854,94.56666666666536,94.56666666666536,16.215781249999246,16.215781249999246,5.336351276180435,5.336351276180435,12.199999999999728,12.199999999999728,126.70000000000005,126.70000000000005,83668,83668,0,0,524,524,231,0.9,1.0
bursty_high_s64,0.5,runner_up_checked,120422,57.73333333333113,57.73333333333113,90.26666666666551,90.26666666666551,16.102499999999246,16.102499999999246,5.329112866939678,5.329112866939678,13.16666666666659,13.16666666666659,128.09999999999997,128.09999999999997,82540,82540,0,0,547,547,209,0.9,1.0
bursty_high_s64,0.5,runner_up_checked,120423,52.733333333332155,52.733333333332155,93.36666666666582,93.36666666666582,15.549843749999246,15.549843749999246,5.018326562096707,5.018326562096707,11.690000000000044,11.690000000000044,109.2666666666666,109.2666666666666,82908,82908,0,0,471,471,231,1.0,1.0
bursty_high_s64,0.5,runner_up_checked,120424,57.29999999999836,57.73333333333346,87.99999999999892,95.86666666666534,16.556562499999234,16.39593749999924,5.651416895043512,5.568339020176707,14.186666666666564,13.247619047618969,124.3333333333332,120.03333333333325,82545,83009,0,8,478,520,215,0.9,1.0
bursty_high_s64,0.5,runner_up_checked,120425,55.26666666666537,55.26666666666537,90.16666666666555,90.16666666666555,15.974218749999238,15.974218749999238,5.370766846531249,5.370766846531249,12.22549019607848,12.22549019607848,136.8,136.8,83407,83407,0,0,506,506,216,1.0,1.0
bursty_high_s64,0.5,runner_up_checked,120426,67.63333333333242,67.63333333333242,97.49999999999889,97.49999999999889,17.19703124999924,17.19703124999924,5.128267411702373,5.128267411702373,12.209523809523509,12.209523809523509,136.7666666666667,136.7666666666667,84019,84019,0,0,507,507,231,0.9,1.0
bursty_high_s64,0.5,runner_up_checked,120427,59.13333333333253,59.13333333333253,119.03333333333217,119.03333333333217,17.16140624999925,17.16140624999925,6.168838889741574,6.168838889741574,16.18333333333313,16.18333333333313,139.86666666666656,139.86666666666656,82786,82786,0,0,478,478,222,1.0,1.0
bursty_high_s64,0.5,runner_up_checked,120428,65.5333333333331,65.5333333333331,123.63333333333287,123.63333333333287,18.01531249999925,18.01531249999925,5.891759655924183,5.891759655924183,14.860000000000074,14.860000000000074,138.7333333333334,138.7333333333334,84061,84061,0,0,502,502,237,1.0,1.0
bursty_high_s64,0.5,runner_up_checked,120429,62.23333333333221,62.23333333333221,88.8999999999981,88.8999999999981,17.297812499999246,17.297812499999246,5.571481916958395,5.571481916958395,13.891666666666403,13.891666666666403,110.76666666666631,110.76666666666631,83706,83706,0,0,521,521,267,0.9,1.0
bursty_high_s64,2.0,selected_checked,120400,63.59999999999951,63.59999999999951,88.19999999999868,88.19999999999868,16.627499999999245,16.627499999999245,5.670895409209642,5.670895409209642,13.628571428571197,13.628571428571197,145.39999999999992,145.39999999999992,83959,83959,0,0,504,504,281,1.0,1.0
bursty_high_s64,2.0,selected_checked,120401,69.73333333333156,69.73333333333156,98.79999999999819,98.79999999999819,18.945937499999253,18.945937499999253,5.974465396577148,5.974465396577148,14.820512820512713,14.820512820512713,139.86666666666673,139.86666666666673,83258,83258,0,0,510,510,294,1.0,1.0
bursty_high_s64,2.0,selected_checked,120402,63.0666666666653,63.0666666666653,99.86666666666574,99.86666666666574,18.034687499999244,18.034687499999244,6.086099861913809,6.086099861913809,14.512820512820468,14.512820512820468,164.3999999999998,164.3999999999998,82900,82900,0,0,520,520,279,0.9,1.0
bursty_high_s64,2.0,selected_checked,120403,60.79999999999933,60.79999999999933,91.06666666666564,91.06666666666564,16.58249999999924,16.58249999999924,5.67526664784994,5.67526664784994,13.575757575757542,13.575757575757542,131.13333333333333,131.13333333333333,83252,83252,0,0,468,468,264,0.9,1.0
bursty_high_s64,2.0,selected_checked,120404,67.73333333333365,67.73333333333365,116.13333333333247,116.13333333333247,18.816562499999257,18.816562499999257,6.080892952094186,6.080892952094186,14.122222222222158,14.122222222222158,147.73333333333335,147.73333333333335,83482,83482,0,0,527,527,278,0.9,1.0
bursty_high_s64,2.0,selected_checked,120405,62.13333333333105,62.13333333333105,99.99999999999804,99.99999999999804,18.480624999999257,18.480624999999257,6.206862022703185,6.206862022703185,13.973333333333136,13.973333333333136,162.60000000000008,162.60000000000008,82426,82574,0,4,525,525,265,1.0,1.0
bursty_high_s64,2.0,selected_checked,120406,70.93333333333229,70.93333333333229,107.86666666666548,107.86666666666548,20.136874999999257,20.136874999999257,6.480754816969228,6.480754816969228,15.188888888888961,15.188888888888961,156.99999999999966,156.99999999999966,83374,83374,0,0,530,530,281,0.9,1.0
bursty_high_s64,2.0,selected_checked,120407,79.53333333333285,79.53333333333285,116.93333333333231,116.93333333333231,20.934687499999256,20.934687499999256,6.281649586603656,6.281649586603656,14.316666666666498,14.316666666666498,156.86666666666656,156.86666666666656,83690,83690,0,0,576,576,293,0.9,1.0
bursty_high_s64,2.0,selected_checked,120408,83.53333333333248,83.53333333333248,140.13333333333225,140.13333333333225,21.356874999999263,21.356874999999263,6.895063506097303,6.895063506097303,15.699999999999761,15.699999999999761,175.86666666666662,175.86666666666662,82846,82846,0,0,495,495,268,0.9,1.0
bursty_high_s64,2.0,selected_checked,120409,67.26666666666512,67.26666666666512,117.86666666666562,117.86666666666562,19.814687499999255,19.814687499999255,6.44386429775979,6.44386429775979,14.847058823529455,14.847058823529455,164.99999999999994,164.99999999999994,83853,83853,0,0,542,542,296,1.0,1.0
bursty_high_s64,2.0,selected_checked,120410,67.13333333333162,67.13333333333162,102.33333333333266,102.33333333333266,19.23999999999926,19.23999999999926,6.137118603133383,6.137118603133383,14.706666666666573,14.706666666666573,154.0,154.0,84007,84155,0,4,573,573,298,1.0,1.0
bursty_high_s64,2.0,selected_checked,120411,58.33333333333104,58.33333333333104,91.93333333333183,91.93333333333183,16.445624999999236,16.445624999999236,5.956825511172361,5.956825511172361,13.918518518518416,13.918518518518416,140.79999999999995,140.79999999999995,82312,82312,0,0,498,498,277,0.9,1.0
bursty_high_s64,2.0,selected_checked,120412,64.53333333333183,64.53333333333183,98.46666666666636,98.46666666666636,16.68749999999925,16.68749999999925,5.673686870700879,5.673686870700879,12.974358974358923,12.974358974358923,138.7999999999999,138.7999999999999,84056,84056,0,0,479,479,256,0.9,1.0
bursty_high_s64,2.0,selected_checked,120413,65.26666666666608,65.26666666666608,101.53333333333177,101.53333333333177,18.892812499999252,18.892812499999252,6.438428439910574,6.438428439910574,17.141176470588302,17.141176470588302,153.8666666666668,153.8666666666668,84653,84653,0,0,509,509,277,0.9,1.0
bursty_high_s64,2.0,selected_checked,120414,61.59999999999857,57.79999999999879,100.73333333333102,90.6666666666651,17.658437499999252,16.881874999999244,5.574352201007125,5.6268850179168295,11.973333333333269,12.955555555555476,151.0,151.39999999999998,84065,83483,0,8,527,508,269,0.9,1.0
bursty_high_s64,2.0,selected_checked,120415,63.73333333333295,63.73333333333295,97.7999999999993,97.7999999999993,17.38781249999925,17.38781249999925,5.76956749116474,5.76956749116474,13.56666666666664,13.56666666666664,153.80000000000007,153.80000000000007,82708,82708,0,0,576,576,263,0.9,1.0
bursty_high_s64,2.0,selected_checked,120416,57.266666666666254,57.266666666666254,112.46666666666476,112.46666666666476,16.867812499999246,16.867812499999246,6.190576095078058,6.190576095078058,14.813333333333148,14.813333333333148,160.6666666666668,160.6666666666668,82700,82700,0,0,503,503,285,0.9,1.0
bursty_high_s64,2.0,selected_checked,120417,58.93333333333254,58.93333333333254,96.46666666666565,96.46666666666565,17.70624999999925,17.70624999999925,6.109951370146744,6.109951370146744,15.43999999999956,15.43999999999956,151.5999999999998,151.5999999999998,82313,82313,0,0,522,522,264,0.9,1.0
bursty_high_s64,2.0,selected_checked,120418,72.80000000000007,72.80000000000007,88.7333333333325,88.7333333333325,18.78343749999926,18.78343749999926,6.225793885270006,6.225793885270006,14.419047619047287,14.419047619047287,146.5999999999998,146.5999999999998,83109,83109,0,0,468,468,278,1.0,1.0
bursty_high_s64,2.0,selected_checked,120419,68.13333333333128,58.66666666666558,102.66666666666453,89.66666666666441,17.145624999999253,16.044374999999246,5.453542713077984,5.381289131051974,13.319999999999965,11.945833333333296,154.53333333333336,150.13333333333333,84839,83980,0,8,537,467,263,0.9,1.0
bursty_high_s64,2.0,selected_checked,120420,73.66666666666637,73.66666666666637,111.46666666666454,111.46666666666454,18.845624999999252,18.845624999999252,6.463983556034781,6.463983556034781,14.093333333333334,14.093333333333334,147.0000000000001,147.0000000000001,81550,81550,0,0,497,497,295,0.9,1.0
bursty_high_s64,2.0,selected_checked,120421,60.333333333332064,60.333333333332064,101.33333333333275,101.33333333333275,17.58593749999925,17.58593749999925,6.247062791577145,6.247062791577145,15.410526315789534,15.410526315789534,151.80000000000018,151.80000000000018,83629,83629,0,0,503,503,245,0.9,1.0
bursty_high_s64,2.0,selected_checked,120422,58.46666666666644,58.46666666666644,93.13333333333173,93.13333333333173,17.177187499999242,17.177187499999242,5.760875760947233,5.760875760947233,12.980952380952386,12.980952380952386,142.39999999999998,142.39999999999998,83480,83480,0,0,502,502,280,0.9,1.0
bursty_high_s64,2.0,selected_checked,120423,57.46666666666522,57.46666666666522,108.39999999999989,108.39999999999989,17.109999999999257,17.109999999999257,5.683357827069822,5.683357827069822,13.447619047618925,13.447619047618925,139.66666666666663,139.66666666666663,83124,83124,0,0,547,547,264,1.0,1.0
bursty_high_s64,2.0,selected_checked,120424,61.86666666666426,61.86666666666426,96.46666666666613,96.46666666666613,17.82218749999924,17.82218749999924,6.178522001516101,6.178522001516101,14.625641025640913,14.625641025640913,153.1333333333335,153.1333333333335,83628,83628,0,0,539,539,293,0.9,1.0
bursty_high_s64,2.0,selected_checked,120425,61.66666666666518,61.66666666666518,90.26666666666426,90.26666666666426,17.921562499999247,17.921562499999247,5.927350575480196,5.927350575480196,13.693333333333163,13.693333333333163,149.2,149.2,82981,82981,0,0,526,526,290,1.0,1.0
bursty_high_s64,2.0,selected_checked,120426,68.73333333333198,68.73333333333198,96.86666666666505,96.86666666666505,18.743749999999253,18.743749999999253,5.990729914837568,5.990729914837568,13.440740740740706,13.440740740740706,161.2666666666666,161.2666666666666,83316,83316,0,0,530,530,279,0.9,1.0
bursty_high_s64,2.0,selected_checked,120427,70.66666666666481,70.66666666666481,109.86666666666716,109.86666666666716,19.59031249999925,19.59031249999925,6.8419183512969495,6.8419183512969495,16.969696969696887,16.969696969696887,162.26666666666682,162.26666666666682,83363,83363,0,0,498,498,293,1.0,1.0
bursty_high_s64,2.0,selected_checked,120428,70.86666666666599,70.86666666666599,116.8666666666656,116.8666666666656,19.37218749999925,19.37218749999925,6.4790096900519245,6.4790096900519245,15.709090909090849,15.709090909090849,164.33333333333331,164.33333333333331,82995,82995,0,0,558,558,284,1.0,1.0
bursty_high_s64,2.0,selected_checked,120429,61.933333333332996,61.933333333332996,103.59999999999877,103.59999999999877,18.390312499999254,18.390312499999254,6.028656541145328,6.028656541145328,14.800000000000043,14.800000000000043,134.06666666666666,134.06666666666666,82972,82972,0,0,491,491,273,0.9,1.0
bursty_high_s64,2.0,selected_unchecked,120400,63.59999999999951,68.73333333333204,88.19999999999868,105.1333333333314,16.627499999999245,17.78062499999925,5.670895409209642,5.858397279425613,13.628571428571197,14.373333333333028,145.39999999999992,161.7999999999999,83959,89346,0,128,504,704,247,1.0,1.0
bursty_high_s64,2.0,selected_unchecked,120401,69.73333333333156,58.13333333333361,98.79999999999819,98.99999999999915,18.945937499999253,16.37999999999924,5.974465396577148,6.2551095863851565,14.820512820512713,14.639999999999736,139.86666666666673,149.66666666666674,83258,88867,0,144,510,615,252,1.0,1.0
bursty_high_s64,2.0,selected_unchecked,120402,63.0666666666653,57.79999999999842,99.86666666666574,105.79999999999944,18.034687499999244,16.964374999999244,6.086099861913809,6.2690647815231575,14.512820512820468,14.426666666666552,164.3999999999998,160.59999999999997,82900,87109,0,140,520,534,249,0.9,1.0
bursty_high_s64,2.0,selected_unchecked,120403,60.79999999999933,62.59999999999897,91.06666666666564,110.26666666666608,16.58249999999924,16.909062499999244,5.67526664784994,5.879898611529734,13.575757575757542,15.180952380952322,131.13333333333333,151.13333333333338,83252,88376,0,140,468,675,241,0.9,1.0
bursty_high_s64,2.0,selected_unchecked,120404,67.73333333333365,65.13333333333227,116.13333333333247,98.39999999999927,18.816562499999257,17.61218749999925,6.080892952094186,5.998523234530017,14.122222222222158,13.233333333333064,147.73333333333335,149.9333333333334,83482,87858,0,132,527,547,258,0.9,1.0
bursty_high_s64,2.0,selected_unchecked,120405,62.13333333333105,66.06666666666598,99.99999999999804,103.06666666666462,18.480624999999257,19.96406249999926,6.206862022703185,6.6520788692889585,13.973333333333136,15.900000000000006,162.60000000000008,170.79999999999978,82426,88357,0,140,525,595,305,1.0,1.0
bursty_high_s64,2.0,selected_unchecked,120406,70.93333333333229,59.866666666665026,107.86666666666548,90.13333333333102,20.136874999999257,17.485624999999253,6.480754816969228,6.386633128649104,15.188888888888961,14.974358974358884,156.99999999999966,170.99999999999972,83374,88260,0,124,530,610,233,0.9,1.0
bursty_high_s64,2.0,selected_unchecked,120407,79.53333333333285,75.5999999999982,116.93333333333231,107.99999999999898,20.934687499999256,20.65062499999926,6.281649586603656,6.593754497084409,14.316666666666498,14.855555555555378,156.86666666666656,165.8666666666665,83690,88952,0,136,576,699,293,0.9,1.0
bursty_high_s64,2.0,selected_unchecked,120408,83.53333333333248,80.39999999999782,140.13333333333225,112.73333333333153,21.356874999999263,21.33093749999926,6.895063506097303,6.97053265452179,15.699999999999761,16.644444444444286,175.86666666666662,182.26666666666637,82846,88111,0,128,495,681,311,0.9,1.0
bursty_high_s64,2.0,selected_unchecked,120409,67.26666666666512,66.7999999999978,117.86666666666562,101.19999999999789,19.814687499999255,20.061874999999254,6.44386429775979,6.887652088066611,14.847058823529455,16.315151515151346,164.99999999999994,163.59999999999985,83853,87078,0,144,542,626,278,1.0,1.0
bursty_high_s64,2.0,selected_unchecked,120410,67.13333333333162,67.46666666666695,102.33333333333266,95.86666666666434,19.23999999999926,17.865624999999252,6.137118603133383,6.303397731434285,14.706666666666573,15.128205128205037,154.0,151.40000000000003,84007,87222,0,124,573,612,253,1.0,1.0
bursty_high_s64,2.0,selected_unchecked,120411,58.33333333333104,65.4666666666649,91.93333333333183,108.79999999999794,16.445624999999236,18.452499999999244,5.956825511172361,6.0288641525357045,13.918518518518416,14.607407407407342,140.79999999999995,149.39999999999992,82312,88109,0,144,498,677,275,0.9,1.0
bursty_high_s64,2.0,selected_unchecked,120412,64.53333333333183,65.06666666666462,98.46666666666636,102.53333333333137,16.68749999999925,18.19781249999925,5.673686870700879,6.055154810305858,12.974358974358923,14.256410256410122,138.7999999999999,158.2,84056,90494,0,136,479,677,269,0.9,1.0
bursty_high_s64,2.0,selected_unchecked,120413,65.26666666666608,61.866666666665594,101.53333333333177,88.5333333333314,18.892812499999252,17.844374999999253,6.438428439910574,6.542916296123769,17.141176470588302,14.718518518518314,153.8666666666668,154.06666666666683,84653,87263,0,128,509,580,273,0.9,1.0
bursty_high_s64,2.0,selected_unchecked,120414,61.59999999999857,57.9333333333324,100.73333333333102,87.13333333333259,17.658437499999252,15.541562499999245,5.574352201007125,6.2323655597073175,11.973333333333269,14.206060606060527,151.0,163.3999999999998,84065,89433,0,156,527,657,253,0.9,1.0
bursty_high_s64,2.0,selected_unchecked,120415,63.73333333333295,61.7999999999991,97.7999999999993,109.46666666666556,17.38781249999925,17.022812499999244,5.76956749116474,5.6278925215019004,13.56666666666664,12.642105263157811,153.80000000000007,151.79999999999978,82708,87528,0,124,576,557,257,0.9,1.0
bursty_high_s64,2.0,selected_unchecked,120416,57.266666666666254,65.666666666667,112.46666666666476,95.59999999999803,16.867812499999246,19.324374999999257,6.190576095078058,6.678419635773433,14.813333333333148,15.423529411764756,160.6666666666668,160.86666666666662,82700,87124,0,132,503,584,283,0.9,1.0
bursty_high_s64,2.0,selected_unchecked,120417,58.93333333333254,60.06666666666462,96.46666666666565,94.5333333333314,17.70624999999925,17.253437499999254,6.109951370146744,6.129036685554721,15.43999999999956,15.613333333333395,151.5999999999998,157.59999999999997,82313,87241,0,128,522,600,287,0.9,1.0
bursty_high_s64,2.0,selected_unchecked,120418,72.80000000000007,75.53333333333103,88.7333333333325,99.93333333333152,18.78343749999926,20.039687499999257,6.225793885270006,6.100876513752973,14.419047619047287,15.006060606060565,146.5999999999998,170.19999999999987,83109,90353,0,124,468,672,296,1.0,1.0
bursty_high_s64,2.0,selected_unchecked,120419,68.13333333333128,52.266666666665515,102.66666666666453,88.26666666666569,17.145624999999253,15.296562499999245,5.453542713077984,5.82068851599579,13.319999999999965,13.573333333333016,154.53333333333336,161.3333333333332,84839,88420,0,140,537,656,235,0.9,1.0
bursty_high_s64,2.0,selected_unchecked,120420,73.66666666666637,64.4666666666655,111.46666666666454,87.39999999999884,18.845624999999252,18.480624999999247,6.463983556034781,6.6378287424859765,14.093333333333334,14.999999999999966,147.0000000000001,153.80000000000007,81550,86612,0,140,497,611,295,0.9,1.0
bursty_high_s64,2.0,selected_unchecked,120421,60.333333333332064,56.599999999998886,101.33333333333275,104.0666666666645,17.58593749999925,17.244999999999248,6.247062791577145,6.244214904597333,15.410526315789534,14.30909090909085,151.80000000000018,155.80000000000024,83629,87606,0,128,503,602,237,0.9,1.0
bursty_high_s64,2.0,selected_unchecked,120422,58.46666666666644,66.66666666666671,93.13333333333173,107.0666666666651,17.177187499999242,17.40874999999925,5.760875760947233,6.354836140086059,12.980952380952386,16.01333333333323,142.39999999999998,148.8,83480,88435,0,140,502,588,267,0.9,1.0
bursty_high_s64,2.0,selected_unchecked,120423,57.46666666666522,60.7999999999989,108.39999999999989,97.73333333333139,17.109999999999257,18.034687499999258,5.683357827069822,6.190582034991688,13.447619047618925,15.812698412698476,139.66666666666663,136.46666666666675,83124,87263,0,132,547,660,288,1.0,1.0
bursty_high_s64,2.0,selected_unchecked,120424,61.86666666666426,58.39999999999935,96.46666666666613,99.06666666666561,17.82218749999924,16.77593749999924,6.178522001516101,6.330019661863435,14.625641025640913,15.596666666666689,153.1333333333335,159.53333333333347,83628,88442,0,128,539,660,263,0.9,1.0
bursty_high_s64,2.0,selected_unchecked,120425,61.66666666666518,57.333333333332035,90.26666666666426,107.5333333333329,17.921562499999247,17.514999999999254,5.927350575480196,6.284944155976863,13.693333333333163,14.394444444444332,149.2,158.40000000000015,82981,88447,0,148,526,637,286,1.0,1.0
bursty_high_s64,2.0,selected_unchecked,120426,68.73333333333198,65.99999999999812,96.86666666666505,114.39999999999975,18.743749999999253,17.955624999999255,5.990729914837568,6.00627939607916,13.440740740740706,14.219999999999942,161.2666666666666,159.2666666666666,83316,88165,0,128,530,590,289,0.9,1.0
bursty_high_s64,2.0,selected_unchecked,120427,70.66666666666481,64.73333333333244,109.86666666666716,100.53333333333217,19.59031249999925,18.829374999999253,6.8419183512969495,6.977494638272077,16.969696969696887,16.762962962962895,162.26666666666682,171.66666666666657,83363,88853,0,140,498,619,271,1.0,1.0
bursty_high_s64,2.0,selected_unchecked,120428,70.86666666666599,64.46666666666545,116.8666666666656,95.73333333333119,19.37218749999925,16.77624999999925,6.4790096900519245,6.444582658352525,15.709090909090849,15.450000000000049,164.33333333333331,163.93333333333334,82995,88041,0,144,558,603,249,1.0,1.0
bursty_high_s64,2.0,selected_unchecked,120429,61.933333333332996,63.33333333333363,103.59999999999877,91.06666666666464,18.390312499999254,17.447499999999245,6.028656541145328,6.1447458057068625,14.800000000000043,14.549999999999429,134.06666666666666,137.26666666666648,82972,87397,0,120,491,551,271,0.9,1.0
bursty_high_s64,2.0,original_q2_a0.8_or_unchecked,120400,63.59999999999951,56.33333333333138,88.19999999999868,116.8666666666656,16.627499999999245,16.09843749999925,5.670895409209642,5.945228311990095,13.628571428571197,15.479999999999881,145.39999999999992,155.60000000000002,83959,89531,0,200,504,619,413,1.0,1.0
bursty_high_s64,2.0,original_q2_a0.8_or_unchecked,120401,69.73333333333156,69.46666666666562,98.79999999999819,102.19999999999817,18.945937499999253,18.01062499999925,5.974465396577148,6.622178807499783,14.820512820512713,16.43703703703685,139.86666666666673,155.8666666666668,83258,91993,0,208,510,634,423,1.0,1.0
bursty_high_s64,2.0,original_q2_a0.8_or_unchecked,120402,63.0666666666653,62.53333333333188,99.86666666666574,101.59999999999766,18.034687499999244,17.38718749999925,6.086099861913809,6.514723449683652,14.512820512820468,15.925000000000036,164.3999999999998,166.2,82900,88412,0,204,520,602,413,1.0,1.0
bursty_high_s64,2.0,original_q2_a0.8_or_unchecked,120403,60.79999999999933,53.33333333333252,91.06666666666564,89.93333333333254,16.58249999999924,16.03687499999925,5.67526664784994,6.0860406821088935,13.575757575757542,14.357575757575706,131.13333333333333,147.73333333333335,83252,91134,0,220,468,684,416,1.0,1.0
bursty_high_s64,2.0,original_q2_a0.8_or_unchecked,120404,67.73333333333365,65.13333333333253,116.13333333333247,111.93333333333248,18.816562499999257,18.275312499999252,6.080892952094186,6.1590480625779875,14.122222222222158,14.555555555555495,147.73333333333335,146.5333333333333,83482,91187,0,220,527,596,414,1.0,1.0
bursty_high_s64,2.0,original_q2_a0.8_or_unchecked,120405,62.13333333333105,71.26666666666546,99.99999999999804,135.46666666666636,18.480624999999257,20.45968749999927,6.206862022703185,6.679224226145742,13.973333333333136,15.96363636363642,162.60000000000008,183.3999999999998,82426,91452,0,224,525,730,429,1.0,1.0
bursty_high_s64,2.0,original_q2_a0.8_or_unchecked,120406,70.93333333333229,63.599999999999085,107.86666666666548,89.39999999999904,20.136874999999257,18.494062499999252,6.480754816969228,6.664595612673563,15.188888888888961,15.176666666666673,156.99999999999966,173.79999999999956,83374,90889,0,200,530,666,428,1.0,1.0
bursty_high_s64,2.0,original_q2_a0.8_or_unchecked,120407,79.53333333333285,71.06666666666607,116.93333333333231,114.00000000000048,20.934687499999256,20.87843749999926,6.281649586603656,6.88520887617963,14.316666666666498,15.75333333333317,156.86666666666656,158.66666666666663,83690,91777,0,200,576,689,448,1.0,1.0
bursty_high_s64,2.0,original_q2_a0.8_or_unchecked,120408,83.53333333333248,76.86666666666454,140.13333333333225,122.66666666666535,21.356874999999263,20.48906249999926,6.895063506097303,7.284273946026261,15.699999999999761,16.315151515151374,175.86666666666662,176.8666666666664,82846,90607,0,220,495,624,444,1.0,1.0
bursty_high_s64,2.0,original_q2_a0.8_or_unchecked,120409,67.26666666666512,66.53333333333148,117.86666666666562,96.53333333333234,19.814687499999255,19.585937499999254,6.44386429775979,6.725436348512344,14.847058823529455,15.703703703703544,164.99999999999994,164.59999999999997,83853,90653,0,192,542,639,429,1.0,1.0
bursty_high_s64,2.0,original_q2_a0.8_or_unchecked,120410,67.13333333333162,70.26666666666478,102.33333333333266,98.39999999999873,19.23999999999926,18.26281249999926,6.137118603133383,6.32913838898846,14.706666666666573,16.177777777777482,154.0,167.99999999999972,84007,91217,0,192,573,719,427,1.0,1.0
bursty_high_s64,2.0,original_q2_a0.8_or_unchecked,120411,58.33333333333104,62.199999999998965,91.93333333333183,88.66666666666578,16.445624999999236,16.65968749999925,5.956825511172361,6.56556658138241,13.918518518518416,17.19259259259246,140.79999999999995,150.9999999999999,82312,91219,0,204,498,733,439,1.0,1.0
bursty_high_s64,2.0,original_q2_a0.8_or_unchecked,120412,64.53333333333183,61.46666666666431,98.46666666666636,107.79999999999825,16.68749999999925,17.35624999999925,5.673686870700879,5.942017161374183,12.974358974358923,14.439999999999873,138.7999999999999,143.60000000000008,84056,93330,0,220,479,599,428,1.0,1.0
bursty_high_s64,2.0,original_q2_a0.8_or_unchecked,120413,65.26666666666608,74.59999999999934,101.53333333333177,94.53333333333256,18.892812499999252,19.21062499999925,6.438428439910574,6.551141373664852,17.141176470588302,15.71594202898557,153.8666666666668,155.26666666666682,84653,90074,0,212,509,615,436,1.0,1.0
bursty_high_s64,2.0,original_q2_a0.8_or_unchecked,120414,61.59999999999857,68.66666666666478,100.73333333333102,89.99999999999932,17.658437499999252,19.341874999999263,5.574352201007125,6.108838942361707,11.973333333333269,13.345454545454428,151.0,161.40000000000003,84065,90428,0,208,527,726,437,1.0,1.0
bursty_high_s64,2.0,original_q2_a0.8_or_unchecked,120415,63.73333333333295,66.26666666666512,97.7999999999993,105.73333333333227,17.38781249999925,17.886249999999244,5.76956749116474,5.89032628077252,13.56666666666664,14.095238095237928,153.80000000000007,155.19999999999993,82708,90462,0,208,576,684,431,1.0,1.0
bursty_high_s64,2.0,original_q2_a0.8_or_unchecked,120416,57.266666666666254,58.399999999998045,112.46666666666476,101.13333333333145,16.867812499999246,18.60249999999926,6.190576095078058,6.385940673481893,14.813333333333148,15.514285714285418,160.6666666666668,161.06666666666666,82700,89971,0,196,503,616,441,1.0,1.0
bursty_high_s64,2.0,original_q2_a0.8_or_unchecked,120417,58.93333333333254,63.73333333333176,96.46666666666565,87.26666666666478,17.70624999999925,17.22437499999925,6.109951370146744,6.221677485202877,15.43999999999956,14.885714285714243,151.5999999999998,164.3999999999998,82313,91159,0,208,522,727,422,1.0,1.0
bursty_high_s64,2.0,original_q2_a0.8_or_unchecked,120418,72.80000000000007,66.06666666666598,88.7333333333325,111.59999999999826,18.78343749999926,19.475937499999254,6.225793885270006,6.142940520604091,14.419047619047287,14.234920634920636,146.5999999999998,160.19999999999976,83109,92283,0,204,468,616,426,1.0,1.0
bursty_high_s64,2.0,original_q2_a0.8_or_unchecked,120419,68.13333333333128,57.59999999999957,102.66666666666453,105.66666666666578,17.145624999999253,16.580624999999255,5.453542713077984,5.941012524473267,13.319999999999965,14.166666666666686,154.53333333333336,165.33333333333343,84839,90865,0,204,537,698,433,1.0,1.0
bursty_high_s64,2.0,original_q2_a0.8_or_unchecked,120420,73.66666666666637,65.53333333333259,111.46666666666454,100.33333333333269,18.845624999999252,18.77124999999925,6.463983556034781,6.6377942670079575,14.093333333333334,14.89999999999983,147.0000000000001,151.60000000000008,81550,89439,0,224,497,642,434,1.0,1.0
bursty_high_s64,2.0,original_q2_a0.8_or_unchecked,120421,60.333333333332064,60.466666666665816,101.33333333333275,111.39999999999839,17.58593749999925,17.458437499999256,6.247062791577145,6.287488908150775,15.410526315789534,14.908333333333132,151.80000000000018,161.59999999999997,83629,91792,0,208,503,632,428,1.0,1.0
bursty_high_s64,2.0,original_q2_a0.8_or_unchecked,120422,58.46666666666644,66.1333333333317,93.13333333333173,95.33333333333164,17.177187499999242,18.403124999999257,5.760875760947233,6.5592716434361735,12.980952380952386,16.078787878787736,142.39999999999998,158.00000000000017,83480,91077,0,220,502,679,416,1.0,1.0
bursty_high_s64,2.0,original_q2_a0.8_or_unchecked,120423,57.46666666666522,55.93333333333163,108.39999999999989,82.86666666666497,17.109999999999257,16.80093749999925,5.683357827069822,5.982598808992579,13.447619047618925,14.066666666666725,139.66666666666663,135.06666666666666,83124,89052,0,196,547,654,409,1.0,1.0
bursty_high_s64,2.0,original_q2_a0.8_or_unchecked,120424,61.86666666666426,76.26666666666463,96.46666666666613,159.39999999999893,17.82218749999924,21.930312499999268,6.178522001516101,7.081314737509116,14.625641025640913,19.250000000000092,153.1333333333335,163.53333333333336,83628,91968,0,200,539,892,437,1.0,1.0
bursty_high_s64,2.0,original_q2_a0.8_or_unchecked,120425,61.66666666666518,63.466666666666185,90.26666666666426,105.99999999999841,17.921562499999247,19.218749999999247,5.927350575480196,6.300987604127662,13.693333333333163,14.620512820512687,149.2,161.60000000000008,82981,91733,0,224,526,721,431,1.0,1.0
bursty_high_s64,2.0,original_q2_a0.8_or_unchecked,120426,68.73333333333198,69.46666666666545,96.86666666666505,121.80000000000001,18.743749999999253,18.760624999999248,5.990729914837568,6.2215192314202605,13.440740740740706,14.861538461538442,161.2666666666666,164.8666666666665,83316,92362,0,200,530,659,432,1.0,1.0
bursty_high_s64,2.0,original_q2_a0.8_or_unchecked,120427,70.66666666666481,64.33333333333229,109.86666666666716,101.19999999999953,19.59031249999925,17.04781249999925,6.8419183512969495,7.267526384713001,16.969696969696887,18.020000000000064,162.26666666666682,177.06666666666655,83363,91818,0,224,498,752,415,1.0,1.0
bursty_high_s64,2.0,original_q2_a0.8_or_unchecked,120428,70.86666666666599,66.19999999999769,116.8666666666656,111.53333333333245,19.37218749999925,19.169999999999256,6.4790096900519245,6.688377931731885,15.709090909090849,16.563636363636306,164.33333333333331,169.13333333333338,82995,91076,0,208,558,692,436,1.0,1.0
bursty_high_s64,2.0,original_q2_a0.8_or_unchecked,120429,61.933333333332996,58.13333333333196,103.59999999999877,87.19999999999834,18.390312499999254,17.099062499999246,6.028656541145328,6.043941915851709,14.800000000000043,13.674074074073896,134.06666666666666,142.86666666666662,82972,89895,0,192,491,628,440,1.0,1.0
bursty_high_s64,2.0,runner_up_checked,120400,63.59999999999951,63.59999999999951,88.19999999999868,88.19999999999868,16.627499999999245,16.627499999999245,5.670895409209642,5.670895409209642,13.628571428571197,13.628571428571197,145.39999999999992,145.39999999999992,83959,83959,0,0,504,504,244,1.0,1.0
bursty_high_s64,2.0,runner_up_checked,120401,69.73333333333156,69.73333333333156,98.79999999999819,98.79999999999819,18.945937499999253,18.945937499999253,5.974465396577148,5.974465396577148,14.820512820512713,14.820512820512713,139.86666666666673,139.86666666666673,83258,83258,0,0,510,510,264,1.0,1.0
bursty_high_s64,2.0,runner_up_checked,120402,63.0666666666653,63.0666666666653,99.86666666666574,99.86666666666574,18.034687499999244,18.034687499999244,6.086099861913809,6.086099861913809,14.512820512820468,14.512820512820468,164.3999999999998,164.3999999999998,82900,82900,0,0,520,520,245,0.9,1.0
bursty_high_s64,2.0,runner_up_checked,120403,60.79999999999933,60.79999999999933,91.06666666666564,91.06666666666564,16.58249999999924,16.58249999999924,5.67526664784994,5.67526664784994,13.575757575757542,13.575757575757542,131.13333333333333,131.13333333333333,83252,83252,0,0,468,468,227,0.9,1.0
bursty_high_s64,2.0,runner_up_checked,120404,67.73333333333365,67.73333333333365,116.13333333333247,116.13333333333247,18.816562499999257,18.816562499999257,6.080892952094186,6.080892952094186,14.122222222222158,14.122222222222158,147.73333333333335,147.73333333333335,83482,83482,0,0,527,527,248,0.9,1.0
bursty_high_s64,2.0,runner_up_checked,120405,62.13333333333105,62.13333333333105,99.99999999999804,99.99999999999804,18.480624999999257,18.480624999999257,6.206862022703185,6.206862022703185,13.973333333333136,13.973333333333136,162.60000000000008,162.60000000000008,82426,82574,0,4,525,525,234,1.0,1.0
bursty_high_s64,2.0,runner_up_checked,120406,70.93333333333229,70.93333333333229,107.86666666666548,107.86666666666548,20.136874999999257,20.136874999999257,6.480754816969228,6.480754816969228,15.188888888888961,15.188888888888961,156.99999999999966,156.99999999999966,83374,83374,0,0,530,530,250,0.9,1.0
bursty_high_s64,2.0,runner_up_checked,120407,79.53333333333285,79.53333333333285,116.93333333333231,116.93333333333231,20.934687499999256,20.934687499999256,6.281649586603656,6.281649586603656,14.316666666666498,14.316666666666498,156.86666666666656,156.86666666666656,83690,83690,0,0,576,576,273,0.9,1.0
bursty_high_s64,2.0,runner_up_checked,120408,83.53333333333248,83.53333333333248,140.13333333333225,140.13333333333225,21.356874999999263,21.356874999999263,6.895063506097303,6.895063506097303,15.699999999999761,15.699999999999761,175.86666666666662,175.86666666666662,82846,82846,0,0,495,495,242,0.9,1.0
bursty_high_s64,2.0,runner_up_checked,120409,67.26666666666512,67.26666666666512,117.86666666666562,117.86666666666562,19.814687499999255,19.814687499999255,6.44386429775979,6.44386429775979,14.847058823529455,14.847058823529455,164.99999999999994,164.99999999999994,83853,83853,0,0,542,542,258,1.0,1.0
bursty_high_s64,2.0,runner_up_checked,120410,67.13333333333162,67.13333333333162,102.33333333333266,102.33333333333266,19.23999999999926,19.23999999999926,6.137118603133383,6.137118603133383,14.706666666666573,14.706666666666573,154.0,154.0,84007,84155,0,4,573,573,267,1.0,1.0
bursty_high_s64,2.0,runner_up_checked,120411,58.33333333333104,58.33333333333104,91.93333333333183,91.93333333333183,16.445624999999236,16.445624999999236,5.956825511172361,5.956825511172361,13.918518518518416,13.918518518518416,140.79999999999995,140.79999999999995,82312,82312,0,0,498,498,246,0.9,1.0
bursty_high_s64,2.0,runner_up_checked,120412,64.53333333333183,64.53333333333183,98.46666666666636,98.46666666666636,16.68749999999925,16.68749999999925,5.673686870700879,5.673686870700879,12.974358974358923,12.974358974358923,138.7999999999999,138.7999999999999,84056,84056,0,0,479,479,220,0.9,1.0
bursty_high_s64,2.0,runner_up_checked,120413,65.26666666666608,65.26666666666608,101.53333333333177,101.53333333333177,18.892812499999252,18.892812499999252,6.438428439910574,6.438428439910574,17.141176470588302,17.141176470588302,153.8666666666668,153.8666666666668,84653,84653,0,0,509,509,246,0.9,1.0
bursty_high_s64,2.0,runner_up_checked,120414,61.59999999999857,57.79999999999879,100.73333333333102,90.6666666666651,17.658437499999252,16.881874999999244,5.574352201007125,5.6268850179168295,11.973333333333269,12.955555555555476,151.0,151.39999999999998,84065,83483,0,8,527,508,244,0.9,1.0
bursty_high_s64,2.0,runner_up_checked,120415,63.73333333333295,63.73333333333295,97.7999999999993,97.7999999999993,17.38781249999925,17.38781249999925,5.76956749116474,5.76956749116474,13.56666666666664,13.56666666666664,153.80000000000007,153.80000000000007,82708,82708,0,0,576,576,232,0.9,1.0
bursty_high_s64,2.0,runner_up_checked,120416,57.266666666666254,57.266666666666254,112.46666666666476,112.46666666666476,16.867812499999246,16.867812499999246,6.190576095078058,6.190576095078058,14.813333333333148,14.813333333333148,160.6666666666668,160.6666666666668,82700,82700,0,0,503,503,249,0.9,1.0
bursty_high_s64,2.0,runner_up_checked,120417,58.93333333333254,58.93333333333254,96.46666666666565,96.46666666666565,17.70624999999925,17.70624999999925,6.109951370146744,6.109951370146744,15.43999999999956,15.43999999999956,151.5999999999998,151.5999999999998,82313,82313,0,0,522,522,243,0.9,1.0
bursty_high_s64,2.0,runner_up_checked,120418,72.80000000000007,72.80000000000007,88.7333333333325,88.7333333333325,18.78343749999926,18.78343749999926,6.225793885270006,6.225793885270006,14.419047619047287,14.419047619047287,146.5999999999998,146.5999999999998,83109,83109,0,0,468,468,249,1.0,1.0
bursty_high_s64,2.0,runner_up_checked,120419,68.13333333333128,58.66666666666558,102.66666666666453,89.66666666666441,17.145624999999253,16.044374999999246,5.453542713077984,5.381289131051974,13.319999999999965,11.945833333333296,154.53333333333336,150.13333333333333,84839,83980,0,8,537,467,222,0.9,1.0
bursty_high_s64,2.0,runner_up_checked,120420,73.66666666666637,73.66666666666637,111.46666666666454,111.46666666666454,18.845624999999252,18.845624999999252,6.463983556034781,6.463983556034781,14.093333333333334,14.093333333333334,147.0000000000001,147.0000000000001,81550,81550,0,0,497,497,263,0.9,1.0
bursty_high_s64,2.0,runner_up_checked,120421,60.333333333332064,60.333333333332064,101.33333333333275,101.33333333333275,17.58593749999925,17.58593749999925,6.247062791577145,6.247062791577145,15.410526315789534,15.410526315789534,151.80000000000018,151.80000000000018,83629,83629,0,0,503,503,223,0.9,1.0
bursty_high_s64,2.0,runner_up_checked,120422,58.46666666666644,58.46666666666644,93.13333333333173,93.13333333333173,17.177187499999242,17.177187499999242,5.760875760947233,5.760875760947233,12.980952380952386,12.980952380952386,142.39999999999998,142.39999999999998,83480,83480,0,0,502,502,247,0.9,1.0
bursty_high_s64,2.0,runner_up_checked,120423,57.46666666666522,57.46666666666522,108.39999999999989,108.39999999999989,17.109999999999257,17.109999999999257,5.683357827069822,5.683357827069822,13.447619047618925,13.447619047618925,139.66666666666663,139.66666666666663,83124,83124,0,0,547,547,242,1.0,1.0
bursty_high_s64,2.0,runner_up_checked,120424,61.86666666666426,61.86666666666426,96.46666666666613,96.46666666666613,17.82218749999924,17.82218749999924,6.178522001516101,6.178522001516101,14.625641025640913,14.625641025640913,153.1333333333335,153.1333333333335,83628,83628,0,0,539,539,265,0.9,1.0
bursty_high_s64,2.0,runner_up_checked,120425,61.66666666666518,61.66666666666518,90.26666666666426,90.26666666666426,17.921562499999247,17.921562499999247,5.927350575480196,5.927350575480196,13.693333333333163,13.693333333333163,149.2,149.2,82981,82981,0,0,526,526,258,1.0,1.0
bursty_high_s64,2.0,runner_up_checked,120426,68.73333333333198,68.73333333333198,96.86666666666505,96.86666666666505,18.743749999999253,18.743749999999253,5.990729914837568,5.990729914837568,13.440740740740706,13.440740740740706,161.2666666666666,161.2666666666666,83316,83316,0,0,530,530,245,0.9,1.0
bursty_high_s64,2.0,runner_up_checked,120427,70.66666666666481,70.66666666666481,109.86666666666716,109.86666666666716,19.59031249999925,19.59031249999925,6.8419183512969495,6.8419183512969495,16.969696969696887,16.969696969696887,162.26666666666682,162.26666666666682,83363,83363,0,0,498,498,263,1.0,1.0
bursty_high_s64,2.0,runner_up_checked,120428,70.86666666666599,70.86666666666599,116.8666666666656,116.8666666666656,19.37218749999925,19.37218749999925,6.4790096900519245,6.4790096900519245,15.709090909090849,15.709090909090849,164.33333333333331,164.33333333333331,82995,82995,0,0,558,558,252,1.0,1.0
bursty_high_s64,2.0,runner_up_checked,120429,61.933333333332996,61.933333333332996,103.59999999999877,103.59999999999877,18.390312499999254,18.390312499999254,6.028656541145328,6.028656541145328,14.800000000000043,14.800000000000043,134.06666666666666,134.06666666666666,82972,82972,0,0,491,491,250,0.9,1.0
