workload,penalty,config,seed,baseline_p95_wait,burst_aware_p95_wait,baseline_avg_wait,burst_aware_avg_wait,baseline_avg_slowdown,burst_aware_avg_slowdown,detector_fires,recall,precision,sched_cores_scanned
bursty_high_s24,0.0,q2_a0.8_or,10300,2.4666666666667396,2.1333333333331836,0.7291666666664965,0.7041666666664965,1.0558369773327108,1.0560042146689228,10,0.6,1.0,67273
bursty_high_s24,0.0,q2_a0.8_or,10301,1.733333333333448,1.7999999999991871,0.6374999999998299,0.6374999999998299,1.0555452792466122,1.0583482974609557,5,0.3,1.0,65773
bursty_high_s24,0.0,q2_a0.8_or,10302,1.5333333333334025,2.3333333333334423,0.6541666666664965,0.6833333333331632,1.0575972834840899,1.0573165886594063,13,0.5,1.0,66649
bursty_high_s24,0.0,q2_a0.8_or,10303,1.866666666666724,2.8666666666665037,0.6874999999998298,0.7583333333331631,1.0660528482788978,1.0668817198201508,15,0.8,1.0,67070
bursty_high_s24,0.0,q2_a0.8_or,10304,1.1999999999995055,1.6000000000000583,0.6208333333331632,0.6416666666664965,1.0531628761609326,1.0499462158387507,6,0.4,1.0,66202
bursty_high_s24,0.0,q2_a0.8_or,10305,0.9999999999995453,0.9999999999997442,0.5583333333331632,0.5874999999998298,1.045780372473404,1.043671975618329,17,0.7,1.0,67037
bursty_high_s24,0.0,q2_a0.8_or,10306,2.1333333333333897,2.333333333333428,0.6666666666664965,0.6833333333331632,1.052007748087426,1.05308599136624,14,0.8,1.0,66791
bursty_high_s24,0.0,q2_a0.8_or,10307,1.6000000000000654,1.866666666666724,0.6333333333331631,0.6416666666664965,1.0468178363721108,1.0485046964658495,13,0.6,1.0,66320
bursty_high_s24,0.0,q2_a0.8_or,10308,1.6666666666667211,1.7333333333333698,0.6249999999998298,0.6374999999998299,1.0457455128773152,1.0456748516700611,14,0.5,1.0,67490
bursty_high_s24,0.0,q2_a0.8_or,10309,1.7999999999991871,2.000000000000071,0.6541666666664965,0.6958333333331631,1.0546021550801619,1.056609046907803,15,0.7,1.0,66649
bursty_high_s24,0.0,q2_a0.8_or,10310,1.1333333333325868,1.866666666665708,0.6124999999998298,0.6291666666664965,1.0529337129068852,1.0522290433812744,7,0.5,1.0,66321
bursty_high_s24,0.0,q2_a0.8_or,10311,1.4666666666661854,1.6666666666655487,0.6124999999998298,0.6208333333331632,1.0491397773463254,1.051946164799452,11,0.5,1.0,66597
bursty_high_s24,0.0,q2_a0.8_or,10312,1.4666666666655885,2.599999999999824,0.6416666666664965,0.6708333333331632,1.0521642928631232,1.0575905444241132,15,0.7,1.0,66972
bursty_high_s24,0.0,q2_a0.8_or,10313,1.1999999999989086,1.599999999999227,0.5749999999998299,0.6333333333331631,1.0421042693016915,1.0431540443455087,11,0.5,1.0,67043
bursty_high_s24,0.0,q2_a0.8_or,10314,0.9999999999991473,0.9999999999997442,0.5624999999998298,0.5999999999998298,1.0381422743127475,1.0486592959630021,15,0.7,1.0,66581
bursty_high_s24,0.0,q2_a0.8_or,10315,1.4666666666667396,2.0666666666666984,0.6333333333331631,0.6874999999998298,1.0478286242615886,1.04815308346089,10,0.4,1.0,66203
bursty_high_s24,0.0,q2_a0.8_or,10316,1.5999999999998238,2.0000000000000355,0.6333333333331631,0.6499999999998298,1.0494227939203493,1.050345158542973,11,0.5,1.0,66483
bursty_high_s24,0.0,q2_a0.8_or,10317,1.2666666666667368,1.2666666666667368,0.6249999999998298,0.6374999999998299,1.0517897425950207,1.0539053475497757,18,0.8,1.0,67217
bursty_high_s24,0.0,q2_a0.8_or,10318,2.4666666666661854,2.4666666666661854,0.6708333333331632,0.6708333333331632,1.0483741364665915,1.0483741364665915,10,0.6,1.0,66473
bursty_high_s24,0.0,q2_a0.8_or,10319,1.6666666666659467,1.599999999999227,0.6499999999998298,0.6291666666664965,1.0588007984186638,1.0595574365528986,13,0.7,1.0,66914
bursty_high_s24,0.0,q2_a0.8_or,10320,1.9333333333328255,2.1999999999995055,0.6624999999998298,0.6958333333331631,1.046853954432111,1.0432496820945059,10,0.5,1.0,66530
bursty_high_s24,0.0,q2_a0.8_or,10321,1.000000000000071,1.066666666666464,0.5791666666664965,0.6041666666664965,1.044486934427618,1.0475454649055593,8,0.5,1.0,66692
bursty_high_s24,0.0,q2_a0.8_or,10322,1.533333333333367,1.3333333333333641,0.6249999999998298,0.6249999999998298,1.0446163837358766,1.0491931712150515,10,0.6,1.0,67295
bursty_high_s24,0.0,q2_a0.8_or,10323,1.0000000000001137,1.1333333333331836,0.5833333333331632,0.6041666666664965,1.0425698011110107,1.0458283520458616,8,0.5,1.0,67034
bursty_high_s24,0.0,q2_a0.8_or,10324,1.8000000000000327,2.333333333333428,0.6791666666664965,0.6999999999998299,1.053712103757728,1.0534915075262623,5,0.4,1.0,66315
bursty_high_s24,0.0,q2_a0.8_or,10325,1.8666666666667595,2.400000000000091,0.6541666666664965,0.6833333333331632,1.0614372342296734,1.0633606670426017,13,0.7,1.0,66420
bursty_high_s24,0.0,q2_a0.8_or,10326,0.9999999999991473,0.9999999999995453,0.5416666666664965,0.5583333333331632,1.0420636745254603,1.043980921687483,4,0.1,1.0,66077
bursty_high_s24,0.0,q2_a0.8_or,10327,2.0000000000000355,1.8666666666659069,0.6333333333331631,0.6416666666664965,1.0486984820727001,1.045356854606548,9,0.5,1.0,67530
bursty_high_s24,0.0,q2_a0.8_or,10328,1.4666666666655885,1.4666666666655885,0.6208333333331632,0.6041666666664965,1.0473914874661054,1.0471674660144688,13,0.9,1.0,67250
bursty_high_s24,0.0,q2_a0.8_or,10329,0.9999999999997442,1.0000000000000355,0.5708333333331631,0.5833333333331632,1.052142430147047,1.0488990635167144,12,0.5,1.0,66727
bursty_high_s24,0.0,q2_a0.8_and,10300,2.4666666666667396,2.4666666666667396,0.7291666666664965,0.7291666666664965,1.0558369773327108,1.0558369773327108,1,0.1,1.0,66074
bursty_high_s24,0.0,q2_a0.8_and,10301,1.733333333333448,1.733333333333448,0.6374999999998299,0.6374999999998299,1.0555452792466122,1.0555452792466122,0,0.0,,65438
bursty_high_s24,0.0,q2_a0.8_and,10302,1.5333333333334025,1.5333333333334025,0.6541666666664965,0.6541666666664965,1.0575972834840899,1.0575972834840899,0,0.0,,65246
bursty_high_s24,0.0,q2_a0.8_and,10303,1.866666666666724,1.866666666666724,0.6874999999998298,0.6874999999998298,1.0660528482788978,1.0660528482788978,0,0.0,,65053
bursty_high_s24,0.0,q2_a0.8_and,10304,1.1999999999995055,1.1999999999995055,0.6208333333331632,0.6208333333331632,1.0531628761609326,1.0531628761609326,0,0.0,,65666
bursty_high_s24,0.0,q2_a0.8_and,10305,0.9999999999995453,0.9999999999995453,0.5583333333331632,0.5583333333331632,1.045780372473404,1.045780372473404,0,0.0,,66144
bursty_high_s24,0.0,q2_a0.8_and,10306,2.1333333333333897,2.1333333333333897,0.6666666666664965,0.6666666666664965,1.052007748087426,1.052007748087426,0,0.0,,65403
bursty_high_s24,0.0,q2_a0.8_and,10307,1.6000000000000654,1.6000000000000654,0.6333333333331631,0.6333333333331631,1.0468178363721108,1.0468178363721108,0,0.0,,65745
bursty_high_s24,0.0,q2_a0.8_and,10308,1.6666666666667211,1.6666666666667211,0.6249999999998298,0.6249999999998298,1.0457455128773152,1.0457455128773152,0,0.0,,65985
bursty_high_s24,0.0,q2_a0.8_and,10309,1.7999999999991871,1.7999999999991871,0.6541666666664965,0.6541666666664965,1.0546021550801619,1.0546021550801619,0,0.0,,65820
bursty_high_s24,0.0,q2_a0.8_and,10310,1.1333333333325868,1.1333333333325868,0.6124999999998298,0.6124999999998298,1.0529337129068852,1.0529337129068852,0,0.0,,65731
bursty_high_s24,0.0,q2_a0.8_and,10311,1.4666666666661854,1.4666666666661854,0.6124999999998298,0.6124999999998298,1.0491397773463254,1.0491397773463254,0,0.0,,65850
bursty_high_s24,0.0,q2_a0.8_and,10312,1.4666666666655885,1.4666666666655885,0.6416666666664965,0.6416666666664965,1.0521642928631232,1.0521642928631232,0,0.0,,65719
bursty_high_s24,0.0,q2_a0.8_and,10313,1.1999999999989086,1.1999999999989086,0.5749999999998299,0.5749999999998299,1.0421042693016915,1.0421042693016915,0,0.0,,65858
bursty_high_s24,0.0,q2_a0.8_and,10314,0.9999999999991473,0.9999999999991473,0.5624999999998298,0.5624999999998298,1.0381422743127475,1.0381422743127475,0,0.0,,65749
bursty_high_s24,0.0,q2_a0.8_and,10315,1.4666666666667396,1.4666666666667396,0.6333333333331631,0.6333333333331631,1.0478286242615886,1.0478286242615886,0,0.0,,65416
bursty_high_s24,0.0,q2_a0.8_and,10316,1.5999999999998238,1.5999999999998238,0.6333333333331631,0.6333333333331631,1.0494227939203493,1.0494227939203493,0,0.0,,65986
bursty_high_s24,0.0,q2_a0.8_and,10317,1.2666666666667368,1.2666666666667368,0.6249999999998298,0.6249999999998298,1.0517897425950207,1.0517897425950207,0,0.0,,65415
bursty_high_s24,0.0,q2_a0.8_and,10318,2.4666666666661854,2.4666666666661854,0.6708333333331632,0.6708333333331632,1.0483741364665915,1.0483741364665915,0,0.0,,65585
bursty_high_s24,0.0,q2_a0.8_and,10319,1.6666666666659467,1.6666666666659467,0.6499999999998298,0.6499999999998298,1.0588007984186638,1.0588007984186638,0,0.0,,65442
bursty_high_s24,0.0,q2_a0.8_and,10320,1.9333333333328255,1.9333333333328255,0.6624999999998298,0.6624999999998298,1.046853954432111,1.046853954432111,0,0.0,,65642
bursty_high_s24,0.0,q2_a0.8_and,10321,1.000000000000071,1.000000000000071,0.5791666666664965,0.5791666666664965,1.044486934427618,1.044486934427618,0,0.0,,65559
bursty_high_s24,0.0,q2_a0.8_and,10322,1.533333333333367,1.6000000000000583,0.6249999999998298,0.6374999999998299,1.0446163837358766,1.049620521642402,1,0.1,1.0,66413
bursty_high_s24,0.0,q2_a0.8_and,10323,1.0000000000001137,1.0000000000001137,0.5833333333331632,0.5833333333331632,1.0425698011110107,1.0425698011110107,0,0.0,,65928
bursty_high_s24,0.0,q2_a0.8_and,10324,1.8000000000000327,1.8000000000000327,0.6791666666664965,0.6791666666664965,1.053712103757728,1.053712103757728,0,0.0,,65826
bursty_high_s24,0.0,q2_a0.8_and,10325,1.8666666666667595,1.8666666666667595,0.6541666666664965,0.6541666666664965,1.0614372342296734,1.0614372342296734,0,0.0,,65776
bursty_high_s24,0.0,q2_a0.8_and,10326,0.9999999999991473,0.9999999999991473,0.5416666666664965,0.5416666666664965,1.0420636745254603,1.0420636745254603,0,0.0,,65887
bursty_high_s24,0.0,q2_a0.8_and,10327,2.0000000000000355,2.0000000000000355,0.6333333333331631,0.6333333333331631,1.0486984820727001,1.0486984820727001,0,0.0,,66425
bursty_high_s24,0.0,q2_a0.8_and,10328,1.4666666666655885,1.4666666666655885,0.6208333333331632,0.6208333333331632,1.0473914874661054,1.0473914874661054,0,0.0,,65605
bursty_high_s24,0.0,q2_a0.8_and,10329,0.9999999999997442,0.9999999999997442,0.5708333333331631,0.5708333333331631,1.052142430147047,1.052142430147047,0,0.0,,65618
bursty_high_s24,0.0,q2_a1.5_or,10300,2.4666666666667396,2.4666666666667396,0.7291666666664965,0.7291666666664965,1.0558369773327108,1.0558369773327108,2,0.2,1.0,66222
bursty_high_s24,0.0,q2_a1.5_or,10301,1.733333333333448,1.733333333333448,0.6374999999998299,0.6374999999998299,1.0555452792466122,1.0555452792466122,0,0.0,,65438
bursty_high_s24,0.0,q2_a1.5_or,10302,1.5333333333334025,1.5333333333334025,0.6541666666664965,0.6541666666664965,1.0575972834840899,1.0575972834840899,0,0.0,,65246
bursty_high_s24,0.0,q2_a1.5_or,10303,1.866666666666724,1.866666666666724,0.6874999999998298,0.6874999999998298,1.0660528482788978,1.0660528482788978,0,0.0,,65053
bursty_high_s24,0.0,q2_a1.5_or,10304,1.1999999999995055,1.1999999999995055,0.6208333333331632,0.6208333333331632,1.0531628761609326,1.0531628761609326,0,0.0,,65666
bursty_high_s24,0.0,q2_a1.5_or,10305,0.9999999999995453,0.9999999999995453,0.5583333333331632,0.5583333333331632,1.045780372473404,1.045780372473404,0,0.0,,66144
bursty_high_s24,0.0,q2_a1.5_or,10306,2.1333333333333897,2.400000000000091,0.6666666666664965,0.6749999999998298,1.052007748087426,1.0525209445683643,2,0.1,1.0,65414
bursty_high_s24,0.0,q2_a1.5_or,10307,1.6000000000000654,1.6000000000000654,0.6333333333331631,0.6333333333331631,1.0468178363721108,1.0468178363721108,0,0.0,,65745
bursty_high_s24,0.0,q2_a1.5_or,10308,1.6666666666667211,1.6666666666667211,0.6249999999998298,0.6249999999998298,1.0457455128773152,1.0457455128773152,1,0.1,1.0,66133
bursty_high_s24,0.0,q2_a1.5_or,10309,1.7999999999991871,1.7999999999991871,0.6541666666664965,0.6541666666664965,1.0546021550801619,1.0546021550801619,0,0.0,,65820
bursty_high_s24,0.0,q2_a1.5_or,10310,1.1333333333325868,1.1333333333325868,0.6124999999998298,0.6124999999998298,1.0529337129068852,1.0529337129068852,0,0.0,,65731
bursty_high_s24,0.0,q2_a1.5_or,10311,1.4666666666661854,1.4666666666661854,0.6124999999998298,0.6124999999998298,1.0491397773463254,1.0491397773463254,0,0.0,,65850
bursty_high_s24,0.0,q2_a1.5_or,10312,1.4666666666655885,1.4666666666655885,0.6416666666664965,0.6416666666664965,1.0521642928631232,1.0521642928631232,0,0.0,,65719
bursty_high_s24,0.0,q2_a1.5_or,10313,1.1999999999989086,1.1999999999989086,0.5749999999998299,0.5749999999998299,1.0421042693016915,1.0421042693016915,0,0.0,,65858
bursty_high_s24,0.0,q2_a1.5_or,10314,0.9999999999991473,0.9999999999991473,0.5624999999998298,0.5624999999998298,1.0381422743127475,1.0381422743127475,0,0.0,,65749
bursty_high_s24,0.0,q2_a1.5_or,10315,1.4666666666667396,1.4666666666667396,0.6333333333331631,0.6333333333331631,1.0478286242615886,1.0478286242615886,0,0.0,,65416
bursty_high_s24,0.0,q2_a1.5_or,10316,1.5999999999998238,1.5999999999998238,0.6333333333331631,0.6333333333331631,1.0494227939203493,1.0494227939203493,0,0.0,,65986
bursty_high_s24,0.0,q2_a1.5_or,10317,1.2666666666667368,1.2666666666667368,0.6249999999998298,0.6249999999998298,1.0517897425950207,1.0517897425950207,0,0.0,,65415
bursty_high_s24,0.0,q2_a1.5_or,10318,2.4666666666661854,2.4666666666661854,0.6708333333331632,0.6708333333331632,1.0483741364665915,1.0483741364665915,0,0.0,,65585
bursty_high_s24,0.0,q2_a1.5_or,10319,1.6666666666659467,1.6666666666659467,0.6499999999998298,0.6499999999998298,1.0588007984186638,1.0588007984186638,0,0.0,,65442
bursty_high_s24,0.0,q2_a1.5_or,10320,1.9333333333328255,1.9333333333328255,0.6624999999998298,0.6624999999998298,1.046853954432111,1.046853954432111,0,0.0,,65642
bursty_high_s24,0.0,q2_a1.5_or,10321,1.000000000000071,1.000000000000071,0.5791666666664965,0.5791666666664965,1.044486934427618,1.044486934427618,0,0.0,,65559
bursty_high_s24,0.0,q2_a1.5_or,10322,1.533333333333367,1.6000000000000583,0.6249999999998298,0.6374999999998299,1.0446163837358766,1.049620521642402,1,0.1,1.0,66413
bursty_high_s24,0.0,q2_a1.5_or,10323,1.0000000000001137,1.0000000000001137,0.5833333333331632,0.5833333333331632,1.0425698011110107,1.0425698011110107,0,0.0,,65928
bursty_high_s24,0.0,q2_a1.5_or,10324,1.8000000000000327,1.8000000000000327,0.6791666666664965,0.6791666666664965,1.053712103757728,1.053712103757728,0,0.0,,65826
bursty_high_s24,0.0,q2_a1.5_or,10325,1.8666666666667595,1.8666666666667595,0.6541666666664965,0.6541666666664965,1.0614372342296734,1.0614372342296734,0,0.0,,65776
bursty_high_s24,0.0,q2_a1.5_or,10326,0.9999999999991473,0.9999999999991473,0.5416666666664965,0.5416666666664965,1.0420636745254603,1.0420636745254603,0,0.0,,65887
bursty_high_s24,0.0,q2_a1.5_or,10327,2.0000000000000355,2.0000000000000355,0.6333333333331631,0.6333333333331631,1.0486984820727001,1.0486984820727001,0,0.0,,66425
bursty_high_s24,0.0,q2_a1.5_or,10328,1.4666666666655885,1.4666666666655885,0.6208333333331632,0.6208333333331632,1.0473914874661054,1.0473914874661054,0,0.0,,65605
bursty_high_s24,0.0,q2_a1.5_or,10329,0.9999999999997442,0.9999999999997442,0.5708333333331631,0.5708333333331631,1.052142430147047,1.052142430147047,0,0.0,,65618
bursty_high_s24,0.0,q2_a1.5_and,10300,2.4666666666667396,2.4666666666667396,0.7291666666664965,0.7291666666664965,1.0558369773327108,1.0558369773327108,0,0.0,,65926
bursty_high_s24,0.0,q2_a1.5_and,10301,1.733333333333448,1.733333333333448,0.6374999999998299,0.6374999999998299,1.0555452792466122,1.0555452792466122,0,0.0,,65438
bursty_high_s24,0.0,q2_a1.5_and,10302,1.5333333333334025,1.5333333333334025,0.6541666666664965,0.6541666666664965,1.0575972834840899,1.0575972834840899,0,0.0,,65246
bursty_high_s24,0.0,q2_a1.5_and,10303,1.866666666666724,1.866666666666724,0.6874999999998298,0.6874999999998298,1.0660528482788978,1.0660528482788978,0,0.0,,65053
bursty_high_s24,0.0,q2_a1.5_and,10304,1.1999999999995055,1.1999999999995055,0.6208333333331632,0.6208333333331632,1.0531628761609326,1.0531628761609326,0,0.0,,65666
bursty_high_s24,0.0,q2_a1.5_and,10305,0.9999999999995453,0.9999999999995453,0.5583333333331632,0.5583333333331632,1.045780372473404,1.045780372473404,0,0.0,,66144
bursty_high_s24,0.0,q2_a1.5_and,10306,2.1333333333333897,2.1333333333333897,0.6666666666664965,0.6666666666664965,1.052007748087426,1.052007748087426,0,0.0,,65403
bursty_high_s24,0.0,q2_a1.5_and,10307,1.6000000000000654,1.6000000000000654,0.6333333333331631,0.6333333333331631,1.0468178363721108,1.0468178363721108,0,0.0,,65745
bursty_high_s24,0.0,q2_a1.5_and,10308,1.6666666666667211,1.6666666666667211,0.6249999999998298,0.6249999999998298,1.0457455128773152,1.0457455128773152,0,0.0,,65985
bursty_high_s24,0.0,q2_a1.5_and,10309,1.7999999999991871,1.7999999999991871,0.6541666666664965,0.6541666666664965,1.0546021550801619,1.0546021550801619,0,0.0,,65820
bursty_high_s24,0.0,q2_a1.5_and,10310,1.1333333333325868,1.1333333333325868,0.6124999999998298,0.6124999999998298,1.0529337129068852,1.0529337129068852,0,0.0,,65731
bursty_high_s24,0.0,q2_a1.5_and,10311,1.4666666666661854,1.4666666666661854,0.6124999999998298,0.6124999999998298,1.0491397773463254,1.0491397773463254,0,0.0,,65850
bursty_high_s24,0.0,q2_a1.5_and,10312,1.4666666666655885,1.4666666666655885,0.6416666666664965,0.6416666666664965,1.0521642928631232,1.0521642928631232,0,0.0,,65719
bursty_high_s24,0.0,q2_a1.5_and,10313,1.1999999999989086,1.1999999999989086,0.5749999999998299,0.5749999999998299,1.0421042693016915,1.0421042693016915,0,0.0,,65858
bursty_high_s24,0.0,q2_a1.5_and,10314,0.9999999999991473,0.9999999999991473,0.5624999999998298,0.5624999999998298,1.0381422743127475,1.0381422743127475,0,0.0,,65749
bursty_high_s24,0.0,q2_a1.5_and,10315,1.4666666666667396,1.4666666666667396,0.6333333333331631,0.6333333333331631,1.0478286242615886,1.0478286242615886,0,0.0,,65416
bursty_high_s24,0.0,q2_a1.5_and,10316,1.5999999999998238,1.5999999999998238,0.6333333333331631,0.6333333333331631,1.0494227939203493,1.0494227939203493,0,0.0,,65986
bursty_high_s24,0.0,q2_a1.5_and,10317,1.2666666666667368,1.2666666666667368,0.6249999999998298,0.6249999999998298,1.0517897425950207,1.0517897425950207,0,0.0,,65415
bursty_high_s24,0.0,q2_a1.5_and,10318,2.4666666666661854,2.4666666666661854,0.6708333333331632,0.6708333333331632,1.0483741364665915,1.0483741364665915,0,0.0,,65585
bursty_high_s24,0.0,q2_a1.5_and,10319,1.6666666666659467,1.6666666666659467,0.6499999999998298,0.6499999999998298,1.0588007984186638,1.0588007984186638,0,0.0,,65442
bursty_high_s24,0.0,q2_a1.5_and,10320,1.9333333333328255,1.9333333333328255,0.6624999999998298,0.6624999999998298,1.046853954432111,1.046853954432111,0,0.0,,65642
bursty_high_s24,0.0,q2_a1.5_and,10321,1.000000000000071,1.000000000000071,0.5791666666664965,0.5791666666664965,1.044486934427618,1.044486934427618,0,0.0,,65559
bursty_high_s24,0.0,q2_a1.5_and,10322,1.533333333333367,1.533333333333367,0.6249999999998298,0.6249999999998298,1.0446163837358766,1.0446163837358766,0,0.0,,66108
bursty_high_s24,0.0,q2_a1.5_and,10323,1.0000000000001137,1.0000000000001137,0.5833333333331632,0.5833333333331632,1.0425698011110107,1.0425698011110107,0,0.0,,65928
bursty_high_s24,0.0,q2_a1.5_and,10324,1.8000000000000327,1.8000000000000327,0.6791666666664965,0.6791666666664965,1.053712103757728,1.053712103757728,0,0.0,,65826
bursty_high_s24,0.0,q2_a1.5_and,10325,1.8666666666667595,1.8666666666667595,0.6541666666664965,0.6541666666664965,1.0614372342296734,1.0614372342296734,0,0.0,,65776
bursty_high_s24,0.0,q2_a1.5_and,10326,0.9999999999991473,0.9999999999991473,0.5416666666664965,0.5416666666664965,1.0420636745254603,1.0420636745254603,0,0.0,,65887
bursty_high_s24,0.0,q2_a1.5_and,10327,2.0000000000000355,2.0000000000000355,0.6333333333331631,0.6333333333331631,1.0486984820727001,1.0486984820727001,0,0.0,,66425
bursty_high_s24,0.0,q2_a1.5_and,10328,1.4666666666655885,1.4666666666655885,0.6208333333331632,0.6208333333331632,1.0473914874661054,1.0473914874661054,0,0.0,,65605
bursty_high_s24,0.0,q2_a1.5_and,10329,0.9999999999997442,0.9999999999997442,0.5708333333331631,0.5708333333331631,1.052142430147047,1.052142430147047,0,0.0,,65618
bursty_high_s24,0.0,q4_a0.8_or,10300,2.4666666666667396,2.1333333333331836,0.7291666666664965,0.7041666666664965,1.0558369773327108,1.0560042146689228,9,0.5,1.0,67125
bursty_high_s24,0.0,q4_a0.8_or,10301,1.733333333333448,1.7999999999991871,0.6374999999998299,0.6374999999998299,1.0555452792466122,1.0583482974609557,5,0.3,1.0,65773
bursty_high_s24,0.0,q4_a0.8_or,10302,1.5333333333334025,2.3333333333334423,0.6541666666664965,0.6833333333331632,1.0575972834840899,1.0573165886594063,13,0.5,1.0,66649
bursty_high_s24,0.0,q4_a0.8_or,10303,1.866666666666724,2.9333333333322287,0.6874999999998298,0.7624999999998299,1.0660528482788978,1.0668071027909498,14,0.7,1.0,66838
bursty_high_s24,0.0,q4_a0.8_or,10304,1.1999999999995055,1.6000000000000583,0.6208333333331632,0.6416666666664965,1.0531628761609326,1.0499462158387507,6,0.4,1.0,66202
bursty_high_s24,0.0,q4_a0.8_or,10305,0.9999999999995453,0.9999999999997442,0.5583333333331632,0.5874999999998298,1.045780372473404,1.043671975618329,17,0.7,1.0,67037
bursty_high_s24,0.0,q4_a0.8_or,10306,2.1333333333333897,2.333333333333428,0.6666666666664965,0.6833333333331632,1.052007748087426,1.05308599136624,14,0.8,1.0,66791
bursty_high_s24,0.0,q4_a0.8_or,10307,1.6000000000000654,1.866666666666724,0.6333333333331631,0.6416666666664965,1.0468178363721108,1.0485046964658495,13,0.6,1.0,66320
bursty_high_s24,0.0,q4_a0.8_or,10308,1.6666666666667211,1.7333333333333698,0.6249999999998298,0.6374999999998299,1.0457455128773152,1.0456748516700611,13,0.5,1.0,67342
bursty_high_s24,0.0,q4_a0.8_or,10309,1.7999999999991871,2.000000000000071,0.6541666666664965,0.6958333333331631,1.0546021550801619,1.056609046907803,15,0.7,1.0,66649
bursty_high_s24,0.0,q4_a0.8_or,10310,1.1333333333325868,1.866666666665708,0.6124999999998298,0.6291666666664965,1.0529337129068852,1.0522290433812744,7,0.5,1.0,66321
bursty_high_s24,0.0,q4_a0.8_or,10311,1.4666666666661854,1.6666666666655487,0.6124999999998298,0.6208333333331632,1.0491397773463254,1.051946164799452,11,0.5,1.0,66597
bursty_high_s24,0.0,q4_a0.8_or,10312,1.4666666666655885,2.599999999999824,0.6416666666664965,0.6708333333331632,1.0521642928631232,1.0575905444241132,15,0.7,1.0,66972
bursty_high_s24,0.0,q4_a0.8_or,10313,1.1999999999989086,1.599999999999227,0.5749999999998299,0.6333333333331631,1.0421042693016915,1.0431540443455087,11,0.5,1.0,67043
bursty_high_s24,0.0,q4_a0.8_or,10314,0.9999999999991473,0.9999999999997442,0.5624999999998298,0.5999999999998298,1.0381422743127475,1.0486592959630021,15,0.7,1.0,66581
bursty_high_s24,0.0,q4_a0.8_or,10315,1.4666666666667396,2.0666666666666984,0.6333333333331631,0.6874999999998298,1.0478286242615886,1.04815308346089,10,0.4,1.0,66203
bursty_high_s24,0.0,q4_a0.8_or,10316,1.5999999999998238,2.0000000000000355,0.6333333333331631,0.6499999999998298,1.0494227939203493,1.050345158542973,11,0.5,1.0,66483
bursty_high_s24,0.0,q4_a0.8_or,10317,1.2666666666667368,1.2666666666667368,0.6249999999998298,0.6374999999998299,1.0517897425950207,1.0539053475497757,18,0.8,1.0,67217
bursty_high_s24,0.0,q4_a0.8_or,10318,2.4666666666661854,2.4666666666661854,0.6708333333331632,0.6708333333331632,1.0483741364665915,1.0483741364665915,10,0.6,1.0,66473
bursty_high_s24,0.0,q4_a0.8_or,10319,1.6666666666659467,1.599999999999227,0.6499999999998298,0.6291666666664965,1.0588007984186638,1.0595574365528986,13,0.7,1.0,66914
bursty_high_s24,0.0,q4_a0.8_or,10320,1.9333333333328255,2.1999999999995055,0.6624999999998298,0.6958333333331631,1.046853954432111,1.0432496820945059,10,0.5,1.0,66530
bursty_high_s24,0.0,q4_a0.8_or,10321,1.000000000000071,1.066666666666464,0.5791666666664965,0.6041666666664965,1.044486934427618,1.0475454649055593,8,0.5,1.0,66692
bursty_high_s24,0.0,q4_a0.8_or,10322,1.533333333333367,1.3333333333333641,0.6249999999998298,0.6249999999998298,1.0446163837358766,1.0491931712150515,10,0.6,1.0,67295
bursty_high_s24,0.0,q4_a0.8_or,10323,1.0000000000001137,1.1333333333331836,0.5833333333331632,0.6041666666664965,1.0425698011110107,1.0458283520458616,8,0.5,1.0,67034
bursty_high_s24,0.0,q4_a0.8_or,10324,1.8000000000000327,2.333333333333428,0.6791666666664965,0.6999999999998299,1.053712103757728,1.0534915075262623,5,0.4,1.0,66315
bursty_high_s24,0.0,q4_a0.8_or,10325,1.8666666666667595,2.400000000000091,0.6541666666664965,0.6833333333331632,1.0614372342296734,1.0633606670426017,13,0.7,1.0,66420
bursty_high_s24,0.0,q4_a0.8_or,10326,0.9999999999991473,0.9999999999995453,0.5416666666664965,0.5583333333331632,1.0420636745254603,1.043980921687483,4,0.1,1.0,66077
bursty_high_s24,0.0,q4_a0.8_or,10327,2.0000000000000355,1.8666666666659069,0.6333333333331631,0.6416666666664965,1.0486984820727001,1.045356854606548,9,0.5,1.0,67530
bursty_high_s24,0.0,q4_a0.8_or,10328,1.4666666666655885,1.4666666666655885,0.6208333333331632,0.6041666666664965,1.0473914874661054,1.0471674660144688,13,0.9,1.0,67250
bursty_high_s24,0.0,q4_a0.8_or,10329,0.9999999999997442,1.0000000000000355,0.5708333333331631,0.5833333333331632,1.052142430147047,1.0488990635167144,12,0.5,1.0,66727
bursty_high_s24,0.0,q4_a0.8_and,10300,2.4666666666667396,2.4666666666667396,0.7291666666664965,0.7291666666664965,1.0558369773327108,1.0558369773327108,0,0.0,,65926
bursty_high_s24,0.0,q4_a0.8_and,10301,1.733333333333448,1.733333333333448,0.6374999999998299,0.6374999999998299,1.0555452792466122,1.0555452792466122,0,0.0,,65438
bursty_high_s24,0.0,q4_a0.8_and,10302,1.5333333333334025,1.5333333333334025,0.6541666666664965,0.6541666666664965,1.0575972834840899,1.0575972834840899,0,0.0,,65246
bursty_high_s24,0.0,q4_a0.8_and,10303,1.866666666666724,1.866666666666724,0.6874999999998298,0.6874999999998298,1.0660528482788978,1.0660528482788978,0,0.0,,65053
bursty_high_s24,0.0,q4_a0.8_and,10304,1.1999999999995055,1.1999999999995055,0.6208333333331632,0.6208333333331632,1.0531628761609326,1.0531628761609326,0,0.0,,65666
bursty_high_s24,0.0,q4_a0.8_and,10305,0.9999999999995453,0.9999999999995453,0.5583333333331632,0.5583333333331632,1.045780372473404,1.045780372473404,0,0.0,,66144
bursty_high_s24,0.0,q4_a0.8_and,10306,2.1333333333333897,2.1333333333333897,0.6666666666664965,0.6666666666664965,1.052007748087426,1.052007748087426,0,0.0,,65403
bursty_high_s24,0.0,q4_a0.8_and,10307,1.6000000000000654,1.6000000000000654,0.6333333333331631,0.6333333333331631,1.0468178363721108,1.0468178363721108,0,0.0,,65745
bursty_high_s24,0.0,q4_a0.8_and,10308,1.6666666666667211,1.6666666666667211,0.6249999999998298,0.6249999999998298,1.0457455128773152,1.0457455128773152,0,0.0,,65985
bursty_high_s24,0.0,q4_a0.8_and,10309,1.7999999999991871,1.7999999999991871,0.6541666666664965,0.6541666666664965,1.0546021550801619,1.0546021550801619,0,0.0,,65820
bursty_high_s24,0.0,q4_a0.8_and,10310,1.1333333333325868,1.1333333333325868,0.6124999999998298,0.6124999999998298,1.0529337129068852,1.0529337129068852,0,0.0,,65731
bursty_high_s24,0.0,q4_a0.8_and,10311,1.4666666666661854,1.4666666666661854,0.6124999999998298,0.6124999999998298,1.0491397773463254,1.0491397773463254,0,0.0,,65850
bursty_high_s24,0.0,q4_a0.8_and,10312,1.4666666666655885,1.4666666666655885,0.6416666666664965,0.6416666666664965,1.0521642928631232,1.0521642928631232,0,0.0,,65719
bursty_high_s24,0.0,q4_a0.8_and,10313,1.1999999999989086,1.1999999999989086,0.5749999999998299,0.5749999999998299,1.0421042693016915,1.0421042693016915,0,0.0,,65858
bursty_high_s24,0.0,q4_a0.8_and,10314,0.9999999999991473,0.9999999999991473,0.5624999999998298,0.5624999999998298,1.0381422743127475,1.0381422743127475,0,0.0,,65749
bursty_high_s24,0.0,q4_a0.8_and,10315,1.4666666666667396,1.4666666666667396,0.6333333333331631,0.6333333333331631,1.0478286242615886,1.0478286242615886,0,0.0,,65416
bursty_high_s24,0.0,q4_a0.8_and,10316,1.5999999999998238,1.5999999999998238,0.6333333333331631,0.6333333333331631,1.0494227939203493,1.0494227939203493,0,0.0,,65986
bursty_high_s24,0.0,q4_a0.8_and,10317,1.2666666666667368,1.2666666666667368,0.6249999999998298,0.6249999999998298,1.0517897425950207,1.0517897425950207,0,0.0,,65415
bursty_high_s24,0.0,q4_a0.8_and,10318,2.4666666666661854,2.4666666666661854,0.6708333333331632,0.6708333333331632,1.0483741364665915,1.0483741364665915,0,0.0,,65585
bursty_high_s24,0.0,q4_a0.8_and,10319,1.6666666666659467,1.6666666666659467,0.6499999999998298,0.6499999999998298,1.0588007984186638,1.0588007984186638,0,0.0,,65442
bursty_high_s24,0.0,q4_a0.8_and,10320,1.9333333333328255,1.9333333333328255,0.6624999999998298,0.6624999999998298,1.046853954432111,1.046853954432111,0,0.0,,65642
bursty_high_s24,0.0,q4_a0.8_and,10321,1.000000000000071,1.000000000000071,0.5791666666664965,0.5791666666664965,1.044486934427618,1.044486934427618,0,0.0,,65559
bursty_high_s24,0.0,q4_a0.8_and,10322,1.533333333333367,1.533333333333367,0.6249999999998298,0.6249999999998298,1.0446163837358766,1.0446163837358766,0,0.0,,66108
bursty_high_s24,0.0,q4_a0.8_and,10323,1.0000000000001137,1.0000000000001137,0.5833333333331632,0.5833333333331632,1.0425698011110107,1.0425698011110107,0,0.0,,65928
bursty_high_s24,0.0,q4_a0.8_and,10324,1.8000000000000327,1.8000000000000327,0.6791666666664965,0.6791666666664965,1.053712103757728,1.053712103757728,0,0.0,,65826
bursty_high_s24,0.0,q4_a0.8_and,10325,1.8666666666667595,1.8666666666667595,0.6541666666664965,0.6541666666664965,1.0614372342296734,1.0614372342296734,0,0.0,,65776
bursty_high_s24,0.0,q4_a0.8_and,10326,0.9999999999991473,0.9999999999991473,0.5416666666664965,0.5416666666664965,1.0420636745254603,1.0420636745254603,0,0.0,,65887
bursty_high_s24,0.0,q4_a0.8_and,10327,2.0000000000000355,2.0000000000000355,0.6333333333331631,0.6333333333331631,1.0486984820727001,1.0486984820727001,0,0.0,,66425
bursty_high_s24,0.0,q4_a0.8_and,10328,1.4666666666655885,1.4666666666655885,0.6208333333331632,0.6208333333331632,1.0473914874661054,1.0473914874661054,0,0.0,,65605
bursty_high_s24,0.0,q4_a0.8_and,10329,0.9999999999997442,0.9999999999997442,0.5708333333331631,0.5708333333331631,1.052142430147047,1.052142430147047,0,0.0,,65618
bursty_high_s24,0.0,q4_a1.5_or,10300,2.4666666666667396,2.4666666666667396,0.7291666666664965,0.7291666666664965,1.0558369773327108,1.0558369773327108,0,0.0,,65926
bursty_high_s24,0.0,q4_a1.5_or,10301,1.733333333333448,1.733333333333448,0.6374999999998299,0.6374999999998299,1.0555452792466122,1.0555452792466122,0,0.0,,65438
bursty_high_s24,0.0,q4_a1.5_or,10302,1.5333333333334025,1.5333333333334025,0.6541666666664965,0.6541666666664965,1.0575972834840899,1.0575972834840899,0,0.0,,65246
bursty_high_s24,0.0,q4_a1.5_or,10303,1.866666666666724,1.866666666666724,0.6874999999998298,0.6874999999998298,1.0660528482788978,1.0660528482788978,0,0.0,,65053
bursty_high_s24,0.0,q4_a1.5_or,10304,1.1999999999995055,1.1999999999995055,0.6208333333331632,0.6208333333331632,1.0531628761609326,1.0531628761609326,0,0.0,,65666
bursty_high_s24,0.0,q4_a1.5_or,10305,0.9999999999995453,0.9999999999995453,0.5583333333331632,0.5583333333331632,1.045780372473404,1.045780372473404,0,0.0,,66144
bursty_high_s24,0.0,q4_a1.5_or,10306,2.1333333333333897,2.400000000000091,0.6666666666664965,0.6749999999998298,1.052007748087426,1.0525209445683643,2,0.1,1.0,65414
bursty_high_s24,0.0,q4_a1.5_or,10307,1.6000000000000654,1.6000000000000654,0.6333333333331631,0.6333333333331631,1.0468178363721108,1.0468178363721108,0,0.0,,65745
bursty_high_s24,0.0,q4_a1.5_or,10308,1.6666666666667211,1.6666666666667211,0.6249999999998298,0.6249999999998298,1.0457455128773152,1.0457455128773152,0,0.0,,65985
bursty_high_s24,0.0,q4_a1.5_or,10309,1.7999999999991871,1.7999999999991871,0.6541666666664965,0.6541666666664965,1.0546021550801619,1.0546021550801619,0,0.0,,65820
bursty_high_s24,0.0,q4_a1.5_or,10310,1.1333333333325868,1.1333333333325868,0.6124999999998298,0.6124999999998298,1.0529337129068852,1.0529337129068852,0,0.0,,65731
bursty_high_s24,0.0,q4_a1.5_or,10311,1.4666666666661854,1.4666666666661854,0.6124999999998298,0.6124999999998298,1.0491397773463254,1.0491397773463254,0,0.0,,65850
bursty_high_s24,0.0,q4_a1.5_or,10312,1.4666666666655885,1.4666666666655885,0.6416666666664965,0.6416666666664965,1.0521642928631232,1.0521642928631232,0,0.0,,65719
bursty_high_s24,0.0,q4_a1.5_or,10313,1.1999999999989086,1.1999999999989086,0.5749999999998299,0.5749999999998299,1.0421042693016915,1.0421042693016915,0,0.0,,65858
bursty_high_s24,0.0,q4_a1.5_or,10314,0.9999999999991473,0.9999999999991473,0.5624999999998298,0.5624999999998298,1.0381422743127475,1.0381422743127475,0,0.0,,65749
bursty_high_s24,0.0,q4_a1.5_or,10315,1.4666666666667396,1.4666666666667396,0.6333333333331631,0.6333333333331631,1.0478286242615886,1.0478286242615886,0,0.0,,65416
bursty_high_s24,0.0,q4_a1.5_or,10316,1.5999999999998238,1.5999999999998238,0.6333333333331631,0.6333333333331631,1.0494227939203493,1.0494227939203493,0,0.0,,65986
bursty_high_s24,0.0,q4_a1.5_or,10317,1.2666666666667368,1.2666666666667368,0.6249999999998298,0.6249999999998298,1.0517897425950207,1.0517897425950207,0,0.0,,65415
bursty_high_s24,0.0,q4_a1.5_or,10318,2.4666666666661854,2.4666666666661854,0.6708333333331632,0.6708333333331632,1.0483741364665915,1.0483741364665915,0,0.0,,65585
bursty_high_s24,0.0,q4_a1.5_or,10319,1.6666666666659467,1.6666666666659467,0.6499999999998298,0.6499999999998298,1.0588007984186638,1.0588007984186638,0,0.0,,65442
bursty_high_s24,0.0,q4_a1.5_or,10320,1.9333333333328255,1.9333333333328255,0.6624999999998298,0.6624999999998298,1.046853954432111,1.046853954432111,0,0.0,,65642
bursty_high_s24,0.0,q4_a1.5_or,10321,1.000000000000071,1.000000000000071,0.5791666666664965,0.5791666666664965,1.044486934427618,1.044486934427618,0,0.0,,65559
bursty_high_s24,0.0,q4_a1.5_or,10322,1.533333333333367,1.533333333333367,0.6249999999998298,0.6249999999998298,1.0446163837358766,1.0446163837358766,0,0.0,,66108
bursty_high_s24,0.0,q4_a1.5_or,10323,1.0000000000001137,1.0000000000001137,0.5833333333331632,0.5833333333331632,1.0425698011110107,1.0425698011110107,0,0.0,,65928
bursty_high_s24,0.0,q4_a1.5_or,10324,1.8000000000000327,1.8000000000000327,0.6791666666664965,0.6791666666664965,1.053712103757728,1.053712103757728,0,0.0,,65826
bursty_high_s24,0.0,q4_a1.5_or,10325,1.8666666666667595,1.8666666666667595,0.6541666666664965,0.6541666666664965,1.0614372342296734,1.0614372342296734,0,0.0,,65776
bursty_high_s24,0.0,q4_a1.5_or,10326,0.9999999999991473,0.9999999999991473,0.5416666666664965,0.5416666666664965,1.0420636745254603,1.0420636745254603,0,0.0,,65887
bursty_high_s24,0.0,q4_a1.5_or,10327,2.0000000000000355,2.0000000000000355,0.6333333333331631,0.6333333333331631,1.0486984820727001,1.0486984820727001,0,0.0,,66425
bursty_high_s24,0.0,q4_a1.5_or,10328,1.4666666666655885,1.4666666666655885,0.6208333333331632,0.6208333333331632,1.0473914874661054,1.0473914874661054,0,0.0,,65605
bursty_high_s24,0.0,q4_a1.5_or,10329,0.9999999999997442,0.9999999999997442,0.5708333333331631,0.5708333333331631,1.052142430147047,1.052142430147047,0,0.0,,65618
bursty_high_s24,0.0,q4_a1.5_and,10300,2.4666666666667396,2.4666666666667396,0.7291666666664965,0.7291666666664965,1.0558369773327108,1.0558369773327108,0,0.0,,65926
bursty_high_s24,0.0,q4_a1.5_and,10301,1.733333333333448,1.733333333333448,0.6374999999998299,0.6374999999998299,1.0555452792466122,1.0555452792466122,0,0.0,,65438
bursty_high_s24,0.0,q4_a1.5_and,10302,1.5333333333334025,1.5333333333334025,0.6541666666664965,0.6541666666664965,1.0575972834840899,1.0575972834840899,0,0.0,,65246
bursty_high_s24,0.0,q4_a1.5_and,10303,1.866666666666724,1.866666666666724,0.6874999999998298,0.6874999999998298,1.0660528482788978,1.0660528482788978,0,0.0,,65053
bursty_high_s24,0.0,q4_a1.5_and,10304,1.1999999999995055,1.1999999999995055,0.6208333333331632,0.6208333333331632,1.0531628761609326,1.0531628761609326,0,0.0,,65666
bursty_high_s24,0.0,q4_a1.5_and,10305,0.9999999999995453,0.9999999999995453,0.5583333333331632,0.5583333333331632,1.045780372473404,1.045780372473404,0,0.0,,66144
bursty_high_s24,0.0,q4_a1.5_and,10306,2.1333333333333897,2.1333333333333897,0.6666666666664965,0.6666666666664965,1.052007748087426,1.052007748087426,0,0.0,,65403
bursty_high_s24,0.0,q4_a1.5_and,10307,1.6000000000000654,1.6000000000000654,0.6333333333331631,0.6333333333331631,1.0468178363721108,1.0468178363721108,0,0.0,,65745
bursty_high_s24,0.0,q4_a1.5_and,10308,1.6666666666667211,1.6666666666667211,0.6249999999998298,0.6249999999998298,1.0457455128773152,1.0457455128773152,0,0.0,,65985
bursty_high_s24,0.0,q4_a1.5_and,10309,1.7999999999991871,1.7999999999991871,0.6541666666664965,0.6541666666664965,1.0546021550801619,1.0546021550801619,0,0.0,,65820
bursty_high_s24,0.0,q4_a1.5_and,10310,1.1333333333325868,1.1333333333325868,0.6124999999998298,0.6124999999998298,1.0529337129068852,1.0529337129068852,0,0.0,,65731
bursty_high_s24,0.0,q4_a1.5_and,10311,1.4666666666661854,1.4666666666661854,0.6124999999998298,0.6124999999998298,1.0491397773463254,1.0491397773463254,0,0.0,,65850
bursty_high_s24,0.0,q4_a1.5_and,10312,1.4666666666655885,1.4666666666655885,0.6416666666664965,0.6416666666664965,1.0521642928631232,1.0521642928631232,0,0.0,,65719
bursty_high_s24,0.0,q4_a1.5_and,10313,1.1999999999989086,1.1999999999989086,0.5749999999998299,0.5749999999998299,1.0421042693016915,1.0421042693016915,0,0.0,,65858
bursty_high_s24,0.0,q4_a1.5_and,10314,0.9999999999991473,0.9999999999991473,0.5624999999998298,0.5624999999998298,1.0381422743127475,1.0381422743127475,0,0.0,,65749
bursty_high_s24,0.0,q4_a1.5_and,10315,1.4666666666667396,1.4666666666667396,0.6333333333331631,0.6333333333331631,1.0478286242615886,1.0478286242615886,0,0.0,,65416
bursty_high_s24,0.0,q4_a1.5_and,10316,1.5999999999998238,1.5999999999998238,0.6333333333331631,0.6333333333331631,1.0494227939203493,1.0494227939203493,0,0.0,,65986
bursty_high_s24,0.0,q4_a1.5_and,10317,1.2666666666667368,1.2666666666667368,0.6249999999998298,0.6249999999998298,1.0517897425950207,1.0517897425950207,0,0.0,,65415
bursty_high_s24,0.0,q4_a1.5_and,10318,2.4666666666661854,2.4666666666661854,0.6708333333331632,0.6708333333331632,1.0483741364665915,1.0483741364665915,0,0.0,,65585
bursty_high_s24,0.0,q4_a1.5_and,10319,1.6666666666659467,1.6666666666659467,0.6499999999998298,0.6499999999998298,1.0588007984186638,1.0588007984186638,0,0.0,,65442
bursty_high_s24,0.0,q4_a1.5_and,10320,1.9333333333328255,1.9333333333328255,0.6624999999998298,0.6624999999998298,1.046853954432111,1.046853954432111,0,0.0,,65642
bursty_high_s24,0.0,q4_a1.5_and,10321,1.000000000000071,1.000000000000071,0.5791666666664965,0.5791666666664965,1.044486934427618,1.044486934427618,0,0.0,,65559
bursty_high_s24,0.0,q4_a1.5_and,10322,1.533333333333367,1.533333333333367,0.6249999999998298,0.6249999999998298,1.0446163837358766,1.0446163837358766,0,0.0,,66108
bursty_high_s24,0.0,q4_a1.5_and,10323,1.0000000000001137,1.0000000000001137,0.5833333333331632,0.5833333333331632,1.0425698011110107,1.0425698011110107,0,0.0,,65928
bursty_high_s24,0.0,q4_a1.5_and,10324,1.8000000000000327,1.8000000000000327,0.6791666666664965,0.6791666666664965,1.053712103757728,1.053712103757728,0,0.0,,65826
bursty_high_s24,0.0,q4_a1.5_and,10325,1.8666666666667595,1.8666666666667595,0.6541666666664965,0.6541666666664965,1.0614372342296734,1.0614372342296734,0,0.0,,65776
bursty_high_s24,0.0,q4_a1.5_and,10326,0.9999999999991473,0.9999999999991473,0.5416666666664965,0.5416666666664965,1.0420636745254603,1.0420636745254603,0,0.0,,65887
bursty_high_s24,0.0,q4_a1.5_and,10327,2.0000000000000355,2.0000000000000355,0.6333333333331631,0.6333333333331631,1.0486984820727001,1.0486984820727001,0,0.0,,66425
bursty_high_s24,0.0,q4_a1.5_and,10328,1.4666666666655885,1.4666666666655885,0.6208333333331632,0.6208333333331632,1.0473914874661054,1.0473914874661054,0,0.0,,65605
bursty_high_s24,0.0,q4_a1.5_and,10329,0.9999999999997442,0.9999999999997442,0.5708333333331631,0.5708333333331631,1.052142430147047,1.052142430147047,0,0.0,,65618
bursty_high_s24,0.0,q8_a0.8_or,10300,2.4666666666667396,2.1333333333331836,0.7291666666664965,0.7041666666664965,1.0558369773327108,1.0560042146689228,9,0.5,1.0,67125
bursty_high_s24,0.0,q8_a0.8_or,10301,1.733333333333448,1.7999999999991871,0.6374999999998299,0.6374999999998299,1.0555452792466122,1.0583482974609557,5,0.3,1.0,65773
bursty_high_s24,0.0,q8_a0.8_or,10302,1.5333333333334025,2.3333333333334423,0.6541666666664965,0.6833333333331632,1.0575972834840899,1.0573165886594063,13,0.5,1.0,66649
bursty_high_s24,0.0,q8_a0.8_or,10303,1.866666666666724,2.9333333333322287,0.6874999999998298,0.7624999999998299,1.0660528482788978,1.0668071027909498,14,0.7,1.0,66838
bursty_high_s24,0.0,q8_a0.8_or,10304,1.1999999999995055,1.6000000000000583,0.6208333333331632,0.6416666666664965,1.0531628761609326,1.0499462158387507,6,0.4,1.0,66202
bursty_high_s24,0.0,q8_a0.8_or,10305,0.9999999999995453,0.9999999999997442,0.5583333333331632,0.5874999999998298,1.045780372473404,1.043671975618329,17,0.7,1.0,67037
bursty_high_s24,0.0,q8_a0.8_or,10306,2.1333333333333897,2.333333333333428,0.6666666666664965,0.6833333333331632,1.052007748087426,1.05308599136624,14,0.8,1.0,66791
bursty_high_s24,0.0,q8_a0.8_or,10307,1.6000000000000654,1.866666666666724,0.6333333333331631,0.6416666666664965,1.0468178363721108,1.0485046964658495,13,0.6,1.0,66320
bursty_high_s24,0.0,q8_a0.8_or,10308,1.6666666666667211,1.7333333333333698,0.6249999999998298,0.6374999999998299,1.0457455128773152,1.0456748516700611,13,0.5,1.0,67342
bursty_high_s24,0.0,q8_a0.8_or,10309,1.7999999999991871,2.000000000000071,0.6541666666664965,0.6958333333331631,1.0546021550801619,1.056609046907803,15,0.7,1.0,66649
bursty_high_s24,0.0,q8_a0.8_or,10310,1.1333333333325868,1.866666666665708,0.6124999999998298,0.6291666666664965,1.0529337129068852,1.0522290433812744,7,0.5,1.0,66321
bursty_high_s24,0.0,q8_a0.8_or,10311,1.4666666666661854,1.6666666666655487,0.6124999999998298,0.6208333333331632,1.0491397773463254,1.051946164799452,11,0.5,1.0,66597
bursty_high_s24,0.0,q8_a0.8_or,10312,1.4666666666655885,2.599999999999824,0.6416666666664965,0.6708333333331632,1.0521642928631232,1.0575905444241132,15,0.7,1.0,66972
bursty_high_s24,0.0,q8_a0.8_or,10313,1.1999999999989086,1.599999999999227,0.5749999999998299,0.6333333333331631,1.0421042693016915,1.0431540443455087,11,0.5,1.0,67043
bursty_high_s24,0.0,q8_a0.8_or,10314,0.9999999999991473,0.9999999999997442,0.5624999999998298,0.5999999999998298,1.0381422743127475,1.0486592959630021,15,0.7,1.0,66581
bursty_high_s24,0.0,q8_a0.8_or,10315,1.4666666666667396,2.0666666666666984,0.6333333333331631,0.6874999999998298,1.0478286242615886,1.04815308346089,10,0.4,1.0,66203
bursty_high_s24,0.0,q8_a0.8_or,10316,1.5999999999998238,2.0000000000000355,0.6333333333331631,0.6499999999998298,1.0494227939203493,1.050345158542973,11,0.5,1.0,66483
bursty_high_s24,0.0,q8_a0.8_or,10317,1.2666666666667368,1.2666666666667368,0.6249999999998298,0.6374999999998299,1.0517897425950207,1.0539053475497757,18,0.8,1.0,67217
bursty_high_s24,0.0,q8_a0.8_or,10318,2.4666666666661854,2.4666666666661854,0.6708333333331632,0.6708333333331632,1.0483741364665915,1.0483741364665915,10,0.6,1.0,66473
bursty_high_s24,0.0,q8_a0.8_or,10319,1.6666666666659467,1.599999999999227,0.6499999999998298,0.6291666666664965,1.0588007984186638,1.0595574365528986,13,0.7,1.0,66914
bursty_high_s24,0.0,q8_a0.8_or,10320,1.9333333333328255,2.1999999999995055,0.6624999999998298,0.6958333333331631,1.046853954432111,1.0432496820945059,10,0.5,1.0,66530
bursty_high_s24,0.0,q8_a0.8_or,10321,1.000000000000071,1.066666666666464,0.5791666666664965,0.6041666666664965,1.044486934427618,1.0475454649055593,8,0.5,1.0,66692
bursty_high_s24,0.0,q8_a0.8_or,10322,1.533333333333367,1.3333333333333641,0.6249999999998298,0.6249999999998298,1.0446163837358766,1.0491931712150515,10,0.6,1.0,67295
bursty_high_s24,0.0,q8_a0.8_or,10323,1.0000000000001137,1.1333333333331836,0.5833333333331632,0.6041666666664965,1.0425698011110107,1.0458283520458616,8,0.5,1.0,67034
bursty_high_s24,0.0,q8_a0.8_or,10324,1.8000000000000327,2.333333333333428,0.6791666666664965,0.6999999999998299,1.053712103757728,1.0534915075262623,5,0.4,1.0,66315
bursty_high_s24,0.0,q8_a0.8_or,10325,1.8666666666667595,2.400000000000091,0.6541666666664965,0.6833333333331632,1.0614372342296734,1.0633606670426017,13,0.7,1.0,66420
bursty_high_s24,0.0,q8_a0.8_or,10326,0.9999999999991473,0.9999999999995453,0.5416666666664965,0.5583333333331632,1.0420636745254603,1.043980921687483,4,0.1,1.0,66077
bursty_high_s24,0.0,q8_a0.8_or,10327,2.0000000000000355,1.8666666666659069,0.6333333333331631,0.6416666666664965,1.0486984820727001,1.045356854606548,9,0.5,1.0,67530
bursty_high_s24,0.0,q8_a0.8_or,10328,1.4666666666655885,1.4666666666655885,0.6208333333331632,0.6041666666664965,1.0473914874661054,1.0471674660144688,13,0.9,1.0,67250
bursty_high_s24,0.0,q8_a0.8_or,10329,0.9999999999997442,1.0000000000000355,0.5708333333331631,0.5833333333331632,1.052142430147047,1.0488990635167144,12,0.5,1.0,66727
bursty_high_s24,0.0,q8_a0.8_and,10300,2.4666666666667396,2.4666666666667396,0.7291666666664965,0.7291666666664965,1.0558369773327108,1.0558369773327108,0,0.0,,65926
bursty_high_s24,0.0,q8_a0.8_and,10301,1.733333333333448,1.733333333333448,0.6374999999998299,0.6374999999998299,1.0555452792466122,1.0555452792466122,0,0.0,,65438
bursty_high_s24,0.0,q8_a0.8_and,10302,1.5333333333334025,1.5333333333334025,0.6541666666664965,0.6541666666664965,1.0575972834840899,1.0575972834840899,0,0.0,,65246
bursty_high_s24,0.0,q8_a0.8_and,10303,1.866666666666724,1.866666666666724,0.6874999999998298,0.6874999999998298,1.0660528482788978,1.0660528482788978,0,0.0,,65053
bursty_high_s24,0.0,q8_a0.8_and,10304,1.1999999999995055,1.1999999999995055,0.6208333333331632,0.6208333333331632,1.0531628761609326,1.0531628761609326,0,0.0,,65666
bursty_high_s24,0.0,q8_a0.8_and,10305,0.9999999999995453,0.9999999999995453,0.5583333333331632,0.5583333333331632,1.045780372473404,1.045780372473404,0,0.0,,66144
bursty_high_s24,0.0,q8_a0.8_and,10306,2.1333333333333897,2.1333333333333897,0.6666666666664965,0.6666666666664965,1.052007748087426,1.052007748087426,0,0.0,,65403
bursty_high_s24,0.0,q8_a0.8_and,10307,1.6000000000000654,1.6000000000000654,0.6333333333331631,0.6333333333331631,1.0468178363721108,1.0468178363721108,0,0.0,,65745
bursty_high_s24,0.0,q8_a0.8_and,10308,1.6666666666667211,1.6666666666667211,0.6249999999998298,0.6249999999998298,1.0457455128773152,1.0457455128773152,0,0.0,,65985
bursty_high_s24,0.0,q8_a0.8_and,10309,1.7999999999991871,1.7999999999991871,0.6541666666664965,0.6541666666664965,1.0546021550801619,1.0546021550801619,0,0.0,,65820
bursty_high_s24,0.0,q8_a0.8_and,10310,1.1333333333325868,1.1333333333325868,0.6124999999998298,0.6124999999998298,1.0529337129068852,1.0529337129068852,0,0.0,,65731
bursty_high_s24,0.0,q8_a0.8_and,10311,1.4666666666661854,1.4666666666661854,0.6124999999998298,0.6124999999998298,1.0491397773463254,1.0491397773463254,0,0.0,,65850
bursty_high_s24,0.0,q8_a0.8_and,10312,1.4666666666655885,1.4666666666655885,0.6416666666664965,0.6416666666664965,1.0521642928631232,1.0521642928631232,0,0.0,,65719
bursty_high_s24,0.0,q8_a0.8_and,10313,1.1999999999989086,1.1999999999989086,0.5749999999998299,0.5749999999998299,1.0421042693016915,1.0421042693016915,0,0.0,,65858
bursty_high_s24,0.0,q8_a0.8_and,10314,0.9999999999991473,0.9999999999991473,0.5624999999998298,0.5624999999998298,1.0381422743127475,1.0381422743127475,0,0.0,,65749
bursty_high_s24,0.0,q8_a0.8_and,10315,1.4666666666667396,1.4666666666667396,0.6333333333331631,0.6333333333331631,1.0478286242615886,1.0478286242615886,0,0.0,,65416
bursty_high_s24,0.0,q8_a0.8_and,10316,1.5999999999998238,1.5999999999998238,0.6333333333331631,0.6333333333331631,1.0494227939203493,1.0494227939203493,0,0.0,,65986
bursty_high_s24,0.0,q8_a0.8_and,10317,1.2666666666667368,1.2666666666667368,0.6249999999998298,0.6249999999998298,1.0517897425950207,1.0517897425950207,0,0.0,,65415
bursty_high_s24,0.0,q8_a0.8_and,10318,2.4666666666661854,2.4666666666661854,0.6708333333331632,0.6708333333331632,1.0483741364665915,1.0483741364665915,0,0.0,,65585
bursty_high_s24,0.0,q8_a0.8_and,10319,1.6666666666659467,1.6666666666659467,0.6499999999998298,0.6499999999998298,1.0588007984186638,1.0588007984186638,0,0.0,,65442
bursty_high_s24,0.0,q8_a0.8_and,10320,1.9333333333328255,1.9333333333328255,0.6624999999998298,0.6624999999998298,1.046853954432111,1.046853954432111,0,0.0,,65642
bursty_high_s24,0.0,q8_a0.8_and,10321,1.000000000000071,1.000000000000071,0.5791666666664965,0.5791666666664965,1.044486934427618,1.044486934427618,0,0.0,,65559
bursty_high_s24,0.0,q8_a0.8_and,10322,1.533333333333367,1.533333333333367,0.6249999999998298,0.6249999999998298,1.0446163837358766,1.0446163837358766,0,0.0,,66108
bursty_high_s24,0.0,q8_a0.8_and,10323,1.0000000000001137,1.0000000000001137,0.5833333333331632,0.5833333333331632,1.0425698011110107,1.0425698011110107,0,0.0,,65928
bursty_high_s24,0.0,q8_a0.8_and,10324,1.8000000000000327,1.8000000000000327,0.6791666666664965,0.6791666666664965,1.053712103757728,1.053712103757728,0,0.0,,65826
bursty_high_s24,0.0,q8_a0.8_and,10325,1.8666666666667595,1.8666666666667595,0.6541666666664965,0.6541666666664965,1.0614372342296734,1.0614372342296734,0,0.0,,65776
bursty_high_s24,0.0,q8_a0.8_and,10326,0.9999999999991473,0.9999999999991473,0.5416666666664965,0.5416666666664965,1.0420636745254603,1.0420636745254603,0,0.0,,65887
bursty_high_s24,0.0,q8_a0.8_and,10327,2.0000000000000355,2.0000000000000355,0.6333333333331631,0.6333333333331631,1.0486984820727001,1.0486984820727001,0,0.0,,66425
bursty_high_s24,0.0,q8_a0.8_and,10328,1.4666666666655885,1.4666666666655885,0.6208333333331632,0.6208333333331632,1.0473914874661054,1.0473914874661054,0,0.0,,65605
bursty_high_s24,0.0,q8_a0.8_and,10329,0.9999999999997442,0.9999999999997442,0.5708333333331631,0.5708333333331631,1.052142430147047,1.052142430147047,0,0.0,,65618
bursty_high_s24,0.0,q8_a1.5_or,10300,2.4666666666667396,2.4666666666667396,0.7291666666664965,0.7291666666664965,1.0558369773327108,1.0558369773327108,0,0.0,,65926
bursty_high_s24,0.0,q8_a1.5_or,10301,1.733333333333448,1.733333333333448,0.6374999999998299,0.6374999999998299,1.0555452792466122,1.0555452792466122,0,0.0,,65438
bursty_high_s24,0.0,q8_a1.5_or,10302,1.5333333333334025,1.5333333333334025,0.6541666666664965,0.6541666666664965,1.0575972834840899,1.0575972834840899,0,0.0,,65246
bursty_high_s24,0.0,q8_a1.5_or,10303,1.866666666666724,1.866666666666724,0.6874999999998298,0.6874999999998298,1.0660528482788978,1.0660528482788978,0,0.0,,65053
bursty_high_s24,0.0,q8_a1.5_or,10304,1.1999999999995055,1.1999999999995055,0.6208333333331632,0.6208333333331632,1.0531628761609326,1.0531628761609326,0,0.0,,65666
bursty_high_s24,0.0,q8_a1.5_or,10305,0.9999999999995453,0.9999999999995453,0.5583333333331632,0.5583333333331632,1.045780372473404,1.045780372473404,0,0.0,,66144
bursty_high_s24,0.0,q8_a1.5_or,10306,2.1333333333333897,2.400000000000091,0.6666666666664965,0.6749999999998298,1.052007748087426,1.0525209445683643,2,0.1,1.0,65414
bursty_high_s24,0.0,q8_a1.5_or,10307,1.6000000000000654,1.6000000000000654,0.6333333333331631,0.6333333333331631,1.0468178363721108,1.0468178363721108,0,0.0,,65745
bursty_high_s24,0.0,q8_a1.5_or,10308,1.6666666666667211,1.6666666666667211,0.6249999999998298,0.6249999999998298,1.0457455128773152,1.0457455128773152,0,0.0,,65985
bursty_high_s24,0.0,q8_a1.5_or,10309,1.7999999999991871,1.7999999999991871,0.6541666666664965,0.6541666666664965,1.0546021550801619,1.0546021550801619,0,0.0,,65820
bursty_high_s24,0.0,q8_a1.5_or,10310,1.1333333333325868,1.1333333333325868,0.6124999999998298,0.6124999999998298,1.0529337129068852,1.0529337129068852,0,0.0,,65731
bursty_high_s24,0.0,q8_a1.5_or,10311,1.4666666666661854,1.4666666666661854,0.6124999999998298,0.6124999999998298,1.0491397773463254,1.0491397773463254,0,0.0,,65850
bursty_high_s24,0.0,q8_a1.5_or,10312,1.4666666666655885,1.4666666666655885,0.6416666666664965,0.6416666666664965,1.0521642928631232,1.0521642928631232,0,0.0,,65719
bursty_high_s24,0.0,q8_a1.5_or,10313,1.1999999999989086,1.1999999999989086,0.5749999999998299,0.5749999999998299,1.0421042693016915,1.0421042693016915,0,0.0,,65858
bursty_high_s24,0.0,q8_a1.5_or,10314,0.9999999999991473,0.9999999999991473,0.5624999999998298,0.5624999999998298,1.0381422743127475,1.0381422743127475,0,0.0,,65749
bursty_high_s24,0.0,q8_a1.5_or,10315,1.4666666666667396,1.4666666666667396,0.6333333333331631,0.6333333333331631,1.0478286242615886,1.0478286242615886,0,0.0,,65416
bursty_high_s24,0.0,q8_a1.5_or,10316,1.5999999999998238,1.5999999999998238,0.6333333333331631,0.6333333333331631,1.0494227939203493,1.0494227939203493,0,0.0,,65986
bursty_high_s24,0.0,q8_a1.5_or,10317,1.2666666666667368,1.2666666666667368,0.6249999999998298,0.6249999999998298,1.0517897425950207,1.0517897425950207,0,0.0,,65415
bursty_high_s24,0.0,q8_a1.5_or,10318,2.4666666666661854,2.4666666666661854,0.6708333333331632,0.6708333333331632,1.0483741364665915,1.0483741364665915,0,0.0,,65585
bursty_high_s24,0.0,q8_a1.5_or,10319,1.6666666666659467,1.6666666666659467,0.6499999999998298,0.6499999999998298,1.0588007984186638,1.0588007984186638,0,0.0,,65442
bursty_high_s24,0.0,q8_a1.5_or,10320,1.9333333333328255,1.9333333333328255,0.6624999999998298,0.6624999999998298,1.046853954432111,1.046853954432111,0,0.0,,65642
bursty_high_s24,0.0,q8_a1.5_or,10321,1.000000000000071,1.000000000000071,0.5791666666664965,0.5791666666664965,1.044486934427618,1.044486934427618,0,0.0,,65559
bursty_high_s24,0.0,q8_a1.5_or,10322,1.533333333333367,1.533333333333367,0.6249999999998298,0.6249999999998298,1.0446163837358766,1.0446163837358766,0,0.0,,66108
bursty_high_s24,0.0,q8_a1.5_or,10323,1.0000000000001137,1.0000000000001137,0.5833333333331632,0.5833333333331632,1.0425698011110107,1.0425698011110107,0,0.0,,65928
bursty_high_s24,0.0,q8_a1.5_or,10324,1.8000000000000327,1.8000000000000327,0.6791666666664965,0.6791666666664965,1.053712103757728,1.053712103757728,0,0.0,,65826
bursty_high_s24,0.0,q8_a1.5_or,10325,1.8666666666667595,1.8666666666667595,0.6541666666664965,0.6541666666664965,1.0614372342296734,1.0614372342296734,0,0.0,,65776
bursty_high_s24,0.0,q8_a1.5_or,10326,0.9999999999991473,0.9999999999991473,0.5416666666664965,0.5416666666664965,1.0420636745254603,1.0420636745254603,0,0.0,,65887
bursty_high_s24,0.0,q8_a1.5_or,10327,2.0000000000000355,2.0000000000000355,0.6333333333331631,0.6333333333331631,1.0486984820727001,1.0486984820727001,0,0.0,,66425
bursty_high_s24,0.0,q8_a1.5_or,10328,1.4666666666655885,1.4666666666655885,0.6208333333331632,0.6208333333331632,1.0473914874661054,1.0473914874661054,0,0.0,,65605
bursty_high_s24,0.0,q8_a1.5_or,10329,0.9999999999997442,0.9999999999997442,0.5708333333331631,0.5708333333331631,1.052142430147047,1.052142430147047,0,0.0,,65618
bursty_high_s24,0.0,q8_a1.5_and,10300,2.4666666666667396,2.4666666666667396,0.7291666666664965,0.7291666666664965,1.0558369773327108,1.0558369773327108,0,0.0,,65926
bursty_high_s24,0.0,q8_a1.5_and,10301,1.733333333333448,1.733333333333448,0.6374999999998299,0.6374999999998299,1.0555452792466122,1.0555452792466122,0,0.0,,65438
bursty_high_s24,0.0,q8_a1.5_and,10302,1.5333333333334025,1.5333333333334025,0.6541666666664965,0.6541666666664965,1.0575972834840899,1.0575972834840899,0,0.0,,65246
bursty_high_s24,0.0,q8_a1.5_and,10303,1.866666666666724,1.866666666666724,0.6874999999998298,0.6874999999998298,1.0660528482788978,1.0660528482788978,0,0.0,,65053
bursty_high_s24,0.0,q8_a1.5_and,10304,1.1999999999995055,1.1999999999995055,0.6208333333331632,0.6208333333331632,1.0531628761609326,1.0531628761609326,0,0.0,,65666
bursty_high_s24,0.0,q8_a1.5_and,10305,0.9999999999995453,0.9999999999995453,0.5583333333331632,0.5583333333331632,1.045780372473404,1.045780372473404,0,0.0,,66144
bursty_high_s24,0.0,q8_a1.5_and,10306,2.1333333333333897,2.1333333333333897,0.6666666666664965,0.6666666666664965,1.052007748087426,1.052007748087426,0,0.0,,65403
bursty_high_s24,0.0,q8_a1.5_and,10307,1.6000000000000654,1.6000000000000654,0.6333333333331631,0.6333333333331631,1.0468178363721108,1.0468178363721108,0,0.0,,65745
bursty_high_s24,0.0,q8_a1.5_and,10308,1.6666666666667211,1.6666666666667211,0.6249999999998298,0.6249999999998298,1.0457455128773152,1.0457455128773152,0,0.0,,65985
bursty_high_s24,0.0,q8_a1.5_and,10309,1.7999999999991871,1.7999999999991871,0.6541666666664965,0.6541666666664965,1.0546021550801619,1.0546021550801619,0,0.0,,65820
bursty_high_s24,0.0,q8_a1.5_and,10310,1.1333333333325868,1.1333333333325868,0.6124999999998298,0.6124999999998298,1.0529337129068852,1.0529337129068852,0,0.0,,65731
bursty_high_s24,0.0,q8_a1.5_and,10311,1.4666666666661854,1.4666666666661854,0.6124999999998298,0.6124999999998298,1.0491397773463254,1.0491397773463254,0,0.0,,65850
bursty_high_s24,0.0,q8_a1.5_and,10312,1.4666666666655885,1.4666666666655885,0.6416666666664965,0.6416666666664965,1.0521642928631232,1.0521642928631232,0,0.0,,65719
bursty_high_s24,0.0,q8_a1.5_and,10313,1.1999999999989086,1.1999999999989086,0.5749999999998299,0.5749999999998299,1.0421042693016915,1.0421042693016915,0,0.0,,65858
bursty_high_s24,0.0,q8_a1.5_and,10314,0.9999999999991473,0.9999999999991473,0.5624999999998298,0.5624999999998298,1.0381422743127475,1.0381422743127475,0,0.0,,65749
bursty_high_s24,0.0,q8_a1.5_and,10315,1.4666666666667396,1.4666666666667396,0.6333333333331631,0.6333333333331631,1.0478286242615886,1.0478286242615886,0,0.0,,65416
bursty_high_s24,0.0,q8_a1.5_and,10316,1.5999999999998238,1.5999999999998238,0.6333333333331631,0.6333333333331631,1.0494227939203493,1.0494227939203493,0,0.0,,65986
bursty_high_s24,0.0,q8_a1.5_and,10317,1.2666666666667368,1.2666666666667368,0.6249999999998298,0.6249999999998298,1.0517897425950207,1.0517897425950207,0,0.0,,65415
bursty_high_s24,0.0,q8_a1.5_and,10318,2.4666666666661854,2.4666666666661854,0.6708333333331632,0.6708333333331632,1.0483741364665915,1.0483741364665915,0,0.0,,65585
bursty_high_s24,0.0,q8_a1.5_and,10319,1.6666666666659467,1.6666666666659467,0.6499999999998298,0.6499999999998298,1.0588007984186638,1.0588007984186638,0,0.0,,65442
bursty_high_s24,0.0,q8_a1.5_and,10320,1.9333333333328255,1.9333333333328255,0.6624999999998298,0.6624999999998298,1.046853954432111,1.046853954432111,0,0.0,,65642
bursty_high_s24,0.0,q8_a1.5_and,10321,1.000000000000071,1.000000000000071,0.5791666666664965,0.5791666666664965,1.044486934427618,1.044486934427618,0,0.0,,65559
bursty_high_s24,0.0,q8_a1.5_and,10322,1.533333333333367,1.533333333333367,0.6249999999998298,0.6249999999998298,1.0446163837358766,1.0446163837358766,0,0.0,,66108
bursty_high_s24,0.0,q8_a1.5_and,10323,1.0000000000001137,1.0000000000001137,0.5833333333331632,0.5833333333331632,1.0425698011110107,1.0425698011110107,0,0.0,,65928
bursty_high_s24,0.0,q8_a1.5_and,10324,1.8000000000000327,1.8000000000000327,0.6791666666664965,0.6791666666664965,1.053712103757728,1.053712103757728,0,0.0,,65826
bursty_high_s24,0.0,q8_a1.5_and,10325,1.8666666666667595,1.8666666666667595,0.6541666666664965,0.6541666666664965,1.0614372342296734,1.0614372342296734,0,0.0,,65776
bursty_high_s24,0.0,q8_a1.5_and,10326,0.9999999999991473,0.9999999999991473,0.5416666666664965,0.5416666666664965,1.0420636745254603,1.0420636745254603,0,0.0,,65887
bursty_high_s24,0.0,q8_a1.5_and,10327,2.0000000000000355,2.0000000000000355,0.6333333333331631,0.6333333333331631,1.0486984820727001,1.0486984820727001,0,0.0,,66425
bursty_high_s24,0.0,q8_a1.5_and,10328,1.4666666666655885,1.4666666666655885,0.6208333333331632,0.6208333333331632,1.0473914874661054,1.0473914874661054,0,0.0,,65605
bursty_high_s24,0.0,q8_a1.5_and,10329,0.9999999999997442,0.9999999999997442,0.5708333333331631,0.5708333333331631,1.052142430147047,1.052142430147047,0,0.0,,65618
bursty_high_s24,2.0,q2_a0.8_or,10300,3.4000000000000554,3.1333333333333897,0.8374999999998298,0.8124999999998298,1.1200437644203889,1.1190002511677524,15,0.6,1.0,67113
bursty_high_s24,2.0,q2_a0.8_or,10301,2.0000000000000355,2.0000000000000355,0.6624999999998298,0.6749999999998298,1.1051975695540897,1.1056717300401055,9,0.5,1.0,66286
bursty_high_s24,2.0,q2_a0.8_or,10302,2.066666666666464,2.4666666666667822,0.7166666666664965,0.7083333333331632,1.105409081631946,1.1012253904028824,18,0.6,1.0,66257
bursty_high_s24,2.0,q2_a0.8_or,10303,3.1333333333331836,3.2666666666667368,0.8583333333331632,0.8958333333331632,1.1284320062955393,1.1286099747166451,13,0.7,1.0,67249
bursty_high_s24,2.0,q2_a0.8_or,10304,1.4666666666659864,1.7333333333334053,0.6041666666664965,0.6499999999998298,1.0917310334307777,1.0990309760389934,12,0.7,1.0,66845
bursty_high_s24,2.0,q2_a0.8_or,10305,1.333333333332547,1.0000000000000355,0.5833333333331632,0.5916666666664965,1.0952372688486776,1.0927413754814579,23,0.9,1.0,67418
bursty_high_s24,2.0,q2_a0.8_or,10306,2.000000000000071,2.000000000000071,0.6791666666664965,0.6791666666664965,1.1039699696264786,1.1039699696264786,9,0.6,1.0,66453
bursty_high_s24,2.0,q2_a0.8_or,10307,2.066666666666265,2.4666666666667822,0.6791666666664965,0.7333333333331632,1.1040345694598916,1.0937756811627675,10,0.4,1.0,66116
bursty_high_s24,2.0,q2_a0.8_or,10308,2.1333333333333897,2.533333333333367,0.6749999999998298,0.7208333333331631,1.0872192113002366,1.0894076502746732,9,0.5,1.0,66565
bursty_high_s24,2.0,q2_a0.8_or,10309,2.333333333333428,2.333333333333428,0.7208333333331631,0.6874999999998298,1.1145637272690796,1.1080466754857254,9,0.5,1.0,66369
bursty_high_s24,2.0,q2_a0.8_or,10310,2.1999999999995055,2.2666666666656283,0.6708333333331632,0.6583333333331631,1.1053809219565625,1.1126026804293856,9,0.7,1.0,66856
bursty_high_s24,2.0,q2_a0.8_or,10311,2.000000000000071,2.333333333333428,0.6416666666664965,0.6749999999998298,1.104206794573248,1.1067534611170526,20,0.7,1.0,67174
bursty_high_s24,2.0,q2_a0.8_or,10312,2.333333333333428,1.866666666666724,0.6999999999998299,0.6749999999998298,1.1011745929597025,1.1003329281861136,10,0.6,1.0,66501
bursty_high_s24,2.0,q2_a0.8_or,10313,1.4666666666655885,1.599999999999227,0.6333333333331631,0.6083333333331632,1.0867085058501276,1.0952465899230326,19,0.6,1.0,68198
bursty_high_s24,2.0,q2_a0.8_or,10314,1.1333333333331836,1.2666666666662252,0.5791666666664965,0.5999999999998298,1.0778299187651248,1.0884443390283425,11,0.5,1.0,66496
bursty_high_s24,2.0,q2_a0.8_or,10315,2.0000000000001137,1.800000000000047,0.6708333333331632,0.6666666666664965,1.0943024383304718,1.1014433861748836,12,0.5,1.0,66426
bursty_high_s24,2.0,q2_a0.8_or,10316,2.2000000000001165,2.1333333333333897,0.6874999999998298,0.6999999999998299,1.1036846002335567,1.0969801805366288,18,0.7,1.0,67471
bursty_high_s24,2.0,q2_a0.8_or,10317,2.4666666666661854,2.600000000000094,0.7208333333331631,0.7166666666664965,1.099694662707517,1.095268232401867,14,0.6,1.0,66629
bursty_high_s24,2.0,q2_a0.8_or,10318,2.000000000000071,1.9333333333328255,0.6708333333331632,0.6708333333331632,1.0940776732460327,1.096811302380515,13,0.5,1.0,66881
bursty_high_s24,2.0,q2_a0.8_or,10319,2.1333333333333897,1.9333333333328255,0.6999999999998299,0.6749999999998298,1.1144944963119225,1.1168432934712624,18,0.7,1.0,67335
bursty_high_s24,2.0,q2_a0.8_or,10320,2.400000000000091,2.599999999999227,0.7291666666664965,0.7124999999998298,1.0854756052086862,1.0988465971881793,13,0.6,1.0,66231
bursty_high_s24,2.0,q2_a0.8_or,10321,0.9999999999999432,0.9999999999999432,0.5833333333331632,0.5708333333331631,1.0871102291304529,1.0889072302298815,8,0.4,1.0,66306
bursty_high_s24,2.0,q2_a0.8_or,10322,1.3333333333333641,1.6666666666655487,0.5999999999998298,0.6416666666664965,1.0981996195725678,1.1061674419547216,17,0.7,1.0,67374
bursty_high_s24,2.0,q2_a0.8_or,10323,0.9999999999997442,1.6000000000000583,0.5708333333331631,0.6333333333331631,1.0908117631444136,1.0942557343892547,12,0.4,1.0,67140
bursty_high_s24,2.0,q2_a0.8_or,10324,2.9333333333322287,2.9333333333322287,0.7708333333331632,0.7958333333331632,1.0983933592955195,1.099618051201977,8,0.3,1.0,66668
bursty_high_s24,2.0,q2_a0.8_or,10325,2.1333333333331836,2.3999999999998636,0.6999999999998299,0.7583333333331631,1.111742724812477,1.1205708465919748,17,0.7,1.0,66475
bursty_high_s24,2.0,q2_a0.8_or,10326,0.9999999999997442,0.9999999999993463,0.5541666666664965,0.5499999999998298,1.0835543632839637,1.082754522846804,8,0.4,1.0,65789
bursty_high_s24,2.0,q2_a0.8_or,10327,1.7333333333328653,1.8666666666665037,0.6458333333331632,0.6374999999998299,1.0855968386315935,1.0902157153325196,9,0.4,1.0,66391
bursty_high_s24,2.0,q2_a0.8_or,10328,2.066666666665867,2.2666666666667012,0.6833333333331632,0.6874999999998298,1.1050913350080676,1.1077955149321945,17,0.8,1.0,67110
bursty_high_s24,2.0,q2_a0.8_or,10329,0.9999999999997442,1.0666666666666984,0.5583333333331632,0.5958333333331631,1.08881117217847,1.0979071657772486,9,0.4,1.0,66172
bursty_high_s24,2.0,q2_a0.8_and,10300,3.4000000000000554,3.4000000000000554,0.8374999999998298,0.8374999999998298,1.1200437644203889,1.1200437644203889,3,0.2,1.0,66016
bursty_high_s24,2.0,q2_a0.8_and,10301,2.0000000000000355,2.0000000000000355,0.6624999999998298,0.6624999999998298,1.1051975695540897,1.1051975695540897,0,0.0,,65994
bursty_high_s24,2.0,q2_a0.8_and,10302,2.066666666666464,2.066666666666464,0.7166666666664965,0.7166666666664965,1.105409081631946,1.105409081631946,0,0.0,,65043
bursty_high_s24,2.0,q2_a0.8_and,10303,3.1333333333331836,3.1333333333333897,0.8583333333331632,0.8624999999998298,1.1284320062955393,1.1306742403404564,2,0.2,1.0,66272
bursty_high_s24,2.0,q2_a0.8_and,10304,1.4666666666659864,1.4666666666659864,0.6041666666664965,0.6041666666664965,1.0917310334307777,1.0917310334307777,0,0.0,,65686
bursty_high_s24,2.0,q2_a0.8_and,10305,1.333333333332547,1.333333333332547,0.5833333333331632,0.5833333333331632,1.0952372688486776,1.0952372688486776,0,0.0,,65572
bursty_high_s24,2.0,q2_a0.8_and,10306,2.000000000000071,2.000000000000071,0.6791666666664965,0.6791666666664965,1.1039699696264786,1.1039699696264786,0,0.0,,65269
bursty_high_s24,2.0,q2_a0.8_and,10307,2.066666666666265,2.066666666666265,0.6791666666664965,0.6791666666664965,1.1040345694598916,1.1040345694598916,1,0.1,1.0,65441
bursty_high_s24,2.0,q2_a0.8_and,10308,2.1333333333333897,2.1333333333333897,0.6749999999998298,0.6749999999998298,1.0872192113002366,1.0872192113002366,0,0.0,,66582
bursty_high_s24,2.0,q2_a0.8_and,10309,2.333333333333428,2.333333333333428,0.7208333333331631,0.7208333333331631,1.1145637272690796,1.1145637272690796,0,0.0,,65802
bursty_high_s24,2.0,q2_a0.8_and,10310,2.1999999999995055,2.1999999999995055,0.6708333333331632,0.6708333333331632,1.1053809219565625,1.1053809219565625,0,0.0,,65675
bursty_high_s24,2.0,q2_a0.8_and,10311,2.000000000000071,2.000000000000071,0.6416666666664965,0.6416666666664965,1.104206794573248,1.104206794573248,0,0.0,,65933
bursty_high_s24,2.0,q2_a0.8_and,10312,2.333333333333428,2.333333333333428,0.6999999999998299,0.6999999999998299,1.1011745929597025,1.1011745929597025,0,0.0,,65478
bursty_high_s24,2.0,q2_a0.8_and,10313,1.4666666666655885,1.4666666666655885,0.6333333333331631,0.6333333333331631,1.0867085058501276,1.0867085058501276,0,0.0,,65961
bursty_high_s24,2.0,q2_a0.8_and,10314,1.1333333333331836,1.1333333333331836,0.5791666666664965,0.5791666666664965,1.0778299187651248,1.0778299187651248,0,0.0,,65746
bursty_high_s24,2.0,q2_a0.8_and,10315,2.0000000000001137,2.0000000000001137,0.6708333333331632,0.6708333333331632,1.0943024383304718,1.0943024383304718,0,0.0,,65932
bursty_high_s24,2.0,q2_a0.8_and,10316,2.2000000000001165,2.2000000000001165,0.6874999999998298,0.6874999999998298,1.1036846002335567,1.1036846002335567,0,0.0,,65997
bursty_high_s24,2.0,q2_a0.8_and,10317,2.4666666666661854,2.4666666666661854,0.7208333333331631,0.7208333333331631,1.099694662707517,1.099694662707517,0,0.0,,64919
bursty_high_s24,2.0,q2_a0.8_and,10318,2.000000000000071,2.000000000000071,0.6708333333331632,0.6708333333331632,1.0940776732460327,1.0940776732460327,0,0.0,,65929
bursty_high_s24,2.0,q2_a0.8_and,10319,2.1333333333333897,2.1333333333333897,0.6999999999998299,0.6958333333331631,1.1144944963119225,1.115678924200869,1,0.1,1.0,65859
bursty_high_s24,2.0,q2_a0.8_and,10320,2.400000000000091,2.400000000000091,0.7291666666664965,0.7291666666664965,1.0854756052086862,1.0854756052086862,0,0.0,,65501
bursty_high_s24,2.0,q2_a0.8_and,10321,0.9999999999999432,0.9999999999999432,0.5833333333331632,0.5833333333331632,1.0871102291304529,1.0871102291304529,0,0.0,,65643
bursty_high_s24,2.0,q2_a0.8_and,10322,1.3333333333333641,1.2666666666667368,0.5999999999998298,0.6291666666664965,1.0981996195725678,1.1028805654572893,1,0.1,1.0,66028
bursty_high_s24,2.0,q2_a0.8_and,10323,0.9999999999997442,0.9999999999997442,0.5708333333331631,0.5708333333331631,1.0908117631444136,1.0908117631444136,0,0.0,,65937
bursty_high_s24,2.0,q2_a0.8_and,10324,2.9333333333322287,2.9333333333322287,0.7708333333331632,0.7708333333331632,1.0983933592955195,1.0983933592955195,0,0.0,,65796
bursty_high_s24,2.0,q2_a0.8_and,10325,2.1333333333331836,2.1333333333331836,0.6999999999998299,0.6999999999998299,1.111742724812477,1.111742724812477,0,0.0,,65680
bursty_high_s24,2.0,q2_a0.8_and,10326,0.9999999999997442,0.9999999999997442,0.5541666666664965,0.5541666666664965,1.0835543632839637,1.0835543632839637,0,0.0,,64967
bursty_high_s24,2.0,q2_a0.8_and,10327,1.7333333333328653,1.7333333333328653,0.6458333333331632,0.6458333333331632,1.0855968386315935,1.0855968386315935,0,0.0,,66384
bursty_high_s24,2.0,q2_a0.8_and,10328,2.066666666665867,2.066666666665867,0.6833333333331632,0.6833333333331632,1.1050913350080676,1.1050913350080676,0,0.0,,66072
bursty_high_s24,2.0,q2_a0.8_and,10329,0.9999999999997442,0.9999999999997442,0.5583333333331632,0.5583333333331632,1.08881117217847,1.08881117217847,0,0.0,,65464
bursty_high_s24,2.0,q2_a1.5_or,10300,3.4000000000000554,3.4000000000000554,0.8374999999998298,0.8374999999998298,1.1200437644203889,1.1200437644203889,4,0.3,1.0,66164
bursty_high_s24,2.0,q2_a1.5_or,10301,2.0000000000000355,2.0000000000000355,0.6624999999998298,0.6624999999998298,1.1051975695540897,1.1051975695540897,0,0.0,,65994
bursty_high_s24,2.0,q2_a1.5_or,10302,2.066666666666464,2.066666666666464,0.7166666666664965,0.7166666666664965,1.105409081631946,1.105409081631946,0,0.0,,65043
bursty_high_s24,2.0,q2_a1.5_or,10303,3.1333333333331836,3.2666666666667368,0.8583333333331632,0.8749999999998298,1.1284320062955393,1.1377423815157883,3,0.3,1.0,66424
bursty_high_s24,2.0,q2_a1.5_or,10304,1.4666666666659864,1.4666666666659864,0.6041666666664965,0.6041666666664965,1.0917310334307777,1.0917310334307777,0,0.0,,65686
bursty_high_s24,2.0,q2_a1.5_or,10305,1.333333333332547,1.333333333332547,0.5833333333331632,0.5833333333331632,1.0952372688486776,1.0952372688486776,0,0.0,,65572
bursty_high_s24,2.0,q2_a1.5_or,10306,2.000000000000071,2.000000000000071,0.6791666666664965,0.6791666666664965,1.1039699696264786,1.1039699696264786,0,0.0,,65269
bursty_high_s24,2.0,q2_a1.5_or,10307,2.066666666666265,2.066666666666265,0.6791666666664965,0.6791666666664965,1.1040345694598916,1.1040345694598916,1,0.1,1.0,65441
bursty_high_s24,2.0,q2_a1.5_or,10308,2.1333333333333897,2.1333333333333897,0.6749999999998298,0.6749999999998298,1.0872192113002366,1.0872192113002366,1,0.1,1.0,66730
bursty_high_s24,2.0,q2_a1.5_or,10309,2.333333333333428,2.333333333333428,0.7208333333331631,0.7208333333331631,1.1145637272690796,1.1145637272690796,0,0.0,,65802
bursty_high_s24,2.0,q2_a1.5_or,10310,2.1999999999995055,2.1999999999995055,0.6708333333331632,0.6708333333331632,1.1053809219565625,1.1053809219565625,0,0.0,,65675
bursty_high_s24,2.0,q2_a1.5_or,10311,2.000000000000071,2.000000000000071,0.6416666666664965,0.6416666666664965,1.104206794573248,1.104206794573248,0,0.0,,65933
bursty_high_s24,2.0,q2_a1.5_or,10312,2.333333333333428,2.4666666666661854,0.6999999999998299,0.7083333333331632,1.1011745929597025,1.09903343481193,1,0.1,1.0,65722
bursty_high_s24,2.0,q2_a1.5_or,10313,1.4666666666655885,1.4666666666655885,0.6333333333331631,0.6333333333331631,1.0867085058501276,1.0867085058501276,0,0.0,,65961
bursty_high_s24,2.0,q2_a1.5_or,10314,1.1333333333331836,1.1333333333331836,0.5791666666664965,0.5791666666664965,1.0778299187651248,1.0778299187651248,0,0.0,,65746
bursty_high_s24,2.0,q2_a1.5_or,10315,2.0000000000001137,2.0000000000001137,0.6708333333331632,0.6708333333331632,1.0943024383304718,1.0943024383304718,0,0.0,,65932
bursty_high_s24,2.0,q2_a1.5_or,10316,2.2000000000001165,2.2000000000001165,0.6874999999998298,0.6874999999998298,1.1036846002335567,1.1036846002335567,0,0.0,,65997
bursty_high_s24,2.0,q2_a1.5_or,10317,2.4666666666661854,2.4666666666661854,0.7208333333331631,0.7208333333331631,1.099694662707517,1.099694662707517,0,0.0,,64919
bursty_high_s24,2.0,q2_a1.5_or,10318,2.000000000000071,2.000000000000071,0.6708333333331632,0.6708333333331632,1.0940776732460327,1.0940776732460327,0,0.0,,65929
bursty_high_s24,2.0,q2_a1.5_or,10319,2.1333333333333897,1.9333333333328255,0.6999999999998299,0.6791666666664965,1.1144944963119225,1.1113879508263447,1,0.1,1.0,65772
bursty_high_s24,2.0,q2_a1.5_or,10320,2.400000000000091,2.400000000000091,0.7291666666664965,0.7291666666664965,1.0854756052086862,1.0854756052086862,0,0.0,,65501
bursty_high_s24,2.0,q2_a1.5_or,10321,0.9999999999999432,0.9999999999999432,0.5833333333331632,0.5833333333331632,1.0871102291304529,1.0871102291304529,0,0.0,,65643
bursty_high_s24,2.0,q2_a1.5_or,10322,1.3333333333333641,1.2666666666667368,0.5999999999998298,0.6291666666664965,1.0981996195725678,1.1028805654572893,1,0.1,1.0,66028
bursty_high_s24,2.0,q2_a1.5_or,10323,0.9999999999997442,0.9999999999997442,0.5708333333331631,0.5708333333331631,1.0908117631444136,1.0908117631444136,0,0.0,,65937
bursty_high_s24,2.0,q2_a1.5_or,10324,2.9333333333322287,2.9333333333322287,0.7708333333331632,0.7708333333331632,1.0983933592955195,1.0983933592955195,0,0.0,,65796
bursty_high_s24,2.0,q2_a1.5_or,10325,2.1333333333331836,2.1333333333331836,0.6999999999998299,0.6999999999998299,1.111742724812477,1.111742724812477,0,0.0,,65680
bursty_high_s24,2.0,q2_a1.5_or,10326,0.9999999999997442,0.9999999999997442,0.5541666666664965,0.5541666666664965,1.0835543632839637,1.0835543632839637,0,0.0,,64967
bursty_high_s24,2.0,q2_a1.5_or,10327,1.7333333333328653,1.7333333333328653,0.6458333333331632,0.6458333333331632,1.0855968386315935,1.0855968386315935,0,0.0,,66384
bursty_high_s24,2.0,q2_a1.5_or,10328,2.066666666665867,2.066666666665867,0.6833333333331632,0.6833333333331632,1.1050913350080676,1.1050913350080676,0,0.0,,66072
bursty_high_s24,2.0,q2_a1.5_or,10329,0.9999999999997442,0.9999999999997442,0.5583333333331632,0.5583333333331632,1.08881117217847,1.08881117217847,0,0.0,,65464
bursty_high_s24,2.0,q2_a1.5_and,10300,3.4000000000000554,3.4000000000000554,0.8374999999998298,0.8374999999998298,1.1200437644203889,1.1200437644203889,0,0.0,,65720
bursty_high_s24,2.0,q2_a1.5_and,10301,2.0000000000000355,2.0000000000000355,0.6624999999998298,0.6624999999998298,1.1051975695540897,1.1051975695540897,0,0.0,,65994
bursty_high_s24,2.0,q2_a1.5_and,10302,2.066666666666464,2.066666666666464,0.7166666666664965,0.7166666666664965,1.105409081631946,1.105409081631946,0,0.0,,65043
bursty_high_s24,2.0,q2_a1.5_and,10303,3.1333333333331836,3.1333333333331836,0.8583333333331632,0.8583333333331632,1.1284320062955393,1.1284320062955393,0,0.0,,65646
bursty_high_s24,2.0,q2_a1.5_and,10304,1.4666666666659864,1.4666666666659864,0.6041666666664965,0.6041666666664965,1.0917310334307777,1.0917310334307777,0,0.0,,65686
bursty_high_s24,2.0,q2_a1.5_and,10305,1.333333333332547,1.333333333332547,0.5833333333331632,0.5833333333331632,1.0952372688486776,1.0952372688486776,0,0.0,,65572
bursty_high_s24,2.0,q2_a1.5_and,10306,2.000000000000071,2.000000000000071,0.6791666666664965,0.6791666666664965,1.1039699696264786,1.1039699696264786,0,0.0,,65269
bursty_high_s24,2.0,q2_a1.5_and,10307,2.066666666666265,2.066666666666265,0.6791666666664965,0.6791666666664965,1.1040345694598916,1.1040345694598916,0,0.0,,65293
bursty_high_s24,2.0,q2_a1.5_and,10308,2.1333333333333897,2.1333333333333897,0.6749999999998298,0.6749999999998298,1.0872192113002366,1.0872192113002366,0,0.0,,66582
bursty_high_s24,2.0,q2_a1.5_and,10309,2.333333333333428,2.333333333333428,0.7208333333331631,0.7208333333331631,1.1145637272690796,1.1145637272690796,0,0.0,,65802
bursty_high_s24,2.0,q2_a1.5_and,10310,2.1999999999995055,2.1999999999995055,0.6708333333331632,0.6708333333331632,1.1053809219565625,1.1053809219565625,0,0.0,,65675
bursty_high_s24,2.0,q2_a1.5_and,10311,2.000000000000071,2.000000000000071,0.6416666666664965,0.6416666666664965,1.104206794573248,1.104206794573248,0,0.0,,65933
bursty_high_s24,2.0,q2_a1.5_and,10312,2.333333333333428,2.333333333333428,0.6999999999998299,0.6999999999998299,1.1011745929597025,1.1011745929597025,0,0.0,,65478
bursty_high_s24,2.0,q2_a1.5_and,10313,1.4666666666655885,1.4666666666655885,0.6333333333331631,0.6333333333331631,1.0867085058501276,1.0867085058501276,0,0.0,,65961
bursty_high_s24,2.0,q2_a1.5_and,10314,1.1333333333331836,1.1333333333331836,0.5791666666664965,0.5791666666664965,1.0778299187651248,1.0778299187651248,0,0.0,,65746
bursty_high_s24,2.0,q2_a1.5_and,10315,2.0000000000001137,2.0000000000001137,0.6708333333331632,0.6708333333331632,1.0943024383304718,1.0943024383304718,0,0.0,,65932
bursty_high_s24,2.0,q2_a1.5_and,10316,2.2000000000001165,2.2000000000001165,0.6874999999998298,0.6874999999998298,1.1036846002335567,1.1036846002335567,0,0.0,,65997
bursty_high_s24,2.0,q2_a1.5_and,10317,2.4666666666661854,2.4666666666661854,0.7208333333331631,0.7208333333331631,1.099694662707517,1.099694662707517,0,0.0,,64919
bursty_high_s24,2.0,q2_a1.5_and,10318,2.000000000000071,2.000000000000071,0.6708333333331632,0.6708333333331632,1.0940776732460327,1.0940776732460327,0,0.0,,65929
bursty_high_s24,2.0,q2_a1.5_and,10319,2.1333333333333897,2.1333333333333897,0.6999999999998299,0.6999999999998299,1.1144944963119225,1.1144944963119225,0,0.0,,65686
bursty_high_s24,2.0,q2_a1.5_and,10320,2.400000000000091,2.400000000000091,0.7291666666664965,0.7291666666664965,1.0854756052086862,1.0854756052086862,0,0.0,,65501
bursty_high_s24,2.0,q2_a1.5_and,10321,0.9999999999999432,0.9999999999999432,0.5833333333331632,0.5833333333331632,1.0871102291304529,1.0871102291304529,0,0.0,,65643
bursty_high_s24,2.0,q2_a1.5_and,10322,1.3333333333333641,1.3333333333333641,0.5999999999998298,0.5999999999998298,1.0981996195725678,1.0981996195725678,0,0.0,,65814
bursty_high_s24,2.0,q2_a1.5_and,10323,0.9999999999997442,0.9999999999997442,0.5708333333331631,0.5708333333331631,1.0908117631444136,1.0908117631444136,0,0.0,,65937
bursty_high_s24,2.0,q2_a1.5_and,10324,2.9333333333322287,2.9333333333322287,0.7708333333331632,0.7708333333331632,1.0983933592955195,1.0983933592955195,0,0.0,,65796
bursty_high_s24,2.0,q2_a1.5_and,10325,2.1333333333331836,2.1333333333331836,0.6999999999998299,0.6999999999998299,1.111742724812477,1.111742724812477,0,0.0,,65680
bursty_high_s24,2.0,q2_a1.5_and,10326,0.9999999999997442,0.9999999999997442,0.5541666666664965,0.5541666666664965,1.0835543632839637,1.0835543632839637,0,0.0,,64967
bursty_high_s24,2.0,q2_a1.5_and,10327,1.7333333333328653,1.7333333333328653,0.6458333333331632,0.6458333333331632,1.0855968386315935,1.0855968386315935,0,0.0,,66384
bursty_high_s24,2.0,q2_a1.5_and,10328,2.066666666665867,2.066666666665867,0.6833333333331632,0.6833333333331632,1.1050913350080676,1.1050913350080676,0,0.0,,66072
bursty_high_s24,2.0,q2_a1.5_and,10329,0.9999999999997442,0.9999999999997442,0.5583333333331632,0.5583333333331632,1.08881117217847,1.08881117217847,0,0.0,,65464
bursty_high_s24,2.0,q4_a0.8_or,10300,3.4000000000000554,3.1333333333333897,0.8374999999998298,0.8124999999998298,1.1200437644203889,1.1190002511677524,14,0.5,1.0,66965
bursty_high_s24,2.0,q4_a0.8_or,10301,2.0000000000000355,2.0000000000000355,0.6624999999998298,0.6749999999998298,1.1051975695540897,1.1056717300401055,9,0.5,1.0,66286
bursty_high_s24,2.0,q4_a0.8_or,10302,2.066666666666464,2.4666666666667822,0.7166666666664965,0.7083333333331632,1.105409081631946,1.1012253904028824,18,0.6,1.0,66257
bursty_high_s24,2.0,q4_a0.8_or,10303,3.1333333333331836,3.2666666666667368,0.8583333333331632,0.8958333333331632,1.1284320062955393,1.1286099747166451,13,0.7,1.0,67249
bursty_high_s24,2.0,q4_a0.8_or,10304,1.4666666666659864,1.7333333333334053,0.6041666666664965,0.6499999999998298,1.0917310334307777,1.0990309760389934,12,0.7,1.0,66845
bursty_high_s24,2.0,q4_a0.8_or,10305,1.333333333332547,1.0000000000000355,0.5833333333331632,0.5916666666664965,1.0952372688486776,1.0927413754814579,23,0.9,1.0,67418
bursty_high_s24,2.0,q4_a0.8_or,10306,2.000000000000071,2.000000000000071,0.6791666666664965,0.6791666666664965,1.1039699696264786,1.1039699696264786,9,0.6,1.0,66453
bursty_high_s24,2.0,q4_a0.8_or,10307,2.066666666666265,2.4666666666667822,0.6791666666664965,0.7333333333331632,1.1040345694598916,1.0937756811627675,10,0.4,1.0,66116
bursty_high_s24,2.0,q4_a0.8_or,10308,2.1333333333333897,2.533333333333367,0.6749999999998298,0.7208333333331631,1.0872192113002366,1.0894076502746732,8,0.5,1.0,66417
bursty_high_s24,2.0,q4_a0.8_or,10309,2.333333333333428,2.333333333333428,0.7208333333331631,0.6874999999998298,1.1145637272690796,1.1080466754857254,9,0.5,1.0,66369
bursty_high_s24,2.0,q4_a0.8_or,10310,2.1999999999995055,2.2666666666656283,0.6708333333331632,0.6583333333331631,1.1053809219565625,1.1126026804293856,9,0.7,1.0,66856
bursty_high_s24,2.0,q4_a0.8_or,10311,2.000000000000071,2.333333333333428,0.6416666666664965,0.6749999999998298,1.104206794573248,1.1067534611170526,20,0.7,1.0,67174
bursty_high_s24,2.0,q4_a0.8_or,10312,2.333333333333428,1.866666666666724,0.6999999999998299,0.6749999999998298,1.1011745929597025,1.1003329281861136,10,0.6,1.0,66501
bursty_high_s24,2.0,q4_a0.8_or,10313,1.4666666666655885,1.599999999999227,0.6333333333331631,0.6083333333331632,1.0867085058501276,1.0952465899230326,19,0.6,1.0,68198
bursty_high_s24,2.0,q4_a0.8_or,10314,1.1333333333331836,1.2666666666662252,0.5791666666664965,0.5999999999998298,1.0778299187651248,1.0884443390283425,11,0.5,1.0,66496
bursty_high_s24,2.0,q4_a0.8_or,10315,2.0000000000001137,1.800000000000047,0.6708333333331632,0.6666666666664965,1.0943024383304718,1.1014433861748836,12,0.5,1.0,66426
bursty_high_s24,2.0,q4_a0.8_or,10316,2.2000000000001165,2.1333333333333897,0.6874999999998298,0.6999999999998299,1.1036846002335567,1.0969801805366288,18,0.7,1.0,67471
bursty_high_s24,2.0,q4_a0.8_or,10317,2.4666666666661854,2.600000000000094,0.7208333333331631,0.7166666666664965,1.099694662707517,1.095268232401867,14,0.6,1.0,66629
bursty_high_s24,2.0,q4_a0.8_or,10318,2.000000000000071,1.9333333333328255,0.6708333333331632,0.6708333333331632,1.0940776732460327,1.096811302380515,13,0.5,1.0,66881
bursty_high_s24,2.0,q4_a0.8_or,10319,2.1333333333333897,1.9333333333328255,0.6999999999998299,0.6749999999998298,1.1144944963119225,1.1168432934712624,17,0.7,1.0,67335
bursty_high_s24,2.0,q4_a0.8_or,10320,2.400000000000091,2.599999999999227,0.7291666666664965,0.7124999999998298,1.0854756052086862,1.0988465971881793,13,0.6,1.0,66231
bursty_high_s24,2.0,q4_a0.8_or,10321,0.9999999999999432,0.9999999999999432,0.5833333333331632,0.5708333333331631,1.0871102291304529,1.0889072302298815,8,0.4,1.0,66306
bursty_high_s24,2.0,q4_a0.8_or,10322,1.3333333333333641,1.6666666666655487,0.5999999999998298,0.6416666666664965,1.0981996195725678,1.1061674419547216,17,0.7,1.0,67374
bursty_high_s24,2.0,q4_a0.8_or,10323,0.9999999999997442,1.6000000000000583,0.5708333333331631,0.6333333333331631,1.0908117631444136,1.0942557343892547,12,0.4,1.0,67140
bursty_high_s24,2.0,q4_a0.8_or,10324,2.9333333333322287,2.9333333333322287,0.7708333333331632,0.7958333333331632,1.0983933592955195,1.099618051201977,8,0.3,1.0,66668
bursty_high_s24,2.0,q4_a0.8_or,10325,2.1333333333331836,2.3999999999998636,0.6999999999998299,0.7583333333331631,1.111742724812477,1.1205708465919748,17,0.7,1.0,66475
bursty_high_s24,2.0,q4_a0.8_or,10326,0.9999999999997442,0.9999999999993463,0.5541666666664965,0.5499999999998298,1.0835543632839637,1.082754522846804,8,0.4,1.0,65789
bursty_high_s24,2.0,q4_a0.8_or,10327,1.7333333333328653,1.8666666666665037,0.6458333333331632,0.6374999999998299,1.0855968386315935,1.0902157153325196,9,0.4,1.0,66391
bursty_high_s24,2.0,q4_a0.8_or,10328,2.066666666665867,2.2666666666667012,0.6833333333331632,0.6874999999998298,1.1050913350080676,1.1077955149321945,17,0.8,1.0,67110
bursty_high_s24,2.0,q4_a0.8_or,10329,0.9999999999997442,1.0666666666666984,0.5583333333331632,0.5958333333331631,1.08881117217847,1.0979071657772486,9,0.4,1.0,66172
bursty_high_s24,2.0,q4_a0.8_and,10300,3.4000000000000554,3.4000000000000554,0.8374999999998298,0.8374999999998298,1.1200437644203889,1.1200437644203889,1,0.1,1.0,65868
bursty_high_s24,2.0,q4_a0.8_and,10301,2.0000000000000355,2.0000000000000355,0.6624999999998298,0.6624999999998298,1.1051975695540897,1.1051975695540897,0,0.0,,65994
bursty_high_s24,2.0,q4_a0.8_and,10302,2.066666666666464,2.066666666666464,0.7166666666664965,0.7166666666664965,1.105409081631946,1.105409081631946,0,0.0,,65043
bursty_high_s24,2.0,q4_a0.8_and,10303,3.1333333333331836,3.200000000000088,0.8583333333331632,0.8666666666664965,1.1284320062955393,1.1301405525310146,1,0.1,1.0,65638
bursty_high_s24,2.0,q4_a0.8_and,10304,1.4666666666659864,1.4666666666659864,0.6041666666664965,0.6041666666664965,1.0917310334307777,1.0917310334307777,0,0.0,,65686
bursty_high_s24,2.0,q4_a0.8_and,10305,1.333333333332547,1.333333333332547,0.5833333333331632,0.5833333333331632,1.0952372688486776,1.0952372688486776,0,0.0,,65572
bursty_high_s24,2.0,q4_a0.8_and,10306,2.000000000000071,2.000000000000071,0.6791666666664965,0.6791666666664965,1.1039699696264786,1.1039699696264786,0,0.0,,65269
bursty_high_s24,2.0,q4_a0.8_and,10307,2.066666666666265,2.066666666666265,0.6791666666664965,0.6791666666664965,1.1040345694598916,1.1040345694598916,0,0.0,,65293
bursty_high_s24,2.0,q4_a0.8_and,10308,2.1333333333333897,2.1333333333333897,0.6749999999998298,0.6749999999998298,1.0872192113002366,1.0872192113002366,0,0.0,,66582
bursty_high_s24,2.0,q4_a0.8_and,10309,2.333333333333428,2.333333333333428,0.7208333333331631,0.7208333333331631,1.1145637272690796,1.1145637272690796,0,0.0,,65802
bursty_high_s24,2.0,q4_a0.8_and,10310,2.1999999999995055,2.1999999999995055,0.6708333333331632,0.6708333333331632,1.1053809219565625,1.1053809219565625,0,0.0,,65675
bursty_high_s24,2.0,q4_a0.8_and,10311,2.000000000000071,2.000000000000071,0.6416666666664965,0.6416666666664965,1.104206794573248,1.104206794573248,0,0.0,,65933
bursty_high_s24,2.0,q4_a0.8_and,10312,2.333333333333428,2.333333333333428,0.6999999999998299,0.6999999999998299,1.1011745929597025,1.1011745929597025,0,0.0,,65478
bursty_high_s24,2.0,q4_a0.8_and,10313,1.4666666666655885,1.4666666666655885,0.6333333333331631,0.6333333333331631,1.0867085058501276,1.0867085058501276,0,0.0,,65961
bursty_high_s24,2.0,q4_a0.8_and,10314,1.1333333333331836,1.1333333333331836,0.5791666666664965,0.5791666666664965,1.0778299187651248,1.0778299187651248,0,0.0,,65746
bursty_high_s24,2.0,q4_a0.8_and,10315,2.0000000000001137,2.0000000000001137,0.6708333333331632,0.6708333333331632,1.0943024383304718,1.0943024383304718,0,0.0,,65932
bursty_high_s24,2.0,q4_a0.8_and,10316,2.2000000000001165,2.2000000000001165,0.6874999999998298,0.6874999999998298,1.1036846002335567,1.1036846002335567,0,0.0,,65997
bursty_high_s24,2.0,q4_a0.8_and,10317,2.4666666666661854,2.4666666666661854,0.7208333333331631,0.7208333333331631,1.099694662707517,1.099694662707517,0,0.0,,64919
bursty_high_s24,2.0,q4_a0.8_and,10318,2.000000000000071,2.000000000000071,0.6708333333331632,0.6708333333331632,1.0940776732460327,1.0940776732460327,0,0.0,,65929
bursty_high_s24,2.0,q4_a0.8_and,10319,2.1333333333333897,2.1333333333333897,0.6999999999998299,0.6999999999998299,1.1144944963119225,1.1144944963119225,0,0.0,,65686
bursty_high_s24,2.0,q4_a0.8_and,10320,2.400000000000091,2.400000000000091,0.7291666666664965,0.7291666666664965,1.0854756052086862,1.0854756052086862,0,0.0,,65501
bursty_high_s24,2.0,q4_a0.8_and,10321,0.9999999999999432,0.9999999999999432,0.5833333333331632,0.5833333333331632,1.0871102291304529,1.0871102291304529,0,0.0,,65643
bursty_high_s24,2.0,q4_a0.8_and,10322,1.3333333333333641,1.3333333333333641,0.5999999999998298,0.5999999999998298,1.0981996195725678,1.0981996195725678,0,0.0,,65814
bursty_high_s24,2.0,q4_a0.8_and,10323,0.9999999999997442,0.9999999999997442,0.5708333333331631,0.5708333333331631,1.0908117631444136,1.0908117631444136,0,0.0,,65937
bursty_high_s24,2.0,q4_a0.8_and,10324,2.9333333333322287,2.9333333333322287,0.7708333333331632,0.7708333333331632,1.0983933592955195,1.0983933592955195,0,0.0,,65796
bursty_high_s24,2.0,q4_a0.8_and,10325,2.1333333333331836,2.1333333333331836,0.6999999999998299,0.6999999999998299,1.111742724812477,1.111742724812477,0,0.0,,65680
bursty_high_s24,2.0,q4_a0.8_and,10326,0.9999999999997442,0.9999999999997442,0.5541666666664965,0.5541666666664965,1.0835543632839637,1.0835543632839637,0,0.0,,64967
bursty_high_s24,2.0,q4_a0.8_and,10327,1.7333333333328653,1.7333333333328653,0.6458333333331632,0.6458333333331632,1.0855968386315935,1.0855968386315935,0,0.0,,66384
bursty_high_s24,2.0,q4_a0.8_and,10328,2.066666666665867,2.066666666665867,0.6833333333331632,0.6833333333331632,1.1050913350080676,1.1050913350080676,0,0.0,,66072
bursty_high_s24,2.0,q4_a0.8_and,10329,0.9999999999997442,0.9999999999997442,0.5583333333331632,0.5583333333331632,1.08881117217847,1.08881117217847,0,0.0,,65464
bursty_high_s24,2.0,q4_a1.5_or,10300,3.4000000000000554,3.4000000000000554,0.8374999999998298,0.8374999999998298,1.1200437644203889,1.1200437644203889,1,0.1,1.0,65868
bursty_high_s24,2.0,q4_a1.5_or,10301,2.0000000000000355,2.0000000000000355,0.6624999999998298,0.6624999999998298,1.1051975695540897,1.1051975695540897,0,0.0,,65994
bursty_high_s24,2.0,q4_a1.5_or,10302,2.066666666666464,2.066666666666464,0.7166666666664965,0.7166666666664965,1.105409081631946,1.105409081631946,0,0.0,,65043
bursty_high_s24,2.0,q4_a1.5_or,10303,3.1333333333331836,3.200000000000088,0.8583333333331632,0.8666666666664965,1.1284320062955393,1.1301405525310146,1,0.1,1.0,65638
bursty_high_s24,2.0,q4_a1.5_or,10304,1.4666666666659864,1.4666666666659864,0.6041666666664965,0.6041666666664965,1.0917310334307777,1.0917310334307777,0,0.0,,65686
bursty_high_s24,2.0,q4_a1.5_or,10305,1.333333333332547,1.333333333332547,0.5833333333331632,0.5833333333331632,1.0952372688486776,1.0952372688486776,0,0.0,,65572
bursty_high_s24,2.0,q4_a1.5_or,10306,2.000000000000071,2.000000000000071,0.6791666666664965,0.6791666666664965,1.1039699696264786,1.1039699696264786,0,0.0,,65269
bursty_high_s24,2.0,q4_a1.5_or,10307,2.066666666666265,2.066666666666265,0.6791666666664965,0.6791666666664965,1.1040345694598916,1.1040345694598916,0,0.0,,65293
bursty_high_s24,2.0,q4_a1.5_or,10308,2.1333333333333897,2.1333333333333897,0.6749999999998298,0.6749999999998298,1.0872192113002366,1.0872192113002366,0,0.0,,66582
bursty_high_s24,2.0,q4_a1.5_or,10309,2.333333333333428,2.333333333333428,0.7208333333331631,0.7208333333331631,1.1145637272690796,1.1145637272690796,0,0.0,,65802
bursty_high_s24,2.0,q4_a1.5_or,10310,2.1999999999995055,2.1999999999995055,0.6708333333331632,0.6708333333331632,1.1053809219565625,1.1053809219565625,0,0.0,,65675
bursty_high_s24,2.0,q4_a1.5_or,10311,2.000000000000071,2.000000000000071,0.6416666666664965,0.6416666666664965,1.104206794573248,1.104206794573248,0,0.0,,65933
bursty_high_s24,2.0,q4_a1.5_or,10312,2.333333333333428,2.333333333333428,0.6999999999998299,0.6999999999998299,1.1011745929597025,1.1011745929597025,0,0.0,,65478
bursty_high_s24,2.0,q4_a1.5_or,10313,1.4666666666655885,1.4666666666655885,0.6333333333331631,0.6333333333331631,1.0867085058501276,1.0867085058501276,0,0.0,,65961
bursty_high_s24,2.0,q4_a1.5_or,10314,1.1333333333331836,1.1333333333331836,0.5791666666664965,0.5791666666664965,1.0778299187651248,1.0778299187651248,0,0.0,,65746
bursty_high_s24,2.0,q4_a1.5_or,10315,2.0000000000001137,2.0000000000001137,0.6708333333331632,0.6708333333331632,1.0943024383304718,1.0943024383304718,0,0.0,,65932
bursty_high_s24,2.0,q4_a1.5_or,10316,2.2000000000001165,2.2000000000001165,0.6874999999998298,0.6874999999998298,1.1036846002335567,1.1036846002335567,0,0.0,,65997
bursty_high_s24,2.0,q4_a1.5_or,10317,2.4666666666661854,2.4666666666661854,0.7208333333331631,0.7208333333331631,1.099694662707517,1.099694662707517,0,0.0,,64919
bursty_high_s24,2.0,q4_a1.5_or,10318,2.000000000000071,2.000000000000071,0.6708333333331632,0.6708333333331632,1.0940776732460327,1.0940776732460327,0,0.0,,65929
bursty_high_s24,2.0,q4_a1.5_or,10319,2.1333333333333897,2.1333333333333897,0.6999999999998299,0.6999999999998299,1.1144944963119225,1.1144944963119225,0,0.0,,65686
bursty_high_s24,2.0,q4_a1.5_or,10320,2.400000000000091,2.400000000000091,0.7291666666664965,0.7291666666664965,1.0854756052086862,1.0854756052086862,0,0.0,,65501
bursty_high_s24,2.0,q4_a1.5_or,10321,0.9999999999999432,0.9999999999999432,0.5833333333331632,0.5833333333331632,1.0871102291304529,1.0871102291304529,0,0.0,,65643
bursty_high_s24,2.0,q4_a1.5_or,10322,1.3333333333333641,1.3333333333333641,0.5999999999998298,0.5999999999998298,1.0981996195725678,1.0981996195725678,0,0.0,,65814
bursty_high_s24,2.0,q4_a1.5_or,10323,0.9999999999997442,0.9999999999997442,0.5708333333331631,0.5708333333331631,1.0908117631444136,1.0908117631444136,0,0.0,,65937
bursty_high_s24,2.0,q4_a1.5_or,10324,2.9333333333322287,2.9333333333322287,0.7708333333331632,0.7708333333331632,1.0983933592955195,1.0983933592955195,0,0.0,,65796
bursty_high_s24,2.0,q4_a1.5_or,10325,2.1333333333331836,2.1333333333331836,0.6999999999998299,0.6999999999998299,1.111742724812477,1.111742724812477,0,0.0,,65680
bursty_high_s24,2.0,q4_a1.5_or,10326,0.9999999999997442,0.9999999999997442,0.5541666666664965,0.5541666666664965,1.0835543632839637,1.0835543632839637,0,0.0,,64967
bursty_high_s24,2.0,q4_a1.5_or,10327,1.7333333333328653,1.7333333333328653,0.6458333333331632,0.6458333333331632,1.0855968386315935,1.0855968386315935,0,0.0,,66384
bursty_high_s24,2.0,q4_a1.5_or,10328,2.066666666665867,2.066666666665867,0.6833333333331632,0.6833333333331632,1.1050913350080676,1.1050913350080676,0,0.0,,66072
bursty_high_s24,2.0,q4_a1.5_or,10329,0.9999999999997442,0.9999999999997442,0.5583333333331632,0.5583333333331632,1.08881117217847,1.08881117217847,0,0.0,,65464
bursty_high_s24,2.0,q4_a1.5_and,10300,3.4000000000000554,3.4000000000000554,0.8374999999998298,0.8374999999998298,1.1200437644203889,1.1200437644203889,0,0.0,,65720
bursty_high_s24,2.0,q4_a1.5_and,10301,2.0000000000000355,2.0000000000000355,0.6624999999998298,0.6624999999998298,1.1051975695540897,1.1051975695540897,0,0.0,,65994
bursty_high_s24,2.0,q4_a1.5_and,10302,2.066666666666464,2.066666666666464,0.7166666666664965,0.7166666666664965,1.105409081631946,1.105409081631946,0,0.0,,65043
bursty_high_s24,2.0,q4_a1.5_and,10303,3.1333333333331836,3.1333333333331836,0.8583333333331632,0.8583333333331632,1.1284320062955393,1.1284320062955393,0,0.0,,65646
bursty_high_s24,2.0,q4_a1.5_and,10304,1.4666666666659864,1.4666666666659864,0.6041666666664965,0.6041666666664965,1.0917310334307777,1.0917310334307777,0,0.0,,65686
bursty_high_s24,2.0,q4_a1.5_and,10305,1.333333333332547,1.333333333332547,0.5833333333331632,0.5833333333331632,1.0952372688486776,1.0952372688486776,0,0.0,,65572
bursty_high_s24,2.0,q4_a1.5_and,10306,2.000000000000071,2.000000000000071,0.6791666666664965,0.6791666666664965,1.1039699696264786,1.1039699696264786,0,0.0,,65269
bursty_high_s24,2.0,q4_a1.5_and,10307,2.066666666666265,2.066666666666265,0.6791666666664965,0.6791666666664965,1.1040345694598916,1.1040345694598916,0,0.0,,65293
bursty_high_s24,2.0,q4_a1.5_and,10308,2.1333333333333897,2.1333333333333897,0.6749999999998298,0.6749999999998298,1.0872192113002366,1.0872192113002366,0,0.0,,66582
bursty_high_s24,2.0,q4_a1.5_and,10309,2.333333333333428,2.333333333333428,0.7208333333331631,0.7208333333331631,1.1145637272690796,1.1145637272690796,0,0.0,,65802
bursty_high_s24,2.0,q4_a1.5_and,10310,2.1999999999995055,2.1999999999995055,0.6708333333331632,0.6708333333331632,1.1053809219565625,1.1053809219565625,0,0.0,,65675
bursty_high_s24,2.0,q4_a1.5_and,10311,2.000000000000071,2.000000000000071,0.6416666666664965,0.6416666666664965,1.104206794573248,1.104206794573248,0,0.0,,65933
bursty_high_s24,2.0,q4_a1.5_and,10312,2.333333333333428,2.333333333333428,0.6999999999998299,0.6999999999998299,1.1011745929597025,1.1011745929597025,0,0.0,,65478
bursty_high_s24,2.0,q4_a1.5_and,10313,1.4666666666655885,1.4666666666655885,0.6333333333331631,0.6333333333331631,1.0867085058501276,1.0867085058501276,0,0.0,,65961
bursty_high_s24,2.0,q4_a1.5_and,10314,1.1333333333331836,1.1333333333331836,0.5791666666664965,0.5791666666664965,1.0778299187651248,1.0778299187651248,0,0.0,,65746
bursty_high_s24,2.0,q4_a1.5_and,10315,2.0000000000001137,2.0000000000001137,0.6708333333331632,0.6708333333331632,1.0943024383304718,1.0943024383304718,0,0.0,,65932
bursty_high_s24,2.0,q4_a1.5_and,10316,2.2000000000001165,2.2000000000001165,0.6874999999998298,0.6874999999998298,1.1036846002335567,1.1036846002335567,0,0.0,,65997
bursty_high_s24,2.0,q4_a1.5_and,10317,2.4666666666661854,2.4666666666661854,0.7208333333331631,0.7208333333331631,1.099694662707517,1.099694662707517,0,0.0,,64919
bursty_high_s24,2.0,q4_a1.5_and,10318,2.000000000000071,2.000000000000071,0.6708333333331632,0.6708333333331632,1.0940776732460327,1.0940776732460327,0,0.0,,65929
bursty_high_s24,2.0,q4_a1.5_and,10319,2.1333333333333897,2.1333333333333897,0.6999999999998299,0.6999999999998299,1.1144944963119225,1.1144944963119225,0,0.0,,65686
bursty_high_s24,2.0,q4_a1.5_and,10320,2.400000000000091,2.400000000000091,0.7291666666664965,0.7291666666664965,1.0854756052086862,1.0854756052086862,0,0.0,,65501
bursty_high_s24,2.0,q4_a1.5_and,10321,0.9999999999999432,0.9999999999999432,0.5833333333331632,0.5833333333331632,1.0871102291304529,1.0871102291304529,0,0.0,,65643
bursty_high_s24,2.0,q4_a1.5_and,10322,1.3333333333333641,1.3333333333333641,0.5999999999998298,0.5999999999998298,1.0981996195725678,1.0981996195725678,0,0.0,,65814
bursty_high_s24,2.0,q4_a1.5_and,10323,0.9999999999997442,0.9999999999997442,0.5708333333331631,0.5708333333331631,1.0908117631444136,1.0908117631444136,0,0.0,,65937
bursty_high_s24,2.0,q4_a1.5_and,10324,2.9333333333322287,2.9333333333322287,0.7708333333331632,0.7708333333331632,1.0983933592955195,1.0983933592955195,0,0.0,,65796
bursty_high_s24,2.0,q4_a1.5_and,10325,2.1333333333331836,2.1333333333331836,0.6999999999998299,0.6999999999998299,1.111742724812477,1.111742724812477,0,0.0,,65680
bursty_high_s24,2.0,q4_a1.5_and,10326,0.9999999999997442,0.9999999999997442,0.5541666666664965,0.5541666666664965,1.0835543632839637,1.0835543632839637,0,0.0,,64967
bursty_high_s24,2.0,q4_a1.5_and,10327,1.7333333333328653,1.7333333333328653,0.6458333333331632,0.6458333333331632,1.0855968386315935,1.0855968386315935,0,0.0,,66384
bursty_high_s24,2.0,q4_a1.5_and,10328,2.066666666665867,2.066666666665867,0.6833333333331632,0.6833333333331632,1.1050913350080676,1.1050913350080676,0,0.0,,66072
bursty_high_s24,2.0,q4_a1.5_and,10329,0.9999999999997442,0.9999999999997442,0.5583333333331632,0.5583333333331632,1.08881117217847,1.08881117217847,0,0.0,,65464
bursty_high_s24,2.0,q8_a0.8_or,10300,3.4000000000000554,3.1333333333333897,0.8374999999998298,0.8124999999998298,1.1200437644203889,1.1190002511677524,14,0.5,1.0,66965
bursty_high_s24,2.0,q8_a0.8_or,10301,2.0000000000000355,2.0000000000000355,0.6624999999998298,0.6749999999998298,1.1051975695540897,1.1056717300401055,9,0.5,1.0,66286
bursty_high_s24,2.0,q8_a0.8_or,10302,2.066666666666464,2.4666666666667822,0.7166666666664965,0.7083333333331632,1.105409081631946,1.1012253904028824,18,0.6,1.0,66257
bursty_high_s24,2.0,q8_a0.8_or,10303,3.1333333333331836,3.2666666666667368,0.8583333333331632,0.8958333333331632,1.1284320062955393,1.1286099747166451,13,0.7,1.0,67249
bursty_high_s24,2.0,q8_a0.8_or,10304,1.4666666666659864,1.7333333333334053,0.6041666666664965,0.6499999999998298,1.0917310334307777,1.0990309760389934,12,0.7,1.0,66845
bursty_high_s24,2.0,q8_a0.8_or,10305,1.333333333332547,1.0000000000000355,0.5833333333331632,0.5916666666664965,1.0952372688486776,1.0927413754814579,23,0.9,1.0,67418
bursty_high_s24,2.0,q8_a0.8_or,10306,2.000000000000071,2.000000000000071,0.6791666666664965,0.6791666666664965,1.1039699696264786,1.1039699696264786,9,0.6,1.0,66453
bursty_high_s24,2.0,q8_a0.8_or,10307,2.066666666666265,2.4666666666667822,0.6791666666664965,0.7333333333331632,1.1040345694598916,1.0937756811627675,10,0.4,1.0,66116
bursty_high_s24,2.0,q8_a0.8_or,10308,2.1333333333333897,2.533333333333367,0.6749999999998298,0.7208333333331631,1.0872192113002366,1.0894076502746732,8,0.5,1.0,66417
bursty_high_s24,2.0,q8_a0.8_or,10309,2.333333333333428,2.333333333333428,0.7208333333331631,0.6874999999998298,1.1145637272690796,1.1080466754857254,9,0.5,1.0,66369
bursty_high_s24,2.0,q8_a0.8_or,10310,2.1999999999995055,2.2666666666656283,0.6708333333331632,0.6583333333331631,1.1053809219565625,1.1126026804293856,9,0.7,1.0,66856
bursty_high_s24,2.0,q8_a0.8_or,10311,2.000000000000071,2.333333333333428,0.6416666666664965,0.6749999999998298,1.104206794573248,1.1067534611170526,20,0.7,1.0,67174
bursty_high_s24,2.0,q8_a0.8_or,10312,2.333333333333428,1.866666666666724,0.6999999999998299,0.6749999999998298,1.1011745929597025,1.1003329281861136,10,0.6,1.0,66501
bursty_high_s24,2.0,q8_a0.8_or,10313,1.4666666666655885,1.599999999999227,0.6333333333331631,0.6083333333331632,1.0867085058501276,1.0952465899230326,19,0.6,1.0,68198
bursty_high_s24,2.0,q8_a0.8_or,10314,1.1333333333331836,1.2666666666662252,0.5791666666664965,0.5999999999998298,1.0778299187651248,1.0884443390283425,11,0.5,1.0,66496
bursty_high_s24,2.0,q8_a0.8_or,10315,2.0000000000001137,1.800000000000047,0.6708333333331632,0.6666666666664965,1.0943024383304718,1.1014433861748836,12,0.5,1.0,66426
bursty_high_s24,2.0,q8_a0.8_or,10316,2.2000000000001165,2.1333333333333897,0.6874999999998298,0.6999999999998299,1.1036846002335567,1.0969801805366288,18,0.7,1.0,67471
bursty_high_s24,2.0,q8_a0.8_or,10317,2.4666666666661854,2.600000000000094,0.7208333333331631,0.7166666666664965,1.099694662707517,1.095268232401867,14,0.6,1.0,66629
bursty_high_s24,2.0,q8_a0.8_or,10318,2.000000000000071,1.9333333333328255,0.6708333333331632,0.6708333333331632,1.0940776732460327,1.096811302380515,13,0.5,1.0,66881
bursty_high_s24,2.0,q8_a0.8_or,10319,2.1333333333333897,1.9333333333328255,0.6999999999998299,0.6749999999998298,1.1144944963119225,1.1168432934712624,17,0.7,1.0,67335
bursty_high_s24,2.0,q8_a0.8_or,10320,2.400000000000091,2.599999999999227,0.7291666666664965,0.7124999999998298,1.0854756052086862,1.0988465971881793,13,0.6,1.0,66231
bursty_high_s24,2.0,q8_a0.8_or,10321,0.9999999999999432,0.9999999999999432,0.5833333333331632,0.5708333333331631,1.0871102291304529,1.0889072302298815,8,0.4,1.0,66306
bursty_high_s24,2.0,q8_a0.8_or,10322,1.3333333333333641,1.6666666666655487,0.5999999999998298,0.6416666666664965,1.0981996195725678,1.1061674419547216,17,0.7,1.0,67374
bursty_high_s24,2.0,q8_a0.8_or,10323,0.9999999999997442,1.6000000000000583,0.5708333333331631,0.6333333333331631,1.0908117631444136,1.0942557343892547,12,0.4,1.0,67140
bursty_high_s24,2.0,q8_a0.8_or,10324,2.9333333333322287,2.9333333333322287,0.7708333333331632,0.7958333333331632,1.0983933592955195,1.099618051201977,8,0.3,1.0,66668
bursty_high_s24,2.0,q8_a0.8_or,10325,2.1333333333331836,2.3999999999998636,0.6999999999998299,0.7583333333331631,1.111742724812477,1.1205708465919748,17,0.7,1.0,66475
bursty_high_s24,2.0,q8_a0.8_or,10326,0.9999999999997442,0.9999999999993463,0.5541666666664965,0.5499999999998298,1.0835543632839637,1.082754522846804,8,0.4,1.0,65789
bursty_high_s24,2.0,q8_a0.8_or,10327,1.7333333333328653,1.8666666666665037,0.6458333333331632,0.6374999999998299,1.0855968386315935,1.0902157153325196,9,0.4,1.0,66391
bursty_high_s24,2.0,q8_a0.8_or,10328,2.066666666665867,2.2666666666667012,0.6833333333331632,0.6874999999998298,1.1050913350080676,1.1077955149321945,17,0.8,1.0,67110
bursty_high_s24,2.0,q8_a0.8_or,10329,0.9999999999997442,1.0666666666666984,0.5583333333331632,0.5958333333331631,1.08881117217847,1.0979071657772486,9,0.4,1.0,66172
bursty_high_s24,2.0,q8_a0.8_and,10300,3.4000000000000554,3.4000000000000554,0.8374999999998298,0.8374999999998298,1.1200437644203889,1.1200437644203889,0,0.0,,65720
bursty_high_s24,2.0,q8_a0.8_and,10301,2.0000000000000355,2.0000000000000355,0.6624999999998298,0.6624999999998298,1.1051975695540897,1.1051975695540897,0,0.0,,65994
bursty_high_s24,2.0,q8_a0.8_and,10302,2.066666666666464,2.066666666666464,0.7166666666664965,0.7166666666664965,1.105409081631946,1.105409081631946,0,0.0,,65043
bursty_high_s24,2.0,q8_a0.8_and,10303,3.1333333333331836,3.1333333333331836,0.8583333333331632,0.8583333333331632,1.1284320062955393,1.1284320062955393,0,0.0,,65646
bursty_high_s24,2.0,q8_a0.8_and,10304,1.4666666666659864,1.4666666666659864,0.6041666666664965,0.6041666666664965,1.0917310334307777,1.0917310334307777,0,0.0,,65686
bursty_high_s24,2.0,q8_a0.8_and,10305,1.333333333332547,1.333333333332547,0.5833333333331632,0.5833333333331632,1.0952372688486776,1.0952372688486776,0,0.0,,65572
bursty_high_s24,2.0,q8_a0.8_and,10306,2.000000000000071,2.000000000000071,0.6791666666664965,0.6791666666664965,1.1039699696264786,1.1039699696264786,0,0.0,,65269
bursty_high_s24,2.0,q8_a0.8_and,10307,2.066666666666265,2.066666666666265,0.6791666666664965,0.6791666666664965,1.1040345694598916,1.1040345694598916,0,0.0,,65293
bursty_high_s24,2.0,q8_a0.8_and,10308,2.1333333333333897,2.1333333333333897,0.6749999999998298,0.6749999999998298,1.0872192113002366,1.0872192113002366,0,0.0,,66582
bursty_high_s24,2.0,q8_a0.8_and,10309,2.333333333333428,2.333333333333428,0.7208333333331631,0.7208333333331631,1.1145637272690796,1.1145637272690796,0,0.0,,65802
bursty_high_s24,2.0,q8_a0.8_and,10310,2.1999999999995055,2.1999999999995055,0.6708333333331632,0.6708333333331632,1.1053809219565625,1.1053809219565625,0,0.0,,65675
bursty_high_s24,2.0,q8_a0.8_and,10311,2.000000000000071,2.000000000000071,0.6416666666664965,0.6416666666664965,1.104206794573248,1.104206794573248,0,0.0,,65933
bursty_high_s24,2.0,q8_a0.8_and,10312,2.333333333333428,2.333333333333428,0.6999999999998299,0.6999999999998299,1.1011745929597025,1.1011745929597025,0,0.0,,65478
bursty_high_s24,2.0,q8_a0.8_and,10313,1.4666666666655885,1.4666666666655885,0.6333333333331631,0.6333333333331631,1.0867085058501276,1.0867085058501276,0,0.0,,65961
bursty_high_s24,2.0,q8_a0.8_and,10314,1.1333333333331836,1.1333333333331836,0.5791666666664965,0.5791666666664965,1.0778299187651248,1.0778299187651248,0,0.0,,65746
bursty_high_s24,2.0,q8_a0.8_and,10315,2.0000000000001137,2.0000000000001137,0.6708333333331632,0.6708333333331632,1.0943024383304718,1.0943024383304718,0,0.0,,65932
bursty_high_s24,2.0,q8_a0.8_and,10316,2.2000000000001165,2.2000000000001165,0.6874999999998298,0.6874999999998298,1.1036846002335567,1.1036846002335567,0,0.0,,65997
bursty_high_s24,2.0,q8_a0.8_and,10317,2.4666666666661854,2.4666666666661854,0.7208333333331631,0.7208333333331631,1.099694662707517,1.099694662707517,0,0.0,,64919
bursty_high_s24,2.0,q8_a0.8_and,10318,2.000000000000071,2.000000000000071,0.6708333333331632,0.6708333333331632,1.0940776732460327,1.0940776732460327,0,0.0,,65929
bursty_high_s24,2.0,q8_a0.8_and,10319,2.1333333333333897,2.1333333333333897,0.6999999999998299,0.6999999999998299,1.1144944963119225,1.1144944963119225,0,0.0,,65686
bursty_high_s24,2.0,q8_a0.8_and,10320,2.400000000000091,2.400000000000091,0.7291666666664965,0.7291666666664965,1.0854756052086862,1.0854756052086862,0,0.0,,65501
bursty_high_s24,2.0,q8_a0.8_and,10321,0.9999999999999432,0.9999999999999432,0.5833333333331632,0.5833333333331632,1.0871102291304529,1.0871102291304529,0,0.0,,65643
bursty_high_s24,2.0,q8_a0.8_and,10322,1.3333333333333641,1.3333333333333641,0.5999999999998298,0.5999999999998298,1.0981996195725678,1.0981996195725678,0,0.0,,65814
bursty_high_s24,2.0,q8_a0.8_and,10323,0.9999999999997442,0.9999999999997442,0.5708333333331631,0.5708333333331631,1.0908117631444136,1.0908117631444136,0,0.0,,65937
bursty_high_s24,2.0,q8_a0.8_and,10324,2.9333333333322287,2.9333333333322287,0.7708333333331632,0.7708333333331632,1.0983933592955195,1.0983933592955195,0,0.0,,65796
bursty_high_s24,2.0,q8_a0.8_and,10325,2.1333333333331836,2.1333333333331836,0.6999999999998299,0.6999999999998299,1.111742724812477,1.111742724812477,0,0.0,,65680
bursty_high_s24,2.0,q8_a0.8_and,10326,0.9999999999997442,0.9999999999997442,0.5541666666664965,0.5541666666664965,1.0835543632839637,1.0835543632839637,0,0.0,,64967
bursty_high_s24,2.0,q8_a0.8_and,10327,1.7333333333328653,1.7333333333328653,0.6458333333331632,0.6458333333331632,1.0855968386315935,1.0855968386315935,0,0.0,,66384
bursty_high_s24,2.0,q8_a0.8_and,10328,2.066666666665867,2.066666666665867,0.6833333333331632,0.6833333333331632,1.1050913350080676,1.1050913350080676,0,0.0,,66072
bursty_high_s24,2.0,q8_a0.8_and,10329,0.9999999999997442,0.9999999999997442,0.5583333333331632,0.5583333333331632,1.08881117217847,1.08881117217847,0,0.0,,65464
bursty_high_s24,2.0,q8_a1.5_or,10300,3.4000000000000554,3.4000000000000554,0.8374999999998298,0.8374999999998298,1.1200437644203889,1.1200437644203889,0,0.0,,65720
bursty_high_s24,2.0,q8_a1.5_or,10301,2.0000000000000355,2.0000000000000355,0.6624999999998298,0.6624999999998298,1.1051975695540897,1.1051975695540897,0,0.0,,65994
bursty_high_s24,2.0,q8_a1.5_or,10302,2.066666666666464,2.066666666666464,0.7166666666664965,0.7166666666664965,1.105409081631946,1.105409081631946,0,0.0,,65043
bursty_high_s24,2.0,q8_a1.5_or,10303,3.1333333333331836,3.1333333333331836,0.8583333333331632,0.8583333333331632,1.1284320062955393,1.1284320062955393,0,0.0,,65646
bursty_high_s24,2.0,q8_a1.5_or,10304,1.4666666666659864,1.4666666666659864,0.6041666666664965,0.6041666666664965,1.0917310334307777,1.0917310334307777,0,0.0,,65686
bursty_high_s24,2.0,q8_a1.5_or,10305,1.333333333332547,1.333333333332547,0.5833333333331632,0.5833333333331632,1.0952372688486776,1.0952372688486776,0,0.0,,65572
bursty_high_s24,2.0,q8_a1.5_or,10306,2.000000000000071,2.000000000000071,0.6791666666664965,0.6791666666664965,1.1039699696264786,1.1039699696264786,0,0.0,,65269
bursty_high_s24,2.0,q8_a1.5_or,10307,2.066666666666265,2.066666666666265,0.6791666666664965,0.6791666666664965,1.1040345694598916,1.1040345694598916,0,0.0,,65293
bursty_high_s24,2.0,q8_a1.5_or,10308,2.1333333333333897,2.1333333333333897,0.6749999999998298,0.6749999999998298,1.0872192113002366,1.0872192113002366,0,0.0,,66582
bursty_high_s24,2.0,q8_a1.5_or,10309,2.333333333333428,2.333333333333428,0.7208333333331631,0.7208333333331631,1.1145637272690796,1.1145637272690796,0,0.0,,65802
bursty_high_s24,2.0,q8_a1.5_or,10310,2.1999999999995055,2.1999999999995055,0.6708333333331632,0.6708333333331632,1.1053809219565625,1.1053809219565625,0,0.0,,65675
bursty_high_s24,2.0,q8_a1.5_or,10311,2.000000000000071,2.000000000000071,0.6416666666664965,0.6416666666664965,1.104206794573248,1.104206794573248,0,0.0,,65933
bursty_high_s24,2.0,q8_a1.5_or,10312,2.333333333333428,2.333333333333428,0.6999999999998299,0.6999999999998299,1.1011745929597025,1.1011745929597025,0,0.0,,65478
bursty_high_s24,2.0,q8_a1.5_or,10313,1.4666666666655885,1.4666666666655885,0.6333333333331631,0.6333333333331631,1.0867085058501276,1.0867085058501276,0,0.0,,65961
bursty_high_s24,2.0,q8_a1.5_or,10314,1.1333333333331836,1.1333333333331836,0.5791666666664965,0.5791666666664965,1.0778299187651248,1.0778299187651248,0,0.0,,65746
bursty_high_s24,2.0,q8_a1.5_or,10315,2.0000000000001137,2.0000000000001137,0.6708333333331632,0.6708333333331632,1.0943024383304718,1.0943024383304718,0,0.0,,65932
bursty_high_s24,2.0,q8_a1.5_or,10316,2.2000000000001165,2.2000000000001165,0.6874999999998298,0.6874999999998298,1.1036846002335567,1.1036846002335567,0,0.0,,65997
bursty_high_s24,2.0,q8_a1.5_or,10317,2.4666666666661854,2.4666666666661854,0.7208333333331631,0.7208333333331631,1.099694662707517,1.099694662707517,0,0.0,,64919
bursty_high_s24,2.0,q8_a1.5_or,10318,2.000000000000071,2.000000000000071,0.6708333333331632,0.6708333333331632,1.0940776732460327,1.0940776732460327,0,0.0,,65929
bursty_high_s24,2.0,q8_a1.5_or,10319,2.1333333333333897,2.1333333333333897,0.6999999999998299,0.6999999999998299,1.1144944963119225,1.1144944963119225,0,0.0,,65686
bursty_high_s24,2.0,q8_a1.5_or,10320,2.400000000000091,2.400000000000091,0.7291666666664965,0.7291666666664965,1.0854756052086862,1.0854756052086862,0,0.0,,65501
bursty_high_s24,2.0,q8_a1.5_or,10321,0.9999999999999432,0.9999999999999432,0.5833333333331632,0.5833333333331632,1.0871102291304529,1.0871102291304529,0,0.0,,65643
bursty_high_s24,2.0,q8_a1.5_or,10322,1.3333333333333641,1.3333333333333641,0.5999999999998298,0.5999999999998298,1.0981996195725678,1.0981996195725678,0,0.0,,65814
bursty_high_s24,2.0,q8_a1.5_or,10323,0.9999999999997442,0.9999999999997442,0.5708333333331631,0.5708333333331631,1.0908117631444136,1.0908117631444136,0,0.0,,65937
bursty_high_s24,2.0,q8_a1.5_or,10324,2.9333333333322287,2.9333333333322287,0.7708333333331632,0.7708333333331632,1.0983933592955195,1.0983933592955195,0,0.0,,65796
bursty_high_s24,2.0,q8_a1.5_or,10325,2.1333333333331836,2.1333333333331836,0.6999999999998299,0.6999999999998299,1.111742724812477,1.111742724812477,0,0.0,,65680
bursty_high_s24,2.0,q8_a1.5_or,10326,0.9999999999997442,0.9999999999997442,0.5541666666664965,0.5541666666664965,1.0835543632839637,1.0835543632839637,0,0.0,,64967
bursty_high_s24,2.0,q8_a1.5_or,10327,1.7333333333328653,1.7333333333328653,0.6458333333331632,0.6458333333331632,1.0855968386315935,1.0855968386315935,0,0.0,,66384
bursty_high_s24,2.0,q8_a1.5_or,10328,2.066666666665867,2.066666666665867,0.6833333333331632,0.6833333333331632,1.1050913350080676,1.1050913350080676,0,0.0,,66072
bursty_high_s24,2.0,q8_a1.5_or,10329,0.9999999999997442,0.9999999999997442,0.5583333333331632,0.5583333333331632,1.08881117217847,1.08881117217847,0,0.0,,65464
bursty_high_s24,2.0,q8_a1.5_and,10300,3.4000000000000554,3.4000000000000554,0.8374999999998298,0.8374999999998298,1.1200437644203889,1.1200437644203889,0,0.0,,65720
bursty_high_s24,2.0,q8_a1.5_and,10301,2.0000000000000355,2.0000000000000355,0.6624999999998298,0.6624999999998298,1.1051975695540897,1.1051975695540897,0,0.0,,65994
bursty_high_s24,2.0,q8_a1.5_and,10302,2.066666666666464,2.066666666666464,0.7166666666664965,0.7166666666664965,1.105409081631946,1.105409081631946,0,0.0,,65043
bursty_high_s24,2.0,q8_a1.5_and,10303,3.1333333333331836,3.1333333333331836,0.8583333333331632,0.8583333333331632,1.1284320062955393,1.1284320062955393,0,0.0,,65646
bursty_high_s24,2.0,q8_a1.5_and,10304,1.4666666666659864,1.4666666666659864,0.6041666666664965,0.6041666666664965,1.0917310334307777,1.0917310334307777,0,0.0,,65686
bursty_high_s24,2.0,q8_a1.5_and,10305,1.333333333332547,1.333333333332547,0.5833333333331632,0.5833333333331632,1.0952372688486776,1.0952372688486776,0,0.0,,65572
bursty_high_s24,2.0,q8_a1.5_and,10306,2.000000000000071,2.000000000000071,0.6791666666664965,0.6791666666664965,1.1039699696264786,1.1039699696264786,0,0.0,,65269
bursty_high_s24,2.0,q8_a1.5_and,10307,2.066666666666265,2.066666666666265,0.6791666666664965,0.6791666666664965,1.1040345694598916,1.1040345694598916,0,0.0,,65293
bursty_high_s24,2.0,q8_a1.5_and,10308,2.1333333333333897,2.1333333333333897,0.6749999999998298,0.6749999999998298,1.0872192113002366,1.0872192113002366,0,0.0,,66582
bursty_high_s24,2.0,q8_a1.5_and,10309,2.333333333333428,2.333333333333428,0.7208333333331631,0.7208333333331631,1.1145637272690796,1.1145637272690796,0,0.0,,65802
bursty_high_s24,2.0,q8_a1.5_and,10310,2.1999999999995055,2.1999999999995055,0.6708333333331632,0.6708333333331632,1.1053809219565625,1.1053809219565625,0,0.0,,65675
bursty_high_s24,2.0,q8_a1.5_and,10311,2.000000000000071,2.000000000000071,0.6416666666664965,0.6416666666664965,1.104206794573248,1.104206794573248,0,0.0,,65933
bursty_high_s24,2.0,q8_a1.5_and,10312,2.333333333333428,2.333333333333428,0.6999999999998299,0.6999999999998299,1.1011745929597025,1.1011745929597025,0,0.0,,65478
bursty_high_s24,2.0,q8_a1.5_and,10313,1.4666666666655885,1.4666666666655885,0.6333333333331631,0.6333333333331631,1.0867085058501276,1.0867085058501276,0,0.0,,65961
bursty_high_s24,2.0,q8_a1.5_and,10314,1.1333333333331836,1.1333333333331836,0.5791666666664965,0.5791666666664965,1.0778299187651248,1.0778299187651248,0,0.0,,65746
bursty_high_s24,2.0,q8_a1.5_and,10315,2.0000000000001137,2.0000000000001137,0.6708333333331632,0.6708333333331632,1.0943024383304718,1.0943024383304718,0,0.0,,65932
bursty_high_s24,2.0,q8_a1.5_and,10316,2.2000000000001165,2.2000000000001165,0.6874999999998298,0.6874999999998298,1.1036846002335567,1.1036846002335567,0,0.0,,65997
bursty_high_s24,2.0,q8_a1.5_and,10317,2.4666666666661854,2.4666666666661854,0.7208333333331631,0.7208333333331631,1.099694662707517,1.099694662707517,0,0.0,,64919
bursty_high_s24,2.0,q8_a1.5_and,10318,2.000000000000071,2.000000000000071,0.6708333333331632,0.6708333333331632,1.0940776732460327,1.0940776732460327,0,0.0,,65929
bursty_high_s24,2.0,q8_a1.5_and,10319,2.1333333333333897,2.1333333333333897,0.6999999999998299,0.6999999999998299,1.1144944963119225,1.1144944963119225,0,0.0,,65686
bursty_high_s24,2.0,q8_a1.5_and,10320,2.400000000000091,2.400000000000091,0.7291666666664965,0.7291666666664965,1.0854756052086862,1.0854756052086862,0,0.0,,65501
bursty_high_s24,2.0,q8_a1.5_and,10321,0.9999999999999432,0.9999999999999432,0.5833333333331632,0.5833333333331632,1.0871102291304529,1.0871102291304529,0,0.0,,65643
bursty_high_s24,2.0,q8_a1.5_and,10322,1.3333333333333641,1.3333333333333641,0.5999999999998298,0.5999999999998298,1.0981996195725678,1.0981996195725678,0,0.0,,65814
bursty_high_s24,2.0,q8_a1.5_and,10323,0.9999999999997442,0.9999999999997442,0.5708333333331631,0.5708333333331631,1.0908117631444136,1.0908117631444136,0,0.0,,65937
bursty_high_s24,2.0,q8_a1.5_and,10324,2.9333333333322287,2.9333333333322287,0.7708333333331632,0.7708333333331632,1.0983933592955195,1.0983933592955195,0,0.0,,65796
bursty_high_s24,2.0,q8_a1.5_and,10325,2.1333333333331836,2.1333333333331836,0.6999999999998299,0.6999999999998299,1.111742724812477,1.111742724812477,0,0.0,,65680
bursty_high_s24,2.0,q8_a1.5_and,10326,0.9999999999997442,0.9999999999997442,0.5541666666664965,0.5541666666664965,1.0835543632839637,1.0835543632839637,0,0.0,,64967
bursty_high_s24,2.0,q8_a1.5_and,10327,1.7333333333328653,1.7333333333328653,0.6458333333331632,0.6458333333331632,1.0855968386315935,1.0855968386315935,0,0.0,,66384
bursty_high_s24,2.0,q8_a1.5_and,10328,2.066666666665867,2.066666666665867,0.6833333333331632,0.6833333333331632,1.1050913350080676,1.1050913350080676,0,0.0,,66072
bursty_high_s24,2.0,q8_a1.5_and,10329,0.9999999999997442,0.9999999999997442,0.5583333333331632,0.5583333333331632,1.08881117217847,1.08881117217847,0,0.0,,65464
