workload,penalty,config,seed,baseline_p95_wait,burst_aware_p95_wait,baseline_avg_wait,burst_aware_avg_wait,baseline_avg_slowdown,burst_aware_avg_slowdown,detector_fires,recall,precision,sched_cores_scanned
rate3.0_s4,0.0,q2_a0.8_or,10700,8.333333333333428,5.333333333333329,3.3250000000000397,2.3000000000000402,1.5657414052999372,1.6517102012655787,10,1.0,1.0,84438
rate3.0_s4,0.0,q2_a0.8_or,10701,7.333333333333485,5.666666666666657,3.2000000000000397,2.4250000000000402,1.531827320601695,1.6411896331764908,10,1.0,1.0,82505
rate3.0_s4,0.0,q2_a0.8_or,10702,8.333333333333428,7.333333333333371,3.12500000000004,2.75000000000004,1.495451270951301,1.5783310900392693,10,1.0,1.0,82432
rate3.0_s4,0.0,q2_a0.8_or,10703,11.333333333333371,5.666666666666629,3.3500000000000396,2.32500000000004,1.4132863323675364,1.6132839519239368,10,1.0,1.0,84640
rate3.0_s4,0.0,q2_a0.8_or,10704,8.666666666666742,5.333333333333329,3.27500000000004,2.35000000000004,1.5262592050154482,1.5954392504678232,10,1.0,1.0,82352
rate3.0_s4,0.0,q2_a0.8_or,10705,8.333333333333329,5.333333333333329,3.4750000000000396,2.35000000000004,1.6377848553229348,1.6383097483001037,10,1.0,1.0,83958
rate3.0_s4,0.0,q2_a0.8_or,10706,6.999999999999943,5.999999999999943,2.7750000000000403,2.6500000000000403,1.4559907673228971,1.7512966551633657,10,1.0,1.0,83943
rate3.0_s4,0.0,q2_a0.8_or,10707,7.0,5.333333333333329,2.85000000000004,2.2750000000000403,1.4741540446272505,1.6550300325638072,10,1.0,1.0,84232
rate3.0_s4,0.0,q2_a0.8_or,10708,8.333333333333314,5.333333333333314,3.40000000000004,2.35000000000004,1.552691040491328,1.7202017791790964,10,1.0,1.0,84009
rate3.0_s4,0.0,q2_a0.8_or,10709,7.0,5.666666666666629,3.0500000000000402,2.4250000000000402,1.5456813508166973,1.670972877158731,10,1.0,1.0,83533
rate3.0_s4,0.0,q2_a0.8_or,10710,8.333333333333428,5.6666666666667425,3.25000000000004,2.45000000000004,1.5241089291943326,1.5847999610604522,10,1.0,1.0,84757
rate3.0_s4,0.0,q2_a0.8_or,10711,7.333333333333485,5.333333333333371,3.07500000000004,2.3000000000000402,1.6536218856584852,1.709633406273981,10,1.0,1.0,84548
rate3.0_s4,0.0,q2_a0.8_or,10712,7.333333333333371,5.333333333333329,3.10000000000004,2.35000000000004,1.607331184027651,1.6512146005132167,10,1.0,1.0,83663
rate3.0_s4,0.0,q2_a0.8_or,10713,8.333333333333314,5.333333333333314,3.4500000000000397,2.3000000000000402,1.6074743955672672,1.5769648817704425,10,1.0,1.0,84720
rate3.0_s4,0.0,q2_a0.8_or,10714,8.333333333333329,7.0,3.2000000000000397,2.95000000000004,1.577794504162728,1.7014143264025978,10,1.0,1.0,84812
rate3.0_s4,0.0,q2_a0.8_or,10715,8.333333333333329,5.666666666666629,3.25000000000004,2.35000000000004,1.5098749776493632,1.6049920352259606,10,1.0,1.0,81499
rate3.0_s4,0.0,q2_a0.8_or,10716,7.666666666666671,5.333333333333371,3.30000000000004,2.5500000000000402,1.698094544170542,1.6258551483698156,10,1.0,1.0,84856
rate3.0_s4,0.0,q2_a0.8_or,10717,7.333333333333286,5.333333333333314,3.1500000000000403,2.4000000000000403,1.6971042583546307,1.6654003234632078,10,1.0,1.0,85162
rate3.0_s4,0.0,q2_a0.8_or,10718,8.666666666666742,6.333333333333371,3.25000000000004,2.45000000000004,1.6271513496905752,1.6570684611755038,10,1.0,1.0,83707
rate3.0_s4,0.0,q2_a0.8_or,10719,8.666666666666742,5.333333333333371,3.50000000000004,2.35000000000004,1.5572406744657308,1.789137430238934,10,1.0,1.0,85318
rate3.0_s4,0.0,q2_a0.8_or,10720,7.333333333333371,5.333333333333329,3.00000000000004,2.2750000000000403,1.4576286075959437,1.4884629622473924,10,1.0,1.0,82241
rate3.0_s4,0.0,q2_a0.8_or,10721,7.333333333333286,5.333333333333329,2.95000000000004,2.37500000000004,1.5090028218889313,1.6389053273803733,10,1.0,1.0,83232
rate3.0_s4,0.0,q2_a0.8_or,10722,8.333333333333485,5.666666666666664,3.50000000000004,2.5250000000000403,1.5890804008462514,1.633640244056761,10,1.0,1.0,84387
rate3.0_s4,0.0,q2_a0.8_or,10723,7.999999999999943,5.666666666666629,3.0250000000000403,2.32500000000004,1.4857546791804321,1.6928415071783351,10,1.0,1.0,84114
rate3.0_s4,0.0,q2_a0.8_or,10724,8.333333333333428,5.666666666666629,3.3500000000000396,2.35000000000004,1.4609041698752907,1.4520133996243616,10,1.0,1.0,82331
rate3.0_s4,0.0,q2_a0.8_or,10725,7.333333333333371,5.333333333333329,2.97500000000004,2.22500000000004,1.4583221913914932,1.549656880939006,10,1.0,1.0,83889
rate3.0_s4,0.0,q2_a0.8_or,10726,8.333333333333314,5.333333333333371,3.27500000000004,2.2750000000000403,1.5266597412451524,1.4879505642565634,10,1.0,1.0,83711
rate3.0_s4,0.0,q2_a0.8_or,10727,8.666666666666664,5.333333333333371,3.40000000000004,1.9500000000000401,1.5181594497619038,1.421034312896999,10,1.0,1.0,84467
rate3.0_s4,0.0,q2_a0.8_or,10728,7.333333333333371,5.666666666666629,3.00000000000004,2.2750000000000403,1.3743409077676603,1.554376683970456,10,1.0,1.0,87873
rate3.0_s4,0.0,q2_a0.8_or,10729,8.333333333333314,5.333333333333286,3.2000000000000397,2.1750000000000402,1.5585824768071075,1.5412898900079417,10,1.0,1.0,82378
rate3.0_s4,0.0,q2_a0.8_and,10700,8.333333333333428,7.0,3.3250000000000397,3.07500000000004,1.5657414052999372,1.6224753692633904,5,0.5,1.0,84266
rate3.0_s4,0.0,q2_a0.8_and,10701,7.333333333333485,5.666666666666686,3.2000000000000397,2.7750000000000403,1.531827320601695,1.531186033449497,5,0.5,1.0,82740
rate3.0_s4,0.0,q2_a0.8_and,10702,8.333333333333428,7.333333333333371,3.12500000000004,3.07500000000004,1.495451270951301,1.623498608600484,5,0.5,1.0,82091
rate3.0_s4,0.0,q2_a0.8_and,10703,11.333333333333371,7.000000000000014,3.3500000000000396,2.97500000000004,1.4132863323675364,1.4948550806098353,5,0.5,1.0,84430
rate3.0_s4,0.0,q2_a0.8_and,10704,8.666666666666742,6.666666666666856,3.27500000000004,2.8000000000000402,1.5262592050154482,1.5839810035020492,5,0.5,1.0,82970
rate3.0_s4,0.0,q2_a0.8_and,10705,8.333333333333329,8.333333333333286,3.4750000000000396,3.07500000000004,1.6377848553229348,1.6619762270860676,5,0.5,1.0,84678
rate3.0_s4,0.0,q2_a0.8_and,10706,6.999999999999943,5.6666666666667425,2.7750000000000403,2.6750000000000402,1.4559907673228971,1.6386550493501908,5,0.5,1.0,83804
rate3.0_s4,0.0,q2_a0.8_and,10707,7.0,5.333333333333485,2.85000000000004,2.6750000000000402,1.4741540446272505,1.59777872898764,5,0.5,1.0,84677
rate3.0_s4,0.0,q2_a0.8_and,10708,8.333333333333314,5.666666666666686,3.40000000000004,2.70000000000004,1.552691040491328,1.7196385655895672,5,0.5,1.0,83698
rate3.0_s4,0.0,q2_a0.8_and,10709,7.0,5.666666666666629,3.0500000000000402,2.45000000000004,1.5456813508166973,1.5887598114994579,5,0.5,1.0,83284
rate3.0_s4,0.0,q2_a0.8_and,10710,8.333333333333428,7.333333333333371,3.25000000000004,2.82500000000004,1.5241089291943326,1.514846455869359,5,0.5,1.0,84589
rate3.0_s4,0.0,q2_a0.8_and,10711,7.333333333333485,6.333333333333485,3.07500000000004,2.85000000000004,1.6536218856584852,1.711940793733854,5,0.5,1.0,83996
rate3.0_s4,0.0,q2_a0.8_and,10712,7.333333333333371,5.666666666666657,3.10000000000004,2.72500000000004,1.607331184027651,1.60158328144351,5,0.5,1.0,82344
rate3.0_s4,0.0,q2_a0.8_and,10713,8.333333333333314,6.333333333333428,3.4500000000000397,2.9250000000000402,1.6074743955672672,1.556279048291757,5,0.5,1.0,84571
rate3.0_s4,0.0,q2_a0.8_and,10714,8.333333333333329,6.666666666666856,3.2000000000000397,2.9250000000000402,1.577794504162728,1.7236508085530875,5,0.5,1.0,85047
rate3.0_s4,0.0,q2_a0.8_and,10715,8.333333333333329,5.666666666666629,3.25000000000004,2.7750000000000403,1.5098749776493632,1.5522255802631235,5,0.5,1.0,82566
rate3.0_s4,0.0,q2_a0.8_and,10716,7.666666666666671,7.666666666666671,3.30000000000004,2.97500000000004,1.698094544170542,1.6623548719434555,5,0.5,1.0,84195
rate3.0_s4,0.0,q2_a0.8_and,10717,7.333333333333286,7.0,3.1500000000000403,3.00000000000004,1.6971042583546307,1.7137571589836884,5,0.5,1.0,83983
rate3.0_s4,0.0,q2_a0.8_and,10718,8.666666666666742,7.333333333333371,3.25000000000004,2.82500000000004,1.6271513496905752,1.6705616722814647,5,0.5,1.0,82487
rate3.0_s4,0.0,q2_a0.8_and,10719,8.666666666666742,7.333333333333485,3.50000000000004,2.95000000000004,1.5572406744657308,1.6266414345382425,5,0.5,1.0,83105
rate3.0_s4,0.0,q2_a0.8_and,10720,7.333333333333371,6.333333333333485,3.00000000000004,2.6750000000000402,1.4576286075959437,1.5294023298972863,5,0.5,1.0,81218
rate3.0_s4,0.0,q2_a0.8_and,10721,7.333333333333286,5.666666666666657,2.95000000000004,2.82500000000004,1.5090028218889313,1.6844076624547193,5,0.5,1.0,82149
rate3.0_s4,0.0,q2_a0.8_and,10722,8.333333333333485,8.333333333333428,3.50000000000004,3.07500000000004,1.5890804008462514,1.749565030764796,5,0.5,1.0,84832
rate3.0_s4,0.0,q2_a0.8_and,10723,7.999999999999943,7.0,3.0250000000000403,2.7750000000000403,1.4857546791804321,1.5993068990194166,5,0.5,1.0,83672
rate3.0_s4,0.0,q2_a0.8_and,10724,8.333333333333428,7.666666666666799,3.3500000000000396,3.00000000000004,1.4609041698752907,1.557437949937282,5,0.5,1.0,82588
rate3.0_s4,0.0,q2_a0.8_and,10725,7.333333333333371,5.666666666666671,2.97500000000004,2.57500000000004,1.4583221913914932,1.530364716226361,5,0.5,1.0,82595
rate3.0_s4,0.0,q2_a0.8_and,10726,8.333333333333314,5.666666666666629,3.27500000000004,2.57500000000004,1.5266597412451524,1.5339453794903493,5,0.5,1.0,83804
rate3.0_s4,0.0,q2_a0.8_and,10727,8.666666666666664,6.333333333333485,3.40000000000004,2.87500000000004,1.5181594497619038,1.531897261268678,5,0.5,1.0,83663
rate3.0_s4,0.0,q2_a0.8_and,10728,7.333333333333371,5.6666666666667425,3.00000000000004,2.82500000000004,1.3743409077676603,1.4771102666521567,5,0.5,1.0,87874
rate3.0_s4,0.0,q2_a0.8_and,10729,8.333333333333314,5.666666666666671,3.2000000000000397,2.62500000000004,1.5585824768071075,1.5724933575929883,5,0.5,1.0,82072
rate3.0_s4,0.0,q2_a1.5_or,10700,8.333333333333428,7.0,3.3250000000000397,3.07500000000004,1.5657414052999372,1.6224753692633904,5,0.5,1.0,84266
rate3.0_s4,0.0,q2_a1.5_or,10701,7.333333333333485,5.666666666666686,3.2000000000000397,2.7750000000000403,1.531827320601695,1.531186033449497,5,0.5,1.0,82740
rate3.0_s4,0.0,q2_a1.5_or,10702,8.333333333333428,7.333333333333371,3.12500000000004,3.07500000000004,1.495451270951301,1.623498608600484,5,0.5,1.0,82091
rate3.0_s4,0.0,q2_a1.5_or,10703,11.333333333333371,7.000000000000014,3.3500000000000396,2.97500000000004,1.4132863323675364,1.4948550806098353,5,0.5,1.0,84430
rate3.0_s4,0.0,q2_a1.5_or,10704,8.666666666666742,6.666666666666856,3.27500000000004,2.8000000000000402,1.5262592050154482,1.5839810035020492,5,0.5,1.0,82970
rate3.0_s4,0.0,q2_a1.5_or,10705,8.333333333333329,8.333333333333286,3.4750000000000396,3.07500000000004,1.6377848553229348,1.6619762270860676,5,0.5,1.0,84678
rate3.0_s4,0.0,q2_a1.5_or,10706,6.999999999999943,5.6666666666667425,2.7750000000000403,2.6750000000000402,1.4559907673228971,1.6386550493501908,5,0.5,1.0,83804
rate3.0_s4,0.0,q2_a1.5_or,10707,7.0,5.333333333333485,2.85000000000004,2.6750000000000402,1.4741540446272505,1.59777872898764,5,0.5,1.0,84677
rate3.0_s4,0.0,q2_a1.5_or,10708,8.333333333333314,5.666666666666686,3.40000000000004,2.70000000000004,1.552691040491328,1.7196385655895672,5,0.5,1.0,83698
rate3.0_s4,0.0,q2_a1.5_or,10709,7.0,5.666666666666629,3.0500000000000402,2.45000000000004,1.5456813508166973,1.5887598114994579,5,0.5,1.0,83284
rate3.0_s4,0.0,q2_a1.5_or,10710,8.333333333333428,7.333333333333371,3.25000000000004,2.82500000000004,1.5241089291943326,1.514846455869359,5,0.5,1.0,84589
rate3.0_s4,0.0,q2_a1.5_or,10711,7.333333333333485,6.333333333333485,3.07500000000004,2.85000000000004,1.6536218856584852,1.711940793733854,5,0.5,1.0,83996
rate3.0_s4,0.0,q2_a1.5_or,10712,7.333333333333371,5.666666666666657,3.10000000000004,2.72500000000004,1.607331184027651,1.60158328144351,5,0.5,1.0,82344
rate3.0_s4,0.0,q2_a1.5_or,10713,8.333333333333314,6.333333333333428,3.4500000000000397,2.9250000000000402,1.6074743955672672,1.556279048291757,5,0.5,1.0,84571
rate3.0_s4,0.0,q2_a1.5_or,10714,8.333333333333329,6.666666666666856,3.2000000000000397,2.9250000000000402,1.577794504162728,1.7236508085530875,5,0.5,1.0,85047
rate3.0_s4,0.0,q2_a1.5_or,10715,8.333333333333329,5.666666666666629,3.25000000000004,2.7750000000000403,1.5098749776493632,1.5522255802631235,5,0.5,1.0,82566
rate3.0_s4,0.0,q2_a1.5_or,10716,7.666666666666671,7.666666666666671,3.30000000000004,2.97500000000004,1.698094544170542,1.6623548719434555,5,0.5,1.0,84195
rate3.0_s4,0.0,q2_a1.5_or,10717,7.333333333333286,7.0,3.1500000000000403,3.00000000000004,1.6971042583546307,1.7137571589836884,5,0.5,1.0,83983
rate3.0_s4,0.0,q2_a1.5_or,10718,8.666666666666742,7.333333333333371,3.25000000000004,2.82500000000004,1.6271513496905752,1.6705616722814647,5,0.5,1.0,82487
rate3.0_s4,0.0,q2_a1.5_or,10719,8.666666666666742,7.333333333333485,3.50000000000004,2.95000000000004,1.5572406744657308,1.6266414345382425,5,0.5,1.0,83105
rate3.0_s4,0.0,q2_a1.5_or,10720,7.333333333333371,6.333333333333485,3.00000000000004,2.6750000000000402,1.4576286075959437,1.5294023298972863,5,0.5,1.0,81218
rate3.0_s4,0.0,q2_a1.5_or,10721,7.333333333333286,5.666666666666657,2.95000000000004,2.82500000000004,1.5090028218889313,1.6844076624547193,5,0.5,1.0,82149
rate3.0_s4,0.0,q2_a1.5_or,10722,8.333333333333485,8.333333333333428,3.50000000000004,3.07500000000004,1.5890804008462514,1.749565030764796,5,0.5,1.0,84832
rate3.0_s4,0.0,q2_a1.5_or,10723,7.999999999999943,7.0,3.0250000000000403,2.7750000000000403,1.4857546791804321,1.5993068990194166,5,0.5,1.0,83672
rate3.0_s4,0.0,q2_a1.5_or,10724,8.333333333333428,7.666666666666799,3.3500000000000396,3.00000000000004,1.4609041698752907,1.557437949937282,5,0.5,1.0,82588
rate3.0_s4,0.0,q2_a1.5_or,10725,7.333333333333371,5.666666666666671,2.97500000000004,2.57500000000004,1.4583221913914932,1.530364716226361,5,0.5,1.0,82595
rate3.0_s4,0.0,q2_a1.5_or,10726,8.333333333333314,5.666666666666629,3.27500000000004,2.57500000000004,1.5266597412451524,1.5339453794903493,5,0.5,1.0,83804
rate3.0_s4,0.0,q2_a1.5_or,10727,8.666666666666664,6.333333333333485,3.40000000000004,2.87500000000004,1.5181594497619038,1.531897261268678,5,0.5,1.0,83663
rate3.0_s4,0.0,q2_a1.5_or,10728,7.333333333333371,5.6666666666667425,3.00000000000004,2.82500000000004,1.3743409077676603,1.4771102666521567,5,0.5,1.0,87874
rate3.0_s4,0.0,q2_a1.5_or,10729,8.333333333333314,5.666666666666671,3.2000000000000397,2.62500000000004,1.5585824768071075,1.5724933575929883,5,0.5,1.0,82072
rate3.0_s4,0.0,q2_a1.5_and,10700,8.333333333333428,8.333333333333428,3.3250000000000397,3.3250000000000397,1.5657414052999372,1.5657414052999372,0,0.0,,83839
rate3.0_s4,0.0,q2_a1.5_and,10701,7.333333333333485,7.333333333333485,3.2000000000000397,3.2000000000000397,1.531827320601695,1.531827320601695,0,0.0,,81708
rate3.0_s4,0.0,q2_a1.5_and,10702,8.333333333333428,8.333333333333428,3.12500000000004,3.12500000000004,1.495451270951301,1.495451270951301,0,0.0,,82395
rate3.0_s4,0.0,q2_a1.5_and,10703,11.333333333333371,11.333333333333371,3.3500000000000396,3.3500000000000396,1.4132863323675364,1.4132863323675364,0,0.0,,83851
rate3.0_s4,0.0,q2_a1.5_and,10704,8.666666666666742,8.666666666666742,3.27500000000004,3.27500000000004,1.5262592050154482,1.5262592050154482,0,0.0,,83761
rate3.0_s4,0.0,q2_a1.5_and,10705,8.333333333333329,8.333333333333329,3.4750000000000396,3.4750000000000396,1.6377848553229348,1.6377848553229348,0,0.0,,84915
rate3.0_s4,0.0,q2_a1.5_and,10706,6.999999999999943,6.999999999999943,2.7750000000000403,2.7750000000000403,1.4559907673228971,1.4559907673228971,0,0.0,,84114
rate3.0_s4,0.0,q2_a1.5_and,10707,7.0,7.0,2.85000000000004,2.85000000000004,1.4741540446272505,1.4741540446272505,0,0.0,,84420
rate3.0_s4,0.0,q2_a1.5_and,10708,8.333333333333314,8.333333333333314,3.40000000000004,3.40000000000004,1.552691040491328,1.552691040491328,0,0.0,,80339
rate3.0_s4,0.0,q2_a1.5_and,10709,7.0,7.0,3.0500000000000402,3.0500000000000402,1.5456813508166973,1.5456813508166973,0,0.0,,83032
rate3.0_s4,0.0,q2_a1.5_and,10710,8.333333333333428,8.333333333333428,3.25000000000004,3.25000000000004,1.5241089291943326,1.5241089291943326,0,0.0,,82905
rate3.0_s4,0.0,q2_a1.5_and,10711,7.333333333333485,7.333333333333485,3.07500000000004,3.07500000000004,1.6536218856584852,1.6536218856584852,0,0.0,,83571
rate3.0_s4,0.0,q2_a1.5_and,10712,7.333333333333371,7.333333333333371,3.10000000000004,3.10000000000004,1.607331184027651,1.607331184027651,0,0.0,,83010
rate3.0_s4,0.0,q2_a1.5_and,10713,8.333333333333314,8.333333333333314,3.4500000000000397,3.4500000000000397,1.6074743955672672,1.6074743955672672,0,0.0,,84583
rate3.0_s4,0.0,q2_a1.5_and,10714,8.333333333333329,8.333333333333329,3.2000000000000397,3.2000000000000397,1.577794504162728,1.577794504162728,0,0.0,,83542
rate3.0_s4,0.0,q2_a1.5_and,10715,8.333333333333329,8.333333333333329,3.25000000000004,3.25000000000004,1.5098749776493632,1.5098749776493632,0,0.0,,83521
rate3.0_s4,0.0,q2_a1.5_and,10716,7.666666666666671,7.666666666666671,3.30000000000004,3.30000000000004,1.698094544170542,1.698094544170542,0,0.0,,83591
rate3.0_s4,0.0,q2_a1.5_and,10717,7.333333333333286,7.333333333333286,3.1500000000000403,3.1500000000000403,1.6971042583546307,1.6971042583546307,0,0.0,,84374
rate3.0_s4,0.0,q2_a1.5_and,10718,8.666666666666742,8.666666666666742,3.25000000000004,3.25000000000004,1.6271513496905752,1.6271513496905752,0,0.0,,82245
rate3.0_s4,0.0,q2_a1.5_and,10719,8.666666666666742,8.666666666666742,3.50000000000004,3.50000000000004,1.5572406744657308,1.5572406744657308,0,0.0,,83073
rate3.0_s4,0.0,q2_a1.5_and,10720,7.333333333333371,7.333333333333371,3.00000000000004,3.00000000000004,1.4576286075959437,1.4576286075959437,0,0.0,,81694
rate3.0_s4,0.0,q2_a1.5_and,10721,7.333333333333286,7.333333333333286,2.95000000000004,2.95000000000004,1.5090028218889313,1.5090028218889313,0,0.0,,82436
rate3.0_s4,0.0,q2_a1.5_and,10722,8.333333333333485,8.333333333333485,3.50000000000004,3.50000000000004,1.5890804008462514,1.5890804008462514,0,0.0,,83973
rate3.0_s4,0.0,q2_a1.5_and,10723,7.999999999999943,7.999999999999943,3.0250000000000403,3.0250000000000403,1.4857546791804321,1.4857546791804321,0,0.0,,82499
rate3.0_s4,0.0,q2_a1.5_and,10724,8.333333333333428,8.333333333333428,3.3500000000000396,3.3500000000000396,1.4609041698752907,1.4609041698752907,0,0.0,,80324
rate3.0_s4,0.0,q2_a1.5_and,10725,7.333333333333371,7.333333333333371,2.97500000000004,2.97500000000004,1.4583221913914932,1.4583221913914932,0,0.0,,83814
rate3.0_s4,0.0,q2_a1.5_and,10726,8.333333333333314,8.333333333333314,3.27500000000004,3.27500000000004,1.5266597412451524,1.5266597412451524,0,0.0,,85000
rate3.0_s4,0.0,q2_a1.5_and,10727,8.666666666666664,8.666666666666664,3.40000000000004,3.40000000000004,1.5181594497619038,1.5181594497619038,0,0.0,,84952
rate3.0_s4,0.0,q2_a1.5_and,10728,7.333333333333371,7.333333333333371,3.00000000000004,3.00000000000004,1.3743409077676603,1.3743409077676603,0,0.0,,83880
rate3.0_s4,0.0,q2_a1.5_and,10729,8.333333333333314,8.333333333333314,3.2000000000000397,3.2000000000000397,1.5585824768071075,1.5585824768071075,0,0.0,,81825
rate3.0_s4,0.0,q4_a0.8_or,10700,8.333333333333428,5.333333333333329,3.3250000000000397,2.3000000000000402,1.5657414052999372,1.6517102012655787,10,1.0,1.0,84438
rate3.0_s4,0.0,q4_a0.8_or,10701,7.333333333333485,5.666666666666657,3.2000000000000397,2.4250000000000402,1.531827320601695,1.6411896331764908,10,1.0,1.0,82505
rate3.0_s4,0.0,q4_a0.8_or,10702,8.333333333333428,7.333333333333371,3.12500000000004,2.75000000000004,1.495451270951301,1.5783310900392693,10,1.0,1.0,82432
rate3.0_s4,0.0,q4_a0.8_or,10703,11.333333333333371,5.666666666666629,3.3500000000000396,2.32500000000004,1.4132863323675364,1.6132839519239368,10,1.0,1.0,84640
rate3.0_s4,0.0,q4_a0.8_or,10704,8.666666666666742,5.333333333333329,3.27500000000004,2.35000000000004,1.5262592050154482,1.5954392504678232,10,1.0,1.0,82352
rate3.0_s4,0.0,q4_a0.8_or,10705,8.333333333333329,5.333333333333329,3.4750000000000396,2.35000000000004,1.6377848553229348,1.6383097483001037,10,1.0,1.0,83958
rate3.0_s4,0.0,q4_a0.8_or,10706,6.999999999999943,5.999999999999943,2.7750000000000403,2.6500000000000403,1.4559907673228971,1.7512966551633657,10,1.0,1.0,83943
rate3.0_s4,0.0,q4_a0.8_or,10707,7.0,5.333333333333329,2.85000000000004,2.2750000000000403,1.4741540446272505,1.6550300325638072,10,1.0,1.0,84232
rate3.0_s4,0.0,q4_a0.8_or,10708,8.333333333333314,5.333333333333314,3.40000000000004,2.35000000000004,1.552691040491328,1.7202017791790964,10,1.0,1.0,84009
rate3.0_s4,0.0,q4_a0.8_or,10709,7.0,5.666666666666629,3.0500000000000402,2.4250000000000402,1.5456813508166973,1.670972877158731,10,1.0,1.0,83533
rate3.0_s4,0.0,q4_a0.8_or,10710,8.333333333333428,5.6666666666667425,3.25000000000004,2.45000000000004,1.5241089291943326,1.5847999610604522,10,1.0,1.0,84757
rate3.0_s4,0.0,q4_a0.8_or,10711,7.333333333333485,5.333333333333371,3.07500000000004,2.3000000000000402,1.6536218856584852,1.709633406273981,10,1.0,1.0,84548
rate3.0_s4,0.0,q4_a0.8_or,10712,7.333333333333371,5.333333333333329,3.10000000000004,2.35000000000004,1.607331184027651,1.6512146005132167,10,1.0,1.0,83663
rate3.0_s4,0.0,q4_a0.8_or,10713,8.333333333333314,5.333333333333314,3.4500000000000397,2.3000000000000402,1.6074743955672672,1.5769648817704425,10,1.0,1.0,84720
rate3.0_s4,0.0,q4_a0.8_or,10714,8.333333333333329,7.0,3.2000000000000397,2.95000000000004,1.577794504162728,1.7014143264025978,10,1.0,1.0,84812
rate3.0_s4,0.0,q4_a0.8_or,10715,8.333333333333329,5.666666666666629,3.25000000000004,2.35000000000004,1.5098749776493632,1.6049920352259606,10,1.0,1.0,81499
rate3.0_s4,0.0,q4_a0.8_or,10716,7.666666666666671,5.333333333333371,3.30000000000004,2.5500000000000402,1.698094544170542,1.6258551483698156,10,1.0,1.0,84856
rate3.0_s4,0.0,q4_a0.8_or,10717,7.333333333333286,5.333333333333314,3.1500000000000403,2.4000000000000403,1.6971042583546307,1.6654003234632078,10,1.0,1.0,85162
rate3.0_s4,0.0,q4_a0.8_or,10718,8.666666666666742,6.333333333333371,3.25000000000004,2.45000000000004,1.6271513496905752,1.6570684611755038,10,1.0,1.0,83707
rate3.0_s4,0.0,q4_a0.8_or,10719,8.666666666666742,5.333333333333371,3.50000000000004,2.35000000000004,1.5572406744657308,1.789137430238934,10,1.0,1.0,85318
rate3.0_s4,0.0,q4_a0.8_or,10720,7.333333333333371,5.333333333333329,3.00000000000004,2.2750000000000403,1.4576286075959437,1.4884629622473924,10,1.0,1.0,82241
rate3.0_s4,0.0,q4_a0.8_or,10721,7.333333333333286,5.333333333333329,2.95000000000004,2.37500000000004,1.5090028218889313,1.6389053273803733,10,1.0,1.0,83232
rate3.0_s4,0.0,q4_a0.8_or,10722,8.333333333333485,5.666666666666664,3.50000000000004,2.5250000000000403,1.5890804008462514,1.633640244056761,10,1.0,1.0,84387
rate3.0_s4,0.0,q4_a0.8_or,10723,7.999999999999943,5.666666666666629,3.0250000000000403,2.32500000000004,1.4857546791804321,1.6928415071783351,10,1.0,1.0,84114
rate3.0_s4,0.0,q4_a0.8_or,10724,8.333333333333428,5.666666666666629,3.3500000000000396,2.35000000000004,1.4609041698752907,1.4520133996243616,10,1.0,1.0,82331
rate3.0_s4,0.0,q4_a0.8_or,10725,7.333333333333371,5.333333333333329,2.97500000000004,2.22500000000004,1.4583221913914932,1.549656880939006,10,1.0,1.0,83889
rate3.0_s4,0.0,q4_a0.8_or,10726,8.333333333333314,5.333333333333371,3.27500000000004,2.2750000000000403,1.5266597412451524,1.4879505642565634,10,1.0,1.0,83711
rate3.0_s4,0.0,q4_a0.8_or,10727,8.666666666666664,5.333333333333371,3.40000000000004,1.9500000000000401,1.5181594497619038,1.421034312896999,10,1.0,1.0,84467
rate3.0_s4,0.0,q4_a0.8_or,10728,7.333333333333371,5.666666666666629,3.00000000000004,2.2750000000000403,1.3743409077676603,1.554376683970456,10,1.0,1.0,87873
rate3.0_s4,0.0,q4_a0.8_or,10729,8.333333333333314,5.333333333333286,3.2000000000000397,2.1750000000000402,1.5585824768071075,1.5412898900079417,10,1.0,1.0,82378
rate3.0_s4,0.0,q4_a0.8_and,10700,8.333333333333428,8.333333333333428,3.3250000000000397,3.3250000000000397,1.5657414052999372,1.5657414052999372,0,0.0,,83839
rate3.0_s4,0.0,q4_a0.8_and,10701,7.333333333333485,7.333333333333485,3.2000000000000397,3.2000000000000397,1.531827320601695,1.531827320601695,0,0.0,,81708
rate3.0_s4,0.0,q4_a0.8_and,10702,8.333333333333428,8.333333333333428,3.12500000000004,3.12500000000004,1.495451270951301,1.495451270951301,0,0.0,,82395
rate3.0_s4,0.0,q4_a0.8_and,10703,11.333333333333371,11.333333333333371,3.3500000000000396,3.3500000000000396,1.4132863323675364,1.4132863323675364,0,0.0,,83851
rate3.0_s4,0.0,q4_a0.8_and,10704,8.666666666666742,8.666666666666742,3.27500000000004,3.27500000000004,1.5262592050154482,1.5262592050154482,0,0.0,,83761
rate3.0_s4,0.0,q4_a0.8_and,10705,8.333333333333329,8.333333333333329,3.4750000000000396,3.4750000000000396,1.6377848553229348,1.6377848553229348,0,0.0,,84915
rate3.0_s4,0.0,q4_a0.8_and,10706,6.999999999999943,6.999999999999943,2.7750000000000403,2.7750000000000403,1.4559907673228971,1.4559907673228971,0,0.0,,84114
rate3.0_s4,0.0,q4_a0.8_and,10707,7.0,7.0,2.85000000000004,2.85000000000004,1.4741540446272505,1.4741540446272505,0,0.0,,84420
rate3.0_s4,0.0,q4_a0.8_and,10708,8.333333333333314,8.333333333333314,3.40000000000004,3.40000000000004,1.552691040491328,1.552691040491328,0,0.0,,80339
rate3.0_s4,0.0,q4_a0.8_and,10709,7.0,7.0,3.0500000000000402,3.0500000000000402,1.5456813508166973,1.5456813508166973,0,0.0,,83032
rate3.0_s4,0.0,q4_a0.8_and,10710,8.333333333333428,8.333333333333428,3.25000000000004,3.25000000000004,1.5241089291943326,1.5241089291943326,0,0.0,,82905
rate3.0_s4,0.0,q4_a0.8_and,10711,7.333333333333485,7.333333333333485,3.07500000000004,3.07500000000004,1.6536218856584852,1.6536218856584852,0,0.0,,83571
rate3.0_s4,0.0,q4_a0.8_and,10712,7.333333333333371,7.333333333333371,3.10000000000004,3.10000000000004,1.607331184027651,1.607331184027651,0,0.0,,83010
rate3.0_s4,0.0,q4_a0.8_and,10713,8.333333333333314,8.333333333333314,3.4500000000000397,3.4500000000000397,1.6074743955672672,1.6074743955672672,0,0.0,,84583
rate3.0_s4,0.0,q4_a0.8_and,10714,8.333333333333329,8.333333333333329,3.2000000000000397,3.2000000000000397,1.577794504162728,1.577794504162728,0,0.0,,83542
rate3.0_s4,0.0,q4_a0.8_and,10715,8.333333333333329,8.333333333333329,3.25000000000004,3.25000000000004,1.5098749776493632,1.5098749776493632,0,0.0,,83521
rate3.0_s4,0.0,q4_a0.8_and,10716,7.666666666666671,7.666666666666671,3.30000000000004,3.30000000000004,1.698094544170542,1.698094544170542,0,0.0,,83591
rate3.0_s4,0.0,q4_a0.8_and,10717,7.333333333333286,7.333333333333286,3.1500000000000403,3.1500000000000403,1.6971042583546307,1.6971042583546307,0,0.0,,84374
rate3.0_s4,0.0,q4_a0.8_and,10718,8.666666666666742,8.666666666666742,3.25000000000004,3.25000000000004,1.6271513496905752,1.6271513496905752,0,0.0,,82245
rate3.0_s4,0.0,q4_a0.8_and,10719,8.666666666666742,8.666666666666742,3.50000000000004,3.50000000000004,1.5572406744657308,1.5572406744657308,0,0.0,,83073
rate3.0_s4,0.0,q4_a0.8_and,10720,7.333333333333371,7.333333333333371,3.00000000000004,3.00000000000004,1.4576286075959437,1.4576286075959437,0,0.0,,81694
rate3.0_s4,0.0,q4_a0.8_and,10721,7.333333333333286,7.333333333333286,2.95000000000004,2.95000000000004,1.5090028218889313,1.5090028218889313,0,0.0,,82436
rate3.0_s4,0.0,q4_a0.8_and,10722,8.333333333333485,8.333333333333485,3.50000000000004,3.50000000000004,1.5890804008462514,1.5890804008462514,0,0.0,,83973
rate3.0_s4,0.0,q4_a0.8_and,10723,7.999999999999943,7.999999999999943,3.0250000000000403,3.0250000000000403,1.4857546791804321,1.4857546791804321,0,0.0,,82499
rate3.0_s4,0.0,q4_a0.8_and,10724,8.333333333333428,8.333333333333428,3.3500000000000396,3.3500000000000396,1.4609041698752907,1.4609041698752907,0,0.0,,80324
rate3.0_s4,0.0,q4_a0.8_and,10725,7.333333333333371,7.333333333333371,2.97500000000004,2.97500000000004,1.4583221913914932,1.4583221913914932,0,0.0,,83814
rate3.0_s4,0.0,q4_a0.8_and,10726,8.333333333333314,8.333333333333314,3.27500000000004,3.27500000000004,1.5266597412451524,1.5266597412451524,0,0.0,,85000
rate3.0_s4,0.0,q4_a0.8_and,10727,8.666666666666664,8.666666666666664,3.40000000000004,3.40000000000004,1.5181594497619038,1.5181594497619038,0,0.0,,84952
rate3.0_s4,0.0,q4_a0.8_and,10728,7.333333333333371,7.333333333333371,3.00000000000004,3.00000000000004,1.3743409077676603,1.3743409077676603,0,0.0,,83880
rate3.0_s4,0.0,q4_a0.8_and,10729,8.333333333333314,8.333333333333314,3.2000000000000397,3.2000000000000397,1.5585824768071075,1.5585824768071075,0,0.0,,81825
rate3.0_s4,0.0,q4_a1.5_or,10700,8.333333333333428,8.333333333333428,3.3250000000000397,3.3250000000000397,1.5657414052999372,1.5657414052999372,0,0.0,,83839
rate3.0_s4,0.0,q4_a1.5_or,10701,7.333333333333485,7.333333333333485,3.2000000000000397,3.2000000000000397,1.531827320601695,1.531827320601695,0,0.0,,81708
rate3.0_s4,0.0,q4_a1.5_or,10702,8.333333333333428,8.333333333333428,3.12500000000004,3.12500000000004,1.495451270951301,1.495451270951301,0,0.0,,82395
rate3.0_s4,0.0,q4_a1.5_or,10703,11.333333333333371,11.333333333333371,3.3500000000000396,3.3500000000000396,1.4132863323675364,1.4132863323675364,0,0.0,,83851
rate3.0_s4,0.0,q4_a1.5_or,10704,8.666666666666742,8.666666666666742,3.27500000000004,3.27500000000004,1.5262592050154482,1.5262592050154482,0,0.0,,83761
rate3.0_s4,0.0,q4_a1.5_or,10705,8.333333333333329,8.333333333333329,3.4750000000000396,3.4750000000000396,1.6377848553229348,1.6377848553229348,0,0.0,,84915
rate3.0_s4,0.0,q4_a1.5_or,10706,6.999999999999943,6.999999999999943,2.7750000000000403,2.7750000000000403,1.4559907673228971,1.4559907673228971,0,0.0,,84114
rate3.0_s4,0.0,q4_a1.5_or,10707,7.0,7.0,2.85000000000004,2.85000000000004,1.4741540446272505,1.4741540446272505,0,0.0,,84420
rate3.0_s4,0.0,q4_a1.5_or,10708,8.333333333333314,8.333333333333314,3.40000000000004,3.40000000000004,1.552691040491328,1.552691040491328,0,0.0,,80339
rate3.0_s4,0.0,q4_a1.5_or,10709,7.0,7.0,3.0500000000000402,3.0500000000000402,1.5456813508166973,1.5456813508166973,0,0.0,,83032
rate3.0_s4,0.0,q4_a1.5_or,10710,8.333333333333428,8.333333333333428,3.25000000000004,3.25000000000004,1.5241089291943326,1.5241089291943326,0,0.0,,82905
rate3.0_s4,0.0,q4_a1.5_or,10711,7.333333333333485,7.333333333333485,3.07500000000004,3.07500000000004,1.6536218856584852,1.6536218856584852,0,0.0,,83571
rate3.0_s4,0.0,q4_a1.5_or,10712,7.333333333333371,7.333333333333371,3.10000000000004,3.10000000000004,1.607331184027651,1.607331184027651,0,0.0,,83010
rate3.0_s4,0.0,q4_a1.5_or,10713,8.333333333333314,8.333333333333314,3.4500000000000397,3.4500000000000397,1.6074743955672672,1.6074743955672672,0,0.0,,84583
rate3.0_s4,0.0,q4_a1.5_or,10714,8.333333333333329,8.333333333333329,3.2000000000000397,3.2000000000000397,1.577794504162728,1.577794504162728,0,0.0,,83542
rate3.0_s4,0.0,q4_a1.5_or,10715,8.333333333333329,8.333333333333329,3.25000000000004,3.25000000000004,1.5098749776493632,1.5098749776493632,0,0.0,,83521
rate3.0_s4,0.0,q4_a1.5_or,10716,7.666666666666671,7.666666666666671,3.30000000000004,3.30000000000004,1.698094544170542,1.698094544170542,0,0.0,,83591
rate3.0_s4,0.0,q4_a1.5_or,10717,7.333333333333286,7.333333333333286,3.1500000000000403,3.1500000000000403,1.6971042583546307,1.6971042583546307,0,0.0,,84374
rate3.0_s4,0.0,q4_a1.5_or,10718,8.666666666666742,8.666666666666742,3.25000000000004,3.25000000000004,1.6271513496905752,1.6271513496905752,0,0.0,,82245
rate3.0_s4,0.0,q4_a1.5_or,10719,8.666666666666742,8.666666666666742,3.50000000000004,3.50000000000004,1.5572406744657308,1.5572406744657308,0,0.0,,83073
rate3.0_s4,0.0,q4_a1.5_or,10720,7.333333333333371,7.333333333333371,3.00000000000004,3.00000000000004,1.4576286075959437,1.4576286075959437,0,0.0,,81694
rate3.0_s4,0.0,q4_a1.5_or,10721,7.333333333333286,7.333333333333286,2.95000000000004,2.95000000000004,1.5090028218889313,1.5090028218889313,0,0.0,,82436
rate3.0_s4,0.0,q4_a1.5_or,10722,8.333333333333485,8.333333333333485,3.50000000000004,3.50000000000004,1.5890804008462514,1.5890804008462514,0,0.0,,83973
rate3.0_s4,0.0,q4_a1.5_or,10723,7.999999999999943,7.999999999999943,3.0250000000000403,3.0250000000000403,1.4857546791804321,1.4857546791804321,0,0.0,,82499
rate3.0_s4,0.0,q4_a1.5_or,10724,8.333333333333428,8.333333333333428,3.3500000000000396,3.3500000000000396,1.4609041698752907,1.4609041698752907,0,0.0,,80324
rate3.0_s4,0.0,q4_a1.5_or,10725,7.333333333333371,7.333333333333371,2.97500000000004,2.97500000000004,1.4583221913914932,1.4583221913914932,0,0.0,,83814
rate3.0_s4,0.0,q4_a1.5_or,10726,8.333333333333314,8.333333333333314,3.27500000000004,3.27500000000004,1.5266597412451524,1.5266597412451524,0,0.0,,85000
rate3.0_s4,0.0,q4_a1.5_or,10727,8.666666666666664,8.666666666666664,3.40000000000004,3.40000000000004,1.5181594497619038,1.5181594497619038,0,0.0,,84952
rate3.0_s4,0.0,q4_a1.5_or,10728,7.333333333333371,7.333333333333371,3.00000000000004,3.00000000000004,1.3743409077676603,1.3743409077676603,0,0.0,,83880
rate3.0_s4,0.0,q4_a1.5_or,10729,8.333333333333314,8.333333333333314,3.2000000000000397,3.2000000000000397,1.5585824768071075,1.5585824768071075,0,0.0,,81825
rate3.0_s4,0.0,q4_a1.5_and,10700,8.333333333333428,8.333333333333428,3.3250000000000397,3.3250000000000397,1.5657414052999372,1.5657414052999372,0,0.0,,83839
rate3.0_s4,0.0,q4_a1.5_and,10701,7.333333333333485,7.333333333333485,3.2000000000000397,3.2000000000000397,1.531827320601695,1.531827320601695,0,0.0,,81708
rate3.0_s4,0.0,q4_a1.5_and,10702,8.333333333333428,8.333333333333428,3.12500000000004,3.12500000000004,1.495451270951301,1.495451270951301,0,0.0,,82395
rate3.0_s4,0.0,q4_a1.5_and,10703,11.333333333333371,11.333333333333371,3.3500000000000396,3.3500000000000396,1.4132863323675364,1.4132863323675364,0,0.0,,83851
rate3.0_s4,0.0,q4_a1.5_and,10704,8.666666666666742,8.666666666666742,3.27500000000004,3.27500000000004,1.5262592050154482,1.5262592050154482,0,0.0,,83761
rate3.0_s4,0.0,q4_a1.5_and,10705,8.333333333333329,8.333333333333329,3.4750000000000396,3.4750000000000396,1.6377848553229348,1.6377848553229348,0,0.0,,84915
rate3.0_s4,0.0,q4_a1.5_and,10706,6.999999999999943,6.999999999999943,2.7750000000000403,2.7750000000000403,1.4559907673228971,1.4559907673228971,0,0.0,,84114
rate3.0_s4,0.0,q4_a1.5_and,10707,7.0,7.0,2.85000000000004,2.85000000000004,1.4741540446272505,1.4741540446272505,0,0.0,,84420
rate3.0_s4,0.0,q4_a1.5_and,10708,8.333333333333314,8.333333333333314,3.40000000000004,3.40000000000004,1.552691040491328,1.552691040491328,0,0.0,,80339
rate3.0_s4,0.0,q4_a1.5_and,10709,7.0,7.0,3.0500000000000402,3.0500000000000402,1.5456813508166973,1.5456813508166973,0,0.0,,83032
rate3.0_s4,0.0,q4_a1.5_and,10710,8.333333333333428,8.333333333333428,3.25000000000004,3.25000000000004,1.5241089291943326,1.5241089291943326,0,0.0,,82905
rate3.0_s4,0.0,q4_a1.5_and,10711,7.333333333333485,7.333333333333485,3.07500000000004,3.07500000000004,1.6536218856584852,1.6536218856584852,0,0.0,,83571
rate3.0_s4,0.0,q4_a1.5_and,10712,7.333333333333371,7.333333333333371,3.10000000000004,3.10000000000004,1.607331184027651,1.607331184027651,0,0.0,,83010
rate3.0_s4,0.0,q4_a1.5_and,10713,8.333333333333314,8.333333333333314,3.4500000000000397,3.4500000000000397,1.6074743955672672,1.6074743955672672,0,0.0,,84583
rate3.0_s4,0.0,q4_a1.5_and,10714,8.333333333333329,8.333333333333329,3.2000000000000397,3.2000000000000397,1.577794504162728,1.577794504162728,0,0.0,,83542
rate3.0_s4,0.0,q4_a1.5_and,10715,8.333333333333329,8.333333333333329,3.25000000000004,3.25000000000004,1.5098749776493632,1.5098749776493632,0,0.0,,83521
rate3.0_s4,0.0,q4_a1.5_and,10716,7.666666666666671,7.666666666666671,3.30000000000004,3.30000000000004,1.698094544170542,1.698094544170542,0,0.0,,83591
rate3.0_s4,0.0,q4_a1.5_and,10717,7.333333333333286,7.333333333333286,3.1500000000000403,3.1500000000000403,1.6971042583546307,1.6971042583546307,0,0.0,,84374
rate3.0_s4,0.0,q4_a1.5_and,10718,8.666666666666742,8.666666666666742,3.25000000000004,3.25000000000004,1.6271513496905752,1.6271513496905752,0,0.0,,82245
rate3.0_s4,0.0,q4_a1.5_and,10719,8.666666666666742,8.666666666666742,3.50000000000004,3.50000000000004,1.5572406744657308,1.5572406744657308,0,0.0,,83073
rate3.0_s4,0.0,q4_a1.5_and,10720,7.333333333333371,7.333333333333371,3.00000000000004,3.00000000000004,1.4576286075959437,1.4576286075959437,0,0.0,,81694
rate3.0_s4,0.0,q4_a1.5_and,10721,7.333333333333286,7.333333333333286,2.95000000000004,2.95000000000004,1.5090028218889313,1.5090028218889313,0,0.0,,82436
rate3.0_s4,0.0,q4_a1.5_and,10722,8.333333333333485,8.333333333333485,3.50000000000004,3.50000000000004,1.5890804008462514,1.5890804008462514,0,0.0,,83973
rate3.0_s4,0.0,q4_a1.5_and,10723,7.999999999999943,7.999999999999943,3.0250000000000403,3.0250000000000403,1.4857546791804321,1.4857546791804321,0,0.0,,82499
rate3.0_s4,0.0,q4_a1.5_and,10724,8.333333333333428,8.333333333333428,3.3500000000000396,3.3500000000000396,1.4609041698752907,1.4609041698752907,0,0.0,,80324
rate3.0_s4,0.0,q4_a1.5_and,10725,7.333333333333371,7.333333333333371,2.97500000000004,2.97500000000004,1.4583221913914932,1.4583221913914932,0,0.0,,83814
rate3.0_s4,0.0,q4_a1.5_and,10726,8.333333333333314,8.333333333333314,3.27500000000004,3.27500000000004,1.5266597412451524,1.5266597412451524,0,0.0,,85000
rate3.0_s4,0.0,q4_a1.5_and,10727,8.666666666666664,8.666666666666664,3.40000000000004,3.40000000000004,1.5181594497619038,1.5181594497619038,0,0.0,,84952
rate3.0_s4,0.0,q4_a1.5_and,10728,7.333333333333371,7.333333333333371,3.00000000000004,3.00000000000004,1.3743409077676603,1.3743409077676603,0,0.0,,83880
rate3.0_s4,0.0,q4_a1.5_and,10729,8.333333333333314,8.333333333333314,3.2000000000000397,3.2000000000000397,1.5585824768071075,1.5585824768071075,0,0.0,,81825
rate3.0_s4,0.0,q8_a0.8_or,10700,8.333333333333428,5.333333333333329,3.3250000000000397,2.3000000000000402,1.5657414052999372,1.6517102012655787,10,1.0,1.0,84438
rate3.0_s4,0.0,q8_a0.8_or,10701,7.333333333333485,5.666666666666657,3.2000000000000397,2.4250000000000402,1.531827320601695,1.6411896331764908,10,1.0,1.0,82505
rate3.0_s4,0.0,q8_a0.8_or,10702,8.333333333333428,7.333333333333371,3.12500000000004,2.75000000000004,1.495451270951301,1.5783310900392693,10,1.0,1.0,82432
rate3.0_s4,0.0,q8_a0.8_or,10703,11.333333333333371,5.666666666666629,3.3500000000000396,2.32500000000004,1.4132863323675364,1.6132839519239368,10,1.0,1.0,84640
rate3.0_s4,0.0,q8_a0.8_or,10704,8.666666666666742,5.333333333333329,3.27500000000004,2.35000000000004,1.5262592050154482,1.5954392504678232,10,1.0,1.0,82352
rate3.0_s4,0.0,q8_a0.8_or,10705,8.333333333333329,5.333333333333329,3.4750000000000396,2.35000000000004,1.6377848553229348,1.6383097483001037,10,1.0,1.0,83958
rate3.0_s4,0.0,q8_a0.8_or,10706,6.999999999999943,5.999999999999943,2.7750000000000403,2.6500000000000403,1.4559907673228971,1.7512966551633657,10,1.0,1.0,83943
rate3.0_s4,0.0,q8_a0.8_or,10707,7.0,5.333333333333329,2.85000000000004,2.2750000000000403,1.4741540446272505,1.6550300325638072,10,1.0,1.0,84232
rate3.0_s4,0.0,q8_a0.8_or,10708,8.333333333333314,5.333333333333314,3.40000000000004,2.35000000000004,1.552691040491328,1.7202017791790964,10,1.0,1.0,84009
rate3.0_s4,0.0,q8_a0.8_or,10709,7.0,5.666666666666629,3.0500000000000402,2.4250000000000402,1.5456813508166973,1.670972877158731,10,1.0,1.0,83533
rate3.0_s4,0.0,q8_a0.8_or,10710,8.333333333333428,5.6666666666667425,3.25000000000004,2.45000000000004,1.5241089291943326,1.5847999610604522,10,1.0,1.0,84757
rate3.0_s4,0.0,q8_a0.8_or,10711,7.333333333333485,5.333333333333371,3.07500000000004,2.3000000000000402,1.6536218856584852,1.709633406273981,10,1.0,1.0,84548
rate3.0_s4,0.0,q8_a0.8_or,10712,7.333333333333371,5.333333333333329,3.10000000000004,2.35000000000004,1.607331184027651,1.6512146005132167,10,1.0,1.0,83663
rate3.0_s4,0.0,q8_a0.8_or,10713,8.333333333333314,5.333333333333314,3.4500000000000397,2.3000000000000402,1.6074743955672672,1.5769648817704425,10,1.0,1.0,84720
rate3.0_s4,0.0,q8_a0.8_or,10714,8.333333333333329,7.0,3.2000000000000397,2.95000000000004,1.577794504162728,1.7014143264025978,10,1.0,1.0,84812
rate3.0_s4,0.0,q8_a0.8_or,10715,8.333333333333329,5.666666666666629,3.25000000000004,2.35000000000004,1.5098749776493632,1.6049920352259606,10,1.0,1.0,81499
rate3.0_s4,0.0,q8_a0.8_or,10716,7.666666666666671,5.333333333333371,3.30000000000004,2.5500000000000402,1.698094544170542,1.6258551483698156,10,1.0,1.0,84856
rate3.0_s4,0.0,q8_a0.8_or,10717,7.333333333333286,5.333333333333314,3.1500000000000403,2.4000000000000403,1.6971042583546307,1.6654003234632078,10,1.0,1.0,85162
rate3.0_s4,0.0,q8_a0.8_or,10718,8.666666666666742,6.333333333333371,3.25000000000004,2.45000000000004,1.6271513496905752,1.6570684611755038,10,1.0,1.0,83707
rate3.0_s4,0.0,q8_a0.8_or,10719,8.666666666666742,5.333333333333371,3.50000000000004,2.35000000000004,1.5572406744657308,1.789137430238934,10,1.0,1.0,85318
rate3.0_s4,0.0,q8_a0.8_or,10720,7.333333333333371,5.333333333333329,3.00000000000004,2.2750000000000403,1.4576286075959437,1.4884629622473924,10,1.0,1.0,82241
rate3.0_s4,0.0,q8_a0.8_or,10721,7.333333333333286,5.333333333333329,2.95000000000004,2.37500000000004,1.5090028218889313,1.6389053273803733,10,1.0,1.0,83232
rate3.0_s4,0.0,q8_a0.8_or,10722,8.333333333333485,5.666666666666664,3.50000000000004,2.5250000000000403,1.5890804008462514,1.633640244056761,10,1.0,1.0,84387
rate3.0_s4,0.0,q8_a0.8_or,10723,7.999999999999943,5.666666666666629,3.0250000000000403,2.32500000000004,1.4857546791804321,1.6928415071783351,10,1.0,1.0,84114
rate3.0_s4,0.0,q8_a0.8_or,10724,8.333333333333428,5.666666666666629,3.3500000000000396,2.35000000000004,1.4609041698752907,1.4520133996243616,10,1.0,1.0,82331
rate3.0_s4,0.0,q8_a0.8_or,10725,7.333333333333371,5.333333333333329,2.97500000000004,2.22500000000004,1.4583221913914932,1.549656880939006,10,1.0,1.0,83889
rate3.0_s4,0.0,q8_a0.8_or,10726,8.333333333333314,5.333333333333371,3.27500000000004,2.2750000000000403,1.5266597412451524,1.4879505642565634,10,1.0,1.0,83711
rate3.0_s4,0.0,q8_a0.8_or,10727,8.666666666666664,5.333333333333371,3.40000000000004,1.9500000000000401,1.5181594497619038,1.421034312896999,10,1.0,1.0,84467
rate3.0_s4,0.0,q8_a0.8_or,10728,7.333333333333371,5.666666666666629,3.00000000000004,2.2750000000000403,1.3743409077676603,1.554376683970456,10,1.0,1.0,87873
rate3.0_s4,0.0,q8_a0.8_or,10729,8.333333333333314,5.333333333333286,3.2000000000000397,2.1750000000000402,1.5585824768071075,1.5412898900079417,10,1.0,1.0,82378
rate3.0_s4,0.0,q8_a0.8_and,10700,8.333333333333428,8.333333333333428,3.3250000000000397,3.3250000000000397,1.5657414052999372,1.5657414052999372,0,0.0,,83839
rate3.0_s4,0.0,q8_a0.8_and,10701,7.333333333333485,7.333333333333485,3.2000000000000397,3.2000000000000397,1.531827320601695,1.531827320601695,0,0.0,,81708
rate3.0_s4,0.0,q8_a0.8_and,10702,8.333333333333428,8.333333333333428,3.12500000000004,3.12500000000004,1.495451270951301,1.495451270951301,0,0.0,,82395
rate3.0_s4,0.0,q8_a0.8_and,10703,11.333333333333371,11.333333333333371,3.3500000000000396,3.3500000000000396,1.4132863323675364,1.4132863323675364,0,0.0,,83851
rate3.0_s4,0.0,q8_a0.8_and,10704,8.666666666666742,8.666666666666742,3.27500000000004,3.27500000000004,1.5262592050154482,1.5262592050154482,0,0.0,,83761
rate3.0_s4,0.0,q8_a0.8_and,10705,8.333333333333329,8.333333333333329,3.4750000000000396,3.4750000000000396,1.6377848553229348,1.6377848553229348,0,0.0,,84915
rate3.0_s4,0.0,q8_a0.8_and,10706,6.999999999999943,6.999999999999943,2.7750000000000403,2.7750000000000403,1.4559907673228971,1.4559907673228971,0,0.0,,84114
rate3.0_s4,0.0,q8_a0.8_and,10707,7.0,7.0,2.85000000000004,2.85000000000004,1.4741540446272505,1.4741540446272505,0,0.0,,84420
rate3.0_s4,0.0,q8_a0.8_and,10708,8.333333333333314,8.333333333333314,3.40000000000004,3.40000000000004,1.552691040491328,1.552691040491328,0,0.0,,80339
rate3.0_s4,0.0,q8_a0.8_and,10709,7.0,7.0,3.0500000000000402,3.0500000000000402,1.5456813508166973,1.5456813508166973,0,0.0,,83032
rate3.0_s4,0.0,q8_a0.8_and,10710,8.333333333333428,8.333333333333428,3.25000000000004,3.25000000000004,1.5241089291943326,1.5241089291943326,0,0.0,,82905
rate3.0_s4,0.0,q8_a0.8_and,10711,7.333333333333485,7.333333333333485,3.07500000000004,3.07500000000004,1.6536218856584852,1.6536218856584852,0,0.0,,83571
rate3.0_s4,0.0,q8_a0.8_and,10712,7.333333333333371,7.333333333333371,3.10000000000004,3.10000000000004,1.607331184027651,1.607331184027651,0,0.0,,83010
rate3.0_s4,0.0,q8_a0.8_and,10713,8.333333333333314,8.333333333333314,3.4500000000000397,3.4500000000000397,1.6074743955672672,1.6074743955672672,0,0.0,,84583
rate3.0_s4,0.0,q8_a0.8_and,10714,8.333333333333329,8.333333333333329,3.2000000000000397,3.2000000000000397,1.577794504162728,1.577794504162728,0,0.0,,83542
rate3.0_s4,0.0,q8_a0.8_and,10715,8.333333333333329,8.333333333333329,3.25000000000004,3.25000000000004,1.5098749776493632,1.5098749776493632,0,0.0,,83521
rate3.0_s4,0.0,q8_a0.8_and,10716,7.666666666666671,7.666666666666671,3.30000000000004,3.30000000000004,1.698094544170542,1.698094544170542,0,0.0,,83591
rate3.0_s4,0.0,q8_a0.8_and,10717,7.333333333333286,7.333333333333286,3.1500000000000403,3.1500000000000403,1.6971042583546307,1.6971042583546307,0,0.0,,84374
rate3.0_s4,0.0,q8_a0.8_and,10718,8.666666666666742,8.666666666666742,3.25000000000004,3.25000000000004,1.6271513496905752,1.6271513496905752,0,0.0,,82245
rate3.0_s4,0.0,q8_a0.8_and,10719,8.666666666666742,8.666666666666742,3.50000000000004,3.50000000000004,1.5572406744657308,1.5572406744657308,0,0.0,,83073
rate3.0_s4,0.0,q8_a0.8_and,10720,7.333333333333371,7.333333333333371,3.00000000000004,3.00000000000004,1.4576286075959437,1.4576286075959437,0,0.0,,81694
rate3.0_s4,0.0,q8_a0.8_and,10721,7.333333333333286,7.333333333333286,2.95000000000004,2.95000000000004,1.5090028218889313,1.5090028218889313,0,0.0,,82436
rate3.0_s4,0.0,q8_a0.8_and,10722,8.333333333333485,8.333333333333485,3.50000000000004,3.50000000000004,1.5890804008462514,1.5890804008462514,0,0.0,,83973
rate3.0_s4,0.0,q8_a0.8_and,10723,7.999999999999943,7.999999999999943,3.0250000000000403,3.0250000000000403,1.4857546791804321,1.4857546791804321,0,0.0,,82499
rate3.0_s4,0.0,q8_a0.8_and,10724,8.333333333333428,8.333333333333428,3.3500000000000396,3.3500000000000396,1.4609041698752907,1.4609041698752907,0,0.0,,80324
rate3.0_s4,0.0,q8_a0.8_and,10725,7.333333333333371,7.333333333333371,2.97500000000004,2.97500000000004,1.4583221913914932,1.4583221913914932,0,0.0,,83814
rate3.0_s4,0.0,q8_a0.8_and,10726,8.333333333333314,8.333333333333314,3.27500000000004,3.27500000000004,1.5266597412451524,1.5266597412451524,0,0.0,,85000
rate3.0_s4,0.0,q8_a0.8_and,10727,8.666666666666664,8.666666666666664,3.40000000000004,3.40000000000004,1.5181594497619038,1.5181594497619038,0,0.0,,84952
rate3.0_s4,0.0,q8_a0.8_and,10728,7.333333333333371,7.333333333333371,3.00000000000004,3.00000000000004,1.3743409077676603,1.3743409077676603,0,0.0,,83880
rate3.0_s4,0.0,q8_a0.8_and,10729,8.333333333333314,8.333333333333314,3.2000000000000397,3.2000000000000397,1.5585824768071075,1.5585824768071075,0,0.0,,81825
rate3.0_s4,0.0,q8_a1.5_or,10700,8.333333333333428,8.333333333333428,3.3250000000000397,3.3250000000000397,1.5657414052999372,1.5657414052999372,0,0.0,,83839
rate3.0_s4,0.0,q8_a1.5_or,10701,7.333333333333485,7.333333333333485,3.2000000000000397,3.2000000000000397,1.531827320601695,1.531827320601695,0,0.0,,81708
rate3.0_s4,0.0,q8_a1.5_or,10702,8.333333333333428,8.333333333333428,3.12500000000004,3.12500000000004,1.495451270951301,1.495451270951301,0,0.0,,82395
rate3.0_s4,0.0,q8_a1.5_or,10703,11.333333333333371,11.333333333333371,3.3500000000000396,3.3500000000000396,1.4132863323675364,1.4132863323675364,0,0.0,,83851
rate3.0_s4,0.0,q8_a1.5_or,10704,8.666666666666742,8.666666666666742,3.27500000000004,3.27500000000004,1.5262592050154482,1.5262592050154482,0,0.0,,83761
rate3.0_s4,0.0,q8_a1.5_or,10705,8.333333333333329,8.333333333333329,3.4750000000000396,3.4750000000000396,1.6377848553229348,1.6377848553229348,0,0.0,,84915
rate3.0_s4,0.0,q8_a1.5_or,10706,6.999999999999943,6.999999999999943,2.7750000000000403,2.7750000000000403,1.4559907673228971,1.4559907673228971,0,0.0,,84114
rate3.0_s4,0.0,q8_a1.5_or,10707,7.0,7.0,2.85000000000004,2.85000000000004,1.4741540446272505,1.4741540446272505,0,0.0,,84420
rate3.0_s4,0.0,q8_a1.5_or,10708,8.333333333333314,8.333333333333314,3.40000000000004,3.40000000000004,1.552691040491328,1.552691040491328,0,0.0,,80339
rate3.0_s4,0.0,q8_a1.5_or,10709,7.0,7.0,3.0500000000000402,3.0500000000000402,1.5456813508166973,1.5456813508166973,0,0.0,,83032
rate3.0_s4,0.0,q8_a1.5_or,10710,8.333333333333428,8.333333333333428,3.25000000000004,3.25000000000004,1.5241089291943326,1.5241089291943326,0,0.0,,82905
rate3.0_s4,0.0,q8_a1.5_or,10711,7.333333333333485,7.333333333333485,3.07500000000004,3.07500000000004,1.6536218856584852,1.6536218856584852,0,0.0,,83571
rate3.0_s4,0.0,q8_a1.5_or,10712,7.333333333333371,7.333333333333371,3.10000000000004,3.10000000000004,1.607331184027651,1.607331184027651,0,0.0,,83010
rate3.0_s4,0.0,q8_a1.5_or,10713,8.333333333333314,8.333333333333314,3.4500000000000397,3.4500000000000397,1.6074743955672672,1.6074743955672672,0,0.0,,84583
rate3.0_s4,0.0,q8_a1.5_or,10714,8.333333333333329,8.333333333333329,3.2000000000000397,3.2000000000000397,1.577794504162728,1.577794504162728,0,0.0,,83542
rate3.0_s4,0.0,q8_a1.5_or,10715,8.333333333333329,8.333333333333329,3.25000000000004,3.25000000000004,1.5098749776493632,1.5098749776493632,0,0.0,,83521
rate3.0_s4,0.0,q8_a1.5_or,10716,7.666666666666671,7.666666666666671,3.30000000000004,3.30000000000004,1.698094544170542,1.698094544170542,0,0.0,,83591
rate3.0_s4,0.0,q8_a1.5_or,10717,7.333333333333286,7.333333333333286,3.1500000000000403,3.1500000000000403,1.6971042583546307,1.6971042583546307,0,0.0,,84374
rate3.0_s4,0.0,q8_a1.5_or,10718,8.666666666666742,8.666666666666742,3.25000000000004,3.25000000000004,1.6271513496905752,1.6271513496905752,0,0.0,,82245
rate3.0_s4,0.0,q8_a1.5_or,10719,8.666666666666742,8.666666666666742,3.50000000000004,3.50000000000004,1.5572406744657308,1.5572406744657308,0,0.0,,83073
rate3.0_s4,0.0,q8_a1.5_or,10720,7.333333333333371,7.333333333333371,3.00000000000004,3.00000000000004,1.4576286075959437,1.4576286075959437,0,0.0,,81694
rate3.0_s4,0.0,q8_a1.5_or,10721,7.333333333333286,7.333333333333286,2.95000000000004,2.95000000000004,1.5090028218889313,1.5090028218889313,0,0.0,,82436
rate3.0_s4,0.0,q8_a1.5_or,10722,8.333333333333485,8.333333333333485,3.50000000000004,3.50000000000004,1.5890804008462514,1.5890804008462514,0,0.0,,83973
rate3.0_s4,0.0,q8_a1.5_or,10723,7.999999999999943,7.999999999999943,3.0250000000000403,3.0250000000000403,1.4857546791804321,1.4857546791804321,0,0.0,,82499
rate3.0_s4,0.0,q8_a1.5_or,10724,8.333333333333428,8.333333333333428,3.3500000000000396,3.3500000000000396,1.4609041698752907,1.4609041698752907,0,0.0,,80324
rate3.0_s4,0.0,q8_a1.5_or,10725,7.333333333333371,7.333333333333371,2.97500000000004,2.97500000000004,1.4583221913914932,1.4583221913914932,0,0.0,,83814
rate3.0_s4,0.0,q8_a1.5_or,10726,8.333333333333314,8.333333333333314,3.27500000000004,3.27500000000004,1.5266597412451524,1.5266597412451524,0,0.0,,85000
rate3.0_s4,0.0,q8_a1.5_or,10727,8.666666666666664,8.666666666666664,3.40000000000004,3.40000000000004,1.5181594497619038,1.5181594497619038,0,0.0,,84952
rate3.0_s4,0.0,q8_a1.5_or,10728,7.333333333333371,7.333333333333371,3.00000000000004,3.00000000000004,1.3743409077676603,1.3743409077676603,0,0.0,,83880
rate3.0_s4,0.0,q8_a1.5_or,10729,8.333333333333314,8.333333333333314,3.2000000000000397,3.2000000000000397,1.5585824768071075,1.5585824768071075,0,0.0,,81825
rate3.0_s4,0.0,q8_a1.5_and,10700,8.333333333333428,8.333333333333428,3.3250000000000397,3.3250000000000397,1.5657414052999372,1.5657414052999372,0,0.0,,83839
rate3.0_s4,0.0,q8_a1.5_and,10701,7.333333333333485,7.333333333333485,3.2000000000000397,3.2000000000000397,1.531827320601695,1.531827320601695,0,0.0,,81708
rate3.0_s4,0.0,q8_a1.5_and,10702,8.333333333333428,8.333333333333428,3.12500000000004,3.12500000000004,1.495451270951301,1.495451270951301,0,0.0,,82395
rate3.0_s4,0.0,q8_a1.5_and,10703,11.333333333333371,11.333333333333371,3.3500000000000396,3.3500000000000396,1.4132863323675364,1.4132863323675364,0,0.0,,83851
rate3.0_s4,0.0,q8_a1.5_and,10704,8.666666666666742,8.666666666666742,3.27500000000004,3.27500000000004,1.5262592050154482,1.5262592050154482,0,0.0,,83761
rate3.0_s4,0.0,q8_a1.5_and,10705,8.333333333333329,8.333333333333329,3.4750000000000396,3.4750000000000396,1.6377848553229348,1.6377848553229348,0,0.0,,84915
rate3.0_s4,0.0,q8_a1.5_and,10706,6.999999999999943,6.999999999999943,2.7750000000000403,2.7750000000000403,1.4559907673228971,1.4559907673228971,0,0.0,,84114
rate3.0_s4,0.0,q8_a1.5_and,10707,7.0,7.0,2.85000000000004,2.85000000000004,1.4741540446272505,1.4741540446272505,0,0.0,,84420
rate3.0_s4,0.0,q8_a1.5_and,10708,8.333333333333314,8.333333333333314,3.40000000000004,3.40000000000004,1.552691040491328,1.552691040491328,0,0.0,,80339
rate3.0_s4,0.0,q8_a1.5_and,10709,7.0,7.0,3.0500000000000402,3.0500000000000402,1.5456813508166973,1.5456813508166973,0,0.0,,83032
rate3.0_s4,0.0,q8_a1.5_and,10710,8.333333333333428,8.333333333333428,3.25000000000004,3.25000000000004,1.5241089291943326,1.5241089291943326,0,0.0,,82905
rate3.0_s4,0.0,q8_a1.5_and,10711,7.333333333333485,7.333333333333485,3.07500000000004,3.07500000000004,1.6536218856584852,1.6536218856584852,0,0.0,,83571
rate3.0_s4,0.0,q8_a1.5_and,10712,7.333333333333371,7.333333333333371,3.10000000000004,3.10000000000004,1.607331184027651,1.607331184027651,0,0.0,,83010
rate3.0_s4,0.0,q8_a1.5_and,10713,8.333333333333314,8.333333333333314,3.4500000000000397,3.4500000000000397,1.6074743955672672,1.6074743955672672,0,0.0,,84583
rate3.0_s4,0.0,q8_a1.5_and,10714,8.333333333333329,8.333333333333329,3.2000000000000397,3.2000000000000397,1.577794504162728,1.577794504162728,0,0.0,,83542
rate3.0_s4,0.0,q8_a1.5_and,10715,8.333333333333329,8.333333333333329,3.25000000000004,3.25000000000004,1.5098749776493632,1.5098749776493632,0,0.0,,83521
rate3.0_s4,0.0,q8_a1.5_and,10716,7.666666666666671,7.666666666666671,3.30000000000004,3.30000000000004,1.698094544170542,1.698094544170542,0,0.0,,83591
rate3.0_s4,0.0,q8_a1.5_and,10717,7.333333333333286,7.333333333333286,3.1500000000000403,3.1500000000000403,1.6971042583546307,1.6971042583546307,0,0.0,,84374
rate3.0_s4,0.0,q8_a1.5_and,10718,8.666666666666742,8.666666666666742,3.25000000000004,3.25000000000004,1.6271513496905752,1.6271513496905752,0,0.0,,82245
rate3.0_s4,0.0,q8_a1.5_and,10719,8.666666666666742,8.666666666666742,3.50000000000004,3.50000000000004,1.5572406744657308,1.5572406744657308,0,0.0,,83073
rate3.0_s4,0.0,q8_a1.5_and,10720,7.333333333333371,7.333333333333371,3.00000000000004,3.00000000000004,1.4576286075959437,1.4576286075959437,0,0.0,,81694
rate3.0_s4,0.0,q8_a1.5_and,10721,7.333333333333286,7.333333333333286,2.95000000000004,2.95000000000004,1.5090028218889313,1.5090028218889313,0,0.0,,82436
rate3.0_s4,0.0,q8_a1.5_and,10722,8.333333333333485,8.333333333333485,3.50000000000004,3.50000000000004,1.5890804008462514,1.5890804008462514,0,0.0,,83973
rate3.0_s4,0.0,q8_a1.5_and,10723,7.999999999999943,7.999999999999943,3.0250000000000403,3.0250000000000403,1.4857546791804321,1.4857546791804321,0,0.0,,82499
rate3.0_s4,0.0,q8_a1.5_and,10724,8.333333333333428,8.333333333333428,3.3500000000000396,3.3500000000000396,1.4609041698752907,1.4609041698752907,0,0.0,,80324
rate3.0_s4,0.0,q8_a1.5_and,10725,7.333333333333371,7.333333333333371,2.97500000000004,2.97500000000004,1.4583221913914932,1.4583221913914932,0,0.0,,83814
rate3.0_s4,0.0,q8_a1.5_and,10726,8.333333333333314,8.333333333333314,3.27500000000004,3.27500000000004,1.5266597412451524,1.5266597412451524,0,0.0,,85000
rate3.0_s4,0.0,q8_a1.5_and,10727,8.666666666666664,8.666666666666664,3.40000000000004,3.40000000000004,1.5181594497619038,1.5181594497619038,0,0.0,,84952
rate3.0_s4,0.0,q8_a1.5_and,10728,7.333333333333371,7.333333333333371,3.00000000000004,3.00000000000004,1.3743409077676603,1.3743409077676603,0,0.0,,83880
rate3.0_s4,0.0,q8_a1.5_and,10729,8.333333333333314,8.333333333333314,3.2000000000000397,3.2000000000000397,1.5585824768071075,1.5585824768071075,0,0.0,,81825
rate3.0_s4,2.0,q2_a0.8_or,10700,8.333333333333428,5.333333333333329,3.30000000000004,2.3000000000000402,1.7151253228293353,1.8309644777176977,10,1.0,1.0,84505
rate3.0_s4,2.0,q2_a0.8_or,10701,7.0,5.666666666666657,3.10000000000004,2.4250000000000402,1.674898622165013,1.857831715446856,10,1.0,1.0,83741
rate3.0_s4,2.0,q2_a0.8_or,10702,7.333333333333485,7.333333333333371,3.07500000000004,2.8000000000000402,1.6199043063913128,1.7767952508361287,10,1.0,1.0,83676
rate3.0_s4,2.0,q2_a0.8_or,10703,7.333333333333371,5.666666666666629,3.3250000000000397,2.35000000000004,1.531827838092649,1.8339683665593793,10,1.0,1.0,85223
rate3.0_s4,2.0,q2_a0.8_or,10704,8.666666666666742,5.333333333333329,3.3250000000000397,2.1750000000000402,1.7713481938052564,1.8176714736539938,10,1.0,1.0,82525
rate3.0_s4,2.0,q2_a0.8_or,10705,8.333333333333329,5.333333333333329,3.4750000000000396,2.35000000000004,1.7760012313145122,1.8523401520603937,10,1.0,1.0,84560
rate3.0_s4,2.0,q2_a0.8_or,10706,6.999999999999943,5.6666666666667425,2.8000000000000402,2.37500000000004,1.5618197677732337,1.8900282645871236,10,1.0,1.0,84661
rate3.0_s4,2.0,q2_a0.8_or,10707,6.333333333333314,5.333333333333314,2.70000000000004,1.97500000000004,1.6036216644773815,1.7752660928369726,10,1.0,1.0,83947
rate3.0_s4,2.0,q2_a0.8_or,10708,8.333333333333314,5.333333333333314,3.3250000000000397,2.3000000000000402,1.7090315619267062,1.9395222580801108,10,1.0,1.0,84370
rate3.0_s4,2.0,q2_a0.8_or,10709,7.0,5.666666666666629,3.10000000000004,2.3000000000000402,1.6541550326407293,1.7536301660351696,10,1.0,1.0,83940
rate3.0_s4,2.0,q2_a0.8_or,10710,8.666666666666629,5.666666666666664,3.25000000000004,2.2750000000000403,1.698547092588465,1.7395658067263622,10,1.0,1.0,84750
rate3.0_s4,2.0,q2_a0.8_or,10711,7.333333333333371,5.333333333333371,3.12500000000004,2.22500000000004,1.7490892302090448,1.9807037896583075,10,1.0,1.0,84641
rate3.0_s4,2.0,q2_a0.8_or,10712,8.666666666666657,5.333333333333314,3.10000000000004,2.20000000000004,1.722596379271332,1.714515373834411,10,1.0,1.0,83314
rate3.0_s4,2.0,q2_a0.8_or,10713,8.333333333333329,5.333333333333314,3.55000000000004,2.35000000000004,1.8165364778935484,1.8293449185263868,10,1.0,1.0,84624
rate3.0_s4,2.0,q2_a0.8_or,10714,8.666666666666742,7.0,3.6000000000000396,2.95000000000004,1.7973308126538332,1.992351708943789,10,1.0,1.0,84728
rate3.0_s4,2.0,q2_a0.8_or,10715,8.333333333333329,5.666666666666629,3.25000000000004,2.37500000000004,1.7014592754439875,1.8165308599450989,10,1.0,1.0,82707
rate3.0_s4,2.0,q2_a0.8_or,10716,7.666666666666671,5.333333333333371,3.2000000000000397,2.6500000000000403,1.8680865688092048,1.9748740356161896,10,1.0,1.0,84899
rate3.0_s4,2.0,q2_a0.8_or,10717,7.666666666666799,5.333333333333314,3.2000000000000397,2.22500000000004,1.8208116402271883,1.8076102808262295,10,1.0,1.0,85387
rate3.0_s4,2.0,q2_a0.8_or,10718,8.666666666666664,5.666666666666664,3.1500000000000403,2.4250000000000402,1.71905890484333,1.8996790155126917,10,1.0,1.0,84166
rate3.0_s4,2.0,q2_a0.8_or,10719,8.666666666666742,5.333333333333371,3.3500000000000396,2.35000000000004,1.8446042533409828,2.110751355030478,10,1.0,1.0,85574
rate3.0_s4,2.0,q2_a0.8_or,10720,7.333333333333371,5.333333333333371,2.82500000000004,2.22500000000004,1.5823812859054107,1.6591102189317006,10,1.0,1.0,82496
rate3.0_s4,2.0,q2_a0.8_or,10721,7.333333333333485,5.333333333333314,3.12500000000004,2.3000000000000402,1.8242592487870373,1.9444537112258626,10,1.0,1.0,83722
rate3.0_s4,2.0,q2_a0.8_or,10722,8.333333333333428,5.666666666666664,3.25000000000004,2.5250000000000403,1.7405194913384718,1.7150278203028004,10,1.0,1.0,86416
rate3.0_s4,2.0,q2_a0.8_or,10723,7.999999999999943,5.666666666666664,3.2250000000000396,2.22500000000004,1.6634701331412056,1.8393501492641295,10,1.0,1.0,84742
rate3.0_s4,2.0,q2_a0.8_or,10724,8.333333333333428,5.666666666666629,3.27500000000004,2.45000000000004,1.5864681040525086,1.70815614803209,10,1.0,1.0,82217
rate3.0_s4,2.0,q2_a0.8_or,10725,7.0000000000001705,5.333333333333329,2.7750000000000403,2.22500000000004,1.528963778656432,1.7368854894063213,10,1.0,1.0,83999
rate3.0_s4,2.0,q2_a0.8_or,10726,8.333333333333314,5.666666666666629,3.27500000000004,2.35000000000004,1.6652835315914285,1.588744746640523,10,1.0,1.0,84658
rate3.0_s4,2.0,q2_a0.8_or,10727,8.666666666666657,5.333333333333371,3.37500000000004,2.07500000000004,1.5756731702925446,1.5904880654777585,10,1.0,1.0,83841
rate3.0_s4,2.0,q2_a0.8_or,10728,6.333333333333329,5.333333333333329,2.70000000000004,2.1750000000000402,1.5029244293037667,1.6528457133276397,10,1.0,1.0,88130
rate3.0_s4,2.0,q2_a0.8_or,10729,8.333333333333314,5.333333333333286,3.27500000000004,2.1750000000000402,1.6581434506726143,1.782264097041616,10,1.0,1.0,83553
rate3.0_s4,2.0,q2_a0.8_and,10700,8.333333333333428,7.0,3.30000000000004,3.0500000000000402,1.7151253228293353,1.8061990676689468,5,0.5,1.0,84136
rate3.0_s4,2.0,q2_a0.8_and,10701,7.0,5.666666666666686,3.10000000000004,2.7750000000000403,1.674898622165013,1.6819400580193047,5,0.5,1.0,83390
rate3.0_s4,2.0,q2_a0.8_and,10702,7.333333333333485,7.333333333333485,3.07500000000004,3.25000000000004,1.6199043063913128,1.759923307161786,5,0.5,1.0,83086
rate3.0_s4,2.0,q2_a0.8_and,10703,7.333333333333371,5.666666666666686,3.3250000000000397,2.62500000000004,1.531827838092649,1.6797849878438877,5,0.5,1.0,85349
rate3.0_s4,2.0,q2_a0.8_and,10704,8.666666666666742,6.666666666666856,3.3250000000000397,2.8000000000000402,1.7713481938052564,1.8451611171916205,5,0.5,1.0,83582
rate3.0_s4,2.0,q2_a0.8_and,10705,8.333333333333329,8.333333333333286,3.4750000000000396,3.07500000000004,1.7760012313145122,1.8702471633109248,5,0.5,1.0,85196
rate3.0_s4,2.0,q2_a0.8_and,10706,6.999999999999943,5.999999999999943,2.8000000000000402,2.87500000000004,1.5618197677732337,1.8143609056812195,5,0.5,1.0,84616
rate3.0_s4,2.0,q2_a0.8_and,10707,6.333333333333314,5.333333333333371,2.70000000000004,2.47500000000004,1.6036216644773815,1.7694004580335612,5,0.5,1.0,85118
rate3.0_s4,2.0,q2_a0.8_and,10708,8.333333333333314,5.666666666666686,3.3250000000000397,2.6750000000000402,1.7090315619267062,1.8769139293079888,5,0.5,1.0,84156
rate3.0_s4,2.0,q2_a0.8_and,10709,7.0,5.666666666666629,3.10000000000004,2.57500000000004,1.6541550326407293,1.8146343070770847,5,0.5,1.0,83623
rate3.0_s4,2.0,q2_a0.8_and,10710,8.666666666666629,7.666666666666629,3.25000000000004,2.82500000000004,1.698547092588465,1.6894054475093196,5,0.5,1.0,82627
rate3.0_s4,2.0,q2_a0.8_and,10711,7.333333333333371,6.333333333333485,3.12500000000004,2.8000000000000402,1.7490892302090448,1.9262055495401154,5,0.5,1.0,83938
rate3.0_s4,2.0,q2_a0.8_and,10712,8.666666666666657,5.666666666666657,3.10000000000004,2.6500000000000403,1.722596379271332,1.703845248799428,5,0.5,1.0,82184
rate3.0_s4,2.0,q2_a0.8_and,10713,8.333333333333329,5.333333333333371,3.55000000000004,2.87500000000004,1.8165364778935484,1.747633558748488,5,0.5,1.0,84586
rate3.0_s4,2.0,q2_a0.8_and,10714,8.666666666666742,9.333333333333485,3.6000000000000396,3.37500000000004,1.7973308126538332,1.9594947817614945,5,0.5,1.0,84501
rate3.0_s4,2.0,q2_a0.8_and,10715,8.333333333333329,5.666666666666629,3.25000000000004,2.6750000000000402,1.7014592754439875,1.7099296263864747,5,0.5,1.0,82702
rate3.0_s4,2.0,q2_a0.8_and,10716,7.666666666666671,7.666666666666671,3.2000000000000397,2.97500000000004,1.8680865688092048,1.8901257324487688,5,0.5,1.0,84455
rate3.0_s4,2.0,q2_a0.8_and,10717,7.666666666666799,7.333333333333371,3.2000000000000397,3.0500000000000402,1.8208116402271883,1.863764212286966,5,0.5,1.0,86015
rate3.0_s4,2.0,q2_a0.8_and,10718,8.666666666666664,7.333333333333371,3.1500000000000403,2.82500000000004,1.71905890484333,1.8769245948476538,5,0.5,1.0,82718
rate3.0_s4,2.0,q2_a0.8_and,10719,8.666666666666742,5.666666666666657,3.3500000000000396,2.75000000000004,1.8446042533409828,1.9363121776401635,5,0.5,1.0,83846
rate3.0_s4,2.0,q2_a0.8_and,10720,7.333333333333371,6.333333333333485,2.82500000000004,2.5500000000000402,1.5823812859054107,1.6630294521108024,5,0.5,1.0,81510
rate3.0_s4,2.0,q2_a0.8_and,10721,7.333333333333485,5.333333333333371,3.12500000000004,2.62500000000004,1.8242592487870373,1.7572933426592443,5,0.5,1.0,82200
rate3.0_s4,2.0,q2_a0.8_and,10722,8.333333333333428,8.333333333333428,3.25000000000004,3.07500000000004,1.7405194913384718,1.834145442060128,5,0.5,1.0,86658
rate3.0_s4,2.0,q2_a0.8_and,10723,7.999999999999943,7.333333333333485,3.2250000000000396,2.85000000000004,1.6634701331412056,1.7622946454076858,5,0.5,1.0,83598
rate3.0_s4,2.0,q2_a0.8_and,10724,8.333333333333428,7.666666666666799,3.27500000000004,3.10000000000004,1.5864681040525086,1.7668594312372832,5,0.5,1.0,82272
rate3.0_s4,2.0,q2_a0.8_and,10725,7.0000000000001705,5.333333333333371,2.7750000000000403,2.35000000000004,1.528963778656432,1.685624689199225,5,0.5,1.0,83212
rate3.0_s4,2.0,q2_a0.8_and,10726,8.333333333333314,6.666666666666856,3.27500000000004,2.7750000000000403,1.6652835315914285,1.5984582312899658,5,0.5,1.0,83732
rate3.0_s4,2.0,q2_a0.8_and,10727,8.666666666666657,6.333333333333485,3.37500000000004,2.85000000000004,1.5756731702925446,1.6202451980669719,5,0.5,1.0,83747
rate3.0_s4,2.0,q2_a0.8_and,10728,6.333333333333329,5.6666666666667425,2.70000000000004,2.7750000000000403,1.5029244293037667,1.6228706499106693,5,0.5,1.0,87664
rate3.0_s4,2.0,q2_a0.8_and,10729,8.333333333333314,5.333333333333485,3.27500000000004,2.62500000000004,1.6581434506726143,1.6848967298919262,5,0.5,1.0,83214
rate3.0_s4,2.0,q2_a1.5_or,10700,8.333333333333428,7.0,3.30000000000004,3.0500000000000402,1.7151253228293353,1.8061990676689468,5,0.5,1.0,84136
rate3.0_s4,2.0,q2_a1.5_or,10701,7.0,5.666666666666686,3.10000000000004,2.7750000000000403,1.674898622165013,1.6819400580193047,5,0.5,1.0,83390
rate3.0_s4,2.0,q2_a1.5_or,10702,7.333333333333485,7.333333333333485,3.07500000000004,3.25000000000004,1.6199043063913128,1.759923307161786,5,0.5,1.0,83086
rate3.0_s4,2.0,q2_a1.5_or,10703,7.333333333333371,5.666666666666686,3.3250000000000397,2.62500000000004,1.531827838092649,1.6797849878438877,5,0.5,1.0,85349
rate3.0_s4,2.0,q2_a1.5_or,10704,8.666666666666742,6.666666666666856,3.3250000000000397,2.8000000000000402,1.7713481938052564,1.8451611171916205,5,0.5,1.0,83582
rate3.0_s4,2.0,q2_a1.5_or,10705,8.333333333333329,8.333333333333286,3.4750000000000396,3.07500000000004,1.7760012313145122,1.8702471633109248,5,0.5,1.0,85196
rate3.0_s4,2.0,q2_a1.5_or,10706,6.999999999999943,5.999999999999943,2.8000000000000402,2.87500000000004,1.5618197677732337,1.8143609056812195,5,0.5,1.0,84616
rate3.0_s4,2.0,q2_a1.5_or,10707,6.333333333333314,5.333333333333371,2.70000000000004,2.47500000000004,1.6036216644773815,1.7694004580335612,5,0.5,1.0,85118
rate3.0_s4,2.0,q2_a1.5_or,10708,8.333333333333314,5.666666666666686,3.3250000000000397,2.6750000000000402,1.7090315619267062,1.8769139293079888,5,0.5,1.0,84156
rate3.0_s4,2.0,q2_a1.5_or,10709,7.0,5.666666666666629,3.10000000000004,2.57500000000004,1.6541550326407293,1.8146343070770847,5,0.5,1.0,83623
rate3.0_s4,2.0,q2_a1.5_or,10710,8.666666666666629,7.666666666666629,3.25000000000004,2.82500000000004,1.698547092588465,1.6894054475093196,5,0.5,1.0,82627
rate3.0_s4,2.0,q2_a1.5_or,10711,7.333333333333371,6.333333333333485,3.12500000000004,2.8000000000000402,1.7490892302090448,1.9262055495401154,5,0.5,1.0,83938
rate3.0_s4,2.0,q2_a1.5_or,10712,8.666666666666657,5.666666666666657,3.10000000000004,2.6500000000000403,1.722596379271332,1.703845248799428,5,0.5,1.0,82184
rate3.0_s4,2.0,q2_a1.5_or,10713,8.333333333333329,5.333333333333371,3.55000000000004,2.87500000000004,1.8165364778935484,1.747633558748488,5,0.5,1.0,84586
rate3.0_s4,2.0,q2_a1.5_or,10714,8.666666666666742,9.333333333333485,3.6000000000000396,3.37500000000004,1.7973308126538332,1.9594947817614945,5,0.5,1.0,84501
rate3.0_s4,2.0,q2_a1.5_or,10715,8.333333333333329,5.666666666666629,3.25000000000004,2.6750000000000402,1.7014592754439875,1.7099296263864747,5,0.5,1.0,82702
rate3.0_s4,2.0,q2_a1.5_or,10716,7.666666666666671,7.666666666666671,3.2000000000000397,2.97500000000004,1.8680865688092048,1.8901257324487688,5,0.5,1.0,84455
rate3.0_s4,2.0,q2_a1.5_or,10717,7.666666666666799,7.333333333333371,3.2000000000000397,3.0500000000000402,1.8208116402271883,1.863764212286966,5,0.5,1.0,86015
rate3.0_s4,2.0,q2_a1.5_or,10718,8.666666666666664,7.333333333333371,3.1500000000000403,2.82500000000004,1.71905890484333,1.8769245948476538,5,0.5,1.0,82718
rate3.0_s4,2.0,q2_a1.5_or,10719,8.666666666666742,5.666666666666657,3.3500000000000396,2.75000000000004,1.8446042533409828,1.9363121776401635,5,0.5,1.0,83846
rate3.0_s4,2.0,q2_a1.5_or,10720,7.333333333333371,6.333333333333485,2.82500000000004,2.5500000000000402,1.5823812859054107,1.6630294521108024,5,0.5,1.0,81510
rate3.0_s4,2.0,q2_a1.5_or,10721,7.333333333333485,5.333333333333371,3.12500000000004,2.62500000000004,1.8242592487870373,1.7572933426592443,5,0.5,1.0,82200
rate3.0_s4,2.0,q2_a1.5_or,10722,8.333333333333428,8.333333333333428,3.25000000000004,3.07500000000004,1.7405194913384718,1.834145442060128,5,0.5,1.0,86658
rate3.0_s4,2.0,q2_a1.5_or,10723,7.999999999999943,7.333333333333485,3.2250000000000396,2.85000000000004,1.6634701331412056,1.7622946454076858,5,0.5,1.0,83598
rate3.0_s4,2.0,q2_a1.5_or,10724,8.333333333333428,7.666666666666799,3.27500000000004,3.10000000000004,1.5864681040525086,1.7668594312372832,5,0.5,1.0,82272
rate3.0_s4,2.0,q2_a1.5_or,10725,7.0000000000001705,5.333333333333371,2.7750000000000403,2.35000000000004,1.528963778656432,1.685624689199225,5,0.5,1.0,83212
rate3.0_s4,2.0,q2_a1.5_or,10726,8.333333333333314,6.666666666666856,3.27500000000004,2.7750000000000403,1.6652835315914285,1.5984582312899658,5,0.5,1.0,83732
rate3.0_s4,2.0,q2_a1.5_or,10727,8.666666666666657,6.333333333333485,3.37500000000004,2.85000000000004,1.5756731702925446,1.6202451980669719,5,0.5,1.0,83747
rate3.0_s4,2.0,q2_a1.5_or,10728,6.333333333333329,5.6666666666667425,2.70000000000004,2.7750000000000403,1.5029244293037667,1.6228706499106693,5,0.5,1.0,87664
rate3.0_s4,2.0,q2_a1.5_or,10729,8.333333333333314,5.333333333333485,3.27500000000004,2.62500000000004,1.6581434506726143,1.6848967298919262,5,0.5,1.0,83214
rate3.0_s4,2.0,q2_a1.5_and,10700,8.333333333333428,8.333333333333428,3.30000000000004,3.30000000000004,1.7151253228293353,1.7151253228293353,0,0.0,,83858
rate3.0_s4,2.0,q2_a1.5_and,10701,7.0,7.0,3.10000000000004,3.10000000000004,1.674898622165013,1.674898622165013,0,0.0,,81511
rate3.0_s4,2.0,q2_a1.5_and,10702,7.333333333333485,7.333333333333485,3.07500000000004,3.07500000000004,1.6199043063913128,1.6199043063913128,0,0.0,,82891
rate3.0_s4,2.0,q2_a1.5_and,10703,7.333333333333371,7.333333333333371,3.3250000000000397,3.3250000000000397,1.531827838092649,1.531827838092649,0,0.0,,82183
rate3.0_s4,2.0,q2_a1.5_and,10704,8.666666666666742,8.666666666666742,3.3250000000000397,3.3250000000000397,1.7713481938052564,1.7713481938052564,0,0.0,,84872
rate3.0_s4,2.0,q2_a1.5_and,10705,8.333333333333329,8.333333333333329,3.4750000000000396,3.4750000000000396,1.7760012313145122,1.7760012313145122,0,0.0,,85313
rate3.0_s4,2.0,q2_a1.5_and,10706,6.999999999999943,6.999999999999943,2.8000000000000402,2.8000000000000402,1.5618197677732337,1.5618197677732337,0,0.0,,84219
rate3.0_s4,2.0,q2_a1.5_and,10707,6.333333333333314,6.333333333333314,2.70000000000004,2.70000000000004,1.6036216644773815,1.6036216644773815,0,0.0,,84324
rate3.0_s4,2.0,q2_a1.5_and,10708,8.333333333333314,8.333333333333314,3.3250000000000397,3.3250000000000397,1.7090315619267062,1.7090315619267062,0,0.0,,81127
rate3.0_s4,2.0,q2_a1.5_and,10709,7.0,7.0,3.10000000000004,3.10000000000004,1.6541550326407293,1.6541550326407293,0,0.0,,82955
rate3.0_s4,2.0,q2_a1.5_and,10710,8.666666666666629,8.666666666666629,3.25000000000004,3.25000000000004,1.698547092588465,1.698547092588465,0,0.0,,81681
rate3.0_s4,2.0,q2_a1.5_and,10711,7.333333333333371,7.333333333333371,3.12500000000004,3.12500000000004,1.7490892302090448,1.7490892302090448,0,0.0,,83727
rate3.0_s4,2.0,q2_a1.5_and,10712,8.666666666666657,8.666666666666657,3.10000000000004,3.10000000000004,1.722596379271332,1.722596379271332,0,0.0,,83021
rate3.0_s4,2.0,q2_a1.5_and,10713,8.333333333333329,8.333333333333329,3.55000000000004,3.55000000000004,1.8165364778935484,1.8165364778935484,0,0.0,,84454
rate3.0_s4,2.0,q2_a1.5_and,10714,8.666666666666742,8.666666666666742,3.6000000000000396,3.6000000000000396,1.7973308126538332,1.7973308126538332,0,0.0,,83918
rate3.0_s4,2.0,q2_a1.5_and,10715,8.333333333333329,8.333333333333329,3.25000000000004,3.25000000000004,1.7014592754439875,1.7014592754439875,0,0.0,,83932
rate3.0_s4,2.0,q2_a1.5_and,10716,7.666666666666671,7.666666666666671,3.2000000000000397,3.2000000000000397,1.8680865688092048,1.8680865688092048,0,0.0,,83805
rate3.0_s4,2.0,q2_a1.5_and,10717,7.666666666666799,7.666666666666799,3.2000000000000397,3.2000000000000397,1.8208116402271883,1.8208116402271883,0,0.0,,86549
rate3.0_s4,2.0,q2_a1.5_and,10718,8.666666666666664,8.666666666666664,3.1500000000000403,3.1500000000000403,1.71905890484333,1.71905890484333,0,0.0,,81727
rate3.0_s4,2.0,q2_a1.5_and,10719,8.666666666666742,8.666666666666742,3.3500000000000396,3.3500000000000396,1.8446042533409828,1.8446042533409828,0,0.0,,83068
rate3.0_s4,2.0,q2_a1.5_and,10720,7.333333333333371,7.333333333333371,2.82500000000004,2.82500000000004,1.5823812859054107,1.5823812859054107,0,0.0,,80792
rate3.0_s4,2.0,q2_a1.5_and,10721,7.333333333333485,7.333333333333485,3.12500000000004,3.12500000000004,1.8242592487870373,1.8242592487870373,0,0.0,,82211
rate3.0_s4,2.0,q2_a1.5_and,10722,8.333333333333428,8.333333333333428,3.25000000000004,3.25000000000004,1.7405194913384718,1.7405194913384718,0,0.0,,84725
rate3.0_s4,2.0,q2_a1.5_and,10723,7.999999999999943,7.999999999999943,3.2250000000000396,3.2250000000000396,1.6634701331412056,1.6634701331412056,0,0.0,,83175
rate3.0_s4,2.0,q2_a1.5_and,10724,8.333333333333428,8.333333333333428,3.27500000000004,3.27500000000004,1.5864681040525086,1.5864681040525086,0,0.0,,80344
rate3.0_s4,2.0,q2_a1.5_and,10725,7.0000000000001705,7.0000000000001705,2.7750000000000403,2.7750000000000403,1.528963778656432,1.528963778656432,0,0.0,,83770
rate3.0_s4,2.0,q2_a1.5_and,10726,8.333333333333314,8.333333333333314,3.27500000000004,3.27500000000004,1.6652835315914285,1.6652835315914285,0,0.0,,84957
rate3.0_s4,2.0,q2_a1.5_and,10727,8.666666666666657,8.666666666666657,3.37500000000004,3.37500000000004,1.5756731702925446,1.5756731702925446,0,0.0,,85027
rate3.0_s4,2.0,q2_a1.5_and,10728,6.333333333333329,6.333333333333329,2.70000000000004,2.70000000000004,1.5029244293037667,1.5029244293037667,0,0.0,,84162
rate3.0_s4,2.0,q2_a1.5_and,10729,8.333333333333314,8.333333333333314,3.27500000000004,3.27500000000004,1.6581434506726143,1.6581434506726143,0,0.0,,83505
rate3.0_s4,2.0,q4_a0.8_or,10700,8.333333333333428,5.333333333333329,3.30000000000004,2.3000000000000402,1.7151253228293353,1.8309644777176977,10,1.0,1.0,84505
rate3.0_s4,2.0,q4_a0.8_or,10701,7.0,5.666666666666657,3.10000000000004,2.4250000000000402,1.674898622165013,1.857831715446856,10,1.0,1.0,83741
rate3.0_s4,2.0,q4_a0.8_or,10702,7.333333333333485,7.333333333333371,3.07500000000004,2.8000000000000402,1.6199043063913128,1.7767952508361287,10,1.0,1.0,83676
rate3.0_s4,2.0,q4_a0.8_or,10703,7.333333333333371,5.666666666666629,3.3250000000000397,2.35000000000004,1.531827838092649,1.8339683665593793,10,1.0,1.0,85223
rate3.0_s4,2.0,q4_a0.8_or,10704,8.666666666666742,5.333333333333329,3.3250000000000397,2.1750000000000402,1.7713481938052564,1.8176714736539938,10,1.0,1.0,82525
rate3.0_s4,2.0,q4_a0.8_or,10705,8.333333333333329,5.333333333333329,3.4750000000000396,2.35000000000004,1.7760012313145122,1.8523401520603937,10,1.0,1.0,84560
rate3.0_s4,2.0,q4_a0.8_or,10706,6.999999999999943,5.6666666666667425,2.8000000000000402,2.37500000000004,1.5618197677732337,1.8900282645871236,10,1.0,1.0,84661
rate3.0_s4,2.0,q4_a0.8_or,10707,6.333333333333314,5.333333333333314,2.70000000000004,1.97500000000004,1.6036216644773815,1.7752660928369726,10,1.0,1.0,83947
rate3.0_s4,2.0,q4_a0.8_or,10708,8.333333333333314,5.333333333333314,3.3250000000000397,2.3000000000000402,1.7090315619267062,1.9395222580801108,10,1.0,1.0,84370
rate3.0_s4,2.0,q4_a0.8_or,10709,7.0,5.666666666666629,3.10000000000004,2.3000000000000402,1.6541550326407293,1.7536301660351696,10,1.0,1.0,83940
rate3.0_s4,2.0,q4_a0.8_or,10710,8.666666666666629,5.666666666666664,3.25000000000004,2.2750000000000403,1.698547092588465,1.7395658067263622,10,1.0,1.0,84750
rate3.0_s4,2.0,q4_a0.8_or,10711,7.333333333333371,5.333333333333371,3.12500000000004,2.22500000000004,1.7490892302090448,1.9807037896583075,10,1.0,1.0,84641
rate3.0_s4,2.0,q4_a0.8_or,10712,8.666666666666657,5.333333333333314,3.10000000000004,2.20000000000004,1.722596379271332,1.714515373834411,10,1.0,1.0,83314
rate3.0_s4,2.0,q4_a0.8_or,10713,8.333333333333329,5.333333333333314,3.55000000000004,2.35000000000004,1.8165364778935484,1.8293449185263868,10,1.0,1.0,84624
rate3.0_s4,2.0,q4_a0.8_or,10714,8.666666666666742,7.0,3.6000000000000396,2.95000000000004,1.7973308126538332,1.992351708943789,10,1.0,1.0,84728
rate3.0_s4,2.0,q4_a0.8_or,10715,8.333333333333329,5.666666666666629,3.25000000000004,2.37500000000004,1.7014592754439875,1.8165308599450989,10,1.0,1.0,82707
rate3.0_s4,2.0,q4_a0.8_or,10716,7.666666666666671,5.333333333333371,3.2000000000000397,2.6500000000000403,1.8680865688092048,1.9748740356161896,10,1.0,1.0,84899
rate3.0_s4,2.0,q4_a0.8_or,10717,7.666666666666799,5.333333333333314,3.2000000000000397,2.22500000000004,1.8208116402271883,1.8076102808262295,10,1.0,1.0,85387
rate3.0_s4,2.0,q4_a0.8_or,10718,8.666666666666664,5.666666666666664,3.1500000000000403,2.4250000000000402,1.71905890484333,1.8996790155126917,10,1.0,1.0,84166
rate3.0_s4,2.0,q4_a0.8_or,10719,8.666666666666742,5.333333333333371,3.3500000000000396,2.35000000000004,1.8446042533409828,2.110751355030478,10,1.0,1.0,85574
rate3.0_s4,2.0,q4_a0.8_or,10720,7.333333333333371,5.333333333333371,2.82500000000004,2.22500000000004,1.5823812859054107,1.6591102189317006,10,1.0,1.0,82496
rate3.0_s4,2.0,q4_a0.8_or,10721,7.333333333333485,5.333333333333314,3.12500000000004,2.3000000000000402,1.8242592487870373,1.9444537112258626,10,1.0,1.0,83722
rate3.0_s4,2.0,q4_a0.8_or,10722,8.333333333333428,5.666666666666664,3.25000000000004,2.5250000000000403,1.7405194913384718,1.7150278203028004,10,1.0,1.0,86416
rate3.0_s4,2.0,q4_a0.8_or,10723,7.999999999999943,5.666666666666664,3.2250000000000396,2.22500000000004,1.6634701331412056,1.8393501492641295,10,1.0,1.0,84742
rate3.0_s4,2.0,q4_a0.8_or,10724,8.333333333333428,5.666666666666629,3.27500000000004,2.45000000000004,1.5864681040525086,1.70815614803209,10,1.0,1.0,82217
rate3.0_s4,2.0,q4_a0.8_or,10725,7.0000000000001705,5.333333333333329,2.7750000000000403,2.22500000000004,1.528963778656432,1.7368854894063213,10,1.0,1.0,83999
rate3.0_s4,2.0,q4_a0.8_or,10726,8.333333333333314,5.666666666666629,3.27500000000004,2.35000000000004,1.6652835315914285,1.588744746640523,10,1.0,1.0,84658
rate3.0_s4,2.0,q4_a0.8_or,10727,8.666666666666657,5.333333333333371,3.37500000000004,2.07500000000004,1.5756731702925446,1.5904880654777585,10,1.0,1.0,83841
rate3.0_s4,2.0,q4_a0.8_or,10728,6.333333333333329,5.333333333333329,2.70000000000004,2.1750000000000402,1.5029244293037667,1.6528457133276397,10,1.0,1.0,88130
rate3.0_s4,2.0,q4_a0.8_or,10729,8.333333333333314,5.333333333333286,3.27500000000004,2.1750000000000402,1.6581434506726143,1.782264097041616,10,1.0,1.0,83553
rate3.0_s4,2.0,q4_a0.8_and,10700,8.333333333333428,8.333333333333428,3.30000000000004,3.30000000000004,1.7151253228293353,1.7151253228293353,0,0.0,,83858
rate3.0_s4,2.0,q4_a0.8_and,10701,7.0,7.0,3.10000000000004,3.10000000000004,1.674898622165013,1.674898622165013,0,0.0,,81511
rate3.0_s4,2.0,q4_a0.8_and,10702,7.333333333333485,7.333333333333485,3.07500000000004,3.07500000000004,1.6199043063913128,1.6199043063913128,0,0.0,,82891
rate3.0_s4,2.0,q4_a0.8_and,10703,7.333333333333371,7.333333333333371,3.3250000000000397,3.3250000000000397,1.531827838092649,1.531827838092649,0,0.0,,82183
rate3.0_s4,2.0,q4_a0.8_and,10704,8.666666666666742,8.666666666666742,3.3250000000000397,3.3250000000000397,1.7713481938052564,1.7713481938052564,0,0.0,,84872
rate3.0_s4,2.0,q4_a0.8_and,10705,8.333333333333329,8.333333333333329,3.4750000000000396,3.4750000000000396,1.7760012313145122,1.7760012313145122,0,0.0,,85313
rate3.0_s4,2.0,q4_a0.8_and,10706,6.999999999999943,6.999999999999943,2.8000000000000402,2.8000000000000402,1.5618197677732337,1.5618197677732337,0,0.0,,84219
rate3.0_s4,2.0,q4_a0.8_and,10707,6.333333333333314,6.333333333333314,2.70000000000004,2.70000000000004,1.6036216644773815,1.6036216644773815,0,0.0,,84324
rate3.0_s4,2.0,q4_a0.8_and,10708,8.333333333333314,8.333333333333314,3.3250000000000397,3.3250000000000397,1.7090315619267062,1.7090315619267062,0,0.0,,81127
rate3.0_s4,2.0,q4_a0.8_and,10709,7.0,7.0,3.10000000000004,3.10000000000004,1.6541550326407293,1.6541550326407293,0,0.0,,82955
rate3.0_s4,2.0,q4_a0.8_and,10710,8.666666666666629,8.666666666666629,3.25000000000004,3.25000000000004,1.698547092588465,1.698547092588465,0,0.0,,81681
rate3.0_s4,2.0,q4_a0.8_and,10711,7.333333333333371,7.333333333333371,3.12500000000004,3.12500000000004,1.7490892302090448,1.7490892302090448,0,0.0,,83727
rate3.0_s4,2.0,q4_a0.8_and,10712,8.666666666666657,8.666666666666657,3.10000000000004,3.10000000000004,1.722596379271332,1.722596379271332,0,0.0,,83021
rate3.0_s4,2.0,q4_a0.8_and,10713,8.333333333333329,8.333333333333329,3.55000000000004,3.55000000000004,1.8165364778935484,1.8165364778935484,0,0.0,,84454
rate3.0_s4,2.0,q4_a0.8_and,10714,8.666666666666742,8.666666666666742,3.6000000000000396,3.6000000000000396,1.7973308126538332,1.7973308126538332,0,0.0,,83918
rate3.0_s4,2.0,q4_a0.8_and,10715,8.333333333333329,8.333333333333329,3.25000000000004,3.25000000000004,1.7014592754439875,1.7014592754439875,0,0.0,,83932
rate3.0_s4,2.0,q4_a0.8_and,10716,7.666666666666671,7.666666666666671,3.2000000000000397,3.2000000000000397,1.8680865688092048,1.8680865688092048,0,0.0,,83805
rate3.0_s4,2.0,q4_a0.8_and,10717,7.666666666666799,7.666666666666799,3.2000000000000397,3.2000000000000397,1.8208116402271883,1.8208116402271883,0,0.0,,86549
rate3.0_s4,2.0,q4_a0.8_and,10718,8.666666666666664,8.666666666666664,3.1500000000000403,3.1500000000000403,1.71905890484333,1.71905890484333,0,0.0,,81727
rate3.0_s4,2.0,q4_a0.8_and,10719,8.666666666666742,8.666666666666742,3.3500000000000396,3.3500000000000396,1.8446042533409828,1.8446042533409828,0,0.0,,83068
rate3.0_s4,2.0,q4_a0.8_and,10720,7.333333333333371,7.333333333333371,2.82500000000004,2.82500000000004,1.5823812859054107,1.5823812859054107,0,0.0,,80792
rate3.0_s4,2.0,q4_a0.8_and,10721,7.333333333333485,7.333333333333485,3.12500000000004,3.12500000000004,1.8242592487870373,1.8242592487870373,0,0.0,,82211
rate3.0_s4,2.0,q4_a0.8_and,10722,8.333333333333428,8.333333333333428,3.25000000000004,3.25000000000004,1.7405194913384718,1.7405194913384718,0,0.0,,84725
rate3.0_s4,2.0,q4_a0.8_and,10723,7.999999999999943,7.999999999999943,3.2250000000000396,3.2250000000000396,1.6634701331412056,1.6634701331412056,0,0.0,,83175
rate3.0_s4,2.0,q4_a0.8_and,10724,8.333333333333428,8.333333333333428,3.27500000000004,3.27500000000004,1.5864681040525086,1.5864681040525086,0,0.0,,80344
rate3.0_s4,2.0,q4_a0.8_and,10725,7.0000000000001705,7.0000000000001705,2.7750000000000403,2.7750000000000403,1.528963778656432,1.528963778656432,0,0.0,,83770
rate3.0_s4,2.0,q4_a0.8_and,10726,8.333333333333314,8.333333333333314,3.27500000000004,3.27500000000004,1.6652835315914285,1.6652835315914285,0,0.0,,84957
rate3.0_s4,2.0,q4_a0.8_and,10727,8.666666666666657,8.666666666666657,3.37500000000004,3.37500000000004,1.5756731702925446,1.5756731702925446,0,0.0,,85027
rate3.0_s4,2.0,q4_a0.8_and,10728,6.333333333333329,6.333333333333329,2.70000000000004,2.70000000000004,1.5029244293037667,1.5029244293037667,0,0.0,,84162
rate3.0_s4,2.0,q4_a0.8_and,10729,8.333333333333314,8.333333333333314,3.27500000000004,3.27500000000004,1.6581434506726143,1.6581434506726143,0,0.0,,83505
rate3.0_s4,2.0,q4_a1.5_or,10700,8.333333333333428,8.333333333333428,3.30000000000004,3.30000000000004,1.7151253228293353,1.7151253228293353,0,0.0,,83858
rate3.0_s4,2.0,q4_a1.5_or,10701,7.0,7.0,3.10000000000004,3.10000000000004,1.674898622165013,1.674898622165013,0,0.0,,81511
rate3.0_s4,2.0,q4_a1.5_or,10702,7.333333333333485,7.333333333333485,3.07500000000004,3.07500000000004,1.6199043063913128,1.6199043063913128,0,0.0,,82891
rate3.0_s4,2.0,q4_a1.5_or,10703,7.333333333333371,7.333333333333371,3.3250000000000397,3.3250000000000397,1.531827838092649,1.531827838092649,0,0.0,,82183
rate3.0_s4,2.0,q4_a1.5_or,10704,8.666666666666742,8.666666666666742,3.3250000000000397,3.3250000000000397,1.7713481938052564,1.7713481938052564,0,0.0,,84872
rate3.0_s4,2.0,q4_a1.5_or,10705,8.333333333333329,8.333333333333329,3.4750000000000396,3.4750000000000396,1.7760012313145122,1.7760012313145122,0,0.0,,85313
rate3.0_s4,2.0,q4_a1.5_or,10706,6.999999999999943,6.999999999999943,2.8000000000000402,2.8000000000000402,1.5618197677732337,1.5618197677732337,0,0.0,,84219
rate3.0_s4,2.0,q4_a1.5_or,10707,6.333333333333314,6.333333333333314,2.70000000000004,2.70000000000004,1.6036216644773815,1.6036216644773815,0,0.0,,84324
rate3.0_s4,2.0,q4_a1.5_or,10708,8.333333333333314,8.333333333333314,3.3250000000000397,3.3250000000000397,1.7090315619267062,1.7090315619267062,0,0.0,,81127
rate3.0_s4,2.0,q4_a1.5_or,10709,7.0,7.0,3.10000000000004,3.10000000000004,1.6541550326407293,1.6541550326407293,0,0.0,,82955
rate3.0_s4,2.0,q4_a1.5_or,10710,8.666666666666629,8.666666666666629,3.25000000000004,3.25000000000004,1.698547092588465,1.698547092588465,0,0.0,,81681
rate3.0_s4,2.0,q4_a1.5_or,10711,7.333333333333371,7.333333333333371,3.12500000000004,3.12500000000004,1.7490892302090448,1.7490892302090448,0,0.0,,83727
rate3.0_s4,2.0,q4_a1.5_or,10712,8.666666666666657,8.666666666666657,3.10000000000004,3.10000000000004,1.722596379271332,1.722596379271332,0,0.0,,83021
rate3.0_s4,2.0,q4_a1.5_or,10713,8.333333333333329,8.333333333333329,3.55000000000004,3.55000000000004,1.8165364778935484,1.8165364778935484,0,0.0,,84454
rate3.0_s4,2.0,q4_a1.5_or,10714,8.666666666666742,8.666666666666742,3.6000000000000396,3.6000000000000396,1.7973308126538332,1.7973308126538332,0,0.0,,83918
rate3.0_s4,2.0,q4_a1.5_or,10715,8.333333333333329,8.333333333333329,3.25000000000004,3.25000000000004,1.7014592754439875,1.7014592754439875,0,0.0,,83932
rate3.0_s4,2.0,q4_a1.5_or,10716,7.666666666666671,7.666666666666671,3.2000000000000397,3.2000000000000397,1.8680865688092048,1.8680865688092048,0,0.0,,83805
rate3.0_s4,2.0,q4_a1.5_or,10717,7.666666666666799,7.666666666666799,3.2000000000000397,3.2000000000000397,1.8208116402271883,1.8208116402271883,0,0.0,,86549
rate3.0_s4,2.0,q4_a1.5_or,10718,8.666666666666664,8.666666666666664,3.1500000000000403,3.1500000000000403,1.71905890484333,1.71905890484333,0,0.0,,81727
rate3.0_s4,2.0,q4_a1.5_or,10719,8.666666666666742,8.666666666666742,3.3500000000000396,3.3500000000000396,1.8446042533409828,1.8446042533409828,0,0.0,,83068
rate3.0_s4,2.0,q4_a1.5_or,10720,7.333333333333371,7.333333333333371,2.82500000000004,2.82500000000004,1.5823812859054107,1.5823812859054107,0,0.0,,80792
rate3.0_s4,2.0,q4_a1.5_or,10721,7.333333333333485,7.333333333333485,3.12500000000004,3.12500000000004,1.8242592487870373,1.8242592487870373,0,0.0,,82211
rate3.0_s4,2.0,q4_a1.5_or,10722,8.333333333333428,8.333333333333428,3.25000000000004,3.25000000000004,1.7405194913384718,1.7405194913384718,0,0.0,,84725
rate3.0_s4,2.0,q4_a1.5_or,10723,7.999999999999943,7.999999999999943,3.2250000000000396,3.2250000000000396,1.6634701331412056,1.6634701331412056,0,0.0,,83175
rate3.0_s4,2.0,q4_a1.5_or,10724,8.333333333333428,8.333333333333428,3.27500000000004,3.27500000000004,1.5864681040525086,1.5864681040525086,0,0.0,,80344
rate3.0_s4,2.0,q4_a1.5_or,10725,7.0000000000001705,7.0000000000001705,2.7750000000000403,2.7750000000000403,1.528963778656432,1.528963778656432,0,0.0,,83770
rate3.0_s4,2.0,q4_a1.5_or,10726,8.333333333333314,8.333333333333314,3.27500000000004,3.27500000000004,1.6652835315914285,1.6652835315914285,0,0.0,,84957
rate3.0_s4,2.0,q4_a1.5_or,10727,8.666666666666657,8.666666666666657,3.37500000000004,3.37500000000004,1.5756731702925446,1.5756731702925446,0,0.0,,85027
rate3.0_s4,2.0,q4_a1.5_or,10728,6.333333333333329,6.333333333333329,2.70000000000004,2.70000000000004,1.5029244293037667,1.5029244293037667,0,0.0,,84162
rate3.0_s4,2.0,q4_a1.5_or,10729,8.333333333333314,8.333333333333314,3.27500000000004,3.27500000000004,1.6581434506726143,1.6581434506726143,0,0.0,,83505
rate3.0_s4,2.0,q4_a1.5_and,10700,8.333333333333428,8.333333333333428,3.30000000000004,3.30000000000004,1.7151253228293353,1.7151253228293353,0,0.0,,83858
rate3.0_s4,2.0,q4_a1.5_and,10701,7.0,7.0,3.10000000000004,3.10000000000004,1.674898622165013,1.674898622165013,0,0.0,,81511
rate3.0_s4,2.0,q4_a1.5_and,10702,7.333333333333485,7.333333333333485,3.07500000000004,3.07500000000004,1.6199043063913128,1.6199043063913128,0,0.0,,82891
rate3.0_s4,2.0,q4_a1.5_and,10703,7.333333333333371,7.333333333333371,3.3250000000000397,3.3250000000000397,1.531827838092649,1.531827838092649,0,0.0,,82183
rate3.0_s4,2.0,q4_a1.5_and,10704,8.666666666666742,8.666666666666742,3.3250000000000397,3.3250000000000397,1.7713481938052564,1.7713481938052564,0,0.0,,84872
rate3.0_s4,2.0,q4_a1.5_and,10705,8.333333333333329,8.333333333333329,3.4750000000000396,3.4750000000000396,1.7760012313145122,1.7760012313145122,0,0.0,,85313
rate3.0_s4,2.0,q4_a1.5_and,10706,6.999999999999943,6.999999999999943,2.8000000000000402,2.8000000000000402,1.5618197677732337,1.5618197677732337,0,0.0,,84219
rate3.0_s4,2.0,q4_a1.5_and,10707,6.333333333333314,6.333333333333314,2.70000000000004,2.70000000000004,1.6036216644773815,1.6036216644773815,0,0.0,,84324
rate3.0_s4,2.0,q4_a1.5_and,10708,8.333333333333314,8.333333333333314,3.3250000000000397,3.3250000000000397,1.7090315619267062,1.7090315619267062,0,0.0,,81127
rate3.0_s4,2.0,q4_a1.5_and,10709,7.0,7.0,3.10000000000004,3.10000000000004,1.6541550326407293,1.6541550326407293,0,0.0,,82955
rate3.0_s4,2.0,q4_a1.5_and,10710,8.666666666666629,8.666666666666629,3.25000000000004,3.25000000000004,1.698547092588465,1.698547092588465,0,0.0,,81681
rate3.0_s4,2.0,q4_a1.5_and,10711,7.333333333333371,7.333333333333371,3.12500000000004,3.12500000000004,1.7490892302090448,1.7490892302090448,0,0.0,,83727
rate3.0_s4,2.0,q4_a1.5_and,10712,8.666666666666657,8.666666666666657,3.10000000000004,3.10000000000004,1.722596379271332,1.722596379271332,0,0.0,,83021
rate3.0_s4,2.0,q4_a1.5_and,10713,8.333333333333329,8.333333333333329,3.55000000000004,3.55000000000004,1.8165364778935484,1.8165364778935484,0,0.0,,84454
rate3.0_s4,2.0,q4_a1.5_and,10714,8.666666666666742,8.666666666666742,3.6000000000000396,3.6000000000000396,1.7973308126538332,1.7973308126538332,0,0.0,,83918
rate3.0_s4,2.0,q4_a1.5_and,10715,8.333333333333329,8.333333333333329,3.25000000000004,3.25000000000004,1.7014592754439875,1.7014592754439875,0,0.0,,83932
rate3.0_s4,2.0,q4_a1.5_and,10716,7.666666666666671,7.666666666666671,3.2000000000000397,3.2000000000000397,1.8680865688092048,1.8680865688092048,0,0.0,,83805
rate3.0_s4,2.0,q4_a1.5_and,10717,7.666666666666799,7.666666666666799,3.2000000000000397,3.2000000000000397,1.8208116402271883,1.8208116402271883,0,0.0,,86549
rate3.0_s4,2.0,q4_a1.5_and,10718,8.666666666666664,8.666666666666664,3.1500000000000403,3.1500000000000403,1.71905890484333,1.71905890484333,0,0.0,,81727
rate3.0_s4,2.0,q4_a1.5_and,10719,8.666666666666742,8.666666666666742,3.3500000000000396,3.3500000000000396,1.8446042533409828,1.8446042533409828,0,0.0,,83068
rate3.0_s4,2.0,q4_a1.5_and,10720,7.333333333333371,7.333333333333371,2.82500000000004,2.82500000000004,1.5823812859054107,1.5823812859054107,0,0.0,,80792
rate3.0_s4,2.0,q4_a1.5_and,10721,7.333333333333485,7.333333333333485,3.12500000000004,3.12500000000004,1.8242592487870373,1.8242592487870373,0,0.0,,82211
rate3.0_s4,2.0,q4_a1.5_and,10722,8.333333333333428,8.333333333333428,3.25000000000004,3.25000000000004,1.7405194913384718,1.7405194913384718,0,0.0,,84725
rate3.0_s4,2.0,q4_a1.5_and,10723,7.999999999999943,7.999999999999943,3.2250000000000396,3.2250000000000396,1.6634701331412056,1.6634701331412056,0,0.0,,83175
rate3.0_s4,2.0,q4_a1.5_and,10724,8.333333333333428,8.333333333333428,3.27500000000004,3.27500000000004,1.5864681040525086,1.5864681040525086,0,0.0,,80344
rate3.0_s4,2.0,q4_a1.5_and,10725,7.0000000000001705,7.0000000000001705,2.7750000000000403,2.7750000000000403,1.528963778656432,1.528963778656432,0,0.0,,83770
rate3.0_s4,2.0,q4_a1.5_and,10726,8.333333333333314,8.333333333333314,3.27500000000004,3.27500000000004,1.6652835315914285,1.6652835315914285,0,0.0,,84957
rate3.0_s4,2.0,q4_a1.5_and,10727,8.666666666666657,8.666666666666657,3.37500000000004,3.37500000000004,1.5756731702925446,1.5756731702925446,0,0.0,,85027
rate3.0_s4,2.0,q4_a1.5_and,10728,6.333333333333329,6.333333333333329,2.70000000000004,2.70000000000004,1.5029244293037667,1.5029244293037667,0,0.0,,84162
rate3.0_s4,2.0,q4_a1.5_and,10729,8.333333333333314,8.333333333333314,3.27500000000004,3.27500000000004,1.6581434506726143,1.6581434506726143,0,0.0,,83505
rate3.0_s4,2.0,q8_a0.8_or,10700,8.333333333333428,5.333333333333329,3.30000000000004,2.3000000000000402,1.7151253228293353,1.8309644777176977,10,1.0,1.0,84505
rate3.0_s4,2.0,q8_a0.8_or,10701,7.0,5.666666666666657,3.10000000000004,2.4250000000000402,1.674898622165013,1.857831715446856,10,1.0,1.0,83741
rate3.0_s4,2.0,q8_a0.8_or,10702,7.333333333333485,7.333333333333371,3.07500000000004,2.8000000000000402,1.6199043063913128,1.7767952508361287,10,1.0,1.0,83676
rate3.0_s4,2.0,q8_a0.8_or,10703,7.333333333333371,5.666666666666629,3.3250000000000397,2.35000000000004,1.531827838092649,1.8339683665593793,10,1.0,1.0,85223
rate3.0_s4,2.0,q8_a0.8_or,10704,8.666666666666742,5.333333333333329,3.3250000000000397,2.1750000000000402,1.7713481938052564,1.8176714736539938,10,1.0,1.0,82525
rate3.0_s4,2.0,q8_a0.8_or,10705,8.333333333333329,5.333333333333329,3.4750000000000396,2.35000000000004,1.7760012313145122,1.8523401520603937,10,1.0,1.0,84560
rate3.0_s4,2.0,q8_a0.8_or,10706,6.999999999999943,5.6666666666667425,2.8000000000000402,2.37500000000004,1.5618197677732337,1.8900282645871236,10,1.0,1.0,84661
rate3.0_s4,2.0,q8_a0.8_or,10707,6.333333333333314,5.333333333333314,2.70000000000004,1.97500000000004,1.6036216644773815,1.7752660928369726,10,1.0,1.0,83947
rate3.0_s4,2.0,q8_a0.8_or,10708,8.333333333333314,5.333333333333314,3.3250000000000397,2.3000000000000402,1.7090315619267062,1.9395222580801108,10,1.0,1.0,84370
rate3.0_s4,2.0,q8_a0.8_or,10709,7.0,5.666666666666629,3.10000000000004,2.3000000000000402,1.6541550326407293,1.7536301660351696,10,1.0,1.0,83940
rate3.0_s4,2.0,q8_a0.8_or,10710,8.666666666666629,5.666666666666664,3.25000000000004,2.2750000000000403,1.698547092588465,1.7395658067263622,10,1.0,1.0,84750
rate3.0_s4,2.0,q8_a0.8_or,10711,7.333333333333371,5.333333333333371,3.12500000000004,2.22500000000004,1.7490892302090448,1.9807037896583075,10,1.0,1.0,84641
rate3.0_s4,2.0,q8_a0.8_or,10712,8.666666666666657,5.333333333333314,3.10000000000004,2.20000000000004,1.722596379271332,1.714515373834411,10,1.0,1.0,83314
rate3.0_s4,2.0,q8_a0.8_or,10713,8.333333333333329,5.333333333333314,3.55000000000004,2.35000000000004,1.8165364778935484,1.8293449185263868,10,1.0,1.0,84624
rate3.0_s4,2.0,q8_a0.8_or,10714,8.666666666666742,7.0,3.6000000000000396,2.95000000000004,1.7973308126538332,1.992351708943789,10,1.0,1.0,84728
rate3.0_s4,2.0,q8_a0.8_or,10715,8.333333333333329,5.666666666666629,3.25000000000004,2.37500000000004,1.7014592754439875,1.8165308599450989,10,1.0,1.0,82707
rate3.0_s4,2.0,q8_a0.8_or,10716,7.666666666666671,5.333333333333371,3.2000000000000397,2.6500000000000403,1.8680865688092048,1.9748740356161896,10,1.0,1.0,84899
rate3.0_s4,2.0,q8_a0.8_or,10717,7.666666666666799,5.333333333333314,3.2000000000000397,2.22500000000004,1.8208116402271883,1.8076102808262295,10,1.0,1.0,85387
rate3.0_s4,2.0,q8_a0.8_or,10718,8.666666666666664,5.666666666666664,3.1500000000000403,2.4250000000000402,1.71905890484333,1.8996790155126917,10,1.0,1.0,84166
rate3.0_s4,2.0,q8_a0.8_or,10719,8.666666666666742,5.333333333333371,3.3500000000000396,2.35000000000004,1.8446042533409828,2.110751355030478,10,1.0,1.0,85574
rate3.0_s4,2.0,q8_a0.8_or,10720,7.333333333333371,5.333333333333371,2.82500000000004,2.22500000000004,1.5823812859054107,1.6591102189317006,10,1.0,1.0,82496
rate3.0_s4,2.0,q8_a0.8_or,10721,7.333333333333485,5.333333333333314,3.12500000000004,2.3000000000000402,1.8242592487870373,1.9444537112258626,10,1.0,1.0,83722
rate3.0_s4,2.0,q8_a0.8_or,10722,8.333333333333428,5.666666666666664,3.25000000000004,2.5250000000000403,1.7405194913384718,1.7150278203028004,10,1.0,1.0,86416
rate3.0_s4,2.0,q8_a0.8_or,10723,7.999999999999943,5.666666666666664,3.2250000000000396,2.22500000000004,1.6634701331412056,1.8393501492641295,10,1.0,1.0,84742
rate3.0_s4,2.0,q8_a0.8_or,10724,8.333333333333428,5.666666666666629,3.27500000000004,2.45000000000004,1.5864681040525086,1.70815614803209,10,1.0,1.0,82217
rate3.0_s4,2.0,q8_a0.8_or,10725,7.0000000000001705,5.333333333333329,2.7750000000000403,2.22500000000004,1.528963778656432,1.7368854894063213,10,1.0,1.0,83999
rate3.0_s4,2.0,q8_a0.8_or,10726,8.333333333333314,5.666666666666629,3.27500000000004,2.35000000000004,1.6652835315914285,1.588744746640523,10,1.0,1.0,84658
rate3.0_s4,2.0,q8_a0.8_or,10727,8.666666666666657,5.333333333333371,3.37500000000004,2.07500000000004,1.5756731702925446,1.5904880654777585,10,1.0,1.0,83841
rate3.0_s4,2.0,q8_a0.8_or,10728,6.333333333333329,5.333333333333329,2.70000000000004,2.1750000000000402,1.5029244293037667,1.6528457133276397,10,1.0,1.0,88130
rate3.0_s4,2.0,q8_a0.8_or,10729,8.333333333333314,5.333333333333286,3.27500000000004,2.1750000000000402,1.6581434506726143,1.782264097041616,10,1.0,1.0,83553
rate3.0_s4,2.0,q8_a0.8_and,10700,8.333333333333428,8.333333333333428,3.30000000000004,3.30000000000004,1.7151253228293353,1.7151253228293353,0,0.0,,83858
rate3.0_s4,2.0,q8_a0.8_and,10701,7.0,7.0,3.10000000000004,3.10000000000004,1.674898622165013,1.674898622165013,0,0.0,,81511
rate3.0_s4,2.0,q8_a0.8_and,10702,7.333333333333485,7.333333333333485,3.07500000000004,3.07500000000004,1.6199043063913128,1.6199043063913128,0,0.0,,82891
rate3.0_s4,2.0,q8_a0.8_and,10703,7.333333333333371,7.333333333333371,3.3250000000000397,3.3250000000000397,1.531827838092649,1.531827838092649,0,0.0,,82183
rate3.0_s4,2.0,q8_a0.8_and,10704,8.666666666666742,8.666666666666742,3.3250000000000397,3.3250000000000397,1.7713481938052564,1.7713481938052564,0,0.0,,84872
rate3.0_s4,2.0,q8_a0.8_and,10705,8.333333333333329,8.333333333333329,3.4750000000000396,3.4750000000000396,1.7760012313145122,1.7760012313145122,0,0.0,,85313
rate3.0_s4,2.0,q8_a0.8_and,10706,6.999999999999943,6.999999999999943,2.8000000000000402,2.8000000000000402,1.5618197677732337,1.5618197677732337,0,0.0,,84219
rate3.0_s4,2.0,q8_a0.8_and,10707,6.333333333333314,6.333333333333314,2.70000000000004,2.70000000000004,1.6036216644773815,1.6036216644773815,0,0.0,,84324
rate3.0_s4,2.0,q8_a0.8_and,10708,8.333333333333314,8.333333333333314,3.3250000000000397,3.3250000000000397,1.7090315619267062,1.7090315619267062,0,0.0,,81127
rate3.0_s4,2.0,q8_a0.8_and,10709,7.0,7.0,3.10000000000004,3.10000000000004,1.6541550326407293,1.6541550326407293,0,0.0,,82955
rate3.0_s4,2.0,q8_a0.8_and,10710,8.666666666666629,8.666666666666629,3.25000000000004,3.25000000000004,1.698547092588465,1.698547092588465,0,0.0,,81681
rate3.0_s4,2.0,q8_a0.8_and,10711,7.333333333333371,7.333333333333371,3.12500000000004,3.12500000000004,1.7490892302090448,1.7490892302090448,0,0.0,,83727
rate3.0_s4,2.0,q8_a0.8_and,10712,8.666666666666657,8.666666666666657,3.10000000000004,3.10000000000004,1.722596379271332,1.722596379271332,0,0.0,,83021
rate3.0_s4,2.0,q8_a0.8_and,10713,8.333333333333329,8.333333333333329,3.55000000000004,3.55000000000004,1.8165364778935484,1.8165364778935484,0,0.0,,84454
rate3.0_s4,2.0,q8_a0.8_and,10714,8.666666666666742,8.666666666666742,3.6000000000000396,3.6000000000000396,1.7973308126538332,1.7973308126538332,0,0.0,,83918
rate3.0_s4,2.0,q8_a0.8_and,10715,8.333333333333329,8.333333333333329,3.25000000000004,3.25000000000004,1.7014592754439875,1.7014592754439875,0,0.0,,83932
rate3.0_s4,2.0,q8_a0.8_and,10716,7.666666666666671,7.666666666666671,3.2000000000000397,3.2000000000000397,1.8680865688092048,1.8680865688092048,0,0.0,,83805
rate3.0_s4,2.0,q8_a0.8_and,10717,7.666666666666799,7.666666666666799,3.2000000000000397,3.2000000000000397,1.8208116402271883,1.8208116402271883,0,0.0,,86549
rate3.0_s4,2.0,q8_a0.8_and,10718,8.666666666666664,8.666666666666664,3.1500000000000403,3.1500000000000403,1.71905890484333,1.71905890484333,0,0.0,,81727
rate3.0_s4,2.0,q8_a0.8_and,10719,8.666666666666742,8.666666666666742,3.3500000000000396,3.3500000000000396,1.8446042533409828,1.8446042533409828,0,0.0,,83068
rate3.0_s4,2.0,q8_a0.8_and,10720,7.333333333333371,7.333333333333371,2.82500000000004,2.82500000000004,1.5823812859054107,1.5823812859054107,0,0.0,,80792
rate3.0_s4,2.0,q8_a0.8_and,10721,7.333333333333485,7.333333333333485,3.12500000000004,3.12500000000004,1.8242592487870373,1.8242592487870373,0,0.0,,82211
rate3.0_s4,2.0,q8_a0.8_and,10722,8.333333333333428,8.333333333333428,3.25000000000004,3.25000000000004,1.7405194913384718,1.7405194913384718,0,0.0,,84725
rate3.0_s4,2.0,q8_a0.8_and,10723,7.999999999999943,7.999999999999943,3.2250000000000396,3.2250000000000396,1.6634701331412056,1.6634701331412056,0,0.0,,83175
rate3.0_s4,2.0,q8_a0.8_and,10724,8.333333333333428,8.333333333333428,3.27500000000004,3.27500000000004,1.5864681040525086,1.5864681040525086,0,0.0,,80344
rate3.0_s4,2.0,q8_a0.8_and,10725,7.0000000000001705,7.0000000000001705,2.7750000000000403,2.7750000000000403,1.528963778656432,1.528963778656432,0,0.0,,83770
rate3.0_s4,2.0,q8_a0.8_and,10726,8.333333333333314,8.333333333333314,3.27500000000004,3.27500000000004,1.6652835315914285,1.6652835315914285,0,0.0,,84957
rate3.0_s4,2.0,q8_a0.8_and,10727,8.666666666666657,8.666666666666657,3.37500000000004,3.37500000000004,1.5756731702925446,1.5756731702925446,0,0.0,,85027
rate3.0_s4,2.0,q8_a0.8_and,10728,6.333333333333329,6.333333333333329,2.70000000000004,2.70000000000004,1.5029244293037667,1.5029244293037667,0,0.0,,84162
rate3.0_s4,2.0,q8_a0.8_and,10729,8.333333333333314,8.333333333333314,3.27500000000004,3.27500000000004,1.6581434506726143,1.6581434506726143,0,0.0,,83505
rate3.0_s4,2.0,q8_a1.5_or,10700,8.333333333333428,8.333333333333428,3.30000000000004,3.30000000000004,1.7151253228293353,1.7151253228293353,0,0.0,,83858
rate3.0_s4,2.0,q8_a1.5_or,10701,7.0,7.0,3.10000000000004,3.10000000000004,1.674898622165013,1.674898622165013,0,0.0,,81511
rate3.0_s4,2.0,q8_a1.5_or,10702,7.333333333333485,7.333333333333485,3.07500000000004,3.07500000000004,1.6199043063913128,1.6199043063913128,0,0.0,,82891
rate3.0_s4,2.0,q8_a1.5_or,10703,7.333333333333371,7.333333333333371,3.3250000000000397,3.3250000000000397,1.531827838092649,1.531827838092649,0,0.0,,82183
rate3.0_s4,2.0,q8_a1.5_or,10704,8.666666666666742,8.666666666666742,3.3250000000000397,3.3250000000000397,1.7713481938052564,1.7713481938052564,0,0.0,,84872
rate3.0_s4,2.0,q8_a1.5_or,10705,8.333333333333329,8.333333333333329,3.4750000000000396,3.4750000000000396,1.7760012313145122,1.7760012313145122,0,0.0,,85313
rate3.0_s4,2.0,q8_a1.5_or,10706,6.999999999999943,6.999999999999943,2.8000000000000402,2.8000000000000402,1.5618197677732337,1.5618197677732337,0,0.0,,84219
rate3.0_s4,2.0,q8_a1.5_or,10707,6.333333333333314,6.333333333333314,2.70000000000004,2.70000000000004,1.6036216644773815,1.6036216644773815,0,0.0,,84324
rate3.0_s4,2.0,q8_a1.5_or,10708,8.333333333333314,8.333333333333314,3.3250000000000397,3.3250000000000397,1.7090315619267062,1.7090315619267062,0,0.0,,81127
rate3.0_s4,2.0,q8_a1.5_or,10709,7.0,7.0,3.10000000000004,3.10000000000004,1.6541550326407293,1.6541550326407293,0,0.0,,82955
rate3.0_s4,2.0,q8_a1.5_or,10710,8.666666666666629,8.666666666666629,3.25000000000004,3.25000000000004,1.698547092588465,1.698547092588465,0,0.0,,81681
rate3.0_s4,2.0,q8_a1.5_or,10711,7.333333333333371,7.333333333333371,3.12500000000004,3.12500000000004,1.7490892302090448,1.7490892302090448,0,0.0,,83727
rate3.0_s4,2.0,q8_a1.5_or,10712,8.666666666666657,8.666666666666657,3.10000000000004,3.10000000000004,1.722596379271332,1.722596379271332,0,0.0,,83021
rate3.0_s4,2.0,q8_a1.5_or,10713,8.333333333333329,8.333333333333329,3.55000000000004,3.55000000000004,1.8165364778935484,1.8165364778935484,0,0.0,,84454
rate3.0_s4,2.0,q8_a1.5_or,10714,8.666666666666742,8.666666666666742,3.6000000000000396,3.6000000000000396,1.7973308126538332,1.7973308126538332,0,0.0,,83918
rate3.0_s4,2.0,q8_a1.5_or,10715,8.333333333333329,8.333333333333329,3.25000000000004,3.25000000000004,1.7014592754439875,1.7014592754439875,0,0.0,,83932
rate3.0_s4,2.0,q8_a1.5_or,10716,7.666666666666671,7.666666666666671,3.2000000000000397,3.2000000000000397,1.8680865688092048,1.8680865688092048,0,0.0,,83805
rate3.0_s4,2.0,q8_a1.5_or,10717,7.666666666666799,7.666666666666799,3.2000000000000397,3.2000000000000397,1.8208116402271883,1.8208116402271883,0,0.0,,86549
rate3.0_s4,2.0,q8_a1.5_or,10718,8.666666666666664,8.666666666666664,3.1500000000000403,3.1500000000000403,1.71905890484333,1.71905890484333,0,0.0,,81727
rate3.0_s4,2.0,q8_a1.5_or,10719,8.666666666666742,8.666666666666742,3.3500000000000396,3.3500000000000396,1.8446042533409828,1.8446042533409828,0,0.0,,83068
rate3.0_s4,2.0,q8_a1.5_or,10720,7.333333333333371,7.333333333333371,2.82500000000004,2.82500000000004,1.5823812859054107,1.5823812859054107,0,0.0,,80792
rate3.0_s4,2.0,q8_a1.5_or,10721,7.333333333333485,7.333333333333485,3.12500000000004,3.12500000000004,1.8242592487870373,1.8242592487870373,0,0.0,,82211
rate3.0_s4,2.0,q8_a1.5_or,10722,8.333333333333428,8.333333333333428,3.25000000000004,3.25000000000004,1.7405194913384718,1.7405194913384718,0,0.0,,84725
rate3.0_s4,2.0,q8_a1.5_or,10723,7.999999999999943,7.999999999999943,3.2250000000000396,3.2250000000000396,1.6634701331412056,1.6634701331412056,0,0.0,,83175
rate3.0_s4,2.0,q8_a1.5_or,10724,8.333333333333428,8.333333333333428,3.27500000000004,3.27500000000004,1.5864681040525086,1.5864681040525086,0,0.0,,80344
rate3.0_s4,2.0,q8_a1.5_or,10725,7.0000000000001705,7.0000000000001705,2.7750000000000403,2.7750000000000403,1.528963778656432,1.528963778656432,0,0.0,,83770
rate3.0_s4,2.0,q8_a1.5_or,10726,8.333333333333314,8.333333333333314,3.27500000000004,3.27500000000004,1.6652835315914285,1.6652835315914285,0,0.0,,84957
rate3.0_s4,2.0,q8_a1.5_or,10727,8.666666666666657,8.666666666666657,3.37500000000004,3.37500000000004,1.5756731702925446,1.5756731702925446,0,0.0,,85027
rate3.0_s4,2.0,q8_a1.5_or,10728,6.333333333333329,6.333333333333329,2.70000000000004,2.70000000000004,1.5029244293037667,1.5029244293037667,0,0.0,,84162
rate3.0_s4,2.0,q8_a1.5_or,10729,8.333333333333314,8.333333333333314,3.27500000000004,3.27500000000004,1.6581434506726143,1.6581434506726143,0,0.0,,83505
rate3.0_s4,2.0,q8_a1.5_and,10700,8.333333333333428,8.333333333333428,3.30000000000004,3.30000000000004,1.7151253228293353,1.7151253228293353,0,0.0,,83858
rate3.0_s4,2.0,q8_a1.5_and,10701,7.0,7.0,3.10000000000004,3.10000000000004,1.674898622165013,1.674898622165013,0,0.0,,81511
rate3.0_s4,2.0,q8_a1.5_and,10702,7.333333333333485,7.333333333333485,3.07500000000004,3.07500000000004,1.6199043063913128,1.6199043063913128,0,0.0,,82891
rate3.0_s4,2.0,q8_a1.5_and,10703,7.333333333333371,7.333333333333371,3.3250000000000397,3.3250000000000397,1.531827838092649,1.531827838092649,0,0.0,,82183
rate3.0_s4,2.0,q8_a1.5_and,10704,8.666666666666742,8.666666666666742,3.3250000000000397,3.3250000000000397,1.7713481938052564,1.7713481938052564,0,0.0,,84872
rate3.0_s4,2.0,q8_a1.5_and,10705,8.333333333333329,8.333333333333329,3.4750000000000396,3.4750000000000396,1.7760012313145122,1.7760012313145122,0,0.0,,85313
rate3.0_s4,2.0,q8_a1.5_and,10706,6.999999999999943,6.999999999999943,2.8000000000000402,2.8000000000000402,1.5618197677732337,1.5618197677732337,0,0.0,,84219
rate3.0_s4,2.0,q8_a1.5_and,10707,6.333333333333314,6.333333333333314,2.70000000000004,2.70000000000004,1.6036216644773815,1.6036216644773815,0,0.0,,84324
rate3.0_s4,2.0,q8_a1.5_and,10708,8.333333333333314,8.333333333333314,3.3250000000000397,3.3250000000000397,1.7090315619267062,1.7090315619267062,0,0.0,,81127
rate3.0_s4,2.0,q8_a1.5_and,10709,7.0,7.0,3.10000000000004,3.10000000000004,1.6541550326407293,1.6541550326407293,0,0.0,,82955
rate3.0_s4,2.0,q8_a1.5_and,10710,8.666666666666629,8.666666666666629,3.25000000000004,3.25000000000004,1.698547092588465,1.698547092588465,0,0.0,,81681
rate3.0_s4,2.0,q8_a1.5_and,10711,7.333333333333371,7.333333333333371,3.12500000000004,3.12500000000004,1.7490892302090448,1.7490892302090448,0,0.0,,83727
rate3.0_s4,2.0,q8_a1.5_and,10712,8.666666666666657,8.666666666666657,3.10000000000004,3.10000000000004,1.722596379271332,1.722596379271332,0,0.0,,83021
rate3.0_s4,2.0,q8_a1.5_and,10713,8.333333333333329,8.333333333333329,3.55000000000004,3.55000000000004,1.8165364778935484,1.8165364778935484,0,0.0,,84454
rate3.0_s4,2.0,q8_a1.5_and,10714,8.666666666666742,8.666666666666742,3.6000000000000396,3.6000000000000396,1.7973308126538332,1.7973308126538332,0,0.0,,83918
rate3.0_s4,2.0,q8_a1.5_and,10715,8.333333333333329,8.333333333333329,3.25000000000004,3.25000000000004,1.7014592754439875,1.7014592754439875,0,0.0,,83932
rate3.0_s4,2.0,q8_a1.5_and,10716,7.666666666666671,7.666666666666671,3.2000000000000397,3.2000000000000397,1.8680865688092048,1.8680865688092048,0,0.0,,83805
rate3.0_s4,2.0,q8_a1.5_and,10717,7.666666666666799,7.666666666666799,3.2000000000000397,3.2000000000000397,1.8208116402271883,1.8208116402271883,0,0.0,,86549
rate3.0_s4,2.0,q8_a1.5_and,10718,8.666666666666664,8.666666666666664,3.1500000000000403,3.1500000000000403,1.71905890484333,1.71905890484333,0,0.0,,81727
rate3.0_s4,2.0,q8_a1.5_and,10719,8.666666666666742,8.666666666666742,3.3500000000000396,3.3500000000000396,1.8446042533409828,1.8446042533409828,0,0.0,,83068
rate3.0_s4,2.0,q8_a1.5_and,10720,7.333333333333371,7.333333333333371,2.82500000000004,2.82500000000004,1.5823812859054107,1.5823812859054107,0,0.0,,80792
rate3.0_s4,2.0,q8_a1.5_and,10721,7.333333333333485,7.333333333333485,3.12500000000004,3.12500000000004,1.8242592487870373,1.8242592487870373,0,0.0,,82211
rate3.0_s4,2.0,q8_a1.5_and,10722,8.333333333333428,8.333333333333428,3.25000000000004,3.25000000000004,1.7405194913384718,1.7405194913384718,0,0.0,,84725
rate3.0_s4,2.0,q8_a1.5_and,10723,7.999999999999943,7.999999999999943,3.2250000000000396,3.2250000000000396,1.6634701331412056,1.6634701331412056,0,0.0,,83175
rate3.0_s4,2.0,q8_a1.5_and,10724,8.333333333333428,8.333333333333428,3.27500000000004,3.27500000000004,1.5864681040525086,1.5864681040525086,0,0.0,,80344
rate3.0_s4,2.0,q8_a1.5_and,10725,7.0000000000001705,7.0000000000001705,2.7750000000000403,2.7750000000000403,1.528963778656432,1.528963778656432,0,0.0,,83770
rate3.0_s4,2.0,q8_a1.5_and,10726,8.333333333333314,8.333333333333314,3.27500000000004,3.27500000000004,1.6652835315914285,1.6652835315914285,0,0.0,,84957
rate3.0_s4,2.0,q8_a1.5_and,10727,8.666666666666657,8.666666666666657,3.37500000000004,3.37500000000004,1.5756731702925446,1.5756731702925446,0,0.0,,85027
rate3.0_s4,2.0,q8_a1.5_and,10728,6.333333333333329,6.333333333333329,2.70000000000004,2.70000000000004,1.5029244293037667,1.5029244293037667,0,0.0,,84162
rate3.0_s4,2.0,q8_a1.5_and,10729,8.333333333333314,8.333333333333314,3.27500000000004,3.27500000000004,1.6581434506726143,1.6581434506726143,0,0.0,,83505
