workload,penalty,config,seed,baseline_p95_wait,burst_aware_p95_wait,baseline_avg_wait,burst_aware_avg_wait,baseline_avg_slowdown,burst_aware_avg_slowdown,detector_fires,recall,precision,sched_cores_scanned
bursty_high_s64,0.0,q2_a0.8_or,10400,55.266666666665,57.86666666666491,18.112499999999045,18.965624999999044,4.891679401408199,5.057391202631859,431,1.0,1.0,144619
bursty_high_s64,0.0,q2_a0.8_or,10401,62.066666666664275,71.79999999999785,20.264062499999046,20.695312499999044,5.3266199404597145,5.372823939237882,441,1.0,1.0,148198
bursty_high_s64,0.0,q2_a0.8_or,10402,61.86666666666457,56.19999999999797,19.870312499999045,18.582812499999044,4.941553220513685,4.791186767238944,431,1.0,1.0,145739
bursty_high_s64,0.0,q2_a0.8_or,10403,58.66666666666441,67.39999999999833,18.239062499999044,19.003124999999045,4.8696487174418355,4.8880627957121074,413,1.0,1.0,146249
bursty_high_s64,0.0,q2_a0.8_or,10404,66.53333333333165,62.33333333333181,19.067187499999044,19.987499999999045,5.213083817506627,5.085665181490947,436,1.0,1.0,146611
bursty_high_s64,0.0,q2_a0.8_or,10405,68.13333333333085,72.6000000000002,21.284374999999045,21.473437499999044,5.268076886104474,5.353971381862598,434,1.0,1.0,145244
bursty_high_s64,0.0,q2_a0.8_or,10406,63.06666666666433,60.866666666665765,19.126562499999046,17.518749999999045,4.777015470555318,4.7274806772566516,389,1.0,1.0,146652
bursty_high_s64,0.0,q2_a0.8_or,10407,75.93333333333038,61.53333333333052,22.128124999999045,19.604687499999045,5.442520121168957,5.275616314273142,410,1.0,1.0,147013
bursty_high_s64,0.0,q2_a0.8_or,10408,64.3333333333307,65.333333333332,20.367187499999044,19.815624999999045,5.000766535374106,4.984023301089873,424,1.0,1.0,146404
bursty_high_s64,0.0,q2_a0.8_or,10409,62.466666666663855,80.39999999999733,21.062499999999044,21.532812499999046,5.747044447088713,5.543852671858851,427,1.0,1.0,148412
bursty_high_s64,0.0,q2_a0.8_or,10410,55.79999999999876,60.133333333331564,19.056249999999046,18.676562499999044,5.023469391934197,5.045113655760903,423,1.0,1.0,143659
bursty_high_s64,0.0,q2_a0.8_or,10411,66.86666666666514,69.93333333333106,19.968749999999044,20.314062499999046,4.894941472261316,4.816899461529435,419,1.0,1.0,145771
bursty_high_s64,0.0,q2_a0.8_or,10412,65.93333333333268,73.59999999999803,22.045312499999046,22.034374999999045,5.391918325782742,5.391016652227382,440,1.0,1.0,145391
bursty_high_s64,0.0,q2_a0.8_or,10413,61.39999999999844,63.13333333333145,19.071874999999046,18.584374999999046,5.009156861672878,5.039975435520755,407,1.0,1.0,145502
bursty_high_s64,0.0,q2_a0.8_or,10414,74.73333333333213,80.66666666666396,22.631249999999046,23.109374999999044,5.42383989141859,5.441724388429528,445,1.0,1.0,148825
bursty_high_s64,0.0,q2_a0.8_or,10415,73.33333333333101,76.39999999999992,21.931249999999046,22.460937499999044,5.196684305996913,5.229026706940531,433,1.0,1.0,146738
bursty_high_s64,0.0,q2_a0.8_or,10416,60.06666666666453,56.59999999999809,18.551562499999044,17.187499999999044,4.977896553497613,4.887428833491954,395,1.0,1.0,145826
bursty_high_s64,0.0,q2_a0.8_or,10417,52.333333333331154,69.66666666666382,17.107812499999046,20.073437499999045,4.9502465668883,4.980851824940139,429,1.0,1.0,146478
bursty_high_s64,0.0,q2_a0.8_or,10418,65.66666666666401,62.533333333330575,20.404687499999046,20.179687499999044,5.416238152328654,5.377115036366758,427,1.0,1.0,149416
bursty_high_s64,0.0,q2_a0.8_or,10419,64.46666666666505,58.79999999999845,19.006249999999046,18.992187499999044,4.7599684393814305,5.03875852149043,441,1.0,1.0,145910
bursty_high_s64,0.0,q2_a0.8_or,10420,60.999999999997414,61.86666666666417,19.099999999999046,20.073437499999045,4.94503575815598,5.108092256781039,432,1.0,1.0,146771
bursty_high_s64,0.0,q2_a0.8_or,10421,67.93333333333197,64.39999999999844,20.403124999999044,20.089062499999045,5.194105154471434,5.257544349199276,438,1.0,1.0,148008
bursty_high_s64,0.0,q2_a0.8_or,10422,63.199999999997175,65.66666666666421,20.492187499999044,19.801562499999044,5.094085092663931,4.93949649097401,439,1.0,1.0,145561
bursty_high_s64,0.0,q2_a0.8_or,10423,68.93333333333106,65.60000000000018,19.599999999999046,20.182812499999045,5.137294450057057,5.043279060953342,417,1.0,1.0,145674
bursty_high_s64,0.0,q2_a0.8_or,10424,72.99999999999721,67.59999999999758,21.876562499999046,22.568749999999046,5.262128313867742,5.2123354603674645,439,1.0,1.0,146122
bursty_high_s64,0.0,q2_a0.8_or,10425,69.5999999999969,75.66666666666464,21.162499999999046,23.601562499999044,5.111993110602124,5.346960812415333,443,1.0,1.0,147591
bursty_high_s64,0.0,q2_a0.8_or,10426,64.19999999999749,69.39999999999833,19.501562499999046,20.282812499999046,5.177032624828615,5.2748576825873394,432,1.0,1.0,146699
bursty_high_s64,0.0,q2_a0.8_or,10427,72.33333333333141,71.59999999999735,21.434374999999044,21.912499999999046,5.084189777339961,5.1807873380156195,435,1.0,1.0,149308
bursty_high_s64,0.0,q2_a0.8_or,10428,61.33333333333121,56.933333333330296,19.621874999999044,18.212499999999046,4.970493223537819,4.9986762567069905,415,1.0,1.0,146769
bursty_high_s64,0.0,q2_a0.8_or,10429,69.20000000000023,76.19999999999817,21.931249999999046,21.037499999999046,5.405146781933805,5.5057449282182125,424,1.0,1.0,146363
bursty_high_s64,0.0,q2_a0.8_and,10400,55.266666666665,64.06666666666678,18.112499999999045,18.631249999999046,4.891679401408199,5.080420426078233,290,1.0,1.0,144412
bursty_high_s64,0.0,q2_a0.8_and,10401,62.066666666664275,63.199999999997175,20.264062499999046,20.862499999999045,5.3266199404597145,5.329817305857064,353,1.0,1.0,146426
bursty_high_s64,0.0,q2_a0.8_and,10402,61.86666666666457,60.666666666664185,19.870312499999045,18.021874999999046,4.941553220513685,4.797226436439496,283,1.0,1.0,143867
bursty_high_s64,0.0,q2_a0.8_and,10403,58.66666666666441,65.7999999999983,18.239062499999044,18.376562499999046,4.8696487174418355,4.941215827633571,309,1.0,1.0,144196
bursty_high_s64,0.0,q2_a0.8_and,10404,66.53333333333165,65.33333333333061,19.067187499999044,20.964062499999045,5.213083817506627,5.3196708313819725,359,1.0,1.0,145575
bursty_high_s64,0.0,q2_a0.8_and,10405,68.13333333333085,78.79999999999805,21.284374999999045,21.671874999999044,5.268076886104474,5.453739374465227,330,1.0,1.0,145441
bursty_high_s64,0.0,q2_a0.8_and,10406,63.06666666666433,61.19999999999726,19.126562499999046,19.434374999999044,4.777015470555318,5.011694042085543,300,1.0,1.0,144356
bursty_high_s64,0.0,q2_a0.8_and,10407,75.93333333333038,63.06666666666413,22.128124999999045,20.935937499999046,5.442520121168957,5.399131281037567,363,1.0,1.0,142783
bursty_high_s64,0.0,q2_a0.8_and,10408,64.3333333333307,69.86666666666378,20.367187499999044,21.346874999999045,5.000766535374106,5.117463845430051,336,1.0,1.0,144841
bursty_high_s64,0.0,q2_a0.8_and,10409,62.466666666663855,68.06666666666682,21.062499999999044,21.304687499999044,5.747044447088713,5.543477255210766,317,0.9,1.0,146854
bursty_high_s64,0.0,q2_a0.8_and,10410,55.79999999999876,56.53333333333296,19.056249999999046,19.306249999999046,5.023469391934197,4.773252981578311,321,1.0,1.0,144415
bursty_high_s64,0.0,q2_a0.8_and,10411,66.86666666666514,60.399999999998926,19.968749999999044,19.117187499999044,4.894941472261316,4.853171205080047,304,1.0,1.0,142617
bursty_high_s64,0.0,q2_a0.8_and,10412,65.93333333333268,68.46666666666528,22.045312499999046,21.259374999999046,5.391918325782742,5.500580668856783,362,1.0,1.0,145699
bursty_high_s64,0.0,q2_a0.8_and,10413,61.39999999999844,60.53333333333177,19.071874999999046,19.512499999999044,5.009156861672878,5.078135612901877,316,0.9,1.0,143183
bursty_high_s64,0.0,q2_a0.8_and,10414,74.73333333333213,68.39999999999932,22.631249999999046,22.054687499999044,5.42383989141859,5.551027290342218,375,1.0,1.0,148120
bursty_high_s64,0.0,q2_a0.8_and,10415,73.33333333333101,73.39999999999893,21.931249999999046,21.818749999999046,5.196684305996913,5.32307412593527,331,1.0,1.0,147115
bursty_high_s64,0.0,q2_a0.8_and,10416,60.06666666666453,60.266666666664094,18.551562499999044,17.865624999999046,4.977896553497613,4.9293926509890245,302,1.0,1.0,144411
bursty_high_s64,0.0,q2_a0.8_and,10417,52.333333333331154,68.59999999999849,17.107812499999046,19.856249999999044,4.9502465668883,4.878579773389097,328,1.0,1.0,145952
bursty_high_s64,0.0,q2_a0.8_and,10418,65.66666666666401,65.73333333333079,20.404687499999046,21.215624999999044,5.416238152328654,5.421902432248137,348,1.0,1.0,148455
bursty_high_s64,0.0,q2_a0.8_and,10419,64.46666666666505,63.46666666666391,19.006249999999046,18.582812499999044,4.7599684393814305,5.007505273730224,338,1.0,1.0,145727
bursty_high_s64,0.0,q2_a0.8_and,10420,60.999999999997414,65.46666666666465,19.099999999999046,19.099999999999046,4.94503575815598,5.108491586033443,314,1.0,1.0,144231
bursty_high_s64,0.0,q2_a0.8_and,10421,67.93333333333197,68.86666666666596,20.403124999999044,21.245312499999045,5.194105154471434,5.332249877953137,361,1.0,1.0,144717
bursty_high_s64,0.0,q2_a0.8_and,10422,63.199999999997175,62.533333333331655,20.492187499999044,20.485937499999046,5.094085092663931,5.064781478999741,348,1.0,1.0,144310
bursty_high_s64,0.0,q2_a0.8_and,10423,68.93333333333106,58.66666666666464,19.599999999999046,18.704687499999046,5.137294450057057,5.027892763687923,329,1.0,1.0,144587
bursty_high_s64,0.0,q2_a0.8_and,10424,72.99999999999721,74.33333333333042,21.876562499999046,21.495312499999045,5.262128313867742,5.28432827584811,315,1.0,1.0,144887
bursty_high_s64,0.0,q2_a0.8_and,10425,69.5999999999969,69.39999999999853,21.162499999999046,19.964062499999045,5.111993110602124,5.34572865072917,319,1.0,1.0,147328
bursty_high_s64,0.0,q2_a0.8_and,10426,64.19999999999749,72.26666666666489,19.501562499999046,21.195312499999044,5.177032624828615,5.0177046650544295,329,1.0,1.0,144444
bursty_high_s64,0.0,q2_a0.8_and,10427,72.33333333333141,70.66666666666418,21.434374999999044,21.445312499999044,5.084189777339961,4.92873832936832,322,1.0,1.0,146050
bursty_high_s64,0.0,q2_a0.8_and,10428,61.33333333333121,60.13333333333355,19.621874999999044,19.682812499999045,4.970493223537819,5.029608089401558,336,1.0,1.0,145779
bursty_high_s64,0.0,q2_a0.8_and,10429,69.20000000000023,62.19999999999749,21.931249999999046,19.407812499999046,5.405146781933805,5.376517011631112,325,1.0,1.0,143895
bursty_high_s64,0.0,q2_a1.5_or,10400,55.266666666665,61.53333333333143,18.112499999999045,18.451562499999046,4.891679401408199,5.02191487462499,330,1.0,1.0,144518
bursty_high_s64,0.0,q2_a1.5_or,10401,62.066666666664275,63.199999999997175,20.264062499999046,20.862499999999045,5.3266199404597145,5.329817305857064,371,1.0,1.0,146426
bursty_high_s64,0.0,q2_a1.5_or,10402,61.86666666666457,60.666666666664185,19.870312499999045,17.926562499999044,4.941553220513685,4.725948853753142,324,1.0,1.0,144355
bursty_high_s64,0.0,q2_a1.5_or,10403,58.66666666666441,57.333333333332604,18.239062499999044,19.640624999999044,4.8696487174418355,4.923031617259952,360,1.0,1.0,145094
bursty_high_s64,0.0,q2_a1.5_or,10404,66.53333333333165,62.13333333333125,19.067187499999044,19.907812499999046,5.213083817506627,5.2517546446486385,383,1.0,1.0,147411
bursty_high_s64,0.0,q2_a1.5_or,10405,68.13333333333085,78.79999999999805,21.284374999999045,21.671874999999044,5.268076886104474,5.453739374465227,363,1.0,1.0,145441
bursty_high_s64,0.0,q2_a1.5_or,10406,63.06666666666433,53.19999999999837,19.126562499999046,16.701562499999046,4.777015470555318,5.046137660963698,296,1.0,1.0,144306
bursty_high_s64,0.0,q2_a1.5_or,10407,75.93333333333038,63.06666666666413,22.128124999999045,21.017187499999046,5.442520121168957,5.40821143157129,387,1.0,1.0,143003
bursty_high_s64,0.0,q2_a1.5_or,10408,64.3333333333307,66.46666666666664,20.367187499999044,20.257812499999044,5.000766535374106,5.184357732591998,367,1.0,1.0,145709
bursty_high_s64,0.0,q2_a1.5_or,10409,62.466666666663855,69.5333333333312,21.062499999999044,22.079687499999046,5.747044447088713,5.787255612184754,388,1.0,1.0,143428
bursty_high_s64,0.0,q2_a1.5_or,10410,55.79999999999876,56.533333333332166,19.056249999999046,19.224999999999046,5.023469391934197,4.784041108633659,351,1.0,1.0,144287
bursty_high_s64,0.0,q2_a1.5_or,10411,66.86666666666514,62.73333333333056,19.968749999999044,19.687499999999044,4.894941472261316,4.925273412622267,377,1.0,1.0,143849
bursty_high_s64,0.0,q2_a1.5_or,10412,65.93333333333268,70.40000000000023,22.045312499999046,21.959374999999046,5.391918325782742,5.48180476511152,398,1.0,1.0,144215
bursty_high_s64,0.0,q2_a1.5_or,10413,61.39999999999844,63.66666666666421,19.071874999999046,19.165624999999046,5.009156861672878,5.0254291399186535,340,0.9,1.0,145818
bursty_high_s64,0.0,q2_a1.5_or,10414,74.73333333333213,68.39999999999932,22.631249999999046,22.054687499999044,5.42383989141859,5.551027290342218,403,1.0,1.0,148120
bursty_high_s64,0.0,q2_a1.5_or,10415,73.33333333333101,84.73333333333034,21.931249999999046,21.956249999999045,5.196684305996913,5.296931796236654,371,1.0,1.0,147152
bursty_high_s64,0.0,q2_a1.5_or,10416,60.06666666666453,64.39999999999753,18.551562499999044,18.573437499999045,4.977896553497613,4.914863040004784,354,1.0,1.0,143680
bursty_high_s64,0.0,q2_a1.5_or,10417,52.333333333331154,65.39999999999844,17.107812499999046,18.793749999999044,4.9502465668883,4.836021611800214,351,1.0,1.0,146163
bursty_high_s64,0.0,q2_a1.5_or,10418,65.66666666666401,65.66666666666401,20.404687499999046,21.168749999999044,5.416238152328654,5.404133928122297,389,1.0,1.0,148590
bursty_high_s64,0.0,q2_a1.5_or,10419,64.46666666666505,61.066666666663735,19.006249999999046,19.076562499999046,4.7599684393814305,5.002076675440302,354,1.0,1.0,146015
bursty_high_s64,0.0,q2_a1.5_or,10420,60.999999999997414,73.39999999999793,19.099999999999046,20.196874999999046,4.94503575815598,5.056897296594913,357,1.0,1.0,144843
bursty_high_s64,0.0,q2_a1.5_or,10421,67.93333333333197,71.6666666666651,20.403124999999044,21.640624999999044,5.194105154471434,5.24603966479141,396,1.0,1.0,144416
bursty_high_s64,0.0,q2_a1.5_or,10422,63.199999999997175,56.66666666666441,20.492187499999044,18.457812499999044,5.094085092663931,4.971504921301782,361,1.0,1.0,144525
bursty_high_s64,0.0,q2_a1.5_or,10423,68.93333333333106,61.133333333333525,19.599999999999046,18.799999999999045,5.137294450057057,5.179949839011976,368,1.0,1.0,144920
bursty_high_s64,0.0,q2_a1.5_or,10424,72.99999999999721,60.99999999999767,21.876562499999046,20.348437499999044,5.262128313867742,5.323419868159329,368,1.0,1.0,144701
bursty_high_s64,0.0,q2_a1.5_or,10425,69.5999999999969,66.13333333333088,21.162499999999046,20.409374999999045,5.111993110602124,5.463085949248738,358,1.0,1.0,147832
bursty_high_s64,0.0,q2_a1.5_or,10426,64.19999999999749,70.46666666666366,19.501562499999046,19.821874999999046,5.177032624828615,5.114334524331673,351,1.0,1.0,144995
bursty_high_s64,0.0,q2_a1.5_or,10427,72.33333333333141,63.99999999999761,21.434374999999044,19.503124999999045,5.084189777339961,4.978035961065581,349,1.0,1.0,147214
bursty_high_s64,0.0,q2_a1.5_or,10428,61.33333333333121,69.59999999999968,19.621874999999044,21.682812499999045,4.970493223537819,5.077993818972347,376,1.0,1.0,145717
bursty_high_s64,0.0,q2_a1.5_or,10429,69.20000000000023,65.13333333333085,21.931249999999046,19.917187499999045,5.405146781933805,5.390915075651436,366,1.0,1.0,146755
bursty_high_s64,0.0,q2_a1.5_and,10400,55.266666666665,69.333333333332,18.112499999999045,20.509374999999046,4.891679401408199,4.9694652069205265,240,1.0,1.0,144391
bursty_high_s64,0.0,q2_a1.5_and,10401,62.066666666664275,62.733333333331245,20.264062499999046,20.407812499999046,5.3266199404597145,5.25946712453189,244,0.9,1.0,144515
bursty_high_s64,0.0,q2_a1.5_and,10402,61.86666666666457,63.19999999999797,19.870312499999045,19.409374999999045,4.941553220513685,4.700477873730653,223,1.0,1.0,143604
bursty_high_s64,0.0,q2_a1.5_and,10403,58.66666666666441,67.2666666666639,18.239062499999044,18.620312499999045,4.8696487174418355,4.812933743470996,222,1.0,1.0,143219
bursty_high_s64,0.0,q2_a1.5_and,10404,66.53333333333165,69.79999999999717,19.067187499999044,21.371874999999044,5.213083817506627,5.192832313819899,224,1.0,1.0,145805
bursty_high_s64,0.0,q2_a1.5_and,10405,68.13333333333085,68.73333333333252,21.284374999999045,20.898437499999044,5.268076886104474,5.363234645643538,236,1.0,1.0,143552
bursty_high_s64,0.0,q2_a1.5_and,10406,63.06666666666433,57.13333333333324,19.126562499999046,17.859374999999044,4.777015470555318,4.883577461480195,203,1.0,1.0,142727
bursty_high_s64,0.0,q2_a1.5_and,10407,75.93333333333038,65.7999999999983,22.128124999999045,20.543749999999044,5.442520121168957,5.203654567341085,239,1.0,1.0,142756
bursty_high_s64,0.0,q2_a1.5_and,10408,64.3333333333307,73.13333333333225,20.367187499999044,20.748437499999046,5.000766535374106,5.0642190029494305,235,1.0,1.0,145807
bursty_high_s64,0.0,q2_a1.5_and,10409,62.466666666663855,70.59999999999803,21.062499999999044,21.426562499999044,5.747044447088713,5.562400443790075,244,0.9,1.0,146784
bursty_high_s64,0.0,q2_a1.5_and,10410,55.79999999999876,53.733333333330336,19.056249999999046,17.615624999999046,5.023469391934197,4.931245755542228,187,1.0,1.0,141469
bursty_high_s64,0.0,q2_a1.5_and,10411,66.86666666666514,61.733333333332126,19.968749999999044,19.179687499999044,4.894941472261316,4.88647877042687,224,1.0,1.0,143441
bursty_high_s64,0.0,q2_a1.5_and,10412,65.93333333333268,66.93333333333229,22.045312499999046,20.593749999999044,5.391918325782742,5.451589759647282,236,1.0,1.0,143420
bursty_high_s64,0.0,q2_a1.5_and,10413,61.39999999999844,50.33333333333081,19.071874999999046,16.907812499999046,5.009156861672878,5.011107702191491,198,0.9,1.0,142056
bursty_high_s64,0.0,q2_a1.5_and,10414,74.73333333333213,69.79999999999825,22.631249999999046,20.957812499999044,5.42383989141859,5.735452150015522,235,0.9,1.0,147430
bursty_high_s64,0.0,q2_a1.5_and,10415,73.33333333333101,72.59999999999803,21.931249999999046,21.335937499999044,5.196684305996913,5.365758270452108,253,1.0,1.0,144966
bursty_high_s64,0.0,q2_a1.5_and,10416,60.06666666666453,68.46666666666391,18.551562499999044,20.037499999999046,4.977896553497613,4.886398735450633,226,1.0,1.0,142342
bursty_high_s64,0.0,q2_a1.5_and,10417,52.333333333331154,60.19999999999749,17.107812499999046,19.114062499999044,4.9502465668883,4.979779170915201,251,1.0,1.0,144251
bursty_high_s64,0.0,q2_a1.5_and,10418,65.66666666666401,65.06666666666513,20.404687499999046,21.089062499999045,5.416238152328654,5.33127206436019,262,0.9,1.0,143612
bursty_high_s64,0.0,q2_a1.5_and,10419,64.46666666666505,55.86666666666537,19.006249999999046,18.629687499999044,4.7599684393814305,4.906139490222927,242,1.0,1.0,144201
bursty_high_s64,0.0,q2_a1.5_and,10420,60.999999999997414,72.59999999999869,19.099999999999046,19.370312499999045,4.94503575815598,5.099074513276586,222,1.0,1.0,142129
bursty_high_s64,0.0,q2_a1.5_and,10421,67.93333333333197,71.66666666666373,20.403124999999044,21.598437499999044,5.194105154471434,5.235747435444123,265,1.0,1.0,143749
bursty_high_s64,0.0,q2_a1.5_and,10422,63.199999999997175,60.466666666665446,20.492187499999044,18.290624999999046,5.094085092663931,4.987138512914942,210,1.0,1.0,143299
bursty_high_s64,0.0,q2_a1.5_and,10423,68.93333333333106,80.19999999999794,19.599999999999046,21.721874999999045,5.137294450057057,5.216253375026881,243,1.0,1.0,145108
bursty_high_s64,0.0,q2_a1.5_and,10424,72.99999999999721,54.599999999999284,21.876562499999046,18.573437499999045,5.262128313867742,5.305894616651357,258,1.0,1.0,143029
bursty_high_s64,0.0,q2_a1.5_and,10425,69.5999999999969,66.59999999999809,21.162499999999046,21.856249999999044,5.111993110602124,5.393688311565096,261,0.9,1.0,144922
bursty_high_s64,0.0,q2_a1.5_and,10426,64.19999999999749,61.06666666666382,19.501562499999046,19.885937499999045,5.177032624828615,5.285182535753057,220,1.0,1.0,144410
bursty_high_s64,0.0,q2_a1.5_and,10427,72.33333333333141,70.66666666666396,21.434374999999044,19.468749999999044,5.084189777339961,5.042383785037272,210,1.0,1.0,144641
bursty_high_s64,0.0,q2_a1.5_and,10428,61.33333333333121,69.0666666666668,19.621874999999044,20.534374999999045,4.970493223537819,5.043299347253007,216,0.9,1.0,145147
bursty_high_s64,0.0,q2_a1.5_and,10429,69.20000000000023,58.333333333330415,21.931249999999046,20.545312499999046,5.405146781933805,5.473942753393038,242,1.0,1.0,143567
bursty_high_s64,0.0,q4_a0.8_or,10400,55.266666666665,57.86666666666491,18.112499999999045,18.965624999999044,4.891679401408199,5.057391202631859,431,1.0,1.0,144619
bursty_high_s64,0.0,q4_a0.8_or,10401,62.066666666664275,71.79999999999785,20.264062499999046,20.695312499999044,5.3266199404597145,5.372823939237882,441,1.0,1.0,148198
bursty_high_s64,0.0,q4_a0.8_or,10402,61.86666666666457,59.79999999999785,19.870312499999045,18.815624999999045,4.941553220513685,4.7792050564784425,427,1.0,1.0,145260
bursty_high_s64,0.0,q4_a0.8_or,10403,58.66666666666441,67.39999999999833,18.239062499999044,19.003124999999045,4.8696487174418355,4.8880627957121074,413,1.0,1.0,146249
bursty_high_s64,0.0,q4_a0.8_or,10404,66.53333333333165,68.53333333333057,19.067187499999044,20.553124999999046,5.213083817506627,5.141689918338288,431,1.0,1.0,145946
bursty_high_s64,0.0,q4_a0.8_or,10405,68.13333333333085,72.6000000000002,21.284374999999045,21.473437499999044,5.268076886104474,5.353971381862598,432,1.0,1.0,145244
bursty_high_s64,0.0,q4_a0.8_or,10406,63.06666666666433,61.79999999999853,19.126562499999046,19.804687499999044,4.777015470555318,4.879576212282962,414,1.0,1.0,145248
bursty_high_s64,0.0,q4_a0.8_or,10407,75.93333333333038,64.26666666666364,22.128124999999045,21.085937499999044,5.442520121168957,5.221895988701253,437,1.0,1.0,147871
bursty_high_s64,0.0,q4_a0.8_or,10408,64.3333333333307,65.333333333332,20.367187499999044,19.815624999999045,5.000766535374106,4.984023301089873,424,1.0,1.0,146404
bursty_high_s64,0.0,q4_a0.8_or,10409,62.466666666663855,61.59999999999829,21.062499999999044,19.973437499999044,5.747044447088713,5.673777570619196,418,1.0,1.0,148956
bursty_high_s64,0.0,q4_a0.8_or,10410,55.79999999999876,60.133333333331564,19.056249999999046,18.687499999999044,5.023469391934197,5.007007432585039,422,1.0,1.0,143559
bursty_high_s64,0.0,q4_a0.8_or,10411,66.86666666666514,69.93333333333106,19.968749999999044,20.314062499999046,4.894941472261316,4.816899461529435,419,1.0,1.0,145771
bursty_high_s64,0.0,q4_a0.8_or,10412,65.93333333333268,73.59999999999803,22.045312499999046,22.034374999999045,5.391918325782742,5.391016652227382,439,1.0,1.0,145391
bursty_high_s64,0.0,q4_a0.8_or,10413,61.39999999999844,63.13333333333145,19.071874999999046,18.584374999999046,5.009156861672878,5.039975435520755,407,1.0,1.0,145502
bursty_high_s64,0.0,q4_a0.8_or,10414,74.73333333333213,80.66666666666396,22.631249999999046,23.109374999999044,5.42383989141859,5.441724388429528,444,1.0,1.0,148825
bursty_high_s64,0.0,q4_a0.8_or,10415,73.33333333333101,76.39999999999992,21.931249999999046,22.460937499999044,5.196684305996913,5.229026706940531,432,1.0,1.0,146738
bursty_high_s64,0.0,q4_a0.8_or,10416,60.06666666666453,55.733333333331245,18.551562499999044,17.870312499999045,4.977896553497613,4.694880313972647,407,1.0,1.0,144912
bursty_high_s64,0.0,q4_a0.8_or,10417,52.333333333331154,56.80000000000004,17.107812499999046,19.296874999999044,4.9502465668883,4.919212753264835,417,1.0,1.0,147153
bursty_high_s64,0.0,q4_a0.8_or,10418,65.66666666666401,62.533333333330575,20.404687499999046,20.179687499999044,5.416238152328654,5.377115036366758,426,1.0,1.0,149416
bursty_high_s64,0.0,q4_a0.8_or,10419,64.46666666666505,58.79999999999845,19.006249999999046,19.320312499999044,4.7599684393814305,4.916403439483474,428,1.0,1.0,147023
bursty_high_s64,0.0,q4_a0.8_or,10420,60.999999999997414,61.86666666666417,19.099999999999046,20.079687499999046,4.94503575815598,5.108092256781039,431,1.0,1.0,146771
bursty_high_s64,0.0,q4_a0.8_or,10421,67.93333333333197,56.266666666665,20.403124999999044,19.321874999999046,5.194105154471434,5.369265028404353,436,1.0,1.0,145316
bursty_high_s64,0.0,q4_a0.8_or,10422,63.199999999997175,61.399999999999324,20.492187499999044,19.717187499999046,5.094085092663931,4.949674246120666,435,1.0,1.0,145212
bursty_high_s64,0.0,q4_a0.8_or,10423,68.93333333333106,60.733333333333476,19.599999999999046,18.006249999999046,5.137294450057057,5.040942083077328,401,1.0,1.0,145378
bursty_high_s64,0.0,q4_a0.8_or,10424,72.99999999999721,71.79999999999984,21.876562499999046,22.729687499999045,5.262128313867742,5.353533386178755,436,1.0,1.0,145880
bursty_high_s64,0.0,q4_a0.8_or,10425,69.5999999999969,75.66666666666464,21.162499999999046,23.601562499999044,5.111993110602124,5.346960812415333,442,1.0,1.0,147591
bursty_high_s64,0.0,q4_a0.8_or,10426,64.19999999999749,79.66666666666441,19.501562499999046,22.132812499999044,5.177032624828615,5.266385033758088,430,1.0,1.0,148188
bursty_high_s64,0.0,q4_a0.8_or,10427,72.33333333333141,71.59999999999735,21.434374999999044,21.912499999999046,5.084189777339961,5.1807873380156195,433,1.0,1.0,149308
bursty_high_s64,0.0,q4_a0.8_or,10428,61.33333333333121,56.933333333330296,19.621874999999044,18.212499999999046,4.970493223537819,4.9986762567069905,412,1.0,1.0,146769
bursty_high_s64,0.0,q4_a0.8_or,10429,69.20000000000023,79.59999999999803,21.931249999999046,23.103124999999046,5.405146781933805,5.523577080603113,437,1.0,1.0,147783
bursty_high_s64,0.0,q4_a0.8_and,10400,55.266666666665,60.06666666666496,18.112499999999045,19.056249999999046,4.891679401408199,4.938079233148407,265,1.0,1.0,143480
bursty_high_s64,0.0,q4_a0.8_and,10401,62.066666666664275,75.39999999999833,20.264062499999046,21.856249999999044,5.3266199404597145,5.275266902301217,286,0.9,1.0,142876
bursty_high_s64,0.0,q4_a0.8_and,10402,61.86666666666457,58.99999999999699,19.870312499999045,17.814062499999046,4.941553220513685,4.825167596404411,236,1.0,1.0,143137
bursty_high_s64,0.0,q4_a0.8_and,10403,58.66666666666441,67.66666666666362,18.239062499999044,19.389062499999046,4.8696487174418355,4.871152352776245,227,1.0,1.0,143643
bursty_high_s64,0.0,q4_a0.8_and,10404,66.53333333333165,61.199999999997374,19.067187499999044,19.426562499999044,5.213083817506627,5.210430923797066,253,1.0,1.0,143726
bursty_high_s64,0.0,q4_a0.8_and,10405,68.13333333333085,70.19999999999771,21.284374999999045,21.035937499999044,5.268076886104474,5.181013505821278,262,1.0,1.0,144002
bursty_high_s64,0.0,q4_a0.8_and,10406,63.06666666666433,68.7999999999974,19.126562499999046,20.915624999999046,4.777015470555318,4.862384098546952,245,1.0,1.0,143099
bursty_high_s64,0.0,q4_a0.8_and,10407,75.93333333333038,58.06666666666493,22.128124999999045,20.242187499999044,5.442520121168957,5.342519778287695,244,1.0,1.0,143551
bursty_high_s64,0.0,q4_a0.8_and,10408,64.3333333333307,67.73333333333053,20.367187499999044,20.598437499999044,5.000766535374106,5.010447776756103,243,1.0,1.0,146101
bursty_high_s64,0.0,q4_a0.8_and,10409,62.466666666663855,67.86666666666446,21.062499999999044,22.217187499999046,5.747044447088713,5.720120879654085,273,0.9,1.0,146632
bursty_high_s64,0.0,q4_a0.8_and,10410,55.79999999999876,59.466666666664594,19.056249999999046,19.046874999999044,5.023469391934197,5.0067525506764845,254,1.0,1.0,142288
bursty_high_s64,0.0,q4_a0.8_and,10411,66.86666666666514,64.86666666666682,19.968749999999044,19.329687499999046,4.894941472261316,4.82102587540102,247,1.0,1.0,143624
bursty_high_s64,0.0,q4_a0.8_and,10412,65.93333333333268,62.66666666666421,22.045312499999046,20.090624999999044,5.391918325782742,5.545660812238536,279,1.0,1.0,144390
bursty_high_s64,0.0,q4_a0.8_and,10413,61.39999999999844,70.06666666666652,19.071874999999046,20.373437499999046,5.009156861672878,5.026395471903613,247,0.9,1.0,142621
bursty_high_s64,0.0,q4_a0.8_and,10414,74.73333333333213,69.99999999999761,22.631249999999046,21.215624999999044,5.42383989141859,5.578602986126747,255,0.9,1.0,147051
bursty_high_s64,0.0,q4_a0.8_and,10415,73.33333333333101,67.26666666666432,21.931249999999046,21.407812499999046,5.196684305996913,5.263749192397745,264,1.0,1.0,146177
bursty_high_s64,0.0,q4_a0.8_and,10416,60.06666666666453,65.26666666666469,18.551562499999044,20.418749999999044,4.977896553497613,4.809421210530781,238,0.9,1.0,143755
bursty_high_s64,0.0,q4_a0.8_and,10417,52.333333333331154,62.33333333333093,17.107812499999046,18.354687499999045,4.9502465668883,4.858034208544517,239,1.0,1.0,143255
bursty_high_s64,0.0,q4_a0.8_and,10418,65.66666666666401,71.73333333333093,20.404687499999046,21.340624999999044,5.416238152328654,5.450901024565199,256,0.9,1.0,143638
bursty_high_s64,0.0,q4_a0.8_and,10419,64.46666666666505,72.53333333333097,19.006249999999046,19.560937499999046,4.7599684393814305,4.801211069775168,233,0.9,1.0,144056
bursty_high_s64,0.0,q4_a0.8_and,10420,60.999999999997414,64.66666666666501,19.099999999999046,19.601562499999044,4.94503575815598,5.081684019847456,256,1.0,1.0,143678
bursty_high_s64,0.0,q4_a0.8_and,10421,67.93333333333197,56.5333333333312,20.403124999999044,19.451562499999046,5.194105154471434,5.162044800369877,259,0.9,1.0,142904
bursty_high_s64,0.0,q4_a0.8_and,10422,63.199999999997175,57.86666666666477,20.492187499999044,18.239062499999044,5.094085092663931,4.922023597826597,239,1.0,1.0,143499
bursty_high_s64,0.0,q4_a0.8_and,10423,68.93333333333106,63.333333333332064,19.599999999999046,19.298437499999046,5.137294450057057,5.137529411563042,236,1.0,1.0,142832
bursty_high_s64,0.0,q4_a0.8_and,10424,72.99999999999721,72.93333333333189,21.876562499999046,22.637499999999044,5.262128313867742,5.435676726725723,269,1.0,1.0,141710
bursty_high_s64,0.0,q4_a0.8_and,10425,69.5999999999969,77.39999999999813,21.162499999999046,23.504687499999044,5.111993110602124,5.372240959098313,287,1.0,1.0,147046
bursty_high_s64,0.0,q4_a0.8_and,10426,64.19999999999749,67.99999999999699,19.501562499999046,21.103124999999046,5.177032624828615,5.048017928350965,263,0.9,1.0,142883
bursty_high_s64,0.0,q4_a0.8_and,10427,72.33333333333141,64.19999999999726,21.434374999999044,19.606249999999044,5.084189777339961,5.015619889254873,259,0.9,1.0,144764
bursty_high_s64,0.0,q4_a0.8_and,10428,61.33333333333121,68.46666666666385,19.621874999999044,20.403124999999044,4.970493223537819,4.930351642390341,246,0.9,1.0,143659
bursty_high_s64,0.0,q4_a0.8_and,10429,69.20000000000023,71.33333333333161,21.931249999999046,21.324999999999044,5.405146781933805,5.566092082896131,265,1.0,1.0,146115
bursty_high_s64,0.0,q4_a1.5_or,10400,55.266666666665,55.53333333333157,18.112499999999045,18.490624999999046,4.891679401408199,5.014265860369216,283,1.0,1.0,145423
bursty_high_s64,0.0,q4_a1.5_or,10401,62.066666666664275,67.33333333333101,20.264062499999046,21.396874999999046,5.3266199404597145,5.416874829307775,303,0.9,1.0,145695
bursty_high_s64,0.0,q4_a1.5_or,10402,61.86666666666457,63.33333333333161,19.870312499999045,18.743749999999046,4.941553220513685,4.860640335100632,289,1.0,1.0,142972
bursty_high_s64,0.0,q4_a1.5_or,10403,58.66666666666441,60.66666666666441,18.239062499999044,16.762499999999044,4.8696487174418355,4.893279806429691,256,1.0,1.0,144043
bursty_high_s64,0.0,q4_a1.5_or,10404,66.53333333333165,61.39999999999873,19.067187499999044,20.018749999999045,5.213083817506627,5.1806088348018795,298,1.0,1.0,143307
bursty_high_s64,0.0,q4_a1.5_or,10405,68.13333333333085,61.39999999999844,21.284374999999045,20.126562499999046,5.268076886104474,5.093875284497143,320,1.0,1.0,146810
bursty_high_s64,0.0,q4_a1.5_or,10406,63.06666666666433,61.866666666663576,19.126562499999046,18.882812499999044,4.777015470555318,5.015812826028123,266,1.0,1.0,144135
bursty_high_s64,0.0,q4_a1.5_or,10407,75.93333333333038,64.73333333333153,22.128124999999045,20.729687499999045,5.442520121168957,5.411475908984137,301,1.0,1.0,142609
bursty_high_s64,0.0,q4_a1.5_or,10408,64.3333333333307,63.266666666665,20.367187499999044,18.853124999999046,5.000766535374106,5.0142307046845636,292,1.0,1.0,147603
bursty_high_s64,0.0,q4_a1.5_or,10409,62.466666666663855,76.86666666666397,21.062499999999044,21.373437499999046,5.747044447088713,5.561242176870144,289,0.9,1.0,147937
bursty_high_s64,0.0,q4_a1.5_or,10410,55.79999999999876,55.06666666666359,19.056249999999046,19.115624999999046,5.023469391934197,5.048051565401399,277,1.0,1.0,143631
bursty_high_s64,0.0,q4_a1.5_or,10411,66.86666666666514,68.46666666666505,19.968749999999044,20.931249999999046,4.894941472261316,4.8370079699116895,302,1.0,1.0,142812
bursty_high_s64,0.0,q4_a1.5_or,10412,65.93333333333268,57.466666666664366,22.045312499999046,19.481249999999044,5.391918325782742,5.335700508338499,313,1.0,1.0,143683
bursty_high_s64,0.0,q4_a1.5_or,10413,61.39999999999844,57.59999999999749,19.071874999999046,18.898437499999044,5.009156861672878,4.98164208617395,261,0.9,1.0,144074
bursty_high_s64,0.0,q4_a1.5_or,10414,74.73333333333213,76.999999999999,22.631249999999046,22.571874999999046,5.42383989141859,5.619922966162494,313,0.9,1.0,147710
bursty_high_s64,0.0,q4_a1.5_or,10415,73.33333333333101,71.46666666666624,21.931249999999046,21.799999999999045,5.196684305996913,5.263705267084573,324,1.0,1.0,144120
bursty_high_s64,0.0,q4_a1.5_or,10416,60.06666666666453,64.3333333333322,18.551562499999044,18.912499999999046,4.977896553497613,4.937612497021183,271,1.0,1.0,143359
bursty_high_s64,0.0,q4_a1.5_or,10417,52.333333333331154,60.799999999998306,17.107812499999046,18.701562499999046,4.9502465668883,4.963457159532728,294,1.0,1.0,143781
bursty_high_s64,0.0,q4_a1.5_or,10418,65.66666666666401,81.66666666666382,20.404687499999046,24.170312499999046,5.416238152328654,5.396932313340299,305,0.9,1.0,146866
bursty_high_s64,0.0,q4_a1.5_or,10419,64.46666666666505,53.19999999999794,19.006249999999046,16.062499999999044,4.7599684393814305,5.005887984753918,255,1.0,1.0,144888
bursty_high_s64,0.0,q4_a1.5_or,10420,60.999999999997414,66.73333333333056,19.099999999999046,18.785937499999044,4.94503575815598,5.029387156276134,295,1.0,1.0,144359
bursty_high_s64,0.0,q4_a1.5_or,10421,67.93333333333197,74.13333333333165,20.403124999999044,20.678124999999046,5.194105154471434,5.309131786268086,309,1.0,1.0,142771
bursty_high_s64,0.0,q4_a1.5_or,10422,63.199999999997175,65.39999999999753,20.492187499999044,19.614062499999044,5.094085092663931,4.909486221791671,306,1.0,1.0,143714
bursty_high_s64,0.0,q4_a1.5_or,10423,68.93333333333106,54.33333333333101,19.599999999999046,18.182812499999045,5.137294450057057,5.077439036207646,309,1.0,1.0,143389
bursty_high_s64,0.0,q4_a1.5_or,10424,72.99999999999721,72.59999999999829,21.876562499999046,21.874999999999044,5.262128313867742,5.260080679295042,293,1.0,1.0,145281
bursty_high_s64,0.0,q4_a1.5_or,10425,69.5999999999969,65.13333333333085,21.162499999999046,20.576562499999046,5.111993110602124,5.311779151929301,297,1.0,1.0,145795
bursty_high_s64,0.0,q4_a1.5_or,10426,64.19999999999749,62.06666666666413,19.501562499999046,20.098437499999044,5.177032624828615,5.173319964756203,298,1.0,1.0,144602
bursty_high_s64,0.0,q4_a1.5_or,10427,72.33333333333141,59.59999999999826,21.434374999999044,18.764062499999046,5.084189777339961,5.026608845221548,275,1.0,1.0,147786
bursty_high_s64,0.0,q4_a1.5_or,10428,61.33333333333121,63.79999999999825,19.621874999999044,20.599999999999046,4.970493223537819,5.078831425761534,316,0.9,1.0,144022
bursty_high_s64,0.0,q4_a1.5_or,10429,69.20000000000023,72.99999999999721,21.931249999999046,22.199999999999044,5.405146781933805,5.259434078730295,307,1.0,1.0,145014
bursty_high_s64,0.0,q4_a1.5_and,10400,55.266666666665,60.46666666666505,18.112499999999045,18.570312499999044,4.891679401408199,4.999015306583026,215,1.0,1.0,143210
bursty_high_s64,0.0,q4_a1.5_and,10401,62.066666666664275,67.40000000000018,20.264062499999046,20.487499999999045,5.3266199404597145,5.385997545012759,232,0.9,1.0,142009
bursty_high_s64,0.0,q4_a1.5_and,10402,61.86666666666457,65.13333333333111,19.870312499999045,18.156249999999044,4.941553220513685,4.898180008562425,185,1.0,1.0,141604
bursty_high_s64,0.0,q4_a1.5_and,10403,58.66666666666441,72.99999999999699,18.239062499999044,20.339062499999045,4.8696487174418355,4.986447884562248,211,1.0,1.0,143792
bursty_high_s64,0.0,q4_a1.5_and,10404,66.53333333333165,61.06666666666382,19.067187499999044,19.135937499999045,5.213083817506627,5.1538344750808065,214,1.0,1.0,142874
bursty_high_s64,0.0,q4_a1.5_and,10405,68.13333333333085,66.66666666666501,21.284374999999045,21.543749999999044,5.268076886104474,5.398618738521025,225,1.0,1.0,143632
bursty_high_s64,0.0,q4_a1.5_and,10406,63.06666666666433,70.9999999999988,19.126562499999046,19.681249999999046,4.777015470555318,5.021866793274736,198,1.0,1.0,141829
bursty_high_s64,0.0,q4_a1.5_and,10407,75.93333333333038,68.53333333333038,22.128124999999045,21.437499999999044,5.442520121168957,5.456983840347357,241,1.0,1.0,142056
bursty_high_s64,0.0,q4_a1.5_and,10408,64.3333333333307,71.39999999999793,20.367187499999044,21.632812499999044,5.000766535374106,5.030726686658957,241,1.0,1.0,143805
bursty_high_s64,0.0,q4_a1.5_and,10409,62.466666666663855,70.06666666666473,21.062499999999044,22.440624999999045,5.747044447088713,5.690224513542137,245,0.9,1.0,146811
bursty_high_s64,0.0,q4_a1.5_and,10410,55.79999999999876,58.599999999998715,19.056249999999046,19.229687499999045,5.023469391934197,5.041265007887832,231,1.0,1.0,141458
bursty_high_s64,0.0,q4_a1.5_and,10411,66.86666666666514,63.46666666666391,19.968749999999044,18.673437499999046,4.894941472261316,4.85883581939928,206,1.0,1.0,142459
bursty_high_s64,0.0,q4_a1.5_and,10412,65.93333333333268,66.46666666666505,22.045312499999046,21.507812499999044,5.391918325782742,5.529845390581009,233,1.0,1.0,141761
bursty_high_s64,0.0,q4_a1.5_and,10413,61.39999999999844,68.46666666666505,19.071874999999046,19.735937499999046,5.009156861672878,5.027077456809199,201,0.8,1.0,142362
bursty_high_s64,0.0,q4_a1.5_and,10414,74.73333333333213,66.73333333333153,22.631249999999046,20.760937499999045,5.42383989141859,5.653747719348344,240,0.9,1.0,146168
bursty_high_s64,0.0,q4_a1.5_and,10415,73.33333333333101,72.39999999999972,21.931249999999046,21.859374999999044,5.196684305996913,5.368523998705257,239,1.0,1.0,142853
bursty_high_s64,0.0,q4_a1.5_and,10416,60.06666666666453,59.79999999999694,18.551562499999044,18.623437499999046,4.977896553497613,4.8910397834175265,199,0.9,1.0,142603
bursty_high_s64,0.0,q4_a1.5_and,10417,52.333333333331154,52.3333333333328,17.107812499999046,16.923437499999046,4.9502465668883,4.866322194120248,186,1.0,1.0,143763
bursty_high_s64,0.0,q4_a1.5_and,10418,65.66666666666401,65.06666666666513,20.404687499999046,21.089062499999045,5.416238152328654,5.33127206436019,259,0.9,1.0,143464
bursty_high_s64,0.0,q4_a1.5_and,10419,64.46666666666505,64.33333333333138,19.006249999999046,19.589062499999045,4.7599684393814305,4.88792547606308,221,0.9,1.0,142868
bursty_high_s64,0.0,q4_a1.5_and,10420,60.999999999997414,64.59999999999735,19.099999999999046,19.462499999999046,4.94503575815598,5.109275528809811,224,1.0,1.0,144043
bursty_high_s64,0.0,q4_a1.5_and,10421,67.93333333333197,68.73333333333102,20.403124999999044,22.304687499999044,5.194105154471434,5.201558721825572,256,0.9,1.0,142889
bursty_high_s64,0.0,q4_a1.5_and,10422,63.199999999997175,58.73333333333292,20.492187499999044,20.154687499999046,5.094085092663931,5.068363981489246,232,1.0,1.0,143399
bursty_high_s64,0.0,q4_a1.5_and,10423,68.93333333333106,67.93333333333152,19.599999999999046,20.285937499999044,5.137294450057057,5.22586397371855,223,1.0,1.0,143461
bursty_high_s64,0.0,q4_a1.5_and,10424,72.99999999999721,78.53333333333188,21.876562499999046,22.749999999999044,5.262128313867742,5.217883204012188,241,0.9,1.0,142308
bursty_high_s64,0.0,q4_a1.5_and,10425,69.5999999999969,75.1999999999984,21.162499999999046,20.885937499999045,5.111993110602124,5.4068083457595275,241,0.9,1.0,145856
bursty_high_s64,0.0,q4_a1.5_and,10426,64.19999999999749,60.79999999999805,19.501562499999046,19.995312499999045,5.177032624828615,5.15304136341665,213,0.9,1.0,143881
bursty_high_s64,0.0,q4_a1.5_and,10427,72.33333333333141,64.39999999999694,21.434374999999044,19.271874999999046,5.084189777339961,5.171939638248626,189,0.9,1.0,144446
bursty_high_s64,0.0,q4_a1.5_and,10428,61.33333333333121,66.26666666666455,19.621874999999044,19.040624999999046,4.970493223537819,4.923035257819709,196,0.9,1.0,143683
bursty_high_s64,0.0,q4_a1.5_and,10429,69.20000000000023,57.26666666666608,21.931249999999046,19.643749999999045,5.405146781933805,5.4525893260896865,209,1.0,1.0,144139
bursty_high_s64,0.0,q8_a0.8_or,10400,55.266666666665,57.86666666666491,18.112499999999045,18.965624999999044,4.891679401408199,5.057391202631859,431,1.0,1.0,144619
bursty_high_s64,0.0,q8_a0.8_or,10401,62.066666666664275,71.79999999999785,20.264062499999046,20.695312499999044,5.3266199404597145,5.372823939237882,441,1.0,1.0,148198
bursty_high_s64,0.0,q8_a0.8_or,10402,61.86666666666457,59.79999999999785,19.870312499999045,18.815624999999045,4.941553220513685,4.7792050564784425,427,1.0,1.0,145260
bursty_high_s64,0.0,q8_a0.8_or,10403,58.66666666666441,67.39999999999833,18.239062499999044,19.003124999999045,4.8696487174418355,4.8880627957121074,413,1.0,1.0,146249
bursty_high_s64,0.0,q8_a0.8_or,10404,66.53333333333165,68.53333333333057,19.067187499999044,20.553124999999046,5.213083817506627,5.141689918338288,431,1.0,1.0,145946
bursty_high_s64,0.0,q8_a0.8_or,10405,68.13333333333085,72.6000000000002,21.284374999999045,21.473437499999044,5.268076886104474,5.353971381862598,432,1.0,1.0,145244
bursty_high_s64,0.0,q8_a0.8_or,10406,63.06666666666433,61.79999999999853,19.126562499999046,19.804687499999044,4.777015470555318,4.879576212282962,414,1.0,1.0,145248
bursty_high_s64,0.0,q8_a0.8_or,10407,75.93333333333038,64.26666666666364,22.128124999999045,21.085937499999044,5.442520121168957,5.221895988701253,437,1.0,1.0,147871
bursty_high_s64,0.0,q8_a0.8_or,10408,64.3333333333307,65.333333333332,20.367187499999044,19.815624999999045,5.000766535374106,4.984023301089873,424,1.0,1.0,146404
bursty_high_s64,0.0,q8_a0.8_or,10409,62.466666666663855,61.59999999999829,21.062499999999044,19.973437499999044,5.747044447088713,5.673777570619196,418,1.0,1.0,148956
bursty_high_s64,0.0,q8_a0.8_or,10410,55.79999999999876,60.133333333331564,19.056249999999046,18.687499999999044,5.023469391934197,5.007007432585039,422,1.0,1.0,143559
bursty_high_s64,0.0,q8_a0.8_or,10411,66.86666666666514,69.93333333333106,19.968749999999044,20.314062499999046,4.894941472261316,4.816899461529435,419,1.0,1.0,145771
bursty_high_s64,0.0,q8_a0.8_or,10412,65.93333333333268,73.59999999999803,22.045312499999046,22.034374999999045,5.391918325782742,5.391016652227382,439,1.0,1.0,145391
bursty_high_s64,0.0,q8_a0.8_or,10413,61.39999999999844,63.13333333333145,19.071874999999046,18.584374999999046,5.009156861672878,5.039975435520755,407,1.0,1.0,145502
bursty_high_s64,0.0,q8_a0.8_or,10414,74.73333333333213,80.66666666666396,22.631249999999046,23.109374999999044,5.42383989141859,5.441724388429528,444,1.0,1.0,148825
bursty_high_s64,0.0,q8_a0.8_or,10415,73.33333333333101,76.39999999999992,21.931249999999046,22.460937499999044,5.196684305996913,5.229026706940531,432,1.0,1.0,146738
bursty_high_s64,0.0,q8_a0.8_or,10416,60.06666666666453,55.733333333331245,18.551562499999044,17.870312499999045,4.977896553497613,4.694880313972647,407,1.0,1.0,144912
bursty_high_s64,0.0,q8_a0.8_or,10417,52.333333333331154,56.80000000000004,17.107812499999046,19.296874999999044,4.9502465668883,4.919212753264835,416,1.0,1.0,147153
bursty_high_s64,0.0,q8_a0.8_or,10418,65.66666666666401,62.533333333330575,20.404687499999046,20.179687499999044,5.416238152328654,5.377115036366758,426,1.0,1.0,149416
bursty_high_s64,0.0,q8_a0.8_or,10419,64.46666666666505,58.79999999999845,19.006249999999046,19.320312499999044,4.7599684393814305,4.916403439483474,428,1.0,1.0,147023
bursty_high_s64,0.0,q8_a0.8_or,10420,60.999999999997414,61.86666666666417,19.099999999999046,20.079687499999046,4.94503575815598,5.108092256781039,431,1.0,1.0,146771
bursty_high_s64,0.0,q8_a0.8_or,10421,67.93333333333197,56.266666666665,20.403124999999044,19.321874999999046,5.194105154471434,5.369265028404353,436,1.0,1.0,145316
bursty_high_s64,0.0,q8_a0.8_or,10422,63.199999999997175,61.399999999999324,20.492187499999044,19.717187499999046,5.094085092663931,4.949674246120666,435,1.0,1.0,145212
bursty_high_s64,0.0,q8_a0.8_or,10423,68.93333333333106,60.733333333333476,19.599999999999046,18.006249999999046,5.137294450057057,5.040942083077328,401,1.0,1.0,145378
bursty_high_s64,0.0,q8_a0.8_or,10424,72.99999999999721,71.79999999999984,21.876562499999046,22.729687499999045,5.262128313867742,5.353533386178755,436,1.0,1.0,145880
bursty_high_s64,0.0,q8_a0.8_or,10425,69.5999999999969,75.66666666666464,21.162499999999046,23.601562499999044,5.111993110602124,5.346960812415333,442,1.0,1.0,147591
bursty_high_s64,0.0,q8_a0.8_or,10426,64.19999999999749,79.66666666666441,19.501562499999046,22.132812499999044,5.177032624828615,5.266385033758088,430,1.0,1.0,148188
bursty_high_s64,0.0,q8_a0.8_or,10427,72.33333333333141,71.59999999999735,21.434374999999044,21.912499999999046,5.084189777339961,5.1807873380156195,433,1.0,1.0,149308
bursty_high_s64,0.0,q8_a0.8_or,10428,61.33333333333121,56.933333333330296,19.621874999999044,18.212499999999046,4.970493223537819,4.9986762567069905,412,1.0,1.0,146769
bursty_high_s64,0.0,q8_a0.8_or,10429,69.20000000000023,79.59999999999803,21.931249999999046,23.103124999999046,5.405146781933805,5.523577080603113,437,1.0,1.0,147783
bursty_high_s64,0.0,q8_a0.8_and,10400,55.266666666665,58.79999999999805,18.112499999999045,18.049999999999045,4.891679401408199,4.89171298234402,90,0.9,1.0,141590
bursty_high_s64,0.0,q8_a0.8_and,10401,62.066666666664275,67.06666666666428,20.264062499999046,21.612499999999045,5.3266199404597145,5.358185239106382,146,0.9,1.0,144485
bursty_high_s64,0.0,q8_a0.8_and,10402,61.86666666666457,65.33333333333061,19.870312499999045,19.393749999999045,4.941553220513685,4.9475559507172004,120,0.9,1.0,142048
bursty_high_s64,0.0,q8_a0.8_and,10403,58.66666666666441,64.93333333333348,18.239062499999044,19.587499999999046,4.8696487174418355,4.802820903991529,131,0.8,1.0,141127
bursty_high_s64,0.0,q8_a0.8_and,10404,66.53333333333165,68.99999999999741,19.067187499999044,20.657812499999046,5.213083817506627,5.167262471957104,143,0.9,1.0,144283
bursty_high_s64,0.0,q8_a0.8_and,10405,68.13333333333085,70.26666666666364,21.284374999999045,21.753124999999045,5.268076886104474,5.198366443669306,136,0.9,1.0,140567
bursty_high_s64,0.0,q8_a0.8_and,10406,63.06666666666433,74.80000000000004,19.126562499999046,21.268749999999045,4.777015470555318,5.020219636254026,125,0.9,1.0,143955
bursty_high_s64,0.0,q8_a0.8_and,10407,75.93333333333038,63.26666666666688,22.128124999999045,20.492187499999044,5.442520121168957,5.479010574451141,106,0.8,1.0,141733
bursty_high_s64,0.0,q8_a0.8_and,10408,64.3333333333307,68.06666666666518,20.367187499999044,19.740624999999046,5.000766535374106,4.989135869995447,109,0.9,1.0,140834
bursty_high_s64,0.0,q8_a0.8_and,10409,62.466666666663855,82.86666666666537,21.062499999999044,22.570312499999044,5.747044447088713,5.541114699249958,135,0.7,1.0,143821
bursty_high_s64,0.0,q8_a0.8_and,10410,55.79999999999876,66.9999999999994,19.056249999999046,20.831249999999045,5.023469391934197,5.066560556762932,143,0.8,1.0,140412
bursty_high_s64,0.0,q8_a0.8_and,10411,66.86666666666514,62.599999999997294,19.968749999999044,19.696874999999046,4.894941472261316,4.905242252718181,119,0.8,1.0,140991
bursty_high_s64,0.0,q8_a0.8_and,10412,65.93333333333268,79.13333333333046,22.045312499999046,23.145312499999044,5.391918325782742,5.321583840394816,144,0.9,1.0,141898
bursty_high_s64,0.0,q8_a0.8_and,10413,61.39999999999844,70.3333333333334,19.071874999999046,20.462499999999046,5.009156861672878,4.9691119603833105,148,0.8,1.0,139666
bursty_high_s64,0.0,q8_a0.8_and,10414,74.73333333333213,62.26666666666489,22.631249999999046,20.796874999999044,5.42383989141859,5.613384254371061,136,0.9,1.0,144492
bursty_high_s64,0.0,q8_a0.8_and,10415,73.33333333333101,63.13333333333205,21.931249999999046,20.256249999999046,5.196684305996913,5.2211137131946055,116,0.9,1.0,144120
bursty_high_s64,0.0,q8_a0.8_and,10416,60.06666666666453,63.26666666666523,18.551562499999044,18.826562499999046,4.977896553497613,4.883888584353297,136,0.8,1.0,140549
bursty_high_s64,0.0,q8_a0.8_and,10417,52.333333333331154,61.26666666666429,17.107812499999046,18.539062499999044,4.9502465668883,4.854334722936836,92,0.9,1.0,141724
bursty_high_s64,0.0,q8_a0.8_and,10418,65.66666666666401,57.66666666666487,20.404687499999046,19.187499999999044,5.416238152328654,5.460090227951964,121,0.7,1.0,144231
bursty_high_s64,0.0,q8_a0.8_and,10419,64.46666666666505,56.79999999999984,19.006249999999046,18.173437499999046,4.7599684393814305,4.910496051989545,104,0.8,1.0,141795
bursty_high_s64,0.0,q8_a0.8_and,10420,60.999999999997414,62.399999999999324,19.099999999999046,17.731249999999044,4.94503575815598,4.940316068893432,76,0.8,1.0,141100
bursty_high_s64,0.0,q8_a0.8_and,10421,67.93333333333197,80.99999999999721,20.403124999999044,21.879687499999044,5.194105154471434,5.233507786961999,118,0.9,1.0,141290
bursty_high_s64,0.0,q8_a0.8_and,10422,63.199999999997175,61.53333333333143,20.492187499999044,20.054687499999044,5.094085092663931,5.007713699781818,107,0.9,1.0,140852
bursty_high_s64,0.0,q8_a0.8_and,10423,68.93333333333106,65.86666666666397,19.599999999999046,20.348437499999044,5.137294450057057,5.218390858689596,115,0.7,1.0,139732
bursty_high_s64,0.0,q8_a0.8_and,10424,72.99999999999721,65.06666666666572,21.876562499999046,20.170312499999046,5.262128313867742,5.288683550195002,138,0.8,1.0,140319
bursty_high_s64,0.0,q8_a0.8_and,10425,69.5999999999969,66.19999999999862,21.162499999999046,21.524999999999046,5.111993110602124,5.404467312044977,136,0.9,1.0,143292
bursty_high_s64,0.0,q8_a0.8_and,10426,64.19999999999749,72.5999999999969,19.501562499999046,21.279687499999046,5.177032624828615,5.142673237004059,137,0.9,1.0,142828
bursty_high_s64,0.0,q8_a0.8_and,10427,72.33333333333141,72.13333333333065,21.434374999999044,20.390624999999044,5.084189777339961,5.109084182611872,126,0.9,1.0,144189
bursty_high_s64,0.0,q8_a0.8_and,10428,61.33333333333121,53.33333333333121,19.621874999999044,17.939062499999046,4.970493223537819,4.952892086790739,112,0.9,1.0,142504
bursty_high_s64,0.0,q8_a0.8_and,10429,69.20000000000023,71.33333333333138,21.931249999999046,22.554687499999044,5.405146781933805,5.2733093352266724,141,0.8,1.0,142267
bursty_high_s64,0.0,q8_a1.5_or,10400,55.266666666665,62.266666666663696,18.112499999999045,19.973437499999044,4.891679401408199,5.006504593718929,278,1.0,1.0,143816
bursty_high_s64,0.0,q8_a1.5_or,10401,62.066666666664275,58.266666666666836,20.264062499999046,19.685937499999046,5.3266199404597145,5.193512186885432,282,0.9,1.0,144639
bursty_high_s64,0.0,q8_a1.5_or,10402,61.86666666666457,64.33333333333115,19.870312499999045,18.668749999999044,4.941553220513685,4.699195139856795,257,1.0,1.0,144056
bursty_high_s64,0.0,q8_a1.5_or,10403,58.66666666666441,61.133333333330455,18.239062499999044,18.399999999999046,4.8696487174418355,4.832306333071683,254,1.0,1.0,143329
bursty_high_s64,0.0,q8_a1.5_or,10404,66.53333333333165,62.93333333333061,19.067187499999044,20.189062499999046,5.213083817506627,5.114717304732165,274,1.0,1.0,143390
bursty_high_s64,0.0,q8_a1.5_or,10405,68.13333333333085,67.6666666666669,21.284374999999045,20.490624999999046,5.268076886104474,5.09544863758245,292,1.0,1.0,145444
bursty_high_s64,0.0,q8_a1.5_or,10406,63.06666666666433,58.933333333332286,19.126562499999046,17.674999999999045,4.777015470555318,4.739735544011532,233,1.0,1.0,144344
bursty_high_s64,0.0,q8_a1.5_or,10407,75.93333333333038,66.53333333333143,22.128124999999045,20.860937499999046,5.442520121168957,5.275070984579484,263,1.0,1.0,143178
bursty_high_s64,0.0,q8_a1.5_or,10408,64.3333333333307,60.933333333330694,20.367187499999044,19.845312499999046,5.000766535374106,4.99310805333972,276,1.0,1.0,146489
bursty_high_s64,0.0,q8_a1.5_or,10409,62.466666666663855,64.46666666666445,21.062499999999044,21.165624999999046,5.747044447088713,5.462827134504932,270,0.9,1.0,145242
bursty_high_s64,0.0,q8_a1.5_or,10410,55.79999999999876,51.999999999998806,19.056249999999046,17.160937499999044,5.023469391934197,4.9501805029994275,212,1.0,1.0,141813
bursty_high_s64,0.0,q8_a1.5_or,10411,66.86666666666514,63.3333333333334,19.968749999999044,19.971874999999045,4.894941472261316,4.718353084954399,254,1.0,1.0,143496
bursty_high_s64,0.0,q8_a1.5_or,10412,65.93333333333268,59.133333333331336,22.045312499999046,18.945312499999044,5.391918325782742,5.3701511861310385,265,1.0,1.0,143663
bursty_high_s64,0.0,q8_a1.5_or,10413,61.39999999999844,60.9999999999979,19.071874999999046,18.809374999999044,5.009156861672878,5.103275102807358,242,0.9,1.0,144140
bursty_high_s64,0.0,q8_a1.5_or,10414,74.73333333333213,65.26666666666455,22.631249999999046,19.792187499999045,5.42383989141859,5.572468629604183,266,0.9,1.0,146839
bursty_high_s64,0.0,q8_a1.5_or,10415,73.33333333333101,75.33333333333121,21.931249999999046,22.479687499999045,5.196684305996913,5.226615988500127,308,1.0,1.0,145651
bursty_high_s64,0.0,q8_a1.5_or,10416,60.06666666666453,56.6666666666668,18.551562499999044,17.785937499999044,4.977896553497613,4.8286941856773105,231,1.0,1.0,141871
bursty_high_s64,0.0,q8_a1.5_or,10417,52.333333333331154,58.46666666666664,17.107812499999046,19.253124999999045,4.9502465668883,4.8731686807507035,280,1.0,1.0,144537
bursty_high_s64,0.0,q8_a1.5_or,10418,65.66666666666401,71.13333333333202,20.404687499999046,21.574999999999044,5.416238152328654,5.343869199089394,300,0.9,1.0,144110
bursty_high_s64,0.0,q8_a1.5_or,10419,64.46666666666505,55.86666666666537,19.006249999999046,18.629687499999044,4.7599684393814305,4.906139490222927,264,1.0,1.0,144201
bursty_high_s64,0.0,q8_a1.5_or,10420,60.999999999997414,67.19999999999817,19.099999999999046,19.178124999999046,4.94503575815598,5.163770573293727,275,1.0,1.0,142566
bursty_high_s64,0.0,q8_a1.5_or,10421,67.93333333333197,71.66666666666373,20.403124999999044,21.598437499999044,5.194105154471434,5.235747435444123,305,1.0,1.0,143749
bursty_high_s64,0.0,q8_a1.5_or,10422,63.199999999997175,60.59999999999829,20.492187499999044,19.021874999999046,5.094085092663931,5.044599213642874,285,1.0,1.0,143707
bursty_high_s64,0.0,q8_a1.5_or,10423,68.93333333333106,65.93333333333175,19.599999999999046,21.310937499999046,5.137294450057057,5.089288604179772,289,1.0,1.0,145048
bursty_high_s64,0.0,q8_a1.5_or,10424,72.99999999999721,54.599999999999284,21.876562499999046,18.573437499999045,5.262128313867742,5.305894616651357,276,1.0,1.0,143029
bursty_high_s64,0.0,q8_a1.5_or,10425,69.5999999999969,72.866666666664,21.162499999999046,22.634374999999046,5.111993110602124,5.480018648388324,293,0.9,1.0,146578
bursty_high_s64,0.0,q8_a1.5_or,10426,64.19999999999749,58.333333333332405,19.501562499999046,18.974999999999046,5.177032624828615,5.194489121343573,258,1.0,1.0,143580
bursty_high_s64,0.0,q8_a1.5_or,10427,72.33333333333141,70.66666666666396,21.434374999999044,19.468749999999044,5.084189777339961,5.042383785037272,251,1.0,1.0,144641
bursty_high_s64,0.0,q8_a1.5_or,10428,61.33333333333121,62.59999999999826,19.621874999999044,19.896874999999046,4.970493223537819,4.983360086180534,291,0.9,1.0,145110
bursty_high_s64,0.0,q8_a1.5_or,10429,69.20000000000023,57.46666666666465,21.931249999999046,20.495312499999045,5.405146781933805,5.487472777754258,280,1.0,1.0,143684
bursty_high_s64,0.0,q8_a1.5_and,10400,55.266666666665,58.79999999999805,18.112499999999045,18.049999999999045,4.891679401408199,4.89171298234402,90,0.9,1.0,141590
bursty_high_s64,0.0,q8_a1.5_and,10401,62.066666666664275,67.06666666666428,20.264062499999046,21.612499999999045,5.3266199404597145,5.358185239106382,146,0.9,1.0,144485
bursty_high_s64,0.0,q8_a1.5_and,10402,61.86666666666457,65.33333333333061,19.870312499999045,19.393749999999045,4.941553220513685,4.9475559507172004,120,0.9,1.0,142048
bursty_high_s64,0.0,q8_a1.5_and,10403,58.66666666666441,64.93333333333348,18.239062499999044,19.587499999999046,4.8696487174418355,4.802820903991529,131,0.8,1.0,141127
bursty_high_s64,0.0,q8_a1.5_and,10404,66.53333333333165,68.99999999999741,19.067187499999044,20.657812499999046,5.213083817506627,5.167262471957104,143,0.9,1.0,144283
bursty_high_s64,0.0,q8_a1.5_and,10405,68.13333333333085,70.26666666666364,21.284374999999045,21.753124999999045,5.268076886104474,5.198366443669306,136,0.9,1.0,140567
bursty_high_s64,0.0,q8_a1.5_and,10406,63.06666666666433,74.80000000000004,19.126562499999046,21.268749999999045,4.777015470555318,5.020219636254026,125,0.9,1.0,143955
bursty_high_s64,0.0,q8_a1.5_and,10407,75.93333333333038,63.26666666666688,22.128124999999045,20.492187499999044,5.442520121168957,5.479010574451141,106,0.8,1.0,141733
bursty_high_s64,0.0,q8_a1.5_and,10408,64.3333333333307,68.06666666666518,20.367187499999044,19.740624999999046,5.000766535374106,4.989039065379629,108,0.9,1.0,140723
bursty_high_s64,0.0,q8_a1.5_and,10409,62.466666666663855,82.86666666666537,21.062499999999044,22.570312499999044,5.747044447088713,5.541114699249958,135,0.7,1.0,143821
bursty_high_s64,0.0,q8_a1.5_and,10410,55.79999999999876,66.9999999999994,19.056249999999046,20.831249999999045,5.023469391934197,5.066560556762932,143,0.8,1.0,140412
bursty_high_s64,0.0,q8_a1.5_and,10411,66.86666666666514,62.599999999997294,19.968749999999044,19.696874999999046,4.894941472261316,4.905242252718181,119,0.8,1.0,140991
bursty_high_s64,0.0,q8_a1.5_and,10412,65.93333333333268,79.13333333333046,22.045312499999046,23.145312499999044,5.391918325782742,5.321583840394816,144,0.9,1.0,141898
bursty_high_s64,0.0,q8_a1.5_and,10413,61.39999999999844,70.3333333333334,19.071874999999046,20.462499999999046,5.009156861672878,4.9691119603833105,148,0.8,1.0,139666
bursty_high_s64,0.0,q8_a1.5_and,10414,74.73333333333213,62.26666666666489,22.631249999999046,20.796874999999044,5.42383989141859,5.613384254371061,136,0.9,1.0,144492
bursty_high_s64,0.0,q8_a1.5_and,10415,73.33333333333101,63.13333333333205,21.931249999999046,20.256249999999046,5.196684305996913,5.2211137131946055,115,0.9,1.0,144120
bursty_high_s64,0.0,q8_a1.5_and,10416,60.06666666666453,57.66666666666541,18.551562499999044,17.167187499999045,4.977896553497613,5.013377184298294,105,0.7,1.0,140660
bursty_high_s64,0.0,q8_a1.5_and,10417,52.333333333331154,61.26666666666429,17.107812499999046,18.539062499999044,4.9502465668883,4.854334722936836,92,0.9,1.0,141724
bursty_high_s64,0.0,q8_a1.5_and,10418,65.66666666666401,57.66666666666487,20.404687499999046,19.187499999999044,5.416238152328654,5.460090227951964,121,0.7,1.0,144231
bursty_high_s64,0.0,q8_a1.5_and,10419,64.46666666666505,56.79999999999984,19.006249999999046,18.173437499999046,4.7599684393814305,4.910496051989545,104,0.8,1.0,141795
bursty_high_s64,0.0,q8_a1.5_and,10420,60.999999999997414,62.399999999999324,19.099999999999046,17.731249999999044,4.94503575815598,4.940316068893432,76,0.8,1.0,141100
bursty_high_s64,0.0,q8_a1.5_and,10421,67.93333333333197,80.99999999999721,20.403124999999044,21.879687499999044,5.194105154471434,5.233507786961999,118,0.9,1.0,141290
bursty_high_s64,0.0,q8_a1.5_and,10422,63.199999999997175,61.53333333333143,20.492187499999044,20.054687499999044,5.094085092663931,5.007713699781818,107,0.9,1.0,140852
bursty_high_s64,0.0,q8_a1.5_and,10423,68.93333333333106,65.86666666666397,19.599999999999046,20.348437499999044,5.137294450057057,5.218390858689596,115,0.7,1.0,139732
bursty_high_s64,0.0,q8_a1.5_and,10424,72.99999999999721,65.06666666666572,21.876562499999046,20.170312499999046,5.262128313867742,5.288683550195002,138,0.8,1.0,140319
bursty_high_s64,0.0,q8_a1.5_and,10425,69.5999999999969,66.19999999999862,21.162499999999046,21.524999999999046,5.111993110602124,5.404467312044977,136,0.9,1.0,143292
bursty_high_s64,0.0,q8_a1.5_and,10426,64.19999999999749,72.5999999999969,19.501562499999046,21.279687499999046,5.177032624828615,5.142673237004059,137,0.9,1.0,142828
bursty_high_s64,0.0,q8_a1.5_and,10427,72.33333333333141,72.13333333333065,21.434374999999044,20.390624999999044,5.084189777339961,5.109084182611872,126,0.9,1.0,144189
bursty_high_s64,0.0,q8_a1.5_and,10428,61.33333333333121,53.33333333333121,19.621874999999044,17.939062499999046,4.970493223537819,4.952892086790739,110,0.9,1.0,142504
bursty_high_s64,0.0,q8_a1.5_and,10429,69.20000000000023,71.33333333333138,21.931249999999046,22.554687499999044,5.405146781933805,5.2733093352266724,141,0.8,1.0,142267
bursty_high_s64,2.0,q2_a0.8_or,10400,69.5999999999978,81.06666666666553,21.009374999999046,24.074999999999044,6.273016978382556,6.492704618813555,451,1.0,1.0,152971
bursty_high_s64,2.0,q2_a0.8_or,10401,75.19999999999916,79.39999999999813,24.206249999999045,27.057812499999045,6.581544451809451,6.970850193422545,464,1.0,1.0,153812
bursty_high_s64,2.0,q2_a0.8_or,10402,66.19999999999817,66.39999999999753,22.051562499999044,19.626562499999046,6.1799807690558755,6.374969416080268,412,1.0,1.0,153067
bursty_high_s64,2.0,q2_a0.8_or,10403,72.7999999999974,79.7999999999974,21.939062499999046,22.578124999999044,6.236545543073902,6.3933439698798065,444,1.0,1.0,152915
bursty_high_s64,2.0,q2_a0.8_or,10404,81.26666666666688,67.73333333333125,24.717187499999046,22.396874999999046,6.521249469229356,6.738879048511924,444,1.0,1.0,152309
bursty_high_s64,2.0,q2_a0.8_or,10405,79.13333333333225,72.19999999999749,23.851562499999044,25.046874999999044,6.743659740042804,6.710354617497944,461,1.0,1.0,151575
bursty_high_s64,2.0,q2_a0.8_or,10406,68.53333333333097,70.86666666666576,22.956249999999045,22.390624999999044,6.272153631308269,6.298664183322677,421,1.0,1.0,152956
bursty_high_s64,2.0,q2_a0.8_or,10407,82.39999999999873,82.06666666666518,25.312499999999044,23.912499999999046,6.586380480899246,6.737717038125028,444,1.0,1.0,151743
bursty_high_s64,2.0,q2_a0.8_or,10408,84.53333333333211,98.46666666666584,25.928124999999046,25.320312499999044,6.602113931286665,6.408666329534088,437,1.0,1.0,153250
bursty_high_s64,2.0,q2_a0.8_or,10409,81.26666666666688,85.06666666666572,25.098437499999044,25.987499999999045,6.726508378143178,7.014081295536483,446,1.0,1.0,152783
bursty_high_s64,2.0,q2_a0.8_or,10410,70.99999999999858,72.66666666666487,22.993749999999046,22.134374999999046,6.251200476524148,6.463174213232017,434,1.0,1.0,149320
bursty_high_s64,2.0,q2_a0.8_or,10411,79.3333333333307,66.19999999999956,24.020312499999044,22.560937499999046,5.963437253016599,6.2777727199331625,430,1.0,1.0,150144
bursty_high_s64,2.0,q2_a0.8_or,10412,76.93333333333268,81.59999999999988,24.232812499999046,24.637499999999044,6.773525771150391,7.045684430035934,458,1.0,1.0,152409
bursty_high_s64,2.0,q2_a0.8_or,10413,77.2666666666639,69.06666666666453,23.162499999999046,22.081249999999045,6.431181123118705,6.35121919688448,438,1.0,1.0,152206
bursty_high_s64,2.0,q2_a0.8_or,10414,71.46666666666685,79.39999999999822,23.093749999999044,25.532812499999046,6.793853024594357,6.828117980617181,453,1.0,1.0,153524
bursty_high_s64,2.0,q2_a0.8_or,10415,81.86666666666596,89.06666666666405,26.339062499999045,27.724999999999046,6.571702373069405,7.024927633814807,455,1.0,1.0,154117
bursty_high_s64,2.0,q2_a0.8_or,10416,75.9999999999996,75.73333333333193,22.001562499999046,22.642187499999046,6.141028913780737,6.207199145812424,438,1.0,1.0,151548
bursty_high_s64,2.0,q2_a0.8_or,10417,62.59999999999809,74.9999999999979,21.448437499999045,23.440624999999045,6.149019534709986,6.4331424990380555,443,1.0,1.0,152808
bursty_high_s64,2.0,q2_a0.8_or,10418,75.39999999999708,70.33333333333184,23.424999999999045,23.520312499999044,6.5596664336664166,6.948385437260176,454,1.0,1.0,153821
bursty_high_s64,2.0,q2_a0.8_or,10419,68.86666666666514,76.59999999999948,20.987499999999045,23.574999999999044,6.2665181471416265,6.230186522934593,448,1.0,1.0,151946
bursty_high_s64,2.0,q2_a0.8_or,10420,71.80000000000004,83.19999999999794,21.739062499999044,24.295312499999046,6.472533810725902,6.59040941810552,451,1.0,1.0,153368
bursty_high_s64,2.0,q2_a0.8_or,10421,81.13333333333179,78.13333333333134,26.429687499999044,22.214062499999045,7.0143917830415266,6.824995535337742,438,1.0,1.0,151715
bursty_high_s64,2.0,q2_a0.8_or,10422,69.19999999999726,72.80000000000024,23.754687499999044,23.440624999999045,6.432846034746841,6.98453228498583,442,1.0,1.0,152483
bursty_high_s64,2.0,q2_a0.8_or,10423,87.73333333333093,70.26666666666685,24.146874999999046,21.778124999999044,6.334337400707137,6.4363156338662195,431,1.0,1.0,150176
bursty_high_s64,2.0,q2_a0.8_or,10424,71.66666666666461,78.46666666666366,23.457812499999044,25.114062499999044,6.600988184209237,6.821804182526495,439,1.0,1.0,153243
bursty_high_s64,2.0,q2_a0.8_or,10425,85.06666666666688,72.86666666666423,25.265624999999044,22.648437499999044,6.538471826569475,6.9035227261999665,452,1.0,1.0,152064
bursty_high_s64,2.0,q2_a0.8_or,10426,77.93333333333189,78.333333333333,23.674999999999045,23.565624999999045,6.644813475155454,6.796217460444727,452,1.0,1.0,152030
bursty_high_s64,2.0,q2_a0.8_or,10427,76.4000000000002,84.26666666666364,24.212499999999046,23.209374999999046,6.3723435642285535,6.716588917423141,440,1.0,1.0,153534
bursty_high_s64,2.0,q2_a0.8_or,10428,72.19999999999777,79.13333333333088,20.953124999999044,24.787499999999046,6.332985255879261,6.829760184707243,451,1.0,1.0,153582
bursty_high_s64,2.0,q2_a0.8_or,10429,80.13333333333088,67.46666666666445,25.154687499999046,22.259374999999046,6.631306565229328,7.098143280008448,439,1.0,1.0,153509
bursty_high_s64,2.0,q2_a0.8_and,10400,69.5999999999978,80.39999999999753,21.009374999999046,24.485937499999046,6.273016978382556,6.473292749270523,356,1.0,1.0,149266
bursty_high_s64,2.0,q2_a0.8_and,10401,75.19999999999916,70.39999999999799,24.206249999999045,22.984374999999044,6.581544451809451,6.69640958492207,367,1.0,1.0,150257
bursty_high_s64,2.0,q2_a0.8_and,10402,66.19999999999817,70.0,22.051562499999044,22.532812499999046,6.1799807690558755,6.393751242774241,343,1.0,1.0,148697
bursty_high_s64,2.0,q2_a0.8_and,10403,72.7999999999974,88.59999999999968,21.939062499999046,24.260937499999045,6.236545543073902,6.373440000476322,345,1.0,1.0,151354
bursty_high_s64,2.0,q2_a0.8_and,10404,81.26666666666688,71.19999999999777,24.717187499999046,23.382812499999044,6.521249469229356,6.359245790521262,367,1.0,1.0,151267
bursty_high_s64,2.0,q2_a0.8_and,10405,79.13333333333225,81.53333333333165,23.851562499999044,23.374999999999044,6.743659740042804,6.731451392170499,354,1.0,1.0,150436
bursty_high_s64,2.0,q2_a0.8_and,10406,68.53333333333097,73.86666666666491,22.956249999999045,21.074999999999044,6.272153631308269,6.34539863491865,319,1.0,1.0,149042
bursty_high_s64,2.0,q2_a0.8_and,10407,82.39999999999873,78.19999999999862,25.312499999999044,24.792187499999045,6.586380480899246,6.771010937620903,369,1.0,1.0,151464
bursty_high_s64,2.0,q2_a0.8_and,10408,84.53333333333211,79.93333333333129,25.928124999999046,23.554687499999044,6.602113931286665,6.36841780894572,354,1.0,1.0,150524
bursty_high_s64,2.0,q2_a0.8_and,10409,81.26666666666688,68.19999999999698,25.098437499999044,22.373437499999046,6.726508378143178,6.8606730897012556,322,0.9,1.0,152552
bursty_high_s64,2.0,q2_a0.8_and,10410,70.99999999999858,66.93333333333061,22.993749999999046,20.906249999999044,6.251200476524148,6.59468997311532,318,1.0,1.0,146975
bursty_high_s64,2.0,q2_a0.8_and,10411,79.3333333333307,81.53333333333256,24.020312499999044,23.132812499999044,5.963437253016599,6.423487657251035,363,1.0,1.0,146649
bursty_high_s64,2.0,q2_a0.8_and,10412,76.93333333333268,73.86666666666378,24.232812499999046,23.810937499999046,6.773525771150391,6.712445350265613,356,1.0,1.0,151227
bursty_high_s64,2.0,q2_a0.8_and,10413,77.2666666666639,103.13333333333085,23.162499999999046,24.384374999999046,6.431181123118705,6.323032235052912,297,0.9,1.0,151701
bursty_high_s64,2.0,q2_a0.8_and,10414,71.46666666666685,82.39999999999844,23.093749999999044,25.381249999999046,6.793853024594357,6.706453390116666,345,1.0,1.0,150786
bursty_high_s64,2.0,q2_a0.8_and,10415,81.86666666666596,81.26666666666432,26.339062499999045,26.362499999999045,6.571702373069405,6.741499668208915,374,1.0,1.0,151601
bursty_high_s64,2.0,q2_a0.8_and,10416,75.9999999999996,76.06666666666413,22.001562499999046,22.915624999999046,6.141028913780737,6.397310038771314,328,1.0,1.0,151482
bursty_high_s64,2.0,q2_a0.8_and,10417,62.59999999999809,76.26666666666429,21.448437499999045,23.357812499999046,6.149019534709986,6.491601153539904,328,1.0,1.0,149614
bursty_high_s64,2.0,q2_a0.8_and,10418,75.39999999999708,87.39999999999844,23.424999999999045,25.162499999999046,6.5596664336664166,6.829553128483907,348,1.0,1.0,152820
bursty_high_s64,2.0,q2_a0.8_and,10419,68.86666666666514,80.3333333333324,20.987499999999045,22.656249999999044,6.2665181471416265,6.415451958494911,351,1.0,1.0,152535
bursty_high_s64,2.0,q2_a0.8_and,10420,71.80000000000004,75.93333333333352,21.739062499999044,22.456249999999045,6.472533810725902,6.529371927078093,340,1.0,1.0,149016
bursty_high_s64,2.0,q2_a0.8_and,10421,81.13333333333179,77.66666666666532,26.429687499999044,23.489062499999044,7.0143917830415266,6.875302596229739,368,1.0,1.0,149717
bursty_high_s64,2.0,q2_a0.8_and,10422,69.19999999999726,79.20000000000019,23.754687499999044,23.398437499999044,6.432846034746841,6.472538437945964,357,1.0,1.0,148894
bursty_high_s64,2.0,q2_a0.8_and,10423,87.73333333333093,65.39999999999793,24.146874999999046,22.384374999999046,6.334337400707137,6.304734923822212,321,1.0,1.0,148075
bursty_high_s64,2.0,q2_a0.8_and,10424,71.66666666666461,76.53333333333097,23.457812499999044,25.424999999999045,6.600988184209237,6.859750915952124,359,1.0,1.0,147866
bursty_high_s64,2.0,q2_a0.8_and,10425,85.06666666666688,104.33333333333184,25.265624999999044,26.887499999999044,6.538471826569475,6.515829704143316,340,1.0,1.0,150601
bursty_high_s64,2.0,q2_a0.8_and,10426,77.93333333333189,76.6666666666666,23.674999999999045,23.343749999999044,6.644813475155454,6.461491070666597,342,1.0,1.0,148301
bursty_high_s64,2.0,q2_a0.8_and,10427,76.4000000000002,85.06666666666413,24.212499999999046,24.003124999999045,6.3723435642285535,6.364554041521192,332,1.0,1.0,151927
bursty_high_s64,2.0,q2_a0.8_and,10428,72.19999999999777,69.06666666666374,20.953124999999044,22.789062499999044,6.332985255879261,6.6143756222931716,345,1.0,1.0,151746
bursty_high_s64,2.0,q2_a0.8_and,10429,80.13333333333088,71.79999999999785,25.154687499999046,23.496874999999044,6.631306565229328,6.655818061103294,343,1.0,1.0,150720
bursty_high_s64,2.0,q2_a1.5_or,10400,69.5999999999978,83.53333333333137,21.009374999999046,25.367187499999044,6.273016978382556,6.386593202907357,382,1.0,1.0,147738
bursty_high_s64,2.0,q2_a1.5_or,10401,75.19999999999916,71.60000000000016,24.206249999999045,23.067187499999044,6.581544451809451,6.717847906518507,402,1.0,1.0,150366
bursty_high_s64,2.0,q2_a1.5_or,10402,66.19999999999817,72.06666666666518,22.051562499999044,22.848437499999044,6.1799807690558755,6.409549840734949,376,1.0,1.0,149463
bursty_high_s64,2.0,q2_a1.5_or,10403,72.7999999999974,65.46666666666525,21.939062499999046,20.778124999999044,6.236545543073902,6.413800521873659,366,1.0,1.0,149288
bursty_high_s64,2.0,q2_a1.5_or,10404,81.26666666666688,72.33333333333161,24.717187499999046,23.387499999999044,6.521249469229356,6.383730981273018,410,1.0,1.0,150751
bursty_high_s64,2.0,q2_a1.5_or,10405,79.13333333333225,90.46666666666385,23.851562499999044,24.296874999999044,6.743659740042804,6.676892909195024,393,1.0,1.0,150814
bursty_high_s64,2.0,q2_a1.5_or,10406,68.53333333333097,77.86666666666417,22.956249999999045,23.69062499999904,6.272153631308269,6.430894815974933,370,1.0,1.0,150389
bursty_high_s64,2.0,q2_a1.5_or,10407,82.39999999999873,73.40000000000012,25.312499999999044,24.045312499999046,6.586380480899246,6.612005946377154,395,1.0,1.0,150145
bursty_high_s64,2.0,q2_a1.5_or,10408,84.53333333333211,74.2666666666669,25.928124999999046,23.239062499999044,6.602113931286665,6.377417988979579,400,1.0,1.0,151032
bursty_high_s64,2.0,q2_a1.5_or,10409,81.26666666666688,77.06666666666453,25.098437499999044,25.498437499999046,6.726508378143178,7.170440033227453,395,1.0,1.0,153908
bursty_high_s64,2.0,q2_a1.5_or,10410,70.99999999999858,65.53333333333188,22.993749999999046,21.218749999999044,6.251200476524148,6.59626205407973,373,1.0,1.0,147029
bursty_high_s64,2.0,q2_a1.5_or,10411,79.3333333333307,93.1999999999984,24.020312499999044,25.781249999999044,5.963437253016599,6.44457286422047,386,1.0,1.0,148594
bursty_high_s64,2.0,q2_a1.5_or,10412,76.93333333333268,67.26666666666449,24.232812499999046,22.831249999999045,6.773525771150391,6.771906569952601,381,1.0,1.0,151801
bursty_high_s64,2.0,q2_a1.5_or,10413,77.2666666666639,68.86666666666491,23.162499999999046,21.143749999999045,6.431181123118705,6.429843087145072,335,0.9,1.0,150670
bursty_high_s64,2.0,q2_a1.5_or,10414,71.46666666666685,78.93333333333149,23.093749999999044,25.356249999999044,6.793853024594357,6.694718424392993,387,1.0,1.0,152066
bursty_high_s64,2.0,q2_a1.5_or,10415,81.86666666666596,79.06666666666405,26.339062499999045,26.095312499999046,6.571702373069405,6.689252788156646,404,1.0,1.0,151865
bursty_high_s64,2.0,q2_a1.5_or,10416,75.9999999999996,60.6666666666666,22.001562499999046,19.667187499999045,6.141028913780737,6.293876086572292,352,1.0,1.0,150473
bursty_high_s64,2.0,q2_a1.5_or,10417,62.59999999999809,76.66666666666396,21.448437499999045,23.267187499999046,6.149019534709986,6.276107172559389,383,1.0,1.0,151664
bursty_high_s64,2.0,q2_a1.5_or,10418,75.39999999999708,87.3333333333328,23.424999999999045,24.954687499999046,6.5596664336664166,6.793456291937398,390,1.0,1.0,151938
bursty_high_s64,2.0,q2_a1.5_or,10419,68.86666666666514,66.86666666666468,20.987499999999045,22.195312499999044,6.2665181471416265,6.265502020185222,361,1.0,1.0,150118
bursty_high_s64,2.0,q2_a1.5_or,10420,71.80000000000004,80.53333333333177,21.739062499999044,23.790624999999046,6.472533810725902,6.469865324227608,387,1.0,1.0,151518
bursty_high_s64,2.0,q2_a1.5_or,10421,81.13333333333179,77.66666666666532,26.429687499999044,23.476562499999044,7.0143917830415266,6.879125923322114,398,1.0,1.0,149693
bursty_high_s64,2.0,q2_a1.5_or,10422,69.19999999999726,79.20000000000019,23.754687499999044,23.137499999999044,6.432846034746841,6.347889855521877,382,1.0,1.0,150892
bursty_high_s64,2.0,q2_a1.5_or,10423,87.73333333333093,64.00000000000018,24.146874999999046,22.273437499999044,6.334337400707137,6.390637972035582,372,1.0,1.0,149423
bursty_high_s64,2.0,q2_a1.5_or,10424,71.66666666666461,76.53333333333097,23.457812499999044,25.424999999999045,6.600988184209237,6.859750915952124,390,1.0,1.0,147866
bursty_high_s64,2.0,q2_a1.5_or,10425,85.06666666666688,87.33333333333061,25.265624999999044,25.693749999999046,6.538471826569475,6.418389388964728,374,1.0,1.0,151218
bursty_high_s64,2.0,q2_a1.5_or,10426,77.93333333333189,76.79999999999717,23.674999999999045,22.403124999999044,6.644813475155454,6.663882824233187,379,1.0,1.0,152140
bursty_high_s64,2.0,q2_a1.5_or,10427,76.4000000000002,68.46666666666525,24.212499999999046,21.734374999999044,6.3723435642285535,6.289470448979364,377,1.0,1.0,151415
bursty_high_s64,2.0,q2_a1.5_or,10428,72.19999999999777,75.13333333333244,20.953124999999044,23.640624999999044,6.332985255879261,6.588437812219927,384,1.0,1.0,151389
bursty_high_s64,2.0,q2_a1.5_or,10429,80.13333333333088,67.13333333333165,25.154687499999046,23.357812499999046,6.631306565229328,6.953966400026106,372,1.0,1.0,151984
bursty_high_s64,2.0,q2_a1.5_and,10400,69.5999999999978,68.19999999999737,21.009374999999046,23.082812499999044,6.273016978382556,6.301472782616806,266,1.0,1.0,147928
bursty_high_s64,2.0,q2_a1.5_and,10401,75.19999999999916,81.26666666666478,24.206249999999045,24.490624999999046,6.581544451809451,6.560380396255468,248,1.0,1.0,150380
bursty_high_s64,2.0,q2_a1.5_and,10402,66.19999999999817,74.93333333333355,22.051562499999044,20.474999999999046,6.1799807690558755,6.221604430640701,210,1.0,1.0,146864
bursty_high_s64,2.0,q2_a1.5_and,10403,72.7999999999974,76.86666666666378,21.939062499999046,22.532812499999046,6.236545543073902,6.208146784168664,220,1.0,1.0,150192
bursty_high_s64,2.0,q2_a1.5_and,10404,81.26666666666688,80.86666666666477,24.717187499999046,24.243749999999046,6.521249469229356,6.399080550395821,250,1.0,1.0,150266
bursty_high_s64,2.0,q2_a1.5_and,10405,79.13333333333225,73.13333333333185,23.851562499999044,22.690624999999045,6.743659740042804,6.572418584227421,243,1.0,1.0,149621
bursty_high_s64,2.0,q2_a1.5_and,10406,68.53333333333097,60.466666666665446,22.956249999999045,20.484374999999044,6.272153631308269,6.315572952812038,260,1.0,1.0,148587
bursty_high_s64,2.0,q2_a1.5_and,10407,82.39999999999873,88.53333333333038,25.312499999999044,26.270312499999044,6.586380480899246,6.676110927820902,278,1.0,1.0,149448
bursty_high_s64,2.0,q2_a1.5_and,10408,84.53333333333211,82.06666666666413,25.928124999999046,22.454687499999046,6.602113931286665,6.5895916854610395,238,1.0,1.0,150358
bursty_high_s64,2.0,q2_a1.5_and,10409,81.26666666666688,82.66666666666396,25.098437499999044,27.874999999999044,6.726508378143178,7.150951185511664,276,0.9,1.0,153149
bursty_high_s64,2.0,q2_a1.5_and,10410,70.99999999999858,68.86666666666686,22.993749999999046,22.317187499999044,6.251200476524148,6.412757813083793,257,1.0,1.0,146901
bursty_high_s64,2.0,q2_a1.5_and,10411,79.3333333333307,69.39999999999753,24.020312499999044,22.120312499999045,5.963437253016599,6.306636561782419,241,1.0,1.0,147969
bursty_high_s64,2.0,q2_a1.5_and,10412,76.93333333333268,78.86666666666497,24.232812499999046,23.068749999999046,6.773525771150391,6.753635426752849,238,1.0,1.0,149974
bursty_high_s64,2.0,q2_a1.5_and,10413,77.2666666666639,69.53333333333075,23.162499999999046,22.645312499999044,6.431181123118705,6.684634299650556,268,0.9,1.0,147211
bursty_high_s64,2.0,q2_a1.5_and,10414,71.46666666666685,75.33333333333138,23.093749999999044,23.434374999999044,6.793853024594357,6.783174605524502,231,0.9,1.0,151972
bursty_high_s64,2.0,q2_a1.5_and,10415,81.86666666666596,73.86666666666397,26.339062499999045,24.506249999999046,6.571702373069405,6.62241709379109,248,1.0,1.0,150118
bursty_high_s64,2.0,q2_a1.5_and,10416,75.9999999999996,85.80000000000004,22.001562499999046,21.993749999999046,6.141028913780737,6.121334677901621,232,1.0,1.0,147683
bursty_high_s64,2.0,q2_a1.5_and,10417,62.59999999999809,82.39999999999893,21.448437499999045,24.846874999999045,6.149019534709986,6.256429844849537,266,1.0,1.0,151208
bursty_high_s64,2.0,q2_a1.5_and,10418,75.39999999999708,86.19999999999837,23.424999999999045,26.724999999999046,6.5596664336664166,6.815830313114185,279,0.9,1.0,150038
bursty_high_s64,2.0,q2_a1.5_and,10419,68.86666666666514,79.86666666666491,20.987499999999045,23.559374999999044,6.2665181471416265,6.434233039893755,249,1.0,1.0,150057
bursty_high_s64,2.0,q2_a1.5_and,10420,71.80000000000004,81.59999999999735,21.739062499999044,23.565624999999045,6.472533810725902,6.438878292272312,256,1.0,1.0,149619
bursty_high_s64,2.0,q2_a1.5_and,10421,81.13333333333179,75.13333333333202,26.429687499999044,24.717187499999046,7.0143917830415266,6.636053629805995,290,1.0,1.0,148601
bursty_high_s64,2.0,q2_a1.5_and,10422,69.19999999999726,73.33333333333161,23.754687499999044,23.439062499999046,6.432846034746841,6.525971768603729,261,1.0,1.0,151049
bursty_high_s64,2.0,q2_a1.5_and,10423,87.73333333333093,80.13333333333085,24.146874999999046,23.985937499999046,6.334337400707137,6.4334906289582845,264,1.0,1.0,149107
bursty_high_s64,2.0,q2_a1.5_and,10424,71.66666666666461,105.79999999999845,23.457812499999044,26.753124999999045,6.600988184209237,6.706564474583958,250,1.0,1.0,150143
bursty_high_s64,2.0,q2_a1.5_and,10425,85.06666666666688,79.53333333333077,25.265624999999044,24.104687499999045,6.538471826569475,6.714471068136625,267,0.9,1.0,149093
bursty_high_s64,2.0,q2_a1.5_and,10426,77.93333333333189,86.6666666666651,23.674999999999045,26.151562499999045,6.644813475155454,6.831132940895425,264,1.0,1.0,149824
bursty_high_s64,2.0,q2_a1.5_and,10427,76.4000000000002,83.93333333333169,24.212499999999046,24.120312499999045,6.3723435642285535,6.461727211439985,246,1.0,1.0,149401
bursty_high_s64,2.0,q2_a1.5_and,10428,72.19999999999777,92.59999999999872,20.953124999999044,26.582812499999044,6.332985255879261,6.433401462966482,275,0.9,1.0,149913
bursty_high_s64,2.0,q2_a1.5_and,10429,80.13333333333088,82.73333333333312,25.154687499999046,25.229687499999045,6.631306565229328,7.160416556594356,268,1.0,1.0,151019
bursty_high_s64,2.0,q4_a0.8_or,10400,69.5999999999978,81.06666666666553,21.009374999999046,24.074999999999044,6.273016978382556,6.492704618813555,450,1.0,1.0,152971
bursty_high_s64,2.0,q4_a0.8_or,10401,75.19999999999916,79.99999999999812,24.206249999999045,26.962499999999046,6.581544451809451,7.084159148163114,460,1.0,1.0,153631
bursty_high_s64,2.0,q4_a0.8_or,10402,66.19999999999817,64.46666666666482,22.051562499999044,20.403124999999044,6.1799807690558755,6.3952400861395775,424,1.0,1.0,150118
bursty_high_s64,2.0,q4_a0.8_or,10403,72.7999999999974,77.66666666666396,21.939062499999046,22.399999999999046,6.236545543073902,6.415096262998917,437,1.0,1.0,152770
bursty_high_s64,2.0,q4_a0.8_or,10404,81.26666666666688,67.73333333333125,24.717187499999046,22.396874999999046,6.521249469229356,6.738879048511924,443,1.0,1.0,152309
bursty_high_s64,2.0,q4_a0.8_or,10405,79.13333333333225,72.19999999999749,23.851562499999044,25.046874999999044,6.743659740042804,6.710354617497944,461,1.0,1.0,151575
bursty_high_s64,2.0,q4_a0.8_or,10406,68.53333333333097,70.86666666666576,22.956249999999045,22.367187499999044,6.272153631308269,6.345996818279875,415,1.0,1.0,152715
bursty_high_s64,2.0,q4_a0.8_or,10407,82.39999999999873,78.86666666666491,25.312499999999044,25.209374999999046,6.586380480899246,6.766031483717906,459,1.0,1.0,150296
bursty_high_s64,2.0,q4_a0.8_or,10408,84.53333333333211,89.86666666666378,25.928124999999046,23.899999999999046,6.602113931286665,6.606075911870962,434,1.0,1.0,155517
bursty_high_s64,2.0,q4_a0.8_or,10409,81.26666666666688,82.46666666666385,25.098437499999044,23.517187499999046,6.726508378143178,6.841895785918636,428,1.0,1.0,155318
bursty_high_s64,2.0,q4_a0.8_or,10410,70.99999999999858,72.66666666666487,22.993749999999046,22.134374999999046,6.251200476524148,6.463174213232017,433,1.0,1.0,149320
bursty_high_s64,2.0,q4_a0.8_or,10411,79.3333333333307,66.19999999999956,24.020312499999044,22.560937499999046,5.963437253016599,6.2777727199331625,430,1.0,1.0,150144
bursty_high_s64,2.0,q4_a0.8_or,10412,76.93333333333268,89.13333333333156,24.232812499999046,25.845312499999046,6.773525771150391,7.105016470929634,460,1.0,1.0,151621
bursty_high_s64,2.0,q4_a0.8_or,10413,77.2666666666639,74.66666666666373,23.162499999999046,23.690624999999045,6.431181123118705,6.2055153444697035,439,1.0,1.0,151966
bursty_high_s64,2.0,q4_a0.8_or,10414,71.46666666666685,76.39999999999833,23.093749999999044,25.543749999999044,6.793853024594357,6.852456652188492,450,1.0,1.0,153546
bursty_high_s64,2.0,q4_a0.8_or,10415,81.86666666666596,89.06666666666405,26.339062499999045,27.724999999999046,6.571702373069405,7.024927633814807,453,1.0,1.0,154117
bursty_high_s64,2.0,q4_a0.8_or,10416,75.9999999999996,73.59999999999869,22.001562499999046,22.471874999999045,6.141028913780737,6.163569484998175,433,1.0,1.0,152906
bursty_high_s64,2.0,q4_a0.8_or,10417,62.59999999999809,75.79999999999785,21.448437499999045,23.559374999999044,6.149019534709986,6.43111040201003,437,1.0,1.0,152476
bursty_high_s64,2.0,q4_a0.8_or,10418,75.39999999999708,76.99999999999741,23.424999999999045,24.617187499999044,6.5596664336664166,6.876675251307667,432,1.0,1.0,153411
bursty_high_s64,2.0,q4_a0.8_or,10419,68.86666666666514,76.59999999999948,20.987499999999045,23.574999999999044,6.2665181471416265,6.230186522934593,448,1.0,1.0,151946
bursty_high_s64,2.0,q4_a0.8_or,10420,71.80000000000004,83.19999999999794,21.739062499999044,24.295312499999046,6.472533810725902,6.59040941810552,450,1.0,1.0,153368
bursty_high_s64,2.0,q4_a0.8_or,10421,81.13333333333179,78.13333333333134,26.429687499999044,22.214062499999045,7.0143917830415266,6.824995535337742,438,1.0,1.0,151715
bursty_high_s64,2.0,q4_a0.8_or,10422,69.19999999999726,84.26666666666489,23.754687499999044,25.537499999999046,6.432846034746841,6.7600314602515805,443,1.0,1.0,153440
bursty_high_s64,2.0,q4_a0.8_or,10423,87.73333333333093,79.53333333333137,24.146874999999046,26.054687499999044,6.334337400707137,6.437424812582859,454,1.0,1.0,149557
bursty_high_s64,2.0,q4_a0.8_or,10424,71.66666666666461,77.19999999999757,23.457812499999044,24.776562499999045,6.600988184209237,6.732780787735024,447,1.0,1.0,151391
bursty_high_s64,2.0,q4_a0.8_or,10425,85.06666666666688,75.26666666666523,25.265624999999044,22.592187499999046,6.538471826569475,6.929305308755396,445,1.0,1.0,150893
bursty_high_s64,2.0,q4_a0.8_or,10426,77.93333333333189,78.333333333333,23.674999999999045,23.565624999999045,6.644813475155454,6.796217460444727,452,1.0,1.0,152030
bursty_high_s64,2.0,q4_a0.8_or,10427,76.4000000000002,83.7999999999983,24.212499999999046,23.490624999999046,6.3723435642285535,6.659316574775135,429,1.0,1.0,152165
bursty_high_s64,2.0,q4_a0.8_or,10428,72.19999999999777,79.13333333333088,20.953124999999044,24.787499999999046,6.332985255879261,6.829760184707243,450,1.0,1.0,153582
bursty_high_s64,2.0,q4_a0.8_or,10429,80.13333333333088,60.733333333330336,25.154687499999046,21.165624999999046,6.631306565229328,7.2500918732715105,403,1.0,1.0,154232
bursty_high_s64,2.0,q4_a0.8_and,10400,69.5999999999978,67.06666666666473,21.009374999999046,21.271874999999046,6.273016978382556,6.326647550745486,280,1.0,1.0,146905
bursty_high_s64,2.0,q4_a0.8_and,10401,75.19999999999916,66.59999999999826,24.206249999999045,21.543749999999044,6.581544451809451,6.66284717488969,248,1.0,1.0,149205
bursty_high_s64,2.0,q4_a0.8_and,10402,66.19999999999817,72.666666666666,22.051562499999044,21.081249999999045,6.1799807690558755,6.311382830588004,257,1.0,1.0,145160
bursty_high_s64,2.0,q4_a0.8_and,10403,72.7999999999974,73.06666666666405,21.939062499999046,22.978124999999046,6.236545543073902,6.475457150606521,258,1.0,1.0,149865
bursty_high_s64,2.0,q4_a0.8_and,10404,81.26666666666688,62.533333333330376,24.717187499999046,22.956249999999045,6.521249469229356,6.606470508229476,272,1.0,1.0,150143
bursty_high_s64,2.0,q4_a0.8_and,10405,79.13333333333225,82.13333333333043,23.851562499999044,24.204687499999046,6.743659740042804,6.4690063599368575,272,1.0,1.0,149858
bursty_high_s64,2.0,q4_a0.8_and,10406,68.53333333333097,70.79999999999725,22.956249999999045,22.099999999999046,6.272153631308269,6.372141474234878,277,1.0,1.0,148939
bursty_high_s64,2.0,q4_a0.8_and,10407,82.39999999999873,87.53333333333157,25.312499999999044,25.051562499999044,6.586380480899246,6.763484036945199,269,1.0,1.0,147791
bursty_high_s64,2.0,q4_a0.8_and,10408,84.53333333333211,73.66666666666481,25.928124999999046,22.848437499999044,6.602113931286665,6.648200121511932,270,1.0,1.0,149889
bursty_high_s64,2.0,q4_a0.8_and,10409,81.26666666666688,77.79999999999924,25.098437499999044,24.531249999999044,6.726508378143178,6.791342560883969,263,0.9,1.0,148993
bursty_high_s64,2.0,q4_a0.8_and,10410,70.99999999999858,63.40000000000022,22.993749999999046,20.320312499999044,6.251200476524148,6.389415653254391,247,1.0,1.0,145779
bursty_high_s64,2.0,q4_a0.8_and,10411,79.3333333333307,69.19999999999857,24.020312499999044,21.899999999999046,5.963437253016599,6.3347282707832395,278,1.0,1.0,148559
bursty_high_s64,2.0,q4_a0.8_and,10412,76.93333333333268,76.33333333333348,24.232812499999046,24.103124999999046,6.773525771150391,6.81685848264749,280,1.0,1.0,150150
bursty_high_s64,2.0,q4_a0.8_and,10413,77.2666666666639,72.13333333333088,23.162499999999046,21.831249999999045,6.431181123118705,6.295246440065405,257,0.9,1.0,146903
bursty_high_s64,2.0,q4_a0.8_and,10414,71.46666666666685,79.86666666666397,23.093749999999044,23.542187499999045,6.793853024594357,6.667571021242223,266,0.9,1.0,150021
bursty_high_s64,2.0,q4_a0.8_and,10415,81.86666666666596,82.1999999999984,26.339062499999045,24.689062499999046,6.571702373069405,6.598941310878795,261,1.0,1.0,148799
bursty_high_s64,2.0,q4_a0.8_and,10416,75.9999999999996,69.06666666666453,22.001562499999046,20.414062499999044,6.141028913780737,6.618153532364357,264,0.9,1.0,146824
bursty_high_s64,2.0,q4_a0.8_and,10417,62.59999999999809,63.13333333333085,21.448437499999045,21.153124999999044,6.149019534709986,6.290874197578047,237,1.0,1.0,150795
bursty_high_s64,2.0,q4_a0.8_and,10418,75.39999999999708,82.99999999999801,23.424999999999045,23.651562499999045,6.5596664336664166,6.908706458297013,280,0.9,1.0,151772
bursty_high_s64,2.0,q4_a0.8_and,10419,68.86666666666514,68.19999999999877,20.987499999999045,21.467187499999046,6.2665181471416265,6.338662326777742,279,0.9,1.0,147766
bursty_high_s64,2.0,q4_a0.8_and,10420,71.80000000000004,89.93333333333169,21.739062499999044,23.603124999999046,6.472533810725902,6.571876295135963,269,1.0,1.0,148508
bursty_high_s64,2.0,q4_a0.8_and,10421,81.13333333333179,85.73333333333173,26.429687499999044,25.779687499999046,7.0143917830415266,6.79050129374087,302,0.9,1.0,148480
bursty_high_s64,2.0,q4_a0.8_and,10422,69.19999999999726,68.39999999999753,23.754687499999044,22.140624999999044,6.432846034746841,6.394442000457792,285,1.0,1.0,147569
bursty_high_s64,2.0,q4_a0.8_and,10423,87.73333333333093,72.06666666666493,24.146874999999046,24.076562499999046,6.334337400707137,6.437483311802157,279,1.0,1.0,147636
bursty_high_s64,2.0,q4_a0.8_and,10424,71.66666666666461,73.59999999999769,23.457812499999044,24.098437499999044,6.600988184209237,6.941073558908542,282,1.0,1.0,149238
bursty_high_s64,2.0,q4_a0.8_and,10425,85.06666666666688,92.59999999999712,25.265624999999044,25.262499999999044,6.538471826569475,6.453592555260229,278,1.0,1.0,150865
bursty_high_s64,2.0,q4_a0.8_and,10426,77.93333333333189,92.6666666666666,23.674999999999045,26.092187499999046,6.644813475155454,6.856048135865349,268,0.9,1.0,150834
bursty_high_s64,2.0,q4_a0.8_and,10427,76.4000000000002,83.73333333333034,24.212499999999046,24.774999999999046,6.3723435642285535,6.479339168343628,269,0.9,1.0,150039
bursty_high_s64,2.0,q4_a0.8_and,10428,72.19999999999777,76.26666666666469,20.953124999999044,22.634374999999046,6.332985255879261,6.596776310481583,245,0.9,1.0,150994
bursty_high_s64,2.0,q4_a0.8_and,10429,80.13333333333088,71.59999999999712,25.154687499999046,23.334374999999046,6.631306565229328,6.70116488015663,279,1.0,1.0,149643
bursty_high_s64,2.0,q4_a1.5_or,10400,69.5999999999978,69.1999999999984,21.009374999999046,22.070312499999044,6.273016978382556,6.617805065196459,323,1.0,1.0,147612
bursty_high_s64,2.0,q4_a1.5_or,10401,75.19999999999916,71.93333333333061,24.206249999999045,23.473437499999044,6.581544451809451,6.884124185334524,332,1.0,1.0,151104
bursty_high_s64,2.0,q4_a1.5_or,10402,66.19999999999817,75.13333333333156,22.051562499999044,22.706249999999045,6.1799807690558755,6.300952673357239,306,1.0,1.0,147461
bursty_high_s64,2.0,q4_a1.5_or,10403,72.7999999999974,71.5999999999975,21.939062499999046,22.059374999999044,6.236545543073902,6.470578528966047,324,1.0,1.0,150497
bursty_high_s64,2.0,q4_a1.5_or,10404,81.26666666666688,72.93333333333106,24.717187499999046,23.129687499999044,6.521249469229356,6.3828287679493645,311,1.0,1.0,149926
bursty_high_s64,2.0,q4_a1.5_or,10405,79.13333333333225,75.33333333333047,23.851562499999044,24.956249999999045,6.743659740042804,6.667985028491803,323,1.0,1.0,150495
bursty_high_s64,2.0,q4_a1.5_or,10406,68.53333333333097,70.33333333333138,22.956249999999045,22.087499999999046,6.272153631308269,6.37163630717617,310,1.0,1.0,149175
bursty_high_s64,2.0,q4_a1.5_or,10407,82.39999999999873,83.99999999999812,25.312499999999044,25.189062499999046,6.586380480899246,6.769988730392045,320,1.0,1.0,149216
bursty_high_s64,2.0,q4_a1.5_or,10408,84.53333333333211,81.39999999999708,25.928124999999046,24.217187499999046,6.602113931286665,6.733140465562252,322,1.0,1.0,150762
bursty_high_s64,2.0,q4_a1.5_or,10409,81.26666666666688,78.33333333333047,25.098437499999044,24.749999999999044,6.726508378143178,7.054142055056917,319,0.9,1.0,151579
bursty_high_s64,2.0,q4_a1.5_or,10410,70.99999999999858,67.73333333333352,22.993749999999046,21.856249999999044,6.251200476524148,6.418075167485007,327,1.0,1.0,146518
bursty_high_s64,2.0,q4_a1.5_or,10411,79.3333333333307,73.26666666666648,24.020312499999044,23.139062499999046,5.963437253016599,6.358467744936791,343,1.0,1.0,147132
bursty_high_s64,2.0,q4_a1.5_or,10412,76.93333333333268,93.73333333333053,24.232812499999046,25.323437499999045,6.773525771150391,6.675603255879539,336,1.0,1.0,149558
bursty_high_s64,2.0,q4_a1.5_or,10413,77.2666666666639,74.13333333333145,23.162499999999046,22.981249999999044,6.431181123118705,6.256109698662436,312,0.9,1.0,148549
bursty_high_s64,2.0,q4_a1.5_or,10414,71.46666666666685,79.59999999999968,23.093749999999044,24.762499999999044,6.793853024594357,7.178878075432796,339,0.9,1.0,151096
bursty_high_s64,2.0,q4_a1.5_or,10415,81.86666666666596,89.06666666666473,26.339062499999045,26.667187499999045,6.571702373069405,6.690937693761218,328,1.0,1.0,150153
bursty_high_s64,2.0,q4_a1.5_or,10416,75.9999999999996,70.06666666666533,22.001562499999046,20.932812499999045,6.141028913780737,6.127216365194122,293,1.0,1.0,147456
bursty_high_s64,2.0,q4_a1.5_or,10417,62.59999999999809,75.79999999999984,21.448437499999045,22.234374999999044,6.149019534709986,6.347046158272248,291,1.0,1.0,148737
bursty_high_s64,2.0,q4_a1.5_or,10418,75.39999999999708,75.59999999999849,23.424999999999045,23.090624999999044,6.5596664336664166,6.930825710835673,328,0.9,1.0,150834
bursty_high_s64,2.0,q4_a1.5_or,10419,68.86666666666514,65.86666666666468,20.987499999999045,21.832812499999044,6.2665181471416265,6.44930450227204,320,1.0,1.0,151415
bursty_high_s64,2.0,q4_a1.5_or,10420,71.80000000000004,73.13333333333134,21.739062499999044,23.053124999999046,6.472533810725902,6.425964276637987,305,1.0,1.0,148404
bursty_high_s64,2.0,q4_a1.5_or,10421,81.13333333333179,89.79999999999876,26.429687499999044,24.992187499999044,7.0143917830415266,6.3814508596786785,326,1.0,1.0,147059
bursty_high_s64,2.0,q4_a1.5_or,10422,69.19999999999726,64.93333333333152,23.754687499999044,21.356249999999044,6.432846034746841,6.231083329226609,314,1.0,1.0,147196
bursty_high_s64,2.0,q4_a1.5_or,10423,87.73333333333093,79.86666666666537,24.146874999999046,24.348437499999044,6.334337400707137,6.451291358486792,319,1.0,1.0,148781
bursty_high_s64,2.0,q4_a1.5_or,10424,71.66666666666461,86.13333333333205,23.457812499999044,25.856249999999044,6.600988184209237,6.65350988907805,350,1.0,1.0,149867
bursty_high_s64,2.0,q4_a1.5_or,10425,85.06666666666688,80.06666666666652,25.265624999999044,23.331249999999045,6.538471826569475,6.517151351493735,286,1.0,1.0,151282
bursty_high_s64,2.0,q4_a1.5_or,10426,77.93333333333189,87.19999999999726,23.674999999999045,24.987499999999045,6.644813475155454,6.751767562319804,328,1.0,1.0,149525
bursty_high_s64,2.0,q4_a1.5_or,10427,76.4000000000002,88.39999999999822,24.212499999999046,25.215624999999044,6.3723435642285535,6.164268164347467,322,1.0,1.0,150913
bursty_high_s64,2.0,q4_a1.5_or,10428,72.19999999999777,68.13333333333304,20.953124999999044,20.907812499999046,6.332985255879261,6.376718887621674,301,0.9,1.0,152076
bursty_high_s64,2.0,q4_a1.5_or,10429,80.13333333333088,83.79999999999706,25.154687499999046,25.046874999999044,6.631306565229328,6.7047834634865735,364,1.0,1.0,150956
bursty_high_s64,2.0,q4_a1.5_and,10400,69.5999999999978,70.06666666666553,21.009374999999046,22.896874999999046,6.273016978382556,6.571329597629425,247,1.0,1.0,150453
bursty_high_s64,2.0,q4_a1.5_and,10401,75.19999999999916,72.46666666666405,24.206249999999045,24.812499999999044,6.581544451809451,6.663628796798349,255,1.0,1.0,150039
bursty_high_s64,2.0,q4_a1.5_and,10402,66.19999999999817,71.26666666666387,22.051562499999044,22.632812499999044,6.1799807690558755,6.208970227524791,236,1.0,1.0,148129
bursty_high_s64,2.0,q4_a1.5_and,10403,72.7999999999974,70.99999999999801,21.939062499999046,21.681249999999046,6.236545543073902,6.202153265874754,214,0.9,1.0,149207
bursty_high_s64,2.0,q4_a1.5_and,10404,81.26666666666688,76.86666666666491,24.717187499999046,23.710937499999044,6.521249469229356,6.67206602445318,230,1.0,1.0,150334
bursty_high_s64,2.0,q4_a1.5_and,10405,79.13333333333225,96.46666666666385,23.851562499999044,24.939062499999046,6.743659740042804,6.516221738640873,227,1.0,1.0,148917
bursty_high_s64,2.0,q4_a1.5_and,10406,68.53333333333097,58.266666666665486,22.956249999999045,20.120312499999045,6.272153631308269,6.293370888616037,232,1.0,1.0,148844
bursty_high_s64,2.0,q4_a1.5_and,10407,82.39999999999873,92.06666666666413,25.312499999999044,26.185937499999046,6.586380480899246,6.708137320788756,248,1.0,1.0,149105
bursty_high_s64,2.0,q4_a1.5_and,10408,84.53333333333211,81.2666666666641,25.928124999999046,23.089062499999045,6.602113931286665,6.496410718241276,233,1.0,1.0,148564
bursty_high_s64,2.0,q4_a1.5_and,10409,81.26666666666688,78.73333333333133,25.098437499999044,24.103124999999046,6.726508378143178,6.996831560483132,227,0.9,1.0,150005
bursty_high_s64,2.0,q4_a1.5_and,10410,70.99999999999858,75.6666666666651,22.993749999999046,23.556249999999046,6.251200476524148,6.4745017540815955,277,1.0,1.0,147462
bursty_high_s64,2.0,q4_a1.5_and,10411,79.3333333333307,66.06666666666679,24.020312499999044,20.882812499999044,5.963437253016599,6.471663094547944,221,1.0,1.0,147183
bursty_high_s64,2.0,q4_a1.5_and,10412,76.93333333333268,80.33333333333138,24.232812499999046,22.898437499999044,6.773525771150391,6.649806157584328,224,1.0,1.0,150296
bursty_high_s64,2.0,q4_a1.5_and,10413,77.2666666666639,75.39999999999753,23.162499999999046,22.407812499999046,6.431181123118705,6.34307092518955,221,0.9,1.0,146381
bursty_high_s64,2.0,q4_a1.5_and,10414,71.46666666666685,76.39999999999733,23.093749999999044,23.021874999999046,6.793853024594357,6.86132679607749,240,0.9,1.0,152528
bursty_high_s64,2.0,q4_a1.5_and,10415,81.86666666666596,97.79999999999765,26.339062499999045,28.268749999999045,6.571702373069405,6.657266264191928,264,1.0,1.0,149056
bursty_high_s64,2.0,q4_a1.5_and,10416,75.9999999999996,71.6666666666662,22.001562499999046,20.954687499999046,6.141028913780737,6.091240574758162,236,0.9,1.0,145557
bursty_high_s64,2.0,q4_a1.5_and,10417,62.59999999999809,82.39999999999822,21.448437499999045,24.282812499999046,6.149019534709986,6.5665016434412475,234,1.0,1.0,149403
bursty_high_s64,2.0,q4_a1.5_and,10418,75.39999999999708,82.5999999999969,23.424999999999045,25.185937499999046,6.5596664336664166,7.080601797370045,262,0.9,1.0,150490
bursty_high_s64,2.0,q4_a1.5_and,10419,68.86666666666514,74.53333333333177,20.987499999999045,22.795312499999046,6.2665181471416265,6.483153189957188,242,0.9,1.0,147472
bursty_high_s64,2.0,q4_a1.5_and,10420,71.80000000000004,79.39999999999776,21.739062499999044,22.242187499999044,6.472533810725902,6.5484527157344585,229,1.0,1.0,149488
bursty_high_s64,2.0,q4_a1.5_and,10421,81.13333333333179,72.99999999999835,26.429687499999044,22.685937499999046,7.0143917830415266,6.586680684368616,235,0.9,1.0,149968
bursty_high_s64,2.0,q4_a1.5_and,10422,69.19999999999726,70.53333333333256,23.754687499999044,22.329687499999046,6.432846034746841,6.5895632583945485,242,1.0,1.0,150104
bursty_high_s64,2.0,q4_a1.5_and,10423,87.73333333333093,78.19999999999817,24.146874999999046,22.046874999999044,6.334337400707137,6.404938238590392,219,1.0,1.0,148617
bursty_high_s64,2.0,q4_a1.5_and,10424,71.66666666666461,90.99999999999821,23.457812499999044,24.651562499999045,6.600988184209237,6.629437491948745,222,0.9,1.0,148069
bursty_high_s64,2.0,q4_a1.5_and,10425,85.06666666666688,93.5999999999975,25.265624999999044,26.887499999999044,6.538471826569475,6.305882820886661,263,0.9,1.0,150036
bursty_high_s64,2.0,q4_a1.5_and,10426,77.93333333333189,84.9999999999979,23.674999999999045,26.165624999999046,6.644813475155454,6.791090596869026,265,0.9,1.0,150206
bursty_high_s64,2.0,q4_a1.5_and,10427,76.4000000000002,76.59999999999789,24.212499999999046,24.010937499999045,6.3723435642285535,6.223161280257061,223,0.9,1.0,149630
bursty_high_s64,2.0,q4_a1.5_and,10428,72.19999999999777,70.86666666666537,20.953124999999044,22.815624999999045,6.332985255879261,6.557217367130159,246,0.9,1.0,147453
bursty_high_s64,2.0,q4_a1.5_and,10429,80.13333333333088,76.53333333333117,25.154687499999046,24.414062499999044,6.631306565229328,6.90947134365671,235,1.0,1.0,151040
bursty_high_s64,2.0,q8_a0.8_or,10400,69.5999999999978,81.06666666666553,21.009374999999046,24.074999999999044,6.273016978382556,6.492704618813555,450,1.0,1.0,152971
bursty_high_s64,2.0,q8_a0.8_or,10401,75.19999999999916,79.99999999999812,24.206249999999045,26.962499999999046,6.581544451809451,7.084159148163114,460,1.0,1.0,153631
bursty_high_s64,2.0,q8_a0.8_or,10402,66.19999999999817,64.46666666666482,22.051562499999044,20.403124999999044,6.1799807690558755,6.3952400861395775,424,1.0,1.0,150118
bursty_high_s64,2.0,q8_a0.8_or,10403,72.7999999999974,77.66666666666396,21.939062499999046,22.399999999999046,6.236545543073902,6.415096262998917,437,1.0,1.0,152770
bursty_high_s64,2.0,q8_a0.8_or,10404,81.26666666666688,67.73333333333125,24.717187499999046,22.396874999999046,6.521249469229356,6.738879048511924,443,1.0,1.0,152309
bursty_high_s64,2.0,q8_a0.8_or,10405,79.13333333333225,72.19999999999749,23.851562499999044,25.046874999999044,6.743659740042804,6.710354617497944,461,1.0,1.0,151575
bursty_high_s64,2.0,q8_a0.8_or,10406,68.53333333333097,70.86666666666576,22.956249999999045,22.367187499999044,6.272153631308269,6.345996818279875,415,1.0,1.0,152715
bursty_high_s64,2.0,q8_a0.8_or,10407,82.39999999999873,78.86666666666491,25.312499999999044,25.209374999999046,6.586380480899246,6.766031483717906,459,1.0,1.0,150296
bursty_high_s64,2.0,q8_a0.8_or,10408,84.53333333333211,89.86666666666378,25.928124999999046,23.899999999999046,6.602113931286665,6.606075911870962,434,1.0,1.0,155517
bursty_high_s64,2.0,q8_a0.8_or,10409,81.26666666666688,82.46666666666385,25.098437499999044,23.517187499999046,6.726508378143178,6.841895785918636,427,1.0,1.0,155318
bursty_high_s64,2.0,q8_a0.8_or,10410,70.99999999999858,72.66666666666487,22.993749999999046,22.134374999999046,6.251200476524148,6.463174213232017,433,1.0,1.0,149320
bursty_high_s64,2.0,q8_a0.8_or,10411,79.3333333333307,66.19999999999956,24.020312499999044,22.560937499999046,5.963437253016599,6.2777727199331625,430,1.0,1.0,150144
bursty_high_s64,2.0,q8_a0.8_or,10412,76.93333333333268,89.13333333333156,24.232812499999046,25.845312499999046,6.773525771150391,7.105016470929634,460,1.0,1.0,151621
bursty_high_s64,2.0,q8_a0.8_or,10413,77.2666666666639,74.66666666666373,23.162499999999046,23.690624999999045,6.431181123118705,6.2055153444697035,439,1.0,1.0,151966
bursty_high_s64,2.0,q8_a0.8_or,10414,71.46666666666685,76.39999999999833,23.093749999999044,25.543749999999044,6.793853024594357,6.852456652188492,450,1.0,1.0,153546
bursty_high_s64,2.0,q8_a0.8_or,10415,81.86666666666596,89.06666666666405,26.339062499999045,27.724999999999046,6.571702373069405,7.024927633814807,453,1.0,1.0,154117
bursty_high_s64,2.0,q8_a0.8_or,10416,75.9999999999996,73.59999999999869,22.001562499999046,22.471874999999045,6.141028913780737,6.163569484998175,433,1.0,1.0,152906
bursty_high_s64,2.0,q8_a0.8_or,10417,62.59999999999809,75.79999999999785,21.448437499999045,23.559374999999044,6.149019534709986,6.43111040201003,437,1.0,1.0,152476
bursty_high_s64,2.0,q8_a0.8_or,10418,75.39999999999708,76.99999999999741,23.424999999999045,24.617187499999044,6.5596664336664166,6.876675251307667,432,1.0,1.0,153411
bursty_high_s64,2.0,q8_a0.8_or,10419,68.86666666666514,76.59999999999948,20.987499999999045,23.574999999999044,6.2665181471416265,6.230186522934593,448,1.0,1.0,151946
bursty_high_s64,2.0,q8_a0.8_or,10420,71.80000000000004,83.19999999999794,21.739062499999044,24.295312499999046,6.472533810725902,6.59040941810552,449,1.0,1.0,153368
bursty_high_s64,2.0,q8_a0.8_or,10421,81.13333333333179,78.13333333333134,26.429687499999044,22.214062499999045,7.0143917830415266,6.824995535337742,436,1.0,1.0,151715
bursty_high_s64,2.0,q8_a0.8_or,10422,69.19999999999726,84.26666666666489,23.754687499999044,25.537499999999046,6.432846034746841,6.7600314602515805,443,1.0,1.0,153440
bursty_high_s64,2.0,q8_a0.8_or,10423,87.73333333333093,80.26666666666668,24.146874999999046,25.684374999999044,6.334337400707137,6.3137522433676585,451,1.0,1.0,149508
bursty_high_s64,2.0,q8_a0.8_or,10424,71.66666666666461,77.19999999999757,23.457812499999044,24.776562499999045,6.600988184209237,6.732780787735024,447,1.0,1.0,151391
bursty_high_s64,2.0,q8_a0.8_or,10425,85.06666666666688,75.26666666666523,25.265624999999044,22.592187499999046,6.538471826569475,6.929305308755396,445,1.0,1.0,150893
bursty_high_s64,2.0,q8_a0.8_or,10426,77.93333333333189,78.333333333333,23.674999999999045,23.565624999999045,6.644813475155454,6.796217460444727,452,1.0,1.0,152030
bursty_high_s64,2.0,q8_a0.8_or,10427,76.4000000000002,83.7999999999983,24.212499999999046,23.490624999999046,6.3723435642285535,6.659316574775135,429,1.0,1.0,152165
bursty_high_s64,2.0,q8_a0.8_or,10428,72.19999999999777,79.13333333333088,20.953124999999044,24.787499999999046,6.332985255879261,6.829760184707243,450,1.0,1.0,153582
bursty_high_s64,2.0,q8_a0.8_or,10429,80.13333333333088,60.733333333330336,25.154687499999046,21.165624999999046,6.631306565229328,7.2500918732715105,403,1.0,1.0,154232
bursty_high_s64,2.0,q8_a0.8_and,10400,69.5999999999978,69.93333333333109,21.009374999999046,21.404687499999046,6.273016978382556,6.412425437371704,150,0.8,1.0,146678
bursty_high_s64,2.0,q8_a0.8_and,10401,75.19999999999916,77.06666666666572,24.206249999999045,25.429687499999044,6.581544451809451,6.787917286954088,165,0.9,1.0,148259
bursty_high_s64,2.0,q8_a0.8_and,10402,66.19999999999817,71.59999999999758,22.051562499999044,21.896874999999046,6.1799807690558755,6.092324963527355,103,0.8,1.0,144957
bursty_high_s64,2.0,q8_a0.8_and,10403,72.7999999999974,80.7333333333317,21.939062499999046,23.599999999999046,6.236545543073902,6.274013826135372,161,0.9,1.0,147439
bursty_high_s64,2.0,q8_a0.8_and,10404,81.26666666666688,79.93333333333106,24.717187499999046,26.432812499999045,6.521249469229356,6.625513393827999,178,0.9,1.0,148403
bursty_high_s64,2.0,q8_a0.8_and,10405,79.13333333333225,91.66666666666688,23.851562499999044,25.854687499999045,6.743659740042804,6.5286245091205,161,0.9,1.0,148576
bursty_high_s64,2.0,q8_a0.8_and,10406,68.53333333333097,73.80000000000014,22.956249999999045,22.843749999999044,6.272153631308269,6.2098425716476555,138,0.7,1.0,147682
bursty_high_s64,2.0,q8_a0.8_and,10407,82.39999999999873,78.79999999999853,25.312499999999044,24.949999999999044,6.586380480899246,6.496680375337346,187,0.9,1.0,146600
bursty_high_s64,2.0,q8_a0.8_and,10408,84.53333333333211,73.13333333333165,25.928124999999046,22.662499999999046,6.602113931286665,6.482962005920693,124,0.9,1.0,147345
bursty_high_s64,2.0,q8_a0.8_and,10409,81.26666666666688,106.46666666666485,25.098437499999044,27.943749999999046,6.726508378143178,6.9718125435447345,147,0.8,1.0,149707
bursty_high_s64,2.0,q8_a0.8_and,10410,70.99999999999858,65.39999999999867,22.993749999999046,21.764062499999046,6.251200476524148,6.408876991484997,138,0.9,1.0,144210
bursty_high_s64,2.0,q8_a0.8_and,10411,79.3333333333307,73.9999999999988,24.020312499999044,22.521874999999046,5.963437253016599,6.303471818503668,127,0.8,1.0,144667
bursty_high_s64,2.0,q8_a0.8_and,10412,76.93333333333268,82.53333333333353,24.232812499999046,23.942187499999044,6.773525771150391,6.8468859745198385,149,0.9,1.0,147698
bursty_high_s64,2.0,q8_a0.8_and,10413,77.2666666666639,68.73333333333073,23.162499999999046,22.181249999999046,6.431181123118705,6.22260863745768,127,0.9,1.0,145367
bursty_high_s64,2.0,q8_a0.8_and,10414,71.46666666666685,77.93333333333149,23.093749999999044,24.526562499999045,6.793853024594357,6.649969520701663,135,0.9,1.0,149521
bursty_high_s64,2.0,q8_a0.8_and,10415,81.86666666666596,84.86666666666457,26.339062499999045,24.328124999999044,6.571702373069405,6.430347562765554,132,0.9,1.0,148262
bursty_high_s64,2.0,q8_a0.8_and,10416,75.9999999999996,71.26666666666509,22.001562499999046,22.259374999999046,6.141028913780737,6.284172368099808,154,0.8,1.0,145515
bursty_high_s64,2.0,q8_a0.8_and,10417,62.59999999999809,79.19999999999794,21.448437499999045,22.637499999999044,6.149019534709986,6.213648331283824,113,0.8,1.0,148863
bursty_high_s64,2.0,q8_a0.8_and,10418,75.39999999999708,78.53333333333157,23.424999999999045,24.012499999999044,6.5596664336664166,6.673870020711024,145,0.8,1.0,149444
bursty_high_s64,2.0,q8_a0.8_and,10419,68.86666666666514,70.19999999999794,20.987499999999045,22.210937499999044,6.2665181471416265,6.265371714673333,133,0.9,1.0,145079
bursty_high_s64,2.0,q8_a0.8_and,10420,71.80000000000004,82.79999999999762,21.739062499999044,23.815624999999045,6.472533810725902,6.322892860801692,143,0.9,1.0,146912
bursty_high_s64,2.0,q8_a0.8_and,10421,81.13333333333179,85.86666666666417,26.429687499999044,24.949999999999044,7.0143917830415266,6.512843057285548,130,0.9,1.0,147104
bursty_high_s64,2.0,q8_a0.8_and,10422,69.19999999999726,65.06666666666652,23.754687499999044,21.974999999999046,6.432846034746841,6.518977380356981,143,0.9,1.0,148074
bursty_high_s64,2.0,q8_a0.8_and,10423,87.73333333333093,84.7999999999974,24.146874999999046,24.440624999999045,6.334337400707137,6.563983615343386,122,0.7,1.0,145951
bursty_high_s64,2.0,q8_a0.8_and,10424,71.66666666666461,74.53333333333165,23.457812499999044,23.412499999999046,6.600988184209237,6.616144989494638,144,0.9,1.0,145047
bursty_high_s64,2.0,q8_a0.8_and,10425,85.06666666666688,82.86666666666537,25.265624999999044,25.545312499999046,6.538471826569475,6.43193794049935,148,0.9,1.0,148712
bursty_high_s64,2.0,q8_a0.8_and,10426,77.93333333333189,76.53333333333117,23.674999999999045,22.956249999999045,6.644813475155454,6.66340170817397,125,0.9,1.0,146565
bursty_high_s64,2.0,q8_a0.8_and,10427,76.4000000000002,72.53333333333038,24.212499999999046,23.915624999999046,6.3723435642285535,6.33996454774535,140,0.9,1.0,148846
bursty_high_s64,2.0,q8_a0.8_and,10428,72.19999999999777,71.5999999999971,20.953124999999044,23.489062499999044,6.332985255879261,6.573427678336218,179,0.9,1.0,149066
bursty_high_s64,2.0,q8_a0.8_and,10429,80.13333333333088,69.99999999999721,25.154687499999046,23.348437499999044,6.631306565229328,6.738299142358298,158,0.8,1.0,147569
bursty_high_s64,2.0,q8_a1.5_or,10400,69.5999999999978,68.19999999999737,21.009374999999046,23.082812499999044,6.273016978382556,6.301472782616806,311,1.0,1.0,147928
bursty_high_s64,2.0,q8_a1.5_or,10401,75.19999999999916,71.53333333333197,24.206249999999045,23.103124999999046,6.581544451809451,6.687611273348219,287,1.0,1.0,149563
bursty_high_s64,2.0,q8_a1.5_or,10402,66.19999999999817,73.7999999999983,22.051562499999044,22.276562499999045,6.1799807690558755,6.245374343064799,296,1.0,1.0,148879
bursty_high_s64,2.0,q8_a1.5_or,10403,72.7999999999974,73.66666666666396,21.939062499999046,21.317187499999044,6.236545543073902,6.385669628951169,235,1.0,1.0,150487
bursty_high_s64,2.0,q8_a1.5_or,10404,81.26666666666688,72.13333333333088,24.717187499999046,23.276562499999045,6.521249469229356,6.408130735976381,288,1.0,1.0,150488
bursty_high_s64,2.0,q8_a1.5_or,10405,79.13333333333225,87.33333333333161,23.851562499999044,25.937499999999044,6.743659740042804,6.5014783364178665,290,1.0,1.0,149613
bursty_high_s64,2.0,q8_a1.5_or,10406,68.53333333333097,65.13333333333165,22.956249999999045,20.804687499999044,6.272153631308269,6.278844208619001,299,1.0,1.0,148608
bursty_high_s64,2.0,q8_a1.5_or,10407,82.39999999999873,79.13333333333145,25.312499999999044,24.410937499999044,6.586380480899246,6.56163441691869,301,1.0,1.0,148628
bursty_high_s64,2.0,q8_a1.5_or,10408,84.53333333333211,106.46666666666684,25.928124999999046,27.120312499999045,6.602113931286665,6.545659405526701,298,1.0,1.0,150238
bursty_high_s64,2.0,q8_a1.5_or,10409,81.26666666666688,85.53333333333188,25.098437499999044,28.004687499999044,6.726508378143178,6.778377488108717,303,0.9,1.0,150598
bursty_high_s64,2.0,q8_a1.5_or,10410,70.99999999999858,74.99999999999744,22.993749999999046,22.457812499999044,6.251200476524148,6.600146773509273,310,1.0,1.0,147977
bursty_high_s64,2.0,q8_a1.5_or,10411,79.3333333333307,70.73333333333332,24.020312499999044,21.251562499999046,5.963437253016599,6.363042070705721,260,1.0,1.0,147445
bursty_high_s64,2.0,q8_a1.5_or,10412,76.93333333333268,69.19999999999717,24.232812499999046,22.903124999999044,6.773525771150391,6.666614236155003,276,1.0,1.0,147281
bursty_high_s64,2.0,q8_a1.5_or,10413,77.2666666666639,69.53333333333075,23.162499999999046,22.645312499999044,6.431181123118705,6.684634299650556,303,0.9,1.0,147359
bursty_high_s64,2.0,q8_a1.5_or,10414,71.46666666666685,75.46666666666485,23.093749999999044,23.348437499999044,6.793853024594357,6.756018850417469,297,0.9,1.0,151142
bursty_high_s64,2.0,q8_a1.5_or,10415,81.86666666666596,74.79999999999765,26.339062499999045,24.542187499999045,6.571702373069405,6.618353627809351,284,1.0,1.0,150094
bursty_high_s64,2.0,q8_a1.5_or,10416,75.9999999999996,71.40000000000019,22.001562499999046,21.453124999999044,6.141028913780737,6.064237968738503,269,1.0,1.0,146213
bursty_high_s64,2.0,q8_a1.5_or,10417,62.59999999999809,82.39999999999893,21.448437499999045,24.945312499999044,6.149019534709986,6.263999706227724,300,1.0,1.0,151456
bursty_high_s64,2.0,q8_a1.5_or,10418,75.39999999999708,88.79999999999706,23.424999999999045,26.964062499999045,6.5596664336664166,6.818985260270642,311,0.9,1.0,150352
bursty_high_s64,2.0,q8_a1.5_or,10419,68.86666666666514,73.60000000000022,20.987499999999045,23.531249999999044,6.2665181471416265,6.393467999405974,296,1.0,1.0,149989
bursty_high_s64,2.0,q8_a1.5_or,10420,71.80000000000004,79.66666666666501,21.739062499999044,22.760937499999045,6.472533810725902,6.699775734420823,287,1.0,1.0,149859
bursty_high_s64,2.0,q8_a1.5_or,10421,81.13333333333179,86.93333333333129,26.429687499999044,25.299999999999045,7.0143917830415266,6.707795458972346,316,1.0,1.0,149755
bursty_high_s64,2.0,q8_a1.5_or,10422,69.19999999999726,81.86666666666378,23.754687499999044,24.768749999999045,6.432846034746841,6.56489765391059,291,1.0,1.0,150362
bursty_high_s64,2.0,q8_a1.5_or,10423,87.73333333333093,75.33333333333115,24.146874999999046,23.492187499999044,6.334337400707137,6.346086189137159,278,1.0,1.0,148625
bursty_high_s64,2.0,q8_a1.5_or,10424,71.66666666666461,90.19999999999797,23.457812499999044,26.251562499999046,6.600988184209237,6.67407531774095,301,1.0,1.0,147128
bursty_high_s64,2.0,q8_a1.5_or,10425,85.06666666666688,83.06666666666413,25.265624999999044,24.698437499999045,6.538471826569475,6.624337923787965,315,0.9,1.0,149886
bursty_high_s64,2.0,q8_a1.5_or,10426,77.93333333333189,80.9999999999979,23.674999999999045,24.857812499999046,6.644813475155454,6.837168649544701,297,1.0,1.0,149096
bursty_high_s64,2.0,q8_a1.5_or,10427,76.4000000000002,74.06666666666405,24.212499999999046,22.699999999999044,6.3723435642285535,6.632959875824987,289,1.0,1.0,150585
bursty_high_s64,2.0,q8_a1.5_or,10428,72.19999999999777,79.40000000000012,20.953124999999044,23.457812499999044,6.332985255879261,6.514448116427872,285,0.9,1.0,150340
bursty_high_s64,2.0,q8_a1.5_or,10429,80.13333333333088,77.13333333333324,25.154687499999046,24.335937499999044,6.631306565229328,6.774453255698615,314,1.0,1.0,150249
bursty_high_s64,2.0,q8_a1.5_and,10400,69.5999999999978,69.93333333333109,21.009374999999046,21.404687499999046,6.273016978382556,6.412425437371704,150,0.8,1.0,146678
bursty_high_s64,2.0,q8_a1.5_and,10401,75.19999999999916,77.06666666666572,24.206249999999045,25.429687499999044,6.581544451809451,6.787917286954088,165,0.9,1.0,148259
bursty_high_s64,2.0,q8_a1.5_and,10402,66.19999999999817,71.59999999999758,22.051562499999044,21.896874999999046,6.1799807690558755,6.092324963527355,103,0.8,1.0,144957
bursty_high_s64,2.0,q8_a1.5_and,10403,72.7999999999974,80.7333333333317,21.939062499999046,23.599999999999046,6.236545543073902,6.274013826135372,161,0.9,1.0,147439
bursty_high_s64,2.0,q8_a1.5_and,10404,81.26666666666688,82.13333333333125,24.717187499999046,25.970312499999046,6.521249469229356,6.448353594836902,156,0.9,1.0,149328
bursty_high_s64,2.0,q8_a1.5_and,10405,79.13333333333225,91.66666666666688,23.851562499999044,25.854687499999045,6.743659740042804,6.5286245091205,161,0.9,1.0,148576
bursty_high_s64,2.0,q8_a1.5_and,10406,68.53333333333097,73.80000000000014,22.956249999999045,22.843749999999044,6.272153631308269,6.2098425716476555,138,0.7,1.0,147682
bursty_high_s64,2.0,q8_a1.5_and,10407,82.39999999999873,78.79999999999853,25.312499999999044,24.949999999999044,6.586380480899246,6.496680375337346,187,0.9,1.0,146600
bursty_high_s64,2.0,q8_a1.5_and,10408,84.53333333333211,65.59999999999889,25.928124999999046,21.953124999999044,6.602113931286665,6.4940193896867395,115,0.9,1.0,146845
bursty_high_s64,2.0,q8_a1.5_and,10409,81.26666666666688,106.46666666666485,25.098437499999044,27.943749999999046,6.726508378143178,6.9718125435447345,147,0.8,1.0,149707
bursty_high_s64,2.0,q8_a1.5_and,10410,70.99999999999858,65.39999999999867,22.993749999999046,21.764062499999046,6.251200476524148,6.408876991484997,138,0.9,1.0,144210
bursty_high_s64,2.0,q8_a1.5_and,10411,79.3333333333307,73.9999999999988,24.020312499999044,22.521874999999046,5.963437253016599,6.303471818503668,127,0.8,1.0,144667
bursty_high_s64,2.0,q8_a1.5_and,10412,76.93333333333268,82.53333333333353,24.232812499999046,23.973437499999044,6.773525771150391,6.8464384611545,148,0.9,1.0,147834
bursty_high_s64,2.0,q8_a1.5_and,10413,77.2666666666639,68.73333333333073,23.162499999999046,22.181249999999046,6.431181123118705,6.22260863745768,127,0.9,1.0,145367
bursty_high_s64,2.0,q8_a1.5_and,10414,71.46666666666685,77.93333333333149,23.093749999999044,24.526562499999045,6.793853024594357,6.649969520701663,135,0.9,1.0,149521
bursty_high_s64,2.0,q8_a1.5_and,10415,81.86666666666596,84.86666666666457,26.339062499999045,24.328124999999044,6.571702373069405,6.430347562765554,132,0.9,1.0,148262
bursty_high_s64,2.0,q8_a1.5_and,10416,75.9999999999996,71.26666666666509,22.001562499999046,22.259374999999046,6.141028913780737,6.284172368099808,154,0.8,1.0,145515
bursty_high_s64,2.0,q8_a1.5_and,10417,62.59999999999809,79.19999999999794,21.448437499999045,22.637499999999044,6.149019534709986,6.213648331283824,113,0.8,1.0,148863
bursty_high_s64,2.0,q8_a1.5_and,10418,75.39999999999708,78.53333333333157,23.424999999999045,24.012499999999044,6.5596664336664166,6.673870020711024,145,0.8,1.0,149444
bursty_high_s64,2.0,q8_a1.5_and,10419,68.86666666666514,70.19999999999794,20.987499999999045,22.210937499999044,6.2665181471416265,6.265371714673333,133,0.9,1.0,145079
bursty_high_s64,2.0,q8_a1.5_and,10420,71.80000000000004,82.79999999999762,21.739062499999044,23.815624999999045,6.472533810725902,6.322892860801692,143,0.9,1.0,146912
bursty_high_s64,2.0,q8_a1.5_and,10421,81.13333333333179,85.86666666666417,26.429687499999044,24.949999999999044,7.0143917830415266,6.512843057285548,130,0.9,1.0,147104
bursty_high_s64,2.0,q8_a1.5_and,10422,69.19999999999726,65.06666666666652,23.754687499999044,21.974999999999046,6.432846034746841,6.518977380356981,143,0.9,1.0,148074
bursty_high_s64,2.0,q8_a1.5_and,10423,87.73333333333093,84.7999999999974,24.146874999999046,24.440624999999045,6.334337400707137,6.563983615343386,122,0.7,1.0,145951
bursty_high_s64,2.0,q8_a1.5_and,10424,71.66666666666461,74.53333333333165,23.457812499999044,23.412499999999046,6.600988184209237,6.616144989494638,144,0.9,1.0,145047
bursty_high_s64,2.0,q8_a1.5_and,10425,85.06666666666688,105.9333333333307,25.265624999999044,29.323437499999045,6.538471826569475,6.365561270653111,157,0.9,1.0,147801
bursty_high_s64,2.0,q8_a1.5_and,10426,77.93333333333189,76.53333333333117,23.674999999999045,22.956249999999045,6.644813475155454,6.66340170817397,125,0.9,1.0,146565
bursty_high_s64,2.0,q8_a1.5_and,10427,76.4000000000002,84.13333333333156,24.212499999999046,24.535937499999044,6.3723435642285535,6.290655071801504,152,0.9,1.0,148558
bursty_high_s64,2.0,q8_a1.5_and,10428,72.19999999999777,71.5999999999971,20.953124999999044,23.489062499999044,6.332985255879261,6.573427678336218,179,0.9,1.0,149066
bursty_high_s64,2.0,q8_a1.5_and,10429,80.13333333333088,69.99999999999721,25.154687499999046,23.348437499999044,6.631306565229328,6.738299142358298,158,0.8,1.0,147569
