workload,penalty,config,seed,baseline_p95_wait,burst_aware_p95_wait,baseline_avg_wait,burst_aware_avg_wait,baseline_avg_slowdown,burst_aware_avg_slowdown,detector_fires,recall,precision,sched_cores_scanned
stacked_low,0.0,q2_a0.8_or,110000,4.400000000000318,4.599999999999994,1.567000000000167,1.4040000000000419,1.496641926341541,1.3172960440527037,50,1.0,1.0,204172
stacked_low,0.0,q2_a0.8_or,110001,4.80000000000291,5.199999999999818,1.4790000000001087,1.4499999999999817,1.4459616132284137,1.2812546815237642,50,1.0,1.0,204585
stacked_low,0.0,q2_a0.8_or,110002,4.9999999999990905,5.199999999999989,1.4389999999999157,1.525000000000018,1.416115562136119,1.304738656682644,50,1.0,1.0,203146
stacked_low,0.0,q2_a0.8_or,110003,3.9999999999995453,4.199999999999704,1.5540000000002032,1.4510000000001693,1.4966188499892659,1.3123756100624222,50,1.0,1.0,202949
stacked_low,0.0,q2_a0.8_or,110004,4.199999999998909,5.0000000000027285,1.492000000000193,1.5400000000002145,1.434596969397515,1.303319995798535,50,1.0,1.0,205349
stacked_low,0.0,q2_a0.8_or,110005,3.9999999999997726,4.399999999997817,1.4400000000001518,1.4390000000001106,1.4652646244473297,1.323193241836825,50,1.0,1.0,203794
stacked_low,0.0,q2_a0.8_or,110006,4.999999999999545,4.9999999999990905,1.457000000000094,1.4880000000000222,1.5000467525719343,1.3744997636559688,50,1.0,1.0,202974
stacked_low,0.0,q2_a0.8_or,110007,5.0,5.0,1.5240000000000322,1.5570000000001318,1.4506059328140126,1.344904777879715,50,1.0,1.0,203364
stacked_low,0.0,q2_a0.8_or,110008,4.999999999999886,4.59999999999809,1.4850000000003865,1.5110000000001147,1.5027396427902004,1.3377516157324425,50,1.0,1.0,203462
stacked_low,0.0,q2_a0.8_or,110009,4.2000000000000455,4.800000000001546,1.431999999999864,1.48999999999987,1.4890626792792283,1.328458674066236,50,1.0,1.0,202407
stacked_low,0.0,q2_a0.8_or,110010,3.600000000000364,5.0,1.3920000000000534,1.5440000000001615,1.421165095210398,1.329212787653218,50,1.0,1.0,204110
stacked_low,0.0,q2_a0.8_or,110011,4.800000000002001,5.000000000001364,1.551000000000348,1.5110000000002628,1.5587579235412972,1.3779228213760473,50,1.0,1.0,205125
stacked_low,0.0,q2_a0.8_or,110012,5.000000000001819,4.199999999999363,1.6159999999999055,1.4580000000000188,1.49783156344136,1.3499886789815365,50,1.0,1.0,204307
stacked_low,0.0,q2_a0.8_or,110013,4.999999999999659,5.000000000001364,1.4810000000002785,1.5170000000001067,1.4441769142748253,1.3483594256169766,50,1.0,1.0,203201
stacked_low,0.0,q2_a0.8_or,110014,4.5999999999989996,4.999999999999545,1.4560000000002054,1.507000000000072,1.4650048345575568,1.3410645099713574,49,0.98,1.0,203803
stacked_low,0.0,q2_a0.8_or,110015,4.199999999997999,3.600000000000364,1.4270000000000453,1.5350000000000228,1.4291304899851243,1.330727094136023,50,1.0,1.0,203009
stacked_low,0.0,q2_a0.8_or,110016,4.200000000006639,4.60000000000008,1.350000000000097,1.3710000000000706,1.4232283135514174,1.3188447322482182,50,1.0,1.0,204628
stacked_low,0.0,q2_a0.8_or,110017,4.999999999998863,4.5999999999989996,1.4119999999999036,1.440000000000032,1.444035301194449,1.3186409210853653,50,1.0,1.0,203061
stacked_low,0.0,q2_a0.8_or,110018,4.800000000002001,4.2000000000000455,1.4900000000002158,1.4400000000001496,1.4991834170815972,1.3674411851235222,50,1.0,1.0,202841
stacked_low,0.0,q2_a0.8_or,110019,3.9999999999972715,5.0,1.4650000000003778,1.471000000000278,1.496335215355722,1.2965923771419676,50,1.0,1.0,202462
stacked_low,0.0,q2_a0.8_or,110020,3.999999999999943,4.999999999998408,1.4020000000001844,1.5940000000000234,1.4884122030977236,1.3656139137562229,50,1.0,1.0,203481
stacked_low,0.0,q2_a0.8_or,110021,4.999999999999545,5.000000000001364,1.5650000000000452,1.5660000000000383,1.4921494512554137,1.3356638454192822,50,1.0,1.0,203238
stacked_low,0.0,q2_a0.8_or,110022,3.799999999999997,4.599999999999682,1.5670000000001736,1.4800000000000972,1.5399996721860731,1.390478711762884,50,1.0,1.0,202619
stacked_low,0.0,q2_a0.8_or,110023,3.8000000000000114,5.000000000005457,1.4390000000001368,1.5700000000002625,1.4914645663096957,1.325866855906134,50,1.0,1.0,202647
stacked_low,0.0,q2_a0.8_or,110024,3.9999999999972715,4.199999999999363,1.5210000000001171,1.455999999999943,1.525613638079051,1.3521952453119561,50,1.0,1.0,202439
stacked_low,0.0,q2_a0.8_or,110025,3.7999999999999545,4.999999999999545,1.3860000000002433,1.4410000000001333,1.473678284475148,1.3496186358097686,50,1.0,1.0,204073
stacked_low,0.0,q2_a0.8_or,110026,3.7999999999992724,5.2000000000000455,1.437000000000138,1.5600000000001955,1.4260148181570207,1.3176149637893833,50,1.0,1.0,204175
stacked_low,0.0,q2_a0.8_or,110027,4.999999999998181,4.600000000003092,1.5069999999999562,1.4629999999999919,1.5100723901690127,1.3306223658166056,50,1.0,1.0,204220
stacked_low,0.0,q2_a0.8_or,110028,5.0,4.199999999997999,1.5330000000000623,1.4280000000000301,1.4915512154933765,1.347332864948214,50,1.0,1.0,202838
stacked_low,0.0,q2_a0.8_or,110029,5.199999999999818,4.999999999999773,1.581000000000326,1.4620000000003655,1.4429310020780646,1.2852895548721543,50,1.0,1.0,203383
stacked_low,0.0,q2_a0.8_and,110000,4.400000000000318,4.400000000000318,1.567000000000167,1.567000000000167,1.496641926341541,1.496641926341541,0,0.0,,195851
stacked_low,0.0,q2_a0.8_and,110001,4.80000000000291,4.80000000000291,1.4790000000001087,1.4790000000001087,1.4459616132284137,1.4459616132284137,0,0.0,,196788
stacked_low,0.0,q2_a0.8_and,110002,4.9999999999990905,4.9999999999990905,1.4389999999999157,1.4389999999999157,1.416115562136119,1.416115562136119,0,0.0,,195834
stacked_low,0.0,q2_a0.8_and,110003,3.9999999999995453,3.9999999999995453,1.5540000000002032,1.5540000000002032,1.4966188499892659,1.4966188499892659,0,0.0,,196920
stacked_low,0.0,q2_a0.8_and,110004,4.199999999998909,4.199999999998909,1.492000000000193,1.492000000000193,1.434596969397515,1.434596969397515,0,0.0,,196203
stacked_low,0.0,q2_a0.8_and,110005,3.9999999999997726,3.9999999999997726,1.4400000000001518,1.4400000000001518,1.4652646244473297,1.4652646244473297,0,0.0,,196118
stacked_low,0.0,q2_a0.8_and,110006,4.999999999999545,4.999999999999545,1.457000000000094,1.457000000000094,1.5000467525719343,1.5000467525719343,0,0.0,,195905
stacked_low,0.0,q2_a0.8_and,110007,5.0,5.0,1.5240000000000322,1.5240000000000322,1.4506059328140126,1.4506059328140126,0,0.0,,196761
stacked_low,0.0,q2_a0.8_and,110008,4.999999999999886,4.999999999999886,1.4850000000003865,1.4850000000003865,1.5027396427902004,1.5027396427902004,0,0.0,,196516
stacked_low,0.0,q2_a0.8_and,110009,4.2000000000000455,4.2000000000000455,1.431999999999864,1.431999999999864,1.4890626792792283,1.4890626792792283,0,0.0,,196224
stacked_low,0.0,q2_a0.8_and,110010,3.600000000000364,3.600000000000364,1.3920000000000534,1.3920000000000534,1.421165095210398,1.421165095210398,0,0.0,,196389
stacked_low,0.0,q2_a0.8_and,110011,4.800000000002001,4.800000000002001,1.551000000000348,1.551000000000348,1.5587579235412972,1.5587579235412972,0,0.0,,197668
stacked_low,0.0,q2_a0.8_and,110012,5.000000000001819,5.000000000001819,1.6159999999999055,1.6159999999999055,1.49783156344136,1.49783156344136,0,0.0,,196208
stacked_low,0.0,q2_a0.8_and,110013,4.999999999999659,4.999999999999659,1.4810000000002785,1.4810000000002785,1.4441769142748253,1.4441769142748253,0,0.0,,196256
stacked_low,0.0,q2_a0.8_and,110014,4.5999999999989996,4.5999999999989996,1.4560000000002054,1.4560000000002054,1.4650048345575568,1.4650048345575568,0,0.0,,196147
stacked_low,0.0,q2_a0.8_and,110015,4.199999999997999,4.199999999997999,1.4270000000000453,1.4270000000000453,1.4291304899851243,1.4291304899851243,0,0.0,,194271
stacked_low,0.0,q2_a0.8_and,110016,4.200000000006639,4.200000000006639,1.350000000000097,1.350000000000097,1.4232283135514174,1.4232283135514174,0,0.0,,196867
stacked_low,0.0,q2_a0.8_and,110017,4.999999999998863,4.999999999998863,1.4119999999999036,1.4119999999999036,1.444035301194449,1.444035301194449,0,0.0,,192756
stacked_low,0.0,q2_a0.8_and,110018,4.800000000002001,4.800000000002001,1.4900000000002158,1.4900000000002158,1.4991834170815972,1.4991834170815972,0,0.0,,194443
stacked_low,0.0,q2_a0.8_and,110019,3.9999999999972715,3.9999999999972715,1.4650000000003778,1.4650000000003778,1.496335215355722,1.496335215355722,0,0.0,,195245
stacked_low,0.0,q2_a0.8_and,110020,3.999999999999943,3.999999999999943,1.4020000000001844,1.4020000000001844,1.4884122030977236,1.4884122030977236,0,0.0,,196564
stacked_low,0.0,q2_a0.8_and,110021,4.999999999999545,4.999999999999545,1.5650000000000452,1.5650000000000452,1.4921494512554137,1.4921494512554137,0,0.0,,195096
stacked_low,0.0,q2_a0.8_and,110022,3.799999999999997,3.799999999999997,1.5670000000001736,1.5670000000001736,1.5399996721860731,1.5399996721860731,0,0.0,,194930
stacked_low,0.0,q2_a0.8_and,110023,3.8000000000000114,3.8000000000000114,1.4390000000001368,1.4390000000001368,1.4914645663096957,1.4914645663096957,0,0.0,,194364
stacked_low,0.0,q2_a0.8_and,110024,3.9999999999972715,3.9999999999972715,1.5210000000001171,1.5210000000001171,1.525613638079051,1.525613638079051,0,0.0,,195382
stacked_low,0.0,q2_a0.8_and,110025,3.7999999999999545,3.7999999999999545,1.3860000000002433,1.3860000000002433,1.473678284475148,1.473678284475148,0,0.0,,196143
stacked_low,0.0,q2_a0.8_and,110026,3.7999999999992724,3.7999999999992724,1.437000000000138,1.437000000000138,1.4260148181570207,1.4260148181570207,0,0.0,,195655
stacked_low,0.0,q2_a0.8_and,110027,4.999999999998181,4.999999999998181,1.5069999999999562,1.5069999999999562,1.5100723901690127,1.5100723901690127,0,0.0,,195972
stacked_low,0.0,q2_a0.8_and,110028,5.0,5.0,1.5330000000000623,1.5330000000000623,1.4915512154933765,1.4915512154933765,0,0.0,,198501
stacked_low,0.0,q2_a0.8_and,110029,5.199999999999818,5.199999999999818,1.581000000000326,1.581000000000326,1.4429310020780646,1.4429310020780646,0,0.0,,196484
stacked_low,0.0,q2_a1.5_or,110000,4.400000000000318,4.599999999999994,1.567000000000167,1.4040000000000419,1.496641926341541,1.3172960440527037,50,1.0,1.0,204172
stacked_low,0.0,q2_a1.5_or,110001,4.80000000000291,5.199999999999818,1.4790000000001087,1.4499999999999817,1.4459616132284137,1.2812546815237642,50,1.0,1.0,204585
stacked_low,0.0,q2_a1.5_or,110002,4.9999999999990905,5.199999999999989,1.4389999999999157,1.525000000000018,1.416115562136119,1.304738656682644,50,1.0,1.0,203146
stacked_low,0.0,q2_a1.5_or,110003,3.9999999999995453,4.199999999999704,1.5540000000002032,1.4510000000001693,1.4966188499892659,1.3123756100624222,50,1.0,1.0,202949
stacked_low,0.0,q2_a1.5_or,110004,4.199999999998909,5.0000000000027285,1.492000000000193,1.5400000000002145,1.434596969397515,1.303319995798535,50,1.0,1.0,205349
stacked_low,0.0,q2_a1.5_or,110005,3.9999999999997726,4.399999999997817,1.4400000000001518,1.4390000000001106,1.4652646244473297,1.323193241836825,50,1.0,1.0,203794
stacked_low,0.0,q2_a1.5_or,110006,4.999999999999545,4.9999999999990905,1.457000000000094,1.4880000000000222,1.5000467525719343,1.3744997636559688,50,1.0,1.0,202974
stacked_low,0.0,q2_a1.5_or,110007,5.0,5.0,1.5240000000000322,1.5570000000001318,1.4506059328140126,1.344904777879715,50,1.0,1.0,203364
stacked_low,0.0,q2_a1.5_or,110008,4.999999999999886,4.59999999999809,1.4850000000003865,1.5110000000001147,1.5027396427902004,1.3377516157324425,50,1.0,1.0,203462
stacked_low,0.0,q2_a1.5_or,110009,4.2000000000000455,4.800000000001546,1.431999999999864,1.48999999999987,1.4890626792792283,1.328458674066236,50,1.0,1.0,202407
stacked_low,0.0,q2_a1.5_or,110010,3.600000000000364,5.0,1.3920000000000534,1.5440000000001615,1.421165095210398,1.329212787653218,50,1.0,1.0,204110
stacked_low,0.0,q2_a1.5_or,110011,4.800000000002001,5.000000000001364,1.551000000000348,1.5110000000002628,1.5587579235412972,1.3779228213760473,50,1.0,1.0,205125
stacked_low,0.0,q2_a1.5_or,110012,5.000000000001819,4.199999999999363,1.6159999999999055,1.4580000000000188,1.49783156344136,1.3499886789815365,50,1.0,1.0,204307
stacked_low,0.0,q2_a1.5_or,110013,4.999999999999659,5.000000000001364,1.4810000000002785,1.5170000000001067,1.4441769142748253,1.3483594256169766,50,1.0,1.0,203201
stacked_low,0.0,q2_a1.5_or,110014,4.5999999999989996,4.999999999999545,1.4560000000002054,1.507000000000072,1.4650048345575568,1.3410645099713574,49,0.98,1.0,203803
stacked_low,0.0,q2_a1.5_or,110015,4.199999999997999,3.600000000000364,1.4270000000000453,1.5350000000000228,1.4291304899851243,1.330727094136023,50,1.0,1.0,203009
stacked_low,0.0,q2_a1.5_or,110016,4.200000000006639,4.60000000000008,1.350000000000097,1.3710000000000706,1.4232283135514174,1.3188447322482182,50,1.0,1.0,204628
stacked_low,0.0,q2_a1.5_or,110017,4.999999999998863,4.5999999999989996,1.4119999999999036,1.440000000000032,1.444035301194449,1.3186409210853653,50,1.0,1.0,203061
stacked_low,0.0,q2_a1.5_or,110018,4.800000000002001,4.2000000000000455,1.4900000000002158,1.4400000000001496,1.4991834170815972,1.3674411851235222,50,1.0,1.0,202841
stacked_low,0.0,q2_a1.5_or,110019,3.9999999999972715,5.0,1.4650000000003778,1.471000000000278,1.496335215355722,1.2965923771419676,50,1.0,1.0,202462
stacked_low,0.0,q2_a1.5_or,110020,3.999999999999943,4.999999999998408,1.4020000000001844,1.5940000000000234,1.4884122030977236,1.3656139137562229,50,1.0,1.0,203481
stacked_low,0.0,q2_a1.5_or,110021,4.999999999999545,5.000000000001364,1.5650000000000452,1.5660000000000383,1.4921494512554137,1.3356638454192822,50,1.0,1.0,203238
stacked_low,0.0,q2_a1.5_or,110022,3.799999999999997,4.599999999999682,1.5670000000001736,1.4800000000000972,1.5399996721860731,1.390478711762884,50,1.0,1.0,202619
stacked_low,0.0,q2_a1.5_or,110023,3.8000000000000114,5.000000000005457,1.4390000000001368,1.5700000000002625,1.4914645663096957,1.325866855906134,50,1.0,1.0,202647
stacked_low,0.0,q2_a1.5_or,110024,3.9999999999972715,4.199999999999363,1.5210000000001171,1.455999999999943,1.525613638079051,1.3521952453119561,50,1.0,1.0,202439
stacked_low,0.0,q2_a1.5_or,110025,3.7999999999999545,4.999999999999545,1.3860000000002433,1.4410000000001333,1.473678284475148,1.3496186358097686,50,1.0,1.0,204073
stacked_low,0.0,q2_a1.5_or,110026,3.7999999999992724,5.2000000000000455,1.437000000000138,1.5600000000001955,1.4260148181570207,1.3176149637893833,50,1.0,1.0,204175
stacked_low,0.0,q2_a1.5_or,110027,4.999999999998181,4.600000000003092,1.5069999999999562,1.4629999999999919,1.5100723901690127,1.3306223658166056,50,1.0,1.0,204220
stacked_low,0.0,q2_a1.5_or,110028,5.0,4.199999999997999,1.5330000000000623,1.4280000000000301,1.4915512154933765,1.347332864948214,50,1.0,1.0,202838
stacked_low,0.0,q2_a1.5_or,110029,5.199999999999818,4.999999999999773,1.581000000000326,1.4620000000003655,1.4429310020780646,1.2852895548721543,50,1.0,1.0,203383
stacked_low,0.0,q2_a1.5_and,110000,4.400000000000318,4.400000000000318,1.567000000000167,1.567000000000167,1.496641926341541,1.496641926341541,0,0.0,,195851
stacked_low,0.0,q2_a1.5_and,110001,4.80000000000291,4.80000000000291,1.4790000000001087,1.4790000000001087,1.4459616132284137,1.4459616132284137,0,0.0,,196788
stacked_low,0.0,q2_a1.5_and,110002,4.9999999999990905,4.9999999999990905,1.4389999999999157,1.4389999999999157,1.416115562136119,1.416115562136119,0,0.0,,195834
stacked_low,0.0,q2_a1.5_and,110003,3.9999999999995453,3.9999999999995453,1.5540000000002032,1.5540000000002032,1.4966188499892659,1.4966188499892659,0,0.0,,196920
stacked_low,0.0,q2_a1.5_and,110004,4.199999999998909,4.199999999998909,1.492000000000193,1.492000000000193,1.434596969397515,1.434596969397515,0,0.0,,196203
stacked_low,0.0,q2_a1.5_and,110005,3.9999999999997726,3.9999999999997726,1.4400000000001518,1.4400000000001518,1.4652646244473297,1.4652646244473297,0,0.0,,196118
stacked_low,0.0,q2_a1.5_and,110006,4.999999999999545,4.999999999999545,1.457000000000094,1.457000000000094,1.5000467525719343,1.5000467525719343,0,0.0,,195905
stacked_low,0.0,q2_a1.5_and,110007,5.0,5.0,1.5240000000000322,1.5240000000000322,1.4506059328140126,1.4506059328140126,0,0.0,,196761
stacked_low,0.0,q2_a1.5_and,110008,4.999999999999886,4.999999999999886,1.4850000000003865,1.4850000000003865,1.5027396427902004,1.5027396427902004,0,0.0,,196516
stacked_low,0.0,q2_a1.5_and,110009,4.2000000000000455,4.2000000000000455,1.431999999999864,1.431999999999864,1.4890626792792283,1.4890626792792283,0,0.0,,196224
stacked_low,0.0,q2_a1.5_and,110010,3.600000000000364,3.600000000000364,1.3920000000000534,1.3920000000000534,1.421165095210398,1.421165095210398,0,0.0,,196389
stacked_low,0.0,q2_a1.5_and,110011,4.800000000002001,4.800000000002001,1.551000000000348,1.551000000000348,1.5587579235412972,1.5587579235412972,0,0.0,,197668
stacked_low,0.0,q2_a1.5_and,110012,5.000000000001819,5.000000000001819,1.6159999999999055,1.6159999999999055,1.49783156344136,1.49783156344136,0,0.0,,196208
stacked_low,0.0,q2_a1.5_and,110013,4.999999999999659,4.999999999999659,1.4810000000002785,1.4810000000002785,1.4441769142748253,1.4441769142748253,0,0.0,,196256
stacked_low,0.0,q2_a1.5_and,110014,4.5999999999989996,4.5999999999989996,1.4560000000002054,1.4560000000002054,1.4650048345575568,1.4650048345575568,0,0.0,,196147
stacked_low,0.0,q2_a1.5_and,110015,4.199999999997999,4.199999999997999,1.4270000000000453,1.4270000000000453,1.4291304899851243,1.4291304899851243,0,0.0,,194271
stacked_low,0.0,q2_a1.5_and,110016,4.200000000006639,4.200000000006639,1.350000000000097,1.350000000000097,1.4232283135514174,1.4232283135514174,0,0.0,,196867
stacked_low,0.0,q2_a1.5_and,110017,4.999999999998863,4.999999999998863,1.4119999999999036,1.4119999999999036,1.444035301194449,1.444035301194449,0,0.0,,192756
stacked_low,0.0,q2_a1.5_and,110018,4.800000000002001,4.800000000002001,1.4900000000002158,1.4900000000002158,1.4991834170815972,1.4991834170815972,0,0.0,,194443
stacked_low,0.0,q2_a1.5_and,110019,3.9999999999972715,3.9999999999972715,1.4650000000003778,1.4650000000003778,1.496335215355722,1.496335215355722,0,0.0,,195245
stacked_low,0.0,q2_a1.5_and,110020,3.999999999999943,3.999999999999943,1.4020000000001844,1.4020000000001844,1.4884122030977236,1.4884122030977236,0,0.0,,196564
stacked_low,0.0,q2_a1.5_and,110021,4.999999999999545,4.999999999999545,1.5650000000000452,1.5650000000000452,1.4921494512554137,1.4921494512554137,0,0.0,,195096
stacked_low,0.0,q2_a1.5_and,110022,3.799999999999997,3.799999999999997,1.5670000000001736,1.5670000000001736,1.5399996721860731,1.5399996721860731,0,0.0,,194930
stacked_low,0.0,q2_a1.5_and,110023,3.8000000000000114,3.8000000000000114,1.4390000000001368,1.4390000000001368,1.4914645663096957,1.4914645663096957,0,0.0,,194364
stacked_low,0.0,q2_a1.5_and,110024,3.9999999999972715,3.9999999999972715,1.5210000000001171,1.5210000000001171,1.525613638079051,1.525613638079051,0,0.0,,195382
stacked_low,0.0,q2_a1.5_and,110025,3.7999999999999545,3.7999999999999545,1.3860000000002433,1.3860000000002433,1.473678284475148,1.473678284475148,0,0.0,,196143
stacked_low,0.0,q2_a1.5_and,110026,3.7999999999992724,3.7999999999992724,1.437000000000138,1.437000000000138,1.4260148181570207,1.4260148181570207,0,0.0,,195655
stacked_low,0.0,q2_a1.5_and,110027,4.999999999998181,4.999999999998181,1.5069999999999562,1.5069999999999562,1.5100723901690127,1.5100723901690127,0,0.0,,195972
stacked_low,0.0,q2_a1.5_and,110028,5.0,5.0,1.5330000000000623,1.5330000000000623,1.4915512154933765,1.4915512154933765,0,0.0,,198501
stacked_low,0.0,q2_a1.5_and,110029,5.199999999999818,5.199999999999818,1.581000000000326,1.581000000000326,1.4429310020780646,1.4429310020780646,0,0.0,,196484
stacked_low,0.0,q4_a0.8_or,110000,4.400000000000318,4.400000000000318,1.567000000000167,1.567000000000167,1.496641926341541,1.496641926341541,0,0.0,,195851
stacked_low,0.0,q4_a0.8_or,110001,4.80000000000291,4.80000000000291,1.4790000000001087,1.4790000000001087,1.4459616132284137,1.4459616132284137,0,0.0,,196788
stacked_low,0.0,q4_a0.8_or,110002,4.9999999999990905,4.9999999999990905,1.4389999999999157,1.4389999999999157,1.416115562136119,1.416115562136119,0,0.0,,195834
stacked_low,0.0,q4_a0.8_or,110003,3.9999999999995453,3.9999999999995453,1.5540000000002032,1.5540000000002032,1.4966188499892659,1.4966188499892659,0,0.0,,196920
stacked_low,0.0,q4_a0.8_or,110004,4.199999999998909,4.199999999998909,1.492000000000193,1.492000000000193,1.434596969397515,1.434596969397515,0,0.0,,196203
stacked_low,0.0,q4_a0.8_or,110005,3.9999999999997726,3.9999999999997726,1.4400000000001518,1.4400000000001518,1.4652646244473297,1.4652646244473297,0,0.0,,196118
stacked_low,0.0,q4_a0.8_or,110006,4.999999999999545,4.999999999999545,1.457000000000094,1.457000000000094,1.5000467525719343,1.5000467525719343,0,0.0,,195905
stacked_low,0.0,q4_a0.8_or,110007,5.0,5.0,1.5240000000000322,1.5240000000000322,1.4506059328140126,1.4506059328140126,0,0.0,,196761
stacked_low,0.0,q4_a0.8_or,110008,4.999999999999886,4.999999999999886,1.4850000000003865,1.4850000000003865,1.5027396427902004,1.5027396427902004,0,0.0,,196516
stacked_low,0.0,q4_a0.8_or,110009,4.2000000000000455,4.2000000000000455,1.431999999999864,1.431999999999864,1.4890626792792283,1.4890626792792283,0,0.0,,196224
stacked_low,0.0,q4_a0.8_or,110010,3.600000000000364,3.600000000000364,1.3920000000000534,1.3920000000000534,1.421165095210398,1.421165095210398,0,0.0,,196389
stacked_low,0.0,q4_a0.8_or,110011,4.800000000002001,4.800000000002001,1.551000000000348,1.551000000000348,1.5587579235412972,1.5587579235412972,0,0.0,,197668
stacked_low,0.0,q4_a0.8_or,110012,5.000000000001819,5.000000000001819,1.6159999999999055,1.6159999999999055,1.49783156344136,1.49783156344136,0,0.0,,196208
stacked_low,0.0,q4_a0.8_or,110013,4.999999999999659,4.999999999999659,1.4810000000002785,1.4810000000002785,1.4441769142748253,1.4441769142748253,0,0.0,,196256
stacked_low,0.0,q4_a0.8_or,110014,4.5999999999989996,4.5999999999989996,1.4560000000002054,1.4560000000002054,1.4650048345575568,1.4650048345575568,0,0.0,,196147
stacked_low,0.0,q4_a0.8_or,110015,4.199999999997999,4.199999999997999,1.4270000000000453,1.4270000000000453,1.4291304899851243,1.4291304899851243,0,0.0,,194271
stacked_low,0.0,q4_a0.8_or,110016,4.200000000006639,4.200000000006639,1.350000000000097,1.350000000000097,1.4232283135514174,1.4232283135514174,0,0.0,,196867
stacked_low,0.0,q4_a0.8_or,110017,4.999999999998863,4.999999999998863,1.4119999999999036,1.4119999999999036,1.444035301194449,1.444035301194449,0,0.0,,192756
stacked_low,0.0,q4_a0.8_or,110018,4.800000000002001,4.800000000002001,1.4900000000002158,1.4900000000002158,1.4991834170815972,1.4991834170815972,0,0.0,,194443
stacked_low,0.0,q4_a0.8_or,110019,3.9999999999972715,3.9999999999972715,1.4650000000003778,1.4650000000003778,1.496335215355722,1.496335215355722,0,0.0,,195245
stacked_low,0.0,q4_a0.8_or,110020,3.999999999999943,3.999999999999943,1.4020000000001844,1.4020000000001844,1.4884122030977236,1.4884122030977236,0,0.0,,196564
stacked_low,0.0,q4_a0.8_or,110021,4.999999999999545,4.999999999999545,1.5650000000000452,1.5650000000000452,1.4921494512554137,1.4921494512554137,0,0.0,,195096
stacked_low,0.0,q4_a0.8_or,110022,3.799999999999997,3.799999999999997,1.5670000000001736,1.5670000000001736,1.5399996721860731,1.5399996721860731,0,0.0,,194930
stacked_low,0.0,q4_a0.8_or,110023,3.8000000000000114,3.8000000000000114,1.4390000000001368,1.4390000000001368,1.4914645663096957,1.4914645663096957,0,0.0,,194364
stacked_low,0.0,q4_a0.8_or,110024,3.9999999999972715,3.9999999999972715,1.5210000000001171,1.5210000000001171,1.525613638079051,1.525613638079051,0,0.0,,195382
stacked_low,0.0,q4_a0.8_or,110025,3.7999999999999545,3.7999999999999545,1.3860000000002433,1.3860000000002433,1.473678284475148,1.473678284475148,0,0.0,,196143
stacked_low,0.0,q4_a0.8_or,110026,3.7999999999992724,3.7999999999992724,1.437000000000138,1.437000000000138,1.4260148181570207,1.4260148181570207,0,0.0,,195655
stacked_low,0.0,q4_a0.8_or,110027,4.999999999998181,4.999999999998181,1.5069999999999562,1.5069999999999562,1.5100723901690127,1.5100723901690127,0,0.0,,195972
stacked_low,0.0,q4_a0.8_or,110028,5.0,5.0,1.5330000000000623,1.5330000000000623,1.4915512154933765,1.4915512154933765,0,0.0,,198501
stacked_low,0.0,q4_a0.8_or,110029,5.199999999999818,5.199999999999818,1.581000000000326,1.581000000000326,1.4429310020780646,1.4429310020780646,0,0.0,,196484
stacked_low,0.0,q4_a0.8_and,110000,4.400000000000318,4.400000000000318,1.567000000000167,1.567000000000167,1.496641926341541,1.496641926341541,0,0.0,,195851
stacked_low,0.0,q4_a0.8_and,110001,4.80000000000291,4.80000000000291,1.4790000000001087,1.4790000000001087,1.4459616132284137,1.4459616132284137,0,0.0,,196788
stacked_low,0.0,q4_a0.8_and,110002,4.9999999999990905,4.9999999999990905,1.4389999999999157,1.4389999999999157,1.416115562136119,1.416115562136119,0,0.0,,195834
stacked_low,0.0,q4_a0.8_and,110003,3.9999999999995453,3.9999999999995453,1.5540000000002032,1.5540000000002032,1.4966188499892659,1.4966188499892659,0,0.0,,196920
stacked_low,0.0,q4_a0.8_and,110004,4.199999999998909,4.199999999998909,1.492000000000193,1.492000000000193,1.434596969397515,1.434596969397515,0,0.0,,196203
stacked_low,0.0,q4_a0.8_and,110005,3.9999999999997726,3.9999999999997726,1.4400000000001518,1.4400000000001518,1.4652646244473297,1.4652646244473297,0,0.0,,196118
stacked_low,0.0,q4_a0.8_and,110006,4.999999999999545,4.999999999999545,1.457000000000094,1.457000000000094,1.5000467525719343,1.5000467525719343,0,0.0,,195905
stacked_low,0.0,q4_a0.8_and,110007,5.0,5.0,1.5240000000000322,1.5240000000000322,1.4506059328140126,1.4506059328140126,0,0.0,,196761
stacked_low,0.0,q4_a0.8_and,110008,4.999999999999886,4.999999999999886,1.4850000000003865,1.4850000000003865,1.5027396427902004,1.5027396427902004,0,0.0,,196516
stacked_low,0.0,q4_a0.8_and,110009,4.2000000000000455,4.2000000000000455,1.431999999999864,1.431999999999864,1.4890626792792283,1.4890626792792283,0,0.0,,196224
stacked_low,0.0,q4_a0.8_and,110010,3.600000000000364,3.600000000000364,1.3920000000000534,1.3920000000000534,1.421165095210398,1.421165095210398,0,0.0,,196389
stacked_low,0.0,q4_a0.8_and,110011,4.800000000002001,4.800000000002001,1.551000000000348,1.551000000000348,1.5587579235412972,1.5587579235412972,0,0.0,,197668
stacked_low,0.0,q4_a0.8_and,110012,5.000000000001819,5.000000000001819,1.6159999999999055,1.6159999999999055,1.49783156344136,1.49783156344136,0,0.0,,196208
stacked_low,0.0,q4_a0.8_and,110013,4.999999999999659,4.999999999999659,1.4810000000002785,1.4810000000002785,1.4441769142748253,1.4441769142748253,0,0.0,,196256
stacked_low,0.0,q4_a0.8_and,110014,4.5999999999989996,4.5999999999989996,1.4560000000002054,1.4560000000002054,1.4650048345575568,1.4650048345575568,0,0.0,,196147
stacked_low,0.0,q4_a0.8_and,110015,4.199999999997999,4.199999999997999,1.4270000000000453,1.4270000000000453,1.4291304899851243,1.4291304899851243,0,0.0,,194271
stacked_low,0.0,q4_a0.8_and,110016,4.200000000006639,4.200000000006639,1.350000000000097,1.350000000000097,1.4232283135514174,1.4232283135514174,0,0.0,,196867
stacked_low,0.0,q4_a0.8_and,110017,4.999999999998863,4.999999999998863,1.4119999999999036,1.4119999999999036,1.444035301194449,1.444035301194449,0,0.0,,192756
stacked_low,0.0,q4_a0.8_and,110018,4.800000000002001,4.800000000002001,1.4900000000002158,1.4900000000002158,1.4991834170815972,1.4991834170815972,0,0.0,,194443
stacked_low,0.0,q4_a0.8_and,110019,3.9999999999972715,3.9999999999972715,1.4650000000003778,1.4650000000003778,1.496335215355722,1.496335215355722,0,0.0,,195245
stacked_low,0.0,q4_a0.8_and,110020,3.999999999999943,3.999999999999943,1.4020000000001844,1.4020000000001844,1.4884122030977236,1.4884122030977236,0,0.0,,196564
stacked_low,0.0,q4_a0.8_and,110021,4.999999999999545,4.999999999999545,1.5650000000000452,1.5650000000000452,1.4921494512554137,1.4921494512554137,0,0.0,,195096
stacked_low,0.0,q4_a0.8_and,110022,3.799999999999997,3.799999999999997,1.5670000000001736,1.5670000000001736,1.5399996721860731,1.5399996721860731,0,0.0,,194930
stacked_low,0.0,q4_a0.8_and,110023,3.8000000000000114,3.8000000000000114,1.4390000000001368,1.4390000000001368,1.4914645663096957,1.4914645663096957,0,0.0,,194364
stacked_low,0.0,q4_a0.8_and,110024,3.9999999999972715,3.9999999999972715,1.5210000000001171,1.5210000000001171,1.525613638079051,1.525613638079051,0,0.0,,195382
stacked_low,0.0,q4_a0.8_and,110025,3.7999999999999545,3.7999999999999545,1.3860000000002433,1.3860000000002433,1.473678284475148,1.473678284475148,0,0.0,,196143
stacked_low,0.0,q4_a0.8_and,110026,3.7999999999992724,3.7999999999992724,1.437000000000138,1.437000000000138,1.4260148181570207,1.4260148181570207,0,0.0,,195655
stacked_low,0.0,q4_a0.8_and,110027,4.999999999998181,4.999999999998181,1.5069999999999562,1.5069999999999562,1.5100723901690127,1.5100723901690127,0,0.0,,195972
stacked_low,0.0,q4_a0.8_and,110028,5.0,5.0,1.5330000000000623,1.5330000000000623,1.4915512154933765,1.4915512154933765,0,0.0,,198501
stacked_low,0.0,q4_a0.8_and,110029,5.199999999999818,5.199999999999818,1.581000000000326,1.581000000000326,1.4429310020780646,1.4429310020780646,0,0.0,,196484
stacked_low,0.0,q4_a1.5_or,110000,4.400000000000318,4.400000000000318,1.567000000000167,1.567000000000167,1.496641926341541,1.496641926341541,0,0.0,,195851
stacked_low,0.0,q4_a1.5_or,110001,4.80000000000291,4.80000000000291,1.4790000000001087,1.4790000000001087,1.4459616132284137,1.4459616132284137,0,0.0,,196788
stacked_low,0.0,q4_a1.5_or,110002,4.9999999999990905,4.9999999999990905,1.4389999999999157,1.4389999999999157,1.416115562136119,1.416115562136119,0,0.0,,195834
stacked_low,0.0,q4_a1.5_or,110003,3.9999999999995453,3.9999999999995453,1.5540000000002032,1.5540000000002032,1.4966188499892659,1.4966188499892659,0,0.0,,196920
stacked_low,0.0,q4_a1.5_or,110004,4.199999999998909,4.199999999998909,1.492000000000193,1.492000000000193,1.434596969397515,1.434596969397515,0,0.0,,196203
stacked_low,0.0,q4_a1.5_or,110005,3.9999999999997726,3.9999999999997726,1.4400000000001518,1.4400000000001518,1.4652646244473297,1.4652646244473297,0,0.0,,196118
stacked_low,0.0,q4_a1.5_or,110006,4.999999999999545,4.999999999999545,1.457000000000094,1.457000000000094,1.5000467525719343,1.5000467525719343,0,0.0,,195905
stacked_low,0.0,q4_a1.5_or,110007,5.0,5.0,1.5240000000000322,1.5240000000000322,1.4506059328140126,1.4506059328140126,0,0.0,,196761
stacked_low,0.0,q4_a1.5_or,110008,4.999999999999886,4.999999999999886,1.4850000000003865,1.4850000000003865,1.5027396427902004,1.5027396427902004,0,0.0,,196516
stacked_low,0.0,q4_a1.5_or,110009,4.2000000000000455,4.2000000000000455,1.431999999999864,1.431999999999864,1.4890626792792283,1.4890626792792283,0,0.0,,196224
stacked_low,0.0,q4_a1.5_or,110010,3.600000000000364,3.600000000000364,1.3920000000000534,1.3920000000000534,1.421165095210398,1.421165095210398,0,0.0,,196389
stacked_low,0.0,q4_a1.5_or,110011,4.800000000002001,4.800000000002001,1.551000000000348,1.551000000000348,1.5587579235412972,1.5587579235412972,0,0.0,,197668
stacked_low,0.0,q4_a1.5_or,110012,5.000000000001819,5.000000000001819,1.6159999999999055,1.6159999999999055,1.49783156344136,1.49783156344136,0,0.0,,196208
stacked_low,0.0,q4_a1.5_or,110013,4.999999999999659,4.999999999999659,1.4810000000002785,1.4810000000002785,1.4441769142748253,1.4441769142748253,0,0.0,,196256
stacked_low,0.0,q4_a1.5_or,110014,4.5999999999989996,4.5999999999989996,1.4560000000002054,1.4560000000002054,1.4650048345575568,1.4650048345575568,0,0.0,,196147
stacked_low,0.0,q4_a1.5_or,110015,4.199999999997999,4.199999999997999,1.4270000000000453,1.4270000000000453,1.4291304899851243,1.4291304899851243,0,0.0,,194271
stacked_low,0.0,q4_a1.5_or,110016,4.200000000006639,4.200000000006639,1.350000000000097,1.350000000000097,1.4232283135514174,1.4232283135514174,0,0.0,,196867
stacked_low,0.0,q4_a1.5_or,110017,4.999999999998863,4.999999999998863,1.4119999999999036,1.4119999999999036,1.444035301194449,1.444035301194449,0,0.0,,192756
stacked_low,0.0,q4_a1.5_or,110018,4.800000000002001,4.800000000002001,1.4900000000002158,1.4900000000002158,1.4991834170815972,1.4991834170815972,0,0.0,,194443
stacked_low,0.0,q4_a1.5_or,110019,3.9999999999972715,3.9999999999972715,1.4650000000003778,1.4650000000003778,1.496335215355722,1.496335215355722,0,0.0,,195245
stacked_low,0.0,q4_a1.5_or,110020,3.999999999999943,3.999999999999943,1.4020000000001844,1.4020000000001844,1.4884122030977236,1.4884122030977236,0,0.0,,196564
stacked_low,0.0,q4_a1.5_or,110021,4.999999999999545,4.999999999999545,1.5650000000000452,1.5650000000000452,1.4921494512554137,1.4921494512554137,0,0.0,,195096
stacked_low,0.0,q4_a1.5_or,110022,3.799999999999997,3.799999999999997,1.5670000000001736,1.5670000000001736,1.5399996721860731,1.5399996721860731,0,0.0,,194930
stacked_low,0.0,q4_a1.5_or,110023,3.8000000000000114,3.8000000000000114,1.4390000000001368,1.4390000000001368,1.4914645663096957,1.4914645663096957,0,0.0,,194364
stacked_low,0.0,q4_a1.5_or,110024,3.9999999999972715,3.9999999999972715,1.5210000000001171,1.5210000000001171,1.525613638079051,1.525613638079051,0,0.0,,195382
stacked_low,0.0,q4_a1.5_or,110025,3.7999999999999545,3.7999999999999545,1.3860000000002433,1.3860000000002433,1.473678284475148,1.473678284475148,0,0.0,,196143
stacked_low,0.0,q4_a1.5_or,110026,3.7999999999992724,3.7999999999992724,1.437000000000138,1.437000000000138,1.4260148181570207,1.4260148181570207,0,0.0,,195655
stacked_low,0.0,q4_a1.5_or,110027,4.999999999998181,4.999999999998181,1.5069999999999562,1.5069999999999562,1.5100723901690127,1.5100723901690127,0,0.0,,195972
stacked_low,0.0,q4_a1.5_or,110028,5.0,5.0,1.5330000000000623,1.5330000000000623,1.4915512154933765,1.4915512154933765,0,0.0,,198501
stacked_low,0.0,q4_a1.5_or,110029,5.199999999999818,5.199999999999818,1.581000000000326,1.581000000000326,1.4429310020780646,1.4429310020780646,0,0.0,,196484
stacked_low,0.0,q4_a1.5_and,110000,4.400000000000318,4.400000000000318,1.567000000000167,1.567000000000167,1.496641926341541,1.496641926341541,0,0.0,,195851
stacked_low,0.0,q4_a1.5_and,110001,4.80000000000291,4.80000000000291,1.4790000000001087,1.4790000000001087,1.4459616132284137,1.4459616132284137,0,0.0,,196788
stacked_low,0.0,q4_a1.5_and,110002,4.9999999999990905,4.9999999999990905,1.4389999999999157,1.4389999999999157,1.416115562136119,1.416115562136119,0,0.0,,195834
stacked_low,0.0,q4_a1.5_and,110003,3.9999999999995453,3.9999999999995453,1.5540000000002032,1.5540000000002032,1.4966188499892659,1.4966188499892659,0,0.0,,196920
stacked_low,0.0,q4_a1.5_and,110004,4.199999999998909,4.199999999998909,1.492000000000193,1.492000000000193,1.434596969397515,1.434596969397515,0,0.0,,196203
stacked_low,0.0,q4_a1.5_and,110005,3.9999999999997726,3.9999999999997726,1.4400000000001518,1.4400000000001518,1.4652646244473297,1.4652646244473297,0,0.0,,196118
stacked_low,0.0,q4_a1.5_and,110006,4.999999999999545,4.999999999999545,1.457000000000094,1.457000000000094,1.5000467525719343,1.5000467525719343,0,0.0,,195905
stacked_low,0.0,q4_a1.5_and,110007,5.0,5.0,1.5240000000000322,1.5240000000000322,1.4506059328140126,1.4506059328140126,0,0.0,,196761
stacked_low,0.0,q4_a1.5_and,110008,4.999999999999886,4.999999999999886,1.4850000000003865,1.4850000000003865,1.5027396427902004,1.5027396427902004,0,0.0,,196516
stacked_low,0.0,q4_a1.5_and,110009,4.2000000000000455,4.2000000000000455,1.431999999999864,1.431999999999864,1.4890626792792283,1.4890626792792283,0,0.0,,196224
stacked_low,0.0,q4_a1.5_and,110010,3.600000000000364,3.600000000000364,1.3920000000000534,1.3920000000000534,1.421165095210398,1.421165095210398,0,0.0,,196389
stacked_low,0.0,q4_a1.5_and,110011,4.800000000002001,4.800000000002001,1.551000000000348,1.551000000000348,1.5587579235412972,1.5587579235412972,0,0.0,,197668
stacked_low,0.0,q4_a1.5_and,110012,5.000000000001819,5.000000000001819,1.6159999999999055,1.6159999999999055,1.49783156344136,1.49783156344136,0,0.0,,196208
stacked_low,0.0,q4_a1.5_and,110013,4.999999999999659,4.999999999999659,1.4810000000002785,1.4810000000002785,1.4441769142748253,1.4441769142748253,0,0.0,,196256
stacked_low,0.0,q4_a1.5_and,110014,4.5999999999989996,4.5999999999989996,1.4560000000002054,1.4560000000002054,1.4650048345575568,1.4650048345575568,0,0.0,,196147
stacked_low,0.0,q4_a1.5_and,110015,4.199999999997999,4.199999999997999,1.4270000000000453,1.4270000000000453,1.4291304899851243,1.4291304899851243,0,0.0,,194271
stacked_low,0.0,q4_a1.5_and,110016,4.200000000006639,4.200000000006639,1.350000000000097,1.350000000000097,1.4232283135514174,1.4232283135514174,0,0.0,,196867
stacked_low,0.0,q4_a1.5_and,110017,4.999999999998863,4.999999999998863,1.4119999999999036,1.4119999999999036,1.444035301194449,1.444035301194449,0,0.0,,192756
stacked_low,0.0,q4_a1.5_and,110018,4.800000000002001,4.800000000002001,1.4900000000002158,1.4900000000002158,1.4991834170815972,1.4991834170815972,0,0.0,,194443
stacked_low,0.0,q4_a1.5_and,110019,3.9999999999972715,3.9999999999972715,1.4650000000003778,1.4650000000003778,1.496335215355722,1.496335215355722,0,0.0,,195245
stacked_low,0.0,q4_a1.5_and,110020,3.999999999999943,3.999999999999943,1.4020000000001844,1.4020000000001844,1.4884122030977236,1.4884122030977236,0,0.0,,196564
stacked_low,0.0,q4_a1.5_and,110021,4.999999999999545,4.999999999999545,1.5650000000000452,1.5650000000000452,1.4921494512554137,1.4921494512554137,0,0.0,,195096
stacked_low,0.0,q4_a1.5_and,110022,3.799999999999997,3.799999999999997,1.5670000000001736,1.5670000000001736,1.5399996721860731,1.5399996721860731,0,0.0,,194930
stacked_low,0.0,q4_a1.5_and,110023,3.8000000000000114,3.8000000000000114,1.4390000000001368,1.4390000000001368,1.4914645663096957,1.4914645663096957,0,0.0,,194364
stacked_low,0.0,q4_a1.5_and,110024,3.9999999999972715,3.9999999999972715,1.5210000000001171,1.5210000000001171,1.525613638079051,1.525613638079051,0,0.0,,195382
stacked_low,0.0,q4_a1.5_and,110025,3.7999999999999545,3.7999999999999545,1.3860000000002433,1.3860000000002433,1.473678284475148,1.473678284475148,0,0.0,,196143
stacked_low,0.0,q4_a1.5_and,110026,3.7999999999992724,3.7999999999992724,1.437000000000138,1.437000000000138,1.4260148181570207,1.4260148181570207,0,0.0,,195655
stacked_low,0.0,q4_a1.5_and,110027,4.999999999998181,4.999999999998181,1.5069999999999562,1.5069999999999562,1.5100723901690127,1.5100723901690127,0,0.0,,195972
stacked_low,0.0,q4_a1.5_and,110028,5.0,5.0,1.5330000000000623,1.5330000000000623,1.4915512154933765,1.4915512154933765,0,0.0,,198501
stacked_low,0.0,q4_a1.5_and,110029,5.199999999999818,5.199999999999818,1.581000000000326,1.581000000000326,1.4429310020780646,1.4429310020780646,0,0.0,,196484
stacked_low,0.0,q8_a0.8_or,110000,4.400000000000318,4.400000000000318,1.567000000000167,1.567000000000167,1.496641926341541,1.496641926341541,0,0.0,,195851
stacked_low,0.0,q8_a0.8_or,110001,4.80000000000291,4.80000000000291,1.4790000000001087,1.4790000000001087,1.4459616132284137,1.4459616132284137,0,0.0,,196788
stacked_low,0.0,q8_a0.8_or,110002,4.9999999999990905,4.9999999999990905,1.4389999999999157,1.4389999999999157,1.416115562136119,1.416115562136119,0,0.0,,195834
stacked_low,0.0,q8_a0.8_or,110003,3.9999999999995453,3.9999999999995453,1.5540000000002032,1.5540000000002032,1.4966188499892659,1.4966188499892659,0,0.0,,196920
stacked_low,0.0,q8_a0.8_or,110004,4.199999999998909,4.199999999998909,1.492000000000193,1.492000000000193,1.434596969397515,1.434596969397515,0,0.0,,196203
stacked_low,0.0,q8_a0.8_or,110005,3.9999999999997726,3.9999999999997726,1.4400000000001518,1.4400000000001518,1.4652646244473297,1.4652646244473297,0,0.0,,196118
stacked_low,0.0,q8_a0.8_or,110006,4.999999999999545,4.999999999999545,1.457000000000094,1.457000000000094,1.5000467525719343,1.5000467525719343,0,0.0,,195905
stacked_low,0.0,q8_a0.8_or,110007,5.0,5.0,1.5240000000000322,1.5240000000000322,1.4506059328140126,1.4506059328140126,0,0.0,,196761
stacked_low,0.0,q8_a0.8_or,110008,4.999999999999886,4.999999999999886,1.4850000000003865,1.4850000000003865,1.5027396427902004,1.5027396427902004,0,0.0,,196516
stacked_low,0.0,q8_a0.8_or,110009,4.2000000000000455,4.2000000000000455,1.431999999999864,1.431999999999864,1.4890626792792283,1.4890626792792283,0,0.0,,196224
stacked_low,0.0,q8_a0.8_or,110010,3.600000000000364,3.600000000000364,1.3920000000000534,1.3920000000000534,1.421165095210398,1.421165095210398,0,0.0,,196389
stacked_low,0.0,q8_a0.8_or,110011,4.800000000002001,4.800000000002001,1.551000000000348,1.551000000000348,1.5587579235412972,1.5587579235412972,0,0.0,,197668
stacked_low,0.0,q8_a0.8_or,110012,5.000000000001819,5.000000000001819,1.6159999999999055,1.6159999999999055,1.49783156344136,1.49783156344136,0,0.0,,196208
stacked_low,0.0,q8_a0.8_or,110013,4.999999999999659,4.999999999999659,1.4810000000002785,1.4810000000002785,1.4441769142748253,1.4441769142748253,0,0.0,,196256
stacked_low,0.0,q8_a0.8_or,110014,4.5999999999989996,4.5999999999989996,1.4560000000002054,1.4560000000002054,1.4650048345575568,1.4650048345575568,0,0.0,,196147
stacked_low,0.0,q8_a0.8_or,110015,4.199999999997999,4.199999999997999,1.4270000000000453,1.4270000000000453,1.4291304899851243,1.4291304899851243,0,0.0,,194271
stacked_low,0.0,q8_a0.8_or,110016,4.200000000006639,4.200000000006639,1.350000000000097,1.350000000000097,1.4232283135514174,1.4232283135514174,0,0.0,,196867
stacked_low,0.0,q8_a0.8_or,110017,4.999999999998863,4.999999999998863,1.4119999999999036,1.4119999999999036,1.444035301194449,1.444035301194449,0,0.0,,192756
stacked_low,0.0,q8_a0.8_or,110018,4.800000000002001,4.800000000002001,1.4900000000002158,1.4900000000002158,1.4991834170815972,1.4991834170815972,0,0.0,,194443
stacked_low,0.0,q8_a0.8_or,110019,3.9999999999972715,3.9999999999972715,1.4650000000003778,1.4650000000003778,1.496335215355722,1.496335215355722,0,0.0,,195245
stacked_low,0.0,q8_a0.8_or,110020,3.999999999999943,3.999999999999943,1.4020000000001844,1.4020000000001844,1.4884122030977236,1.4884122030977236,0,0.0,,196564
stacked_low,0.0,q8_a0.8_or,110021,4.999999999999545,4.999999999999545,1.5650000000000452,1.5650000000000452,1.4921494512554137,1.4921494512554137,0,0.0,,195096
stacked_low,0.0,q8_a0.8_or,110022,3.799999999999997,3.799999999999997,1.5670000000001736,1.5670000000001736,1.5399996721860731,1.5399996721860731,0,0.0,,194930
stacked_low,0.0,q8_a0.8_or,110023,3.8000000000000114,3.8000000000000114,1.4390000000001368,1.4390000000001368,1.4914645663096957,1.4914645663096957,0,0.0,,194364
stacked_low,0.0,q8_a0.8_or,110024,3.9999999999972715,3.9999999999972715,1.5210000000001171,1.5210000000001171,1.525613638079051,1.525613638079051,0,0.0,,195382
stacked_low,0.0,q8_a0.8_or,110025,3.7999999999999545,3.7999999999999545,1.3860000000002433,1.3860000000002433,1.473678284475148,1.473678284475148,0,0.0,,196143
stacked_low,0.0,q8_a0.8_or,110026,3.7999999999992724,3.7999999999992724,1.437000000000138,1.437000000000138,1.4260148181570207,1.4260148181570207,0,0.0,,195655
stacked_low,0.0,q8_a0.8_or,110027,4.999999999998181,4.999999999998181,1.5069999999999562,1.5069999999999562,1.5100723901690127,1.5100723901690127,0,0.0,,195972
stacked_low,0.0,q8_a0.8_or,110028,5.0,5.0,1.5330000000000623,1.5330000000000623,1.4915512154933765,1.4915512154933765,0,0.0,,198501
stacked_low,0.0,q8_a0.8_or,110029,5.199999999999818,5.199999999999818,1.581000000000326,1.581000000000326,1.4429310020780646,1.4429310020780646,0,0.0,,196484
stacked_low,0.0,q8_a0.8_and,110000,4.400000000000318,4.400000000000318,1.567000000000167,1.567000000000167,1.496641926341541,1.496641926341541,0,0.0,,195851
stacked_low,0.0,q8_a0.8_and,110001,4.80000000000291,4.80000000000291,1.4790000000001087,1.4790000000001087,1.4459616132284137,1.4459616132284137,0,0.0,,196788
stacked_low,0.0,q8_a0.8_and,110002,4.9999999999990905,4.9999999999990905,1.4389999999999157,1.4389999999999157,1.416115562136119,1.416115562136119,0,0.0,,195834
stacked_low,0.0,q8_a0.8_and,110003,3.9999999999995453,3.9999999999995453,1.5540000000002032,1.5540000000002032,1.4966188499892659,1.4966188499892659,0,0.0,,196920
stacked_low,0.0,q8_a0.8_and,110004,4.199999999998909,4.199999999998909,1.492000000000193,1.492000000000193,1.434596969397515,1.434596969397515,0,0.0,,196203
stacked_low,0.0,q8_a0.8_and,110005,3.9999999999997726,3.9999999999997726,1.4400000000001518,1.4400000000001518,1.4652646244473297,1.4652646244473297,0,0.0,,196118
stacked_low,0.0,q8_a0.8_and,110006,4.999999999999545,4.999999999999545,1.457000000000094,1.457000000000094,1.5000467525719343,1.5000467525719343,0,0.0,,195905
stacked_low,0.0,q8_a0.8_and,110007,5.0,5.0,1.5240000000000322,1.5240000000000322,1.4506059328140126,1.4506059328140126,0,0.0,,196761
stacked_low,0.0,q8_a0.8_and,110008,4.999999999999886,4.999999999999886,1.4850000000003865,1.4850000000003865,1.5027396427902004,1.5027396427902004,0,0.0,,196516
stacked_low,0.0,q8_a0.8_and,110009,4.2000000000000455,4.2000000000000455,1.431999999999864,1.431999999999864,1.4890626792792283,1.4890626792792283,0,0.0,,196224
stacked_low,0.0,q8_a0.8_and,110010,3.600000000000364,3.600000000000364,1.3920000000000534,1.3920000000000534,1.421165095210398,1.421165095210398,0,0.0,,196389
stacked_low,0.0,q8_a0.8_and,110011,4.800000000002001,4.800000000002001,1.551000000000348,1.551000000000348,1.5587579235412972,1.5587579235412972,0,0.0,,197668
stacked_low,0.0,q8_a0.8_and,110012,5.000000000001819,5.000000000001819,1.6159999999999055,1.6159999999999055,1.49783156344136,1.49783156344136,0,0.0,,196208
stacked_low,0.0,q8_a0.8_and,110013,4.999999999999659,4.999999999999659,1.4810000000002785,1.4810000000002785,1.4441769142748253,1.4441769142748253,0,0.0,,196256
stacked_low,0.0,q8_a0.8_and,110014,4.5999999999989996,4.5999999999989996,1.4560000000002054,1.4560000000002054,1.4650048345575568,1.4650048345575568,0,0.0,,196147
stacked_low,0.0,q8_a0.8_and,110015,4.199999999997999,4.199999999997999,1.4270000000000453,1.4270000000000453,1.4291304899851243,1.4291304899851243,0,0.0,,194271
stacked_low,0.0,q8_a0.8_and,110016,4.200000000006639,4.200000000006639,1.350000000000097,1.350000000000097,1.4232283135514174,1.4232283135514174,0,0.0,,196867
stacked_low,0.0,q8_a0.8_and,110017,4.999999999998863,4.999999999998863,1.4119999999999036,1.4119999999999036,1.444035301194449,1.444035301194449,0,0.0,,192756
stacked_low,0.0,q8_a0.8_and,110018,4.800000000002001,4.800000000002001,1.4900000000002158,1.4900000000002158,1.4991834170815972,1.4991834170815972,0,0.0,,194443
stacked_low,0.0,q8_a0.8_and,110019,3.9999999999972715,3.9999999999972715,1.4650000000003778,1.4650000000003778,1.496335215355722,1.496335215355722,0,0.0,,195245
stacked_low,0.0,q8_a0.8_and,110020,3.999999999999943,3.999999999999943,1.4020000000001844,1.4020000000001844,1.4884122030977236,1.4884122030977236,0,0.0,,196564
stacked_low,0.0,q8_a0.8_and,110021,4.999999999999545,4.999999999999545,1.5650000000000452,1.5650000000000452,1.4921494512554137,1.4921494512554137,0,0.0,,195096
stacked_low,0.0,q8_a0.8_and,110022,3.799999999999997,3.799999999999997,1.5670000000001736,1.5670000000001736,1.5399996721860731,1.5399996721860731,0,0.0,,194930
stacked_low,0.0,q8_a0.8_and,110023,3.8000000000000114,3.8000000000000114,1.4390000000001368,1.4390000000001368,1.4914645663096957,1.4914645663096957,0,0.0,,194364
stacked_low,0.0,q8_a0.8_and,110024,3.9999999999972715,3.9999999999972715,1.5210000000001171,1.5210000000001171,1.525613638079051,1.525613638079051,0,0.0,,195382
stacked_low,0.0,q8_a0.8_and,110025,3.7999999999999545,3.7999999999999545,1.3860000000002433,1.3860000000002433,1.473678284475148,1.473678284475148,0,0.0,,196143
stacked_low,0.0,q8_a0.8_and,110026,3.7999999999992724,3.7999999999992724,1.437000000000138,1.437000000000138,1.4260148181570207,1.4260148181570207,0,0.0,,195655
stacked_low,0.0,q8_a0.8_and,110027,4.999999999998181,4.999999999998181,1.5069999999999562,1.5069999999999562,1.5100723901690127,1.5100723901690127,0,0.0,,195972
stacked_low,0.0,q8_a0.8_and,110028,5.0,5.0,1.5330000000000623,1.5330000000000623,1.4915512154933765,1.4915512154933765,0,0.0,,198501
stacked_low,0.0,q8_a0.8_and,110029,5.199999999999818,5.199999999999818,1.581000000000326,1.581000000000326,1.4429310020780646,1.4429310020780646,0,0.0,,196484
stacked_low,0.0,q8_a1.5_or,110000,4.400000000000318,4.400000000000318,1.567000000000167,1.567000000000167,1.496641926341541,1.496641926341541,0,0.0,,195851
stacked_low,0.0,q8_a1.5_or,110001,4.80000000000291,4.80000000000291,1.4790000000001087,1.4790000000001087,1.4459616132284137,1.4459616132284137,0,0.0,,196788
stacked_low,0.0,q8_a1.5_or,110002,4.9999999999990905,4.9999999999990905,1.4389999999999157,1.4389999999999157,1.416115562136119,1.416115562136119,0,0.0,,195834
stacked_low,0.0,q8_a1.5_or,110003,3.9999999999995453,3.9999999999995453,1.5540000000002032,1.5540000000002032,1.4966188499892659,1.4966188499892659,0,0.0,,196920
stacked_low,0.0,q8_a1.5_or,110004,4.199999999998909,4.199999999998909,1.492000000000193,1.492000000000193,1.434596969397515,1.434596969397515,0,0.0,,196203
stacked_low,0.0,q8_a1.5_or,110005,3.9999999999997726,3.9999999999997726,1.4400000000001518,1.4400000000001518,1.4652646244473297,1.4652646244473297,0,0.0,,196118
stacked_low,0.0,q8_a1.5_or,110006,4.999999999999545,4.999999999999545,1.457000000000094,1.457000000000094,1.5000467525719343,1.5000467525719343,0,0.0,,195905
stacked_low,0.0,q8_a1.5_or,110007,5.0,5.0,1.5240000000000322,1.5240000000000322,1.4506059328140126,1.4506059328140126,0,0.0,,196761
stacked_low,0.0,q8_a1.5_or,110008,4.999999999999886,4.999999999999886,1.4850000000003865,1.4850000000003865,1.5027396427902004,1.5027396427902004,0,0.0,,196516
stacked_low,0.0,q8_a1.5_or,110009,4.2000000000000455,4.2000000000000455,1.431999999999864,1.431999999999864,1.4890626792792283,1.4890626792792283,0,0.0,,196224
stacked_low,0.0,q8_a1.5_or,110010,3.600000000000364,3.600000000000364,1.3920000000000534,1.3920000000000534,1.421165095210398,1.421165095210398,0,0.0,,196389
stacked_low,0.0,q8_a1.5_or,110011,4.800000000002001,4.800000000002001,1.551000000000348,1.551000000000348,1.5587579235412972,1.5587579235412972,0,0.0,,197668
stacked_low,0.0,q8_a1.5_or,110012,5.000000000001819,5.000000000001819,1.6159999999999055,1.6159999999999055,1.49783156344136,1.49783156344136,0,0.0,,196208
stacked_low,0.0,q8_a1.5_or,110013,4.999999999999659,4.999999999999659,1.4810000000002785,1.4810000000002785,1.4441769142748253,1.4441769142748253,0,0.0,,196256
stacked_low,0.0,q8_a1.5_or,110014,4.5999999999989996,4.5999999999989996,1.4560000000002054,1.4560000000002054,1.4650048345575568,1.4650048345575568,0,0.0,,196147
stacked_low,0.0,q8_a1.5_or,110015,4.199999999997999,4.199999999997999,1.4270000000000453,1.4270000000000453,1.4291304899851243,1.4291304899851243,0,0.0,,194271
stacked_low,0.0,q8_a1.5_or,110016,4.200000000006639,4.200000000006639,1.350000000000097,1.350000000000097,1.4232283135514174,1.4232283135514174,0,0.0,,196867
stacked_low,0.0,q8_a1.5_or,110017,4.999999999998863,4.999999999998863,1.4119999999999036,1.4119999999999036,1.444035301194449,1.444035301194449,0,0.0,,192756
stacked_low,0.0,q8_a1.5_or,110018,4.800000000002001,4.800000000002001,1.4900000000002158,1.4900000000002158,1.4991834170815972,1.4991834170815972,0,0.0,,194443
stacked_low,0.0,q8_a1.5_or,110019,3.9999999999972715,3.9999999999972715,1.4650000000003778,1.4650000000003778,1.496335215355722,1.496335215355722,0,0.0,,195245
stacked_low,0.0,q8_a1.5_or,110020,3.999999999999943,3.999999999999943,1.4020000000001844,1.4020000000001844,1.4884122030977236,1.4884122030977236,0,0.0,,196564
stacked_low,0.0,q8_a1.5_or,110021,4.999999999999545,4.999999999999545,1.5650000000000452,1.5650000000000452,1.4921494512554137,1.4921494512554137,0,0.0,,195096
stacked_low,0.0,q8_a1.5_or,110022,3.799999999999997,3.799999999999997,1.5670000000001736,1.5670000000001736,1.5399996721860731,1.5399996721860731,0,0.0,,194930
stacked_low,0.0,q8_a1.5_or,110023,3.8000000000000114,3.8000000000000114,1.4390000000001368,1.4390000000001368,1.4914645663096957,1.4914645663096957,0,0.0,,194364
stacked_low,0.0,q8_a1.5_or,110024,3.9999999999972715,3.9999999999972715,1.5210000000001171,1.5210000000001171,1.525613638079051,1.525613638079051,0,0.0,,195382
stacked_low,0.0,q8_a1.5_or,110025,3.7999999999999545,3.7999999999999545,1.3860000000002433,1.3860000000002433,1.473678284475148,1.473678284475148,0,0.0,,196143
stacked_low,0.0,q8_a1.5_or,110026,3.7999999999992724,3.7999999999992724,1.437000000000138,1.437000000000138,1.4260148181570207,1.4260148181570207,0,0.0,,195655
stacked_low,0.0,q8_a1.5_or,110027,4.999999999998181,4.999999999998181,1.5069999999999562,1.5069999999999562,1.5100723901690127,1.5100723901690127,0,0.0,,195972
stacked_low,0.0,q8_a1.5_or,110028,5.0,5.0,1.5330000000000623,1.5330000000000623,1.4915512154933765,1.4915512154933765,0,0.0,,198501
stacked_low,0.0,q8_a1.5_or,110029,5.199999999999818,5.199999999999818,1.581000000000326,1.581000000000326,1.4429310020780646,1.4429310020780646,0,0.0,,196484
stacked_low,0.0,q8_a1.5_and,110000,4.400000000000318,4.400000000000318,1.567000000000167,1.567000000000167,1.496641926341541,1.496641926341541,0,0.0,,195851
stacked_low,0.0,q8_a1.5_and,110001,4.80000000000291,4.80000000000291,1.4790000000001087,1.4790000000001087,1.4459616132284137,1.4459616132284137,0,0.0,,196788
stacked_low,0.0,q8_a1.5_and,110002,4.9999999999990905,4.9999999999990905,1.4389999999999157,1.4389999999999157,1.416115562136119,1.416115562136119,0,0.0,,195834
stacked_low,0.0,q8_a1.5_and,110003,3.9999999999995453,3.9999999999995453,1.5540000000002032,1.5540000000002032,1.4966188499892659,1.4966188499892659,0,0.0,,196920
stacked_low,0.0,q8_a1.5_and,110004,4.199999999998909,4.199999999998909,1.492000000000193,1.492000000000193,1.434596969397515,1.434596969397515,0,0.0,,196203
stacked_low,0.0,q8_a1.5_and,110005,3.9999999999997726,3.9999999999997726,1.4400000000001518,1.4400000000001518,1.4652646244473297,1.4652646244473297,0,0.0,,196118
stacked_low,0.0,q8_a1.5_and,110006,4.999999999999545,4.999999999999545,1.457000000000094,1.457000000000094,1.5000467525719343,1.5000467525719343,0,0.0,,195905
stacked_low,0.0,q8_a1.5_and,110007,5.0,5.0,1.5240000000000322,1.5240000000000322,1.4506059328140126,1.4506059328140126,0,0.0,,196761
stacked_low,0.0,q8_a1.5_and,110008,4.999999999999886,4.999999999999886,1.4850000000003865,1.4850000000003865,1.5027396427902004,1.5027396427902004,0,0.0,,196516
stacked_low,0.0,q8_a1.5_and,110009,4.2000000000000455,4.2000000000000455,1.431999999999864,1.431999999999864,1.4890626792792283,1.4890626792792283,0,0.0,,196224
stacked_low,0.0,q8_a1.5_and,110010,3.600000000000364,3.600000000000364,1.3920000000000534,1.3920000000000534,1.421165095210398,1.421165095210398,0,0.0,,196389
stacked_low,0.0,q8_a1.5_and,110011,4.800000000002001,4.800000000002001,1.551000000000348,1.551000000000348,1.5587579235412972,1.5587579235412972,0,0.0,,197668
stacked_low,0.0,q8_a1.5_and,110012,5.000000000001819,5.000000000001819,1.6159999999999055,1.6159999999999055,1.49783156344136,1.49783156344136,0,0.0,,196208
stacked_low,0.0,q8_a1.5_and,110013,4.999999999999659,4.999999999999659,1.4810000000002785,1.4810000000002785,1.4441769142748253,1.4441769142748253,0,0.0,,196256
stacked_low,0.0,q8_a1.5_and,110014,4.5999999999989996,4.5999999999989996,1.4560000000002054,1.4560000000002054,1.4650048345575568,1.4650048345575568,0,0.0,,196147
stacked_low,0.0,q8_a1.5_and,110015,4.199999999997999,4.199999999997999,1.4270000000000453,1.4270000000000453,1.4291304899851243,1.4291304899851243,0,0.0,,194271
stacked_low,0.0,q8_a1.5_and,110016,4.200000000006639,4.200000000006639,1.350000000000097,1.350000000000097,1.4232283135514174,1.4232283135514174,0,0.0,,196867
stacked_low,0.0,q8_a1.5_and,110017,4.999999999998863,4.999999999998863,1.4119999999999036,1.4119999999999036,1.444035301194449,1.444035301194449,0,0.0,,192756
stacked_low,0.0,q8_a1.5_and,110018,4.800000000002001,4.800000000002001,1.4900000000002158,1.4900000000002158,1.4991834170815972,1.4991834170815972,0,0.0,,194443
stacked_low,0.0,q8_a1.5_and,110019,3.9999999999972715,3.9999999999972715,1.4650000000003778,1.4650000000003778,1.496335215355722,1.496335215355722,0,0.0,,195245
stacked_low,0.0,q8_a1.5_and,110020,3.999999999999943,3.999999999999943,1.4020000000001844,1.4020000000001844,1.4884122030977236,1.4884122030977236,0,0.0,,196564
stacked_low,0.0,q8_a1.5_and,110021,4.999999999999545,4.999999999999545,1.5650000000000452,1.5650000000000452,1.4921494512554137,1.4921494512554137,0,0.0,,195096
stacked_low,0.0,q8_a1.5_and,110022,3.799999999999997,3.799999999999997,1.5670000000001736,1.5670000000001736,1.5399996721860731,1.5399996721860731,0,0.0,,194930
stacked_low,0.0,q8_a1.5_and,110023,3.8000000000000114,3.8000000000000114,1.4390000000001368,1.4390000000001368,1.4914645663096957,1.4914645663096957,0,0.0,,194364
stacked_low,0.0,q8_a1.5_and,110024,3.9999999999972715,3.9999999999972715,1.5210000000001171,1.5210000000001171,1.525613638079051,1.525613638079051,0,0.0,,195382
stacked_low,0.0,q8_a1.5_and,110025,3.7999999999999545,3.7999999999999545,1.3860000000002433,1.3860000000002433,1.473678284475148,1.473678284475148,0,0.0,,196143
stacked_low,0.0,q8_a1.5_and,110026,3.7999999999992724,3.7999999999992724,1.437000000000138,1.437000000000138,1.4260148181570207,1.4260148181570207,0,0.0,,195655
stacked_low,0.0,q8_a1.5_and,110027,4.999999999998181,4.999999999998181,1.5069999999999562,1.5069999999999562,1.5100723901690127,1.5100723901690127,0,0.0,,195972
stacked_low,0.0,q8_a1.5_and,110028,5.0,5.0,1.5330000000000623,1.5330000000000623,1.4915512154933765,1.4915512154933765,0,0.0,,198501
stacked_low,0.0,q8_a1.5_and,110029,5.199999999999818,5.199999999999818,1.581000000000326,1.581000000000326,1.4429310020780646,1.4429310020780646,0,0.0,,196484
stacked_low,0.5,q2_a0.8_or,110000,4.900000000000205,4.4999999999990905,1.5300000000001137,1.4810000000001384,1.4436081845723638,1.3627652153155325,50,1.0,1.0,203008
stacked_low,0.5,q2_a0.8_or,110001,4.7999999999999545,4.999999999999545,1.4804999999999375,1.499500000000039,1.3822375284416077,1.3540143414873271,50,1.0,1.0,202900
stacked_low,0.5,q2_a0.8_or,110002,4.999999999998181,5.199999999999989,1.4675000000001126,1.5985000000000837,1.4667411368918197,1.3247413733025548,50,1.0,1.0,203557
stacked_low,0.5,q2_a0.8_or,110003,4.699999999999818,4.499999999999545,1.4660000000002467,1.4675000000001739,1.4844822408092286,1.3432080650463616,50,1.0,1.0,203778
stacked_low,0.5,q2_a0.8_or,110004,5.199999999999591,4.8999999999991815,1.5690000000002686,1.4575000000001852,1.5134022980964672,1.3495392254964351,50,1.0,1.0,203856
stacked_low,0.5,q2_a0.8_or,110005,3.799999999999997,4.800000000002456,1.4425000000002433,1.5160000000002236,1.4967915485017078,1.3986666276304782,50,1.0,1.0,203911
stacked_low,0.5,q2_a0.8_or,110006,5.0,5.099999999999909,1.4965000000001367,1.534499999999898,1.5361012765160422,1.4314377557932227,50,1.0,1.0,202628
stacked_low,0.5,q2_a0.8_or,110007,5.099999999998772,4.999999999999318,1.5954999999999968,1.5220000000000562,1.5261166307197618,1.3680091532265461,50,1.0,1.0,204162
stacked_low,0.5,q2_a0.8_or,110008,4.900000000000546,5.0,1.5355000000000845,1.6270000000000804,1.5040920671121694,1.3615057666657409,50,1.0,1.0,203787
stacked_low,0.5,q2_a0.8_or,110009,4.7000000000000455,4.7000000000000455,1.4274999999997942,1.3559999999998675,1.4637527283406648,1.3491115409376087,50,1.0,1.0,204428
stacked_low,0.5,q2_a0.8_or,110010,5.199999999999363,4.9999999999990905,1.5800000000002883,1.4200000000004533,1.490831467690986,1.327187513790466,50,1.0,1.0,204660
stacked_low,0.5,q2_a0.8_or,110011,5.299999999998818,4.100000000003092,1.5230000000000388,1.4280000000002744,1.5282927201494474,1.352759860498532,50,1.0,1.0,206035
stacked_low,0.5,q2_a0.8_or,110012,5.100000000000364,4.399999999996453,1.595500000000033,1.5149999999998902,1.4887857204273869,1.3768631266778504,50,1.0,1.0,204129
stacked_low,0.5,q2_a0.8_or,110013,5.0,5.0,1.56650000000003,1.47800000000012,1.4872036610838153,1.3719315182112064,50,1.0,1.0,203350
stacked_low,0.5,q2_a0.8_or,110014,3.8000000000000114,5.000000000003183,1.4635000000001428,1.5410000000002069,1.4699785094058404,1.3846905535426646,50,1.0,1.0,203734
stacked_low,0.5,q2_a0.8_or,110015,3.8999999999987267,4.90000000000191,1.3904999999999648,1.5030000000000734,1.4600130185690148,1.319006317789769,50,1.0,1.0,203140
stacked_low,0.5,q2_a0.8_or,110016,5.000000000001819,4.600000000000136,1.5075000000000722,1.4560000000000994,1.454045979830211,1.344069769342837,50,1.0,1.0,204388
stacked_low,0.5,q2_a0.8_or,110017,4.9999999999990905,4.600000000001273,1.593999999999927,1.4885000000000053,1.477738244227461,1.3686266749809055,50,1.0,1.0,202696
stacked_low,0.5,q2_a0.8_or,110018,4.700000000000216,4.100000000001273,1.4730000000002703,1.3885000000001202,1.459050284921854,1.3795092058148142,49,0.98,1.0,203508
stacked_low,0.5,q2_a0.8_or,110019,4.099999999998545,4.7999999999995,1.4510000000005352,1.5230000000002684,1.525987410525822,1.3650931462867695,50,1.0,1.0,203723
stacked_low,0.5,q2_a0.8_or,110020,4.800000000003365,4.899999999999636,1.5560000000001057,1.472000000000164,1.4622384438886158,1.3713423749011324,50,1.0,1.0,204743
stacked_low,0.5,q2_a0.8_or,110021,4.200000000003456,4.899999999999636,1.4779999999999982,1.474500000000056,1.5113908214054246,1.4017927755284407,50,1.0,1.0,203135
stacked_low,0.5,q2_a0.8_or,110022,5.299999999999727,5.099999999999341,1.5790000000001458,1.5370000000001283,1.5459766451382715,1.395710338145479,50,1.0,1.0,203639
stacked_low,0.5,q2_a0.8_or,110023,4.899999999999409,4.699999999999704,1.5085000000002982,1.4895000000001601,1.492120954177344,1.3398278467993405,49,0.98,1.0,202733
stacked_low,0.5,q2_a0.8_or,110024,4.800000000000182,5.199999999999989,1.4905000000000856,1.589000000000049,1.482088415362482,1.3831485485325326,50,1.0,1.0,202314
stacked_low,0.5,q2_a0.8_or,110025,3.8000000000000114,3.59999999999809,1.3690000000001439,1.4070000000002694,1.5022965701212352,1.3751269531134087,50,1.0,1.0,203971
stacked_low,0.5,q2_a0.8_or,110026,3.800000000000182,5.2999999999999545,1.5010000000002588,1.5860000000000987,1.459311697970933,1.3665908468387804,50,1.0,1.0,204692
stacked_low,0.5,q2_a0.8_or,110027,5.0999999999989996,5.0,1.466499999999906,1.5375000000000485,1.4737663367185263,1.3566493369318269,50,1.0,1.0,204286
stacked_low,0.5,q2_a0.8_or,110028,5.300000000004275,4.600000000004002,1.5609999999999624,1.4815000000001732,1.5742444255438812,1.3616093971575642,50,1.0,1.0,203025
stacked_low,0.5,q2_a0.8_or,110029,5.3999999999991815,4.400000000003729,1.4995000000003813,1.4900000000003513,1.5016043215434351,1.3412238919705186,50,1.0,1.0,204057
stacked_low,0.5,q2_a0.8_and,110000,4.900000000000205,4.900000000000205,1.5300000000001137,1.5300000000001137,1.4436081845723638,1.4436081845723638,0,0.0,,196246
stacked_low,0.5,q2_a0.8_and,110001,4.7999999999999545,4.7999999999999545,1.4804999999999375,1.4804999999999375,1.3822375284416077,1.3822375284416077,0,0.0,,196604
stacked_low,0.5,q2_a0.8_and,110002,4.999999999998181,4.999999999998181,1.4675000000001126,1.4675000000001126,1.4667411368918197,1.4667411368918197,0,0.0,,195423
stacked_low,0.5,q2_a0.8_and,110003,4.699999999999818,4.699999999999818,1.4660000000002467,1.4660000000002467,1.4844822408092286,1.4844822408092286,0,0.0,,194936
stacked_low,0.5,q2_a0.8_and,110004,5.199999999999591,5.199999999999591,1.5690000000002686,1.5690000000002686,1.5134022980964672,1.5134022980964672,0,0.0,,195392
stacked_low,0.5,q2_a0.8_and,110005,3.799999999999997,3.799999999999997,1.4425000000002433,1.4425000000002433,1.4967915485017078,1.4967915485017078,0,0.0,,194668
stacked_low,0.5,q2_a0.8_and,110006,5.0,5.0,1.4965000000001367,1.4965000000001367,1.5361012765160422,1.5361012765160422,0,0.0,,195356
stacked_low,0.5,q2_a0.8_and,110007,5.099999999998772,5.099999999998772,1.5954999999999968,1.5954999999999968,1.5261166307197618,1.5261166307197618,0,0.0,,195862
stacked_low,0.5,q2_a0.8_and,110008,4.900000000000546,4.900000000000546,1.5355000000000845,1.5355000000000845,1.5040920671121694,1.5040920671121694,0,0.0,,195888
stacked_low,0.5,q2_a0.8_and,110009,4.7000000000000455,4.7000000000000455,1.4274999999997942,1.4274999999997942,1.4637527283406648,1.4637527283406648,0,0.0,,195791
stacked_low,0.5,q2_a0.8_and,110010,5.199999999999363,5.199999999999363,1.5800000000002883,1.5800000000002883,1.490831467690986,1.490831467690986,0,0.0,,196075
stacked_low,0.5,q2_a0.8_and,110011,5.299999999998818,5.299999999998818,1.5230000000000388,1.5230000000000388,1.5282927201494474,1.5282927201494474,0,0.0,,196802
stacked_low,0.5,q2_a0.8_and,110012,5.100000000000364,5.100000000000364,1.595500000000033,1.595500000000033,1.4887857204273869,1.4887857204273869,0,0.0,,195972
stacked_low,0.5,q2_a0.8_and,110013,5.0,5.0,1.56650000000003,1.56650000000003,1.4872036610838153,1.4872036610838153,0,0.0,,195502
stacked_low,0.5,q2_a0.8_and,110014,3.8000000000000114,3.8000000000000114,1.4635000000001428,1.4635000000001428,1.4699785094058404,1.4699785094058404,0,0.0,,196351
stacked_low,0.5,q2_a0.8_and,110015,3.8999999999987267,3.8999999999987267,1.3904999999999648,1.3904999999999648,1.4600130185690148,1.4600130185690148,0,0.0,,193839
stacked_low,0.5,q2_a0.8_and,110016,5.000000000001819,5.000000000001819,1.5075000000000722,1.5075000000000722,1.454045979830211,1.454045979830211,0,0.0,,195845
stacked_low,0.5,q2_a0.8_and,110017,4.9999999999990905,4.9999999999990905,1.593999999999927,1.593999999999927,1.477738244227461,1.477738244227461,0,0.0,,194340
stacked_low,0.5,q2_a0.8_and,110018,4.700000000000216,4.700000000000216,1.4730000000002703,1.4730000000002703,1.459050284921854,1.459050284921854,0,0.0,,195439
stacked_low,0.5,q2_a0.8_and,110019,4.099999999998545,4.099999999998545,1.4510000000005352,1.4510000000005352,1.525987410525822,1.525987410525822,0,0.0,,194348
stacked_low,0.5,q2_a0.8_and,110020,4.800000000003365,4.800000000003365,1.5560000000001057,1.5560000000001057,1.4622384438886158,1.4622384438886158,0,0.0,,196412
stacked_low,0.5,q2_a0.8_and,110021,4.200000000003456,4.200000000003456,1.4779999999999982,1.4779999999999982,1.5113908214054246,1.5113908214054246,0,0.0,,194154
stacked_low,0.5,q2_a0.8_and,110022,5.299999999999727,5.299999999999727,1.5790000000001458,1.5790000000001458,1.5459766451382715,1.5459766451382715,0,0.0,,194645
stacked_low,0.5,q2_a0.8_and,110023,4.899999999999409,4.899999999999409,1.5085000000002982,1.5085000000002982,1.492120954177344,1.492120954177344,0,0.0,,195794
stacked_low,0.5,q2_a0.8_and,110024,4.800000000000182,4.800000000000182,1.4905000000000856,1.4905000000000856,1.482088415362482,1.482088415362482,0,0.0,,194916
stacked_low,0.5,q2_a0.8_and,110025,3.8000000000000114,3.8000000000000114,1.3690000000001439,1.3690000000001439,1.5022965701212352,1.5022965701212352,0,0.0,,195426
stacked_low,0.5,q2_a0.8_and,110026,3.800000000000182,3.800000000000182,1.5010000000002588,1.5010000000002588,1.459311697970933,1.459311697970933,0,0.0,,195683
stacked_low,0.5,q2_a0.8_and,110027,5.0999999999989996,5.0999999999989996,1.466499999999906,1.466499999999906,1.4737663367185263,1.4737663367185263,0,0.0,,194842
stacked_low,0.5,q2_a0.8_and,110028,5.300000000004275,5.300000000004275,1.5609999999999624,1.5609999999999624,1.5742444255438812,1.5742444255438812,0,0.0,,197492
stacked_low,0.5,q2_a0.8_and,110029,5.3999999999991815,5.3999999999991815,1.4995000000003813,1.4995000000003813,1.5016043215434351,1.5016043215434351,0,0.0,,195646
stacked_low,0.5,q2_a1.5_or,110000,4.900000000000205,4.4999999999990905,1.5300000000001137,1.4810000000001384,1.4436081845723638,1.3627652153155325,50,1.0,1.0,203008
stacked_low,0.5,q2_a1.5_or,110001,4.7999999999999545,4.999999999999545,1.4804999999999375,1.499500000000039,1.3822375284416077,1.3540143414873271,50,1.0,1.0,202900
stacked_low,0.5,q2_a1.5_or,110002,4.999999999998181,5.199999999999989,1.4675000000001126,1.5985000000000837,1.4667411368918197,1.3247413733025548,50,1.0,1.0,203557
stacked_low,0.5,q2_a1.5_or,110003,4.699999999999818,4.499999999999545,1.4660000000002467,1.4675000000001739,1.4844822408092286,1.3432080650463616,50,1.0,1.0,203778
stacked_low,0.5,q2_a1.5_or,110004,5.199999999999591,4.8999999999991815,1.5690000000002686,1.4575000000001852,1.5134022980964672,1.3495392254964351,50,1.0,1.0,203856
stacked_low,0.5,q2_a1.5_or,110005,3.799999999999997,4.800000000002456,1.4425000000002433,1.5160000000002236,1.4967915485017078,1.3986666276304782,50,1.0,1.0,203911
stacked_low,0.5,q2_a1.5_or,110006,5.0,5.099999999999909,1.4965000000001367,1.534499999999898,1.5361012765160422,1.4314377557932227,50,1.0,1.0,202628
stacked_low,0.5,q2_a1.5_or,110007,5.099999999998772,4.999999999999318,1.5954999999999968,1.5220000000000562,1.5261166307197618,1.3680091532265461,50,1.0,1.0,204162
stacked_low,0.5,q2_a1.5_or,110008,4.900000000000546,5.0,1.5355000000000845,1.6270000000000804,1.5040920671121694,1.3615057666657409,50,1.0,1.0,203787
stacked_low,0.5,q2_a1.5_or,110009,4.7000000000000455,4.7000000000000455,1.4274999999997942,1.3559999999998675,1.4637527283406648,1.3491115409376087,50,1.0,1.0,204428
stacked_low,0.5,q2_a1.5_or,110010,5.199999999999363,4.9999999999990905,1.5800000000002883,1.4200000000004533,1.490831467690986,1.327187513790466,50,1.0,1.0,204660
stacked_low,0.5,q2_a1.5_or,110011,5.299999999998818,4.100000000003092,1.5230000000000388,1.4280000000002744,1.5282927201494474,1.352759860498532,50,1.0,1.0,206035
stacked_low,0.5,q2_a1.5_or,110012,5.100000000000364,4.399999999996453,1.595500000000033,1.5149999999998902,1.4887857204273869,1.3768631266778504,50,1.0,1.0,204129
stacked_low,0.5,q2_a1.5_or,110013,5.0,5.0,1.56650000000003,1.47800000000012,1.4872036610838153,1.3719315182112064,50,1.0,1.0,203350
stacked_low,0.5,q2_a1.5_or,110014,3.8000000000000114,5.000000000003183,1.4635000000001428,1.5410000000002069,1.4699785094058404,1.3846905535426646,50,1.0,1.0,203734
stacked_low,0.5,q2_a1.5_or,110015,3.8999999999987267,4.90000000000191,1.3904999999999648,1.5030000000000734,1.4600130185690148,1.319006317789769,50,1.0,1.0,203140
stacked_low,0.5,q2_a1.5_or,110016,5.000000000001819,4.600000000000136,1.5075000000000722,1.4560000000000994,1.454045979830211,1.344069769342837,50,1.0,1.0,204388
stacked_low,0.5,q2_a1.5_or,110017,4.9999999999990905,4.600000000001273,1.593999999999927,1.4885000000000053,1.477738244227461,1.3686266749809055,50,1.0,1.0,202696
stacked_low,0.5,q2_a1.5_or,110018,4.700000000000216,4.100000000001273,1.4730000000002703,1.3885000000001202,1.459050284921854,1.3795092058148142,49,0.98,1.0,203508
stacked_low,0.5,q2_a1.5_or,110019,4.099999999998545,4.7999999999995,1.4510000000005352,1.5230000000002684,1.525987410525822,1.3650931462867695,50,1.0,1.0,203723
stacked_low,0.5,q2_a1.5_or,110020,4.800000000003365,4.899999999999636,1.5560000000001057,1.472000000000164,1.4622384438886158,1.3713423749011324,50,1.0,1.0,204743
stacked_low,0.5,q2_a1.5_or,110021,4.200000000003456,4.899999999999636,1.4779999999999982,1.474500000000056,1.5113908214054246,1.4017927755284407,50,1.0,1.0,203135
stacked_low,0.5,q2_a1.5_or,110022,5.299999999999727,5.099999999999341,1.5790000000001458,1.5370000000001283,1.5459766451382715,1.395710338145479,50,1.0,1.0,203639
stacked_low,0.5,q2_a1.5_or,110023,4.899999999999409,4.699999999999704,1.5085000000002982,1.4895000000001601,1.492120954177344,1.3398278467993405,49,0.98,1.0,202733
stacked_low,0.5,q2_a1.5_or,110024,4.800000000000182,5.199999999999989,1.4905000000000856,1.589000000000049,1.482088415362482,1.3831485485325326,50,1.0,1.0,202314
stacked_low,0.5,q2_a1.5_or,110025,3.8000000000000114,3.59999999999809,1.3690000000001439,1.4070000000002694,1.5022965701212352,1.3751269531134087,50,1.0,1.0,203971
stacked_low,0.5,q2_a1.5_or,110026,3.800000000000182,5.2999999999999545,1.5010000000002588,1.5860000000000987,1.459311697970933,1.3665908468387804,50,1.0,1.0,204692
stacked_low,0.5,q2_a1.5_or,110027,5.0999999999989996,5.0,1.466499999999906,1.5375000000000485,1.4737663367185263,1.3566493369318269,50,1.0,1.0,204286
stacked_low,0.5,q2_a1.5_or,110028,5.300000000004275,4.600000000004002,1.5609999999999624,1.4815000000001732,1.5742444255438812,1.3616093971575642,50,1.0,1.0,203025
stacked_low,0.5,q2_a1.5_or,110029,5.3999999999991815,4.400000000003729,1.4995000000003813,1.4900000000003513,1.5016043215434351,1.3412238919705186,50,1.0,1.0,204057
stacked_low,0.5,q2_a1.5_and,110000,4.900000000000205,4.900000000000205,1.5300000000001137,1.5300000000001137,1.4436081845723638,1.4436081845723638,0,0.0,,196246
stacked_low,0.5,q2_a1.5_and,110001,4.7999999999999545,4.7999999999999545,1.4804999999999375,1.4804999999999375,1.3822375284416077,1.3822375284416077,0,0.0,,196604
stacked_low,0.5,q2_a1.5_and,110002,4.999999999998181,4.999999999998181,1.4675000000001126,1.4675000000001126,1.4667411368918197,1.4667411368918197,0,0.0,,195423
stacked_low,0.5,q2_a1.5_and,110003,4.699999999999818,4.699999999999818,1.4660000000002467,1.4660000000002467,1.4844822408092286,1.4844822408092286,0,0.0,,194936
stacked_low,0.5,q2_a1.5_and,110004,5.199999999999591,5.199999999999591,1.5690000000002686,1.5690000000002686,1.5134022980964672,1.5134022980964672,0,0.0,,195392
stacked_low,0.5,q2_a1.5_and,110005,3.799999999999997,3.799999999999997,1.4425000000002433,1.4425000000002433,1.4967915485017078,1.4967915485017078,0,0.0,,194668
stacked_low,0.5,q2_a1.5_and,110006,5.0,5.0,1.4965000000001367,1.4965000000001367,1.5361012765160422,1.5361012765160422,0,0.0,,195356
stacked_low,0.5,q2_a1.5_and,110007,5.099999999998772,5.099999999998772,1.5954999999999968,1.5954999999999968,1.5261166307197618,1.5261166307197618,0,0.0,,195862
stacked_low,0.5,q2_a1.5_and,110008,4.900000000000546,4.900000000000546,1.5355000000000845,1.5355000000000845,1.5040920671121694,1.5040920671121694,0,0.0,,195888
stacked_low,0.5,q2_a1.5_and,110009,4.7000000000000455,4.7000000000000455,1.4274999999997942,1.4274999999997942,1.4637527283406648,1.4637527283406648,0,0.0,,195791
stacked_low,0.5,q2_a1.5_and,110010,5.199999999999363,5.199999999999363,1.5800000000002883,1.5800000000002883,1.490831467690986,1.490831467690986,0,0.0,,196075
stacked_low,0.5,q2_a1.5_and,110011,5.299999999998818,5.299999999998818,1.5230000000000388,1.5230000000000388,1.5282927201494474,1.5282927201494474,0,0.0,,196802
stacked_low,0.5,q2_a1.5_and,110012,5.100000000000364,5.100000000000364,1.595500000000033,1.595500000000033,1.4887857204273869,1.4887857204273869,0,0.0,,195972
stacked_low,0.5,q2_a1.5_and,110013,5.0,5.0,1.56650000000003,1.56650000000003,1.4872036610838153,1.4872036610838153,0,0.0,,195502
stacked_low,0.5,q2_a1.5_and,110014,3.8000000000000114,3.8000000000000114,1.4635000000001428,1.4635000000001428,1.4699785094058404,1.4699785094058404,0,0.0,,196351
stacked_low,0.5,q2_a1.5_and,110015,3.8999999999987267,3.8999999999987267,1.3904999999999648,1.3904999999999648,1.4600130185690148,1.4600130185690148,0,0.0,,193839
stacked_low,0.5,q2_a1.5_and,110016,5.000000000001819,5.000000000001819,1.5075000000000722,1.5075000000000722,1.454045979830211,1.454045979830211,0,0.0,,195845
stacked_low,0.5,q2_a1.5_and,110017,4.9999999999990905,4.9999999999990905,1.593999999999927,1.593999999999927,1.477738244227461,1.477738244227461,0,0.0,,194340
stacked_low,0.5,q2_a1.5_and,110018,4.700000000000216,4.700000000000216,1.4730000000002703,1.4730000000002703,1.459050284921854,1.459050284921854,0,0.0,,195439
stacked_low,0.5,q2_a1.5_and,110019,4.099999999998545,4.099999999998545,1.4510000000005352,1.4510000000005352,1.525987410525822,1.525987410525822,0,0.0,,194348
stacked_low,0.5,q2_a1.5_and,110020,4.800000000003365,4.800000000003365,1.5560000000001057,1.5560000000001057,1.4622384438886158,1.4622384438886158,0,0.0,,196412
stacked_low,0.5,q2_a1.5_and,110021,4.200000000003456,4.200000000003456,1.4779999999999982,1.4779999999999982,1.5113908214054246,1.5113908214054246,0,0.0,,194154
stacked_low,0.5,q2_a1.5_and,110022,5.299999999999727,5.299999999999727,1.5790000000001458,1.5790000000001458,1.5459766451382715,1.5459766451382715,0,0.0,,194645
stacked_low,0.5,q2_a1.5_and,110023,4.899999999999409,4.899999999999409,1.5085000000002982,1.5085000000002982,1.492120954177344,1.492120954177344,0,0.0,,195794
stacked_low,0.5,q2_a1.5_and,110024,4.800000000000182,4.800000000000182,1.4905000000000856,1.4905000000000856,1.482088415362482,1.482088415362482,0,0.0,,194916
stacked_low,0.5,q2_a1.5_and,110025,3.8000000000000114,3.8000000000000114,1.3690000000001439,1.3690000000001439,1.5022965701212352,1.5022965701212352,0,0.0,,195426
stacked_low,0.5,q2_a1.5_and,110026,3.800000000000182,3.800000000000182,1.5010000000002588,1.5010000000002588,1.459311697970933,1.459311697970933,0,0.0,,195683
stacked_low,0.5,q2_a1.5_and,110027,5.0999999999989996,5.0999999999989996,1.466499999999906,1.466499999999906,1.4737663367185263,1.4737663367185263,0,0.0,,194842
stacked_low,0.5,q2_a1.5_and,110028,5.300000000004275,5.300000000004275,1.5609999999999624,1.5609999999999624,1.5742444255438812,1.5742444255438812,0,0.0,,197492
stacked_low,0.5,q2_a1.5_and,110029,5.3999999999991815,5.3999999999991815,1.4995000000003813,1.4995000000003813,1.5016043215434351,1.5016043215434351,0,0.0,,195646
stacked_low,0.5,q4_a0.8_or,110000,4.900000000000205,4.900000000000205,1.5300000000001137,1.5300000000001137,1.4436081845723638,1.4436081845723638,0,0.0,,196246
stacked_low,0.5,q4_a0.8_or,110001,4.7999999999999545,4.7999999999999545,1.4804999999999375,1.4804999999999375,1.3822375284416077,1.3822375284416077,0,0.0,,196604
stacked_low,0.5,q4_a0.8_or,110002,4.999999999998181,4.999999999998181,1.4675000000001126,1.4675000000001126,1.4667411368918197,1.4667411368918197,0,0.0,,195423
stacked_low,0.5,q4_a0.8_or,110003,4.699999999999818,4.699999999999818,1.4660000000002467,1.4660000000002467,1.4844822408092286,1.4844822408092286,0,0.0,,194936
stacked_low,0.5,q4_a0.8_or,110004,5.199999999999591,5.199999999999591,1.5690000000002686,1.5690000000002686,1.5134022980964672,1.5134022980964672,0,0.0,,195392
stacked_low,0.5,q4_a0.8_or,110005,3.799999999999997,3.799999999999997,1.4425000000002433,1.4425000000002433,1.4967915485017078,1.4967915485017078,0,0.0,,194668
stacked_low,0.5,q4_a0.8_or,110006,5.0,5.0,1.4965000000001367,1.4965000000001367,1.5361012765160422,1.5361012765160422,0,0.0,,195356
stacked_low,0.5,q4_a0.8_or,110007,5.099999999998772,5.099999999998772,1.5954999999999968,1.5954999999999968,1.5261166307197618,1.5261166307197618,0,0.0,,195862
stacked_low,0.5,q4_a0.8_or,110008,4.900000000000546,4.900000000000546,1.5355000000000845,1.5355000000000845,1.5040920671121694,1.5040920671121694,0,0.0,,195888
stacked_low,0.5,q4_a0.8_or,110009,4.7000000000000455,4.7000000000000455,1.4274999999997942,1.4274999999997942,1.4637527283406648,1.4637527283406648,0,0.0,,195791
stacked_low,0.5,q4_a0.8_or,110010,5.199999999999363,5.199999999999363,1.5800000000002883,1.5800000000002883,1.490831467690986,1.490831467690986,0,0.0,,196075
stacked_low,0.5,q4_a0.8_or,110011,5.299999999998818,5.299999999998818,1.5230000000000388,1.5230000000000388,1.5282927201494474,1.5282927201494474,0,0.0,,196802
stacked_low,0.5,q4_a0.8_or,110012,5.100000000000364,5.100000000000364,1.595500000000033,1.595500000000033,1.4887857204273869,1.4887857204273869,0,0.0,,195972
stacked_low,0.5,q4_a0.8_or,110013,5.0,5.0,1.56650000000003,1.56650000000003,1.4872036610838153,1.4872036610838153,0,0.0,,195502
stacked_low,0.5,q4_a0.8_or,110014,3.8000000000000114,3.8000000000000114,1.4635000000001428,1.4635000000001428,1.4699785094058404,1.4699785094058404,0,0.0,,196351
stacked_low,0.5,q4_a0.8_or,110015,3.8999999999987267,3.8999999999987267,1.3904999999999648,1.3904999999999648,1.4600130185690148,1.4600130185690148,0,0.0,,193839
stacked_low,0.5,q4_a0.8_or,110016,5.000000000001819,5.000000000001819,1.5075000000000722,1.5075000000000722,1.454045979830211,1.454045979830211,0,0.0,,195845
stacked_low,0.5,q4_a0.8_or,110017,4.9999999999990905,4.9999999999990905,1.593999999999927,1.593999999999927,1.477738244227461,1.477738244227461,0,0.0,,194340
stacked_low,0.5,q4_a0.8_or,110018,4.700000000000216,4.700000000000216,1.4730000000002703,1.4730000000002703,1.459050284921854,1.459050284921854,0,0.0,,195439
stacked_low,0.5,q4_a0.8_or,110019,4.099999999998545,4.099999999998545,1.4510000000005352,1.4510000000005352,1.525987410525822,1.525987410525822,0,0.0,,194348
stacked_low,0.5,q4_a0.8_or,110020,4.800000000003365,4.800000000003365,1.5560000000001057,1.5560000000001057,1.4622384438886158,1.4622384438886158,0,0.0,,196412
stacked_low,0.5,q4_a0.8_or,110021,4.200000000003456,4.200000000003456,1.4779999999999982,1.4779999999999982,1.5113908214054246,1.5113908214054246,0,0.0,,194154
stacked_low,0.5,q4_a0.8_or,110022,5.299999999999727,5.299999999999727,1.5790000000001458,1.5790000000001458,1.5459766451382715,1.5459766451382715,0,0.0,,194645
stacked_low,0.5,q4_a0.8_or,110023,4.899999999999409,4.899999999999409,1.5085000000002982,1.5085000000002982,1.492120954177344,1.492120954177344,0,0.0,,195794
stacked_low,0.5,q4_a0.8_or,110024,4.800000000000182,4.800000000000182,1.4905000000000856,1.4905000000000856,1.482088415362482,1.482088415362482,0,0.0,,194916
stacked_low,0.5,q4_a0.8_or,110025,3.8000000000000114,3.8000000000000114,1.3690000000001439,1.3690000000001439,1.5022965701212352,1.5022965701212352,0,0.0,,195426
stacked_low,0.5,q4_a0.8_or,110026,3.800000000000182,3.800000000000182,1.5010000000002588,1.5010000000002588,1.459311697970933,1.459311697970933,0,0.0,,195683
stacked_low,0.5,q4_a0.8_or,110027,5.0999999999989996,5.0999999999989996,1.466499999999906,1.466499999999906,1.4737663367185263,1.4737663367185263,0,0.0,,194842
stacked_low,0.5,q4_a0.8_or,110028,5.300000000004275,5.300000000004275,1.5609999999999624,1.5609999999999624,1.5742444255438812,1.5742444255438812,0,0.0,,197492
stacked_low,0.5,q4_a0.8_or,110029,5.3999999999991815,5.3999999999991815,1.4995000000003813,1.4995000000003813,1.5016043215434351,1.5016043215434351,0,0.0,,195646
stacked_low,0.5,q4_a0.8_and,110000,4.900000000000205,4.900000000000205,1.5300000000001137,1.5300000000001137,1.4436081845723638,1.4436081845723638,0,0.0,,196246
stacked_low,0.5,q4_a0.8_and,110001,4.7999999999999545,4.7999999999999545,1.4804999999999375,1.4804999999999375,1.3822375284416077,1.3822375284416077,0,0.0,,196604
stacked_low,0.5,q4_a0.8_and,110002,4.999999999998181,4.999999999998181,1.4675000000001126,1.4675000000001126,1.4667411368918197,1.4667411368918197,0,0.0,,195423
stacked_low,0.5,q4_a0.8_and,110003,4.699999999999818,4.699999999999818,1.4660000000002467,1.4660000000002467,1.4844822408092286,1.4844822408092286,0,0.0,,194936
stacked_low,0.5,q4_a0.8_and,110004,5.199999999999591,5.199999999999591,1.5690000000002686,1.5690000000002686,1.5134022980964672,1.5134022980964672,0,0.0,,195392
stacked_low,0.5,q4_a0.8_and,110005,3.799999999999997,3.799999999999997,1.4425000000002433,1.4425000000002433,1.4967915485017078,1.4967915485017078,0,0.0,,194668
stacked_low,0.5,q4_a0.8_and,110006,5.0,5.0,1.4965000000001367,1.4965000000001367,1.5361012765160422,1.5361012765160422,0,0.0,,195356
stacked_low,0.5,q4_a0.8_and,110007,5.099999999998772,5.099999999998772,1.5954999999999968,1.5954999999999968,1.5261166307197618,1.5261166307197618,0,0.0,,195862
stacked_low,0.5,q4_a0.8_and,110008,4.900000000000546,4.900000000000546,1.5355000000000845,1.5355000000000845,1.5040920671121694,1.5040920671121694,0,0.0,,195888
stacked_low,0.5,q4_a0.8_and,110009,4.7000000000000455,4.7000000000000455,1.4274999999997942,1.4274999999997942,1.4637527283406648,1.4637527283406648,0,0.0,,195791
stacked_low,0.5,q4_a0.8_and,110010,5.199999999999363,5.199999999999363,1.5800000000002883,1.5800000000002883,1.490831467690986,1.490831467690986,0,0.0,,196075
stacked_low,0.5,q4_a0.8_and,110011,5.299999999998818,5.299999999998818,1.5230000000000388,1.5230000000000388,1.5282927201494474,1.5282927201494474,0,0.0,,196802
stacked_low,0.5,q4_a0.8_and,110012,5.100000000000364,5.100000000000364,1.595500000000033,1.595500000000033,1.4887857204273869,1.4887857204273869,0,0.0,,195972
stacked_low,0.5,q4_a0.8_and,110013,5.0,5.0,1.56650000000003,1.56650000000003,1.4872036610838153,1.4872036610838153,0,0.0,,195502
stacked_low,0.5,q4_a0.8_and,110014,3.8000000000000114,3.8000000000000114,1.4635000000001428,1.4635000000001428,1.4699785094058404,1.4699785094058404,0,0.0,,196351
stacked_low,0.5,q4_a0.8_and,110015,3.8999999999987267,3.8999999999987267,1.3904999999999648,1.3904999999999648,1.4600130185690148,1.4600130185690148,0,0.0,,193839
stacked_low,0.5,q4_a0.8_and,110016,5.000000000001819,5.000000000001819,1.5075000000000722,1.5075000000000722,1.454045979830211,1.454045979830211,0,0.0,,195845
stacked_low,0.5,q4_a0.8_and,110017,4.9999999999990905,4.9999999999990905,1.593999999999927,1.593999999999927,1.477738244227461,1.477738244227461,0,0.0,,194340
stacked_low,0.5,q4_a0.8_and,110018,4.700000000000216,4.700000000000216,1.4730000000002703,1.4730000000002703,1.459050284921854,1.459050284921854,0,0.0,,195439
stacked_low,0.5,q4_a0.8_and,110019,4.099999999998545,4.099999999998545,1.4510000000005352,1.4510000000005352,1.525987410525822,1.525987410525822,0,0.0,,194348
stacked_low,0.5,q4_a0.8_and,110020,4.800000000003365,4.800000000003365,1.5560000000001057,1.5560000000001057,1.4622384438886158,1.4622384438886158,0,0.0,,196412
stacked_low,0.5,q4_a0.8_and,110021,4.200000000003456,4.200000000003456,1.4779999999999982,1.4779999999999982,1.5113908214054246,1.5113908214054246,0,0.0,,194154
stacked_low,0.5,q4_a0.8_and,110022,5.299999999999727,5.299999999999727,1.5790000000001458,1.5790000000001458,1.5459766451382715,1.5459766451382715,0,0.0,,194645
stacked_low,0.5,q4_a0.8_and,110023,4.899999999999409,4.899999999999409,1.5085000000002982,1.5085000000002982,1.492120954177344,1.492120954177344,0,0.0,,195794
stacked_low,0.5,q4_a0.8_and,110024,4.800000000000182,4.800000000000182,1.4905000000000856,1.4905000000000856,1.482088415362482,1.482088415362482,0,0.0,,194916
stacked_low,0.5,q4_a0.8_and,110025,3.8000000000000114,3.8000000000000114,1.3690000000001439,1.3690000000001439,1.5022965701212352,1.5022965701212352,0,0.0,,195426
stacked_low,0.5,q4_a0.8_and,110026,3.800000000000182,3.800000000000182,1.5010000000002588,1.5010000000002588,1.459311697970933,1.459311697970933,0,0.0,,195683
stacked_low,0.5,q4_a0.8_and,110027,5.0999999999989996,5.0999999999989996,1.466499999999906,1.466499999999906,1.4737663367185263,1.4737663367185263,0,0.0,,194842
stacked_low,0.5,q4_a0.8_and,110028,5.300000000004275,5.300000000004275,1.5609999999999624,1.5609999999999624,1.5742444255438812,1.5742444255438812,0,0.0,,197492
stacked_low,0.5,q4_a0.8_and,110029,5.3999999999991815,5.3999999999991815,1.4995000000003813,1.4995000000003813,1.5016043215434351,1.5016043215434351,0,0.0,,195646
stacked_low,0.5,q4_a1.5_or,110000,4.900000000000205,4.900000000000205,1.5300000000001137,1.5300000000001137,1.4436081845723638,1.4436081845723638,0,0.0,,196246
stacked_low,0.5,q4_a1.5_or,110001,4.7999999999999545,4.7999999999999545,1.4804999999999375,1.4804999999999375,1.3822375284416077,1.3822375284416077,0,0.0,,196604
stacked_low,0.5,q4_a1.5_or,110002,4.999999999998181,4.999999999998181,1.4675000000001126,1.4675000000001126,1.4667411368918197,1.4667411368918197,0,0.0,,195423
stacked_low,0.5,q4_a1.5_or,110003,4.699999999999818,4.699999999999818,1.4660000000002467,1.4660000000002467,1.4844822408092286,1.4844822408092286,0,0.0,,194936
stacked_low,0.5,q4_a1.5_or,110004,5.199999999999591,5.199999999999591,1.5690000000002686,1.5690000000002686,1.5134022980964672,1.5134022980964672,0,0.0,,195392
stacked_low,0.5,q4_a1.5_or,110005,3.799999999999997,3.799999999999997,1.4425000000002433,1.4425000000002433,1.4967915485017078,1.4967915485017078,0,0.0,,194668
stacked_low,0.5,q4_a1.5_or,110006,5.0,5.0,1.4965000000001367,1.4965000000001367,1.5361012765160422,1.5361012765160422,0,0.0,,195356
stacked_low,0.5,q4_a1.5_or,110007,5.099999999998772,5.099999999998772,1.5954999999999968,1.5954999999999968,1.5261166307197618,1.5261166307197618,0,0.0,,195862
stacked_low,0.5,q4_a1.5_or,110008,4.900000000000546,4.900000000000546,1.5355000000000845,1.5355000000000845,1.5040920671121694,1.5040920671121694,0,0.0,,195888
stacked_low,0.5,q4_a1.5_or,110009,4.7000000000000455,4.7000000000000455,1.4274999999997942,1.4274999999997942,1.4637527283406648,1.4637527283406648,0,0.0,,195791
stacked_low,0.5,q4_a1.5_or,110010,5.199999999999363,5.199999999999363,1.5800000000002883,1.5800000000002883,1.490831467690986,1.490831467690986,0,0.0,,196075
stacked_low,0.5,q4_a1.5_or,110011,5.299999999998818,5.299999999998818,1.5230000000000388,1.5230000000000388,1.5282927201494474,1.5282927201494474,0,0.0,,196802
stacked_low,0.5,q4_a1.5_or,110012,5.100000000000364,5.100000000000364,1.595500000000033,1.595500000000033,1.4887857204273869,1.4887857204273869,0,0.0,,195972
stacked_low,0.5,q4_a1.5_or,110013,5.0,5.0,1.56650000000003,1.56650000000003,1.4872036610838153,1.4872036610838153,0,0.0,,195502
stacked_low,0.5,q4_a1.5_or,110014,3.8000000000000114,3.8000000000000114,1.4635000000001428,1.4635000000001428,1.4699785094058404,1.4699785094058404,0,0.0,,196351
stacked_low,0.5,q4_a1.5_or,110015,3.8999999999987267,3.8999999999987267,1.3904999999999648,1.3904999999999648,1.4600130185690148,1.4600130185690148,0,0.0,,193839
stacked_low,0.5,q4_a1.5_or,110016,5.000000000001819,5.000000000001819,1.5075000000000722,1.5075000000000722,1.454045979830211,1.454045979830211,0,0.0,,195845
stacked_low,0.5,q4_a1.5_or,110017,4.9999999999990905,4.9999999999990905,1.593999999999927,1.593999999999927,1.477738244227461,1.477738244227461,0,0.0,,194340
stacked_low,0.5,q4_a1.5_or,110018,4.700000000000216,4.700000000000216,1.4730000000002703,1.4730000000002703,1.459050284921854,1.459050284921854,0,0.0,,195439
stacked_low,0.5,q4_a1.5_or,110019,4.099999999998545,4.099999999998545,1.4510000000005352,1.4510000000005352,1.525987410525822,1.525987410525822,0,0.0,,194348
stacked_low,0.5,q4_a1.5_or,110020,4.800000000003365,4.800000000003365,1.5560000000001057,1.5560000000001057,1.4622384438886158,1.4622384438886158,0,0.0,,196412
stacked_low,0.5,q4_a1.5_or,110021,4.200000000003456,4.200000000003456,1.4779999999999982,1.4779999999999982,1.5113908214054246,1.5113908214054246,0,0.0,,194154
stacked_low,0.5,q4_a1.5_or,110022,5.299999999999727,5.299999999999727,1.5790000000001458,1.5790000000001458,1.5459766451382715,1.5459766451382715,0,0.0,,194645
stacked_low,0.5,q4_a1.5_or,110023,4.899999999999409,4.899999999999409,1.5085000000002982,1.5085000000002982,1.492120954177344,1.492120954177344,0,0.0,,195794
stacked_low,0.5,q4_a1.5_or,110024,4.800000000000182,4.800000000000182,1.4905000000000856,1.4905000000000856,1.482088415362482,1.482088415362482,0,0.0,,194916
stacked_low,0.5,q4_a1.5_or,110025,3.8000000000000114,3.8000000000000114,1.3690000000001439,1.3690000000001439,1.5022965701212352,1.5022965701212352,0,0.0,,195426
stacked_low,0.5,q4_a1.5_or,110026,3.800000000000182,3.800000000000182,1.5010000000002588,1.5010000000002588,1.459311697970933,1.459311697970933,0,0.0,,195683
stacked_low,0.5,q4_a1.5_or,110027,5.0999999999989996,5.0999999999989996,1.466499999999906,1.466499999999906,1.4737663367185263,1.4737663367185263,0,0.0,,194842
stacked_low,0.5,q4_a1.5_or,110028,5.300000000004275,5.300000000004275,1.5609999999999624,1.5609999999999624,1.5742444255438812,1.5742444255438812,0,0.0,,197492
stacked_low,0.5,q4_a1.5_or,110029,5.3999999999991815,5.3999999999991815,1.4995000000003813,1.4995000000003813,1.5016043215434351,1.5016043215434351,0,0.0,,195646
stacked_low,0.5,q4_a1.5_and,110000,4.900000000000205,4.900000000000205,1.5300000000001137,1.5300000000001137,1.4436081845723638,1.4436081845723638,0,0.0,,196246
stacked_low,0.5,q4_a1.5_and,110001,4.7999999999999545,4.7999999999999545,1.4804999999999375,1.4804999999999375,1.3822375284416077,1.3822375284416077,0,0.0,,196604
stacked_low,0.5,q4_a1.5_and,110002,4.999999999998181,4.999999999998181,1.4675000000001126,1.4675000000001126,1.4667411368918197,1.4667411368918197,0,0.0,,195423
stacked_low,0.5,q4_a1.5_and,110003,4.699999999999818,4.699999999999818,1.4660000000002467,1.4660000000002467,1.4844822408092286,1.4844822408092286,0,0.0,,194936
stacked_low,0.5,q4_a1.5_and,110004,5.199999999999591,5.199999999999591,1.5690000000002686,1.5690000000002686,1.5134022980964672,1.5134022980964672,0,0.0,,195392
stacked_low,0.5,q4_a1.5_and,110005,3.799999999999997,3.799999999999997,1.4425000000002433,1.4425000000002433,1.4967915485017078,1.4967915485017078,0,0.0,,194668
stacked_low,0.5,q4_a1.5_and,110006,5.0,5.0,1.4965000000001367,1.4965000000001367,1.5361012765160422,1.5361012765160422,0,0.0,,195356
stacked_low,0.5,q4_a1.5_and,110007,5.099999999998772,5.099999999998772,1.5954999999999968,1.5954999999999968,1.5261166307197618,1.5261166307197618,0,0.0,,195862
stacked_low,0.5,q4_a1.5_and,110008,4.900000000000546,4.900000000000546,1.5355000000000845,1.5355000000000845,1.5040920671121694,1.5040920671121694,0,0.0,,195888
stacked_low,0.5,q4_a1.5_and,110009,4.7000000000000455,4.7000000000000455,1.4274999999997942,1.4274999999997942,1.4637527283406648,1.4637527283406648,0,0.0,,195791
stacked_low,0.5,q4_a1.5_and,110010,5.199999999999363,5.199999999999363,1.5800000000002883,1.5800000000002883,1.490831467690986,1.490831467690986,0,0.0,,196075
stacked_low,0.5,q4_a1.5_and,110011,5.299999999998818,5.299999999998818,1.5230000000000388,1.5230000000000388,1.5282927201494474,1.5282927201494474,0,0.0,,196802
stacked_low,0.5,q4_a1.5_and,110012,5.100000000000364,5.100000000000364,1.595500000000033,1.595500000000033,1.4887857204273869,1.4887857204273869,0,0.0,,195972
stacked_low,0.5,q4_a1.5_and,110013,5.0,5.0,1.56650000000003,1.56650000000003,1.4872036610838153,1.4872036610838153,0,0.0,,195502
stacked_low,0.5,q4_a1.5_and,110014,3.8000000000000114,3.8000000000000114,1.4635000000001428,1.4635000000001428,1.4699785094058404,1.4699785094058404,0,0.0,,196351
stacked_low,0.5,q4_a1.5_and,110015,3.8999999999987267,3.8999999999987267,1.3904999999999648,1.3904999999999648,1.4600130185690148,1.4600130185690148,0,0.0,,193839
stacked_low,0.5,q4_a1.5_and,110016,5.000000000001819,5.000000000001819,1.5075000000000722,1.5075000000000722,1.454045979830211,1.454045979830211,0,0.0,,195845
stacked_low,0.5,q4_a1.5_and,110017,4.9999999999990905,4.9999999999990905,1.593999999999927,1.593999999999927,1.477738244227461,1.477738244227461,0,0.0,,194340
stacked_low,0.5,q4_a1.5_and,110018,4.700000000000216,4.700000000000216,1.4730000000002703,1.4730000000002703,1.459050284921854,1.459050284921854,0,0.0,,195439
stacked_low,0.5,q4_a1.5_and,110019,4.099999999998545,4.099999999998545,1.4510000000005352,1.4510000000005352,1.525987410525822,1.525987410525822,0,0.0,,194348
stacked_low,0.5,q4_a1.5_and,110020,4.800000000003365,4.800000000003365,1.5560000000001057,1.5560000000001057,1.4622384438886158,1.4622384438886158,0,0.0,,196412
stacked_low,0.5,q4_a1.5_and,110021,4.200000000003456,4.200000000003456,1.4779999999999982,1.4779999999999982,1.5113908214054246,1.5113908214054246,0,0.0,,194154
stacked_low,0.5,q4_a1.5_and,110022,5.299999999999727,5.299999999999727,1.5790000000001458,1.5790000000001458,1.5459766451382715,1.5459766451382715,0,0.0,,194645
stacked_low,0.5,q4_a1.5_and,110023,4.899999999999409,4.899999999999409,1.5085000000002982,1.5085000000002982,1.492120954177344,1.492120954177344,0,0.0,,195794
stacked_low,0.5,q4_a1.5_and,110024,4.800000000000182,4.800000000000182,1.4905000000000856,1.4905000000000856,1.482088415362482,1.482088415362482,0,0.0,,194916
stacked_low,0.5,q4_a1.5_and,110025,3.8000000000000114,3.8000000000000114,1.3690000000001439,1.3690000000001439,1.5022965701212352,1.5022965701212352,0,0.0,,195426
stacked_low,0.5,q4_a1.5_and,110026,3.800000000000182,3.800000000000182,1.5010000000002588,1.5010000000002588,1.459311697970933,1.459311697970933,0,0.0,,195683
stacked_low,0.5,q4_a1.5_and,110027,5.0999999999989996,5.0999999999989996,1.466499999999906,1.466499999999906,1.4737663367185263,1.4737663367185263,0,0.0,,194842
stacked_low,0.5,q4_a1.5_and,110028,5.300000000004275,5.300000000004275,1.5609999999999624,1.5609999999999624,1.5742444255438812,1.5742444255438812,0,0.0,,197492
stacked_low,0.5,q4_a1.5_and,110029,5.3999999999991815,5.3999999999991815,1.4995000000003813,1.4995000000003813,1.5016043215434351,1.5016043215434351,0,0.0,,195646
stacked_low,0.5,q8_a0.8_or,110000,4.900000000000205,4.900000000000205,1.5300000000001137,1.5300000000001137,1.4436081845723638,1.4436081845723638,0,0.0,,196246
stacked_low,0.5,q8_a0.8_or,110001,4.7999999999999545,4.7999999999999545,1.4804999999999375,1.4804999999999375,1.3822375284416077,1.3822375284416077,0,0.0,,196604
stacked_low,0.5,q8_a0.8_or,110002,4.999999999998181,4.999999999998181,1.4675000000001126,1.4675000000001126,1.4667411368918197,1.4667411368918197,0,0.0,,195423
stacked_low,0.5,q8_a0.8_or,110003,4.699999999999818,4.699999999999818,1.4660000000002467,1.4660000000002467,1.4844822408092286,1.4844822408092286,0,0.0,,194936
stacked_low,0.5,q8_a0.8_or,110004,5.199999999999591,5.199999999999591,1.5690000000002686,1.5690000000002686,1.5134022980964672,1.5134022980964672,0,0.0,,195392
stacked_low,0.5,q8_a0.8_or,110005,3.799999999999997,3.799999999999997,1.4425000000002433,1.4425000000002433,1.4967915485017078,1.4967915485017078,0,0.0,,194668
stacked_low,0.5,q8_a0.8_or,110006,5.0,5.0,1.4965000000001367,1.4965000000001367,1.5361012765160422,1.5361012765160422,0,0.0,,195356
stacked_low,0.5,q8_a0.8_or,110007,5.099999999998772,5.099999999998772,1.5954999999999968,1.5954999999999968,1.5261166307197618,1.5261166307197618,0,0.0,,195862
stacked_low,0.5,q8_a0.8_or,110008,4.900000000000546,4.900000000000546,1.5355000000000845,1.5355000000000845,1.5040920671121694,1.5040920671121694,0,0.0,,195888
stacked_low,0.5,q8_a0.8_or,110009,4.7000000000000455,4.7000000000000455,1.4274999999997942,1.4274999999997942,1.4637527283406648,1.4637527283406648,0,0.0,,195791
stacked_low,0.5,q8_a0.8_or,110010,5.199999999999363,5.199999999999363,1.5800000000002883,1.5800000000002883,1.490831467690986,1.490831467690986,0,0.0,,196075
stacked_low,0.5,q8_a0.8_or,110011,5.299999999998818,5.299999999998818,1.5230000000000388,1.5230000000000388,1.5282927201494474,1.5282927201494474,0,0.0,,196802
stacked_low,0.5,q8_a0.8_or,110012,5.100000000000364,5.100000000000364,1.595500000000033,1.595500000000033,1.4887857204273869,1.4887857204273869,0,0.0,,195972
stacked_low,0.5,q8_a0.8_or,110013,5.0,5.0,1.56650000000003,1.56650000000003,1.4872036610838153,1.4872036610838153,0,0.0,,195502
stacked_low,0.5,q8_a0.8_or,110014,3.8000000000000114,3.8000000000000114,1.4635000000001428,1.4635000000001428,1.4699785094058404,1.4699785094058404,0,0.0,,196351
stacked_low,0.5,q8_a0.8_or,110015,3.8999999999987267,3.8999999999987267,1.3904999999999648,1.3904999999999648,1.4600130185690148,1.4600130185690148,0,0.0,,193839
stacked_low,0.5,q8_a0.8_or,110016,5.000000000001819,5.000000000001819,1.5075000000000722,1.5075000000000722,1.454045979830211,1.454045979830211,0,0.0,,195845
stacked_low,0.5,q8_a0.8_or,110017,4.9999999999990905,4.9999999999990905,1.593999999999927,1.593999999999927,1.477738244227461,1.477738244227461,0,0.0,,194340
stacked_low,0.5,q8_a0.8_or,110018,4.700000000000216,4.700000000000216,1.4730000000002703,1.4730000000002703,1.459050284921854,1.459050284921854,0,0.0,,195439
stacked_low,0.5,q8_a0.8_or,110019,4.099999999998545,4.099999999998545,1.4510000000005352,1.4510000000005352,1.525987410525822,1.525987410525822,0,0.0,,194348
stacked_low,0.5,q8_a0.8_or,110020,4.800000000003365,4.800000000003365,1.5560000000001057,1.5560000000001057,1.4622384438886158,1.4622384438886158,0,0.0,,196412
stacked_low,0.5,q8_a0.8_or,110021,4.200000000003456,4.200000000003456,1.4779999999999982,1.4779999999999982,1.5113908214054246,1.5113908214054246,0,0.0,,194154
stacked_low,0.5,q8_a0.8_or,110022,5.299999999999727,5.299999999999727,1.5790000000001458,1.5790000000001458,1.5459766451382715,1.5459766451382715,0,0.0,,194645
stacked_low,0.5,q8_a0.8_or,110023,4.899999999999409,4.899999999999409,1.5085000000002982,1.5085000000002982,1.492120954177344,1.492120954177344,0,0.0,,195794
stacked_low,0.5,q8_a0.8_or,110024,4.800000000000182,4.800000000000182,1.4905000000000856,1.4905000000000856,1.482088415362482,1.482088415362482,0,0.0,,194916
stacked_low,0.5,q8_a0.8_or,110025,3.8000000000000114,3.8000000000000114,1.3690000000001439,1.3690000000001439,1.5022965701212352,1.5022965701212352,0,0.0,,195426
stacked_low,0.5,q8_a0.8_or,110026,3.800000000000182,3.800000000000182,1.5010000000002588,1.5010000000002588,1.459311697970933,1.459311697970933,0,0.0,,195683
stacked_low,0.5,q8_a0.8_or,110027,5.0999999999989996,5.0999999999989996,1.466499999999906,1.466499999999906,1.4737663367185263,1.4737663367185263,0,0.0,,194842
stacked_low,0.5,q8_a0.8_or,110028,5.300000000004275,5.300000000004275,1.5609999999999624,1.5609999999999624,1.5742444255438812,1.5742444255438812,0,0.0,,197492
stacked_low,0.5,q8_a0.8_or,110029,5.3999999999991815,5.3999999999991815,1.4995000000003813,1.4995000000003813,1.5016043215434351,1.5016043215434351,0,0.0,,195646
stacked_low,0.5,q8_a0.8_and,110000,4.900000000000205,4.900000000000205,1.5300000000001137,1.5300000000001137,1.4436081845723638,1.4436081845723638,0,0.0,,196246
stacked_low,0.5,q8_a0.8_and,110001,4.7999999999999545,4.7999999999999545,1.4804999999999375,1.4804999999999375,1.3822375284416077,1.3822375284416077,0,0.0,,196604
stacked_low,0.5,q8_a0.8_and,110002,4.999999999998181,4.999999999998181,1.4675000000001126,1.4675000000001126,1.4667411368918197,1.4667411368918197,0,0.0,,195423
stacked_low,0.5,q8_a0.8_and,110003,4.699999999999818,4.699999999999818,1.4660000000002467,1.4660000000002467,1.4844822408092286,1.4844822408092286,0,0.0,,194936
stacked_low,0.5,q8_a0.8_and,110004,5.199999999999591,5.199999999999591,1.5690000000002686,1.5690000000002686,1.5134022980964672,1.5134022980964672,0,0.0,,195392
stacked_low,0.5,q8_a0.8_and,110005,3.799999999999997,3.799999999999997,1.4425000000002433,1.4425000000002433,1.4967915485017078,1.4967915485017078,0,0.0,,194668
stacked_low,0.5,q8_a0.8_and,110006,5.0,5.0,1.4965000000001367,1.4965000000001367,1.5361012765160422,1.5361012765160422,0,0.0,,195356
stacked_low,0.5,q8_a0.8_and,110007,5.099999999998772,5.099999999998772,1.5954999999999968,1.5954999999999968,1.5261166307197618,1.5261166307197618,0,0.0,,195862
stacked_low,0.5,q8_a0.8_and,110008,4.900000000000546,4.900000000000546,1.5355000000000845,1.5355000000000845,1.5040920671121694,1.5040920671121694,0,0.0,,195888
stacked_low,0.5,q8_a0.8_and,110009,4.7000000000000455,4.7000000000000455,1.4274999999997942,1.4274999999997942,1.4637527283406648,1.4637527283406648,0,0.0,,195791
stacked_low,0.5,q8_a0.8_and,110010,5.199999999999363,5.199999999999363,1.5800000000002883,1.5800000000002883,1.490831467690986,1.490831467690986,0,0.0,,196075
stacked_low,0.5,q8_a0.8_and,110011,5.299999999998818,5.299999999998818,1.5230000000000388,1.5230000000000388,1.5282927201494474,1.5282927201494474,0,0.0,,196802
stacked_low,0.5,q8_a0.8_and,110012,5.100000000000364,5.100000000000364,1.595500000000033,1.595500000000033,1.4887857204273869,1.4887857204273869,0,0.0,,195972
stacked_low,0.5,q8_a0.8_and,110013,5.0,5.0,1.56650000000003,1.56650000000003,1.4872036610838153,1.4872036610838153,0,0.0,,195502
stacked_low,0.5,q8_a0.8_and,110014,3.8000000000000114,3.8000000000000114,1.4635000000001428,1.4635000000001428,1.4699785094058404,1.4699785094058404,0,0.0,,196351
stacked_low,0.5,q8_a0.8_and,110015,3.8999999999987267,3.8999999999987267,1.3904999999999648,1.3904999999999648,1.4600130185690148,1.4600130185690148,0,0.0,,193839
stacked_low,0.5,q8_a0.8_and,110016,5.000000000001819,5.000000000001819,1.5075000000000722,1.5075000000000722,1.454045979830211,1.454045979830211,0,0.0,,195845
stacked_low,0.5,q8_a0.8_and,110017,4.9999999999990905,4.9999999999990905,1.593999999999927,1.593999999999927,1.477738244227461,1.477738244227461,0,0.0,,194340
stacked_low,0.5,q8_a0.8_and,110018,4.700000000000216,4.700000000000216,1.4730000000002703,1.4730000000002703,1.459050284921854,1.459050284921854,0,0.0,,195439
stacked_low,0.5,q8_a0.8_and,110019,4.099999999998545,4.099999999998545,1.4510000000005352,1.4510000000005352,1.525987410525822,1.525987410525822,0,0.0,,194348
stacked_low,0.5,q8_a0.8_and,110020,4.800000000003365,4.800000000003365,1.5560000000001057,1.5560000000001057,1.4622384438886158,1.4622384438886158,0,0.0,,196412
stacked_low,0.5,q8_a0.8_and,110021,4.200000000003456,4.200000000003456,1.4779999999999982,1.4779999999999982,1.5113908214054246,1.5113908214054246,0,0.0,,194154
stacked_low,0.5,q8_a0.8_and,110022,5.299999999999727,5.299999999999727,1.5790000000001458,1.5790000000001458,1.5459766451382715,1.5459766451382715,0,0.0,,194645
stacked_low,0.5,q8_a0.8_and,110023,4.899999999999409,4.899999999999409,1.5085000000002982,1.5085000000002982,1.492120954177344,1.492120954177344,0,0.0,,195794
stacked_low,0.5,q8_a0.8_and,110024,4.800000000000182,4.800000000000182,1.4905000000000856,1.4905000000000856,1.482088415362482,1.482088415362482,0,0.0,,194916
stacked_low,0.5,q8_a0.8_and,110025,3.8000000000000114,3.8000000000000114,1.3690000000001439,1.3690000000001439,1.5022965701212352,1.5022965701212352,0,0.0,,195426
stacked_low,0.5,q8_a0.8_and,110026,3.800000000000182,3.800000000000182,1.5010000000002588,1.5010000000002588,1.459311697970933,1.459311697970933,0,0.0,,195683
stacked_low,0.5,q8_a0.8_and,110027,5.0999999999989996,5.0999999999989996,1.466499999999906,1.466499999999906,1.4737663367185263,1.4737663367185263,0,0.0,,194842
stacked_low,0.5,q8_a0.8_and,110028,5.300000000004275,5.300000000004275,1.5609999999999624,1.5609999999999624,1.5742444255438812,1.5742444255438812,0,0.0,,197492
stacked_low,0.5,q8_a0.8_and,110029,5.3999999999991815,5.3999999999991815,1.4995000000003813,1.4995000000003813,1.5016043215434351,1.5016043215434351,0,0.0,,195646
stacked_low,0.5,q8_a1.5_or,110000,4.900000000000205,4.900000000000205,1.5300000000001137,1.5300000000001137,1.4436081845723638,1.4436081845723638,0,0.0,,196246
stacked_low,0.5,q8_a1.5_or,110001,4.7999999999999545,4.7999999999999545,1.4804999999999375,1.4804999999999375,1.3822375284416077,1.3822375284416077,0,0.0,,196604
stacked_low,0.5,q8_a1.5_or,110002,4.999999999998181,4.999999999998181,1.4675000000001126,1.4675000000001126,1.4667411368918197,1.4667411368918197,0,0.0,,195423
stacked_low,0.5,q8_a1.5_or,110003,4.699999999999818,4.699999999999818,1.4660000000002467,1.4660000000002467,1.4844822408092286,1.4844822408092286,0,0.0,,194936
stacked_low,0.5,q8_a1.5_or,110004,5.199999999999591,5.199999999999591,1.5690000000002686,1.5690000000002686,1.5134022980964672,1.5134022980964672,0,0.0,,195392
stacked_low,0.5,q8_a1.5_or,110005,3.799999999999997,3.799999999999997,1.4425000000002433,1.4425000000002433,1.4967915485017078,1.4967915485017078,0,0.0,,194668
stacked_low,0.5,q8_a1.5_or,110006,5.0,5.0,1.4965000000001367,1.4965000000001367,1.5361012765160422,1.5361012765160422,0,0.0,,195356
stacked_low,0.5,q8_a1.5_or,110007,5.099999999998772,5.099999999998772,1.5954999999999968,1.5954999999999968,1.5261166307197618,1.5261166307197618,0,0.0,,195862
stacked_low,0.5,q8_a1.5_or,110008,4.900000000000546,4.900000000000546,1.5355000000000845,1.5355000000000845,1.5040920671121694,1.5040920671121694,0,0.0,,195888
stacked_low,0.5,q8_a1.5_or,110009,4.7000000000000455,4.7000000000000455,1.4274999999997942,1.4274999999997942,1.4637527283406648,1.4637527283406648,0,0.0,,195791
stacked_low,0.5,q8_a1.5_or,110010,5.199999999999363,5.199999999999363,1.5800000000002883,1.5800000000002883,1.490831467690986,1.490831467690986,0,0.0,,196075
stacked_low,0.5,q8_a1.5_or,110011,5.299999999998818,5.299999999998818,1.5230000000000388,1.5230000000000388,1.5282927201494474,1.5282927201494474,0,0.0,,196802
stacked_low,0.5,q8_a1.5_or,110012,5.100000000000364,5.100000000000364,1.595500000000033,1.595500000000033,1.4887857204273869,1.4887857204273869,0,0.0,,195972
stacked_low,0.5,q8_a1.5_or,110013,5.0,5.0,1.56650000000003,1.56650000000003,1.4872036610838153,1.4872036610838153,0,0.0,,195502
stacked_low,0.5,q8_a1.5_or,110014,3.8000000000000114,3.8000000000000114,1.4635000000001428,1.4635000000001428,1.4699785094058404,1.4699785094058404,0,0.0,,196351
stacked_low,0.5,q8_a1.5_or,110015,3.8999999999987267,3.8999999999987267,1.3904999999999648,1.3904999999999648,1.4600130185690148,1.4600130185690148,0,0.0,,193839
stacked_low,0.5,q8_a1.5_or,110016,5.000000000001819,5.000000000001819,1.5075000000000722,1.5075000000000722,1.454045979830211,1.454045979830211,0,0.0,,195845
stacked_low,0.5,q8_a1.5_or,110017,4.9999999999990905,4.9999999999990905,1.593999999999927,1.593999999999927,1.477738244227461,1.477738244227461,0,0.0,,194340
stacked_low,0.5,q8_a1.5_or,110018,4.700000000000216,4.700000000000216,1.4730000000002703,1.4730000000002703,1.459050284921854,1.459050284921854,0,0.0,,195439
stacked_low,0.5,q8_a1.5_or,110019,4.099999999998545,4.099999999998545,1.4510000000005352,1.4510000000005352,1.525987410525822,1.525987410525822,0,0.0,,194348
stacked_low,0.5,q8_a1.5_or,110020,4.800000000003365,4.800000000003365,1.5560000000001057,1.5560000000001057,1.4622384438886158,1.4622384438886158,0,0.0,,196412
stacked_low,0.5,q8_a1.5_or,110021,4.200000000003456,4.200000000003456,1.4779999999999982,1.4779999999999982,1.5113908214054246,1.5113908214054246,0,0.0,,194154
stacked_low,0.5,q8_a1.5_or,110022,5.299999999999727,5.299999999999727,1.5790000000001458,1.5790000000001458,1.5459766451382715,1.5459766451382715,0,0.0,,194645
stacked_low,0.5,q8_a1.5_or,110023,4.899999999999409,4.899999999999409,1.5085000000002982,1.5085000000002982,1.492120954177344,1.492120954177344,0,0.0,,195794
stacked_low,0.5,q8_a1.5_or,110024,4.800000000000182,4.800000000000182,1.4905000000000856,1.4905000000000856,1.482088415362482,1.482088415362482,0,0.0,,194916
stacked_low,0.5,q8_a1.5_or,110025,3.8000000000000114,3.8000000000000114,1.3690000000001439,1.3690000000001439,1.5022965701212352,1.5022965701212352,0,0.0,,195426
stacked_low,0.5,q8_a1.5_or,110026,3.800000000000182,3.800000000000182,1.5010000000002588,1.5010000000002588,1.459311697970933,1.459311697970933,0,0.0,,195683
stacked_low,0.5,q8_a1.5_or,110027,5.0999999999989996,5.0999999999989996,1.466499999999906,1.466499999999906,1.4737663367185263,1.4737663367185263,0,0.0,,194842
stacked_low,0.5,q8_a1.5_or,110028,5.300000000004275,5.300000000004275,1.5609999999999624,1.5609999999999624,1.5742444255438812,1.5742444255438812,0,0.0,,197492
stacked_low,0.5,q8_a1.5_or,110029,5.3999999999991815,5.3999999999991815,1.4995000000003813,1.4995000000003813,1.5016043215434351,1.5016043215434351,0,0.0,,195646
stacked_low,0.5,q8_a1.5_and,110000,4.900000000000205,4.900000000000205,1.5300000000001137,1.5300000000001137,1.4436081845723638,1.4436081845723638,0,0.0,,196246
stacked_low,0.5,q8_a1.5_and,110001,4.7999999999999545,4.7999999999999545,1.4804999999999375,1.4804999999999375,1.3822375284416077,1.3822375284416077,0,0.0,,196604
stacked_low,0.5,q8_a1.5_and,110002,4.999999999998181,4.999999999998181,1.4675000000001126,1.4675000000001126,1.4667411368918197,1.4667411368918197,0,0.0,,195423
stacked_low,0.5,q8_a1.5_and,110003,4.699999999999818,4.699999999999818,1.4660000000002467,1.4660000000002467,1.4844822408092286,1.4844822408092286,0,0.0,,194936
stacked_low,0.5,q8_a1.5_and,110004,5.199999999999591,5.199999999999591,1.5690000000002686,1.5690000000002686,1.5134022980964672,1.5134022980964672,0,0.0,,195392
stacked_low,0.5,q8_a1.5_and,110005,3.799999999999997,3.799999999999997,1.4425000000002433,1.4425000000002433,1.4967915485017078,1.4967915485017078,0,0.0,,194668
stacked_low,0.5,q8_a1.5_and,110006,5.0,5.0,1.4965000000001367,1.4965000000001367,1.5361012765160422,1.5361012765160422,0,0.0,,195356
stacked_low,0.5,q8_a1.5_and,110007,5.099999999998772,5.099999999998772,1.5954999999999968,1.5954999999999968,1.5261166307197618,1.5261166307197618,0,0.0,,195862
stacked_low,0.5,q8_a1.5_and,110008,4.900000000000546,4.900000000000546,1.5355000000000845,1.5355000000000845,1.5040920671121694,1.5040920671121694,0,0.0,,195888
stacked_low,0.5,q8_a1.5_and,110009,4.7000000000000455,4.7000000000000455,1.4274999999997942,1.4274999999997942,1.4637527283406648,1.4637527283406648,0,0.0,,195791
stacked_low,0.5,q8_a1.5_and,110010,5.199999999999363,5.199999999999363,1.5800000000002883,1.5800000000002883,1.490831467690986,1.490831467690986,0,0.0,,196075
stacked_low,0.5,q8_a1.5_and,110011,5.299999999998818,5.299999999998818,1.5230000000000388,1.5230000000000388,1.5282927201494474,1.5282927201494474,0,0.0,,196802
stacked_low,0.5,q8_a1.5_and,110012,5.100000000000364,5.100000000000364,1.595500000000033,1.595500000000033,1.4887857204273869,1.4887857204273869,0,0.0,,195972
stacked_low,0.5,q8_a1.5_and,110013,5.0,5.0,1.56650000000003,1.56650000000003,1.4872036610838153,1.4872036610838153,0,0.0,,195502
stacked_low,0.5,q8_a1.5_and,110014,3.8000000000000114,3.8000000000000114,1.4635000000001428,1.4635000000001428,1.4699785094058404,1.4699785094058404,0,0.0,,196351
stacked_low,0.5,q8_a1.5_and,110015,3.8999999999987267,3.8999999999987267,1.3904999999999648,1.3904999999999648,1.4600130185690148,1.4600130185690148,0,0.0,,193839
stacked_low,0.5,q8_a1.5_and,110016,5.000000000001819,5.000000000001819,1.5075000000000722,1.5075000000000722,1.454045979830211,1.454045979830211,0,0.0,,195845
stacked_low,0.5,q8_a1.5_and,110017,4.9999999999990905,4.9999999999990905,1.593999999999927,1.593999999999927,1.477738244227461,1.477738244227461,0,0.0,,194340
stacked_low,0.5,q8_a1.5_and,110018,4.700000000000216,4.700000000000216,1.4730000000002703,1.4730000000002703,1.459050284921854,1.459050284921854,0,0.0,,195439
stacked_low,0.5,q8_a1.5_and,110019,4.099999999998545,4.099999999998545,1.4510000000005352,1.4510000000005352,1.525987410525822,1.525987410525822,0,0.0,,194348
stacked_low,0.5,q8_a1.5_and,110020,4.800000000003365,4.800000000003365,1.5560000000001057,1.5560000000001057,1.4622384438886158,1.4622384438886158,0,0.0,,196412
stacked_low,0.5,q8_a1.5_and,110021,4.200000000003456,4.200000000003456,1.4779999999999982,1.4779999999999982,1.5113908214054246,1.5113908214054246,0,0.0,,194154
stacked_low,0.5,q8_a1.5_and,110022,5.299999999999727,5.299999999999727,1.5790000000001458,1.5790000000001458,1.5459766451382715,1.5459766451382715,0,0.0,,194645
stacked_low,0.5,q8_a1.5_and,110023,4.899999999999409,4.899999999999409,1.5085000000002982,1.5085000000002982,1.492120954177344,1.492120954177344,0,0.0,,195794
stacked_low,0.5,q8_a1.5_and,110024,4.800000000000182,4.800000000000182,1.4905000000000856,1.4905000000000856,1.482088415362482,1.482088415362482,0,0.0,,194916
stacked_low,0.5,q8_a1.5_and,110025,3.8000000000000114,3.8000000000000114,1.3690000000001439,1.3690000000001439,1.5022965701212352,1.5022965701212352,0,0.0,,195426
stacked_low,0.5,q8_a1.5_and,110026,3.800000000000182,3.800000000000182,1.5010000000002588,1.5010000000002588,1.459311697970933,1.459311697970933,0,0.0,,195683
stacked_low,0.5,q8_a1.5_and,110027,5.0999999999989996,5.0999999999989996,1.466499999999906,1.466499999999906,1.4737663367185263,1.4737663367185263,0,0.0,,194842
stacked_low,0.5,q8_a1.5_and,110028,5.300000000004275,5.300000000004275,1.5609999999999624,1.5609999999999624,1.5742444255438812,1.5742444255438812,0,0.0,,197492
stacked_low,0.5,q8_a1.5_and,110029,5.3999999999991815,5.3999999999991815,1.4995000000003813,1.4995000000003813,1.5016043215434351,1.5016043215434351,0,0.0,,195646
stacked_low,2.0,q2_a0.8_or,110000,4.200000000003456,4.800000000002456,1.4350000000003331,1.5200000000002956,1.4722270376066422,1.4282891855160946,50,1.0,1.0,203225
stacked_low,2.0,q2_a0.8_or,110001,3.799999999999997,4.399999999998954,1.4299999999998247,1.4400000000001156,1.5761373319466188,1.3830962225595573,50,1.0,1.0,204389
stacked_low,2.0,q2_a0.8_or,110002,5.0000000000001705,5.000000000004093,1.5269999999999808,1.4450000000000613,1.539682885868024,1.3991487844428716,50,1.0,1.0,202442
stacked_low,2.0,q2_a0.8_or,110003,4.199999999998909,4.999999999999659,1.4810000000001122,1.5270000000001018,1.5341975679614461,1.3858862259228524,50,1.0,1.0,204119
stacked_low,2.0,q2_a0.8_or,110004,4.799999999999727,4.7999999999995,1.5170000000004555,1.424000000000114,1.586396948594826,1.4021446641664443,50,1.0,1.0,202623
stacked_low,2.0,q2_a0.8_or,110005,4.999999999997726,3.6000000000008185,1.4840000000001878,1.4250000000002898,1.5230949293168792,1.4430737745165174,50,1.0,1.0,202869
stacked_low,2.0,q2_a0.8_or,110006,3.7999999999999545,4.599999999998317,1.3440000000001169,1.5199999999999747,1.5594770195414638,1.5259591173662026,50,1.0,1.0,203570
stacked_low,2.0,q2_a0.8_or,110007,4.800000000001091,5.399999999999864,1.5520000000000223,1.5129999999998,1.5339132547444536,1.4382551223514104,50,1.0,1.0,203445
stacked_low,2.0,q2_a0.8_or,110008,3.600000000003547,4.999999999999545,1.42700000000001,1.5180000000002876,1.5268760247169302,1.419057404413821,50,1.0,1.0,204275
stacked_low,2.0,q2_a0.8_or,110009,4.199999999997999,3.7999999999992724,1.4149999999999159,1.305000000000017,1.5452864788581138,1.406011972692879,50,1.0,1.0,203838
stacked_low,2.0,q2_a0.8_or,110010,4.399999999999636,4.600000000004002,1.4150000000002907,1.525000000000096,1.5175991913618136,1.4615060056386318,50,1.0,1.0,203044
stacked_low,2.0,q2_a0.8_or,110011,5.400000000000091,5.199999999999818,1.5710000000002162,1.5510000000002668,1.6371902182981148,1.4423994571419152,50,1.0,1.0,205669
stacked_low,2.0,q2_a0.8_or,110012,3.799999999999997,5.0,1.501999999999916,1.5490000000001352,1.5764092205702789,1.4592973424949458,50,1.0,1.0,203574
stacked_low,2.0,q2_a0.8_or,110013,4.9999999999990905,4.200000000000159,1.5690000000001374,1.4369999999999852,1.5833100750061988,1.4614239098811634,50,1.0,1.0,202903
stacked_low,2.0,q2_a0.8_or,110014,4.9999999999990905,4.800000000003365,1.566999999999968,1.5610000000002375,1.5888630049874106,1.5238792177576233,50,1.0,1.0,206064
stacked_low,2.0,q2_a0.8_or,110015,5.19999999999925,3.600000000000364,1.5400000000001035,1.3800000000002648,1.5520796661931524,1.4045366542933402,50,1.0,1.0,202824
stacked_low,2.0,q2_a0.8_or,110016,4.999999999999773,4.599999999999227,1.4930000000000283,1.4260000000003368,1.574636437380069,1.4411274193549948,50,1.0,1.0,203276
stacked_low,2.0,q2_a0.8_or,110017,5.000000000000057,4.999999999998863,1.519999999999971,1.4470000000000243,1.554639974705434,1.4342116514237415,50,1.0,1.0,203183
stacked_low,2.0,q2_a0.8_or,110018,4.199999999999818,4.800000000001091,1.486000000000142,1.4590000000001333,1.5488616782048015,1.4233057809580327,50,1.0,1.0,203480
stacked_low,2.0,q2_a0.8_or,110019,4.600000000000136,4.799999999997453,1.412000000000488,1.505000000000225,1.6256082380377024,1.4125825222931252,50,1.0,1.0,203712
stacked_low,2.0,q2_a0.8_or,110020,3.799999999999997,4.000000000001819,1.4200000000002109,1.4750000000001464,1.5912112166179093,1.411007909978559,50,1.0,1.0,203634
stacked_low,2.0,q2_a0.8_or,110021,3.800000000000182,4.600000000000364,1.4770000000000523,1.5200000000000342,1.5396031449695808,1.4807233569903042,50,1.0,1.0,202757
stacked_low,2.0,q2_a0.8_or,110022,5.400000000000091,5.199999999999932,1.5780000000000587,1.4890000000001566,1.601933301103743,1.4562323072266719,50,1.0,1.0,202815
stacked_low,2.0,q2_a0.8_or,110023,5.199999999998909,5.399999999998727,1.5400000000002643,1.5290000000002721,1.5163103617415272,1.437384439780105,50,1.0,1.0,203591
stacked_low,2.0,q2_a0.8_or,110024,5.19999999999618,4.399999999997817,1.5670000000000706,1.3750000000000162,1.547336277811503,1.4616800588051782,50,1.0,1.0,202526
stacked_low,2.0,q2_a0.8_or,110025,4.199999999998909,4.799999999999727,1.4160000000003774,1.42800000000026,1.5530411590040187,1.4367459591284328,49,0.98,1.0,203462
stacked_low,2.0,q2_a0.8_or,110026,4.199999999999363,4.599999999998317,1.4660000000001587,1.461000000000236,1.533217238748997,1.370018168988797,49,0.98,1.0,203486
stacked_low,2.0,q2_a0.8_or,110027,5.199999999999136,5.000000000000227,1.5509999999998798,1.5249999999999326,1.5659138872021026,1.4394317092670619,50,1.0,1.0,202701
stacked_low,2.0,q2_a0.8_or,110028,3.9999999999995453,4.999999999999886,1.5539999999999694,1.5449999999997837,1.5906214794093594,1.4184886730036734,50,1.0,1.0,203222
stacked_low,2.0,q2_a0.8_or,110029,5.0,4.399999999997817,1.5520000000002527,1.4390000000004022,1.5522613844186302,1.39671715212382,49,0.98,1.0,203212
stacked_low,2.0,q2_a0.8_and,110000,4.200000000003456,4.200000000003456,1.4350000000003331,1.4350000000003331,1.4722270376066422,1.4722270376066422,0,0.0,,194231
stacked_low,2.0,q2_a0.8_and,110001,3.799999999999997,3.799999999999997,1.4299999999998247,1.4299999999998247,1.5761373319466188,1.5761373319466188,0,0.0,,195071
stacked_low,2.0,q2_a0.8_and,110002,5.0000000000001705,5.0000000000001705,1.5269999999999808,1.5269999999999808,1.539682885868024,1.539682885868024,0,0.0,,196477
stacked_low,2.0,q2_a0.8_and,110003,4.199999999998909,4.199999999998909,1.4810000000001122,1.4810000000001122,1.5341975679614461,1.5341975679614461,0,0.0,,195267
stacked_low,2.0,q2_a0.8_and,110004,4.799999999999727,4.799999999999727,1.5170000000004555,1.5170000000004555,1.586396948594826,1.586396948594826,0,0.0,,194787
stacked_low,2.0,q2_a0.8_and,110005,4.999999999997726,4.999999999997726,1.4840000000001878,1.4840000000001878,1.5230949293168792,1.5230949293168792,0,0.0,,196232
stacked_low,2.0,q2_a0.8_and,110006,3.7999999999999545,3.7999999999999545,1.3440000000001169,1.3440000000001169,1.5594770195414638,1.5594770195414638,0,0.0,,195191
stacked_low,2.0,q2_a0.8_and,110007,4.800000000001091,4.800000000001091,1.5520000000000223,1.5520000000000223,1.5339132547444536,1.5339132547444536,0,0.0,,194947
stacked_low,2.0,q2_a0.8_and,110008,3.600000000003547,3.600000000003547,1.42700000000001,1.42700000000001,1.5268760247169302,1.5268760247169302,0,0.0,,195641
stacked_low,2.0,q2_a0.8_and,110009,4.199999999997999,4.199999999997999,1.4149999999999159,1.4149999999999159,1.5452864788581138,1.5452864788581138,0,0.0,,195805
stacked_low,2.0,q2_a0.8_and,110010,4.399999999999636,4.399999999999636,1.4150000000002907,1.4150000000002907,1.5175991913618136,1.5175991913618136,0,0.0,,195741
stacked_low,2.0,q2_a0.8_and,110011,5.400000000000091,5.400000000000091,1.5710000000002162,1.5710000000002162,1.6371902182981148,1.6371902182981148,0,0.0,,198101
stacked_low,2.0,q2_a0.8_and,110012,3.799999999999997,3.799999999999997,1.501999999999916,1.501999999999916,1.5764092205702789,1.5764092205702789,0,0.0,,195712
stacked_low,2.0,q2_a0.8_and,110013,4.9999999999990905,4.9999999999990905,1.5690000000001374,1.5690000000001374,1.5833100750061988,1.5833100750061988,0,0.0,,196449
stacked_low,2.0,q2_a0.8_and,110014,4.9999999999990905,4.9999999999990905,1.566999999999968,1.566999999999968,1.5888630049874106,1.5888630049874106,0,0.0,,195496
stacked_low,2.0,q2_a0.8_and,110015,5.19999999999925,5.19999999999925,1.5400000000001035,1.5400000000001035,1.5520796661931524,1.5520796661931524,0,0.0,,194132
stacked_low,2.0,q2_a0.8_and,110016,4.999999999999773,4.999999999999773,1.4930000000000283,1.4930000000000283,1.574636437380069,1.574636437380069,0,0.0,,195396
stacked_low,2.0,q2_a0.8_and,110017,5.000000000000057,5.000000000000057,1.519999999999971,1.519999999999971,1.554639974705434,1.554639974705434,0,0.0,,194297
stacked_low,2.0,q2_a0.8_and,110018,4.199999999999818,4.199999999999818,1.486000000000142,1.486000000000142,1.5488616782048015,1.5488616782048015,0,0.0,,195199
stacked_low,2.0,q2_a0.8_and,110019,4.600000000000136,4.600000000000136,1.412000000000488,1.412000000000488,1.6256082380377024,1.6256082380377024,0,0.0,,194433
stacked_low,2.0,q2_a0.8_and,110020,3.799999999999997,3.799999999999997,1.4200000000002109,1.4200000000002109,1.5912112166179093,1.5912112166179093,0,0.0,,195919
stacked_low,2.0,q2_a0.8_and,110021,3.800000000000182,3.800000000000182,1.4770000000000523,1.4770000000000523,1.5396031449695808,1.5396031449695808,0,0.0,,195893
stacked_low,2.0,q2_a0.8_and,110022,5.400000000000091,5.400000000000091,1.5780000000000587,1.5780000000000587,1.601933301103743,1.601933301103743,0,0.0,,194527
stacked_low,2.0,q2_a0.8_and,110023,5.199999999998909,5.199999999998909,1.5400000000002643,1.5400000000002643,1.5163103617415272,1.5163103617415272,0,0.0,,194222
stacked_low,2.0,q2_a0.8_and,110024,5.19999999999618,5.19999999999618,1.5670000000000706,1.5670000000000706,1.547336277811503,1.547336277811503,0,0.0,,196790
stacked_low,2.0,q2_a0.8_and,110025,4.199999999998909,4.199999999998909,1.4160000000003774,1.4160000000003774,1.5530411590040187,1.5530411590040187,0,0.0,,197113
stacked_low,2.0,q2_a0.8_and,110026,4.199999999999363,4.199999999999363,1.4660000000001587,1.4660000000001587,1.533217238748997,1.533217238748997,0,0.0,,195952
stacked_low,2.0,q2_a0.8_and,110027,5.199999999999136,5.199999999999136,1.5509999999998798,1.5509999999998798,1.5659138872021026,1.5659138872021026,0,0.0,,194857
stacked_low,2.0,q2_a0.8_and,110028,3.9999999999995453,3.9999999999995453,1.5539999999999694,1.5539999999999694,1.5906214794093594,1.5906214794093594,0,0.0,,197145
stacked_low,2.0,q2_a0.8_and,110029,5.0,5.0,1.5520000000002527,1.5520000000002527,1.5522613844186302,1.5522613844186302,0,0.0,,196335
stacked_low,2.0,q2_a1.5_or,110000,4.200000000003456,4.800000000002456,1.4350000000003331,1.5200000000002956,1.4722270376066422,1.4282891855160946,50,1.0,1.0,203225
stacked_low,2.0,q2_a1.5_or,110001,3.799999999999997,4.399999999998954,1.4299999999998247,1.4400000000001156,1.5761373319466188,1.3830962225595573,50,1.0,1.0,204389
stacked_low,2.0,q2_a1.5_or,110002,5.0000000000001705,5.000000000004093,1.5269999999999808,1.4450000000000613,1.539682885868024,1.3991487844428716,50,1.0,1.0,202442
stacked_low,2.0,q2_a1.5_or,110003,4.199999999998909,4.999999999999659,1.4810000000001122,1.5270000000001018,1.5341975679614461,1.3858862259228524,50,1.0,1.0,204119
stacked_low,2.0,q2_a1.5_or,110004,4.799999999999727,4.7999999999995,1.5170000000004555,1.424000000000114,1.586396948594826,1.4021446641664443,50,1.0,1.0,202623
stacked_low,2.0,q2_a1.5_or,110005,4.999999999997726,3.6000000000008185,1.4840000000001878,1.4250000000002898,1.5230949293168792,1.4430737745165174,50,1.0,1.0,202869
stacked_low,2.0,q2_a1.5_or,110006,3.7999999999999545,4.599999999998317,1.3440000000001169,1.5199999999999747,1.5594770195414638,1.5259591173662026,50,1.0,1.0,203570
stacked_low,2.0,q2_a1.5_or,110007,4.800000000001091,5.399999999999864,1.5520000000000223,1.5129999999998,1.5339132547444536,1.4382551223514104,50,1.0,1.0,203445
stacked_low,2.0,q2_a1.5_or,110008,3.600000000003547,4.999999999999545,1.42700000000001,1.5180000000002876,1.5268760247169302,1.419057404413821,50,1.0,1.0,204275
stacked_low,2.0,q2_a1.5_or,110009,4.199999999997999,3.7999999999992724,1.4149999999999159,1.305000000000017,1.5452864788581138,1.406011972692879,50,1.0,1.0,203838
stacked_low,2.0,q2_a1.5_or,110010,4.399999999999636,4.600000000004002,1.4150000000002907,1.525000000000096,1.5175991913618136,1.4615060056386318,50,1.0,1.0,203044
stacked_low,2.0,q2_a1.5_or,110011,5.400000000000091,5.199999999999818,1.5710000000002162,1.5510000000002668,1.6371902182981148,1.4423994571419152,50,1.0,1.0,205669
stacked_low,2.0,q2_a1.5_or,110012,3.799999999999997,5.0,1.501999999999916,1.5490000000001352,1.5764092205702789,1.4592973424949458,50,1.0,1.0,203574
stacked_low,2.0,q2_a1.5_or,110013,4.9999999999990905,4.200000000000159,1.5690000000001374,1.4369999999999852,1.5833100750061988,1.4614239098811634,50,1.0,1.0,202903
stacked_low,2.0,q2_a1.5_or,110014,4.9999999999990905,4.800000000003365,1.566999999999968,1.5610000000002375,1.5888630049874106,1.5238792177576233,50,1.0,1.0,206064
stacked_low,2.0,q2_a1.5_or,110015,5.19999999999925,3.600000000000364,1.5400000000001035,1.3800000000002648,1.5520796661931524,1.4045366542933402,50,1.0,1.0,202824
stacked_low,2.0,q2_a1.5_or,110016,4.999999999999773,4.599999999999227,1.4930000000000283,1.4260000000003368,1.574636437380069,1.4411274193549948,50,1.0,1.0,203276
stacked_low,2.0,q2_a1.5_or,110017,5.000000000000057,4.999999999998863,1.519999999999971,1.4470000000000243,1.554639974705434,1.4342116514237415,50,1.0,1.0,203183
stacked_low,2.0,q2_a1.5_or,110018,4.199999999999818,4.800000000001091,1.486000000000142,1.4590000000001333,1.5488616782048015,1.4233057809580327,50,1.0,1.0,203480
stacked_low,2.0,q2_a1.5_or,110019,4.600000000000136,4.799999999997453,1.412000000000488,1.505000000000225,1.6256082380377024,1.4125825222931252,50,1.0,1.0,203712
stacked_low,2.0,q2_a1.5_or,110020,3.799999999999997,4.000000000001819,1.4200000000002109,1.4750000000001464,1.5912112166179093,1.411007909978559,50,1.0,1.0,203634
stacked_low,2.0,q2_a1.5_or,110021,3.800000000000182,4.600000000000364,1.4770000000000523,1.5200000000000342,1.5396031449695808,1.4807233569903042,50,1.0,1.0,202757
stacked_low,2.0,q2_a1.5_or,110022,5.400000000000091,5.199999999999932,1.5780000000000587,1.4890000000001566,1.601933301103743,1.4562323072266719,50,1.0,1.0,202815
stacked_low,2.0,q2_a1.5_or,110023,5.199999999998909,5.399999999998727,1.5400000000002643,1.5290000000002721,1.5163103617415272,1.437384439780105,50,1.0,1.0,203591
stacked_low,2.0,q2_a1.5_or,110024,5.19999999999618,4.399999999997817,1.5670000000000706,1.3750000000000162,1.547336277811503,1.4616800588051782,50,1.0,1.0,202526
stacked_low,2.0,q2_a1.5_or,110025,4.199999999998909,4.799999999999727,1.4160000000003774,1.42800000000026,1.5530411590040187,1.4367459591284328,49,0.98,1.0,203462
stacked_low,2.0,q2_a1.5_or,110026,4.199999999999363,4.599999999998317,1.4660000000001587,1.461000000000236,1.533217238748997,1.370018168988797,49,0.98,1.0,203486
stacked_low,2.0,q2_a1.5_or,110027,5.199999999999136,5.000000000000227,1.5509999999998798,1.5249999999999326,1.5659138872021026,1.4394317092670619,50,1.0,1.0,202701
stacked_low,2.0,q2_a1.5_or,110028,3.9999999999995453,4.999999999999886,1.5539999999999694,1.5449999999997837,1.5906214794093594,1.4184886730036734,50,1.0,1.0,203222
stacked_low,2.0,q2_a1.5_or,110029,5.0,4.399999999997817,1.5520000000002527,1.4390000000004022,1.5522613844186302,1.39671715212382,49,0.98,1.0,203212
stacked_low,2.0,q2_a1.5_and,110000,4.200000000003456,4.200000000003456,1.4350000000003331,1.4350000000003331,1.4722270376066422,1.4722270376066422,0,0.0,,194231
stacked_low,2.0,q2_a1.5_and,110001,3.799999999999997,3.799999999999997,1.4299999999998247,1.4299999999998247,1.5761373319466188,1.5761373319466188,0,0.0,,195071
stacked_low,2.0,q2_a1.5_and,110002,5.0000000000001705,5.0000000000001705,1.5269999999999808,1.5269999999999808,1.539682885868024,1.539682885868024,0,0.0,,196477
stacked_low,2.0,q2_a1.5_and,110003,4.199999999998909,4.199999999998909,1.4810000000001122,1.4810000000001122,1.5341975679614461,1.5341975679614461,0,0.0,,195267
stacked_low,2.0,q2_a1.5_and,110004,4.799999999999727,4.799999999999727,1.5170000000004555,1.5170000000004555,1.586396948594826,1.586396948594826,0,0.0,,194787
stacked_low,2.0,q2_a1.5_and,110005,4.999999999997726,4.999999999997726,1.4840000000001878,1.4840000000001878,1.5230949293168792,1.5230949293168792,0,0.0,,196232
stacked_low,2.0,q2_a1.5_and,110006,3.7999999999999545,3.7999999999999545,1.3440000000001169,1.3440000000001169,1.5594770195414638,1.5594770195414638,0,0.0,,195191
stacked_low,2.0,q2_a1.5_and,110007,4.800000000001091,4.800000000001091,1.5520000000000223,1.5520000000000223,1.5339132547444536,1.5339132547444536,0,0.0,,194947
stacked_low,2.0,q2_a1.5_and,110008,3.600000000003547,3.600000000003547,1.42700000000001,1.42700000000001,1.5268760247169302,1.5268760247169302,0,0.0,,195641
stacked_low,2.0,q2_a1.5_and,110009,4.199999999997999,4.199999999997999,1.4149999999999159,1.4149999999999159,1.5452864788581138,1.5452864788581138,0,0.0,,195805
stacked_low,2.0,q2_a1.5_and,110010,4.399999999999636,4.399999999999636,1.4150000000002907,1.4150000000002907,1.5175991913618136,1.5175991913618136,0,0.0,,195741
stacked_low,2.0,q2_a1.5_and,110011,5.400000000000091,5.400000000000091,1.5710000000002162,1.5710000000002162,1.6371902182981148,1.6371902182981148,0,0.0,,198101
stacked_low,2.0,q2_a1.5_and,110012,3.799999999999997,3.799999999999997,1.501999999999916,1.501999999999916,1.5764092205702789,1.5764092205702789,0,0.0,,195712
stacked_low,2.0,q2_a1.5_and,110013,4.9999999999990905,4.9999999999990905,1.5690000000001374,1.5690000000001374,1.5833100750061988,1.5833100750061988,0,0.0,,196449
stacked_low,2.0,q2_a1.5_and,110014,4.9999999999990905,4.9999999999990905,1.566999999999968,1.566999999999968,1.5888630049874106,1.5888630049874106,0,0.0,,195496
stacked_low,2.0,q2_a1.5_and,110015,5.19999999999925,5.19999999999925,1.5400000000001035,1.5400000000001035,1.5520796661931524,1.5520796661931524,0,0.0,,194132
stacked_low,2.0,q2_a1.5_and,110016,4.999999999999773,4.999999999999773,1.4930000000000283,1.4930000000000283,1.574636437380069,1.574636437380069,0,0.0,,195396
stacked_low,2.0,q2_a1.5_and,110017,5.000000000000057,5.000000000000057,1.519999999999971,1.519999999999971,1.554639974705434,1.554639974705434,0,0.0,,194297
stacked_low,2.0,q2_a1.5_and,110018,4.199999999999818,4.199999999999818,1.486000000000142,1.486000000000142,1.5488616782048015,1.5488616782048015,0,0.0,,195199
stacked_low,2.0,q2_a1.5_and,110019,4.600000000000136,4.600000000000136,1.412000000000488,1.412000000000488,1.6256082380377024,1.6256082380377024,0,0.0,,194433
stacked_low,2.0,q2_a1.5_and,110020,3.799999999999997,3.799999999999997,1.4200000000002109,1.4200000000002109,1.5912112166179093,1.5912112166179093,0,0.0,,195919
stacked_low,2.0,q2_a1.5_and,110021,3.800000000000182,3.800000000000182,1.4770000000000523,1.4770000000000523,1.5396031449695808,1.5396031449695808,0,0.0,,195893
stacked_low,2.0,q2_a1.5_and,110022,5.400000000000091,5.400000000000091,1.5780000000000587,1.5780000000000587,1.601933301103743,1.601933301103743,0,0.0,,194527
stacked_low,2.0,q2_a1.5_and,110023,5.199999999998909,5.199999999998909,1.5400000000002643,1.5400000000002643,1.5163103617415272,1.5163103617415272,0,0.0,,194222
stacked_low,2.0,q2_a1.5_and,110024,5.19999999999618,5.19999999999618,1.5670000000000706,1.5670000000000706,1.547336277811503,1.547336277811503,0,0.0,,196790
stacked_low,2.0,q2_a1.5_and,110025,4.199999999998909,4.199999999998909,1.4160000000003774,1.4160000000003774,1.5530411590040187,1.5530411590040187,0,0.0,,197113
stacked_low,2.0,q2_a1.5_and,110026,4.199999999999363,4.199999999999363,1.4660000000001587,1.4660000000001587,1.533217238748997,1.533217238748997,0,0.0,,195952
stacked_low,2.0,q2_a1.5_and,110027,5.199999999999136,5.199999999999136,1.5509999999998798,1.5509999999998798,1.5659138872021026,1.5659138872021026,0,0.0,,194857
stacked_low,2.0,q2_a1.5_and,110028,3.9999999999995453,3.9999999999995453,1.5539999999999694,1.5539999999999694,1.5906214794093594,1.5906214794093594,0,0.0,,197145
stacked_low,2.0,q2_a1.5_and,110029,5.0,5.0,1.5520000000002527,1.5520000000002527,1.5522613844186302,1.5522613844186302,0,0.0,,196335
stacked_low,2.0,q4_a0.8_or,110000,4.200000000003456,4.200000000003456,1.4350000000003331,1.4350000000003331,1.4722270376066422,1.4722270376066422,0,0.0,,194231
stacked_low,2.0,q4_a0.8_or,110001,3.799999999999997,3.799999999999997,1.4299999999998247,1.4299999999998247,1.5761373319466188,1.5761373319466188,0,0.0,,195071
stacked_low,2.0,q4_a0.8_or,110002,5.0000000000001705,5.0000000000001705,1.5269999999999808,1.5269999999999808,1.539682885868024,1.539682885868024,0,0.0,,196477
stacked_low,2.0,q4_a0.8_or,110003,4.199999999998909,4.199999999998909,1.4810000000001122,1.4810000000001122,1.5341975679614461,1.5341975679614461,0,0.0,,195267
stacked_low,2.0,q4_a0.8_or,110004,4.799999999999727,4.799999999999727,1.5170000000004555,1.5170000000004555,1.586396948594826,1.586396948594826,0,0.0,,194787
stacked_low,2.0,q4_a0.8_or,110005,4.999999999997726,4.999999999997726,1.4840000000001878,1.4840000000001878,1.5230949293168792,1.5230949293168792,0,0.0,,196232
stacked_low,2.0,q4_a0.8_or,110006,3.7999999999999545,3.7999999999999545,1.3440000000001169,1.3440000000001169,1.5594770195414638,1.5594770195414638,0,0.0,,195191
stacked_low,2.0,q4_a0.8_or,110007,4.800000000001091,4.800000000001091,1.5520000000000223,1.5520000000000223,1.5339132547444536,1.5339132547444536,0,0.0,,194947
stacked_low,2.0,q4_a0.8_or,110008,3.600000000003547,3.600000000003547,1.42700000000001,1.42700000000001,1.5268760247169302,1.5268760247169302,0,0.0,,195641
stacked_low,2.0,q4_a0.8_or,110009,4.199999999997999,4.199999999997999,1.4149999999999159,1.4149999999999159,1.5452864788581138,1.5452864788581138,0,0.0,,195805
stacked_low,2.0,q4_a0.8_or,110010,4.399999999999636,4.399999999999636,1.4150000000002907,1.4150000000002907,1.5175991913618136,1.5175991913618136,0,0.0,,195741
stacked_low,2.0,q4_a0.8_or,110011,5.400000000000091,5.400000000000091,1.5710000000002162,1.5710000000002162,1.6371902182981148,1.6371902182981148,0,0.0,,198101
stacked_low,2.0,q4_a0.8_or,110012,3.799999999999997,3.799999999999997,1.501999999999916,1.501999999999916,1.5764092205702789,1.5764092205702789,0,0.0,,195712
stacked_low,2.0,q4_a0.8_or,110013,4.9999999999990905,4.9999999999990905,1.5690000000001374,1.5690000000001374,1.5833100750061988,1.5833100750061988,0,0.0,,196449
stacked_low,2.0,q4_a0.8_or,110014,4.9999999999990905,4.9999999999990905,1.566999999999968,1.566999999999968,1.5888630049874106,1.5888630049874106,0,0.0,,195496
stacked_low,2.0,q4_a0.8_or,110015,5.19999999999925,5.19999999999925,1.5400000000001035,1.5400000000001035,1.5520796661931524,1.5520796661931524,0,0.0,,194132
stacked_low,2.0,q4_a0.8_or,110016,4.999999999999773,4.999999999999773,1.4930000000000283,1.4930000000000283,1.574636437380069,1.574636437380069,0,0.0,,195396
stacked_low,2.0,q4_a0.8_or,110017,5.000000000000057,5.000000000000057,1.519999999999971,1.519999999999971,1.554639974705434,1.554639974705434,0,0.0,,194297
stacked_low,2.0,q4_a0.8_or,110018,4.199999999999818,4.199999999999818,1.486000000000142,1.486000000000142,1.5488616782048015,1.5488616782048015,0,0.0,,195199
stacked_low,2.0,q4_a0.8_or,110019,4.600000000000136,4.600000000000136,1.412000000000488,1.412000000000488,1.6256082380377024,1.6256082380377024,0,0.0,,194433
stacked_low,2.0,q4_a0.8_or,110020,3.799999999999997,3.799999999999997,1.4200000000002109,1.4200000000002109,1.5912112166179093,1.5912112166179093,0,0.0,,195919
stacked_low,2.0,q4_a0.8_or,110021,3.800000000000182,3.800000000000182,1.4770000000000523,1.4770000000000523,1.5396031449695808,1.5396031449695808,0,0.0,,195893
stacked_low,2.0,q4_a0.8_or,110022,5.400000000000091,5.400000000000091,1.5780000000000587,1.5780000000000587,1.601933301103743,1.601933301103743,0,0.0,,194527
stacked_low,2.0,q4_a0.8_or,110023,5.199999999998909,5.199999999998909,1.5400000000002643,1.5400000000002643,1.5163103617415272,1.5163103617415272,0,0.0,,194222
stacked_low,2.0,q4_a0.8_or,110024,5.19999999999618,5.19999999999618,1.5670000000000706,1.5670000000000706,1.547336277811503,1.547336277811503,0,0.0,,196790
stacked_low,2.0,q4_a0.8_or,110025,4.199999999998909,4.199999999998909,1.4160000000003774,1.4160000000003774,1.5530411590040187,1.5530411590040187,0,0.0,,197113
stacked_low,2.0,q4_a0.8_or,110026,4.199999999999363,4.199999999999363,1.4660000000001587,1.4660000000001587,1.533217238748997,1.533217238748997,0,0.0,,195952
stacked_low,2.0,q4_a0.8_or,110027,5.199999999999136,5.199999999999136,1.5509999999998798,1.5509999999998798,1.5659138872021026,1.5659138872021026,0,0.0,,194857
stacked_low,2.0,q4_a0.8_or,110028,3.9999999999995453,3.9999999999995453,1.5539999999999694,1.5539999999999694,1.5906214794093594,1.5906214794093594,0,0.0,,197145
stacked_low,2.0,q4_a0.8_or,110029,5.0,5.0,1.5520000000002527,1.5520000000002527,1.5522613844186302,1.5522613844186302,0,0.0,,196335
stacked_low,2.0,q4_a0.8_and,110000,4.200000000003456,4.200000000003456,1.4350000000003331,1.4350000000003331,1.4722270376066422,1.4722270376066422,0,0.0,,194231
stacked_low,2.0,q4_a0.8_and,110001,3.799999999999997,3.799999999999997,1.4299999999998247,1.4299999999998247,1.5761373319466188,1.5761373319466188,0,0.0,,195071
stacked_low,2.0,q4_a0.8_and,110002,5.0000000000001705,5.0000000000001705,1.5269999999999808,1.5269999999999808,1.539682885868024,1.539682885868024,0,0.0,,196477
stacked_low,2.0,q4_a0.8_and,110003,4.199999999998909,4.199999999998909,1.4810000000001122,1.4810000000001122,1.5341975679614461,1.5341975679614461,0,0.0,,195267
stacked_low,2.0,q4_a0.8_and,110004,4.799999999999727,4.799999999999727,1.5170000000004555,1.5170000000004555,1.586396948594826,1.586396948594826,0,0.0,,194787
stacked_low,2.0,q4_a0.8_and,110005,4.999999999997726,4.999999999997726,1.4840000000001878,1.4840000000001878,1.5230949293168792,1.5230949293168792,0,0.0,,196232
stacked_low,2.0,q4_a0.8_and,110006,3.7999999999999545,3.7999999999999545,1.3440000000001169,1.3440000000001169,1.5594770195414638,1.5594770195414638,0,0.0,,195191
stacked_low,2.0,q4_a0.8_and,110007,4.800000000001091,4.800000000001091,1.5520000000000223,1.5520000000000223,1.5339132547444536,1.5339132547444536,0,0.0,,194947
stacked_low,2.0,q4_a0.8_and,110008,3.600000000003547,3.600000000003547,1.42700000000001,1.42700000000001,1.5268760247169302,1.5268760247169302,0,0.0,,195641
stacked_low,2.0,q4_a0.8_and,110009,4.199999999997999,4.199999999997999,1.4149999999999159,1.4149999999999159,1.5452864788581138,1.5452864788581138,0,0.0,,195805
stacked_low,2.0,q4_a0.8_and,110010,4.399999999999636,4.399999999999636,1.4150000000002907,1.4150000000002907,1.5175991913618136,1.5175991913618136,0,0.0,,195741
stacked_low,2.0,q4_a0.8_and,110011,5.400000000000091,5.400000000000091,1.5710000000002162,1.5710000000002162,1.6371902182981148,1.6371902182981148,0,0.0,,198101
stacked_low,2.0,q4_a0.8_and,110012,3.799999999999997,3.799999999999997,1.501999999999916,1.501999999999916,1.5764092205702789,1.5764092205702789,0,0.0,,195712
stacked_low,2.0,q4_a0.8_and,110013,4.9999999999990905,4.9999999999990905,1.5690000000001374,1.5690000000001374,1.5833100750061988,1.5833100750061988,0,0.0,,196449
stacked_low,2.0,q4_a0.8_and,110014,4.9999999999990905,4.9999999999990905,1.566999999999968,1.566999999999968,1.5888630049874106,1.5888630049874106,0,0.0,,195496
stacked_low,2.0,q4_a0.8_and,110015,5.19999999999925,5.19999999999925,1.5400000000001035,1.5400000000001035,1.5520796661931524,1.5520796661931524,0,0.0,,194132
stacked_low,2.0,q4_a0.8_and,110016,4.999999999999773,4.999999999999773,1.4930000000000283,1.4930000000000283,1.574636437380069,1.574636437380069,0,0.0,,195396
stacked_low,2.0,q4_a0.8_and,110017,5.000000000000057,5.000000000000057,1.519999999999971,1.519999999999971,1.554639974705434,1.554639974705434,0,0.0,,194297
stacked_low,2.0,q4_a0.8_and,110018,4.199999999999818,4.199999999999818,1.486000000000142,1.486000000000142,1.5488616782048015,1.5488616782048015,0,0.0,,195199
stacked_low,2.0,q4_a0.8_and,110019,4.600000000000136,4.600000000000136,1.412000000000488,1.412000000000488,1.6256082380377024,1.6256082380377024,0,0.0,,194433
stacked_low,2.0,q4_a0.8_and,110020,3.799999999999997,3.799999999999997,1.4200000000002109,1.4200000000002109,1.5912112166179093,1.5912112166179093,0,0.0,,195919
stacked_low,2.0,q4_a0.8_and,110021,3.800000000000182,3.800000000000182,1.4770000000000523,1.4770000000000523,1.5396031449695808,1.5396031449695808,0,0.0,,195893
stacked_low,2.0,q4_a0.8_and,110022,5.400000000000091,5.400000000000091,1.5780000000000587,1.5780000000000587,1.601933301103743,1.601933301103743,0,0.0,,194527
stacked_low,2.0,q4_a0.8_and,110023,5.199999999998909,5.199999999998909,1.5400000000002643,1.5400000000002643,1.5163103617415272,1.5163103617415272,0,0.0,,194222
stacked_low,2.0,q4_a0.8_and,110024,5.19999999999618,5.19999999999618,1.5670000000000706,1.5670000000000706,1.547336277811503,1.547336277811503,0,0.0,,196790
stacked_low,2.0,q4_a0.8_and,110025,4.199999999998909,4.199999999998909,1.4160000000003774,1.4160000000003774,1.5530411590040187,1.5530411590040187,0,0.0,,197113
stacked_low,2.0,q4_a0.8_and,110026,4.199999999999363,4.199999999999363,1.4660000000001587,1.4660000000001587,1.533217238748997,1.533217238748997,0,0.0,,195952
stacked_low,2.0,q4_a0.8_and,110027,5.199999999999136,5.199999999999136,1.5509999999998798,1.5509999999998798,1.5659138872021026,1.5659138872021026,0,0.0,,194857
stacked_low,2.0,q4_a0.8_and,110028,3.9999999999995453,3.9999999999995453,1.5539999999999694,1.5539999999999694,1.5906214794093594,1.5906214794093594,0,0.0,,197145
stacked_low,2.0,q4_a0.8_and,110029,5.0,5.0,1.5520000000002527,1.5520000000002527,1.5522613844186302,1.5522613844186302,0,0.0,,196335
stacked_low,2.0,q4_a1.5_or,110000,4.200000000003456,4.200000000003456,1.4350000000003331,1.4350000000003331,1.4722270376066422,1.4722270376066422,0,0.0,,194231
stacked_low,2.0,q4_a1.5_or,110001,3.799999999999997,3.799999999999997,1.4299999999998247,1.4299999999998247,1.5761373319466188,1.5761373319466188,0,0.0,,195071
stacked_low,2.0,q4_a1.5_or,110002,5.0000000000001705,5.0000000000001705,1.5269999999999808,1.5269999999999808,1.539682885868024,1.539682885868024,0,0.0,,196477
stacked_low,2.0,q4_a1.5_or,110003,4.199999999998909,4.199999999998909,1.4810000000001122,1.4810000000001122,1.5341975679614461,1.5341975679614461,0,0.0,,195267
stacked_low,2.0,q4_a1.5_or,110004,4.799999999999727,4.799999999999727,1.5170000000004555,1.5170000000004555,1.586396948594826,1.586396948594826,0,0.0,,194787
stacked_low,2.0,q4_a1.5_or,110005,4.999999999997726,4.999999999997726,1.4840000000001878,1.4840000000001878,1.5230949293168792,1.5230949293168792,0,0.0,,196232
stacked_low,2.0,q4_a1.5_or,110006,3.7999999999999545,3.7999999999999545,1.3440000000001169,1.3440000000001169,1.5594770195414638,1.5594770195414638,0,0.0,,195191
stacked_low,2.0,q4_a1.5_or,110007,4.800000000001091,4.800000000001091,1.5520000000000223,1.5520000000000223,1.5339132547444536,1.5339132547444536,0,0.0,,194947
stacked_low,2.0,q4_a1.5_or,110008,3.600000000003547,3.600000000003547,1.42700000000001,1.42700000000001,1.5268760247169302,1.5268760247169302,0,0.0,,195641
stacked_low,2.0,q4_a1.5_or,110009,4.199999999997999,4.199999999997999,1.4149999999999159,1.4149999999999159,1.5452864788581138,1.5452864788581138,0,0.0,,195805
stacked_low,2.0,q4_a1.5_or,110010,4.399999999999636,4.399999999999636,1.4150000000002907,1.4150000000002907,1.5175991913618136,1.5175991913618136,0,0.0,,195741
stacked_low,2.0,q4_a1.5_or,110011,5.400000000000091,5.400000000000091,1.5710000000002162,1.5710000000002162,1.6371902182981148,1.6371902182981148,0,0.0,,198101
stacked_low,2.0,q4_a1.5_or,110012,3.799999999999997,3.799999999999997,1.501999999999916,1.501999999999916,1.5764092205702789,1.5764092205702789,0,0.0,,195712
stacked_low,2.0,q4_a1.5_or,110013,4.9999999999990905,4.9999999999990905,1.5690000000001374,1.5690000000001374,1.5833100750061988,1.5833100750061988,0,0.0,,196449
stacked_low,2.0,q4_a1.5_or,110014,4.9999999999990905,4.9999999999990905,1.566999999999968,1.566999999999968,1.5888630049874106,1.5888630049874106,0,0.0,,195496
stacked_low,2.0,q4_a1.5_or,110015,5.19999999999925,5.19999999999925,1.5400000000001035,1.5400000000001035,1.5520796661931524,1.5520796661931524,0,0.0,,194132
stacked_low,2.0,q4_a1.5_or,110016,4.999999999999773,4.999999999999773,1.4930000000000283,1.4930000000000283,1.574636437380069,1.574636437380069,0,0.0,,195396
stacked_low,2.0,q4_a1.5_or,110017,5.000000000000057,5.000000000000057,1.519999999999971,1.519999999999971,1.554639974705434,1.554639974705434,0,0.0,,194297
stacked_low,2.0,q4_a1.5_or,110018,4.199999999999818,4.199999999999818,1.486000000000142,1.486000000000142,1.5488616782048015,1.5488616782048015,0,0.0,,195199
stacked_low,2.0,q4_a1.5_or,110019,4.600000000000136,4.600000000000136,1.412000000000488,1.412000000000488,1.6256082380377024,1.6256082380377024,0,0.0,,194433
stacked_low,2.0,q4_a1.5_or,110020,3.799999999999997,3.799999999999997,1.4200000000002109,1.4200000000002109,1.5912112166179093,1.5912112166179093,0,0.0,,195919
stacked_low,2.0,q4_a1.5_or,110021,3.800000000000182,3.800000000000182,1.4770000000000523,1.4770000000000523,1.5396031449695808,1.5396031449695808,0,0.0,,195893
stacked_low,2.0,q4_a1.5_or,110022,5.400000000000091,5.400000000000091,1.5780000000000587,1.5780000000000587,1.601933301103743,1.601933301103743,0,0.0,,194527
stacked_low,2.0,q4_a1.5_or,110023,5.199999999998909,5.199999999998909,1.5400000000002643,1.5400000000002643,1.5163103617415272,1.5163103617415272,0,0.0,,194222
stacked_low,2.0,q4_a1.5_or,110024,5.19999999999618,5.19999999999618,1.5670000000000706,1.5670000000000706,1.547336277811503,1.547336277811503,0,0.0,,196790
stacked_low,2.0,q4_a1.5_or,110025,4.199999999998909,4.199999999998909,1.4160000000003774,1.4160000000003774,1.5530411590040187,1.5530411590040187,0,0.0,,197113
stacked_low,2.0,q4_a1.5_or,110026,4.199999999999363,4.199999999999363,1.4660000000001587,1.4660000000001587,1.533217238748997,1.533217238748997,0,0.0,,195952
stacked_low,2.0,q4_a1.5_or,110027,5.199999999999136,5.199999999999136,1.5509999999998798,1.5509999999998798,1.5659138872021026,1.5659138872021026,0,0.0,,194857
stacked_low,2.0,q4_a1.5_or,110028,3.9999999999995453,3.9999999999995453,1.5539999999999694,1.5539999999999694,1.5906214794093594,1.5906214794093594,0,0.0,,197145
stacked_low,2.0,q4_a1.5_or,110029,5.0,5.0,1.5520000000002527,1.5520000000002527,1.5522613844186302,1.5522613844186302,0,0.0,,196335
stacked_low,2.0,q4_a1.5_and,110000,4.200000000003456,4.200000000003456,1.4350000000003331,1.4350000000003331,1.4722270376066422,1.4722270376066422,0,0.0,,194231
stacked_low,2.0,q4_a1.5_and,110001,3.799999999999997,3.799999999999997,1.4299999999998247,1.4299999999998247,1.5761373319466188,1.5761373319466188,0,0.0,,195071
stacked_low,2.0,q4_a1.5_and,110002,5.0000000000001705,5.0000000000001705,1.5269999999999808,1.5269999999999808,1.539682885868024,1.539682885868024,0,0.0,,196477
stacked_low,2.0,q4_a1.5_and,110003,4.199999999998909,4.199999999998909,1.4810000000001122,1.4810000000001122,1.5341975679614461,1.5341975679614461,0,0.0,,195267
stacked_low,2.0,q4_a1.5_and,110004,4.799999999999727,4.799999999999727,1.5170000000004555,1.5170000000004555,1.586396948594826,1.586396948594826,0,0.0,,194787
stacked_low,2.0,q4_a1.5_and,110005,4.999999999997726,4.999999999997726,1.4840000000001878,1.4840000000001878,1.5230949293168792,1.5230949293168792,0,0.0,,196232
stacked_low,2.0,q4_a1.5_and,110006,3.7999999999999545,3.7999999999999545,1.3440000000001169,1.3440000000001169,1.5594770195414638,1.5594770195414638,0,0.0,,195191
stacked_low,2.0,q4_a1.5_and,110007,4.800000000001091,4.800000000001091,1.5520000000000223,1.5520000000000223,1.5339132547444536,1.5339132547444536,0,0.0,,194947
stacked_low,2.0,q4_a1.5_and,110008,3.600000000003547,3.600000000003547,1.42700000000001,1.42700000000001,1.5268760247169302,1.5268760247169302,0,0.0,,195641
stacked_low,2.0,q4_a1.5_and,110009,4.199999999997999,4.199999999997999,1.4149999999999159,1.4149999999999159,1.5452864788581138,1.5452864788581138,0,0.0,,195805
stacked_low,2.0,q4_a1.5_and,110010,4.399999999999636,4.399999999999636,1.4150000000002907,1.4150000000002907,1.5175991913618136,1.5175991913618136,0,0.0,,195741
stacked_low,2.0,q4_a1.5_and,110011,5.400000000000091,5.400000000000091,1.5710000000002162,1.5710000000002162,1.6371902182981148,1.6371902182981148,0,0.0,,198101
stacked_low,2.0,q4_a1.5_and,110012,3.799999999999997,3.799999999999997,1.501999999999916,1.501999999999916,1.5764092205702789,1.5764092205702789,0,0.0,,195712
stacked_low,2.0,q4_a1.5_and,110013,4.9999999999990905,4.9999999999990905,1.5690000000001374,1.5690000000001374,1.5833100750061988,1.5833100750061988,0,0.0,,196449
stacked_low,2.0,q4_a1.5_and,110014,4.9999999999990905,4.9999999999990905,1.566999999999968,1.566999999999968,1.5888630049874106,1.5888630049874106,0,0.0,,195496
stacked_low,2.0,q4_a1.5_and,110015,5.19999999999925,5.19999999999925,1.5400000000001035,1.5400000000001035,1.5520796661931524,1.5520796661931524,0,0.0,,194132
stacked_low,2.0,q4_a1.5_and,110016,4.999999999999773,4.999999999999773,1.4930000000000283,1.4930000000000283,1.574636437380069,1.574636437380069,0,0.0,,195396
stacked_low,2.0,q4_a1.5_and,110017,5.000000000000057,5.000000000000057,1.519999999999971,1.519999999999971,1.554639974705434,1.554639974705434,0,0.0,,194297
stacked_low,2.0,q4_a1.5_and,110018,4.199999999999818,4.199999999999818,1.486000000000142,1.486000000000142,1.5488616782048015,1.5488616782048015,0,0.0,,195199
stacked_low,2.0,q4_a1.5_and,110019,4.600000000000136,4.600000000000136,1.412000000000488,1.412000000000488,1.6256082380377024,1.6256082380377024,0,0.0,,194433
stacked_low,2.0,q4_a1.5_and,110020,3.799999999999997,3.799999999999997,1.4200000000002109,1.4200000000002109,1.5912112166179093,1.5912112166179093,0,0.0,,195919
stacked_low,2.0,q4_a1.5_and,110021,3.800000000000182,3.800000000000182,1.4770000000000523,1.4770000000000523,1.5396031449695808,1.5396031449695808,0,0.0,,195893
stacked_low,2.0,q4_a1.5_and,110022,5.400000000000091,5.400000000000091,1.5780000000000587,1.5780000000000587,1.601933301103743,1.601933301103743,0,0.0,,194527
stacked_low,2.0,q4_a1.5_and,110023,5.199999999998909,5.199999999998909,1.5400000000002643,1.5400000000002643,1.5163103617415272,1.5163103617415272,0,0.0,,194222
stacked_low,2.0,q4_a1.5_and,110024,5.19999999999618,5.19999999999618,1.5670000000000706,1.5670000000000706,1.547336277811503,1.547336277811503,0,0.0,,196790
stacked_low,2.0,q4_a1.5_and,110025,4.199999999998909,4.199999999998909,1.4160000000003774,1.4160000000003774,1.5530411590040187,1.5530411590040187,0,0.0,,197113
stacked_low,2.0,q4_a1.5_and,110026,4.199999999999363,4.199999999999363,1.4660000000001587,1.4660000000001587,1.533217238748997,1.533217238748997,0,0.0,,195952
stacked_low,2.0,q4_a1.5_and,110027,5.199999999999136,5.199999999999136,1.5509999999998798,1.5509999999998798,1.5659138872021026,1.5659138872021026,0,0.0,,194857
stacked_low,2.0,q4_a1.5_and,110028,3.9999999999995453,3.9999999999995453,1.5539999999999694,1.5539999999999694,1.5906214794093594,1.5906214794093594,0,0.0,,197145
stacked_low,2.0,q4_a1.5_and,110029,5.0,5.0,1.5520000000002527,1.5520000000002527,1.5522613844186302,1.5522613844186302,0,0.0,,196335
stacked_low,2.0,q8_a0.8_or,110000,4.200000000003456,4.200000000003456,1.4350000000003331,1.4350000000003331,1.4722270376066422,1.4722270376066422,0,0.0,,194231
stacked_low,2.0,q8_a0.8_or,110001,3.799999999999997,3.799999999999997,1.4299999999998247,1.4299999999998247,1.5761373319466188,1.5761373319466188,0,0.0,,195071
stacked_low,2.0,q8_a0.8_or,110002,5.0000000000001705,5.0000000000001705,1.5269999999999808,1.5269999999999808,1.539682885868024,1.539682885868024,0,0.0,,196477
stacked_low,2.0,q8_a0.8_or,110003,4.199999999998909,4.199999999998909,1.4810000000001122,1.4810000000001122,1.5341975679614461,1.5341975679614461,0,0.0,,195267
stacked_low,2.0,q8_a0.8_or,110004,4.799999999999727,4.799999999999727,1.5170000000004555,1.5170000000004555,1.586396948594826,1.586396948594826,0,0.0,,194787
stacked_low,2.0,q8_a0.8_or,110005,4.999999999997726,4.999999999997726,1.4840000000001878,1.4840000000001878,1.5230949293168792,1.5230949293168792,0,0.0,,196232
stacked_low,2.0,q8_a0.8_or,110006,3.7999999999999545,3.7999999999999545,1.3440000000001169,1.3440000000001169,1.5594770195414638,1.5594770195414638,0,0.0,,195191
stacked_low,2.0,q8_a0.8_or,110007,4.800000000001091,4.800000000001091,1.5520000000000223,1.5520000000000223,1.5339132547444536,1.5339132547444536,0,0.0,,194947
stacked_low,2.0,q8_a0.8_or,110008,3.600000000003547,3.600000000003547,1.42700000000001,1.42700000000001,1.5268760247169302,1.5268760247169302,0,0.0,,195641
stacked_low,2.0,q8_a0.8_or,110009,4.199999999997999,4.199999999997999,1.4149999999999159,1.4149999999999159,1.5452864788581138,1.5452864788581138,0,0.0,,195805
stacked_low,2.0,q8_a0.8_or,110010,4.399999999999636,4.399999999999636,1.4150000000002907,1.4150000000002907,1.5175991913618136,1.5175991913618136,0,0.0,,195741
stacked_low,2.0,q8_a0.8_or,110011,5.400000000000091,5.400000000000091,1.5710000000002162,1.5710000000002162,1.6371902182981148,1.6371902182981148,0,0.0,,198101
stacked_low,2.0,q8_a0.8_or,110012,3.799999999999997,3.799999999999997,1.501999999999916,1.501999999999916,1.5764092205702789,1.5764092205702789,0,0.0,,195712
stacked_low,2.0,q8_a0.8_or,110013,4.9999999999990905,4.9999999999990905,1.5690000000001374,1.5690000000001374,1.5833100750061988,1.5833100750061988,0,0.0,,196449
stacked_low,2.0,q8_a0.8_or,110014,4.9999999999990905,4.9999999999990905,1.566999999999968,1.566999999999968,1.5888630049874106,1.5888630049874106,0,0.0,,195496
stacked_low,2.0,q8_a0.8_or,110015,5.19999999999925,5.19999999999925,1.5400000000001035,1.5400000000001035,1.5520796661931524,1.5520796661931524,0,0.0,,194132
stacked_low,2.0,q8_a0.8_or,110016,4.999999999999773,4.999999999999773,1.4930000000000283,1.4930000000000283,1.574636437380069,1.574636437380069,0,0.0,,195396
stacked_low,2.0,q8_a0.8_or,110017,5.000000000000057,5.000000000000057,1.519999999999971,1.519999999999971,1.554639974705434,1.554639974705434,0,0.0,,194297
stacked_low,2.0,q8_a0.8_or,110018,4.199999999999818,4.199999999999818,1.486000000000142,1.486000000000142,1.5488616782048015,1.5488616782048015,0,0.0,,195199
stacked_low,2.0,q8_a0.8_or,110019,4.600000000000136,4.600000000000136,1.412000000000488,1.412000000000488,1.6256082380377024,1.6256082380377024,0,0.0,,194433
stacked_low,2.0,q8_a0.8_or,110020,3.799999999999997,3.799999999999997,1.4200000000002109,1.4200000000002109,1.5912112166179093,1.5912112166179093,0,0.0,,195919
stacked_low,2.0,q8_a0.8_or,110021,3.800000000000182,3.800000000000182,1.4770000000000523,1.4770000000000523,1.5396031449695808,1.5396031449695808,0,0.0,,195893
stacked_low,2.0,q8_a0.8_or,110022,5.400000000000091,5.400000000000091,1.5780000000000587,1.5780000000000587,1.601933301103743,1.601933301103743,0,0.0,,194527
stacked_low,2.0,q8_a0.8_or,110023,5.199999999998909,5.199999999998909,1.5400000000002643,1.5400000000002643,1.5163103617415272,1.5163103617415272,0,0.0,,194222
stacked_low,2.0,q8_a0.8_or,110024,5.19999999999618,5.19999999999618,1.5670000000000706,1.5670000000000706,1.547336277811503,1.547336277811503,0,0.0,,196790
stacked_low,2.0,q8_a0.8_or,110025,4.199999999998909,4.199999999998909,1.4160000000003774,1.4160000000003774,1.5530411590040187,1.5530411590040187,0,0.0,,197113
stacked_low,2.0,q8_a0.8_or,110026,4.199999999999363,4.199999999999363,1.4660000000001587,1.4660000000001587,1.533217238748997,1.533217238748997,0,0.0,,195952
stacked_low,2.0,q8_a0.8_or,110027,5.199999999999136,5.199999999999136,1.5509999999998798,1.5509999999998798,1.5659138872021026,1.5659138872021026,0,0.0,,194857
stacked_low,2.0,q8_a0.8_or,110028,3.9999999999995453,3.9999999999995453,1.5539999999999694,1.5539999999999694,1.5906214794093594,1.5906214794093594,0,0.0,,197145
stacked_low,2.0,q8_a0.8_or,110029,5.0,5.0,1.5520000000002527,1.5520000000002527,1.5522613844186302,1.5522613844186302,0,0.0,,196335
stacked_low,2.0,q8_a0.8_and,110000,4.200000000003456,4.200000000003456,1.4350000000003331,1.4350000000003331,1.4722270376066422,1.4722270376066422,0,0.0,,194231
stacked_low,2.0,q8_a0.8_and,110001,3.799999999999997,3.799999999999997,1.4299999999998247,1.4299999999998247,1.5761373319466188,1.5761373319466188,0,0.0,,195071
stacked_low,2.0,q8_a0.8_and,110002,5.0000000000001705,5.0000000000001705,1.5269999999999808,1.5269999999999808,1.539682885868024,1.539682885868024,0,0.0,,196477
stacked_low,2.0,q8_a0.8_and,110003,4.199999999998909,4.199999999998909,1.4810000000001122,1.4810000000001122,1.5341975679614461,1.5341975679614461,0,0.0,,195267
stacked_low,2.0,q8_a0.8_and,110004,4.799999999999727,4.799999999999727,1.5170000000004555,1.5170000000004555,1.586396948594826,1.586396948594826,0,0.0,,194787
stacked_low,2.0,q8_a0.8_and,110005,4.999999999997726,4.999999999997726,1.4840000000001878,1.4840000000001878,1.5230949293168792,1.5230949293168792,0,0.0,,196232
stacked_low,2.0,q8_a0.8_and,110006,3.7999999999999545,3.7999999999999545,1.3440000000001169,1.3440000000001169,1.5594770195414638,1.5594770195414638,0,0.0,,195191
stacked_low,2.0,q8_a0.8_and,110007,4.800000000001091,4.800000000001091,1.5520000000000223,1.5520000000000223,1.5339132547444536,1.5339132547444536,0,0.0,,194947
stacked_low,2.0,q8_a0.8_and,110008,3.600000000003547,3.600000000003547,1.42700000000001,1.42700000000001,1.5268760247169302,1.5268760247169302,0,0.0,,195641
stacked_low,2.0,q8_a0.8_and,110009,4.199999999997999,4.199999999997999,1.4149999999999159,1.4149999999999159,1.5452864788581138,1.5452864788581138,0,0.0,,195805
stacked_low,2.0,q8_a0.8_and,110010,4.399999999999636,4.399999999999636,1.4150000000002907,1.4150000000002907,1.5175991913618136,1.5175991913618136,0,0.0,,195741
stacked_low,2.0,q8_a0.8_and,110011,5.400000000000091,5.400000000000091,1.5710000000002162,1.5710000000002162,1.6371902182981148,1.6371902182981148,0,0.0,,198101
stacked_low,2.0,q8_a0.8_and,110012,3.799999999999997,3.799999999999997,1.501999999999916,1.501999999999916,1.5764092205702789,1.5764092205702789,0,0.0,,195712
stacked_low,2.0,q8_a0.8_and,110013,4.9999999999990905,4.9999999999990905,1.5690000000001374,1.5690000000001374,1.5833100750061988,1.5833100750061988,0,0.0,,196449
stacked_low,2.0,q8_a0.8_and,110014,4.9999999999990905,4.9999999999990905,1.566999999999968,1.566999999999968,1.5888630049874106,1.5888630049874106,0,0.0,,195496
stacked_low,2.0,q8_a0.8_and,110015,5.19999999999925,5.19999999999925,1.5400000000001035,1.5400000000001035,1.5520796661931524,1.5520796661931524,0,0.0,,194132
stacked_low,2.0,q8_a0.8_and,110016,4.999999999999773,4.999999999999773,1.4930000000000283,1.4930000000000283,1.574636437380069,1.574636437380069,0,0.0,,195396
stacked_low,2.0,q8_a0.8_and,110017,5.000000000000057,5.000000000000057,1.519999999999971,1.519999999999971,1.554639974705434,1.554639974705434,0,0.0,,194297
stacked_low,2.0,q8_a0.8_and,110018,4.199999999999818,4.199999999999818,1.486000000000142,1.486000000000142,1.5488616782048015,1.5488616782048015,0,0.0,,195199
stacked_low,2.0,q8_a0.8_and,110019,4.600000000000136,4.600000000000136,1.412000000000488,1.412000000000488,1.6256082380377024,1.6256082380377024,0,0.0,,194433
stacked_low,2.0,q8_a0.8_and,110020,3.799999999999997,3.799999999999997,1.4200000000002109,1.4200000000002109,1.5912112166179093,1.5912112166179093,0,0.0,,195919
stacked_low,2.0,q8_a0.8_and,110021,3.800000000000182,3.800000000000182,1.4770000000000523,1.4770000000000523,1.5396031449695808,1.5396031449695808,0,0.0,,195893
stacked_low,2.0,q8_a0.8_and,110022,5.400000000000091,5.400000000000091,1.5780000000000587,1.5780000000000587,1.601933301103743,1.601933301103743,0,0.0,,194527
stacked_low,2.0,q8_a0.8_and,110023,5.199999999998909,5.199999999998909,1.5400000000002643,1.5400000000002643,1.5163103617415272,1.5163103617415272,0,0.0,,194222
stacked_low,2.0,q8_a0.8_and,110024,5.19999999999618,5.19999999999618,1.5670000000000706,1.5670000000000706,1.547336277811503,1.547336277811503,0,0.0,,196790
stacked_low,2.0,q8_a0.8_and,110025,4.199999999998909,4.199999999998909,1.4160000000003774,1.4160000000003774,1.5530411590040187,1.5530411590040187,0,0.0,,197113
stacked_low,2.0,q8_a0.8_and,110026,4.199999999999363,4.199999999999363,1.4660000000001587,1.4660000000001587,1.533217238748997,1.533217238748997,0,0.0,,195952
stacked_low,2.0,q8_a0.8_and,110027,5.199999999999136,5.199999999999136,1.5509999999998798,1.5509999999998798,1.5659138872021026,1.5659138872021026,0,0.0,,194857
stacked_low,2.0,q8_a0.8_and,110028,3.9999999999995453,3.9999999999995453,1.5539999999999694,1.5539999999999694,1.5906214794093594,1.5906214794093594,0,0.0,,197145
stacked_low,2.0,q8_a0.8_and,110029,5.0,5.0,1.5520000000002527,1.5520000000002527,1.5522613844186302,1.5522613844186302,0,0.0,,196335
stacked_low,2.0,q8_a1.5_or,110000,4.200000000003456,4.200000000003456,1.4350000000003331,1.4350000000003331,1.4722270376066422,1.4722270376066422,0,0.0,,194231
stacked_low,2.0,q8_a1.5_or,110001,3.799999999999997,3.799999999999997,1.4299999999998247,1.4299999999998247,1.5761373319466188,1.5761373319466188,0,0.0,,195071
stacked_low,2.0,q8_a1.5_or,110002,5.0000000000001705,5.0000000000001705,1.5269999999999808,1.5269999999999808,1.539682885868024,1.539682885868024,0,0.0,,196477
stacked_low,2.0,q8_a1.5_or,110003,4.199999999998909,4.199999999998909,1.4810000000001122,1.4810000000001122,1.5341975679614461,1.5341975679614461,0,0.0,,195267
stacked_low,2.0,q8_a1.5_or,110004,4.799999999999727,4.799999999999727,1.5170000000004555,1.5170000000004555,1.586396948594826,1.586396948594826,0,0.0,,194787
stacked_low,2.0,q8_a1.5_or,110005,4.999999999997726,4.999999999997726,1.4840000000001878,1.4840000000001878,1.5230949293168792,1.5230949293168792,0,0.0,,196232
stacked_low,2.0,q8_a1.5_or,110006,3.7999999999999545,3.7999999999999545,1.3440000000001169,1.3440000000001169,1.5594770195414638,1.5594770195414638,0,0.0,,195191
stacked_low,2.0,q8_a1.5_or,110007,4.800000000001091,4.800000000001091,1.5520000000000223,1.5520000000000223,1.5339132547444536,1.5339132547444536,0,0.0,,194947
stacked_low,2.0,q8_a1.5_or,110008,3.600000000003547,3.600000000003547,1.42700000000001,1.42700000000001,1.5268760247169302,1.5268760247169302,0,0.0,,195641
stacked_low,2.0,q8_a1.5_or,110009,4.199999999997999,4.199999999997999,1.4149999999999159,1.4149999999999159,1.5452864788581138,1.5452864788581138,0,0.0,,195805
stacked_low,2.0,q8_a1.5_or,110010,4.399999999999636,4.399999999999636,1.4150000000002907,1.4150000000002907,1.5175991913618136,1.5175991913618136,0,0.0,,195741
stacked_low,2.0,q8_a1.5_or,110011,5.400000000000091,5.400000000000091,1.5710000000002162,1.5710000000002162,1.6371902182981148,1.6371902182981148,0,0.0,,198101
stacked_low,2.0,q8_a1.5_or,110012,3.799999999999997,3.799999999999997,1.501999999999916,1.501999999999916,1.5764092205702789,1.5764092205702789,0,0.0,,195712
stacked_low,2.0,q8_a1.5_or,110013,4.9999999999990905,4.9999999999990905,1.5690000000001374,1.5690000000001374,1.5833100750061988,1.5833100750061988,0,0.0,,196449
stacked_low,2.0,q8_a1.5_or,110014,4.9999999999990905,4.9999999999990905,1.566999999999968,1.566999999999968,1.5888630049874106,1.5888630049874106,0,0.0,,195496
stacked_low,2.0,q8_a1.5_or,110015,5.19999999999925,5.19999999999925,1.5400000000001035,1.5400000000001035,1.5520796661931524,1.5520796661931524,0,0.0,,194132
stacked_low,2.0,q8_a1.5_or,110016,4.999999999999773,4.999999999999773,1.4930000000000283,1.4930000000000283,1.574636437380069,1.574636437380069,0,0.0,,195396
stacked_low,2.0,q8_a1.5_or,110017,5.000000000000057,5.000000000000057,1.519999999999971,1.519999999999971,1.554639974705434,1.554639974705434,0,0.0,,194297
stacked_low,2.0,q8_a1.5_or,110018,4.199999999999818,4.199999999999818,1.486000000000142,1.486000000000142,1.5488616782048015,1.5488616782048015,0,0.0,,195199
stacked_low,2.0,q8_a1.5_or,110019,4.600000000000136,4.600000000000136,1.412000000000488,1.412000000000488,1.6256082380377024,1.6256082380377024,0,0.0,,194433
stacked_low,2.0,q8_a1.5_or,110020,3.799999999999997,3.799999999999997,1.4200000000002109,1.4200000000002109,1.5912112166179093,1.5912112166179093,0,0.0,,195919
stacked_low,2.0,q8_a1.5_or,110021,3.800000000000182,3.800000000000182,1.4770000000000523,1.4770000000000523,1.5396031449695808,1.5396031449695808,0,0.0,,195893
stacked_low,2.0,q8_a1.5_or,110022,5.400000000000091,5.400000000000091,1.5780000000000587,1.5780000000000587,1.601933301103743,1.601933301103743,0,0.0,,194527
stacked_low,2.0,q8_a1.5_or,110023,5.199999999998909,5.199999999998909,1.5400000000002643,1.5400000000002643,1.5163103617415272,1.5163103617415272,0,0.0,,194222
stacked_low,2.0,q8_a1.5_or,110024,5.19999999999618,5.19999999999618,1.5670000000000706,1.5670000000000706,1.547336277811503,1.547336277811503,0,0.0,,196790
stacked_low,2.0,q8_a1.5_or,110025,4.199999999998909,4.199999999998909,1.4160000000003774,1.4160000000003774,1.5530411590040187,1.5530411590040187,0,0.0,,197113
stacked_low,2.0,q8_a1.5_or,110026,4.199999999999363,4.199999999999363,1.4660000000001587,1.4660000000001587,1.533217238748997,1.533217238748997,0,0.0,,195952
stacked_low,2.0,q8_a1.5_or,110027,5.199999999999136,5.199999999999136,1.5509999999998798,1.5509999999998798,1.5659138872021026,1.5659138872021026,0,0.0,,194857
stacked_low,2.0,q8_a1.5_or,110028,3.9999999999995453,3.9999999999995453,1.5539999999999694,1.5539999999999694,1.5906214794093594,1.5906214794093594,0,0.0,,197145
stacked_low,2.0,q8_a1.5_or,110029,5.0,5.0,1.5520000000002527,1.5520000000002527,1.5522613844186302,1.5522613844186302,0,0.0,,196335
stacked_low,2.0,q8_a1.5_and,110000,4.200000000003456,4.200000000003456,1.4350000000003331,1.4350000000003331,1.4722270376066422,1.4722270376066422,0,0.0,,194231
stacked_low,2.0,q8_a1.5_and,110001,3.799999999999997,3.799999999999997,1.4299999999998247,1.4299999999998247,1.5761373319466188,1.5761373319466188,0,0.0,,195071
stacked_low,2.0,q8_a1.5_and,110002,5.0000000000001705,5.0000000000001705,1.5269999999999808,1.5269999999999808,1.539682885868024,1.539682885868024,0,0.0,,196477
stacked_low,2.0,q8_a1.5_and,110003,4.199999999998909,4.199999999998909,1.4810000000001122,1.4810000000001122,1.5341975679614461,1.5341975679614461,0,0.0,,195267
stacked_low,2.0,q8_a1.5_and,110004,4.799999999999727,4.799999999999727,1.5170000000004555,1.5170000000004555,1.586396948594826,1.586396948594826,0,0.0,,194787
stacked_low,2.0,q8_a1.5_and,110005,4.999999999997726,4.999999999997726,1.4840000000001878,1.4840000000001878,1.5230949293168792,1.5230949293168792,0,0.0,,196232
stacked_low,2.0,q8_a1.5_and,110006,3.7999999999999545,3.7999999999999545,1.3440000000001169,1.3440000000001169,1.5594770195414638,1.5594770195414638,0,0.0,,195191
stacked_low,2.0,q8_a1.5_and,110007,4.800000000001091,4.800000000001091,1.5520000000000223,1.5520000000000223,1.5339132547444536,1.5339132547444536,0,0.0,,194947
stacked_low,2.0,q8_a1.5_and,110008,3.600000000003547,3.600000000003547,1.42700000000001,1.42700000000001,1.5268760247169302,1.5268760247169302,0,0.0,,195641
stacked_low,2.0,q8_a1.5_and,110009,4.199999999997999,4.199999999997999,1.4149999999999159,1.4149999999999159,1.5452864788581138,1.5452864788581138,0,0.0,,195805
stacked_low,2.0,q8_a1.5_and,110010,4.399999999999636,4.399999999999636,1.4150000000002907,1.4150000000002907,1.5175991913618136,1.5175991913618136,0,0.0,,195741
stacked_low,2.0,q8_a1.5_and,110011,5.400000000000091,5.400000000000091,1.5710000000002162,1.5710000000002162,1.6371902182981148,1.6371902182981148,0,0.0,,198101
stacked_low,2.0,q8_a1.5_and,110012,3.799999999999997,3.799999999999997,1.501999999999916,1.501999999999916,1.5764092205702789,1.5764092205702789,0,0.0,,195712
stacked_low,2.0,q8_a1.5_and,110013,4.9999999999990905,4.9999999999990905,1.5690000000001374,1.5690000000001374,1.5833100750061988,1.5833100750061988,0,0.0,,196449
stacked_low,2.0,q8_a1.5_and,110014,4.9999999999990905,4.9999999999990905,1.566999999999968,1.566999999999968,1.5888630049874106,1.5888630049874106,0,0.0,,195496
stacked_low,2.0,q8_a1.5_and,110015,5.19999999999925,5.19999999999925,1.5400000000001035,1.5400000000001035,1.5520796661931524,1.5520796661931524,0,0.0,,194132
stacked_low,2.0,q8_a1.5_and,110016,4.999999999999773,4.999999999999773,1.4930000000000283,1.4930000000000283,1.574636437380069,1.574636437380069,0,0.0,,195396
stacked_low,2.0,q8_a1.5_and,110017,5.000000000000057,5.000000000000057,1.519999999999971,1.519999999999971,1.554639974705434,1.554639974705434,0,0.0,,194297
stacked_low,2.0,q8_a1.5_and,110018,4.199999999999818,4.199999999999818,1.486000000000142,1.486000000000142,1.5488616782048015,1.5488616782048015,0,0.0,,195199
stacked_low,2.0,q8_a1.5_and,110019,4.600000000000136,4.600000000000136,1.412000000000488,1.412000000000488,1.6256082380377024,1.6256082380377024,0,0.0,,194433
stacked_low,2.0,q8_a1.5_and,110020,3.799999999999997,3.799999999999997,1.4200000000002109,1.4200000000002109,1.5912112166179093,1.5912112166179093,0,0.0,,195919
stacked_low,2.0,q8_a1.5_and,110021,3.800000000000182,3.800000000000182,1.4770000000000523,1.4770000000000523,1.5396031449695808,1.5396031449695808,0,0.0,,195893
stacked_low,2.0,q8_a1.5_and,110022,5.400000000000091,5.400000000000091,1.5780000000000587,1.5780000000000587,1.601933301103743,1.601933301103743,0,0.0,,194527
stacked_low,2.0,q8_a1.5_and,110023,5.199999999998909,5.199999999998909,1.5400000000002643,1.5400000000002643,1.5163103617415272,1.5163103617415272,0,0.0,,194222
stacked_low,2.0,q8_a1.5_and,110024,5.19999999999618,5.19999999999618,1.5670000000000706,1.5670000000000706,1.547336277811503,1.547336277811503,0,0.0,,196790
stacked_low,2.0,q8_a1.5_and,110025,4.199999999998909,4.199999999998909,1.4160000000003774,1.4160000000003774,1.5530411590040187,1.5530411590040187,0,0.0,,197113
stacked_low,2.0,q8_a1.5_and,110026,4.199999999999363,4.199999999999363,1.4660000000001587,1.4660000000001587,1.533217238748997,1.533217238748997,0,0.0,,195952
stacked_low,2.0,q8_a1.5_and,110027,5.199999999999136,5.199999999999136,1.5509999999998798,1.5509999999998798,1.5659138872021026,1.5659138872021026,0,0.0,,194857
stacked_low,2.0,q8_a1.5_and,110028,3.9999999999995453,3.9999999999995453,1.5539999999999694,1.5539999999999694,1.5906214794093594,1.5906214794093594,0,0.0,,197145
stacked_low,2.0,q8_a1.5_and,110029,5.0,5.0,1.5520000000002527,1.5520000000002527,1.5522613844186302,1.5522613844186302,0,0.0,,196335
