workload,penalty,config,seed,baseline_p95_wait,burst_aware_p95_wait,baseline_avg_wait,burst_aware_avg_wait,baseline_avg_slowdown,burst_aware_avg_slowdown,detector_fires,recall,precision,sched_cores_scanned
stacked_medium,0.0,q2_a0.8_or,10100,13.000000000000568,9.666666666666742,4.918333333333186,3.6933333333331855,1.612451164723556,1.4749919066281874,158,1.0,1.0,95798
stacked_medium,0.0,q2_a0.8_or,10101,13.999999999999318,12.33333333333394,5.213333333333185,4.108333333333185,1.6070413313324468,1.4951122036083964,158,1.0,1.0,98826
stacked_medium,0.0,q2_a0.8_or,10102,12.33333333333394,9.666666666666828,4.818333333333185,3.7533333333331855,1.5627177173432394,1.5261526150206288,155,1.0,1.0,99844
stacked_medium,0.0,q2_a0.8_or,10103,15.666666666667084,11.999999999999986,5.463333333333185,4.543333333333186,1.567139805833597,1.5775099938951729,159,1.0,1.0,95479
stacked_medium,0.0,q2_a0.8_or,10104,14.333333333332348,10.333333333333826,5.138333333333184,3.7333333333331855,1.4978925573613768,1.451408884652553,157,1.0,1.0,97165
stacked_medium,0.0,q2_a0.8_or,10105,16.99999999999943,14.66666666666606,6.238333333333185,4.823333333333185,1.637413818786307,1.551287852276754,160,1.0,1.0,96883
stacked_medium,0.0,q2_a0.8_or,10106,13.333333333333456,11.999999999999318,5.013333333333185,4.443333333333185,1.547205454490846,1.474594563626763,161,1.0,1.0,95631
stacked_medium,0.0,q2_a0.8_or,10107,14.666666666666586,10.666666666665833,5.418333333333185,4.363333333333185,1.5788751447010032,1.5499388103247513,156,1.0,1.0,96879
stacked_medium,0.0,q2_a0.8_or,10108,13.333333333332973,10.666666666667084,4.998333333333186,4.233333333333185,1.6184517374345173,1.5551761560193424,158,1.0,1.0,99444
stacked_medium,0.0,q2_a0.8_or,10109,16.999999999999986,10.999999999999986,6.113333333333185,4.203333333333186,1.7363301121569836,1.5348945262698832,159,1.0,1.0,97890
stacked_medium,0.0,q2_a0.8_or,10110,13.00000000000017,11.333333333332575,4.983333333333185,4.023333333333185,1.4775276067131184,1.4496134530848055,160,1.0,1.0,98482
stacked_medium,0.0,q2_a0.8_or,10111,17.00000000000017,15.333333333333428,6.163333333333185,5.198333333333185,1.7007703905774227,1.6289681486934158,159,1.0,1.0,97172
stacked_medium,0.0,q2_a0.8_or,10112,13.666666666667084,15.333333333332519,6.0083333333331845,4.818333333333185,1.6556972701219994,1.54743308053443,158,1.0,1.0,96505
stacked_medium,0.0,q2_a0.8_or,10113,16.66666666666572,10.999999999999318,6.038333333333185,4.038333333333186,1.7236524729524458,1.4928094422985014,156,1.0,1.0,96120
stacked_medium,0.0,q2_a0.8_or,10114,13.666666666666629,13.333333333333371,5.198333333333185,4.483333333333185,1.564111309505986,1.5479578358730381,158,1.0,1.0,100090
stacked_medium,0.0,q2_a0.8_or,10115,13.333333333333371,11.999999999999957,5.518333333333185,4.428333333333185,1.6515173201785394,1.5579147512224805,160,1.0,1.0,96339
stacked_medium,0.0,q2_a0.8_or,10116,13.333333333333542,11.333333333333258,5.393333333333185,4.343333333333185,1.657928735229096,1.5774053212145618,158,1.0,1.0,98091
stacked_medium,0.0,q2_a0.8_or,10117,17.666666666667084,13.666666666667197,6.288333333333185,4.893333333333185,1.7150221083149295,1.6017377384374714,155,1.0,1.0,96072
stacked_medium,0.0,q2_a0.8_or,10118,15.666666666666117,11.333333333332973,5.3833333333331845,3.9533333333331853,1.6465979253461722,1.4393601370869389,157,1.0,1.0,94239
stacked_medium,0.0,q2_a0.8_or,10119,13.999999999999261,11.666666666666671,5.388333333333184,4.233333333333185,1.6039077259316032,1.5102053359052336,156,1.0,1.0,97513
stacked_medium,0.0,q2_a0.8_or,10120,15.333333333333357,11.666666666666586,5.743333333333185,4.3783333333331855,1.6714952722067837,1.5470027427141455,157,1.0,1.0,97336
stacked_medium,0.0,q2_a0.8_or,10121,18.666666666666856,14.999999999999716,6.998333333333185,5.173333333333185,1.7449130729371163,1.6276918460671943,159,1.0,1.0,99302
stacked_medium,0.0,q2_a0.8_or,10122,12.66666666666572,10.99999999999983,5.313333333333185,4.168333333333186,1.6511146419027518,1.5082364758951963,157,1.0,1.0,98951
stacked_medium,0.0,q2_a0.8_or,10123,14.333333333333144,13.333333333332973,5.398333333333185,4.683333333333185,1.5799825137460013,1.4699158564450143,158,1.0,1.0,99539
stacked_medium,0.0,q2_a0.8_or,10124,13.999999999999716,12.666666666666742,5.2183333333331845,4.348333333333185,1.631592947422944,1.5763088136411405,159,1.0,1.0,99390
stacked_medium,0.0,q2_a0.8_or,10125,15.999999999999545,12.999999999999488,6.3433333333331845,4.873333333333186,1.6272828957307375,1.5166906674746587,158,1.0,1.0,96334
stacked_medium,0.0,q2_a0.8_or,10126,15.3333333333334,9.666666666666515,5.523333333333185,3.5383333333331852,1.5657901084069088,1.4399389614710256,158,1.0,1.0,96755
stacked_medium,0.0,q2_a0.8_or,10127,14.666666666666742,11.666666666667311,5.713333333333185,4.4233333333331855,1.5784987749624029,1.5434539656595816,160,1.0,1.0,97565
stacked_medium,0.0,q2_a0.8_or,10128,12.666666666666117,11.333333333333428,4.903333333333185,3.8883333333331853,1.5260217220327101,1.4023563883484353,155,1.0,1.0,97966
stacked_medium,0.0,q2_a0.8_or,10129,12.666666666666742,10.999999999999943,4.708333333333186,4.023333333333185,1.5089465547042724,1.4569161547006948,160,1.0,1.0,100542
stacked_medium,0.0,q2_a0.8_and,10100,13.000000000000568,10.666666666666586,4.918333333333186,3.9233333333331855,1.612451164723556,1.5614364191157177,138,1.0,1.0,97564
stacked_medium,0.0,q2_a0.8_and,10101,13.999999999999318,11.999999999999659,5.213333333333185,3.8483333333331853,1.6070413313324468,1.4689093317867927,133,1.0,1.0,97213
stacked_medium,0.0,q2_a0.8_and,10102,12.33333333333394,11.666666666666572,4.818333333333185,4.108333333333185,1.5627177173432394,1.5920160864250001,138,1.0,1.0,99340
stacked_medium,0.0,q2_a0.8_and,10103,15.666666666667084,13.666666666666401,5.463333333333185,4.508333333333185,1.567139805833597,1.5824391654271137,134,1.0,1.0,97217
stacked_medium,0.0,q2_a0.8_and,10104,14.333333333332348,10.999999999999659,5.138333333333184,3.8283333333331853,1.4978925573613768,1.4417976031500686,135,1.0,1.0,98663
stacked_medium,0.0,q2_a0.8_and,10105,16.99999999999943,11.666666666667084,6.238333333333185,4.328333333333186,1.637413818786307,1.5342362796458686,143,1.0,1.0,96898
stacked_medium,0.0,q2_a0.8_and,10106,13.333333333333456,13.333333333332462,5.013333333333185,4.2983333333331855,1.547205454490846,1.5019265325939184,138,1.0,1.0,99110
stacked_medium,0.0,q2_a0.8_and,10107,14.666666666666586,14.999999999999147,5.418333333333185,4.733333333333185,1.5788751447010032,1.5547965283986378,136,1.0,1.0,96766
stacked_medium,0.0,q2_a0.8_and,10108,13.333333333332973,13.333333333333343,4.998333333333186,4.233333333333185,1.6184517374345173,1.536358890996232,135,1.0,1.0,97880
stacked_medium,0.0,q2_a0.8_and,10109,16.999999999999986,14.333333333333485,6.113333333333185,4.618333333333186,1.7363301121569836,1.5611393785996293,134,1.0,1.0,99614
stacked_medium,0.0,q2_a0.8_and,10110,13.00000000000017,11.999999999999929,4.983333333333185,4.058333333333185,1.4775276067131184,1.4371114720970595,139,1.0,1.0,99511
stacked_medium,0.0,q2_a0.8_and,10111,17.00000000000017,11.666666666666828,6.163333333333185,4.518333333333185,1.7007703905774227,1.5129170352255157,133,1.0,1.0,96128
stacked_medium,0.0,q2_a0.8_and,10112,13.666666666667084,12.999999999999972,6.0083333333331845,4.448333333333185,1.6556972701219994,1.5615088286348742,140,1.0,1.0,98785
stacked_medium,0.0,q2_a0.8_and,10113,16.66666666666572,10.666666666666742,6.038333333333185,4.328333333333186,1.7236524729524458,1.5052278268941373,138,1.0,1.0,96874
stacked_medium,0.0,q2_a0.8_and,10114,13.666666666666629,11.333333333332575,5.198333333333185,4.283333333333186,1.564111309505986,1.5443512688286467,142,1.0,1.0,99501
stacked_medium,0.0,q2_a0.8_and,10115,13.333333333333371,10.999999999999432,5.518333333333185,3.9883333333331854,1.6515173201785394,1.5059094640359079,137,1.0,1.0,98477
stacked_medium,0.0,q2_a0.8_and,10116,13.333333333333542,14.000000000000057,5.393333333333185,4.808333333333185,1.657928735229096,1.6054815549170272,136,1.0,1.0,103492
stacked_medium,0.0,q2_a0.8_and,10117,17.666666666667084,11.00000000000017,6.288333333333185,4.223333333333185,1.7150221083149295,1.5055821822105915,133,1.0,1.0,98233
stacked_medium,0.0,q2_a0.8_and,10118,15.666666666666117,9.333333333333456,5.3833333333331845,4.058333333333185,1.6465979253461722,1.5121218546450064,129,1.0,1.0,97814
stacked_medium,0.0,q2_a0.8_and,10119,13.999999999999261,12.666666666667538,5.388333333333184,4.198333333333185,1.6039077259316032,1.5258951188869645,137,1.0,1.0,97156
stacked_medium,0.0,q2_a0.8_and,10120,15.333333333333357,11.666666666667197,5.743333333333185,4.478333333333185,1.6714952722067837,1.5466934208721654,139,1.0,1.0,98196
stacked_medium,0.0,q2_a0.8_and,10121,18.666666666666856,10.333333333332575,6.998333333333185,4.208333333333186,1.7449130729371163,1.5202886183876043,140,1.0,1.0,98123
stacked_medium,0.0,q2_a0.8_and,10122,12.66666666666572,11.33333333333335,5.313333333333185,4.0033333333331855,1.6511146419027518,1.4965183207268171,135,1.0,1.0,95830
stacked_medium,0.0,q2_a0.8_and,10123,14.333333333333144,15.333333333332973,5.398333333333185,4.3383333333331855,1.5799825137460013,1.4875919374508826,138,1.0,1.0,96934
stacked_medium,0.0,q2_a0.8_and,10124,13.999999999999716,14.000000000000796,5.2183333333331845,4.568333333333185,1.631592947422944,1.5620941543162044,139,1.0,1.0,97418
stacked_medium,0.0,q2_a0.8_and,10125,15.999999999999545,13.666666666666686,6.3433333333331845,4.733333333333185,1.6272828957307375,1.5668476547475185,136,1.0,1.0,97065
stacked_medium,0.0,q2_a0.8_and,10126,15.3333333333334,12.000000000000028,5.523333333333185,4.373333333333186,1.5657901084069088,1.5397910195698523,135,1.0,1.0,98610
stacked_medium,0.0,q2_a0.8_and,10127,14.666666666666742,10.66666666666589,5.713333333333185,3.8983333333331855,1.5784987749624029,1.5099288489519012,127,1.0,1.0,97190
stacked_medium,0.0,q2_a0.8_and,10128,12.666666666666117,14.666666666666003,4.903333333333185,4.353333333333185,1.5260217220327101,1.4797097852782346,123,1.0,1.0,97779
stacked_medium,0.0,q2_a0.8_and,10129,12.666666666666742,13.333333333332575,4.708333333333186,4.693333333333185,1.5089465547042724,1.5903521513202181,134,1.0,1.0,98289
stacked_medium,0.0,q2_a1.5_or,10100,13.000000000000568,9.3333333333334,4.918333333333186,3.5883333333331855,1.612451164723556,1.4438470830790044,147,1.0,1.0,94921
stacked_medium,0.0,q2_a1.5_or,10101,13.999999999999318,11.666666666667311,5.213333333333185,3.9733333333331853,1.6070413313324468,1.469025179999279,142,1.0,1.0,97315
stacked_medium,0.0,q2_a1.5_or,10102,12.33333333333394,11.999999999999929,4.818333333333185,4.353333333333185,1.5627177173432394,1.5900451774775644,151,1.0,1.0,98159
stacked_medium,0.0,q2_a1.5_or,10103,15.666666666667084,11.999999999999986,5.463333333333185,4.543333333333186,1.567139805833597,1.5775099938951729,157,1.0,1.0,95479
stacked_medium,0.0,q2_a1.5_or,10104,14.333333333332348,10.999999999999432,5.138333333333184,3.9733333333331853,1.4978925573613768,1.4337123666456233,148,1.0,1.0,101983
stacked_medium,0.0,q2_a1.5_or,10105,16.99999999999943,13.333333333333272,6.238333333333185,4.683333333333185,1.637413818786307,1.5548586955972765,152,1.0,1.0,96968
stacked_medium,0.0,q2_a1.5_or,10106,13.333333333333456,13.333333333332973,5.013333333333185,4.663333333333186,1.547205454490846,1.4935841204839135,148,1.0,1.0,95179
stacked_medium,0.0,q2_a1.5_or,10107,14.666666666666586,14.666666666666742,5.418333333333185,4.928333333333185,1.5788751447010032,1.6295171123392245,143,1.0,1.0,95546
stacked_medium,0.0,q2_a1.5_or,10108,13.333333333332973,10.33333333333303,4.998333333333186,3.9633333333331855,1.6184517374345173,1.5055977208694877,151,1.0,1.0,96931
stacked_medium,0.0,q2_a1.5_or,10109,16.999999999999986,12.333333333333144,6.113333333333185,4.583333333333186,1.7363301121569836,1.6039595618508347,143,1.0,1.0,97550
stacked_medium,0.0,q2_a1.5_or,10110,13.00000000000017,11.0,4.983333333333185,3.4533333333331853,1.4775276067131184,1.4166675117421204,134,1.0,1.0,96422
stacked_medium,0.0,q2_a1.5_or,10111,17.00000000000017,16.33333333333333,6.163333333333185,5.198333333333185,1.7007703905774227,1.6438559344661605,141,1.0,1.0,96974
stacked_medium,0.0,q2_a1.5_or,10112,13.666666666667084,13.999999999999261,6.0083333333331845,4.538333333333186,1.6556972701219994,1.5262543299214142,143,1.0,1.0,98203
stacked_medium,0.0,q2_a1.5_or,10113,16.66666666666572,12.33333333333394,6.038333333333185,3.998333333333185,1.7236524729524458,1.4345714411383534,145,1.0,1.0,97960
stacked_medium,0.0,q2_a1.5_or,10114,13.666666666666629,12.333333333332916,5.198333333333185,4.163333333333186,1.564111309505986,1.4702920615747501,147,1.0,1.0,100612
stacked_medium,0.0,q2_a1.5_or,10115,13.333333333333371,10.666666666666714,5.518333333333185,3.9883333333331854,1.6515173201785394,1.5689246274539403,157,1.0,1.0,97128
stacked_medium,0.0,q2_a1.5_or,10116,13.333333333333542,10.333333333332803,5.393333333333185,3.9633333333331855,1.657928735229096,1.5251525970741817,146,1.0,1.0,96033
stacked_medium,0.0,q2_a1.5_or,10117,17.666666666667084,12.666666666666828,6.288333333333185,4.728333333333185,1.7150221083149295,1.6232541381701504,148,1.0,1.0,96395
stacked_medium,0.0,q2_a1.5_or,10118,15.666666666666117,10.666666666666714,5.3833333333331845,3.8283333333331853,1.6465979253461722,1.4925193063788,145,1.0,1.0,95455
stacked_medium,0.0,q2_a1.5_or,10119,13.999999999999261,11.333333333332575,5.388333333333184,4.4233333333331855,1.6039077259316032,1.5545130566103165,148,1.0,1.0,96074
stacked_medium,0.0,q2_a1.5_or,10120,15.333333333333357,12.666666666667084,5.743333333333185,4.598333333333185,1.6714952722067837,1.5525363745099119,145,1.0,1.0,97244
stacked_medium,0.0,q2_a1.5_or,10121,18.666666666666856,16.000000000000114,6.998333333333185,5.373333333333185,1.7449130729371163,1.6506693025905559,150,1.0,1.0,99031
stacked_medium,0.0,q2_a1.5_or,10122,12.66666666666572,10.99999999999983,5.313333333333185,4.113333333333185,1.6511146419027518,1.543741411939905,147,1.0,1.0,99592
stacked_medium,0.0,q2_a1.5_or,10123,14.333333333333144,12.666666666666572,5.398333333333185,4.2983333333331855,1.5799825137460013,1.4848631540455486,154,1.0,1.0,100695
stacked_medium,0.0,q2_a1.5_or,10124,13.999999999999716,10.99999999999983,5.2183333333331845,4.198333333333185,1.631592947422944,1.555711314333581,140,1.0,1.0,98193
stacked_medium,0.0,q2_a1.5_or,10125,15.999999999999545,10.999999999999943,6.3433333333331845,4.158333333333186,1.6272828957307375,1.516396608549422,147,1.0,1.0,97118
stacked_medium,0.0,q2_a1.5_or,10126,15.3333333333334,10.666666666666345,5.523333333333185,3.7583333333331854,1.5657901084069088,1.494213096740345,150,1.0,1.0,96334
stacked_medium,0.0,q2_a1.5_or,10127,14.666666666666742,11.666666666666629,5.713333333333185,4.278333333333185,1.5784987749624029,1.489116175366821,151,1.0,1.0,97742
stacked_medium,0.0,q2_a1.5_or,10128,12.666666666666117,11.333333333332462,4.903333333333185,4.028333333333185,1.5260217220327101,1.4679707867351215,152,1.0,1.0,96560
stacked_medium,0.0,q2_a1.5_or,10129,12.666666666666742,9.999999999999943,4.708333333333186,3.8033333333331854,1.5089465547042724,1.4883440289751562,153,1.0,1.0,99004
stacked_medium,0.0,q2_a1.5_and,10100,13.000000000000568,9.666666666665662,4.918333333333186,3.873333333333185,1.612451164723556,1.4543592220485975,55,1.0,1.0,96876
stacked_medium,0.0,q2_a1.5_and,10101,13.999999999999318,12.3333333333332,5.213333333333185,4.1283333333331855,1.6070413313324468,1.5455210328406204,60,1.0,1.0,97350
stacked_medium,0.0,q2_a1.5_and,10102,12.33333333333394,12.666666666666458,4.818333333333185,4.418333333333186,1.5627177173432394,1.5254785199436158,61,1.0,1.0,97208
stacked_medium,0.0,q2_a1.5_and,10103,15.666666666667084,14.333333333333485,5.463333333333185,4.793333333333186,1.567139805833597,1.5674398818081285,57,1.0,1.0,96643
stacked_medium,0.0,q2_a1.5_and,10104,14.333333333332348,13.333333333333357,5.138333333333184,4.443333333333185,1.4978925573613768,1.4961307223104905,62,1.0,1.0,98015
stacked_medium,0.0,q2_a1.5_and,10105,16.99999999999943,13.999999999999943,6.238333333333185,4.453333333333186,1.637413818786307,1.5008921387249512,68,1.0,1.0,97845
stacked_medium,0.0,q2_a1.5_and,10106,13.333333333333456,13.000000000000014,5.013333333333185,4.363333333333185,1.547205454490846,1.4763984095057987,58,1.0,1.0,94621
stacked_medium,0.0,q2_a1.5_and,10107,14.666666666666586,11.666666666666856,5.418333333333185,4.573333333333185,1.5788751447010032,1.5593746175226315,58,1.0,1.0,95469
stacked_medium,0.0,q2_a1.5_and,10108,13.333333333332973,10.999999999999432,4.998333333333186,3.9133333333331852,1.6184517374345173,1.464068061068019,47,1.0,1.0,96938
stacked_medium,0.0,q2_a1.5_and,10109,16.999999999999986,11.999999999999943,6.113333333333185,4.328333333333186,1.7363301121569836,1.5117030396436266,49,1.0,1.0,99775
stacked_medium,0.0,q2_a1.5_and,10110,13.00000000000017,10.666666666666714,4.983333333333185,4.1283333333331855,1.4775276067131184,1.463837747664921,54,1.0,1.0,96547
stacked_medium,0.0,q2_a1.5_and,10111,17.00000000000017,15.999999999999204,6.163333333333185,5.353333333333185,1.7007703905774227,1.6384610409704226,55,1.0,1.0,98831
stacked_medium,0.0,q2_a1.5_and,10112,13.666666666667084,15.333333333333371,6.0083333333331845,5.0033333333331855,1.6556972701219994,1.6285889648269065,56,1.0,1.0,95659
stacked_medium,0.0,q2_a1.5_and,10113,16.66666666666572,15.333333333332689,6.038333333333185,4.768333333333185,1.7236524729524458,1.5150552877305319,50,1.0,1.0,96398
stacked_medium,0.0,q2_a1.5_and,10114,13.666666666666629,15.999999999999204,5.198333333333185,4.748333333333186,1.564111309505986,1.5632435082297167,63,1.0,1.0,98444
stacked_medium,0.0,q2_a1.5_and,10115,13.333333333333371,12.666666666666856,5.518333333333185,4.738333333333185,1.6515173201785394,1.5366328539504799,65,1.0,1.0,97290
stacked_medium,0.0,q2_a1.5_and,10116,13.333333333333542,10.333333333333599,5.393333333333185,4.153333333333185,1.657928735229096,1.5101145640761677,57,1.0,1.0,99957
stacked_medium,0.0,q2_a1.5_and,10117,17.666666666667084,13.333333333333485,6.288333333333185,5.093333333333185,1.7150221083149295,1.567019539144324,57,1.0,1.0,93466
stacked_medium,0.0,q2_a1.5_and,10118,15.666666666666117,11.999999999999261,5.3833333333331845,4.328333333333186,1.6465979253461722,1.4528834587333281,59,1.0,1.0,96581
stacked_medium,0.0,q2_a1.5_and,10119,13.999999999999261,11.666666666666345,5.388333333333184,4.243333333333186,1.6039077259316032,1.550148422181598,57,1.0,1.0,96186
stacked_medium,0.0,q2_a1.5_and,10120,15.333333333333357,12.666666666666586,5.743333333333185,4.613333333333185,1.6714952722067837,1.5207690950946775,51,1.0,1.0,97716
stacked_medium,0.0,q2_a1.5_and,10121,18.666666666666856,14.000000000000142,6.998333333333185,4.908333333333186,1.7449130729371163,1.5564962978733141,60,1.0,1.0,96628
stacked_medium,0.0,q2_a1.5_and,10122,12.66666666666572,11.333333333333371,5.313333333333185,4.458333333333186,1.6511146419027518,1.5733187154796489,50,1.0,1.0,95793
stacked_medium,0.0,q2_a1.5_and,10123,14.333333333333144,11.999999999999034,5.398333333333185,4.2983333333331855,1.5799825137460013,1.4875115322645172,48,1.0,1.0,98756
stacked_medium,0.0,q2_a1.5_and,10124,13.999999999999716,11.999999999999204,5.2183333333331845,4.678333333333185,1.631592947422944,1.5898473686808972,58,1.0,1.0,96269
stacked_medium,0.0,q2_a1.5_and,10125,15.999999999999545,11.666666666666003,6.3433333333331845,4.4233333333331855,1.6272828957307375,1.475546278106493,52,1.0,1.0,97820
stacked_medium,0.0,q2_a1.5_and,10126,15.3333333333334,9.333333333333456,5.523333333333185,3.7633333333331853,1.5657901084069088,1.423784438594183,47,1.0,1.0,98300
stacked_medium,0.0,q2_a1.5_and,10127,14.666666666666742,13.000000000000114,5.713333333333185,4.658333333333186,1.5784987749624029,1.5326400811160976,61,1.0,1.0,96759
stacked_medium,0.0,q2_a1.5_and,10128,12.666666666666117,11.999999999999929,4.903333333333185,4.248333333333186,1.5260217220327101,1.4717291651203601,54,1.0,1.0,98389
stacked_medium,0.0,q2_a1.5_and,10129,12.666666666666742,10.000000000000085,4.708333333333186,3.8683333333331853,1.5089465547042724,1.4573013319021317,41,1.0,1.0,95412
stacked_medium,0.0,q4_a0.8_or,10100,13.000000000000568,11.333333333333826,4.918333333333186,3.9833333333331855,1.612451164723556,1.5651555043938623,149,1.0,1.0,97474
stacked_medium,0.0,q4_a0.8_or,10101,13.999999999999318,12.333333333333542,5.213333333333185,4.023333333333185,1.6070413313324468,1.4976344492521665,149,1.0,1.0,99128
stacked_medium,0.0,q4_a0.8_or,10102,12.33333333333394,9.666666666666742,4.818333333333185,3.9333333333331852,1.5627177173432394,1.5358613731568882,149,1.0,1.0,98268
stacked_medium,0.0,q4_a0.8_or,10103,15.666666666667084,11.999999999999204,5.463333333333185,4.318333333333185,1.567139805833597,1.4898680114086178,149,1.0,1.0,98874
stacked_medium,0.0,q4_a0.8_or,10104,14.333333333332348,11.666666666666288,5.138333333333184,4.103333333333185,1.4978925573613768,1.4863606571967378,149,1.0,1.0,99778
stacked_medium,0.0,q4_a0.8_or,10105,16.99999999999943,11.99999999999983,6.238333333333185,4.3783333333331855,1.637413818786307,1.5652481238388227,149,1.0,1.0,97859
stacked_medium,0.0,q4_a0.8_or,10106,13.333333333333456,12.999999999999943,5.013333333333185,4.308333333333185,1.547205454490846,1.494906913831536,149,1.0,1.0,99303
stacked_medium,0.0,q4_a0.8_or,10107,14.666666666666586,9.000000000000227,5.418333333333185,3.6783333333331854,1.5788751447010032,1.4659975061574295,149,1.0,1.0,96831
stacked_medium,0.0,q4_a0.8_or,10108,13.333333333332973,13.000000000000341,4.998333333333186,4.073333333333185,1.6184517374345173,1.5480415756658752,149,1.0,1.0,99064
stacked_medium,0.0,q4_a0.8_or,10109,16.999999999999986,12.333333333333272,6.113333333333185,4.238333333333185,1.7363301121569836,1.48532162390874,149,1.0,1.0,100552
stacked_medium,0.0,q4_a0.8_or,10110,13.00000000000017,11.999999999999261,4.983333333333185,3.873333333333185,1.4775276067131184,1.4565183815584146,149,1.0,1.0,97767
stacked_medium,0.0,q4_a0.8_or,10111,17.00000000000017,12.33333333333394,6.163333333333185,4.663333333333186,1.7007703905774227,1.5380339131503573,149,1.0,1.0,97157
stacked_medium,0.0,q4_a0.8_or,10112,13.666666666667084,13.666666666666856,6.0083333333331845,4.508333333333185,1.6556972701219994,1.592419372333203,149,1.0,1.0,99281
stacked_medium,0.0,q4_a0.8_or,10113,16.66666666666572,11.00000000000017,6.038333333333185,4.493333333333186,1.7236524729524458,1.5227719842677816,149,1.0,1.0,97749
stacked_medium,0.0,q4_a0.8_or,10114,13.666666666666629,12.000000000000796,5.198333333333185,4.0033333333331855,1.564111309505986,1.4992942053878715,149,1.0,1.0,100044
stacked_medium,0.0,q4_a0.8_or,10115,13.333333333333371,13.666666666666686,5.518333333333185,4.813333333333185,1.6515173201785394,1.6207121069632173,149,1.0,1.0,99245
stacked_medium,0.0,q4_a0.8_or,10116,13.333333333333542,11.999999999999886,5.393333333333185,4.333333333333186,1.657928735229096,1.568244247714246,149,1.0,1.0,101068
stacked_medium,0.0,q4_a0.8_or,10117,17.666666666667084,10.666666666666686,6.288333333333185,4.2133333333331855,1.7150221083149295,1.4788477475910247,149,1.0,1.0,98769
stacked_medium,0.0,q4_a0.8_or,10118,15.666666666666117,10.33333333333394,5.3833333333331845,3.8783333333331855,1.6465979253461722,1.4946258807704198,149,1.0,1.0,97238
stacked_medium,0.0,q4_a0.8_or,10119,13.999999999999261,11.666666666666345,5.388333333333184,4.083333333333186,1.6039077259316032,1.4886056081677441,149,1.0,1.0,95946
stacked_medium,0.0,q4_a0.8_or,10120,15.333333333333357,12.000000000000796,5.743333333333185,4.188333333333185,1.6714952722067837,1.4601600354354818,149,1.0,1.0,97913
stacked_medium,0.0,q4_a0.8_or,10121,18.666666666666856,12.00000000000017,6.998333333333185,4.398333333333185,1.7449130729371163,1.5209627552824323,149,1.0,1.0,97638
stacked_medium,0.0,q4_a0.8_or,10122,12.66666666666572,11.666666666666828,5.313333333333185,4.453333333333186,1.6511146419027518,1.569174554598687,149,1.0,1.0,98339
stacked_medium,0.0,q4_a0.8_or,10123,14.333333333333144,14.333333333332803,5.398333333333185,4.238333333333185,1.5799825137460013,1.4549029835746652,149,1.0,1.0,98738
stacked_medium,0.0,q4_a0.8_or,10124,13.999999999999716,10.999999999999943,5.2183333333331845,4.0483333333331855,1.631592947422944,1.5893247890879416,149,1.0,1.0,98867
stacked_medium,0.0,q4_a0.8_or,10125,15.999999999999545,8.999999999999545,6.3433333333331845,3.6683333333331856,1.6272828957307375,1.4345795404792852,149,1.0,1.0,97535
stacked_medium,0.0,q4_a0.8_or,10126,15.3333333333334,9.333333333333485,5.523333333333185,3.623333333333185,1.5657901084069088,1.4406825708036275,149,1.0,1.0,99201
stacked_medium,0.0,q4_a0.8_or,10127,14.666666666666742,10.000000000000199,5.713333333333185,3.6783333333331854,1.5784987749624029,1.3754405563579948,149,1.0,1.0,98634
stacked_medium,0.0,q4_a0.8_or,10128,12.666666666666117,10.999999999999659,4.903333333333185,3.6483333333331855,1.5260217220327101,1.4209148558210083,149,1.0,1.0,100151
stacked_medium,0.0,q4_a0.8_or,10129,12.666666666666742,10.333333333333826,4.708333333333186,3.603333333333185,1.5089465547042724,1.455109076863185,149,1.0,1.0,100349
stacked_medium,0.0,q4_a0.8_and,10100,13.000000000000568,12.666666666666003,4.918333333333186,4.328333333333186,1.612451164723556,1.5251125681786137,58,1.0,1.0,99405
stacked_medium,0.0,q4_a0.8_and,10101,13.999999999999318,14.000000000000085,5.213333333333185,4.783333333333186,1.6070413313324468,1.5932339707548082,35,0.8823529411764706,1.0,95539
stacked_medium,0.0,q4_a0.8_and,10102,12.33333333333394,11.333333333333428,4.818333333333185,4.133333333333185,1.5627177173432394,1.535981977601595,45,1.0,1.0,97978
stacked_medium,0.0,q4_a0.8_and,10103,15.666666666667084,15.666666666666885,5.463333333333185,5.138333333333184,1.567139805833597,1.583741942124247,54,1.0,1.0,95511
stacked_medium,0.0,q4_a0.8_and,10104,14.333333333332348,13.666666666665776,5.138333333333184,4.703333333333186,1.4978925573613768,1.5175827364827013,53,1.0,1.0,96925
stacked_medium,0.0,q4_a0.8_and,10105,16.99999999999943,13.333333333332519,6.238333333333185,5.018333333333185,1.637413818786307,1.5824926904091012,50,1.0,1.0,96843
stacked_medium,0.0,q4_a0.8_and,10106,13.333333333333456,13.666666666666174,5.013333333333185,4.818333333333185,1.547205454490846,1.5455232895059865,43,1.0,1.0,95240
stacked_medium,0.0,q4_a0.8_and,10107,14.666666666666586,11.999999999999318,5.418333333333185,4.3383333333331855,1.5788751447010032,1.5310868616205178,41,0.9411764705882353,1.0,96465
stacked_medium,0.0,q4_a0.8_and,10108,13.333333333332973,12.333333333333329,4.998333333333186,4.053333333333185,1.6184517374345173,1.533041779062597,52,0.9411764705882353,1.0,95193
stacked_medium,0.0,q4_a0.8_and,10109,16.999999999999986,14.333333333333371,6.113333333333185,5.398333333333185,1.7363301121569836,1.6814137119560482,57,1.0,1.0,99246
stacked_medium,0.0,q4_a0.8_and,10110,13.00000000000017,14.999999999999432,4.983333333333185,4.428333333333185,1.4775276067131184,1.4854668541369582,44,1.0,1.0,95742
stacked_medium,0.0,q4_a0.8_and,10111,17.00000000000017,16.333333333333428,6.163333333333185,5.623333333333185,1.7007703905774227,1.6513503889420469,71,1.0,1.0,96672
stacked_medium,0.0,q4_a0.8_and,10112,13.666666666667084,16.00000000000002,6.0083333333331845,4.918333333333186,1.6556972701219994,1.5587922722774363,53,1.0,1.0,100140
stacked_medium,0.0,q4_a0.8_and,10113,16.66666666666572,15.00000000000017,6.038333333333185,4.803333333333185,1.7236524729524458,1.5293339490748605,42,1.0,1.0,96213
stacked_medium,0.0,q4_a0.8_and,10114,13.666666666666629,14.333333333332348,5.198333333333185,4.763333333333185,1.564111309505986,1.5797074637112727,47,0.9411764705882353,1.0,98374
stacked_medium,0.0,q4_a0.8_and,10115,13.333333333333371,14.66666666666589,5.518333333333185,4.703333333333186,1.6515173201785394,1.5867046901243231,54,1.0,1.0,97793
stacked_medium,0.0,q4_a0.8_and,10116,13.333333333333542,11.333333333332575,5.393333333333185,4.303333333333185,1.657928735229096,1.579537856442731,47,1.0,1.0,96252
stacked_medium,0.0,q4_a0.8_and,10117,17.666666666667084,15.33333333333335,6.288333333333185,5.293333333333185,1.7150221083149295,1.6318619590123384,50,0.9411764705882353,1.0,95842
stacked_medium,0.0,q4_a0.8_and,10118,15.666666666666117,13.333333333333428,5.3833333333331845,4.398333333333185,1.6465979253461722,1.5157992313806146,42,0.9411764705882353,1.0,95590
stacked_medium,0.0,q4_a0.8_and,10119,13.999999999999261,14.333333333333258,5.388333333333184,4.613333333333185,1.6039077259316032,1.5567192237086067,44,1.0,1.0,95764
stacked_medium,0.0,q4_a0.8_and,10120,15.333333333333357,16.999999999999943,5.743333333333185,5.013333333333185,1.6714952722067837,1.622351601640722,62,1.0,1.0,97261
stacked_medium,0.0,q4_a0.8_and,10121,18.666666666666856,15.66666666666572,6.998333333333185,5.263333333333184,1.7449130729371163,1.58768751839099,52,1.0,1.0,96964
stacked_medium,0.0,q4_a0.8_and,10122,12.66666666666572,9.999999999999659,5.313333333333185,4.073333333333185,1.6511146419027518,1.5075689325100121,52,1.0,1.0,97974
stacked_medium,0.0,q4_a0.8_and,10123,14.333333333333144,11.333333333332348,5.398333333333185,4.243333333333186,1.5799825137460013,1.46938201053762,49,1.0,1.0,96930
stacked_medium,0.0,q4_a0.8_and,10124,13.999999999999716,12.666666666667311,5.2183333333331845,4.743333333333186,1.631592947422944,1.6256846053513712,47,1.0,1.0,99851
stacked_medium,0.0,q4_a0.8_and,10125,15.999999999999545,12.999999999999943,6.3433333333331845,5.028333333333185,1.6272828957307375,1.5691855988082108,67,1.0,1.0,94842
stacked_medium,0.0,q4_a0.8_and,10126,15.3333333333334,12.666666666666288,5.523333333333185,4.383333333333185,1.5657901084069088,1.5389984448146696,53,0.9411764705882353,1.0,97355
stacked_medium,0.0,q4_a0.8_and,10127,14.666666666666742,14.999999999999034,5.713333333333185,4.843333333333185,1.5784987749624029,1.5256579538294621,53,0.8823529411764706,1.0,97365
stacked_medium,0.0,q4_a0.8_and,10128,12.666666666666117,13.333333333333357,4.903333333333185,4.828333333333186,1.5260217220327101,1.5573436529373663,64,0.9411764705882353,1.0,96114
stacked_medium,0.0,q4_a0.8_and,10129,12.666666666666742,12.3333333333332,4.708333333333186,4.353333333333185,1.5089465547042724,1.506318069226165,52,1.0,1.0,97134
stacked_medium,0.0,q4_a1.5_or,10100,13.000000000000568,12.666666666666003,4.918333333333186,4.328333333333186,1.612451164723556,1.5251125681786137,102,1.0,1.0,99405
stacked_medium,0.0,q4_a1.5_or,10101,13.999999999999318,10.666666666666686,5.213333333333185,4.018333333333185,1.6070413313324468,1.4854201175066357,97,1.0,1.0,95971
stacked_medium,0.0,q4_a1.5_or,10102,12.33333333333394,11.333333333333428,4.818333333333185,4.133333333333185,1.5627177173432394,1.535981977601595,98,1.0,1.0,97978
stacked_medium,0.0,q4_a1.5_or,10103,15.666666666667084,15.666666666666885,5.463333333333185,5.138333333333184,1.567139805833597,1.583741942124247,103,1.0,1.0,95511
stacked_medium,0.0,q4_a1.5_or,10104,14.333333333332348,13.666666666665776,5.138333333333184,4.703333333333186,1.4978925573613768,1.5175827364827013,100,1.0,1.0,96925
stacked_medium,0.0,q4_a1.5_or,10105,16.99999999999943,13.333333333332519,6.238333333333185,5.018333333333185,1.637413818786307,1.5824926904091012,99,1.0,1.0,96843
stacked_medium,0.0,q4_a1.5_or,10106,13.333333333333456,13.666666666666174,5.013333333333185,4.818333333333185,1.547205454490846,1.5455232895059865,101,1.0,1.0,95240
stacked_medium,0.0,q4_a1.5_or,10107,14.666666666666586,11.999999999999318,5.418333333333185,4.318333333333185,1.5788751447010032,1.5353913728987134,96,1.0,1.0,96571
stacked_medium,0.0,q4_a1.5_or,10108,13.333333333332973,13.000000000000568,4.998333333333186,4.193333333333185,1.6184517374345173,1.5520873229650363,100,1.0,1.0,96806
stacked_medium,0.0,q4_a1.5_or,10109,16.999999999999986,15.666666666666615,6.113333333333185,5.3433333333331845,1.7363301121569836,1.6444392815084894,101,1.0,1.0,99362
stacked_medium,0.0,q4_a1.5_or,10110,13.00000000000017,11.666666666666856,4.983333333333185,4.0883333333331855,1.4775276067131184,1.4676603109172928,94,1.0,1.0,95725
stacked_medium,0.0,q4_a1.5_or,10111,17.00000000000017,16.333333333333428,6.163333333333185,5.623333333333185,1.7007703905774227,1.6513503889420469,104,1.0,1.0,96672
stacked_medium,0.0,q4_a1.5_or,10112,13.666666666667084,14.333333333332348,6.0083333333331845,4.728333333333185,1.6556972701219994,1.5243898958772248,97,1.0,1.0,99105
stacked_medium,0.0,q4_a1.5_or,10113,16.66666666666572,16.33333333333354,6.038333333333185,5.198333333333185,1.7236524729524458,1.644938787422534,104,1.0,1.0,95151
stacked_medium,0.0,q4_a1.5_or,10114,13.666666666666629,14.333333333332348,5.198333333333185,4.743333333333186,1.564111309505986,1.5786685824536415,102,1.0,1.0,98516
stacked_medium,0.0,q4_a1.5_or,10115,13.333333333333371,15.333333333333314,5.518333333333185,4.958333333333186,1.6515173201785394,1.5727076020859885,100,1.0,1.0,97916
stacked_medium,0.0,q4_a1.5_or,10116,13.333333333333542,11.333333333332575,5.393333333333185,4.303333333333185,1.657928735229096,1.579537856442731,103,1.0,1.0,96252
stacked_medium,0.0,q4_a1.5_or,10117,17.666666666667084,15.33333333333335,6.288333333333185,5.193333333333185,1.7150221083149295,1.6283562526757498,102,1.0,1.0,95808
stacked_medium,0.0,q4_a1.5_or,10118,15.666666666666117,13.333333333333428,5.3833333333331845,4.3783333333331855,1.6465979253461722,1.514474445055828,100,1.0,1.0,95734
stacked_medium,0.0,q4_a1.5_or,10119,13.999999999999261,14.333333333333258,5.388333333333184,4.613333333333185,1.6039077259316032,1.5567192237086067,100,1.0,1.0,95764
stacked_medium,0.0,q4_a1.5_or,10120,15.333333333333357,16.999999999999943,5.743333333333185,5.018333333333185,1.6714952722067837,1.626720343231605,101,1.0,1.0,97529
stacked_medium,0.0,q4_a1.5_or,10121,18.666666666666856,15.66666666666572,6.998333333333185,5.263333333333184,1.7449130729371163,1.58768751839099,99,1.0,1.0,96964
stacked_medium,0.0,q4_a1.5_or,10122,12.66666666666572,10.999999999999716,5.313333333333185,4.528333333333185,1.6511146419027518,1.5493746847445715,99,1.0,1.0,96804
stacked_medium,0.0,q4_a1.5_or,10123,14.333333333333144,11.333333333332348,5.398333333333185,4.243333333333186,1.5799825137460013,1.46938201053762,103,1.0,1.0,96930
stacked_medium,0.0,q4_a1.5_or,10124,13.999999999999716,11.333333333333314,5.2183333333331845,4.398333333333185,1.631592947422944,1.5724793779445256,99,1.0,1.0,96942
stacked_medium,0.0,q4_a1.5_or,10125,15.999999999999545,12.999999999999943,6.3433333333331845,5.028333333333185,1.6272828957307375,1.5691855988082108,100,1.0,1.0,94842
stacked_medium,0.0,q4_a1.5_or,10126,15.3333333333334,13.666666666666742,5.523333333333185,4.5483333333331855,1.5657901084069088,1.5539445482805876,100,1.0,1.0,97360
stacked_medium,0.0,q4_a1.5_or,10127,14.666666666666742,15.666666666666828,5.713333333333185,5.398333333333185,1.5784987749624029,1.5956661477721215,99,1.0,1.0,97979
stacked_medium,0.0,q4_a1.5_or,10128,12.666666666666117,13.333333333333357,4.903333333333185,4.7133333333331855,1.5260217220327101,1.5468825783521498,101,1.0,1.0,96210
stacked_medium,0.0,q4_a1.5_or,10129,12.666666666666742,12.3333333333332,4.708333333333186,4.353333333333185,1.5089465547042724,1.506318069226165,97,1.0,1.0,97134
stacked_medium,0.0,q4_a1.5_and,10100,13.000000000000568,9.666666666665662,4.918333333333186,3.8833333333331854,1.612451164723556,1.4551001176264495,34,0.9411764705882353,1.0,96764
stacked_medium,0.0,q4_a1.5_and,10101,13.999999999999318,9.666666666667197,5.213333333333185,3.7533333333331855,1.6070413313324468,1.4936855290337743,27,0.8823529411764706,1.0,97598
stacked_medium,0.0,q4_a1.5_and,10102,12.33333333333394,11.999999999999943,4.818333333333185,4.278333333333185,1.5627177173432394,1.4885126790790908,34,1.0,1.0,99119
stacked_medium,0.0,q4_a1.5_and,10103,15.666666666667084,15.666666666666686,5.463333333333185,5.293333333333185,1.567139805833597,1.6233958861967175,29,0.9411764705882353,1.0,97318
stacked_medium,0.0,q4_a1.5_and,10104,14.333333333332348,13.333333333333357,5.138333333333184,4.4233333333331855,1.4978925573613768,1.5027960935105813,25,1.0,1.0,98159
stacked_medium,0.0,q4_a1.5_and,10105,16.99999999999943,13.999999999999943,6.238333333333185,4.453333333333186,1.637413818786307,1.5008921387249512,41,1.0,1.0,97845
stacked_medium,0.0,q4_a1.5_and,10106,13.333333333333456,13.333333333332973,5.013333333333185,4.818333333333185,1.547205454490846,1.5175332931155967,37,0.9411764705882353,1.0,96570
stacked_medium,0.0,q4_a1.5_and,10107,14.666666666666586,11.666666666666856,5.418333333333185,4.593333333333185,1.5788751447010032,1.5604744576401666,27,0.9411764705882353,1.0,95421
stacked_medium,0.0,q4_a1.5_and,10108,13.333333333332973,10.999999999999432,4.998333333333186,3.9733333333331853,1.6184517374345173,1.4543476340036088,25,1.0,1.0,97340
stacked_medium,0.0,q4_a1.5_and,10109,16.999999999999986,11.999999999999943,6.113333333333185,4.388333333333185,1.7363301121569836,1.5314345313925812,33,0.9411764705882353,1.0,99387
stacked_medium,0.0,q4_a1.5_and,10110,13.00000000000017,10.999999999999034,4.983333333333185,4.143333333333185,1.4775276067131184,1.4651346563805603,28,1.0,1.0,96547
stacked_medium,0.0,q4_a1.5_and,10111,17.00000000000017,15.999999999999204,6.163333333333185,5.353333333333185,1.7007703905774227,1.6384610409704226,38,1.0,1.0,98831
stacked_medium,0.0,q4_a1.5_and,10112,13.666666666667084,13.999999999999261,6.0083333333331845,5.163333333333185,1.6556972701219994,1.6668630473927122,34,0.9411764705882353,1.0,95722
stacked_medium,0.0,q4_a1.5_and,10113,16.66666666666572,13.666666666666401,6.038333333333185,4.478333333333185,1.7236524729524458,1.5091618596303389,36,0.8823529411764706,1.0,96326
stacked_medium,0.0,q4_a1.5_and,10114,13.666666666666629,13.666666666666515,5.198333333333185,4.538333333333186,1.564111309505986,1.5039644866001034,32,0.9411764705882353,1.0,98906
stacked_medium,0.0,q4_a1.5_and,10115,13.333333333333371,10.999999999999659,5.518333333333185,4.143333333333185,1.6515173201785394,1.5037158242336859,28,0.9411764705882353,1.0,97792
stacked_medium,0.0,q4_a1.5_and,10116,13.333333333333542,10.999999999999204,5.393333333333185,4.448333333333185,1.657928735229096,1.601453091072055,27,0.9411764705882353,1.0,99889
stacked_medium,0.0,q4_a1.5_and,10117,17.666666666667084,13.333333333333485,6.288333333333185,5.093333333333185,1.7150221083149295,1.567019539144324,35,1.0,1.0,93466
stacked_medium,0.0,q4_a1.5_and,10118,15.666666666666117,11.666666666666856,5.3833333333331845,4.008333333333185,1.6465979253461722,1.4235837479414757,30,1.0,1.0,96587
stacked_medium,0.0,q4_a1.5_and,10119,13.999999999999261,12.66666666666589,5.388333333333184,4.4233333333331855,1.6039077259316032,1.51969941405168,30,1.0,1.0,97151
stacked_medium,0.0,q4_a1.5_and,10120,15.333333333333357,12.666666666666586,5.743333333333185,4.613333333333185,1.6714952722067837,1.5207690950946775,35,1.0,1.0,97716
stacked_medium,0.0,q4_a1.5_and,10121,18.666666666666856,14.000000000000142,6.998333333333185,4.908333333333186,1.7449130729371163,1.5595852716000211,42,1.0,1.0,96766
stacked_medium,0.0,q4_a1.5_and,10122,12.66666666666572,11.333333333333371,5.313333333333185,4.478333333333185,1.6511146419027518,1.5743478821463155,29,1.0,1.0,95632
stacked_medium,0.0,q4_a1.5_and,10123,14.333333333333144,11.666666666666856,5.398333333333185,4.248333333333186,1.5799825137460013,1.4835421253797938,30,1.0,1.0,98516
stacked_medium,0.0,q4_a1.5_and,10124,13.999999999999716,12.999999999998977,5.2183333333331845,4.683333333333185,1.631592947422944,1.5705392755066436,35,1.0,1.0,97659
stacked_medium,0.0,q4_a1.5_and,10125,15.999999999999545,12.666666666666693,6.3433333333331845,4.818333333333185,1.6272828957307375,1.4975173384965543,39,0.9411764705882353,1.0,98350
stacked_medium,0.0,q4_a1.5_and,10126,15.3333333333334,9.333333333333456,5.523333333333185,3.9333333333331852,1.5657901084069088,1.463643346855625,30,1.0,1.0,98683
stacked_medium,0.0,q4_a1.5_and,10127,14.666666666666742,13.33333333333335,5.713333333333185,4.783333333333186,1.5784987749624029,1.5403807573433195,33,0.9411764705882353,1.0,97378
stacked_medium,0.0,q4_a1.5_and,10128,12.666666666666117,11.999999999999261,4.903333333333185,4.2983333333331855,1.5260217220327101,1.5253652599164484,36,0.9411764705882353,1.0,97663
stacked_medium,0.0,q4_a1.5_and,10129,12.666666666666742,11.333333333332632,4.708333333333186,4.138333333333185,1.5089465547042724,1.5117773255351366,27,0.9411764705882353,1.0,97091
stacked_medium,0.0,q8_a0.8_or,10100,13.000000000000568,11.333333333333826,4.918333333333186,3.9833333333331855,1.612451164723556,1.5651555043938623,149,1.0,1.0,97474
stacked_medium,0.0,q8_a0.8_or,10101,13.999999999999318,12.333333333333542,5.213333333333185,4.023333333333185,1.6070413313324468,1.4976344492521665,149,1.0,1.0,99128
stacked_medium,0.0,q8_a0.8_or,10102,12.33333333333394,9.666666666666742,4.818333333333185,3.9333333333331852,1.5627177173432394,1.5358613731568882,149,1.0,1.0,98268
stacked_medium,0.0,q8_a0.8_or,10103,15.666666666667084,11.999999999999204,5.463333333333185,4.318333333333185,1.567139805833597,1.4898680114086178,149,1.0,1.0,98874
stacked_medium,0.0,q8_a0.8_or,10104,14.333333333332348,11.666666666666288,5.138333333333184,4.103333333333185,1.4978925573613768,1.4863606571967378,149,1.0,1.0,99778
stacked_medium,0.0,q8_a0.8_or,10105,16.99999999999943,11.99999999999983,6.238333333333185,4.3783333333331855,1.637413818786307,1.5652481238388227,149,1.0,1.0,97859
stacked_medium,0.0,q8_a0.8_or,10106,13.333333333333456,12.999999999999943,5.013333333333185,4.308333333333185,1.547205454490846,1.494906913831536,149,1.0,1.0,99303
stacked_medium,0.0,q8_a0.8_or,10107,14.666666666666586,9.000000000000227,5.418333333333185,3.6783333333331854,1.5788751447010032,1.4659975061574295,149,1.0,1.0,96831
stacked_medium,0.0,q8_a0.8_or,10108,13.333333333332973,13.000000000000341,4.998333333333186,4.073333333333185,1.6184517374345173,1.5480415756658752,149,1.0,1.0,99064
stacked_medium,0.0,q8_a0.8_or,10109,16.999999999999986,12.333333333333272,6.113333333333185,4.238333333333185,1.7363301121569836,1.48532162390874,149,1.0,1.0,100552
stacked_medium,0.0,q8_a0.8_or,10110,13.00000000000017,11.999999999999261,4.983333333333185,3.873333333333185,1.4775276067131184,1.4565183815584146,149,1.0,1.0,97767
stacked_medium,0.0,q8_a0.8_or,10111,17.00000000000017,12.33333333333394,6.163333333333185,4.663333333333186,1.7007703905774227,1.5380339131503573,149,1.0,1.0,97157
stacked_medium,0.0,q8_a0.8_or,10112,13.666666666667084,13.666666666666856,6.0083333333331845,4.508333333333185,1.6556972701219994,1.592419372333203,149,1.0,1.0,99281
stacked_medium,0.0,q8_a0.8_or,10113,16.66666666666572,11.00000000000017,6.038333333333185,4.493333333333186,1.7236524729524458,1.5227719842677816,149,1.0,1.0,97749
stacked_medium,0.0,q8_a0.8_or,10114,13.666666666666629,12.000000000000796,5.198333333333185,4.0033333333331855,1.564111309505986,1.4992942053878715,149,1.0,1.0,100044
stacked_medium,0.0,q8_a0.8_or,10115,13.333333333333371,13.666666666666686,5.518333333333185,4.813333333333185,1.6515173201785394,1.6207121069632173,149,1.0,1.0,99245
stacked_medium,0.0,q8_a0.8_or,10116,13.333333333333542,11.999999999999886,5.393333333333185,4.333333333333186,1.657928735229096,1.568244247714246,149,1.0,1.0,101068
stacked_medium,0.0,q8_a0.8_or,10117,17.666666666667084,10.666666666666686,6.288333333333185,4.2133333333331855,1.7150221083149295,1.4788477475910247,149,1.0,1.0,98769
stacked_medium,0.0,q8_a0.8_or,10118,15.666666666666117,10.33333333333394,5.3833333333331845,3.8783333333331855,1.6465979253461722,1.4946258807704198,149,1.0,1.0,97238
stacked_medium,0.0,q8_a0.8_or,10119,13.999999999999261,11.666666666666345,5.388333333333184,4.083333333333186,1.6039077259316032,1.4886056081677441,149,1.0,1.0,95946
stacked_medium,0.0,q8_a0.8_or,10120,15.333333333333357,12.000000000000796,5.743333333333185,4.188333333333185,1.6714952722067837,1.4601600354354818,149,1.0,1.0,97913
stacked_medium,0.0,q8_a0.8_or,10121,18.666666666666856,12.00000000000017,6.998333333333185,4.398333333333185,1.7449130729371163,1.5209627552824323,149,1.0,1.0,97638
stacked_medium,0.0,q8_a0.8_or,10122,12.66666666666572,11.666666666666828,5.313333333333185,4.453333333333186,1.6511146419027518,1.569174554598687,149,1.0,1.0,98339
stacked_medium,0.0,q8_a0.8_or,10123,14.333333333333144,14.333333333332803,5.398333333333185,4.238333333333185,1.5799825137460013,1.4549029835746652,149,1.0,1.0,98738
stacked_medium,0.0,q8_a0.8_or,10124,13.999999999999716,10.999999999999943,5.2183333333331845,4.0483333333331855,1.631592947422944,1.5893247890879416,149,1.0,1.0,98867
stacked_medium,0.0,q8_a0.8_or,10125,15.999999999999545,8.999999999999545,6.3433333333331845,3.6683333333331856,1.6272828957307375,1.4345795404792852,149,1.0,1.0,97535
stacked_medium,0.0,q8_a0.8_or,10126,15.3333333333334,9.333333333333485,5.523333333333185,3.623333333333185,1.5657901084069088,1.4406825708036275,149,1.0,1.0,99201
stacked_medium,0.0,q8_a0.8_or,10127,14.666666666666742,10.000000000000199,5.713333333333185,3.6783333333331854,1.5784987749624029,1.3754405563579948,149,1.0,1.0,98634
stacked_medium,0.0,q8_a0.8_or,10128,12.666666666666117,10.999999999999659,4.903333333333185,3.6483333333331855,1.5260217220327101,1.4209148558210083,149,1.0,1.0,100151
stacked_medium,0.0,q8_a0.8_or,10129,12.666666666666742,10.333333333333826,4.708333333333186,3.603333333333185,1.5089465547042724,1.455109076863185,149,1.0,1.0,100349
stacked_medium,0.0,q8_a0.8_and,10100,13.000000000000568,11.999999999999929,4.918333333333186,4.7133333333331855,1.612451164723556,1.5849293667859976,1,0.058823529411764705,1.0,94218
stacked_medium,0.0,q8_a0.8_and,10101,13.999999999999318,13.999999999999318,5.213333333333185,5.213333333333185,1.6070413313324468,1.6070413313324468,0,0.0,,93146
stacked_medium,0.0,q8_a0.8_and,10102,12.33333333333394,12.33333333333394,4.818333333333185,4.818333333333185,1.5627177173432394,1.5627177173432394,0,0.0,,95724
stacked_medium,0.0,q8_a0.8_and,10103,15.666666666667084,13.666666666666856,5.463333333333185,5.128333333333185,1.567139805833597,1.5430325624682888,1,0.058823529411764705,1.0,94056
stacked_medium,0.0,q8_a0.8_and,10104,14.333333333332348,14.333333333332348,5.138333333333184,5.053333333333185,1.4978925573613768,1.492927718168315,1,0.058823529411764705,1.0,93492
stacked_medium,0.0,q8_a0.8_and,10105,16.99999999999943,16.99999999999943,6.238333333333185,6.238333333333185,1.637413818786307,1.637413818786307,0,0.0,,95383
stacked_medium,0.0,q8_a0.8_and,10106,13.333333333333456,13.333333333333456,5.013333333333185,5.013333333333185,1.547205454490846,1.547205454490846,0,0.0,,94818
stacked_medium,0.0,q8_a0.8_and,10107,14.666666666666586,14.666666666666586,5.418333333333185,5.418333333333185,1.5788751447010032,1.5788751447010032,0,0.0,,93062
stacked_medium,0.0,q8_a0.8_and,10108,13.333333333332973,13.000000000000568,4.998333333333186,4.848333333333185,1.6184517374345173,1.6196288984538325,1,0.058823529411764705,1.0,94736
stacked_medium,0.0,q8_a0.8_and,10109,16.999999999999986,15.666666666666401,6.113333333333185,6.268333333333185,1.7363301121569836,1.6993410822707784,1,0.058823529411764705,1.0,94965
stacked_medium,0.0,q8_a0.8_and,10110,13.00000000000017,13.00000000000017,4.983333333333185,5.018333333333185,1.4775276067131184,1.5349552150700791,1,0.058823529411764705,1.0,93841
stacked_medium,0.0,q8_a0.8_and,10111,17.00000000000017,17.00000000000017,6.163333333333185,6.163333333333185,1.7007703905774227,1.7007703905774227,0,0.0,,95873
stacked_medium,0.0,q8_a0.8_and,10112,13.666666666667084,13.666666666667084,6.0083333333331845,6.0083333333331845,1.6556972701219994,1.6556972701219994,0,0.0,,98454
stacked_medium,0.0,q8_a0.8_and,10113,16.66666666666572,17.999999999999204,6.038333333333185,6.433333333333184,1.7236524729524458,1.745057643065683,3,0.11764705882352941,1.0,93905
stacked_medium,0.0,q8_a0.8_and,10114,13.666666666666629,13.666666666666629,5.198333333333185,5.198333333333185,1.564111309505986,1.564111309505986,1,0.058823529411764705,1.0,98487
stacked_medium,0.0,q8_a0.8_and,10115,13.333333333333371,13.333333333333371,5.518333333333185,5.518333333333185,1.6515173201785394,1.6515173201785394,0,0.0,,96013
stacked_medium,0.0,q8_a0.8_and,10116,13.333333333333542,13.666666666666856,5.393333333333185,5.548333333333185,1.657928735229096,1.6751303800150632,1,0.058823529411764705,1.0,96373
stacked_medium,0.0,q8_a0.8_and,10117,17.666666666667084,17.666666666667084,6.288333333333185,6.288333333333185,1.7150221083149295,1.7150221083149295,0,0.0,,93292
stacked_medium,0.0,q8_a0.8_and,10118,15.666666666666117,13.999999999999659,5.3833333333331845,5.163333333333185,1.6465979253461722,1.6146024281864262,1,0.058823529411764705,1.0,95633
stacked_medium,0.0,q8_a0.8_and,10119,13.999999999999261,15.999999999999716,5.388333333333184,5.288333333333185,1.6039077259316032,1.5798167794443376,1,0.058823529411764705,1.0,92912
stacked_medium,0.0,q8_a0.8_and,10120,15.333333333333357,15.333333333333357,5.743333333333185,5.743333333333185,1.6714952722067837,1.6714952722067837,0,0.0,,93225
stacked_medium,0.0,q8_a0.8_and,10121,18.666666666666856,16.666666666666686,6.998333333333185,6.163333333333185,1.7449130729371163,1.6507073453885055,1,0.058823529411764705,1.0,96063
stacked_medium,0.0,q8_a0.8_and,10122,12.66666666666572,12.66666666666572,5.313333333333185,5.313333333333185,1.6511146419027518,1.6511146419027518,0,0.0,,96218
stacked_medium,0.0,q8_a0.8_and,10123,14.333333333333144,14.333333333333144,5.398333333333185,5.398333333333185,1.5799825137460013,1.5799825137460013,0,0.0,,96330
stacked_medium,0.0,q8_a0.8_and,10124,13.999999999999716,13.999999999999716,5.2183333333331845,5.2183333333331845,1.631592947422944,1.631592947422944,0,0.0,,95405
stacked_medium,0.0,q8_a0.8_and,10125,15.999999999999545,15.666666666666856,6.3433333333331845,6.418333333333185,1.6272828957307375,1.6321505737674236,1,0.058823529411764705,1.0,91730
stacked_medium,0.0,q8_a0.8_and,10126,15.3333333333334,12.666666666666345,5.523333333333185,5.338333333333185,1.5657901084069088,1.5709269985087209,1,0.058823529411764705,1.0,96163
stacked_medium,0.0,q8_a0.8_and,10127,14.666666666666742,14.666666666666742,5.713333333333185,5.713333333333185,1.5784987749624029,1.5784987749624029,2,0.058823529411764705,1.0,92686
stacked_medium,0.0,q8_a0.8_and,10128,12.666666666666117,12.666666666666117,4.903333333333185,4.903333333333185,1.5260217220327101,1.5260217220327101,0,0.0,,94476
stacked_medium,0.0,q8_a0.8_and,10129,12.666666666666742,13.666666666666856,4.708333333333186,4.718333333333185,1.5089465547042724,1.5334433299342214,1,0.058823529411764705,1.0,92279
stacked_medium,0.0,q8_a1.5_or,10100,13.000000000000568,9.666666666665662,4.918333333333186,3.873333333333185,1.612451164723556,1.4543592220485975,81,1.0,1.0,96876
stacked_medium,0.0,q8_a1.5_or,10101,13.999999999999318,12.3333333333332,5.213333333333185,4.1283333333331855,1.6070413313324468,1.5455210328406204,81,1.0,1.0,97350
stacked_medium,0.0,q8_a1.5_or,10102,12.33333333333394,12.666666666666458,4.818333333333185,4.418333333333186,1.5627177173432394,1.5254785199436158,81,1.0,1.0,97208
stacked_medium,0.0,q8_a1.5_or,10103,15.666666666667084,14.333333333333485,5.463333333333185,4.793333333333186,1.567139805833597,1.5674398818081285,81,1.0,1.0,96643
stacked_medium,0.0,q8_a1.5_or,10104,14.333333333332348,13.333333333333357,5.138333333333184,4.443333333333185,1.4978925573613768,1.4961307223104905,81,1.0,1.0,98015
stacked_medium,0.0,q8_a1.5_or,10105,16.99999999999943,13.999999999999943,6.238333333333185,4.453333333333186,1.637413818786307,1.5008921387249512,81,1.0,1.0,97845
stacked_medium,0.0,q8_a1.5_or,10106,13.333333333333456,13.000000000000014,5.013333333333185,4.363333333333185,1.547205454490846,1.4763984095057987,81,1.0,1.0,94621
stacked_medium,0.0,q8_a1.5_or,10107,14.666666666666586,11.666666666666856,5.418333333333185,4.573333333333185,1.5788751447010032,1.5593746175226315,81,1.0,1.0,95469
stacked_medium,0.0,q8_a1.5_or,10108,13.333333333332973,10.999999999999432,4.998333333333186,3.9133333333331852,1.6184517374345173,1.464068061068019,81,1.0,1.0,96938
stacked_medium,0.0,q8_a1.5_or,10109,16.999999999999986,11.999999999999943,6.113333333333185,4.328333333333186,1.7363301121569836,1.5117030396436266,81,1.0,1.0,99775
stacked_medium,0.0,q8_a1.5_or,10110,13.00000000000017,10.666666666666714,4.983333333333185,4.1283333333331855,1.4775276067131184,1.463837747664921,81,1.0,1.0,96547
stacked_medium,0.0,q8_a1.5_or,10111,17.00000000000017,15.999999999999204,6.163333333333185,5.353333333333185,1.7007703905774227,1.6384610409704226,81,1.0,1.0,98831
stacked_medium,0.0,q8_a1.5_or,10112,13.666666666667084,15.333333333333371,6.0083333333331845,5.0033333333331855,1.6556972701219994,1.6285889648269065,81,1.0,1.0,95659
stacked_medium,0.0,q8_a1.5_or,10113,16.66666666666572,15.333333333332689,6.038333333333185,4.768333333333185,1.7236524729524458,1.5150552877305319,81,1.0,1.0,96398
stacked_medium,0.0,q8_a1.5_or,10114,13.666666666666629,15.999999999999204,5.198333333333185,4.748333333333186,1.564111309505986,1.5632435082297167,81,1.0,1.0,98444
stacked_medium,0.0,q8_a1.5_or,10115,13.333333333333371,12.666666666666856,5.518333333333185,4.738333333333185,1.6515173201785394,1.5366328539504799,81,1.0,1.0,97290
stacked_medium,0.0,q8_a1.5_or,10116,13.333333333333542,10.333333333333599,5.393333333333185,4.153333333333185,1.657928735229096,1.5101145640761677,81,1.0,1.0,99957
stacked_medium,0.0,q8_a1.5_or,10117,17.666666666667084,13.333333333333485,6.288333333333185,5.093333333333185,1.7150221083149295,1.567019539144324,81,1.0,1.0,93466
stacked_medium,0.0,q8_a1.5_or,10118,15.666666666666117,11.999999999999261,5.3833333333331845,4.328333333333186,1.6465979253461722,1.4528834587333281,81,1.0,1.0,96581
stacked_medium,0.0,q8_a1.5_or,10119,13.999999999999261,11.666666666666345,5.388333333333184,4.243333333333186,1.6039077259316032,1.550148422181598,81,1.0,1.0,96186
stacked_medium,0.0,q8_a1.5_or,10120,15.333333333333357,12.666666666666586,5.743333333333185,4.613333333333185,1.6714952722067837,1.5207690950946775,81,1.0,1.0,97716
stacked_medium,0.0,q8_a1.5_or,10121,18.666666666666856,14.000000000000142,6.998333333333185,4.908333333333186,1.7449130729371163,1.5564962978733141,81,1.0,1.0,96628
stacked_medium,0.0,q8_a1.5_or,10122,12.66666666666572,11.333333333333371,5.313333333333185,4.458333333333186,1.6511146419027518,1.5733187154796489,81,1.0,1.0,95793
stacked_medium,0.0,q8_a1.5_or,10123,14.333333333333144,11.999999999999034,5.398333333333185,4.2983333333331855,1.5799825137460013,1.4875115322645172,81,1.0,1.0,98756
stacked_medium,0.0,q8_a1.5_or,10124,13.999999999999716,11.999999999999204,5.2183333333331845,4.678333333333185,1.631592947422944,1.5898473686808972,81,1.0,1.0,96269
stacked_medium,0.0,q8_a1.5_or,10125,15.999999999999545,11.666666666666003,6.3433333333331845,4.4233333333331855,1.6272828957307375,1.475546278106493,81,1.0,1.0,97820
stacked_medium,0.0,q8_a1.5_or,10126,15.3333333333334,9.333333333333456,5.523333333333185,3.7633333333331853,1.5657901084069088,1.423784438594183,81,1.0,1.0,98300
stacked_medium,0.0,q8_a1.5_or,10127,14.666666666666742,13.000000000000114,5.713333333333185,4.658333333333186,1.5784987749624029,1.5326400811160976,81,1.0,1.0,96759
stacked_medium,0.0,q8_a1.5_or,10128,12.666666666666117,11.999999999999929,4.903333333333185,4.248333333333186,1.5260217220327101,1.4717291651203601,81,1.0,1.0,98389
stacked_medium,0.0,q8_a1.5_or,10129,12.666666666666742,10.000000000000085,4.708333333333186,3.8683333333331853,1.5089465547042724,1.4573013319021317,81,1.0,1.0,95412
stacked_medium,0.0,q8_a1.5_and,10100,13.000000000000568,11.999999999999929,4.918333333333186,4.7133333333331855,1.612451164723556,1.5849293667859976,1,0.058823529411764705,1.0,94218
stacked_medium,0.0,q8_a1.5_and,10101,13.999999999999318,13.999999999999318,5.213333333333185,5.213333333333185,1.6070413313324468,1.6070413313324468,0,0.0,,93146
stacked_medium,0.0,q8_a1.5_and,10102,12.33333333333394,12.33333333333394,4.818333333333185,4.818333333333185,1.5627177173432394,1.5627177173432394,0,0.0,,95724
stacked_medium,0.0,q8_a1.5_and,10103,15.666666666667084,13.666666666666856,5.463333333333185,5.128333333333185,1.567139805833597,1.5430325624682888,1,0.058823529411764705,1.0,94056
stacked_medium,0.0,q8_a1.5_and,10104,14.333333333332348,14.333333333332348,5.138333333333184,5.053333333333185,1.4978925573613768,1.492927718168315,1,0.058823529411764705,1.0,93492
stacked_medium,0.0,q8_a1.5_and,10105,16.99999999999943,16.99999999999943,6.238333333333185,6.238333333333185,1.637413818786307,1.637413818786307,0,0.0,,95383
stacked_medium,0.0,q8_a1.5_and,10106,13.333333333333456,13.333333333333456,5.013333333333185,5.013333333333185,1.547205454490846,1.547205454490846,0,0.0,,94818
stacked_medium,0.0,q8_a1.5_and,10107,14.666666666666586,14.666666666666586,5.418333333333185,5.418333333333185,1.5788751447010032,1.5788751447010032,0,0.0,,93062
stacked_medium,0.0,q8_a1.5_and,10108,13.333333333332973,13.000000000000568,4.998333333333186,4.848333333333185,1.6184517374345173,1.6196288984538325,1,0.058823529411764705,1.0,94736
stacked_medium,0.0,q8_a1.5_and,10109,16.999999999999986,15.666666666666401,6.113333333333185,6.268333333333185,1.7363301121569836,1.6993410822707784,1,0.058823529411764705,1.0,94965
stacked_medium,0.0,q8_a1.5_and,10110,13.00000000000017,13.00000000000017,4.983333333333185,5.018333333333185,1.4775276067131184,1.5349552150700791,1,0.058823529411764705,1.0,93841
stacked_medium,0.0,q8_a1.5_and,10111,17.00000000000017,17.00000000000017,6.163333333333185,6.163333333333185,1.7007703905774227,1.7007703905774227,0,0.0,,95873
stacked_medium,0.0,q8_a1.5_and,10112,13.666666666667084,13.666666666667084,6.0083333333331845,6.0083333333331845,1.6556972701219994,1.6556972701219994,0,0.0,,98454
stacked_medium,0.0,q8_a1.5_and,10113,16.66666666666572,17.999999999999204,6.038333333333185,6.433333333333184,1.7236524729524458,1.745057643065683,3,0.11764705882352941,1.0,93905
stacked_medium,0.0,q8_a1.5_and,10114,13.666666666666629,13.666666666666629,5.198333333333185,5.198333333333185,1.564111309505986,1.564111309505986,1,0.058823529411764705,1.0,98487
stacked_medium,0.0,q8_a1.5_and,10115,13.333333333333371,13.333333333333371,5.518333333333185,5.518333333333185,1.6515173201785394,1.6515173201785394,0,0.0,,96013
stacked_medium,0.0,q8_a1.5_and,10116,13.333333333333542,13.666666666666856,5.393333333333185,5.548333333333185,1.657928735229096,1.6751303800150632,1,0.058823529411764705,1.0,96373
stacked_medium,0.0,q8_a1.5_and,10117,17.666666666667084,17.666666666667084,6.288333333333185,6.288333333333185,1.7150221083149295,1.7150221083149295,0,0.0,,93292
stacked_medium,0.0,q8_a1.5_and,10118,15.666666666666117,13.999999999999659,5.3833333333331845,5.163333333333185,1.6465979253461722,1.6146024281864262,1,0.058823529411764705,1.0,95633
stacked_medium,0.0,q8_a1.5_and,10119,13.999999999999261,15.999999999999716,5.388333333333184,5.288333333333185,1.6039077259316032,1.5798167794443376,1,0.058823529411764705,1.0,92912
stacked_medium,0.0,q8_a1.5_and,10120,15.333333333333357,15.333333333333357,5.743333333333185,5.743333333333185,1.6714952722067837,1.6714952722067837,0,0.0,,93225
stacked_medium,0.0,q8_a1.5_and,10121,18.666666666666856,16.666666666666686,6.998333333333185,6.163333333333185,1.7449130729371163,1.6507073453885055,1,0.058823529411764705,1.0,96063
stacked_medium,0.0,q8_a1.5_and,10122,12.66666666666572,12.66666666666572,5.313333333333185,5.313333333333185,1.6511146419027518,1.6511146419027518,0,0.0,,96218
stacked_medium,0.0,q8_a1.5_and,10123,14.333333333333144,14.333333333333144,5.398333333333185,5.398333333333185,1.5799825137460013,1.5799825137460013,0,0.0,,96330
stacked_medium,0.0,q8_a1.5_and,10124,13.999999999999716,13.999999999999716,5.2183333333331845,5.2183333333331845,1.631592947422944,1.631592947422944,0,0.0,,95405
stacked_medium,0.0,q8_a1.5_and,10125,15.999999999999545,15.666666666666856,6.3433333333331845,6.418333333333185,1.6272828957307375,1.6321505737674236,1,0.058823529411764705,1.0,91730
stacked_medium,0.0,q8_a1.5_and,10126,15.3333333333334,12.666666666666345,5.523333333333185,5.338333333333185,1.5657901084069088,1.5709269985087209,1,0.058823529411764705,1.0,96163
stacked_medium,0.0,q8_a1.5_and,10127,14.666666666666742,14.666666666666742,5.713333333333185,5.713333333333185,1.5784987749624029,1.5784987749624029,2,0.058823529411764705,1.0,92686
stacked_medium,0.0,q8_a1.5_and,10128,12.666666666666117,12.666666666666117,4.903333333333185,4.903333333333185,1.5260217220327101,1.5260217220327101,0,0.0,,94476
stacked_medium,0.0,q8_a1.5_and,10129,12.666666666666742,13.666666666666856,4.708333333333186,4.718333333333185,1.5089465547042724,1.5334433299342214,1,0.058823529411764705,1.0,92279
stacked_medium,2.0,q2_a0.8_or,10100,15.000000000000796,12.333333333333485,5.293333333333185,4.318333333333185,1.9141589943489712,1.773296850766352,155,1.0,1.0,96610
stacked_medium,2.0,q2_a0.8_or,10101,14.333333333333826,11.3333333333334,4.8783333333331855,3.873333333333185,1.8287824297835815,1.7996656492726872,156,1.0,1.0,99480
stacked_medium,2.0,q2_a0.8_or,10102,13.00000000000017,10.000000000000568,5.038333333333186,4.073333333333185,1.8099124105941358,1.8039659505339127,156,1.0,1.0,100788
stacked_medium,2.0,q2_a0.8_or,10103,14.333333333332803,13.666666666666629,5.5083333333331845,4.748333333333186,1.8558487499595528,1.8434754841284087,159,1.0,1.0,98993
stacked_medium,2.0,q2_a0.8_or,10104,15.999999999999488,11.666666666666174,5.903333333333185,3.9283333333331854,1.709662243422928,1.640677407298072,155,1.0,1.0,99977
stacked_medium,2.0,q2_a0.8_or,10105,14.333333333333343,11.666666666666174,5.528333333333185,4.108333333333185,1.7913300053108603,1.6801412889543585,162,1.0,1.0,98706
stacked_medium,2.0,q2_a0.8_or,10106,14.333333333333428,10.000000000000568,5.693333333333185,4.058333333333185,1.7740461760253554,1.6770410197560452,153,1.0,1.0,97144
stacked_medium,2.0,q2_a0.8_or,10107,14.000000000000227,12.333333333333485,5.308333333333184,4.778333333333185,1.8723216284171782,1.822582465133498,160,1.0,1.0,96807
stacked_medium,2.0,q2_a0.8_or,10108,12.999999999999886,12.000000000000796,4.768333333333185,4.168333333333186,1.8539361179659195,1.749526139990523,159,1.0,1.0,98552
stacked_medium,2.0,q2_a0.8_or,10109,17.33333333333327,11.999999999999602,5.798333333333185,4.133333333333185,1.8439486620421766,1.7441838543683479,156,1.0,1.0,100193
stacked_medium,2.0,q2_a0.8_or,10110,11.666666666665947,12.333333333334053,4.693333333333185,3.9183333333331856,1.6326539167295206,1.6635531490400322,156,1.0,1.0,98495
stacked_medium,2.0,q2_a0.8_or,10111,16.999999999999886,15.333333333333258,6.0933333333331845,4.883333333333185,1.8938421386323336,1.8160553487830395,159,1.0,1.0,98771
stacked_medium,2.0,q2_a0.8_or,10112,13.333333333332689,14.33333333333303,5.143333333333185,4.788333333333186,1.7916951737431628,1.7508579021807835,158,1.0,1.0,98399
stacked_medium,2.0,q2_a0.8_or,10113,13.999999999999602,10.000000000000085,5.243333333333185,3.6933333333331855,1.7847251760246672,1.6615055077162646,156,1.0,1.0,97813
stacked_medium,2.0,q2_a0.8_or,10114,16.999999999999545,12.333333333333144,6.2183333333331845,4.278333333333185,1.898744600945451,1.7594003486623542,158,1.0,1.0,99422
stacked_medium,2.0,q2_a0.8_or,10115,12.666666666666686,10.666666666666742,5.073333333333185,3.978333333333185,1.7955260327430838,1.7445011911068753,157,1.0,1.0,97810
stacked_medium,2.0,q2_a0.8_or,10116,13.333333333332575,12.666666666666679,5.128333333333185,4.748333333333186,1.8474732106055918,1.890732601820241,158,1.0,1.0,97298
stacked_medium,2.0,q2_a0.8_or,10117,13.333333333334167,12.000000000000455,5.368333333333185,4.273333333333185,1.841572424895176,1.8223778286957093,157,1.0,1.0,95893
stacked_medium,2.0,q2_a0.8_or,10118,12.66666666666677,12.666666666666345,4.998333333333186,4.278333333333185,1.8104931099871941,1.763655859340654,159,1.0,1.0,98926
stacked_medium,2.0,q2_a0.8_or,10119,16.333333333333343,11.666666666666345,5.903333333333185,4.163333333333186,1.8802588632365798,1.6458183104398068,158,1.0,1.0,97211
stacked_medium,2.0,q2_a0.8_or,10120,13.666666666666885,9.666666666666174,5.4283333333331845,3.768333333333185,1.8600603372633489,1.6681388580795475,160,1.0,1.0,96709
stacked_medium,2.0,q2_a0.8_or,10121,15.333333333333329,13.999999999999929,5.648333333333185,4.898333333333185,1.7659989403072829,1.8025050168517538,157,1.0,1.0,100892
stacked_medium,2.0,q2_a0.8_or,10122,12.00000000000091,9.999999999999943,4.758333333333185,3.7833333333331853,1.7920228813088477,1.6786983143708318,157,1.0,1.0,96807
stacked_medium,2.0,q2_a0.8_or,10123,13.333333333333357,12.999999999998977,5.538333333333185,4.413333333333186,1.8373946716646676,1.7097442688274014,158,1.0,1.0,99341
stacked_medium,2.0,q2_a0.8_or,10124,13.333333333333087,10.00000000000017,5.423333333333185,4.083333333333186,1.8853494520802099,1.7382952978950927,160,1.0,1.0,99892
stacked_medium,2.0,q2_a0.8_or,10125,14.666666666666693,11.666666666666515,5.318333333333185,4.663333333333186,1.7913925708945595,1.7586359267429608,156,1.0,1.0,96276
stacked_medium,2.0,q2_a0.8_or,10126,15.333333333333428,10.000000000000568,5.478333333333185,3.393333333333185,1.8281102748109512,1.6229956467198567,157,1.0,1.0,99395
stacked_medium,2.0,q2_a0.8_or,10127,13.666666666666174,11.0,5.113333333333185,4.233333333333185,1.7300909750758624,1.6639049592926307,158,1.0,1.0,98306
stacked_medium,2.0,q2_a0.8_or,10128,13.000000000000199,8.999999999999915,4.563333333333185,3.5783333333331853,1.6390584498451823,1.5853451453216738,156,1.0,1.0,96459
stacked_medium,2.0,q2_a0.8_or,10129,12.666666666666742,14.666666666666742,4.648333333333185,4.578333333333186,1.706138597014049,1.7375454787068652,159,1.0,1.0,98513
stacked_medium,2.0,q2_a0.8_and,10100,15.000000000000796,9.333333333333357,5.293333333333185,3.6083333333331855,1.9141589943489712,1.7241871794101784,143,1.0,1.0,98022
stacked_medium,2.0,q2_a0.8_and,10101,14.333333333333826,12.333333333333286,4.8783333333331855,3.8883333333331853,1.8287824297835815,1.6728004831100989,125,1.0,1.0,99843
stacked_medium,2.0,q2_a0.8_and,10102,13.00000000000017,13.666666666666401,5.038333333333186,4.448333333333185,1.8099124105941358,1.8479493404945762,131,1.0,1.0,98747
stacked_medium,2.0,q2_a0.8_and,10103,14.333333333332803,13.66666666666606,5.5083333333331845,4.533333333333186,1.8558487499595528,1.8449080058714336,141,1.0,1.0,97409
stacked_medium,2.0,q2_a0.8_and,10104,15.999999999999488,10.666666666665662,5.903333333333185,3.7933333333331856,1.709662243422928,1.6043646040590847,137,1.0,1.0,100536
stacked_medium,2.0,q2_a0.8_and,10105,14.333333333333343,12.999999999999659,5.528333333333185,4.273333333333185,1.7913300053108603,1.702103520638977,136,1.0,1.0,96652
stacked_medium,2.0,q2_a0.8_and,10106,14.333333333333428,12.666666666666657,5.693333333333185,4.133333333333185,1.7740461760253554,1.6992950048247908,131,1.0,1.0,98179
stacked_medium,2.0,q2_a0.8_and,10107,14.000000000000227,12.999999999999943,5.308333333333184,4.348333333333185,1.8723216284171782,1.7327552395178873,134,1.0,1.0,97584
stacked_medium,2.0,q2_a0.8_and,10108,12.999999999999886,11.333333333333258,4.768333333333185,4.008333333333185,1.8539361179659195,1.704428103611069,130,1.0,1.0,96934
stacked_medium,2.0,q2_a0.8_and,10109,17.33333333333327,13.000000000000057,5.798333333333185,4.363333333333185,1.8439486620421766,1.776675850633553,133,1.0,1.0,97522
stacked_medium,2.0,q2_a0.8_and,10110,11.666666666665947,11.666666666666742,4.693333333333185,4.183333333333185,1.6326539167295206,1.7709383021545613,136,1.0,1.0,98248
stacked_medium,2.0,q2_a0.8_and,10111,16.999999999999886,14.333333333333144,6.0933333333331845,4.858333333333185,1.8938421386323336,1.7135329092140734,136,1.0,1.0,97482
stacked_medium,2.0,q2_a0.8_and,10112,13.333333333332689,14.333333333333371,5.143333333333185,4.783333333333186,1.7916951737431628,1.8196478397607547,139,1.0,1.0,99131
stacked_medium,2.0,q2_a0.8_and,10113,13.999999999999602,11.666666666666401,5.243333333333185,4.188333333333185,1.7847251760246672,1.7056909871994066,129,1.0,1.0,96317
stacked_medium,2.0,q2_a0.8_and,10114,16.999999999999545,13.333333333333485,6.2183333333331845,4.608333333333185,1.898744600945451,1.7349521221147006,139,1.0,1.0,98817
stacked_medium,2.0,q2_a0.8_and,10115,12.666666666666686,11.666666666666885,5.073333333333185,4.133333333333185,1.7955260327430838,1.7322217922112377,139,1.0,1.0,99742
stacked_medium,2.0,q2_a0.8_and,10116,13.333333333332575,14.666666666666629,5.128333333333185,4.5033333333331855,1.8474732106055918,1.8382221449354,142,1.0,1.0,97681
stacked_medium,2.0,q2_a0.8_and,10117,13.333333333334167,13.00000000000017,5.368333333333185,4.653333333333185,1.841572424895176,1.7730426735893499,138,1.0,1.0,98100
stacked_medium,2.0,q2_a0.8_and,10118,12.66666666666677,11.999999999999602,4.998333333333186,4.428333333333185,1.8104931099871941,1.8115016949957319,134,1.0,1.0,98078
stacked_medium,2.0,q2_a0.8_and,10119,16.333333333333343,12.3333333333332,5.903333333333185,4.163333333333186,1.8802588632365798,1.732400024928537,140,1.0,1.0,96632
stacked_medium,2.0,q2_a0.8_and,10120,13.666666666666885,12.666666666666174,5.4283333333331845,4.783333333333186,1.8600603372633489,1.7461744585470411,135,1.0,1.0,98118
stacked_medium,2.0,q2_a0.8_and,10121,15.333333333333329,12.999999999999545,5.648333333333185,4.658333333333186,1.7659989403072829,1.8043972070298435,140,1.0,1.0,92552
stacked_medium,2.0,q2_a0.8_and,10122,12.00000000000091,14.333333333332746,4.758333333333185,5.203333333333185,1.7920228813088477,1.8258649067324444,138,1.0,1.0,97871
stacked_medium,2.0,q2_a0.8_and,10123,13.333333333333357,12.666666666665662,5.538333333333185,4.268333333333185,1.8373946716646676,1.7593691744524063,137,1.0,1.0,100633
stacked_medium,2.0,q2_a0.8_and,10124,13.333333333333087,11.333333333333428,5.423333333333185,4.023333333333185,1.8853494520802099,1.7885508705190027,127,1.0,1.0,98869
stacked_medium,2.0,q2_a0.8_and,10125,14.666666666666693,12.666666666666003,5.318333333333185,4.418333333333186,1.7913925708945595,1.7108404147884,130,1.0,1.0,99040
stacked_medium,2.0,q2_a0.8_and,10126,15.333333333333428,11.999999999999602,5.478333333333185,4.073333333333185,1.8281102748109512,1.666387577411074,136,1.0,1.0,98543
stacked_medium,2.0,q2_a0.8_and,10127,13.666666666666174,12.000000000000568,5.113333333333185,4.1283333333331855,1.7300909750758624,1.6330138336346158,133,1.0,1.0,97238
stacked_medium,2.0,q2_a0.8_and,10128,13.000000000000199,10.000000000000057,4.563333333333185,3.7633333333331853,1.6390584498451823,1.6767334725266292,125,1.0,1.0,99592
stacked_medium,2.0,q2_a0.8_and,10129,12.666666666666742,11.666666666667084,4.648333333333185,4.493333333333186,1.706138597014049,1.7539427122358446,140,1.0,1.0,100285
stacked_medium,2.0,q2_a1.5_or,10100,15.000000000000796,10.333333333333329,5.293333333333185,3.958333333333185,1.9141589943489712,1.7242945372945488,151,1.0,1.0,96626
stacked_medium,2.0,q2_a1.5_or,10101,14.333333333333826,12.33333333333394,4.8783333333331855,4.448333333333185,1.8287824297835815,1.7873864830484616,153,1.0,1.0,99138
stacked_medium,2.0,q2_a1.5_or,10102,13.00000000000017,10.000000000000796,5.038333333333186,3.873333333333185,1.8099124105941358,1.7164304098447571,143,1.0,1.0,100718
stacked_medium,2.0,q2_a1.5_or,10103,14.333333333332803,13.666666666666401,5.5083333333331845,4.683333333333185,1.8558487499595528,1.7761354292918676,157,1.0,1.0,97841
stacked_medium,2.0,q2_a1.5_or,10104,15.999999999999488,11.66666666666572,5.903333333333185,4.178333333333185,1.709662243422928,1.6800451267600771,141,1.0,1.0,96434
stacked_medium,2.0,q2_a1.5_or,10105,14.333333333333343,11.666666666666174,5.528333333333185,4.108333333333185,1.7913300053108603,1.6801412889543585,157,1.0,1.0,98706
stacked_medium,2.0,q2_a1.5_or,10106,14.333333333333428,14.66666666666589,5.693333333333185,4.603333333333185,1.7740461760253554,1.6878323256449383,139,1.0,1.0,94980
stacked_medium,2.0,q2_a1.5_or,10107,14.000000000000227,13.666666666666856,5.308333333333184,4.853333333333185,1.8723216284171782,1.799279501528176,152,1.0,1.0,95868
stacked_medium,2.0,q2_a1.5_or,10108,12.999999999999886,10.666666666666174,4.768333333333185,3.873333333333185,1.8539361179659195,1.7013922902659215,153,1.0,1.0,97492
stacked_medium,2.0,q2_a1.5_or,10109,17.33333333333327,16.333333333333428,5.798333333333185,4.908333333333186,1.8439486620421766,1.8167285358234273,141,1.0,1.0,99794
stacked_medium,2.0,q2_a1.5_or,10110,11.666666666665947,14.000000000000114,4.693333333333185,4.343333333333185,1.6326539167295206,1.6864059247574479,141,1.0,1.0,96925
stacked_medium,2.0,q2_a1.5_or,10111,16.999999999999886,16.33333333333333,6.0933333333331845,5.558333333333184,1.8938421386323336,1.7997527939019222,141,1.0,1.0,99126
stacked_medium,2.0,q2_a1.5_or,10112,13.333333333332689,14.666666666666856,5.143333333333185,5.143333333333185,1.7916951737431628,1.7889223910411625,151,1.0,1.0,100638
stacked_medium,2.0,q2_a1.5_or,10113,13.999999999999602,11.99999999999983,5.243333333333185,4.163333333333186,1.7847251760246672,1.7151136330610361,140,1.0,1.0,97710
stacked_medium,2.0,q2_a1.5_or,10114,16.999999999999545,12.666666666667538,6.2183333333331845,4.153333333333185,1.898744600945451,1.7624914007325352,143,1.0,1.0,97732
stacked_medium,2.0,q2_a1.5_or,10115,12.666666666666686,11.999999999999957,5.073333333333185,4.308333333333185,1.7955260327430838,1.7827614777818248,147,1.0,1.0,98098
stacked_medium,2.0,q2_a1.5_or,10116,13.333333333332575,12.666666666666679,5.128333333333185,4.5883333333331855,1.8474732106055918,1.8351085133646088,137,1.0,1.0,100401
stacked_medium,2.0,q2_a1.5_or,10117,13.333333333334167,10.666666666666586,5.368333333333185,4.283333333333186,1.841572424895176,1.8363389966772063,144,1.0,1.0,97776
stacked_medium,2.0,q2_a1.5_or,10118,12.66666666666677,10.666666666666401,4.998333333333186,4.203333333333186,1.8104931099871941,1.7930694587969962,138,1.0,1.0,98705
stacked_medium,2.0,q2_a1.5_or,10119,16.333333333333343,11.666666666666671,5.903333333333185,4.403333333333185,1.8802588632365798,1.7177178574782752,154,1.0,1.0,96985
stacked_medium,2.0,q2_a1.5_or,10120,13.666666666666885,14.000000000000085,5.4283333333331845,4.583333333333186,1.8600603372633489,1.7743946260501615,147,1.0,1.0,96480
stacked_medium,2.0,q2_a1.5_or,10121,15.333333333333329,13.333333333333258,5.648333333333185,4.773333333333185,1.7659989403072829,1.7003296874230822,152,1.0,1.0,98348
stacked_medium,2.0,q2_a1.5_or,10122,12.00000000000091,10.999999999999659,4.758333333333185,4.018333333333185,1.7920228813088477,1.6320510687371725,138,1.0,1.0,98124
stacked_medium,2.0,q2_a1.5_or,10123,13.333333333333357,11.666666666666515,5.538333333333185,3.9833333333331855,1.8373946716646676,1.6394457622266794,142,1.0,1.0,97262
stacked_medium,2.0,q2_a1.5_or,10124,13.333333333333087,10.000000000000568,5.423333333333185,4.073333333333185,1.8853494520802099,1.759399762035672,149,1.0,1.0,99605
stacked_medium,2.0,q2_a1.5_or,10125,14.666666666666693,10.999999999999488,5.318333333333185,4.293333333333186,1.7913925708945595,1.6859252140057217,152,1.0,1.0,97600
stacked_medium,2.0,q2_a1.5_or,10126,15.333333333333428,11.666666666666629,5.478333333333185,4.373333333333186,1.8281102748109512,1.7410437543999613,151,1.0,1.0,95192
stacked_medium,2.0,q2_a1.5_or,10127,13.666666666666174,9.999999999999659,5.113333333333185,3.8383333333331855,1.7300909750758624,1.6993558637924102,137,1.0,1.0,97081
stacked_medium,2.0,q2_a1.5_or,10128,13.000000000000199,11.333333333333258,4.563333333333185,4.293333333333186,1.6390584498451823,1.6391978381526693,150,1.0,1.0,96839
stacked_medium,2.0,q2_a1.5_or,10129,12.666666666666742,11.333333333332632,4.648333333333185,4.163333333333186,1.706138597014049,1.703432187314075,150,1.0,1.0,98720
stacked_medium,2.0,q2_a1.5_and,10100,15.000000000000796,11.666666666665947,5.293333333333185,4.133333333333185,1.9141589943489712,1.7795965793314272,59,1.0,1.0,96869
stacked_medium,2.0,q2_a1.5_and,10101,14.333333333333826,9.666666666667197,4.8783333333331855,3.6833333333331852,1.8287824297835815,1.7099866186960744,51,1.0,1.0,96821
stacked_medium,2.0,q2_a1.5_and,10102,13.00000000000017,12.999999999999773,5.038333333333186,4.8383333333331855,1.8099124105941358,1.8215070919220384,69,1.0,1.0,97481
stacked_medium,2.0,q2_a1.5_and,10103,14.333333333332803,12.333333333333542,5.5083333333331845,4.3783333333331855,1.8558487499595528,1.7052206156314733,52,1.0,1.0,98017
stacked_medium,2.0,q2_a1.5_and,10104,15.999999999999488,12.333333333332348,5.903333333333185,4.153333333333185,1.709662243422928,1.6177918999514447,57,1.0,1.0,97583
stacked_medium,2.0,q2_a1.5_and,10105,14.333333333333343,14.666666666666693,5.528333333333185,5.023333333333185,1.7913300053108603,1.7293032375858397,65,1.0,1.0,97417
stacked_medium,2.0,q2_a1.5_and,10106,14.333333333333428,13.333333333333258,5.693333333333185,4.578333333333186,1.7740461760253554,1.726027023442025,55,1.0,1.0,96512
stacked_medium,2.0,q2_a1.5_and,10107,14.000000000000227,14.333333333332348,5.308333333333184,4.698333333333185,1.8723216284171782,1.818525551321187,62,1.0,1.0,97288
stacked_medium,2.0,q2_a1.5_and,10108,12.999999999999886,11.999999999999929,4.768333333333185,4.278333333333185,1.8539361179659195,1.7358794962467192,54,1.0,1.0,98271
stacked_medium,2.0,q2_a1.5_and,10109,17.33333333333327,17.333333333332575,5.798333333333185,5.563333333333185,1.8439486620421766,1.82808296528172,68,1.0,1.0,97379
stacked_medium,2.0,q2_a1.5_and,10110,11.666666666665947,10.999999999999204,4.693333333333185,3.8983333333331855,1.6326539167295206,1.6511609030231489,60,1.0,1.0,96203
stacked_medium,2.0,q2_a1.5_and,10111,16.999999999999886,12.333333333333329,6.0933333333331845,4.823333333333185,1.8938421386323336,1.7436394497278231,56,1.0,1.0,97022
stacked_medium,2.0,q2_a1.5_and,10112,13.333333333332689,13.333333333332973,5.143333333333185,4.7533333333331855,1.7916951737431628,1.7740934603783531,62,1.0,1.0,98344
stacked_medium,2.0,q2_a1.5_and,10113,13.999999999999602,12.66666666666589,5.243333333333185,4.523333333333185,1.7847251760246672,1.6850350897883366,54,1.0,1.0,95799
stacked_medium,2.0,q2_a1.5_and,10114,16.999999999999545,13.666666666666643,6.2183333333331845,4.618333333333186,1.898744600945451,1.7789484824599189,60,1.0,1.0,95668
stacked_medium,2.0,q2_a1.5_and,10115,12.666666666666686,12.333333333332462,5.073333333333185,4.498333333333186,1.7955260327430838,1.8562153685565996,58,1.0,1.0,100077
stacked_medium,2.0,q2_a1.5_and,10116,13.333333333332575,12.666666666666288,5.128333333333185,4.453333333333186,1.8474732106055918,1.743733840839747,56,1.0,1.0,99470
stacked_medium,2.0,q2_a1.5_and,10117,13.333333333334167,13.666666666666174,5.368333333333185,4.9233333333331855,1.841572424895176,1.8028586825230306,62,1.0,1.0,96698
stacked_medium,2.0,q2_a1.5_and,10118,12.66666666666677,12.666666666666401,4.998333333333186,4.323333333333185,1.8104931099871941,1.7394028457180333,62,1.0,1.0,95587
stacked_medium,2.0,q2_a1.5_and,10119,16.333333333333343,11.66666666666572,5.903333333333185,3.8233333333331854,1.8802588632365798,1.6928514005374888,45,1.0,1.0,97166
stacked_medium,2.0,q2_a1.5_and,10120,13.666666666666885,14.666666666666742,5.4283333333331845,5.293333333333185,1.8600603372633489,1.8404221496892668,64,1.0,1.0,99778
stacked_medium,2.0,q2_a1.5_and,10121,15.333333333333329,12.333333333332973,5.648333333333185,5.103333333333185,1.7659989403072829,1.7385918109079788,60,1.0,1.0,97631
stacked_medium,2.0,q2_a1.5_and,10122,12.00000000000091,13.666666666666856,4.758333333333185,4.808333333333185,1.7920228813088477,1.810982061415651,60,1.0,1.0,97365
stacked_medium,2.0,q2_a1.5_and,10123,13.333333333333357,11.666666666666629,5.538333333333185,4.438333333333185,1.8373946716646676,1.692129089592087,56,1.0,1.0,95868
stacked_medium,2.0,q2_a1.5_and,10124,13.333333333333087,12.333333333333343,5.423333333333185,4.743333333333186,1.8853494520802099,1.933172933434224,55,1.0,1.0,98987
stacked_medium,2.0,q2_a1.5_and,10125,14.666666666666693,15.333333333332575,5.318333333333185,5.488333333333185,1.7913925708945595,1.7722059284123035,69,1.0,1.0,94971
stacked_medium,2.0,q2_a1.5_and,10126,15.333333333333428,10.000000000000021,5.478333333333185,3.7233333333331853,1.8281102748109512,1.625701936481493,54,1.0,1.0,97856
stacked_medium,2.0,q2_a1.5_and,10127,13.666666666666174,11.999999999999204,5.113333333333185,4.4633333333331855,1.7300909750758624,1.7156395406389473,59,1.0,1.0,95182
stacked_medium,2.0,q2_a1.5_and,10128,13.000000000000199,11.000000000000227,4.563333333333185,4.108333333333185,1.6390584498451823,1.7020746861424632,62,1.0,1.0,94449
stacked_medium,2.0,q2_a1.5_and,10129,12.666666666666742,11.333333333332348,4.648333333333185,4.053333333333185,1.706138597014049,1.6510728900262777,52,1.0,1.0,99379
stacked_medium,2.0,q4_a0.8_or,10100,15.000000000000796,9.999999999999943,5.293333333333185,3.7983333333331855,1.9141589943489712,1.7293092586072358,149,1.0,1.0,98494
stacked_medium,2.0,q4_a0.8_or,10101,14.333333333333826,11.000000000000227,4.8783333333331855,4.133333333333185,1.8287824297835815,1.7301012625165422,149,1.0,1.0,99819
stacked_medium,2.0,q4_a0.8_or,10102,13.00000000000017,11.666666666666401,5.038333333333186,3.9183333333331856,1.8099124105941358,1.7109951107059624,149,1.0,1.0,99024
stacked_medium,2.0,q4_a0.8_or,10103,14.333333333332803,14.666666666666856,5.5083333333331845,4.4233333333331855,1.8558487499595528,1.7932336726069378,149,1.0,1.0,98714
stacked_medium,2.0,q4_a0.8_or,10104,15.999999999999488,9.666666666666288,5.903333333333185,3.6383333333331853,1.709662243422928,1.6438529712303234,149,1.0,1.0,97519
stacked_medium,2.0,q4_a0.8_or,10105,14.333333333333343,11.333333333332575,5.528333333333185,3.9133333333331852,1.7913300053108603,1.6694970298430902,149,1.0,1.0,97626
stacked_medium,2.0,q4_a0.8_or,10106,14.333333333333428,11.333333333332689,5.693333333333185,4.078333333333186,1.7740461760253554,1.7031256070564362,149,1.0,1.0,99460
stacked_medium,2.0,q4_a0.8_or,10107,14.000000000000227,10.999999999999204,5.308333333333184,4.283333333333186,1.8723216284171782,1.7673307563989349,149,1.0,1.0,98291
stacked_medium,2.0,q4_a0.8_or,10108,12.999999999999886,11.999999999999957,4.768333333333185,4.193333333333185,1.8539361179659195,1.7321191843381465,149,1.0,1.0,98258
stacked_medium,2.0,q4_a0.8_or,10109,17.33333333333327,13.000000000000114,5.798333333333185,4.568333333333185,1.8439486620421766,1.7529029901564175,149,1.0,1.0,100659
stacked_medium,2.0,q4_a0.8_or,10110,11.666666666665947,11.333333333332405,4.693333333333185,3.6983333333331854,1.6326539167295206,1.6452800616714438,149,1.0,1.0,97788
stacked_medium,2.0,q4_a0.8_or,10111,16.999999999999886,12.666666666667538,6.0933333333331845,4.868333333333186,1.8938421386323336,1.6904588536565026,149,1.0,1.0,98914
stacked_medium,2.0,q4_a0.8_or,10112,13.333333333332689,14.333333333332973,5.143333333333185,4.398333333333185,1.7916951737431628,1.8195328506308974,149,1.0,1.0,101194
stacked_medium,2.0,q4_a0.8_or,10113,13.999999999999602,12.666666666666693,5.243333333333185,4.683333333333185,1.7847251760246672,1.7626830919947813,149,1.0,1.0,98002
stacked_medium,2.0,q4_a0.8_or,10114,16.999999999999545,15.999999999999204,6.2183333333331845,4.823333333333185,1.898744600945451,1.809032085772209,149,1.0,1.0,96881
stacked_medium,2.0,q4_a0.8_or,10115,12.666666666666686,13.999999999999943,5.073333333333185,4.2133333333331855,1.7955260327430838,1.7552352658102055,149,1.0,1.0,99875
stacked_medium,2.0,q4_a0.8_or,10116,13.333333333332575,11.999999999999602,5.128333333333185,4.453333333333186,1.8474732106055918,1.831216560639157,149,1.0,1.0,102019
stacked_medium,2.0,q4_a0.8_or,10117,13.333333333334167,11.00000000000017,5.368333333333185,4.168333333333186,1.841572424895176,1.7487912161642782,149,1.0,1.0,98613
stacked_medium,2.0,q4_a0.8_or,10118,12.66666666666677,10.333333333332462,4.998333333333186,3.8383333333331855,1.8104931099871941,1.7108921634810315,149,1.0,1.0,98915
stacked_medium,2.0,q4_a0.8_or,10119,16.333333333333343,11.666666666667197,5.903333333333185,4.2983333333331855,1.8802588632365798,1.693756349713839,149,1.0,1.0,97563
stacked_medium,2.0,q4_a0.8_or,10120,13.666666666666885,11.333333333333371,5.4283333333331845,3.728333333333185,1.8600603372633489,1.674775789529794,149,1.0,1.0,98590
stacked_medium,2.0,q4_a0.8_or,10121,15.333333333333329,12.999999999999886,5.648333333333185,4.763333333333185,1.7659989403072829,1.7723219561592936,149,1.0,1.0,93736
stacked_medium,2.0,q4_a0.8_or,10122,12.00000000000091,14.333333333332746,4.758333333333185,5.118333333333186,1.7920228813088477,1.8392979244947254,149,1.0,1.0,98715
stacked_medium,2.0,q4_a0.8_or,10123,13.333333333333357,13.333333333333087,5.538333333333185,4.763333333333185,1.8373946716646676,1.7254138499135372,149,1.0,1.0,99427
stacked_medium,2.0,q4_a0.8_or,10124,13.333333333333087,11.66666666666572,5.423333333333185,3.9933333333331853,1.8853494520802099,1.8078030603135988,149,1.0,1.0,99912
stacked_medium,2.0,q4_a0.8_or,10125,14.666666666666693,13.00000000000017,5.318333333333185,4.6283333333331855,1.7913925708945595,1.7807485821298519,149,1.0,1.0,97780
stacked_medium,2.0,q4_a0.8_or,10126,15.333333333333428,12.333333333332916,5.478333333333185,4.063333333333185,1.8281102748109512,1.675430528395086,149,1.0,1.0,99485
stacked_medium,2.0,q4_a0.8_or,10127,13.666666666666174,12.999999999999986,5.113333333333185,4.438333333333185,1.7300909750758624,1.7108037354187147,149,1.0,1.0,99412
stacked_medium,2.0,q4_a0.8_or,10128,13.000000000000199,10.000000000000227,4.563333333333185,3.8183333333331855,1.6390584498451823,1.636397122974257,149,1.0,1.0,98688
stacked_medium,2.0,q4_a0.8_or,10129,12.666666666666742,10.333333333333826,4.648333333333185,3.9233333333331855,1.706138597014049,1.6648469974626932,149,1.0,1.0,98564
stacked_medium,2.0,q4_a0.8_and,10100,15.000000000000796,12.333333333333542,5.293333333333185,4.228333333333185,1.9141589943489712,1.7906842131992193,52,1.0,1.0,97301
stacked_medium,2.0,q4_a0.8_and,10101,14.333333333333826,13.66666666666697,4.8783333333331855,4.868333333333186,1.8287824297835815,1.9045575941210542,44,1.0,1.0,95500
stacked_medium,2.0,q4_a0.8_and,10102,13.00000000000017,12.666666666665662,5.038333333333186,4.1283333333331855,1.8099124105941358,1.8126134360565058,48,0.9411764705882353,1.0,97190
stacked_medium,2.0,q4_a0.8_and,10103,14.333333333332803,13.999999999999943,5.5083333333331845,4.658333333333186,1.8558487499595528,1.8618311609490987,56,1.0,1.0,97740
stacked_medium,2.0,q4_a0.8_and,10104,15.999999999999488,12.333333333333329,5.903333333333185,4.198333333333185,1.709662243422928,1.6140839474912285,50,0.9411764705882353,1.0,94730
stacked_medium,2.0,q4_a0.8_and,10105,14.333333333333343,13.999999999999957,5.528333333333185,4.493333333333186,1.7913300053108603,1.7596864687879548,51,1.0,1.0,96222
stacked_medium,2.0,q4_a0.8_and,10106,14.333333333333428,12.666666666666657,5.693333333333185,4.368333333333186,1.7740461760253554,1.7201629551171735,43,1.0,1.0,95120
stacked_medium,2.0,q4_a0.8_and,10107,14.000000000000227,17.0000000000002,5.308333333333184,5.068333333333185,1.8723216284171782,1.8509778131944727,46,1.0,1.0,96769
stacked_medium,2.0,q4_a0.8_and,10108,12.999999999999886,11.333333333333286,4.768333333333185,4.078333333333186,1.8539361179659195,1.7076060289902388,45,0.9411764705882353,1.0,96817
stacked_medium,2.0,q4_a0.8_and,10109,17.33333333333327,17.666666666666657,5.798333333333185,5.683333333333184,1.8439486620421766,1.8720332829439785,72,1.0,1.0,97329
stacked_medium,2.0,q4_a0.8_and,10110,11.666666666665947,10.99999999999983,4.693333333333185,4.533333333333186,1.6326539167295206,1.6740556712726502,59,1.0,1.0,97560
stacked_medium,2.0,q4_a0.8_and,10111,16.999999999999886,15.333333333334053,6.0933333333331845,5.0883333333331855,1.8938421386323336,1.7461014476736503,53,1.0,1.0,95718
stacked_medium,2.0,q4_a0.8_and,10112,13.333333333332689,14.66666666666606,5.143333333333185,4.778333333333185,1.7916951737431628,1.7518726956119417,42,1.0,1.0,99506
stacked_medium,2.0,q4_a0.8_and,10113,13.999999999999602,14.666666666666288,5.243333333333185,5.363333333333185,1.7847251760246672,1.8065352842762545,62,1.0,1.0,98021
stacked_medium,2.0,q4_a0.8_and,10114,16.999999999999545,14.666666666665947,6.2183333333331845,5.078333333333186,1.898744600945451,1.7992819171298569,42,0.9411764705882353,1.0,98008
stacked_medium,2.0,q4_a0.8_and,10115,12.666666666666686,13.666666666666693,5.073333333333185,5.0883333333331855,1.7955260327430838,1.868109710028904,57,1.0,1.0,98090
stacked_medium,2.0,q4_a0.8_and,10116,13.333333333332575,12.6666666666666,5.128333333333185,4.783333333333186,1.8474732106055918,1.8954620062229859,64,1.0,1.0,102294
stacked_medium,2.0,q4_a0.8_and,10117,13.333333333334167,14.666666666666686,5.368333333333185,4.953333333333186,1.841572424895176,1.8932233044614215,51,1.0,1.0,96534
stacked_medium,2.0,q4_a0.8_and,10118,12.66666666666677,12.999999999999602,4.998333333333186,4.608333333333185,1.8104931099871941,1.7219857658993631,50,1.0,1.0,95708
stacked_medium,2.0,q4_a0.8_and,10119,16.333333333333343,13.333333333332973,5.903333333333185,4.7133333333331855,1.8802588632365798,1.7939627702982313,45,0.8823529411764706,1.0,95660
stacked_medium,2.0,q4_a0.8_and,10120,13.666666666666885,12.999999999999886,5.4283333333331845,4.5883333333331855,1.8600603372633489,1.7072682267296038,52,1.0,1.0,96376
stacked_medium,2.0,q4_a0.8_and,10121,15.333333333333329,16.666666666665947,5.648333333333185,5.8033333333331845,1.7659989403072829,1.8569422696490714,54,1.0,1.0,97804
stacked_medium,2.0,q4_a0.8_and,10122,12.00000000000091,14.999999999999034,4.758333333333185,4.958333333333186,1.7920228813088477,1.7795934052251794,57,1.0,1.0,96495
stacked_medium,2.0,q4_a0.8_and,10123,13.333333333333357,12.999999999998977,5.538333333333185,4.688333333333185,1.8373946716646676,1.7765752668360537,49,0.9411764705882353,1.0,98731
stacked_medium,2.0,q4_a0.8_and,10124,13.333333333333087,13.333333333333144,5.423333333333185,4.398333333333185,1.8853494520802099,1.7604269663268461,48,1.0,1.0,99126
stacked_medium,2.0,q4_a0.8_and,10125,14.666666666666693,14.66666666666677,5.318333333333185,4.748333333333186,1.7913925708945595,1.730327235820034,46,1.0,1.0,95966
stacked_medium,2.0,q4_a0.8_and,10126,15.333333333333428,13.000000000000227,5.478333333333185,4.418333333333186,1.8281102748109512,1.7338333413735463,52,1.0,1.0,96847
stacked_medium,2.0,q4_a0.8_and,10127,13.666666666666174,12.00000000000017,5.113333333333185,4.033333333333186,1.7300909750758624,1.6787287827347859,40,0.9411764705882353,1.0,95736
stacked_medium,2.0,q4_a0.8_and,10128,13.000000000000199,12.666666666665662,4.563333333333185,4.618333333333186,1.6390584498451823,1.760781948281421,55,1.0,1.0,95495
stacked_medium,2.0,q4_a0.8_and,10129,12.666666666666742,15.33333333333335,4.648333333333185,5.393333333333185,1.706138597014049,1.7977035002762105,57,1.0,1.0,95575
stacked_medium,2.0,q4_a1.5_or,10100,15.000000000000796,12.333333333333542,5.293333333333185,4.228333333333185,1.9141589943489712,1.7906842131992193,100,1.0,1.0,97301
stacked_medium,2.0,q4_a1.5_or,10101,14.333333333333826,13.66666666666697,4.8783333333331855,4.868333333333186,1.8287824297835815,1.9045575941210542,97,1.0,1.0,95500
stacked_medium,2.0,q4_a1.5_or,10102,13.00000000000017,14.999999999999545,5.038333333333186,4.528333333333185,1.8099124105941358,1.858066627001575,100,1.0,1.0,98310
stacked_medium,2.0,q4_a1.5_or,10103,14.333333333332803,13.333333333333357,5.5083333333331845,4.248333333333186,1.8558487499595528,1.7331924020737028,95,1.0,1.0,98056
stacked_medium,2.0,q4_a1.5_or,10104,15.999999999999488,12.333333333333329,5.903333333333185,4.123333333333186,1.709662243422928,1.6063587826531605,96,1.0,1.0,94797
stacked_medium,2.0,q4_a1.5_or,10105,14.333333333333343,13.999999999999957,5.528333333333185,4.863333333333185,1.7913300053108603,1.7752019926534388,103,1.0,1.0,96149
stacked_medium,2.0,q4_a1.5_or,10106,14.333333333333428,12.666666666666657,5.693333333333185,4.3783333333331855,1.7740461760253554,1.7605334439166622,95,1.0,1.0,97070
stacked_medium,2.0,q4_a1.5_or,10107,14.000000000000227,14.666666666666693,5.308333333333184,4.6733333333331855,1.8723216284171782,1.8403848790138226,96,1.0,1.0,95343
stacked_medium,2.0,q4_a1.5_or,10108,12.999999999999886,11.333333333333258,4.768333333333185,4.108333333333185,1.8539361179659195,1.7102122696560411,98,1.0,1.0,95960
stacked_medium,2.0,q4_a1.5_or,10109,17.33333333333327,16.666666666666742,5.798333333333185,5.228333333333185,1.8439486620421766,1.8396415266297164,100,1.0,1.0,96967
stacked_medium,2.0,q4_a1.5_or,10110,11.666666666665947,13.333333333332575,4.693333333333185,4.608333333333185,1.6326539167295206,1.7085438380507325,99,1.0,1.0,96014
stacked_medium,2.0,q4_a1.5_or,10111,16.999999999999886,15.000000000000227,6.0933333333331845,5.108333333333185,1.8938421386323336,1.7395878670868599,98,1.0,1.0,95884
stacked_medium,2.0,q4_a1.5_or,10112,13.333333333332689,12.999999999998977,5.143333333333185,4.488333333333185,1.7916951737431628,1.6950873157920556,95,1.0,1.0,100759
stacked_medium,2.0,q4_a1.5_or,10113,13.999999999999602,14.666666666666288,5.243333333333185,5.363333333333185,1.7847251760246672,1.8065352842762545,101,1.0,1.0,98021
stacked_medium,2.0,q4_a1.5_or,10114,16.999999999999545,15.666666666666657,6.2183333333331845,4.888333333333185,1.898744600945451,1.8199651197442832,99,1.0,1.0,97805
stacked_medium,2.0,q4_a1.5_or,10115,12.666666666666686,13.666666666666693,5.073333333333185,5.0883333333331855,1.7955260327430838,1.868109710028904,104,1.0,1.0,98090
stacked_medium,2.0,q4_a1.5_or,10116,13.333333333332575,14.000000000000227,5.128333333333185,4.978333333333185,1.8474732106055918,1.8974595047254887,99,1.0,1.0,101787
stacked_medium,2.0,q4_a1.5_or,10117,13.333333333334167,14.666666666666686,5.368333333333185,4.953333333333186,1.841572424895176,1.8932233044614215,101,1.0,1.0,96534
stacked_medium,2.0,q4_a1.5_or,10118,12.66666666666677,12.999999999999602,4.998333333333186,4.608333333333185,1.8104931099871941,1.7219857658993631,101,1.0,1.0,95708
stacked_medium,2.0,q4_a1.5_or,10119,16.333333333333343,14.000000000000227,5.903333333333185,4.223333333333185,1.8802588632365798,1.6809903403725819,97,1.0,1.0,94922
stacked_medium,2.0,q4_a1.5_or,10120,13.666666666666885,13.333333333333428,5.4283333333331845,4.718333333333185,1.8600603372633489,1.7147025170344627,99,1.0,1.0,96219
stacked_medium,2.0,q4_a1.5_or,10121,15.333333333333329,16.666666666665947,5.648333333333185,5.8033333333331845,1.7659989403072829,1.8569422696490714,99,1.0,1.0,97804
stacked_medium,2.0,q4_a1.5_or,10122,12.00000000000091,14.666666666666401,4.758333333333185,4.8383333333331855,1.7920228813088477,1.7520576644041446,104,1.0,1.0,95895
stacked_medium,2.0,q4_a1.5_or,10123,13.333333333333357,12.999999999998977,5.538333333333185,4.618333333333186,1.8373946716646676,1.7795987871753636,100,1.0,1.0,96717
stacked_medium,2.0,q4_a1.5_or,10124,13.333333333333087,12.666666666666693,5.423333333333185,4.358333333333185,1.8853494520802099,1.7612182487159547,98,1.0,1.0,99561
stacked_medium,2.0,q4_a1.5_or,10125,14.666666666666693,14.000000000000455,5.318333333333185,5.243333333333185,1.7913925708945595,1.8063819337896374,99,1.0,1.0,94431
stacked_medium,2.0,q4_a1.5_or,10126,15.333333333333428,11.999999999999318,5.478333333333185,4.0483333333331855,1.8281102748109512,1.6829101886062379,95,1.0,1.0,96983
stacked_medium,2.0,q4_a1.5_or,10127,13.666666666666174,10.333333333332916,5.113333333333185,4.008333333333185,1.7300909750758624,1.6862038196118845,98,1.0,1.0,95893
stacked_medium,2.0,q4_a1.5_or,10128,13.000000000000199,12.666666666666742,4.563333333333185,4.633333333333185,1.6390584498451823,1.7597793557198054,98,1.0,1.0,95533
stacked_medium,2.0,q4_a1.5_or,10129,12.666666666666742,15.33333333333335,4.648333333333185,5.308333333333184,1.706138597014049,1.7535514387277706,99,1.0,1.0,95953
stacked_medium,2.0,q4_a1.5_and,10100,15.000000000000796,10.666666666665947,5.293333333333185,4.008333333333185,1.9141589943489712,1.7538626039126013,27,0.9411764705882353,1.0,97363
stacked_medium,2.0,q4_a1.5_and,10101,14.333333333333826,10.66666666666677,4.8783333333331855,3.9183333333331856,1.8287824297835815,1.7497830710591487,24,0.9411764705882353,1.0,96934
stacked_medium,2.0,q4_a1.5_and,10102,13.00000000000017,13.333333333332973,5.038333333333186,4.918333333333186,1.8099124105941358,1.8275979344128808,41,0.9411764705882353,1.0,99225
stacked_medium,2.0,q4_a1.5_and,10103,14.333333333332803,12.333333333333542,5.5083333333331845,4.3783333333331855,1.8558487499595528,1.7052206156314733,30,1.0,1.0,98017
stacked_medium,2.0,q4_a1.5_and,10104,15.999999999999488,12.333333333333314,5.903333333333185,4.1283333333331855,1.709662243422928,1.6372740100047145,34,1.0,1.0,99328
stacked_medium,2.0,q4_a1.5_and,10105,14.333333333333343,14.666666666666586,5.528333333333185,4.573333333333185,1.7913300053108603,1.6870674244642285,33,1.0,1.0,97238
stacked_medium,2.0,q4_a1.5_and,10106,14.333333333333428,14.999999999999432,5.693333333333185,4.808333333333185,1.7740461760253554,1.7627688964380348,39,0.9411764705882353,1.0,94727
stacked_medium,2.0,q4_a1.5_and,10107,14.000000000000227,10.333333333333258,5.308333333333184,3.8283333333331853,1.8723216284171782,1.6898830558412112,26,1.0,1.0,96351
stacked_medium,2.0,q4_a1.5_and,10108,12.999999999999886,12.66666666666606,4.768333333333185,4.408333333333186,1.8539361179659195,1.738287370928003,28,1.0,1.0,97974
stacked_medium,2.0,q4_a1.5_and,10109,17.33333333333327,11.999999999999602,5.798333333333185,4.708333333333186,1.8439486620421766,1.786010238314871,36,0.9411764705882353,1.0,97117
stacked_medium,2.0,q4_a1.5_and,10110,11.666666666665947,10.66666666666677,4.693333333333185,3.9833333333331855,1.6326539167295206,1.601260422939665,30,0.8823529411764706,1.0,98739
stacked_medium,2.0,q4_a1.5_and,10111,16.999999999999886,13.33333333333335,6.0933333333331845,5.053333333333185,1.8938421386323336,1.736472686441847,45,0.9411764705882353,1.0,96212
stacked_medium,2.0,q4_a1.5_and,10112,13.333333333332689,12.000000000000021,5.143333333333185,4.383333333333185,1.7916951737431628,1.7553776209410383,31,0.9411764705882353,1.0,96103
stacked_medium,2.0,q4_a1.5_and,10113,13.999999999999602,12.66666666666589,5.243333333333185,4.523333333333185,1.7847251760246672,1.6850350897883366,34,1.0,1.0,95799
stacked_medium,2.0,q4_a1.5_and,10114,16.999999999999545,13.666666666666643,6.2183333333331845,4.578333333333186,1.898744600945451,1.7101163421289634,30,0.8823529411764706,1.0,95123
stacked_medium,2.0,q4_a1.5_and,10115,12.666666666666686,12.666666666666856,5.073333333333185,4.938333333333185,1.7955260327430838,1.8495180083157305,34,0.9411764705882353,1.0,99873
stacked_medium,2.0,q4_a1.5_and,10116,13.333333333332575,12.666666666667538,5.128333333333185,4.568333333333185,1.8474732106055918,1.7896103872430484,29,0.8823529411764706,1.0,102743
stacked_medium,2.0,q4_a1.5_and,10117,13.333333333334167,11.0,5.368333333333185,4.543333333333186,1.841572424895176,1.7504597171067733,36,1.0,1.0,95219
stacked_medium,2.0,q4_a1.5_and,10118,12.66666666666677,13.333333333333144,4.998333333333186,4.318333333333185,1.8104931099871941,1.72320926289377,41,1.0,1.0,95812
stacked_medium,2.0,q4_a1.5_and,10119,16.333333333333343,10.999999999999773,5.903333333333185,4.233333333333185,1.8802588632365798,1.664536443458767,34,1.0,1.0,97987
stacked_medium,2.0,q4_a1.5_and,10120,13.666666666666885,15.333333333333428,5.4283333333331845,5.393333333333185,1.8600603372633489,1.8510536503778152,43,0.9411764705882353,1.0,97554
stacked_medium,2.0,q4_a1.5_and,10121,15.333333333333329,13.333333333332462,5.648333333333185,5.4283333333331845,1.7659989403072829,1.7982278857191898,49,1.0,1.0,98256
stacked_medium,2.0,q4_a1.5_and,10122,12.00000000000091,13.666666666666856,4.758333333333185,4.448333333333185,1.7920228813088477,1.7975722619597014,38,0.9411764705882353,1.0,99494
stacked_medium,2.0,q4_a1.5_and,10123,13.333333333333357,12.333333333332803,5.538333333333185,4.448333333333185,1.8373946716646676,1.7498661999254574,33,1.0,1.0,95631
stacked_medium,2.0,q4_a1.5_and,10124,13.333333333333087,12.666666666667311,5.423333333333185,4.738333333333185,1.8853494520802099,1.9360454948785772,30,0.9411764705882353,1.0,98574
stacked_medium,2.0,q4_a1.5_and,10125,14.666666666666693,15.333333333332575,5.318333333333185,5.488333333333185,1.7913925708945595,1.7722059284123035,44,1.0,1.0,94971
stacked_medium,2.0,q4_a1.5_and,10126,15.333333333333428,10.333333333332462,5.478333333333185,4.063333333333185,1.8281102748109512,1.637106745590525,29,1.0,1.0,97415
stacked_medium,2.0,q4_a1.5_and,10127,13.666666666666174,11.999999999998977,5.113333333333185,4.3783333333331855,1.7300909750758624,1.6798985450191726,34,0.9411764705882353,1.0,94496
stacked_medium,2.0,q4_a1.5_and,10128,13.000000000000199,11.333333333333343,4.563333333333185,4.473333333333185,1.6390584498451823,1.693159270971565,38,0.9411764705882353,1.0,94385
stacked_medium,2.0,q4_a1.5_and,10129,12.666666666666742,9.999999999999261,4.648333333333185,3.768333333333185,1.706138597014049,1.6764779714539448,28,0.9411764705882353,1.0,97318
stacked_medium,2.0,q8_a0.8_or,10100,15.000000000000796,9.999999999999943,5.293333333333185,3.7983333333331855,1.9141589943489712,1.7293092586072358,149,1.0,1.0,98494
stacked_medium,2.0,q8_a0.8_or,10101,14.333333333333826,11.000000000000227,4.8783333333331855,4.133333333333185,1.8287824297835815,1.7301012625165422,149,1.0,1.0,99819
stacked_medium,2.0,q8_a0.8_or,10102,13.00000000000017,11.666666666666401,5.038333333333186,3.9183333333331856,1.8099124105941358,1.7109951107059624,149,1.0,1.0,99024
stacked_medium,2.0,q8_a0.8_or,10103,14.333333333332803,14.666666666666856,5.5083333333331845,4.4233333333331855,1.8558487499595528,1.7932336726069378,149,1.0,1.0,98714
stacked_medium,2.0,q8_a0.8_or,10104,15.999999999999488,9.666666666666288,5.903333333333185,3.6383333333331853,1.709662243422928,1.6438529712303234,149,1.0,1.0,97519
stacked_medium,2.0,q8_a0.8_or,10105,14.333333333333343,11.333333333332575,5.528333333333185,3.9133333333331852,1.7913300053108603,1.6694970298430902,149,1.0,1.0,97626
stacked_medium,2.0,q8_a0.8_or,10106,14.333333333333428,11.333333333332689,5.693333333333185,4.078333333333186,1.7740461760253554,1.7031256070564362,149,1.0,1.0,99460
stacked_medium,2.0,q8_a0.8_or,10107,14.000000000000227,10.999999999999204,5.308333333333184,4.283333333333186,1.8723216284171782,1.7673307563989349,149,1.0,1.0,98291
stacked_medium,2.0,q8_a0.8_or,10108,12.999999999999886,11.999999999999957,4.768333333333185,4.193333333333185,1.8539361179659195,1.7321191843381465,149,1.0,1.0,98258
stacked_medium,2.0,q8_a0.8_or,10109,17.33333333333327,13.000000000000114,5.798333333333185,4.568333333333185,1.8439486620421766,1.7529029901564175,149,1.0,1.0,100659
stacked_medium,2.0,q8_a0.8_or,10110,11.666666666665947,11.333333333332405,4.693333333333185,3.6983333333331854,1.6326539167295206,1.6452800616714438,149,1.0,1.0,97788
stacked_medium,2.0,q8_a0.8_or,10111,16.999999999999886,12.666666666667538,6.0933333333331845,4.868333333333186,1.8938421386323336,1.6904588536565026,149,1.0,1.0,98914
stacked_medium,2.0,q8_a0.8_or,10112,13.333333333332689,14.333333333332973,5.143333333333185,4.398333333333185,1.7916951737431628,1.8195328506308974,149,1.0,1.0,101194
stacked_medium,2.0,q8_a0.8_or,10113,13.999999999999602,12.666666666666693,5.243333333333185,4.683333333333185,1.7847251760246672,1.7626830919947813,149,1.0,1.0,98002
stacked_medium,2.0,q8_a0.8_or,10114,16.999999999999545,15.999999999999204,6.2183333333331845,4.823333333333185,1.898744600945451,1.809032085772209,149,1.0,1.0,96881
stacked_medium,2.0,q8_a0.8_or,10115,12.666666666666686,13.999999999999943,5.073333333333185,4.2133333333331855,1.7955260327430838,1.7552352658102055,149,1.0,1.0,99875
stacked_medium,2.0,q8_a0.8_or,10116,13.333333333332575,11.999999999999602,5.128333333333185,4.453333333333186,1.8474732106055918,1.831216560639157,149,1.0,1.0,102019
stacked_medium,2.0,q8_a0.8_or,10117,13.333333333334167,11.00000000000017,5.368333333333185,4.168333333333186,1.841572424895176,1.7487912161642782,149,1.0,1.0,98613
stacked_medium,2.0,q8_a0.8_or,10118,12.66666666666677,10.333333333332462,4.998333333333186,3.8383333333331855,1.8104931099871941,1.7108921634810315,149,1.0,1.0,98915
stacked_medium,2.0,q8_a0.8_or,10119,16.333333333333343,11.666666666667197,5.903333333333185,4.2983333333331855,1.8802588632365798,1.693756349713839,149,1.0,1.0,97563
stacked_medium,2.0,q8_a0.8_or,10120,13.666666666666885,11.333333333333371,5.4283333333331845,3.728333333333185,1.8600603372633489,1.674775789529794,149,1.0,1.0,98590
stacked_medium,2.0,q8_a0.8_or,10121,15.333333333333329,12.999999999999886,5.648333333333185,4.763333333333185,1.7659989403072829,1.7723219561592936,149,1.0,1.0,93736
stacked_medium,2.0,q8_a0.8_or,10122,12.00000000000091,14.333333333332746,4.758333333333185,5.118333333333186,1.7920228813088477,1.8392979244947254,149,1.0,1.0,98715
stacked_medium,2.0,q8_a0.8_or,10123,13.333333333333357,13.333333333333087,5.538333333333185,4.763333333333185,1.8373946716646676,1.7254138499135372,149,1.0,1.0,99427
stacked_medium,2.0,q8_a0.8_or,10124,13.333333333333087,11.66666666666572,5.423333333333185,3.9933333333331853,1.8853494520802099,1.8078030603135988,149,1.0,1.0,99912
stacked_medium,2.0,q8_a0.8_or,10125,14.666666666666693,13.00000000000017,5.318333333333185,4.6283333333331855,1.7913925708945595,1.7807485821298519,149,1.0,1.0,97780
stacked_medium,2.0,q8_a0.8_or,10126,15.333333333333428,12.333333333332916,5.478333333333185,4.063333333333185,1.8281102748109512,1.675430528395086,149,1.0,1.0,99485
stacked_medium,2.0,q8_a0.8_or,10127,13.666666666666174,12.999999999999986,5.113333333333185,4.438333333333185,1.7300909750758624,1.7108037354187147,149,1.0,1.0,99412
stacked_medium,2.0,q8_a0.8_or,10128,13.000000000000199,10.000000000000227,4.563333333333185,3.8183333333331855,1.6390584498451823,1.636397122974257,149,1.0,1.0,98688
stacked_medium,2.0,q8_a0.8_or,10129,12.666666666666742,10.333333333333826,4.648333333333185,3.9233333333331855,1.706138597014049,1.6648469974626932,149,1.0,1.0,98564
stacked_medium,2.0,q8_a0.8_and,10100,15.000000000000796,15.000000000000796,5.293333333333185,5.293333333333185,1.9141589943489712,1.9141589943489712,0,0.0,,94095
stacked_medium,2.0,q8_a0.8_and,10101,14.333333333333826,14.333333333333826,4.8783333333331855,4.8783333333331855,1.8287824297835815,1.8287824297835815,0,0.0,,94024
stacked_medium,2.0,q8_a0.8_and,10102,13.00000000000017,13.00000000000017,5.038333333333186,5.038333333333186,1.8099124105941358,1.8099124105941358,0,0.0,,98368
stacked_medium,2.0,q8_a0.8_and,10103,14.333333333332803,14.333333333332803,5.5083333333331845,5.5083333333331845,1.8558487499595528,1.8558487499595528,0,0.0,,94946
stacked_medium,2.0,q8_a0.8_and,10104,15.999999999999488,15.999999999999488,5.903333333333185,5.903333333333185,1.709662243422928,1.709662243422928,0,0.0,,95443
stacked_medium,2.0,q8_a0.8_and,10105,14.333333333333343,14.333333333333343,5.528333333333185,5.528333333333185,1.7913300053108603,1.7913300053108603,1,0.058823529411764705,1.0,94305
stacked_medium,2.0,q8_a0.8_and,10106,14.333333333333428,14.333333333333428,5.693333333333185,5.693333333333185,1.7740461760253554,1.7740461760253554,1,0.058823529411764705,1.0,95101
stacked_medium,2.0,q8_a0.8_and,10107,14.000000000000227,14.000000000000227,5.308333333333184,5.308333333333184,1.8723216284171782,1.8723216284171782,0,0.0,,93371
stacked_medium,2.0,q8_a0.8_and,10108,12.999999999999886,11.333333333333542,4.768333333333185,4.383333333333185,1.8539361179659195,1.787509702607824,1,0.058823529411764705,1.0,95586
stacked_medium,2.0,q8_a0.8_and,10109,17.33333333333327,17.33333333333327,5.798333333333185,5.798333333333185,1.8439486620421766,1.8439486620421766,0,0.0,,96100
stacked_medium,2.0,q8_a0.8_and,10110,11.666666666665947,11.666666666665947,4.693333333333185,4.693333333333185,1.6326539167295206,1.6326539167295206,0,0.0,,94283
stacked_medium,2.0,q8_a0.8_and,10111,16.999999999999886,16.999999999999886,6.0933333333331845,6.0933333333331845,1.8938421386323336,1.8938421386323336,0,0.0,,94244
stacked_medium,2.0,q8_a0.8_and,10112,13.333333333332689,15.999999999999915,5.143333333333185,5.578333333333185,1.7916951737431628,1.8113486688122489,1,0.058823529411764705,1.0,97472
stacked_medium,2.0,q8_a0.8_and,10113,13.999999999999602,12.999999999999545,5.243333333333185,4.763333333333185,1.7847251760246672,1.7146964861767822,1,0.058823529411764705,1.0,95814
stacked_medium,2.0,q8_a0.8_and,10114,16.999999999999545,16.999999999999545,6.2183333333331845,6.2183333333331845,1.898744600945451,1.898744600945451,1,0.058823529411764705,1.0,94225
stacked_medium,2.0,q8_a0.8_and,10115,12.666666666666686,12.666666666666686,5.073333333333185,5.073333333333185,1.7955260327430838,1.7955260327430838,0,0.0,,96147
stacked_medium,2.0,q8_a0.8_and,10116,13.333333333332575,14.333333333332519,5.128333333333185,5.603333333333185,1.8474732106055918,1.9661619727873942,1,0.058823529411764705,1.0,100187
stacked_medium,2.0,q8_a0.8_and,10117,13.333333333334167,14.666666666665947,5.368333333333185,5.238333333333185,1.841572424895176,1.868308813475838,2,0.11764705882352941,1.0,95265
stacked_medium,2.0,q8_a0.8_and,10118,12.66666666666677,12.666666666666742,4.998333333333186,4.943333333333185,1.8104931099871941,1.7765673228407883,2,0.11764705882352941,1.0,94240
stacked_medium,2.0,q8_a0.8_and,10119,16.333333333333343,16.333333333333343,5.903333333333185,5.903333333333185,1.8802588632365798,1.8802588632365798,0,0.0,,93392
stacked_medium,2.0,q8_a0.8_and,10120,13.666666666666885,13.666666666666885,5.4283333333331845,5.4283333333331845,1.8600603372633489,1.8600603372633489,0,0.0,,95533
stacked_medium,2.0,q8_a0.8_and,10121,15.333333333333329,16.99999999999997,5.648333333333185,5.918333333333185,1.7659989403072829,1.8691853073090399,3,0.17647058823529413,1.0,96889
stacked_medium,2.0,q8_a0.8_and,10122,12.00000000000091,11.66666666666623,4.758333333333185,4.613333333333185,1.7920228813088477,1.7722013762361437,1,0.058823529411764705,1.0,94614
stacked_medium,2.0,q8_a0.8_and,10123,13.333333333333357,13.333333333333357,5.538333333333185,5.538333333333185,1.8373946716646676,1.8373946716646676,0,0.0,,96071
stacked_medium,2.0,q8_a0.8_and,10124,13.333333333333087,12.999999999999261,5.423333333333185,5.313333333333185,1.8853494520802099,1.860024179250874,2,0.11764705882352941,1.0,96712
stacked_medium,2.0,q8_a0.8_and,10125,14.666666666666693,14.33333333333335,5.318333333333185,5.208333333333185,1.7913925708945595,1.79837958641503,2,0.11764705882352941,1.0,95456
stacked_medium,2.0,q8_a0.8_and,10126,15.333333333333428,15.333333333333428,5.478333333333185,5.478333333333185,1.8281102748109512,1.8281102748109512,0,0.0,,94596
stacked_medium,2.0,q8_a0.8_and,10127,13.666666666666174,13.666666666666174,5.113333333333185,5.113333333333185,1.7300909750758624,1.7300909750758624,2,0.058823529411764705,1.0,95837
stacked_medium,2.0,q8_a0.8_and,10128,13.000000000000199,13.000000000000199,4.563333333333185,4.563333333333185,1.6390584498451823,1.6390584498451823,0,0.0,,94923
stacked_medium,2.0,q8_a0.8_and,10129,12.666666666666742,12.666666666666742,4.648333333333185,4.648333333333185,1.706138597014049,1.706138597014049,0,0.0,,94878
stacked_medium,2.0,q8_a1.5_or,10100,15.000000000000796,11.666666666665947,5.293333333333185,4.133333333333185,1.9141589943489712,1.7795965793314272,81,1.0,1.0,96869
stacked_medium,2.0,q8_a1.5_or,10101,14.333333333333826,9.666666666667197,4.8783333333331855,3.6833333333331852,1.8287824297835815,1.7099866186960744,81,1.0,1.0,96821
stacked_medium,2.0,q8_a1.5_or,10102,13.00000000000017,12.999999999999773,5.038333333333186,4.8383333333331855,1.8099124105941358,1.8215070919220384,81,1.0,1.0,97481
stacked_medium,2.0,q8_a1.5_or,10103,14.333333333332803,12.333333333333542,5.5083333333331845,4.3783333333331855,1.8558487499595528,1.7052206156314733,81,1.0,1.0,98017
stacked_medium,2.0,q8_a1.5_or,10104,15.999999999999488,12.333333333332348,5.903333333333185,4.153333333333185,1.709662243422928,1.6177918999514447,81,1.0,1.0,97583
stacked_medium,2.0,q8_a1.5_or,10105,14.333333333333343,14.666666666666693,5.528333333333185,5.023333333333185,1.7913300053108603,1.7293032375858397,81,1.0,1.0,97417
stacked_medium,2.0,q8_a1.5_or,10106,14.333333333333428,13.333333333333258,5.693333333333185,4.578333333333186,1.7740461760253554,1.726027023442025,81,1.0,1.0,96512
stacked_medium,2.0,q8_a1.5_or,10107,14.000000000000227,14.333333333332348,5.308333333333184,4.698333333333185,1.8723216284171782,1.818525551321187,81,1.0,1.0,97288
stacked_medium,2.0,q8_a1.5_or,10108,12.999999999999886,11.999999999999929,4.768333333333185,4.278333333333185,1.8539361179659195,1.7358794962467192,81,1.0,1.0,98271
stacked_medium,2.0,q8_a1.5_or,10109,17.33333333333327,17.333333333332575,5.798333333333185,5.563333333333185,1.8439486620421766,1.82808296528172,81,1.0,1.0,97379
stacked_medium,2.0,q8_a1.5_or,10110,11.666666666665947,10.999999999999204,4.693333333333185,3.8983333333331855,1.6326539167295206,1.6511609030231489,81,1.0,1.0,96203
stacked_medium,2.0,q8_a1.5_or,10111,16.999999999999886,12.333333333333329,6.0933333333331845,4.823333333333185,1.8938421386323336,1.7436394497278231,81,1.0,1.0,97022
stacked_medium,2.0,q8_a1.5_or,10112,13.333333333332689,13.333333333332973,5.143333333333185,4.7533333333331855,1.7916951737431628,1.7740934603783531,81,1.0,1.0,98344
stacked_medium,2.0,q8_a1.5_or,10113,13.999999999999602,12.66666666666589,5.243333333333185,4.523333333333185,1.7847251760246672,1.6850350897883366,81,1.0,1.0,95799
stacked_medium,2.0,q8_a1.5_or,10114,16.999999999999545,13.666666666666643,6.2183333333331845,4.618333333333186,1.898744600945451,1.7789484824599189,81,1.0,1.0,95668
stacked_medium,2.0,q8_a1.5_or,10115,12.666666666666686,12.333333333332462,5.073333333333185,4.498333333333186,1.7955260327430838,1.8562153685565996,81,1.0,1.0,100077
stacked_medium,2.0,q8_a1.5_or,10116,13.333333333332575,12.666666666666288,5.128333333333185,4.453333333333186,1.8474732106055918,1.743733840839747,81,1.0,1.0,99470
stacked_medium,2.0,q8_a1.5_or,10117,13.333333333334167,13.666666666666174,5.368333333333185,4.9233333333331855,1.841572424895176,1.8028586825230306,81,1.0,1.0,96698
stacked_medium,2.0,q8_a1.5_or,10118,12.66666666666677,12.666666666666401,4.998333333333186,4.323333333333185,1.8104931099871941,1.7394028457180333,81,1.0,1.0,95587
stacked_medium,2.0,q8_a1.5_or,10119,16.333333333333343,11.999999999999545,5.903333333333185,3.8783333333331855,1.8802588632365798,1.678919553101633,81,1.0,1.0,97341
stacked_medium,2.0,q8_a1.5_or,10120,13.666666666666885,14.666666666666742,5.4283333333331845,5.293333333333185,1.8600603372633489,1.8404221496892668,81,1.0,1.0,99778
stacked_medium,2.0,q8_a1.5_or,10121,15.333333333333329,12.333333333332973,5.648333333333185,5.103333333333185,1.7659989403072829,1.7385918109079788,81,1.0,1.0,97631
stacked_medium,2.0,q8_a1.5_or,10122,12.00000000000091,13.666666666666856,4.758333333333185,4.808333333333185,1.7920228813088477,1.810982061415651,81,1.0,1.0,97365
stacked_medium,2.0,q8_a1.5_or,10123,13.333333333333357,11.666666666666629,5.538333333333185,4.438333333333185,1.8373946716646676,1.692129089592087,81,1.0,1.0,95868
stacked_medium,2.0,q8_a1.5_or,10124,13.333333333333087,12.333333333333343,5.423333333333185,4.743333333333186,1.8853494520802099,1.933172933434224,81,1.0,1.0,98987
stacked_medium,2.0,q8_a1.5_or,10125,14.666666666666693,15.333333333332575,5.318333333333185,5.488333333333185,1.7913925708945595,1.7722059284123035,81,1.0,1.0,94971
stacked_medium,2.0,q8_a1.5_or,10126,15.333333333333428,10.000000000000021,5.478333333333185,3.7233333333331853,1.8281102748109512,1.625701936481493,81,1.0,1.0,97856
stacked_medium,2.0,q8_a1.5_or,10127,13.666666666666174,11.999999999999204,5.113333333333185,4.4633333333331855,1.7300909750758624,1.7156395406389473,81,1.0,1.0,95182
stacked_medium,2.0,q8_a1.5_or,10128,13.000000000000199,11.000000000000227,4.563333333333185,4.108333333333185,1.6390584498451823,1.7020746861424632,81,1.0,1.0,94449
stacked_medium,2.0,q8_a1.5_or,10129,12.666666666666742,11.333333333332348,4.648333333333185,4.053333333333185,1.706138597014049,1.6510728900262777,81,1.0,1.0,99379
stacked_medium,2.0,q8_a1.5_and,10100,15.000000000000796,15.000000000000796,5.293333333333185,5.293333333333185,1.9141589943489712,1.9141589943489712,0,0.0,,94095
stacked_medium,2.0,q8_a1.5_and,10101,14.333333333333826,14.333333333333826,4.8783333333331855,4.8783333333331855,1.8287824297835815,1.8287824297835815,0,0.0,,94024
stacked_medium,2.0,q8_a1.5_and,10102,13.00000000000017,13.00000000000017,5.038333333333186,5.038333333333186,1.8099124105941358,1.8099124105941358,0,0.0,,98368
stacked_medium,2.0,q8_a1.5_and,10103,14.333333333332803,14.333333333332803,5.5083333333331845,5.5083333333331845,1.8558487499595528,1.8558487499595528,0,0.0,,94946
stacked_medium,2.0,q8_a1.5_and,10104,15.999999999999488,15.999999999999488,5.903333333333185,5.903333333333185,1.709662243422928,1.709662243422928,0,0.0,,95443
stacked_medium,2.0,q8_a1.5_and,10105,14.333333333333343,14.333333333333343,5.528333333333185,5.528333333333185,1.7913300053108603,1.7913300053108603,1,0.058823529411764705,1.0,94305
stacked_medium,2.0,q8_a1.5_and,10106,14.333333333333428,14.333333333333428,5.693333333333185,5.693333333333185,1.7740461760253554,1.7740461760253554,1,0.058823529411764705,1.0,95101
stacked_medium,2.0,q8_a1.5_and,10107,14.000000000000227,14.000000000000227,5.308333333333184,5.308333333333184,1.8723216284171782,1.8723216284171782,0,0.0,,93371
stacked_medium,2.0,q8_a1.5_and,10108,12.999999999999886,11.333333333333542,4.768333333333185,4.383333333333185,1.8539361179659195,1.787509702607824,1,0.058823529411764705,1.0,95586
stacked_medium,2.0,q8_a1.5_and,10109,17.33333333333327,17.33333333333327,5.798333333333185,5.798333333333185,1.8439486620421766,1.8439486620421766,0,0.0,,96100
stacked_medium,2.0,q8_a1.5_and,10110,11.666666666665947,11.666666666665947,4.693333333333185,4.693333333333185,1.6326539167295206,1.6326539167295206,0,0.0,,94283
stacked_medium,2.0,q8_a1.5_and,10111,16.999999999999886,16.999999999999886,6.0933333333331845,6.0933333333331845,1.8938421386323336,1.8938421386323336,0,0.0,,94244
stacked_medium,2.0,q8_a1.5_and,10112,13.333333333332689,15.999999999999915,5.143333333333185,5.578333333333185,1.7916951737431628,1.8113486688122489,1,0.058823529411764705,1.0,97472
stacked_medium,2.0,q8_a1.5_and,10113,13.999999999999602,12.999999999999545,5.243333333333185,4.763333333333185,1.7847251760246672,1.7146964861767822,1,0.058823529411764705,1.0,95814
stacked_medium,2.0,q8_a1.5_and,10114,16.999999999999545,16.999999999999545,6.2183333333331845,6.2183333333331845,1.898744600945451,1.898744600945451,1,0.058823529411764705,1.0,94225
stacked_medium,2.0,q8_a1.5_and,10115,12.666666666666686,12.666666666666686,5.073333333333185,5.073333333333185,1.7955260327430838,1.7955260327430838,0,0.0,,96147
stacked_medium,2.0,q8_a1.5_and,10116,13.333333333332575,14.333333333332519,5.128333333333185,5.603333333333185,1.8474732106055918,1.9661619727873942,1,0.058823529411764705,1.0,100187
stacked_medium,2.0,q8_a1.5_and,10117,13.333333333334167,14.666666666665947,5.368333333333185,5.238333333333185,1.841572424895176,1.868308813475838,2,0.11764705882352941,1.0,95265
stacked_medium,2.0,q8_a1.5_and,10118,12.66666666666677,12.666666666666742,4.998333333333186,4.943333333333185,1.8104931099871941,1.7765673228407883,2,0.11764705882352941,1.0,94240
stacked_medium,2.0,q8_a1.5_and,10119,16.333333333333343,16.333333333333343,5.903333333333185,5.903333333333185,1.8802588632365798,1.8802588632365798,0,0.0,,93392
stacked_medium,2.0,q8_a1.5_and,10120,13.666666666666885,13.666666666666885,5.4283333333331845,5.4283333333331845,1.8600603372633489,1.8600603372633489,0,0.0,,95533
stacked_medium,2.0,q8_a1.5_and,10121,15.333333333333329,16.99999999999997,5.648333333333185,5.918333333333185,1.7659989403072829,1.8691853073090399,3,0.17647058823529413,1.0,96889
stacked_medium,2.0,q8_a1.5_and,10122,12.00000000000091,11.66666666666623,4.758333333333185,4.613333333333185,1.7920228813088477,1.7722013762361437,1,0.058823529411764705,1.0,94614
stacked_medium,2.0,q8_a1.5_and,10123,13.333333333333357,13.333333333333357,5.538333333333185,5.538333333333185,1.8373946716646676,1.8373946716646676,0,0.0,,96071
stacked_medium,2.0,q8_a1.5_and,10124,13.333333333333087,12.999999999999261,5.423333333333185,5.313333333333185,1.8853494520802099,1.860024179250874,2,0.11764705882352941,1.0,96712
stacked_medium,2.0,q8_a1.5_and,10125,14.666666666666693,14.33333333333335,5.318333333333185,5.208333333333185,1.7913925708945595,1.79837958641503,2,0.11764705882352941,1.0,95456
stacked_medium,2.0,q8_a1.5_and,10126,15.333333333333428,15.333333333333428,5.478333333333185,5.478333333333185,1.8281102748109512,1.8281102748109512,0,0.0,,94596
stacked_medium,2.0,q8_a1.5_and,10127,13.666666666666174,13.666666666666174,5.113333333333185,5.113333333333185,1.7300909750758624,1.7300909750758624,2,0.058823529411764705,1.0,95837
stacked_medium,2.0,q8_a1.5_and,10128,13.000000000000199,13.000000000000199,4.563333333333185,4.563333333333185,1.6390584498451823,1.6390584498451823,0,0.0,,94923
stacked_medium,2.0,q8_a1.5_and,10129,12.666666666666742,12.666666666666742,4.648333333333185,4.648333333333185,1.706138597014049,1.706138597014049,0,0.0,,94878
