workload,penalty,config,seed,baseline_p95_wait,burst_aware_p95_wait,baseline_avg_wait,burst_aware_avg_wait,baseline_avg_slowdown,burst_aware_avg_slowdown,detector_fires,recall,precision,sched_cores_scanned
stacked_medium,0.0,q2_a0.8_or,10100,10.13333333333334,7.93333333333311,3.583333333333253,2.7383333333332716,1.5831829562541657,1.5104036342304437,156,1.0,1.0,51654
stacked_medium,0.0,q2_a0.8_or,10101,9.666666666666671,9.266666666666623,3.9673333333332166,3.1853333333331673,1.583786050596383,1.5186169224110835,159,1.0,1.0,51260
stacked_medium,0.0,q2_a0.8_or,10102,10.666666666667311,7.799999999999159,3.8333333333332757,2.888333333333289,1.5736254463238086,1.5230841779842443,161,1.0,1.0,51769
stacked_medium,0.0,q2_a0.8_or,10103,10.999999999999545,8.599999999999682,4.344333333333247,3.0373333333332186,1.7128675560164388,1.4902445670059348,157,1.0,1.0,51991
stacked_medium,0.0,q2_a0.8_or,10104,9.7999999999995,8.466666666666015,3.950333333333209,3.2603333333332603,1.529629547559403,1.5070051706289334,160,1.0,1.0,51245
stacked_medium,0.0,q2_a0.8_or,10105,12.533333333333587,9.733333333333519,4.263333333333245,3.7643333333332616,1.5670802012503233,1.565585578130449,160,1.0,1.0,50979
stacked_medium,0.0,q2_a0.8_or,10106,9.999999999999972,9.666666666666686,3.630333333333235,3.3213333333332264,1.5126545420895667,1.4791802454075234,157,1.0,1.0,51239
stacked_medium,0.0,q2_a0.8_or,10107,12.799999999999926,9.066666666666038,4.323333333333278,3.2083333333332495,1.675164886415538,1.5442394998411837,162,1.0,1.0,51839
stacked_medium,0.0,q2_a0.8_or,10108,9.666666666666671,7.533333333333417,3.822333333333253,2.8163333333332417,1.6428716313926848,1.4940794719603745,158,1.0,1.0,51342
stacked_medium,0.0,q2_a0.8_or,10109,11.133333333333326,10.6666666666666,4.233333333333169,3.3163333333331764,1.6601411561537924,1.5682711749008071,160,1.0,1.0,51742
stacked_medium,0.0,q2_a0.8_or,10110,9.133333333333383,7.933333333333337,3.2953333333332546,2.7503333333332836,1.4786313639762472,1.459207455957368,159,1.0,1.0,51582
stacked_medium,0.0,q2_a0.8_or,10111,12.666666666666714,11.333333333333371,4.9593333333331024,3.9433333333331357,1.6311355163090195,1.620686314991311,161,1.0,1.0,51610
stacked_medium,0.0,q2_a0.8_or,10112,11.666666666666401,8.59999999999998,4.091333333333207,3.143333333333251,1.5956310061614314,1.4578066927677384,160,1.0,1.0,52787
stacked_medium,0.0,q2_a0.8_or,10113,13.266666666666595,8.666666666666742,4.233333333333261,3.0673333333332162,1.5969844996790696,1.4924188668170897,158,1.0,1.0,51782
stacked_medium,0.0,q2_a0.8_or,10114,10.800000000000004,9.866666666666163,3.8043333333332123,3.1813333333332463,1.54154597510251,1.5230252787333691,157,1.0,1.0,51915
stacked_medium,0.0,q2_a0.8_or,10115,11.466666666666924,8.999999999999986,3.812333333333231,3.0843333333331886,1.5507153820650403,1.4366351101924806,159,1.0,1.0,52007
stacked_medium,0.0,q2_a0.8_or,10116,10.000000000000085,9.800000000000068,3.860333333333299,3.432333333333273,1.558907947671505,1.5986047987156535,161,1.0,1.0,52468
stacked_medium,0.0,q2_a0.8_or,10117,10.800000000000296,8.333333333332803,3.944333333333225,3.07933333333322,1.569270728991647,1.5258811138217825,161,1.0,1.0,51817
stacked_medium,0.0,q2_a0.8_or,10118,11.599999999999895,7.133333333333297,4.373333333333164,2.6423333333332035,1.6109354640191045,1.4745742509833257,162,1.0,1.0,51467
stacked_medium,0.0,q2_a0.8_or,10119,11.266666666667106,9.066666666666151,4.505333333333214,2.9593333333332117,1.695747180445755,1.5121452757051088,158,1.0,1.0,52188
stacked_medium,0.0,q2_a0.8_or,10120,11.66666666666653,9.600000000000001,4.39233333333314,3.2643333333331794,1.645700338428086,1.5388006635858815,158,1.0,1.0,52177
stacked_medium,0.0,q2_a0.8_or,10121,11.066666666666563,10.199999999999022,4.159333333333197,3.5973333333331747,1.5285762722901068,1.483452720160379,161,1.0,1.0,51555
stacked_medium,0.0,q2_a0.8_or,10122,9.533333333333232,8.133333333333894,3.5213333333332013,3.055333333333257,1.567599499449443,1.507888205802273,157,1.0,1.0,51695
stacked_medium,0.0,q2_a0.8_or,10123,9.800000000000239,9.666666666666856,3.535333333333173,3.5253333333331813,1.498159199041268,1.5690599922866042,160,1.0,1.0,51067
stacked_medium,0.0,q2_a0.8_or,10124,11.666666666666686,8.666666666666401,4.447333333333176,3.3263333333332725,1.6946046115266944,1.6026601211316642,159,1.0,1.0,52600
stacked_medium,0.0,q2_a0.8_or,10125,12.000000000000114,8.999999999999886,4.603333333333235,3.3233333333332458,1.644267161796393,1.507980621805111,160,1.0,1.0,52292
stacked_medium,0.0,q2_a0.8_or,10126,10.733333333333462,8.800000000000125,3.9093333333331644,3.1503333333331414,1.5613946961739371,1.5190607053768286,161,1.0,1.0,51353
stacked_medium,0.0,q2_a0.8_or,10127,11.533333333332962,8.600000000000193,4.073333333333274,3.1053333333332183,1.5385228298963427,1.4597606663775675,159,1.0,1.0,51582
stacked_medium,0.0,q2_a0.8_or,10128,11.266666666665913,10.199999999999932,4.2493333333332854,3.3443333333332026,1.5482539353516835,1.4772504558377142,158,1.0,1.0,51820
stacked_medium,0.0,q2_a0.8_or,10129,11.19999999999942,7.999999999999204,4.324333333333282,2.9293333333332403,1.5703847746299424,1.4282924957663883,158,1.0,1.0,51480
stacked_medium,0.0,q2_a0.8_and,10100,10.13333333333334,9.133333333333525,3.583333333333253,3.174333333333244,1.5831829562541657,1.5428370649644152,143,1.0,1.0,51744
stacked_medium,0.0,q2_a0.8_and,10101,9.666666666666671,8.333333333333144,3.9673333333332166,2.9883333333331192,1.583786050596383,1.4945954439385716,135,1.0,1.0,50838
stacked_medium,0.0,q2_a0.8_and,10102,10.666666666667311,8.799999999999926,3.8333333333332757,3.0653333333332697,1.5736254463238086,1.5515398462781755,140,1.0,1.0,51057
stacked_medium,0.0,q2_a0.8_and,10103,10.999999999999545,9.199999999998795,4.344333333333247,3.2283333333332305,1.7128675560164388,1.5168070200906412,139,1.0,1.0,51639
stacked_medium,0.0,q2_a0.8_and,10104,9.7999999999995,7.333333333333371,3.950333333333209,2.719333333333215,1.529629547559403,1.4285950722727707,134,1.0,1.0,50852
stacked_medium,0.0,q2_a0.8_and,10105,12.533333333333587,12.466666666666981,4.263333333333245,3.8893333333332767,1.5670802012503233,1.6228454772470855,145,1.0,1.0,50644
stacked_medium,0.0,q2_a0.8_and,10106,9.999999999999972,8.93333333333345,3.630333333333235,3.2603333333332483,1.5126545420895667,1.5127088120256158,132,1.0,1.0,51107
stacked_medium,0.0,q2_a0.8_and,10107,12.799999999999926,9.599999999999966,4.323333333333278,3.4203333333332644,1.675164886415538,1.581048276514445,139,1.0,1.0,51022
stacked_medium,0.0,q2_a0.8_and,10108,9.666666666666671,8.333333333333258,3.822333333333253,3.1093333333332747,1.6428716313926848,1.562486192086242,140,1.0,1.0,51872
stacked_medium,0.0,q2_a0.8_and,10109,11.133333333333326,8.666666666666714,4.233333333333169,3.246333333333183,1.6601411561537924,1.5207870662865661,138,1.0,1.0,51280
stacked_medium,0.0,q2_a0.8_and,10110,9.133333333333383,9.19999999999959,3.2953333333332546,3.0603333333333005,1.4786313639762472,1.5314559959876066,133,1.0,1.0,50063
stacked_medium,0.0,q2_a0.8_and,10111,12.666666666666714,9.466666666666782,4.9593333333331024,3.270333333333097,1.6311355163090195,1.5221004807854226,132,1.0,1.0,50146
stacked_medium,0.0,q2_a0.8_and,10112,11.666666666666401,8.599999999999739,4.091333333333207,3.272333333333184,1.5956310061614314,1.4759357123449428,130,1.0,1.0,51951
stacked_medium,0.0,q2_a0.8_and,10113,13.266666666666595,9.266666666665628,4.233333333333261,3.2763333333332754,1.5969844996790696,1.6078845732876395,139,1.0,1.0,51285
stacked_medium,0.0,q2_a0.8_and,10114,10.800000000000004,8.26666666666631,3.8043333333332123,3.0913333333332695,1.54154597510251,1.5000606797338474,143,1.0,1.0,51211
stacked_medium,0.0,q2_a0.8_and,10115,11.466666666666924,9.799999999999272,3.812333333333231,3.2783333333331695,1.5507153820650403,1.5702991094695324,142,1.0,1.0,51615
stacked_medium,0.0,q2_a0.8_and,10116,10.000000000000085,8.533333333333644,3.860333333333299,3.0563333333332343,1.558907947671505,1.598155718652949,141,1.0,1.0,51451
stacked_medium,0.0,q2_a0.8_and,10117,10.800000000000296,11.199999999998795,3.944333333333225,3.572333333333221,1.569270728991647,1.5836155481252172,138,1.0,1.0,50911
stacked_medium,0.0,q2_a0.8_and,10118,11.599999999999895,6.933333333333053,4.373333333333164,2.7663333333331765,1.6109354640191045,1.4924307109675499,134,1.0,1.0,50508
stacked_medium,0.0,q2_a0.8_and,10119,11.266666666667106,8.999999999999716,4.505333333333214,3.168333333333225,1.695747180445755,1.541551227878774,128,1.0,1.0,50900
stacked_medium,0.0,q2_a0.8_and,10120,11.66666666666653,8.333333333333258,4.39233333333314,3.0413333333331587,1.645700338428086,1.491333201066253,137,1.0,1.0,51219
stacked_medium,0.0,q2_a0.8_and,10121,11.066666666666563,11.799999999999855,4.159333333333197,3.650333333333233,1.5285762722901068,1.5187254047151837,130,1.0,1.0,51782
stacked_medium,0.0,q2_a0.8_and,10122,9.533333333333232,8.19999999999959,3.5213333333332013,2.735333333333246,1.567599499449443,1.4892337813365402,131,1.0,1.0,52025
stacked_medium,0.0,q2_a0.8_and,10123,9.800000000000239,8.199999999999932,3.535333333333173,2.9783333333332003,1.498159199041268,1.546057870163409,130,1.0,1.0,51450
stacked_medium,0.0,q2_a0.8_and,10124,11.666666666666686,9.799999999999983,4.447333333333176,3.344333333333253,1.6946046115266944,1.566565174132766,131,1.0,1.0,51924
stacked_medium,0.0,q2_a0.8_and,10125,12.000000000000114,9.066666666666606,4.603333333333235,3.2783333333332543,1.644267161796393,1.546876101667956,131,1.0,1.0,51872
stacked_medium,0.0,q2_a0.8_and,10126,10.733333333333462,8.733333333332439,3.9093333333331644,3.023333333333149,1.5613946961739371,1.4704774356470633,142,1.0,1.0,50575
stacked_medium,0.0,q2_a0.8_and,10127,11.533333333332962,9.266666666667447,4.073333333333274,2.950333333333214,1.5385228298963427,1.3916317694321703,130,1.0,1.0,51703
stacked_medium,0.0,q2_a0.8_and,10128,11.266666666665913,8.333333333333599,4.2493333333332854,3.080333333333242,1.5482539353516835,1.4802456506161819,140,1.0,1.0,50939
stacked_medium,0.0,q2_a0.8_and,10129,11.19999999999942,9.333333333333542,4.324333333333282,3.1813333333332547,1.5703847746299424,1.4773303617406273,138,1.0,1.0,51684
stacked_medium,0.0,q2_a1.5_or,10100,10.13333333333334,8.800000000000125,3.583333333333253,3.185333333333282,1.5831829562541657,1.6174081566284033,156,1.0,1.0,51138
stacked_medium,0.0,q2_a1.5_or,10101,9.666666666666671,8.266666666666673,3.9673333333332166,3.0223333333331612,1.583786050596383,1.504310469604513,147,1.0,1.0,51566
stacked_medium,0.0,q2_a1.5_or,10102,10.666666666667311,7.933333333333309,3.8333333333332757,2.940333333333214,1.5736254463238086,1.4902957651127589,149,1.0,1.0,51518
stacked_medium,0.0,q2_a1.5_or,10103,10.999999999999545,8.666666666667027,4.344333333333247,3.3963333333333026,1.7128675560164388,1.5351329162647087,147,1.0,1.0,51413
stacked_medium,0.0,q2_a1.5_or,10104,9.7999999999995,8.466666666666583,3.950333333333209,3.2143333333332613,1.529629547559403,1.4701470876096687,151,1.0,1.0,51265
stacked_medium,0.0,q2_a1.5_or,10105,12.533333333333587,9.26666666666614,4.263333333333245,3.5043333333332636,1.5670802012503233,1.5613195397562796,157,1.0,1.0,51247
stacked_medium,0.0,q2_a1.5_or,10106,9.999999999999972,9.200000000000045,3.630333333333235,3.234333333333244,1.5126545420895667,1.5108375706004389,158,1.0,1.0,51277
stacked_medium,0.0,q2_a1.5_or,10107,12.799999999999926,9.066666666666038,4.323333333333278,3.2083333333332495,1.675164886415538,1.5442394998411837,158,1.0,1.0,51839
stacked_medium,0.0,q2_a1.5_or,10108,9.666666666666671,8.333333333332348,3.822333333333253,3.0063333333332456,1.6428716313926848,1.5411525929208034,142,1.0,1.0,50868
stacked_medium,0.0,q2_a1.5_or,10109,11.133333333333326,10.533333333333218,4.233333333333169,3.2463333333331765,1.6601411561537924,1.5447191611274607,150,1.0,1.0,51885
stacked_medium,0.0,q2_a1.5_or,10110,9.133333333333383,7.666666666666515,3.2953333333332546,2.839333333333276,1.4786313639762472,1.4234538401600383,155,1.0,1.0,51408
stacked_medium,0.0,q2_a1.5_or,10111,12.666666666666714,11.333333333333371,4.9593333333331024,3.9433333333331357,1.6311355163090195,1.620686314991311,151,1.0,1.0,51610
stacked_medium,0.0,q2_a1.5_or,10112,11.666666666666401,9.266666666666765,4.091333333333207,3.3753333333332,1.5956310061614314,1.5217735836083477,155,1.0,1.0,52505
stacked_medium,0.0,q2_a1.5_or,10113,13.266666666666595,8.066666666666208,4.233333333333261,3.015333333333265,1.5969844996790696,1.5056550150197052,145,1.0,1.0,51155
stacked_medium,0.0,q2_a1.5_or,10114,10.800000000000004,9.533333333332791,3.8043333333332123,3.197333333333255,1.54154597510251,1.4847006203854667,152,1.0,1.0,51436
stacked_medium,0.0,q2_a1.5_or,10115,11.466666666666924,8.999999999999986,3.812333333333231,3.1853333333331726,1.5507153820650403,1.4459147689502614,155,1.0,1.0,52099
stacked_medium,0.0,q2_a1.5_or,10116,10.000000000000085,11.0,3.860333333333299,3.6123333333332948,1.558907947671505,1.626509881051138,150,1.0,1.0,52943
stacked_medium,0.0,q2_a1.5_or,10117,10.800000000000296,8.266666666666197,3.944333333333225,2.9993333333332193,1.569270728991647,1.5067023049510766,150,1.0,1.0,51340
stacked_medium,0.0,q2_a1.5_or,10118,11.599999999999895,11.60000000000025,4.373333333333164,3.3103333333331775,1.6109354640191045,1.54270815624283,158,1.0,1.0,51514
stacked_medium,0.0,q2_a1.5_or,10119,11.266666666667106,8.999999999999943,4.505333333333214,3.0453333333332346,1.695747180445755,1.4690116266888373,147,1.0,1.0,52177
stacked_medium,0.0,q2_a1.5_or,10120,11.66666666666653,9.266666666666652,4.39233333333314,3.1423333333331964,1.645700338428086,1.4994269594593226,148,1.0,1.0,51537
stacked_medium,0.0,q2_a1.5_or,10121,11.066666666666563,11.33333333333303,4.159333333333197,4.04033333333326,1.5285762722901068,1.5735029767475135,154,1.0,1.0,50875
stacked_medium,0.0,q2_a1.5_or,10122,9.533333333333232,10.399999999999409,3.5213333333332013,3.2643333333332443,1.567599499449443,1.4778030236034243,152,1.0,1.0,51078
stacked_medium,0.0,q2_a1.5_or,10123,9.800000000000239,9.400000000000375,3.535333333333173,3.254333333333176,1.498159199041268,1.5401512068586027,144,1.0,1.0,51257
stacked_medium,0.0,q2_a1.5_or,10124,11.666666666666686,8.666666666667084,4.447333333333176,3.2703333333332862,1.6946046115266944,1.548327292715543,154,1.0,1.0,51315
stacked_medium,0.0,q2_a1.5_or,10125,12.000000000000114,8.999999999999886,4.603333333333235,3.3233333333332458,1.644267161796393,1.507980621805111,156,1.0,1.0,52292
stacked_medium,0.0,q2_a1.5_or,10126,10.733333333333462,8.800000000000125,3.9093333333331644,3.1503333333331414,1.5613946961739371,1.5190607053768286,155,1.0,1.0,51353
stacked_medium,0.0,q2_a1.5_or,10127,11.533333333332962,8.266666666666623,4.073333333333274,3.143333333333219,1.5385228298963427,1.4651345309126163,151,1.0,1.0,51458
stacked_medium,0.0,q2_a1.5_or,10128,11.266666666665913,9.399999999999523,4.2493333333332854,3.3423333333332024,1.5482539353516835,1.4651652132445947,155,1.0,1.0,51412
stacked_medium,0.0,q2_a1.5_or,10129,11.19999999999942,7.799999999999983,4.324333333333282,2.832333333333247,1.5703847746299424,1.4295121696912059,151,1.0,1.0,51282
stacked_medium,0.0,q2_a1.5_and,10100,10.13333333333334,9.000000000000014,3.583333333333253,3.442333333333256,1.5831829562541657,1.5048432571739037,71,1.0,1.0,49434
stacked_medium,0.0,q2_a1.5_and,10101,9.666666666666671,8.333333333333343,3.9673333333332166,3.118333333333174,1.583786050596383,1.5071815338683192,58,1.0,1.0,49352
stacked_medium,0.0,q2_a1.5_and,10102,10.666666666667311,10.400000000000489,3.8333333333332757,3.4793333333332144,1.5736254463238086,1.5770101715080196,64,1.0,1.0,49794
stacked_medium,0.0,q2_a1.5_and,10103,10.999999999999545,9.999999999999261,4.344333333333247,3.1713333333332785,1.7128675560164388,1.4560565066268711,53,1.0,1.0,50238
stacked_medium,0.0,q2_a1.5_and,10104,9.7999999999995,9.799999999999969,3.950333333333209,3.1753333333332177,1.529629547559403,1.4439085686501048,57,1.0,1.0,49076
stacked_medium,0.0,q2_a1.5_and,10105,12.533333333333587,9.799999999999898,4.263333333333245,3.5773333333332427,1.5670802012503233,1.5635852544271547,49,1.0,1.0,49451
stacked_medium,0.0,q2_a1.5_and,10106,9.999999999999972,9.733333333333746,3.630333333333235,3.344333333333294,1.5126545420895667,1.5110196518928172,58,1.0,1.0,49998
stacked_medium,0.0,q2_a1.5_and,10107,12.799999999999926,11.800000000000097,4.323333333333278,3.9073333333332374,1.675164886415538,1.6115969743649206,54,1.0,1.0,48687
stacked_medium,0.0,q2_a1.5_and,10108,9.666666666666671,9.19999999999925,3.822333333333253,3.254333333333254,1.6428716313926848,1.5286987448717224,51,1.0,1.0,49533
stacked_medium,0.0,q2_a1.5_and,10109,11.133333333333326,9.79999999999987,4.233333333333169,3.6073333333332247,1.6601411561537924,1.5509706283006313,53,1.0,1.0,49644
stacked_medium,0.0,q2_a1.5_and,10110,9.133333333333383,7.933333333332882,3.2953333333332546,2.7723333333332416,1.4786313639762472,1.4175413179759473,44,1.0,1.0,49547
stacked_medium,0.0,q2_a1.5_and,10111,12.666666666666714,12.733333333333803,4.9593333333331024,4.104333333333127,1.6311355163090195,1.5802927858112608,61,1.0,1.0,49601
stacked_medium,0.0,q2_a1.5_and,10112,11.666666666666401,10.333333333332632,4.091333333333207,3.665333333333239,1.5956310061614314,1.5214943899260773,59,1.0,1.0,50080
stacked_medium,0.0,q2_a1.5_and,10113,13.266666666666595,12.600000000000136,4.233333333333261,3.898333333333243,1.5969844996790696,1.5857723511405197,51,1.0,1.0,49347
stacked_medium,0.0,q2_a1.5_and,10114,10.800000000000004,10.800000000000004,3.8043333333332123,3.6873333333332514,1.54154597510251,1.5038324904061673,51,1.0,1.0,49115
stacked_medium,0.0,q2_a1.5_and,10115,11.466666666666924,10.6666666666668,3.812333333333231,3.864333333333259,1.5507153820650403,1.6109539287205112,71,1.0,1.0,49745
stacked_medium,0.0,q2_a1.5_and,10116,10.000000000000085,9.533333333332394,3.860333333333299,3.403333333333243,1.558907947671505,1.543542356444546,54,1.0,1.0,51064
stacked_medium,0.0,q2_a1.5_and,10117,10.800000000000296,9.333333333333428,3.944333333333225,3.5533333333331956,1.569270728991647,1.5971686316341236,53,1.0,1.0,48186
stacked_medium,0.0,q2_a1.5_and,10118,11.599999999999895,10.800000000000004,4.373333333333164,3.5593333333332,1.6109354640191045,1.5826261637195094,57,1.0,1.0,48197
stacked_medium,0.0,q2_a1.5_and,10119,11.266666666667106,10.666666666666586,4.505333333333214,3.628333333333202,1.695747180445755,1.5346365260387436,60,1.0,1.0,48921
stacked_medium,0.0,q2_a1.5_and,10120,11.66666666666653,11.866666666666674,4.39233333333314,4.1413333333332245,1.645700338428086,1.5841130229782914,58,1.0,1.0,49571
stacked_medium,0.0,q2_a1.5_and,10121,11.066666666666563,9.666666666666174,4.159333333333197,3.7253333333332375,1.5285762722901068,1.5180151054883757,58,1.0,1.0,49259
stacked_medium,0.0,q2_a1.5_and,10122,9.533333333333232,12.20000000000033,3.5213333333332013,3.8313333333332373,1.567599499449443,1.6037803998791906,55,1.0,1.0,49647
stacked_medium,0.0,q2_a1.5_and,10123,9.800000000000239,11.466666666666413,3.535333333333173,3.93033333333324,1.498159199041268,1.5540863292985836,57,1.0,1.0,50048
stacked_medium,0.0,q2_a1.5_and,10124,11.666666666666686,8.066666666667004,4.447333333333176,3.4353333333332485,1.6946046115266944,1.5116502084504821,56,1.0,1.0,50827
stacked_medium,0.0,q2_a1.5_and,10125,12.000000000000114,9.066666666666663,4.603333333333235,3.2303333333332116,1.644267161796393,1.4726840087684843,53,1.0,1.0,49436
stacked_medium,0.0,q2_a1.5_and,10126,10.733333333333462,9.733333333332723,3.9093333333331644,3.2543333333331375,1.5613946961739371,1.4692243129916813,50,1.0,1.0,49431
stacked_medium,0.0,q2_a1.5_and,10127,11.533333333332962,8.466666666665333,4.073333333333274,3.233333333333223,1.5385228298963427,1.4458010725480699,51,1.0,1.0,49661
stacked_medium,0.0,q2_a1.5_and,10128,11.266666666665913,9.13333333333344,4.2493333333332854,3.1953333333332226,1.5482539353516835,1.4532392175291917,45,1.0,1.0,49075
stacked_medium,0.0,q2_a1.5_and,10129,11.19999999999942,10.999999999999943,4.324333333333282,3.63733333333325,1.5703847746299424,1.5470032942359375,52,1.0,1.0,49106
stacked_medium,0.0,q4_a0.8_or,10100,10.13333333333334,6.933333333333394,3.583333333333253,2.6533333333332854,1.5831829562541657,1.5255104933232946,149,1.0,1.0,51822
stacked_medium,0.0,q4_a0.8_or,10101,9.666666666666671,8.333333333333627,3.9673333333332166,2.914333333333189,1.583786050596383,1.5120085036305853,149,1.0,1.0,51433
stacked_medium,0.0,q4_a0.8_or,10102,10.666666666667311,8.399999999999977,3.8333333333332757,3.1383333333332346,1.5736254463238086,1.5647754797444875,149,1.0,1.0,52259
stacked_medium,0.0,q4_a0.8_or,10103,10.999999999999545,8.733333333332666,4.344333333333247,3.1513333333332416,1.7128675560164388,1.58339415792041,149,1.0,1.0,52106
stacked_medium,0.0,q4_a0.8_or,10104,9.7999999999995,8.333333333332689,3.950333333333209,2.9183333333331696,1.529629547559403,1.434487087841498,149,1.0,1.0,52219
stacked_medium,0.0,q4_a0.8_or,10105,12.533333333333587,9.666666666666671,4.263333333333245,3.289333333333268,1.5670802012503233,1.5533143209406177,149,1.0,1.0,51195
stacked_medium,0.0,q4_a0.8_or,10106,9.999999999999972,8.999999999999375,3.630333333333235,3.0363333333332734,1.5126545420895667,1.4729058149682703,149,1.0,1.0,52083
stacked_medium,0.0,q4_a0.8_or,10107,12.799999999999926,9.733333333333405,4.323333333333278,3.2193333333332648,1.675164886415538,1.541232504366389,149,1.0,1.0,51991
stacked_medium,0.0,q4_a0.8_or,10108,9.666666666666671,9.199999999999704,3.822333333333253,3.074333333333255,1.6428716313926848,1.5659770481590776,149,1.0,1.0,51886
stacked_medium,0.0,q4_a0.8_or,10109,11.133333333333326,10.99999999999909,4.233333333333169,3.2693333333332646,1.6601411561537924,1.5638546859571707,149,1.0,1.0,51860
stacked_medium,0.0,q4_a0.8_or,10110,9.133333333333383,8.000000000000114,3.2953333333332546,2.7213333333332406,1.4786313639762472,1.5065279885946339,149,1.0,1.0,50960
stacked_medium,0.0,q4_a0.8_or,10111,12.666666666666714,11.06666666666652,4.9593333333331024,3.492333333333107,1.6311355163090195,1.5794938355622863,149,1.0,1.0,51190
stacked_medium,0.0,q4_a0.8_or,10112,11.666666666666401,8.066666666666208,4.091333333333207,3.041333333333248,1.5956310061614314,1.4814356023781519,149,1.0,1.0,52855
stacked_medium,0.0,q4_a0.8_or,10113,13.266666666666595,9.599999999999852,4.233333333333261,3.270333333333257,1.5969844996790696,1.5652297292816275,149,1.0,1.0,51901
stacked_medium,0.0,q4_a0.8_or,10114,10.800000000000004,8.333333333333343,3.8043333333332123,3.176333333333235,1.54154597510251,1.519740002931669,149,1.0,1.0,51705
stacked_medium,0.0,q4_a0.8_or,10115,11.466666666666924,8.53333333333319,3.812333333333231,3.09133333333327,1.5507153820650403,1.505323574746424,149,1.0,1.0,52610
stacked_medium,0.0,q4_a0.8_or,10116,10.000000000000085,8.466666666666868,3.860333333333299,3.1043333333332788,1.558907947671505,1.5833902919922949,149,1.0,1.0,52156
stacked_medium,0.0,q4_a0.8_or,10117,10.800000000000296,9.799999999999272,3.944333333333225,3.362333333333187,1.569270728991647,1.5693363053292833,149,1.0,1.0,51337
stacked_medium,0.0,q4_a0.8_or,10118,11.599999999999895,7.799999999999898,4.373333333333164,2.7843333333331985,1.6109354640191045,1.4235376136657922,149,1.0,1.0,51949
stacked_medium,0.0,q4_a0.8_or,10119,11.266666666667106,8.800000000000239,4.505333333333214,2.915333333333233,1.695747180445755,1.53521272208119,149,1.0,1.0,52406
stacked_medium,0.0,q4_a0.8_or,10120,11.66666666666653,8.466666666666242,4.39233333333314,3.04633333333319,1.645700338428086,1.4965177092914288,149,1.0,1.0,52887
stacked_medium,0.0,q4_a0.8_or,10121,11.066666666666563,9.799999999999983,4.159333333333197,3.4993333333332264,1.5285762722901068,1.4991548859378598,149,1.0,1.0,52692
stacked_medium,0.0,q4_a0.8_or,10122,9.533333333333232,7.799999999999898,3.5213333333332013,2.7473333333332226,1.567599499449443,1.4798989340830826,149,1.0,1.0,52269
stacked_medium,0.0,q4_a0.8_or,10123,9.800000000000239,8.26666666666597,3.535333333333173,3.206333333333203,1.498159199041268,1.514656451126022,149,1.0,1.0,52417
stacked_medium,0.0,q4_a0.8_or,10124,11.666666666666686,9.799999999999983,4.447333333333176,3.216333333333278,1.6946046115266944,1.5848690127091793,149,1.0,1.0,52766
stacked_medium,0.0,q4_a0.8_or,10125,12.000000000000114,8.533333333333076,4.603333333333235,3.1963333333332558,1.644267161796393,1.5018086729141686,149,1.0,1.0,51430
stacked_medium,0.0,q4_a0.8_or,10126,10.733333333333462,9.799999999999955,3.9093333333331644,3.2983333333331526,1.5613946961739371,1.4982354398735793,149,1.0,1.0,51715
stacked_medium,0.0,q4_a0.8_or,10127,11.533333333332962,9.93333333333237,4.073333333333274,3.325333333333211,1.5385228298963427,1.5063011357095908,149,1.0,1.0,51665
stacked_medium,0.0,q4_a0.8_or,10128,11.266666666665913,9.066666666666578,4.2493333333332854,3.1183333333332324,1.5482539353516835,1.4056419171516261,149,1.0,1.0,51502
stacked_medium,0.0,q4_a0.8_or,10129,11.19999999999942,8.266666666666026,4.324333333333282,2.9163333333332457,1.5703847746299424,1.4689350340288305,149,1.0,1.0,51996
stacked_medium,0.0,q4_a0.8_and,10100,10.13333333333334,6.866666666667044,3.583333333333253,2.9883333333332387,1.5831829562541657,1.499604917596056,57,0.9411764705882353,1.0,49041
stacked_medium,0.0,q4_a0.8_and,10101,9.666666666666671,11.000000000000227,3.9673333333332166,3.19533333333315,1.583786050596383,1.5667887305789938,48,1.0,1.0,50151
stacked_medium,0.0,q4_a0.8_and,10102,10.666666666667311,9.466666666666676,3.8333333333332757,3.417333333333232,1.5736254463238086,1.5842007401874145,63,1.0,1.0,50874
stacked_medium,0.0,q4_a0.8_and,10103,10.999999999999545,10.533333333333132,4.344333333333247,3.712333333333257,1.7128675560164388,1.6528570409220333,53,1.0,1.0,49922
stacked_medium,0.0,q4_a0.8_and,10104,9.7999999999995,7.3333333333334,3.950333333333209,2.7893333333332144,1.529629547559403,1.4391514032267414,37,1.0,1.0,49647
stacked_medium,0.0,q4_a0.8_and,10105,12.533333333333587,10.39999999999975,4.263333333333245,3.698333333333275,1.5670802012503233,1.599869653707453,56,1.0,1.0,49319
stacked_medium,0.0,q4_a0.8_and,10106,9.999999999999972,8.93333333333345,3.630333333333235,3.331333333333265,1.5126545420895667,1.5026773207444004,46,1.0,1.0,49244
stacked_medium,0.0,q4_a0.8_and,10107,12.799999999999926,8.93333333333294,4.323333333333278,3.263333333333246,1.675164886415538,1.461841471667912,51,1.0,1.0,49090
stacked_medium,0.0,q4_a0.8_and,10108,9.666666666666671,10.200000000000102,3.822333333333253,3.4053333333332074,1.6428716313926848,1.5647459086666353,52,1.0,1.0,49682
stacked_medium,0.0,q4_a0.8_and,10109,11.133333333333326,10.93333333333345,4.233333333333169,3.822333333333222,1.6601411561537924,1.5810283179855031,72,1.0,1.0,49360
stacked_medium,0.0,q4_a0.8_and,10110,9.133333333333383,10.066666666666094,3.2953333333332546,3.3403333333332723,1.4786313639762472,1.515759775529618,52,1.0,1.0,49727
stacked_medium,0.0,q4_a0.8_and,10111,12.666666666666714,12.999999999999972,4.9593333333331024,4.326333333333071,1.6311355163090195,1.6100763153460929,54,1.0,1.0,49930
stacked_medium,0.0,q4_a0.8_and,10112,11.666666666666401,10.133333333333525,4.091333333333207,3.40633333333321,1.5956310061614314,1.492118017101727,44,1.0,1.0,51192
stacked_medium,0.0,q4_a0.8_and,10113,13.266666666666595,10.266666666666822,4.233333333333261,3.675333333333275,1.5969844996790696,1.5860896185762754,57,1.0,1.0,48424
stacked_medium,0.0,q4_a0.8_and,10114,10.800000000000004,10.866666666666447,3.8043333333332123,3.471333333333269,1.54154597510251,1.555778566120261,50,1.0,1.0,49128
stacked_medium,0.0,q4_a0.8_and,10115,11.466666666666924,11.466666666666669,3.812333333333231,3.5473333333331953,1.5507153820650403,1.508734124405273,45,1.0,1.0,50018
stacked_medium,0.0,q4_a0.8_and,10116,10.000000000000085,9.066666666667288,3.860333333333299,3.1783333333332937,1.558907947671505,1.5484389443457545,45,1.0,1.0,51224
stacked_medium,0.0,q4_a0.8_and,10117,10.800000000000296,10.799999999999386,3.944333333333225,3.4953333333332277,1.569270728991647,1.5316578955922546,70,1.0,1.0,50538
stacked_medium,0.0,q4_a0.8_and,10118,11.599999999999895,10.666666666666586,4.373333333333164,3.4423333333331514,1.6109354640191045,1.5124247658195715,56,1.0,1.0,49119
stacked_medium,0.0,q4_a0.8_and,10119,11.266666666667106,11.933333333333252,4.505333333333214,3.9323333333331925,1.695747180445755,1.582187680969782,61,1.0,1.0,49277
stacked_medium,0.0,q4_a0.8_and,10120,11.66666666666653,12.599999999999838,4.39233333333314,4.31933333333321,1.645700338428086,1.6635532431523115,70,1.0,1.0,50136
stacked_medium,0.0,q4_a0.8_and,10121,11.066666666666563,12.59999999999998,4.159333333333197,4.180333333333208,1.5285762722901068,1.5281936233961406,64,1.0,1.0,49973
stacked_medium,0.0,q4_a0.8_and,10122,9.533333333333232,7.866666666665992,3.5213333333332013,3.1823333333332124,1.567599499449443,1.5054026486275367,47,1.0,1.0,48833
stacked_medium,0.0,q4_a0.8_and,10123,9.800000000000239,9.800000000000011,3.535333333333173,3.5133333333332195,1.498159199041268,1.540959387615458,48,0.9411764705882353,1.0,49462
stacked_medium,0.0,q4_a0.8_and,10124,11.666666666666686,11.466666666666782,4.447333333333176,3.926333333333267,1.6946046115266944,1.6562995470754291,48,1.0,1.0,49256
stacked_medium,0.0,q4_a0.8_and,10125,12.000000000000114,11.799999999999955,4.603333333333235,3.951333333333232,1.644267161796393,1.5173118328500772,59,1.0,1.0,49933
stacked_medium,0.0,q4_a0.8_and,10126,10.733333333333462,9.466666666667493,3.9093333333331644,3.449333333333172,1.5613946961739371,1.4815813171882457,55,1.0,1.0,50105
stacked_medium,0.0,q4_a0.8_and,10127,11.533333333332962,10.800000000000864,4.073333333333274,3.563333333333197,1.5385228298963427,1.4836227900385317,53,0.9411764705882353,1.0,49221
stacked_medium,0.0,q4_a0.8_and,10128,11.266666666665913,7.866666666666333,4.2493333333332854,3.347333333333166,1.5482539353516835,1.480503561384158,53,0.9411764705882353,1.0,49131
stacked_medium,0.0,q4_a0.8_and,10129,11.19999999999942,11.666666666666679,4.324333333333282,3.5473333333332433,1.5703847746299424,1.4909347942703894,53,0.9411764705882353,1.0,49183
stacked_medium,0.0,q4_a1.5_or,10100,10.13333333333334,8.333333333333087,3.583333333333253,3.3553333333332525,1.5831829562541657,1.5830150371489469,102,1.0,1.0,49142
stacked_medium,0.0,q4_a1.5_or,10101,9.666666666666671,11.59999999999934,3.9673333333332166,3.6573333333331965,1.583786050596383,1.649273502798288,100,1.0,1.0,48812
stacked_medium,0.0,q4_a1.5_or,10102,10.666666666667311,9.466666666666676,3.8333333333332757,3.417333333333232,1.5736254463238086,1.5842007401874145,101,1.0,1.0,50874
stacked_medium,0.0,q4_a1.5_or,10103,10.999999999999545,9.73333333333278,4.344333333333247,3.616333333333249,1.7128675560164388,1.6226184393370808,102,1.0,1.0,50318
stacked_medium,0.0,q4_a1.5_or,10104,9.7999999999995,8.266666666666026,3.950333333333209,3.0443333333331886,1.529629547559403,1.4947037547902589,99,1.0,1.0,49340
stacked_medium,0.0,q4_a1.5_or,10105,12.533333333333587,10.39999999999975,4.263333333333245,3.698333333333275,1.5670802012503233,1.599869653707453,104,1.0,1.0,49319
stacked_medium,0.0,q4_a1.5_or,10106,9.999999999999972,9.199999999999704,3.630333333333235,3.336333333333268,1.5126545420895667,1.5517712799327235,99,1.0,1.0,48626
stacked_medium,0.0,q4_a1.5_or,10107,12.799999999999926,9.799999999999784,4.323333333333278,3.21533333333323,1.675164886415538,1.4601559448059607,100,1.0,1.0,49278
stacked_medium,0.0,q4_a1.5_or,10108,9.666666666666671,10.200000000000102,3.822333333333253,3.4053333333332074,1.6428716313926848,1.5647459086666353,100,1.0,1.0,49682
stacked_medium,0.0,q4_a1.5_or,10109,11.133333333333326,10.93333333333345,4.233333333333169,3.822333333333222,1.6601411561537924,1.5810283179855031,105,1.0,1.0,49360
stacked_medium,0.0,q4_a1.5_or,10110,9.133333333333383,8.000000000000114,3.2953333333332546,3.0553333333332824,1.4786313639762472,1.4888222864825988,98,1.0,1.0,49545
stacked_medium,0.0,q4_a1.5_or,10111,12.666666666666714,12.999999999999972,4.9593333333331024,4.247333333333128,1.6311355163090195,1.5963250339812751,106,1.0,1.0,49474
stacked_medium,0.0,q4_a1.5_or,10112,11.666666666666401,10.133333333332757,4.091333333333207,3.553333333333179,1.5956310061614314,1.5340639166066816,98,1.0,1.0,50643
stacked_medium,0.0,q4_a1.5_or,10113,13.266666666666595,10.266666666666822,4.233333333333261,3.653333333333313,1.5969844996790696,1.5857080050184067,104,1.0,1.0,48357
stacked_medium,0.0,q4_a1.5_or,10114,10.800000000000004,10.866666666666447,3.8043333333332123,3.471333333333269,1.54154597510251,1.555778566120261,98,1.0,1.0,49128
stacked_medium,0.0,q4_a1.5_or,10115,11.466666666666924,11.466666666666669,3.812333333333231,3.5473333333331953,1.5507153820650403,1.508734124405273,98,1.0,1.0,50018
stacked_medium,0.0,q4_a1.5_or,10116,10.000000000000085,11.133333333332985,3.860333333333299,3.638333333333269,1.558907947671505,1.6159379989012868,100,1.0,1.0,50571
stacked_medium,0.0,q4_a1.5_or,10117,10.800000000000296,10.799999999999386,3.944333333333225,3.4953333333332277,1.569270728991647,1.5316578955922546,103,1.0,1.0,50538
stacked_medium,0.0,q4_a1.5_or,10118,11.599999999999895,10.666666666666586,4.373333333333164,3.4423333333331514,1.6109354640191045,1.5124247658195715,102,1.0,1.0,49119
stacked_medium,0.0,q4_a1.5_or,10119,11.266666666667106,11.333333333333087,4.505333333333214,3.7203333333332234,1.695747180445755,1.573004307629634,99,1.0,1.0,49442
stacked_medium,0.0,q4_a1.5_or,10120,11.66666666666653,12.599999999999838,4.39233333333314,4.31933333333321,1.645700338428086,1.6635532431523115,103,1.0,1.0,50136
stacked_medium,0.0,q4_a1.5_or,10121,11.066666666666563,12.59999999999998,4.159333333333197,4.180333333333208,1.5285762722901068,1.5281936233961406,101,1.0,1.0,49973
stacked_medium,0.0,q4_a1.5_or,10122,9.533333333333232,10.533333333333474,3.5213333333332013,3.4383333333331705,1.567599499449443,1.5901663374698711,98,1.0,1.0,49094
stacked_medium,0.0,q4_a1.5_or,10123,9.800000000000239,9.800000000000011,3.535333333333173,3.5133333333332195,1.498159199041268,1.540959387615458,98,1.0,1.0,49610
stacked_medium,0.0,q4_a1.5_or,10124,11.666666666666686,11.466666666666782,4.447333333333176,3.926333333333267,1.6946046115266944,1.6562995470754291,100,1.0,1.0,49256
stacked_medium,0.0,q4_a1.5_or,10125,12.000000000000114,11.799999999999955,4.603333333333235,3.951333333333232,1.644267161796393,1.5173118328500772,104,1.0,1.0,49933
stacked_medium,0.0,q4_a1.5_or,10126,10.733333333333462,9.466666666667493,3.9093333333331644,3.449333333333172,1.5613946961739371,1.4815813171882457,101,1.0,1.0,50105
stacked_medium,0.0,q4_a1.5_or,10127,11.533333333332962,10.06666666666689,4.073333333333274,3.4173333333332017,1.5385228298963427,1.4580258279499991,98,1.0,1.0,49694
stacked_medium,0.0,q4_a1.5_or,10128,11.266666666665913,7.53333333333353,4.2493333333332854,3.205333333333172,1.5482539353516835,1.4547168724261548,99,1.0,1.0,49200
stacked_medium,0.0,q4_a1.5_or,10129,11.19999999999942,11.666666666666679,4.324333333333282,3.5473333333332433,1.5703847746299424,1.4909347942703894,103,1.0,1.0,49321
stacked_medium,0.0,q4_a1.5_and,10100,10.13333333333334,9.000000000000014,3.583333333333253,3.3633333333332764,1.5831829562541657,1.5325780065304642,25,1.0,1.0,49248
stacked_medium,0.0,q4_a1.5_and,10101,9.666666666666671,8.333333333332575,3.9673333333332166,3.154333333333154,1.583786050596383,1.5305027294163254,29,1.0,1.0,49093
stacked_medium,0.0,q4_a1.5_and,10102,10.666666666667311,10.400000000000489,3.8333333333332757,3.533333333333223,1.5736254463238086,1.5640191856728893,25,0.8823529411764706,1.0,49193
stacked_medium,0.0,q4_a1.5_and,10103,10.999999999999545,9.999999999999915,4.344333333333247,3.451333333333268,1.7128675560164388,1.5727167247165148,25,0.9411764705882353,1.0,49456
stacked_medium,0.0,q4_a1.5_and,10104,9.7999999999995,9.799999999999969,3.950333333333209,3.1753333333332177,1.529629547559403,1.4439085686501048,28,0.8823529411764706,1.0,48780
stacked_medium,0.0,q4_a1.5_and,10105,12.533333333333587,10.000000000000085,4.263333333333245,3.6013333333332174,1.5670802012503233,1.5449054864965013,29,1.0,1.0,49791
stacked_medium,0.0,q4_a1.5_and,10106,9.999999999999972,9.866666666667072,3.630333333333235,3.163333333333237,1.5126545420895667,1.4732097984235153,28,0.9411764705882353,1.0,48809
stacked_medium,0.0,q4_a1.5_and,10107,12.799999999999926,11.800000000000182,4.323333333333278,3.8843333333332146,1.675164886415538,1.6022045821245499,26,0.8823529411764706,1.0,48720
stacked_medium,0.0,q4_a1.5_and,10108,9.666666666666671,8.066666666666492,3.822333333333253,3.1683333333332575,1.6428716313926848,1.5145256891698438,31,0.8235294117647058,1.0,48868
stacked_medium,0.0,q4_a1.5_and,10109,11.133333333333326,9.466666666666676,4.233333333333169,3.3953333333332187,1.6601411561537924,1.507696497408368,25,0.8235294117647058,1.0,49325
stacked_medium,0.0,q4_a1.5_and,10110,9.133333333333383,7.933333333332882,3.2953333333332546,2.810333333333241,1.4786313639762472,1.4182825771823524,24,0.8823529411764706,1.0,49413
stacked_medium,0.0,q4_a1.5_and,10111,12.666666666666714,12.200000000000102,4.9593333333331024,4.120333333333114,1.6311355163090195,1.5741049516881012,41,0.8823529411764706,1.0,49351
stacked_medium,0.0,q4_a1.5_and,10112,11.666666666666401,8.133333333333411,4.091333333333207,3.311333333333201,1.5956310061614314,1.4825199748194766,40,0.9411764705882353,1.0,49468
stacked_medium,0.0,q4_a1.5_and,10113,13.266666666666595,12.600000000000136,4.233333333333261,3.898333333333243,1.5969844996790696,1.5857723511405197,29,0.9411764705882353,1.0,49212
stacked_medium,0.0,q4_a1.5_and,10114,10.800000000000004,9.866666666666447,3.8043333333332123,3.5883333333332432,1.54154597510251,1.5444566369772403,26,0.9411764705882353,1.0,49466
stacked_medium,0.0,q4_a1.5_and,10115,11.466666666666924,11.266666666666708,3.812333333333231,3.9193333333332485,1.5507153820650403,1.7175327545596482,36,1.0,1.0,49871
stacked_medium,0.0,q4_a1.5_and,10116,10.000000000000085,10.133333333333212,3.860333333333299,3.4023333333332784,1.558907947671505,1.5356310888506395,37,0.9411764705882353,1.0,50058
stacked_medium,0.0,q4_a1.5_and,10117,10.800000000000296,8.666666666666345,3.944333333333225,3.406333333333203,1.569270728991647,1.572101908052315,30,1.0,1.0,48610
stacked_medium,0.0,q4_a1.5_and,10118,11.599999999999895,10.800000000000004,4.373333333333164,3.566333333333207,1.6109354640191045,1.5851258713218481,29,0.9411764705882353,1.0,47973
stacked_medium,0.0,q4_a1.5_and,10119,11.266666666667106,10.266666666666083,4.505333333333214,3.753333333333204,1.695747180445755,1.5612871118803062,32,0.8235294117647058,1.0,49622
stacked_medium,0.0,q4_a1.5_and,10120,11.66666666666653,9.799999999999727,4.39233333333314,3.452333333333126,1.645700338428086,1.542380211810241,27,0.9411764705882353,1.0,49710
stacked_medium,0.0,q4_a1.5_and,10121,11.066666666666563,10.866666666666106,4.159333333333197,3.5053333333331915,1.5285762722901068,1.5071615314144615,18,0.7647058823529411,1.0,48983
stacked_medium,0.0,q4_a1.5_and,10122,9.533333333333232,10.066666666666379,3.5213333333332013,3.644333333333183,1.567599499449443,1.5939519986012558,32,0.9411764705882353,1.0,48551
stacked_medium,0.0,q4_a1.5_and,10123,9.800000000000239,11.466666666666413,3.535333333333173,3.9333333333332403,1.498159199041268,1.556902118772268,29,0.9411764705882353,1.0,49298
stacked_medium,0.0,q4_a1.5_and,10124,11.666666666666686,9.133333333333098,4.447333333333176,3.4013333333332345,1.6946046115266944,1.5233545967043338,24,0.8823529411764706,1.0,49900
stacked_medium,0.0,q4_a1.5_and,10125,12.000000000000114,9.066666666666777,4.603333333333235,3.4593333333332725,1.644267161796393,1.5101576453289816,29,1.0,1.0,50376
stacked_medium,0.0,q4_a1.5_and,10126,10.733333333333462,9.666666666667084,3.9093333333331644,3.4703333333331567,1.5613946961739371,1.5082014360224294,28,1.0,1.0,50191
stacked_medium,0.0,q4_a1.5_and,10127,11.533333333332962,9.066666666666379,4.073333333333274,3.3363333333332137,1.5385228298963427,1.4756734418245299,24,0.8823529411764706,1.0,48617
stacked_medium,0.0,q4_a1.5_and,10128,11.266666666665913,9.13333333333344,4.2493333333332854,3.2073333333332186,1.5482539353516835,1.447395511235485,35,0.9411764705882353,1.0,49010
stacked_medium,0.0,q4_a1.5_and,10129,11.19999999999942,10.733333333333064,4.324333333333282,3.5533333333332506,1.5703847746299424,1.5478184691285528,29,1.0,1.0,49237
stacked_medium,0.0,q8_a0.8_or,10100,10.13333333333334,6.933333333333394,3.583333333333253,2.6533333333332854,1.5831829562541657,1.5255104933232946,149,1.0,1.0,51822
stacked_medium,0.0,q8_a0.8_or,10101,9.666666666666671,8.333333333333627,3.9673333333332166,2.914333333333189,1.583786050596383,1.5120085036305853,149,1.0,1.0,51433
stacked_medium,0.0,q8_a0.8_or,10102,10.666666666667311,8.399999999999977,3.8333333333332757,3.1383333333332346,1.5736254463238086,1.5647754797444875,149,1.0,1.0,52259
stacked_medium,0.0,q8_a0.8_or,10103,10.999999999999545,8.733333333332666,4.344333333333247,3.1513333333332416,1.7128675560164388,1.58339415792041,149,1.0,1.0,52106
stacked_medium,0.0,q8_a0.8_or,10104,9.7999999999995,8.333333333332689,3.950333333333209,2.9183333333331696,1.529629547559403,1.434487087841498,149,1.0,1.0,52219
stacked_medium,0.0,q8_a0.8_or,10105,12.533333333333587,9.666666666666671,4.263333333333245,3.289333333333268,1.5670802012503233,1.5533143209406177,149,1.0,1.0,51195
stacked_medium,0.0,q8_a0.8_or,10106,9.999999999999972,8.999999999999375,3.630333333333235,3.0363333333332734,1.5126545420895667,1.4729058149682703,149,1.0,1.0,52083
stacked_medium,0.0,q8_a0.8_or,10107,12.799999999999926,9.733333333333405,4.323333333333278,3.2193333333332648,1.675164886415538,1.541232504366389,149,1.0,1.0,51991
stacked_medium,0.0,q8_a0.8_or,10108,9.666666666666671,9.199999999999704,3.822333333333253,3.074333333333255,1.6428716313926848,1.5659770481590776,149,1.0,1.0,51886
stacked_medium,0.0,q8_a0.8_or,10109,11.133333333333326,10.99999999999909,4.233333333333169,3.2693333333332646,1.6601411561537924,1.5638546859571707,149,1.0,1.0,51860
stacked_medium,0.0,q8_a0.8_or,10110,9.133333333333383,8.000000000000114,3.2953333333332546,2.7213333333332406,1.4786313639762472,1.5065279885946339,149,1.0,1.0,50960
stacked_medium,0.0,q8_a0.8_or,10111,12.666666666666714,11.06666666666652,4.9593333333331024,3.492333333333107,1.6311355163090195,1.5794938355622863,149,1.0,1.0,51190
stacked_medium,0.0,q8_a0.8_or,10112,11.666666666666401,8.066666666666208,4.091333333333207,3.041333333333248,1.5956310061614314,1.4814356023781519,149,1.0,1.0,52855
stacked_medium,0.0,q8_a0.8_or,10113,13.266666666666595,9.599999999999852,4.233333333333261,3.270333333333257,1.5969844996790696,1.5652297292816275,149,1.0,1.0,51901
stacked_medium,0.0,q8_a0.8_or,10114,10.800000000000004,8.333333333333343,3.8043333333332123,3.176333333333235,1.54154597510251,1.519740002931669,149,1.0,1.0,51705
stacked_medium,0.0,q8_a0.8_or,10115,11.466666666666924,8.53333333333319,3.812333333333231,3.09133333333327,1.5507153820650403,1.505323574746424,149,1.0,1.0,52610
stacked_medium,0.0,q8_a0.8_or,10116,10.000000000000085,8.466666666666868,3.860333333333299,3.1043333333332788,1.558907947671505,1.5833902919922949,149,1.0,1.0,52156
stacked_medium,0.0,q8_a0.8_or,10117,10.800000000000296,9.799999999999272,3.944333333333225,3.362333333333187,1.569270728991647,1.5693363053292833,149,1.0,1.0,51337
stacked_medium,0.0,q8_a0.8_or,10118,11.599999999999895,7.799999999999898,4.373333333333164,2.7843333333331985,1.6109354640191045,1.4235376136657922,149,1.0,1.0,51949
stacked_medium,0.0,q8_a0.8_or,10119,11.266666666667106,8.800000000000239,4.505333333333214,2.915333333333233,1.695747180445755,1.53521272208119,149,1.0,1.0,52406
stacked_medium,0.0,q8_a0.8_or,10120,11.66666666666653,8.466666666666242,4.39233333333314,3.04633333333319,1.645700338428086,1.4965177092914288,149,1.0,1.0,52887
stacked_medium,0.0,q8_a0.8_or,10121,11.066666666666563,9.799999999999983,4.159333333333197,3.4993333333332264,1.5285762722901068,1.4991548859378598,149,1.0,1.0,52692
stacked_medium,0.0,q8_a0.8_or,10122,9.533333333333232,7.799999999999898,3.5213333333332013,2.7473333333332226,1.567599499449443,1.4798989340830826,149,1.0,1.0,52269
stacked_medium,0.0,q8_a0.8_or,10123,9.800000000000239,8.26666666666597,3.535333333333173,3.206333333333203,1.498159199041268,1.514656451126022,149,1.0,1.0,52417
stacked_medium,0.0,q8_a0.8_or,10124,11.666666666666686,9.799999999999983,4.447333333333176,3.216333333333278,1.6946046115266944,1.5848690127091793,149,1.0,1.0,52766
stacked_medium,0.0,q8_a0.8_or,10125,12.000000000000114,8.533333333333076,4.603333333333235,3.1963333333332558,1.644267161796393,1.5018086729141686,149,1.0,1.0,51430
stacked_medium,0.0,q8_a0.8_or,10126,10.733333333333462,9.799999999999955,3.9093333333331644,3.2983333333331526,1.5613946961739371,1.4982354398735793,149,1.0,1.0,51715
stacked_medium,0.0,q8_a0.8_or,10127,11.533333333332962,9.93333333333237,4.073333333333274,3.325333333333211,1.5385228298963427,1.5063011357095908,149,1.0,1.0,51665
stacked_medium,0.0,q8_a0.8_or,10128,11.266666666665913,9.066666666666578,4.2493333333332854,3.1183333333332324,1.5482539353516835,1.4056419171516261,149,1.0,1.0,51502
stacked_medium,0.0,q8_a0.8_or,10129,11.19999999999942,8.266666666666026,4.324333333333282,2.9163333333332457,1.5703847746299424,1.4689350340288305,149,1.0,1.0,51996
stacked_medium,0.0,q8_a0.8_and,10100,10.13333333333334,10.13333333333334,3.583333333333253,3.583333333333253,1.5831829562541657,1.5831829562541657,0,0.0,,46963
stacked_medium,0.0,q8_a0.8_and,10101,9.666666666666671,9.666666666666671,3.9673333333332166,3.9673333333332166,1.583786050596383,1.583786050596383,0,0.0,,46978
stacked_medium,0.0,q8_a0.8_and,10102,10.666666666667311,10.666666666667311,3.8333333333332757,3.8333333333332757,1.5736254463238086,1.5736254463238086,0,0.0,,47832
stacked_medium,0.0,q8_a0.8_and,10103,10.999999999999545,10.999999999999545,4.344333333333247,4.344333333333247,1.7128675560164388,1.7128675560164388,0,0.0,,47327
stacked_medium,0.0,q8_a0.8_and,10104,9.7999999999995,10.133333333333042,3.950333333333209,3.9353333333331904,1.529629547559403,1.5489585080499106,1,0.058823529411764705,1.0,46810
stacked_medium,0.0,q8_a0.8_and,10105,12.533333333333587,12.533333333333587,4.263333333333245,4.263333333333245,1.5670802012503233,1.5670802012503233,0,0.0,,47311
stacked_medium,0.0,q8_a0.8_and,10106,9.999999999999972,10.800000000000004,3.630333333333235,3.7763333333332305,1.5126545420895667,1.5200135810506044,3,0.17647058823529413,1.0,48007
stacked_medium,0.0,q8_a0.8_and,10107,12.799999999999926,13.266666666666765,4.323333333333278,4.212333333333219,1.675164886415538,1.6234770562600938,2,0.11764705882352941,1.0,47444
stacked_medium,0.0,q8_a0.8_and,10108,9.666666666666671,9.666666666666671,3.822333333333253,4.004333333333224,1.6428716313926848,1.6403311238838305,1,0.058823529411764705,1.0,48116
stacked_medium,0.0,q8_a0.8_and,10109,11.133333333333326,11.133333333333326,4.233333333333169,4.233333333333169,1.6601411561537924,1.6601411561537924,1,0.058823529411764705,1.0,47622
stacked_medium,0.0,q8_a0.8_and,10110,9.133333333333383,9.133333333333383,3.2953333333332546,3.2953333333332546,1.4786313639762472,1.4786313639762472,0,0.0,,46665
stacked_medium,0.0,q8_a0.8_and,10111,12.666666666666714,12.666666666666714,4.9593333333331024,4.9593333333331024,1.6311355163090195,1.6311355163090195,0,0.0,,45998
stacked_medium,0.0,q8_a0.8_and,10112,11.666666666666401,11.666666666666401,4.091333333333207,4.091333333333207,1.5956310061614314,1.5956310061614314,0,0.0,,47449
stacked_medium,0.0,q8_a0.8_and,10113,13.266666666666595,13.266666666666595,4.233333333333261,4.233333333333261,1.5969844996790696,1.5969844996790696,0,0.0,,46723
stacked_medium,0.0,q8_a0.8_and,10114,10.800000000000004,10.800000000000004,3.8043333333332123,3.8043333333332123,1.54154597510251,1.54154597510251,0,0.0,,47070
stacked_medium,0.0,q8_a0.8_and,10115,11.466666666666924,12.3333333333333,3.812333333333231,4.208333333333226,1.5507153820650403,1.6087953536155055,1,0.058823529411764705,1.0,46514
stacked_medium,0.0,q8_a0.8_and,10116,10.000000000000085,10.000000000000085,3.860333333333299,3.860333333333299,1.558907947671505,1.558907947671505,0,0.0,,47858
stacked_medium,0.0,q8_a0.8_and,10117,10.800000000000296,10.800000000000296,3.944333333333225,3.944333333333225,1.569270728991647,1.569270728991647,0,0.0,,47755
stacked_medium,0.0,q8_a0.8_and,10118,11.599999999999895,11.599999999999895,4.373333333333164,4.373333333333164,1.6109354640191045,1.6109354640191045,0,0.0,,47139
stacked_medium,0.0,q8_a0.8_and,10119,11.266666666667106,11.266666666667106,4.505333333333214,4.505333333333214,1.695747180445755,1.695747180445755,0,0.0,,47063
stacked_medium,0.0,q8_a0.8_and,10120,11.66666666666653,11.000000000000014,4.39233333333314,4.155333333333175,1.645700338428086,1.629926930256417,1,0.058823529411764705,1.0,46991
stacked_medium,0.0,q8_a0.8_and,10121,11.066666666666563,11.066666666666563,4.159333333333197,4.159333333333197,1.5285762722901068,1.5285762722901068,1,0.058823529411764705,1.0,47122
stacked_medium,0.0,q8_a0.8_and,10122,9.533333333333232,9.533333333333232,3.5213333333332013,3.5213333333332013,1.567599499449443,1.567599499449443,0,0.0,,46725
stacked_medium,0.0,q8_a0.8_and,10123,9.800000000000239,9.800000000000239,3.535333333333173,3.535333333333173,1.498159199041268,1.498159199041268,0,0.0,,47151
stacked_medium,0.0,q8_a0.8_and,10124,11.666666666666686,11.666666666666686,4.447333333333176,4.447333333333176,1.6946046115266944,1.6946046115266944,0,0.0,,47251
stacked_medium,0.0,q8_a0.8_and,10125,12.000000000000114,10.266666666666424,4.603333333333235,4.022333333333258,1.644267161796393,1.5272126700981599,1,0.058823529411764705,1.0,46970
stacked_medium,0.0,q8_a0.8_and,10126,10.733333333333462,10.733333333333462,3.9093333333331644,3.9093333333331644,1.5613946961739371,1.5613946961739371,0,0.0,,47071
stacked_medium,0.0,q8_a0.8_and,10127,11.533333333332962,11.533333333332962,4.073333333333274,4.073333333333274,1.5385228298963427,1.5385228298963427,0,0.0,,47611
stacked_medium,0.0,q8_a0.8_and,10128,11.266666666665913,11.266666666665913,4.2493333333332854,4.2493333333332854,1.5482539353516835,1.5482539353516835,2,0.058823529411764705,1.0,47490
stacked_medium,0.0,q8_a0.8_and,10129,11.19999999999942,11.19999999999942,4.324333333333282,4.324333333333282,1.5703847746299424,1.5703847746299424,1,0.058823529411764705,1.0,47674
stacked_medium,0.0,q8_a1.5_or,10100,10.13333333333334,9.000000000000014,3.583333333333253,3.442333333333256,1.5831829562541657,1.5048432571739037,81,1.0,1.0,49434
stacked_medium,0.0,q8_a1.5_or,10101,9.666666666666671,8.333333333333343,3.9673333333332166,3.118333333333174,1.583786050596383,1.5071815338683192,81,1.0,1.0,49352
stacked_medium,0.0,q8_a1.5_or,10102,10.666666666667311,10.400000000000489,3.8333333333332757,3.4793333333332144,1.5736254463238086,1.5770101715080196,81,1.0,1.0,49794
stacked_medium,0.0,q8_a1.5_or,10103,10.999999999999545,9.999999999999261,4.344333333333247,3.1713333333332785,1.7128675560164388,1.4560565066268711,81,1.0,1.0,50238
stacked_medium,0.0,q8_a1.5_or,10104,9.7999999999995,9.799999999999969,3.950333333333209,3.1753333333332177,1.529629547559403,1.4439085686501048,81,1.0,1.0,49076
stacked_medium,0.0,q8_a1.5_or,10105,12.533333333333587,9.799999999999898,4.263333333333245,3.5773333333332427,1.5670802012503233,1.5635852544271547,81,1.0,1.0,49451
stacked_medium,0.0,q8_a1.5_or,10106,9.999999999999972,9.733333333333746,3.630333333333235,3.344333333333294,1.5126545420895667,1.5110196518928172,81,1.0,1.0,49998
stacked_medium,0.0,q8_a1.5_or,10107,12.799999999999926,11.800000000000097,4.323333333333278,3.9073333333332374,1.675164886415538,1.6115969743649206,81,1.0,1.0,48687
stacked_medium,0.0,q8_a1.5_or,10108,9.666666666666671,9.19999999999925,3.822333333333253,3.254333333333254,1.6428716313926848,1.5286987448717224,81,1.0,1.0,49533
stacked_medium,0.0,q8_a1.5_or,10109,11.133333333333326,9.79999999999987,4.233333333333169,3.6073333333332247,1.6601411561537924,1.5509706283006313,81,1.0,1.0,49644
stacked_medium,0.0,q8_a1.5_or,10110,9.133333333333383,7.933333333332882,3.2953333333332546,2.7723333333332416,1.4786313639762472,1.4175413179759473,81,1.0,1.0,49547
stacked_medium,0.0,q8_a1.5_or,10111,12.666666666666714,12.733333333333803,4.9593333333331024,4.104333333333127,1.6311355163090195,1.5802927858112608,81,1.0,1.0,49601
stacked_medium,0.0,q8_a1.5_or,10112,11.666666666666401,10.333333333332632,4.091333333333207,3.665333333333239,1.5956310061614314,1.5214943899260773,81,1.0,1.0,50080
stacked_medium,0.0,q8_a1.5_or,10113,13.266666666666595,12.600000000000136,4.233333333333261,3.898333333333243,1.5969844996790696,1.5857723511405197,81,1.0,1.0,49347
stacked_medium,0.0,q8_a1.5_or,10114,10.800000000000004,10.800000000000004,3.8043333333332123,3.6873333333332514,1.54154597510251,1.5038324904061673,81,1.0,1.0,49115
stacked_medium,0.0,q8_a1.5_or,10115,11.466666666666924,10.6666666666668,3.812333333333231,3.864333333333259,1.5507153820650403,1.6109539287205112,81,1.0,1.0,49745
stacked_medium,0.0,q8_a1.5_or,10116,10.000000000000085,9.533333333332394,3.860333333333299,3.403333333333243,1.558907947671505,1.543542356444546,81,1.0,1.0,51064
stacked_medium,0.0,q8_a1.5_or,10117,10.800000000000296,9.333333333333428,3.944333333333225,3.5533333333331956,1.569270728991647,1.5971686316341236,81,1.0,1.0,48186
stacked_medium,0.0,q8_a1.5_or,10118,11.599999999999895,10.800000000000004,4.373333333333164,3.5593333333332,1.6109354640191045,1.5826261637195094,81,1.0,1.0,48197
stacked_medium,0.0,q8_a1.5_or,10119,11.266666666667106,10.666666666666586,4.505333333333214,3.628333333333202,1.695747180445755,1.5346365260387436,81,1.0,1.0,48921
stacked_medium,0.0,q8_a1.5_or,10120,11.66666666666653,11.866666666666674,4.39233333333314,4.1413333333332245,1.645700338428086,1.5841130229782914,81,1.0,1.0,49571
stacked_medium,0.0,q8_a1.5_or,10121,11.066666666666563,9.666666666666174,4.159333333333197,3.7253333333332375,1.5285762722901068,1.5180151054883757,81,1.0,1.0,49259
stacked_medium,0.0,q8_a1.5_or,10122,9.533333333333232,12.20000000000033,3.5213333333332013,3.8313333333332373,1.567599499449443,1.6037803998791906,81,1.0,1.0,49647
stacked_medium,0.0,q8_a1.5_or,10123,9.800000000000239,11.466666666666413,3.535333333333173,3.93033333333324,1.498159199041268,1.5540863292985836,81,1.0,1.0,50048
stacked_medium,0.0,q8_a1.5_or,10124,11.666666666666686,8.066666666667004,4.447333333333176,3.4353333333332485,1.6946046115266944,1.5116502084504821,81,1.0,1.0,50827
stacked_medium,0.0,q8_a1.5_or,10125,12.000000000000114,9.066666666666663,4.603333333333235,3.2303333333332116,1.644267161796393,1.4726840087684843,81,1.0,1.0,49436
stacked_medium,0.0,q8_a1.5_or,10126,10.733333333333462,9.733333333332723,3.9093333333331644,3.2543333333331375,1.5613946961739371,1.4692243129916813,81,1.0,1.0,49431
stacked_medium,0.0,q8_a1.5_or,10127,11.533333333332962,8.333333333333599,4.073333333333274,3.1083333333332233,1.5385228298963427,1.451227358632566,81,1.0,1.0,48849
stacked_medium,0.0,q8_a1.5_or,10128,11.266666666665913,9.13333333333344,4.2493333333332854,3.1953333333332226,1.5482539353516835,1.4532392175291917,81,1.0,1.0,49075
stacked_medium,0.0,q8_a1.5_or,10129,11.19999999999942,10.999999999999943,4.324333333333282,3.63733333333325,1.5703847746299424,1.5470032942359375,81,1.0,1.0,49106
stacked_medium,0.0,q8_a1.5_and,10100,10.13333333333334,10.13333333333334,3.583333333333253,3.583333333333253,1.5831829562541657,1.5831829562541657,0,0.0,,46963
stacked_medium,0.0,q8_a1.5_and,10101,9.666666666666671,9.666666666666671,3.9673333333332166,3.9673333333332166,1.583786050596383,1.583786050596383,0,0.0,,46978
stacked_medium,0.0,q8_a1.5_and,10102,10.666666666667311,10.666666666667311,3.8333333333332757,3.8333333333332757,1.5736254463238086,1.5736254463238086,0,0.0,,47832
stacked_medium,0.0,q8_a1.5_and,10103,10.999999999999545,10.999999999999545,4.344333333333247,4.344333333333247,1.7128675560164388,1.7128675560164388,0,0.0,,47327
stacked_medium,0.0,q8_a1.5_and,10104,9.7999999999995,10.133333333333042,3.950333333333209,3.9353333333331904,1.529629547559403,1.5489585080499106,1,0.058823529411764705,1.0,46810
stacked_medium,0.0,q8_a1.5_and,10105,12.533333333333587,12.533333333333587,4.263333333333245,4.263333333333245,1.5670802012503233,1.5670802012503233,0,0.0,,47311
stacked_medium,0.0,q8_a1.5_and,10106,9.999999999999972,10.800000000000004,3.630333333333235,3.7763333333332305,1.5126545420895667,1.5200135810506044,3,0.17647058823529413,1.0,48007
stacked_medium,0.0,q8_a1.5_and,10107,12.799999999999926,13.266666666666765,4.323333333333278,4.212333333333219,1.675164886415538,1.6234770562600938,2,0.11764705882352941,1.0,47444
stacked_medium,0.0,q8_a1.5_and,10108,9.666666666666671,9.666666666666671,3.822333333333253,4.004333333333224,1.6428716313926848,1.6403311238838305,1,0.058823529411764705,1.0,48116
stacked_medium,0.0,q8_a1.5_and,10109,11.133333333333326,11.133333333333326,4.233333333333169,4.233333333333169,1.6601411561537924,1.6601411561537924,1,0.058823529411764705,1.0,47622
stacked_medium,0.0,q8_a1.5_and,10110,9.133333333333383,9.133333333333383,3.2953333333332546,3.2953333333332546,1.4786313639762472,1.4786313639762472,0,0.0,,46665
stacked_medium,0.0,q8_a1.5_and,10111,12.666666666666714,12.666666666666714,4.9593333333331024,4.9593333333331024,1.6311355163090195,1.6311355163090195,0,0.0,,45998
stacked_medium,0.0,q8_a1.5_and,10112,11.666666666666401,11.666666666666401,4.091333333333207,4.091333333333207,1.5956310061614314,1.5956310061614314,0,0.0,,47449
stacked_medium,0.0,q8_a1.5_and,10113,13.266666666666595,13.266666666666595,4.233333333333261,4.233333333333261,1.5969844996790696,1.5969844996790696,0,0.0,,46723
stacked_medium,0.0,q8_a1.5_and,10114,10.800000000000004,10.800000000000004,3.8043333333332123,3.8043333333332123,1.54154597510251,1.54154597510251,0,0.0,,47070
stacked_medium,0.0,q8_a1.5_and,10115,11.466666666666924,12.3333333333333,3.812333333333231,4.208333333333226,1.5507153820650403,1.6087953536155055,1,0.058823529411764705,1.0,46514
stacked_medium,0.0,q8_a1.5_and,10116,10.000000000000085,10.000000000000085,3.860333333333299,3.860333333333299,1.558907947671505,1.558907947671505,0,0.0,,47858
stacked_medium,0.0,q8_a1.5_and,10117,10.800000000000296,10.800000000000296,3.944333333333225,3.944333333333225,1.569270728991647,1.569270728991647,0,0.0,,47755
stacked_medium,0.0,q8_a1.5_and,10118,11.599999999999895,11.599999999999895,4.373333333333164,4.373333333333164,1.6109354640191045,1.6109354640191045,0,0.0,,47139
stacked_medium,0.0,q8_a1.5_and,10119,11.266666666667106,11.266666666667106,4.505333333333214,4.505333333333214,1.695747180445755,1.695747180445755,0,0.0,,47063
stacked_medium,0.0,q8_a1.5_and,10120,11.66666666666653,11.000000000000014,4.39233333333314,4.155333333333175,1.645700338428086,1.629926930256417,1,0.058823529411764705,1.0,46991
stacked_medium,0.0,q8_a1.5_and,10121,11.066666666666563,11.066666666666563,4.159333333333197,4.159333333333197,1.5285762722901068,1.5285762722901068,1,0.058823529411764705,1.0,47122
stacked_medium,0.0,q8_a1.5_and,10122,9.533333333333232,9.533333333333232,3.5213333333332013,3.5213333333332013,1.567599499449443,1.567599499449443,0,0.0,,46725
stacked_medium,0.0,q8_a1.5_and,10123,9.800000000000239,9.800000000000239,3.535333333333173,3.535333333333173,1.498159199041268,1.498159199041268,0,0.0,,47151
stacked_medium,0.0,q8_a1.5_and,10124,11.666666666666686,11.666666666666686,4.447333333333176,4.447333333333176,1.6946046115266944,1.6946046115266944,0,0.0,,47251
stacked_medium,0.0,q8_a1.5_and,10125,12.000000000000114,10.266666666666424,4.603333333333235,4.022333333333258,1.644267161796393,1.5272126700981599,1,0.058823529411764705,1.0,46970
stacked_medium,0.0,q8_a1.5_and,10126,10.733333333333462,10.733333333333462,3.9093333333331644,3.9093333333331644,1.5613946961739371,1.5613946961739371,0,0.0,,47071
stacked_medium,0.0,q8_a1.5_and,10127,11.533333333332962,11.533333333332962,4.073333333333274,4.073333333333274,1.5385228298963427,1.5385228298963427,0,0.0,,47611
stacked_medium,0.0,q8_a1.5_and,10128,11.266666666665913,11.266666666665913,4.2493333333332854,4.2493333333332854,1.5482539353516835,1.5482539353516835,2,0.058823529411764705,1.0,47490
stacked_medium,0.0,q8_a1.5_and,10129,11.19999999999942,11.19999999999942,4.324333333333282,4.324333333333282,1.5703847746299424,1.5703847746299424,1,0.058823529411764705,1.0,47674
stacked_medium,2.0,q2_a0.8_or,10100,11.133333333333212,8.6666666666668,3.756333333333227,2.9193333333332867,1.7915948419668175,1.757893847370467,159,1.0,1.0,51869
stacked_medium,2.0,q2_a0.8_or,10101,10.000000000000114,7.666666666666671,3.7743333333331024,2.8153333333331316,1.8336166110474141,1.6828349491776138,159,1.0,1.0,51146
stacked_medium,2.0,q2_a0.8_or,10102,11.066666666666563,9.599999999999909,4.013333333333236,3.0713333333332415,1.7634167725486398,1.8173295516821464,159,1.0,1.0,50597
stacked_medium,2.0,q2_a0.8_or,10103,12.133333333333496,10.066666666666492,4.266333333333249,3.289333333333271,1.8379479116636566,1.7196057724084997,159,1.0,1.0,51749
stacked_medium,2.0,q2_a0.8_or,10104,9.13333333333344,8.266666666666623,3.5003333333332436,3.0703333333332434,1.6193047250289714,1.699511880383685,161,1.0,1.0,51609
stacked_medium,2.0,q2_a0.8_or,10105,12.13333333333344,10.333333333332746,4.629333333333211,3.538333333333249,1.855039790418112,1.7244908870810016,160,1.0,1.0,50830
stacked_medium,2.0,q2_a0.8_or,10106,10.333333333333428,11.000000000000227,3.769333333333267,3.4503333333332273,1.7307928163108801,1.6970154470781613,159,1.0,1.0,50463
stacked_medium,2.0,q2_a0.8_or,10107,10.800000000000097,7.666666666666671,4.226333333333191,3.073333333333273,1.9314459143926148,1.730895839162993,159,1.0,1.0,51319
stacked_medium,2.0,q2_a0.8_or,10108,10.799999999999912,9.333333333333513,4.288333333333281,3.267333333333289,1.8317985665041923,1.789100331029086,160,1.0,1.0,51531
stacked_medium,2.0,q2_a0.8_or,10109,13.266666666666652,7.266666666666083,4.77533333333328,2.758333333333196,1.9682056348721557,1.7408000115997768,162,1.0,1.0,51267
stacked_medium,2.0,q2_a0.8_or,10110,10.466666666666654,8.3333333333334,3.6723333333333503,2.8593333333333253,1.6586026812757964,1.6206582992848002,158,1.0,1.0,52004
stacked_medium,2.0,q2_a0.8_or,10111,13.466666666667152,10.133333333333283,5.028333333333049,3.836333333333097,1.8486252844596869,1.7130403322159,157,1.0,1.0,51195
stacked_medium,2.0,q2_a0.8_or,10112,11.133333333333312,9.199999999999136,3.9633333333331935,3.240333333333169,1.758501514319892,1.6918778111917978,160,1.0,1.0,51001
stacked_medium,2.0,q2_a0.8_or,10113,10.46666666666664,8.466666666666569,4.481333333333308,3.0773333333332418,1.8413099246076754,1.6452451251006062,157,1.0,1.0,51176
stacked_medium,2.0,q2_a0.8_or,10114,12.733333333333348,9.666666666666401,4.109333333333263,3.2383333333332995,1.7114340252171132,1.7385328765418617,161,1.0,1.0,51098
stacked_medium,2.0,q2_a0.8_or,10115,11.466666666666669,8.999999999999204,3.9273333333332174,3.006333333333207,1.7811564008008625,1.7232032441158216,160,1.0,1.0,51756
stacked_medium,2.0,q2_a0.8_or,10116,10.800000000000004,9.26666666666597,3.87233333333329,3.3933333333332847,1.7918687945482106,1.7985949448377974,161,1.0,1.0,51945
stacked_medium,2.0,q2_a0.8_or,10117,15.000000000000568,8.800000000000125,4.738333333333189,2.992333333333237,1.8968311006216638,1.6918352819927238,158,1.0,1.0,51069
stacked_medium,2.0,q2_a0.8_or,10118,11.333333333332803,11.600000000000136,4.128333333333224,3.8873333333331974,1.7657697334998637,1.8752741241499367,159,1.0,1.0,50958
stacked_medium,2.0,q2_a0.8_or,10119,11.666666666666885,8.533333333332678,4.277333333333271,2.9473333333332117,1.8258662119856948,1.6921670965191418,161,1.0,1.0,51865
stacked_medium,2.0,q2_a0.8_or,10120,11.53333333333326,11.066666666666592,3.910333333333252,3.6273333333332096,1.814669737819688,1.8087072877627182,160,1.0,1.0,51536
stacked_medium,2.0,q2_a0.8_or,10121,10.13333333333344,8.933333333333294,4.38033333333329,3.522333333333265,1.789600368795683,1.6918807513408023,160,1.0,1.0,50806
stacked_medium,2.0,q2_a0.8_or,10122,10.666666666666458,10.999999999999716,3.914333333333259,3.7413333333333,1.8125608192861546,1.7428184039814678,161,1.0,1.0,51720
stacked_medium,2.0,q2_a0.8_or,10123,10.933333333333508,11.199999999998454,3.926333333333181,3.5553333333331936,1.8287536518390461,1.7067941711205656,159,1.0,1.0,51523
stacked_medium,2.0,q2_a0.8_or,10124,9.266666666666595,10.533333333332791,3.4073333333332156,3.593333333333255,1.7312341232614363,1.750404652419735,158,1.0,1.0,53147
stacked_medium,2.0,q2_a0.8_or,10125,10.466666666665787,8.266666666666673,4.081333333333211,2.886333333333223,1.7946008961127047,1.7004211670019103,157,1.0,1.0,50314
stacked_medium,2.0,q2_a0.8_or,10126,11.800000000000125,7.466666666666541,3.859333333333218,2.7453333333331456,1.7422628744186373,1.6808173806297793,158,1.0,1.0,51468
stacked_medium,2.0,q2_a0.8_or,10127,11.466666666666839,8.266666666666083,4.010333333333229,3.078333333333212,1.7008897028133847,1.7079887814453985,159,1.0,1.0,50772
stacked_medium,2.0,q2_a0.8_or,10128,11.133333333333496,8.46666666666664,3.897333333333224,3.117333333333223,1.7654028319667185,1.675428090602505,159,1.0,1.0,51366
stacked_medium,2.0,q2_a0.8_or,10129,12.000000000000057,8.200000000000273,4.13333333333327,3.0273333333333086,1.7410996969623596,1.703522565604056,157,1.0,1.0,51054
stacked_medium,2.0,q2_a0.8_and,10100,11.133333333333212,9.600000000000591,3.756333333333227,3.2333333333332837,1.7915948419668175,1.7472505989423532,145,1.0,1.0,51082
stacked_medium,2.0,q2_a0.8_and,10101,10.000000000000114,9.199999999998909,3.7743333333331024,3.2333333333331495,1.8336166110474141,1.7976503100000059,139,1.0,1.0,49808
stacked_medium,2.0,q2_a0.8_and,10102,11.066666666666563,11.933333333333195,4.013333333333236,3.6093333333332307,1.7634167725486398,1.8476956901665402,135,1.0,1.0,50668
stacked_medium,2.0,q2_a0.8_and,10103,12.133333333333496,7.800000000001205,4.266333333333249,2.7923333333333256,1.8379479116636566,1.6612210726948047,131,1.0,1.0,50954
stacked_medium,2.0,q2_a0.8_and,10104,9.13333333333344,6.79999999999967,3.5003333333332436,2.477333333333219,1.6193047250289714,1.5990474915651873,124,1.0,1.0,50716
stacked_medium,2.0,q2_a0.8_and,10105,12.13333333333344,8.533333333332962,4.629333333333211,3.13733333333327,1.855039790418112,1.723828797157077,137,1.0,1.0,50940
stacked_medium,2.0,q2_a0.8_and,10106,10.333333333333428,9.066666666666265,3.769333333333267,3.1523333333332766,1.7307928163108801,1.6799810677913714,137,1.0,1.0,50377
stacked_medium,2.0,q2_a0.8_and,10107,10.800000000000097,8.533333333333303,4.226333333333191,2.996333333333265,1.9314459143926148,1.7115458029043737,130,1.0,1.0,50316
stacked_medium,2.0,q2_a0.8_and,10108,10.799999999999912,7.933333333333394,4.288333333333281,2.965333333333295,1.8317985665041923,1.7785919601729245,136,1.0,1.0,51367
stacked_medium,2.0,q2_a0.8_and,10109,13.266666666666652,11.26666666666685,4.77533333333328,3.7813333333332544,1.9682056348721557,1.7673652070052819,130,1.0,1.0,51588
stacked_medium,2.0,q2_a0.8_and,10110,10.466666666666654,8.59999999999998,3.6723333333333503,2.8843333333332724,1.6586026812757964,1.6628259092926931,138,1.0,1.0,50927
stacked_medium,2.0,q2_a0.8_and,10111,13.466666666667152,10.333333333332575,5.028333333333049,3.5353333333331682,1.8486252844596869,1.7017110027210518,128,1.0,1.0,50643
stacked_medium,2.0,q2_a0.8_and,10112,11.133333333333312,9.53333333333336,3.9633333333331935,3.241333333333229,1.758501514319892,1.7272417901785715,141,1.0,1.0,50961
stacked_medium,2.0,q2_a0.8_and,10113,10.46666666666664,9.533333333333474,4.481333333333308,3.184333333333287,1.8413099246076754,1.71521616489816,134,1.0,1.0,50157
stacked_medium,2.0,q2_a0.8_and,10114,12.733333333333348,9.60000000000008,4.109333333333263,3.262333333333268,1.7114340252171132,1.7109483406669617,136,1.0,1.0,52029
stacked_medium,2.0,q2_a0.8_and,10115,11.466666666666669,8.999999999999716,3.9273333333332174,3.2243333333331914,1.7811564008008625,1.7536003347932214,141,1.0,1.0,52312
stacked_medium,2.0,q2_a0.8_and,10116,10.800000000000004,9.933333333333621,3.87233333333329,3.090333333333291,1.7918687945482106,1.7854607743779018,124,1.0,1.0,51392
stacked_medium,2.0,q2_a0.8_and,10117,15.000000000000568,9.199999999999918,4.738333333333189,2.9613333333332377,1.8968311006216638,1.7053645080978574,131,1.0,1.0,49880
stacked_medium,2.0,q2_a0.8_and,10118,11.333333333332803,7.933333333333309,4.128333333333224,2.935333333333199,1.7657697334998637,1.7721232929465243,139,1.0,1.0,51357
stacked_medium,2.0,q2_a0.8_and,10119,11.666666666666885,9.999999999999915,4.277333333333271,3.3723333333331875,1.8258662119856948,1.797812556336321,133,1.0,1.0,51482
stacked_medium,2.0,q2_a0.8_and,10120,11.53333333333326,10.733333333333462,3.910333333333252,3.855333333333231,1.814669737819688,1.8255360543375274,136,1.0,1.0,51491
stacked_medium,2.0,q2_a0.8_and,10121,10.13333333333344,10.466666666666953,4.38033333333329,3.421333333333233,1.789600368795683,1.6779646277568714,130,1.0,1.0,50995
stacked_medium,2.0,q2_a0.8_and,10122,10.666666666666458,8.933333333333252,3.914333333333259,3.1793333333332385,1.8125608192861546,1.702303868600293,142,1.0,1.0,50256
stacked_medium,2.0,q2_a0.8_and,10123,10.933333333333508,9.466666666666676,3.926333333333181,3.4853333333332275,1.8287536518390461,1.7661997358630968,144,1.0,1.0,51287
stacked_medium,2.0,q2_a0.8_and,10124,9.266666666666595,11.93333333333328,3.4073333333332156,3.366333333333259,1.7312341232614363,1.83307289398942,137,1.0,1.0,51791
stacked_medium,2.0,q2_a0.8_and,10125,10.466666666665787,12.599999999999909,4.081333333333211,3.8533333333332886,1.7946008961127047,1.6937453158049989,143,1.0,1.0,50149
stacked_medium,2.0,q2_a0.8_and,10126,11.800000000000125,9.933333333333337,3.859333333333218,3.474333333333215,1.7422628744186373,1.750668400633658,140,1.0,1.0,51409
stacked_medium,2.0,q2_a0.8_and,10127,11.466666666666839,7.199999999998681,4.010333333333229,2.831333333333236,1.7008897028133847,1.6719308524519008,138,1.0,1.0,51057
stacked_medium,2.0,q2_a0.8_and,10128,11.133333333333496,8.933333333331802,3.897333333333224,3.226333333333198,1.7654028319667185,1.7330805775924412,138,1.0,1.0,50967
stacked_medium,2.0,q2_a0.8_and,10129,12.000000000000057,9.06666666666672,4.13333333333327,3.119333333333263,1.7410996969623596,1.6469754081947545,130,1.0,1.0,50277
stacked_medium,2.0,q2_a1.5_or,10100,11.133333333333212,7.266666666666197,3.756333333333227,2.7713333333332586,1.7915948419668175,1.7360338451180581,151,1.0,1.0,51845
stacked_medium,2.0,q2_a1.5_or,10101,10.000000000000114,9.733333333333576,3.7743333333331024,3.0803333333331384,1.8336166110474141,1.756763868188505,151,1.0,1.0,50135
stacked_medium,2.0,q2_a1.5_or,10102,11.066666666666563,9.60000000000008,4.013333333333236,3.1283333333332575,1.7634167725486398,1.8238511275411844,145,1.0,1.0,50524
stacked_medium,2.0,q2_a1.5_or,10103,12.133333333333496,9.333333333333343,4.266333333333249,3.3703333333332925,1.8379479116636566,1.7058088285138258,152,1.0,1.0,51520
stacked_medium,2.0,q2_a1.5_or,10104,9.13333333333344,8.266666666666623,3.5003333333332436,3.0703333333332434,1.6193047250289714,1.699511880383685,157,1.0,1.0,51609
stacked_medium,2.0,q2_a1.5_or,10105,12.13333333333344,10.400000000000432,4.629333333333211,3.634333333333253,1.855039790418112,1.7244577118680362,155,1.0,1.0,50804
stacked_medium,2.0,q2_a1.5_or,10106,10.333333333333428,9.933333333334417,3.769333333333267,3.4023333333331998,1.7307928163108801,1.755315113839585,146,1.0,1.0,50349
stacked_medium,2.0,q2_a1.5_or,10107,10.800000000000097,9.733333333333007,4.226333333333191,3.333333333333268,1.9314459143926148,1.7657819011418285,151,1.0,1.0,51507
stacked_medium,2.0,q2_a1.5_or,10108,10.799999999999912,9.400000000000148,4.288333333333281,3.327333333333276,1.8317985665041923,1.7770456264598993,153,1.0,1.0,51229
stacked_medium,2.0,q2_a1.5_or,10109,13.266666666666652,7.266666666666083,4.77533333333328,2.758333333333196,1.9682056348721557,1.7408000115997768,149,1.0,1.0,51267
stacked_medium,2.0,q2_a1.5_or,10110,10.466666666666654,7.0,3.6723333333333503,2.614333333333243,1.6586026812757964,1.5693744121551558,150,1.0,1.0,51660
stacked_medium,2.0,q2_a1.5_or,10111,13.466666666667152,10.133333333333283,5.028333333333049,3.7033333333330503,1.8486252844596869,1.7639219576523868,142,1.0,1.0,50583
stacked_medium,2.0,q2_a1.5_or,10112,11.133333333333312,10.800000000000182,3.9633333333331935,3.566333333333203,1.758501514319892,1.785345908742556,153,1.0,1.0,50757
stacked_medium,2.0,q2_a1.5_or,10113,10.46666666666664,8.600000000000477,4.481333333333308,3.3223333333332725,1.8413099246076754,1.6773551505499622,151,1.0,1.0,51023
stacked_medium,2.0,q2_a1.5_or,10114,12.733333333333348,8.99999999999983,4.109333333333263,3.2583333333332987,1.7114340252171132,1.7121506806116462,151,1.0,1.0,50711
stacked_medium,2.0,q2_a1.5_or,10115,11.466666666666669,10.59999999999934,3.9273333333332174,3.4793333333332255,1.7811564008008625,1.7287745622436825,154,1.0,1.0,50896
stacked_medium,2.0,q2_a1.5_or,10116,10.800000000000004,9.26666666666597,3.87233333333329,3.3933333333332847,1.7918687945482106,1.7985949448377974,158,1.0,1.0,51945
stacked_medium,2.0,q2_a1.5_or,10117,15.000000000000568,8.800000000000125,4.738333333333189,3.199333333333217,1.8968311006216638,1.7389616095537943,147,1.0,1.0,50602
stacked_medium,2.0,q2_a1.5_or,10118,11.333333333332803,10.933333333333394,4.128333333333224,3.7153333333331995,1.7657697334998637,1.864571057109367,152,1.0,1.0,50725
stacked_medium,2.0,q2_a1.5_or,10119,11.666666666666885,8.533333333332678,4.277333333333271,2.9473333333332117,1.8258662119856948,1.6921670965191418,153,1.0,1.0,51865
stacked_medium,2.0,q2_a1.5_or,10120,11.53333333333326,10.06666666666655,3.910333333333252,3.514333333333145,1.814669737819688,1.7366257731571535,151,1.0,1.0,51339
stacked_medium,2.0,q2_a1.5_or,10121,10.13333333333344,8.399999999999295,4.38033333333329,3.258333333333281,1.789600368795683,1.6685119275274898,151,1.0,1.0,51078
stacked_medium,2.0,q2_a1.5_or,10122,10.666666666666458,10.666666666666572,3.914333333333259,3.7113333333332896,1.8125608192861546,1.739996840892145,155,1.0,1.0,51777
stacked_medium,2.0,q2_a1.5_or,10123,10.933333333333508,8.86666666666656,3.926333333333181,3.0733333333331854,1.8287536518390461,1.6463931554835622,157,1.0,1.0,51226
stacked_medium,2.0,q2_a1.5_or,10124,9.266666666666595,11.066666666666606,3.4073333333332156,3.370333333333253,1.7312341232614363,1.7229569869476213,151,1.0,1.0,52273
stacked_medium,2.0,q2_a1.5_or,10125,10.466666666665787,8.399999999999864,4.081333333333211,2.970333333333242,1.7946008961127047,1.6845199021198294,150,1.0,1.0,50266
stacked_medium,2.0,q2_a1.5_or,10126,11.800000000000125,9.133333333332871,3.859333333333218,3.308333333333191,1.7422628744186373,1.7083203485644218,152,1.0,1.0,51569
stacked_medium,2.0,q2_a1.5_or,10127,11.466666666666839,7.866666666665878,4.010333333333229,2.9273333333332046,1.7008897028133847,1.6398767103265606,140,1.0,1.0,51096
stacked_medium,2.0,q2_a1.5_or,10128,11.133333333333496,8.999999999999773,3.897333333333224,3.2463333333332414,1.7654028319667185,1.6153936730944287,154,1.0,1.0,51073
stacked_medium,2.0,q2_a1.5_or,10129,12.000000000000057,8.399999999999466,4.13333333333327,3.056333333333289,1.7410996969623596,1.6970747995865871,149,1.0,1.0,50195
stacked_medium,2.0,q2_a1.5_and,10100,11.133333333333212,8.533333333333346,3.756333333333227,3.076333333333283,1.7915948419668175,1.7292564218159847,58,1.0,1.0,49224
stacked_medium,2.0,q2_a1.5_and,10101,10.000000000000114,10.466666666666356,3.7743333333331024,3.4453333333332057,1.8336166110474141,1.780993950555053,56,1.0,1.0,49018
stacked_medium,2.0,q2_a1.5_and,10102,11.066666666666563,10.86666666666656,4.013333333333236,3.840333333333216,1.7634167725486398,1.8946920067102824,65,1.0,1.0,49270
stacked_medium,2.0,q2_a1.5_and,10103,12.133333333333496,13.266666666667106,4.266333333333249,4.126333333333227,1.8379479116636566,1.8924497817347707,59,1.0,1.0,49692
stacked_medium,2.0,q2_a1.5_and,10104,9.13333333333344,8.800000000000125,3.5003333333332436,3.3803333333332173,1.6193047250289714,1.6585029112189633,52,1.0,1.0,49735
stacked_medium,2.0,q2_a1.5_and,10105,12.13333333333344,11.399999999999693,4.629333333333211,4.085333333333295,1.855039790418112,1.795103110297587,61,1.0,1.0,47983
stacked_medium,2.0,q2_a1.5_and,10106,10.333333333333428,10.599999999999937,3.769333333333267,3.4153333333332285,1.7307928163108801,1.677441054049595,57,1.0,1.0,50274
stacked_medium,2.0,q2_a1.5_and,10107,10.800000000000097,10.266666666666254,4.226333333333191,3.4983333333332225,1.9314459143926148,1.7461580393792144,59,1.0,1.0,49611
stacked_medium,2.0,q2_a1.5_and,10108,10.799999999999912,8.93333333333328,4.288333333333281,3.333333333333288,1.8317985665041923,1.80875250378091,50,1.0,1.0,49721
stacked_medium,2.0,q2_a1.5_and,10109,13.266666666666652,9.133333333333042,4.77533333333328,3.361333333333239,1.9682056348721557,1.7356679915722901,55,1.0,1.0,49662
stacked_medium,2.0,q2_a1.5_and,10110,10.466666666666654,8.533333333332394,3.6723333333333503,2.9573333333332386,1.6586026812757964,1.6256776511457167,46,1.0,1.0,48967
stacked_medium,2.0,q2_a1.5_and,10111,13.466666666667152,10.400000000000176,5.028333333333049,3.7483333333331617,1.8486252844596869,1.7329804004641594,55,1.0,1.0,48951
stacked_medium,2.0,q2_a1.5_and,10112,11.133333333333312,8.866666666666902,3.9633333333331935,3.353333333333225,1.758501514319892,1.7240191602578034,59,1.0,1.0,49053
stacked_medium,2.0,q2_a1.5_and,10113,10.46666666666664,10.933333333333621,4.481333333333308,3.7363333333332496,1.8413099246076754,1.7774879814756341,50,1.0,1.0,48946
stacked_medium,2.0,q2_a1.5_and,10114,12.733333333333348,10.800000000000004,4.109333333333263,3.6923333333332313,1.7114340252171132,1.7643431658522808,62,1.0,1.0,48424
stacked_medium,2.0,q2_a1.5_and,10115,11.466666666666669,11.599999999999,3.9273333333332174,3.821333333333176,1.7811564008008625,1.8354185836106873,62,1.0,1.0,48835
stacked_medium,2.0,q2_a1.5_and,10116,10.800000000000004,8.333333333333542,3.87233333333329,3.193333333333295,1.7918687945482106,1.803050738229355,55,1.0,1.0,49582
stacked_medium,2.0,q2_a1.5_and,10117,15.000000000000568,9.333333333333428,4.738333333333189,3.1683333333332273,1.8968311006216638,1.7481556088221677,49,1.0,1.0,48612
stacked_medium,2.0,q2_a1.5_and,10118,11.333333333332803,11.066666666666748,4.128333333333224,3.3783333333332433,1.7657697334998637,1.7175885105941233,53,1.0,1.0,48840
stacked_medium,2.0,q2_a1.5_and,10119,11.666666666666885,9.266666666666666,4.277333333333271,3.1743333333331885,1.8258662119856948,1.6446076675571941,47,1.0,1.0,48415
stacked_medium,2.0,q2_a1.5_and,10120,11.53333333333326,8.066666666665355,3.910333333333252,3.2563333333331714,1.814669737819688,1.7247185675215158,57,1.0,1.0,48712
stacked_medium,2.0,q2_a1.5_and,10121,10.13333333333344,10.733333333332894,4.38033333333329,4.243333333333248,1.789600368795683,1.801672541187006,69,1.0,1.0,48919
stacked_medium,2.0,q2_a1.5_and,10122,10.666666666666458,10.000000000000341,3.914333333333259,3.5313333333332726,1.8125608192861546,1.8064673461588265,54,1.0,1.0,48586
stacked_medium,2.0,q2_a1.5_and,10123,10.933333333333508,8.599999999999994,3.926333333333181,2.9543333333332167,1.8287536518390461,1.7626586426049868,42,1.0,1.0,49149
stacked_medium,2.0,q2_a1.5_and,10124,9.266666666666595,11.999999999999488,3.4073333333332156,3.725333333333245,1.7312341232614363,1.8841317929057757,52,1.0,1.0,48918
stacked_medium,2.0,q2_a1.5_and,10125,10.466666666665787,11.46666666666664,4.081333333333211,3.616333333333238,1.7946008961127047,1.6978944400251696,65,1.0,1.0,49142
stacked_medium,2.0,q2_a1.5_and,10126,11.800000000000125,8.333333333333343,3.859333333333218,3.1013333333331587,1.7422628744186373,1.6736431747950222,55,1.0,1.0,48660
stacked_medium,2.0,q2_a1.5_and,10127,11.466666666666839,9.866666666666106,4.010333333333229,3.539333333333187,1.7008897028133847,1.7182328554851864,53,1.0,1.0,48546
stacked_medium,2.0,q2_a1.5_and,10128,11.133333333333496,12.266666666666673,3.897333333333224,3.812333333333263,1.7654028319667185,1.674588877160283,63,1.0,1.0,48738
stacked_medium,2.0,q2_a1.5_and,10129,12.000000000000057,8.466666666666683,4.13333333333327,2.966333333333226,1.7410996969623596,1.6344047949072185,46,1.0,1.0,49084
stacked_medium,2.0,q4_a0.8_or,10100,11.133333333333212,8.333333333333144,3.756333333333227,3.0973333333332307,1.7915948419668175,1.7637574567838035,149,1.0,1.0,51814
stacked_medium,2.0,q4_a0.8_or,10101,10.000000000000114,6.6666666666667425,3.7743333333331024,2.6183333333331786,1.8336166110474141,1.698465892846445,149,1.0,1.0,51051
stacked_medium,2.0,q4_a0.8_or,10102,11.066666666666563,10.333333333333428,4.013333333333236,3.3323333333332097,1.7634167725486398,1.7842604811506084,149,1.0,1.0,50962
stacked_medium,2.0,q4_a0.8_or,10103,12.133333333333496,7.999999999999432,4.266333333333249,2.888333333333317,1.8379479116636566,1.6898505822609482,149,1.0,1.0,52005
stacked_medium,2.0,q4_a0.8_or,10104,9.13333333333344,8.399999999998727,3.5003333333332436,3.0423333333332687,1.6193047250289714,1.6435838078952794,149,1.0,1.0,51397
stacked_medium,2.0,q4_a0.8_or,10105,12.13333333333344,11.999999999999915,4.629333333333211,3.7383333333332707,1.855039790418112,1.7141674812533498,149,1.0,1.0,50865
stacked_medium,2.0,q4_a0.8_or,10106,10.333333333333428,8.26666666666614,3.769333333333267,3.0233333333332344,1.7307928163108801,1.7181335722928472,149,1.0,1.0,51165
stacked_medium,2.0,q4_a0.8_or,10107,10.800000000000097,9.33333333333303,4.226333333333191,2.969333333333269,1.9314459143926148,1.7157577698711524,149,1.0,1.0,50883
stacked_medium,2.0,q4_a0.8_or,10108,10.799999999999912,7.266666666667334,4.288333333333281,2.6903333333333,1.8317985665041923,1.7025798086515436,149,1.0,1.0,52322
stacked_medium,2.0,q4_a0.8_or,10109,13.266666666666652,9.933333333332826,4.77533333333328,3.4393333333332223,1.9682056348721557,1.7323188822140312,149,1.0,1.0,51589
stacked_medium,2.0,q4_a0.8_or,10110,10.466666666666654,8.133333333332757,3.6723333333333503,2.8173333333332806,1.6586026812757964,1.6392769225920454,149,1.0,1.0,51658
stacked_medium,2.0,q4_a0.8_or,10111,13.466666666667152,8.333333333333329,5.028333333333049,2.983333333333133,1.8486252844596869,1.7111828040846242,149,1.0,1.0,50782
stacked_medium,2.0,q4_a0.8_or,10112,11.133333333333312,7.666666666666913,3.9633333333331935,2.7703333333332436,1.758501514319892,1.6403349565506289,149,1.0,1.0,51310
stacked_medium,2.0,q4_a0.8_or,10113,10.46666666666664,7.466666666666242,4.481333333333308,2.7703333333332876,1.8413099246076754,1.666016375699926,149,1.0,1.0,51182
stacked_medium,2.0,q4_a0.8_or,10114,12.733333333333348,10.333333333333258,4.109333333333263,3.438333333333311,1.7114340252171132,1.7307984310621891,149,1.0,1.0,51500
stacked_medium,2.0,q4_a0.8_or,10115,11.466666666666669,8.999999999999716,3.9273333333332174,3.2243333333331914,1.7811564008008625,1.7536003347932214,149,1.0,1.0,52312
stacked_medium,2.0,q4_a0.8_or,10116,10.800000000000004,8.466666666666242,3.87233333333329,3.2743333333332987,1.7918687945482106,1.808423733539758,149,1.0,1.0,52085
stacked_medium,2.0,q4_a0.8_or,10117,15.000000000000568,10.400000000000347,4.738333333333189,3.753333333333217,1.8968311006216638,1.8070333998550288,149,1.0,1.0,51536
stacked_medium,2.0,q4_a0.8_or,10118,11.333333333332803,8.199999999999477,4.128333333333224,2.867333333333194,1.7657697334998637,1.7359738954197703,149,1.0,1.0,50820
stacked_medium,2.0,q4_a0.8_or,10119,11.666666666666885,9.999999999999915,4.277333333333271,3.2573333333332304,1.8258662119856948,1.7792963700662658,149,1.0,1.0,51481
stacked_medium,2.0,q4_a0.8_or,10120,11.53333333333326,8.06666666666672,3.910333333333252,2.9003333333331285,1.814669737819688,1.6998908709711684,149,1.0,1.0,51878
stacked_medium,2.0,q4_a0.8_or,10121,10.13333333333344,11.666666666666856,4.38033333333329,3.5283333333332676,1.789600368795683,1.6917408030299874,149,1.0,1.0,51098
stacked_medium,2.0,q4_a0.8_or,10122,10.666666666666458,8.733333333333917,3.914333333333259,2.924333333333278,1.8125608192861546,1.6928538272306466,149,1.0,1.0,50745
stacked_medium,2.0,q4_a0.8_or,10123,10.933333333333508,8.59999999999998,3.926333333333181,3.054333333333234,1.8287536518390461,1.710761017822964,149,1.0,1.0,51488
stacked_medium,2.0,q4_a0.8_or,10124,9.266666666666595,10.666666666666657,3.4073333333332156,3.5243333333332436,1.7312341232614363,1.8569098707994849,149,1.0,1.0,52164
stacked_medium,2.0,q4_a0.8_or,10125,10.466666666665787,7.733333333333007,4.081333333333211,2.7983333333332205,1.7946008961127047,1.6434947984431938,149,1.0,1.0,51108
stacked_medium,2.0,q4_a0.8_or,10126,11.800000000000125,8.46666666666664,3.859333333333218,3.2463333333331676,1.7422628744186373,1.7172448533548192,149,1.0,1.0,51781
stacked_medium,2.0,q4_a0.8_or,10127,11.466666666666839,9.733333333332098,4.010333333333229,3.2583333333332627,1.7008897028133847,1.6787556785921935,149,1.0,1.0,51088
stacked_medium,2.0,q4_a0.8_or,10128,11.133333333333496,7.799999999999784,3.897333333333224,3.0143333333332056,1.7654028319667185,1.7182516043951759,149,1.0,1.0,51171
stacked_medium,2.0,q4_a0.8_or,10129,12.000000000000057,8.799999999999955,4.13333333333327,3.15233333333324,1.7410996969623596,1.7039314593140986,149,1.0,1.0,50812
stacked_medium,2.0,q4_a0.8_and,10100,11.133333333333212,9.333333333333243,3.756333333333227,3.3613333333332505,1.7915948419668175,1.7520915048871493,69,1.0,1.0,48561
stacked_medium,2.0,q4_a0.8_and,10101,10.000000000000114,9.666666666666686,3.7743333333331024,3.607333333333221,1.8336166110474141,1.8434732833507292,57,1.0,1.0,49096
stacked_medium,2.0,q4_a0.8_and,10102,11.066666666666563,10.399999999999906,4.013333333333236,3.611333333333243,1.7634167725486398,1.8157395904969238,60,0.9411764705882353,1.0,48852
stacked_medium,2.0,q4_a0.8_and,10103,12.133333333333496,10.266666666666822,4.266333333333249,3.382333333333273,1.8379479116636566,1.7303217684349506,50,1.0,1.0,49477
stacked_medium,2.0,q4_a0.8_and,10104,9.13333333333344,8.000000000000114,3.5003333333332436,3.3323333333332243,1.6193047250289714,1.6691932008761137,52,1.0,1.0,49123
stacked_medium,2.0,q4_a0.8_and,10105,12.13333333333344,10.333333333333542,4.629333333333211,3.7543333333332565,1.855039790418112,1.7441806428567894,43,1.0,1.0,49233
stacked_medium,2.0,q4_a0.8_and,10106,10.333333333333428,10.19999999999996,3.769333333333267,3.667333333333251,1.7307928163108801,1.7043995981134297,55,0.9411764705882353,1.0,48487
stacked_medium,2.0,q4_a0.8_and,10107,10.800000000000097,9.466666666666072,4.226333333333191,3.079333333333269,1.9314459143926148,1.687867297692159,38,1.0,1.0,49158
stacked_medium,2.0,q4_a0.8_and,10108,10.799999999999912,12.399999999999693,4.288333333333281,3.765333333333251,1.8317985665041923,1.7352869844165937,57,0.9411764705882353,1.0,49720
stacked_medium,2.0,q4_a0.8_and,10109,13.266666666666652,10.599999999999909,4.77533333333328,3.4663333333332322,1.9682056348721557,1.723271672272545,52,1.0,1.0,49243
stacked_medium,2.0,q4_a0.8_and,10110,10.466666666666654,7.933333333333508,3.6723333333333503,2.819333333333274,1.6586026812757964,1.635813595694789,42,0.9411764705882353,1.0,48651
stacked_medium,2.0,q4_a0.8_and,10111,13.466666666667152,14.333333333333314,5.028333333333049,4.56633333333309,1.8486252844596869,1.7622758571203945,61,1.0,1.0,49198
stacked_medium,2.0,q4_a0.8_and,10112,11.133333333333312,11.733333333333348,3.9633333333331935,3.637333333333247,1.758501514319892,1.732365273796217,51,1.0,1.0,49115
stacked_medium,2.0,q4_a0.8_and,10113,10.46666666666664,9.333333333332916,4.481333333333308,3.377333333333197,1.8413099246076754,1.6289934193210598,52,0.9411764705882353,1.0,48611
stacked_medium,2.0,q4_a0.8_and,10114,12.733333333333348,11.400000000000205,4.109333333333263,3.407333333333225,1.7114340252171132,1.7277990157393652,37,0.9411764705882353,1.0,48637
stacked_medium,2.0,q4_a0.8_and,10115,11.466666666666669,9.400000000000432,3.9273333333332174,3.5283333333332343,1.7811564008008625,1.7508423837446796,60,0.8823529411764706,1.0,48645
stacked_medium,2.0,q4_a0.8_and,10116,10.800000000000004,10.13333333333334,3.87233333333329,3.5413333333332675,1.7918687945482106,1.8165155833911946,55,1.0,1.0,49123
stacked_medium,2.0,q4_a0.8_and,10117,15.000000000000568,10.13333333333324,4.738333333333189,3.552333333333245,1.8968311006216638,1.7324048620295522,70,1.0,1.0,48661
stacked_medium,2.0,q4_a0.8_and,10118,11.333333333332803,10.666666666666345,4.128333333333224,3.297333333333226,1.7657697334998637,1.7589863839106061,66,1.0,1.0,49358
stacked_medium,2.0,q4_a0.8_and,10119,11.666666666666885,10.0,4.277333333333271,3.5013333333332524,1.8258662119856948,1.7339516041007061,52,0.9411764705882353,1.0,49267
stacked_medium,2.0,q4_a0.8_and,10120,11.53333333333326,10.666666666666856,3.910333333333252,3.718333333333237,1.814669737819688,1.7714113179981092,73,1.0,1.0,48828
stacked_medium,2.0,q4_a0.8_and,10121,10.13333333333344,11.133333333333098,4.38033333333329,3.7543333333332374,1.789600368795683,1.7348765193703881,52,1.0,1.0,48405
stacked_medium,2.0,q4_a0.8_and,10122,10.666666666666458,8.799999999999955,3.914333333333259,3.346333333333177,1.8125608192861546,1.7251741352382874,51,0.9411764705882353,1.0,48763
stacked_medium,2.0,q4_a0.8_and,10123,10.933333333333508,9.199999999999818,3.926333333333181,3.4883333333332227,1.8287536518390461,1.7135706976868432,58,1.0,1.0,50280
stacked_medium,2.0,q4_a0.8_and,10124,9.266666666666595,10.666666666666117,3.4073333333332156,3.8363333333332696,1.7312341232614363,1.8505597298852796,45,0.9411764705882353,1.0,48764
stacked_medium,2.0,q4_a0.8_and,10125,10.466666666665787,8.33333333333428,4.081333333333211,3.4093333333332883,1.7946008961127047,1.6775866885221282,54,1.0,1.0,48695
stacked_medium,2.0,q4_a0.8_and,10126,11.800000000000125,10.266666666666481,3.859333333333218,3.532333333333177,1.7422628744186373,1.7124693316183908,46,1.0,1.0,48566
stacked_medium,2.0,q4_a0.8_and,10127,11.466666666666839,10.666666666666742,4.010333333333229,3.5123333333332125,1.7008897028133847,1.6981054829007627,36,1.0,1.0,49150
stacked_medium,2.0,q4_a0.8_and,10128,11.133333333333496,11.466666666665787,3.897333333333224,3.922333333333222,1.7654028319667185,1.683170859735178,57,0.9411764705882353,1.0,48998
stacked_medium,2.0,q4_a0.8_and,10129,12.000000000000057,10.933333333333678,4.13333333333327,3.715333333333232,1.7410996969623596,1.692809238440969,46,1.0,1.0,48620
stacked_medium,2.0,q4_a1.5_or,10100,11.133333333333212,9.333333333333243,3.756333333333227,3.3613333333332505,1.7915948419668175,1.7520915048871493,107,1.0,1.0,48561
stacked_medium,2.0,q4_a1.5_or,10101,10.000000000000114,8.533333333333587,3.7743333333331024,3.3873333333331983,1.8336166110474141,1.7760313671313803,105,1.0,1.0,48987
stacked_medium,2.0,q4_a1.5_or,10102,11.066666666666563,10.799999999999727,4.013333333333236,3.4173333333332137,1.7634167725486398,1.8373255926476508,102,1.0,1.0,49781
stacked_medium,2.0,q4_a1.5_or,10103,12.133333333333496,10.266666666666822,4.266333333333249,3.382333333333273,1.8379479116636566,1.7303217684349506,100,1.0,1.0,49477
stacked_medium,2.0,q4_a1.5_or,10104,9.13333333333344,8.000000000000114,3.5003333333332436,3.0973333333332516,1.6193047250289714,1.6663333117800059,101,1.0,1.0,49963
stacked_medium,2.0,q4_a1.5_or,10105,12.13333333333344,10.333333333333542,4.629333333333211,3.7543333333332565,1.855039790418112,1.7441806428567894,99,1.0,1.0,49233
stacked_medium,2.0,q4_a1.5_or,10106,10.333333333333428,8.93333333333345,3.769333333333267,2.996333333333265,1.7307928163108801,1.6200944166969629,96,1.0,1.0,49321
stacked_medium,2.0,q4_a1.5_or,10107,10.800000000000097,9.466666666666072,4.226333333333191,3.079333333333269,1.9314459143926148,1.687867297692159,96,1.0,1.0,49158
stacked_medium,2.0,q4_a1.5_or,10108,10.799999999999912,12.399999999999693,4.288333333333281,3.7373333333332512,1.8317985665041923,1.7341624063680567,100,1.0,1.0,50053
stacked_medium,2.0,q4_a1.5_or,10109,13.266666666666652,10.599999999999909,4.77533333333328,3.4663333333332322,1.9682056348721557,1.723271672272545,101,1.0,1.0,49243
stacked_medium,2.0,q4_a1.5_or,10110,10.466666666666654,7.866666666666731,3.6723333333333503,2.8133333333333326,1.6586026812757964,1.6324678574921263,101,1.0,1.0,48675
stacked_medium,2.0,q4_a1.5_or,10111,13.466666666667152,14.333333333333314,5.028333333333049,4.220333333333104,1.8486252844596869,1.7531370790336271,99,1.0,1.0,49689
stacked_medium,2.0,q4_a1.5_or,10112,11.133333333333312,12.933333333333223,3.9633333333331935,4.196333333333221,1.758501514319892,1.7876047205371473,101,1.0,1.0,49333
stacked_medium,2.0,q4_a1.5_or,10113,10.46666666666664,9.333333333332916,4.481333333333308,3.3863333333331966,1.8413099246076754,1.6277350859877264,102,1.0,1.0,48786
stacked_medium,2.0,q4_a1.5_or,10114,12.733333333333348,10.199999999999818,4.109333333333263,3.098333333333238,1.7114340252171132,1.6731499696336933,96,1.0,1.0,49491
stacked_medium,2.0,q4_a1.5_or,10115,11.466666666666669,11.066666666667118,3.9273333333332174,3.87033333333323,1.7811564008008625,1.8303980397445714,98,1.0,1.0,49110
stacked_medium,2.0,q4_a1.5_or,10116,10.800000000000004,10.13333333333334,3.87233333333329,3.5413333333332675,1.7918687945482106,1.8165155833911946,102,1.0,1.0,49123
stacked_medium,2.0,q4_a1.5_or,10117,15.000000000000568,10.13333333333324,4.738333333333189,3.552333333333245,1.8968311006216638,1.7324048620295522,104,1.0,1.0,48661
stacked_medium,2.0,q4_a1.5_or,10118,11.333333333332803,10.733333333333462,4.128333333333224,3.3813333333332256,1.7657697334998637,1.7783551671773659,98,1.0,1.0,48776
stacked_medium,2.0,q4_a1.5_or,10119,11.666666666666885,10.0,4.277333333333271,3.4763333333332502,1.8258662119856948,1.733141874622011,102,1.0,1.0,49261
stacked_medium,2.0,q4_a1.5_or,10120,11.53333333333326,11.599999999999739,3.910333333333252,3.7863333333331948,1.814669737819688,1.7510330064900774,104,1.0,1.0,49030
stacked_medium,2.0,q4_a1.5_or,10121,10.13333333333344,11.200000000000387,4.38033333333329,3.68233333333323,1.789600368795683,1.7089623286825115,102,1.0,1.0,49506
stacked_medium,2.0,q4_a1.5_or,10122,10.666666666666458,7.999999999999545,3.914333333333259,3.0973333333331903,1.8125608192861546,1.6670523480643533,96,1.0,1.0,48042
stacked_medium,2.0,q4_a1.5_or,10123,10.933333333333508,9.199999999999818,3.926333333333181,3.4883333333332227,1.8287536518390461,1.7135706976868432,102,1.0,1.0,50280
stacked_medium,2.0,q4_a1.5_or,10124,9.266666666666595,10.666666666666117,3.4073333333332156,3.8363333333332696,1.7312341232614363,1.8505597298852796,100,1.0,1.0,48912
stacked_medium,2.0,q4_a1.5_or,10125,10.466666666665787,11.199999999999363,4.081333333333211,3.4813333333332452,1.7946008961127047,1.6619332597253298,98,1.0,1.0,48797
stacked_medium,2.0,q4_a1.5_or,10126,11.800000000000125,10.266666666666481,3.859333333333218,3.532333333333177,1.7422628744186373,1.7124693316183908,100,1.0,1.0,48566
stacked_medium,2.0,q4_a1.5_or,10127,11.466666666666839,10.666666666666742,4.010333333333229,3.5123333333332125,1.7008897028133847,1.6981054829007627,98,1.0,1.0,49150
stacked_medium,2.0,q4_a1.5_or,10128,11.133333333333496,11.466666666665787,3.897333333333224,3.922333333333222,1.7654028319667185,1.6871662301055486,98,1.0,1.0,49137
stacked_medium,2.0,q4_a1.5_or,10129,12.000000000000057,10.933333333333678,4.13333333333327,3.715333333333232,1.7410996969623596,1.692809238440969,100,1.0,1.0,48620
stacked_medium,2.0,q4_a1.5_and,10100,11.133333333333212,8.866666666666845,3.756333333333227,2.9343333333332278,1.7915948419668175,1.694934069004121,32,1.0,1.0,49184
stacked_medium,2.0,q4_a1.5_and,10101,10.000000000000114,10.266666666666197,3.7743333333331024,3.427333333333196,1.8336166110474141,1.7871628777551962,30,0.9411764705882353,1.0,48113
stacked_medium,2.0,q4_a1.5_and,10102,11.066666666666563,10.800000000000097,4.013333333333236,3.557333333333269,1.7634167725486398,1.8267754929636073,31,0.9411764705882353,1.0,48530
stacked_medium,2.0,q4_a1.5_and,10103,12.133333333333496,10.599999999999113,4.266333333333249,3.8123333333332905,1.8379479116636566,1.7978390933705801,35,0.8823529411764706,1.0,48925
stacked_medium,2.0,q4_a1.5_and,10104,9.13333333333344,9.533333333333474,3.5003333333332436,3.6833333333332314,1.6193047250289714,1.6554830878840852,28,0.8823529411764706,1.0,49172
stacked_medium,2.0,q4_a1.5_and,10105,12.13333333333344,12.133333333333333,4.629333333333211,4.119333333333242,1.855039790418112,1.812478175142049,37,1.0,1.0,48668
stacked_medium,2.0,q4_a1.5_and,10106,10.333333333333428,9.199999999999989,3.769333333333267,3.4373333333332408,1.7307928163108801,1.722796457232028,34,0.9411764705882353,1.0,48405
stacked_medium,2.0,q4_a1.5_and,10107,10.800000000000097,10.333333333332462,4.226333333333191,3.756333333333271,1.9314459143926148,1.821341627244637,34,0.9411764705882353,1.0,48951
stacked_medium,2.0,q4_a1.5_and,10108,10.799999999999912,8.666666666665833,4.288333333333281,3.5623333333332337,1.8317985665041923,1.8023794446179675,27,0.9411764705882353,1.0,49160
stacked_medium,2.0,q4_a1.5_and,10109,13.266666666666652,9.133333333333042,4.77533333333328,3.4013333333332416,1.9682056348721557,1.737878861137508,30,0.9411764705882353,1.0,49366
stacked_medium,2.0,q4_a1.5_and,10110,10.466666666666654,8.133333333333333,3.6723333333333503,2.950333333333275,1.6586026812757964,1.6876091626037735,34,0.9411764705882353,1.0,48607
stacked_medium,2.0,q4_a1.5_and,10111,13.466666666667152,11.933333333332257,5.028333333333049,3.932333333333144,1.8486252844596869,1.7755698678243765,38,1.0,1.0,49457
stacked_medium,2.0,q4_a1.5_and,10112,11.133333333333312,8.866666666666902,3.9633333333331935,3.353333333333225,1.758501514319892,1.7240191602578034,35,1.0,1.0,49053
stacked_medium,2.0,q4_a1.5_and,10113,10.46666666666664,11.53333333333319,4.481333333333308,3.7383333333332813,1.8413099246076754,1.7657863335766597,33,0.8823529411764706,1.0,48252
stacked_medium,2.0,q4_a1.5_and,10114,12.733333333333348,10.466666666666583,4.109333333333263,3.5973333333332755,1.7114340252171132,1.7457633140709672,32,0.9411764705882353,1.0,48579
stacked_medium,2.0,q4_a1.5_and,10115,11.466666666666669,11.599999999999,3.9273333333332174,3.821333333333176,1.7811564008008625,1.8354185836106873,30,0.9411764705882353,1.0,48687
stacked_medium,2.0,q4_a1.5_and,10116,10.800000000000004,9.066666666665355,3.87233333333329,3.346333333333246,1.7918687945482106,1.83264342031742,26,0.9411764705882353,1.0,49300
stacked_medium,2.0,q4_a1.5_and,10117,15.000000000000568,9.933333333332712,4.738333333333189,3.4503333333332247,1.8968311006216638,1.7979346064014532,34,0.8823529411764706,1.0,48652
stacked_medium,2.0,q4_a1.5_and,10118,11.333333333332803,11.33333333333323,4.128333333333224,3.3203333333331977,1.7657697334998637,1.7709414525945117,27,0.8235294117647058,1.0,48733
stacked_medium,2.0,q4_a1.5_and,10119,11.666666666666885,9.199999999999761,4.277333333333271,3.257333333333248,1.8258662119856948,1.6348191726578534,28,0.8823529411764706,1.0,48250
stacked_medium,2.0,q4_a1.5_and,10120,11.53333333333326,9.06666666666598,3.910333333333252,3.2013333333331992,1.814669737819688,1.6906297797271517,30,0.8823529411764706,1.0,49463
stacked_medium,2.0,q4_a1.5_and,10121,10.13333333333344,10.000000000000085,4.38033333333329,3.9603333333331987,1.789600368795683,1.7134746644564947,31,0.9411764705882353,1.0,48821
stacked_medium,2.0,q4_a1.5_and,10122,10.666666666666458,10.266666666666652,3.914333333333259,3.5543333333332283,1.8125608192861546,1.7356142307601035,35,1.0,1.0,48754
stacked_medium,2.0,q4_a1.5_and,10123,10.933333333333508,8.599999999999994,3.926333333333181,2.9773333333332115,1.8287536518390461,1.7626803844596237,27,0.9411764705882353,1.0,49041
stacked_medium,2.0,q4_a1.5_and,10124,9.266666666666595,11.866666666665878,3.4073333333332156,3.5803333333332406,1.7312341232614363,1.8485315506579179,25,1.0,1.0,49055
stacked_medium,2.0,q4_a1.5_and,10125,10.466666666665787,10.066666666666151,4.081333333333211,3.6393333333332474,1.7946008961127047,1.7564957342572893,32,0.9411764705882353,1.0,48659
stacked_medium,2.0,q4_a1.5_and,10126,11.800000000000125,8.333333333333343,3.859333333333218,2.977333333333237,1.7422628744186373,1.640576365443434,23,1.0,1.0,49456
stacked_medium,2.0,q4_a1.5_and,10127,11.466666666666839,9.333333333333314,4.010333333333229,3.516333333333208,1.7008897028133847,1.7100273053730835,30,0.8823529411764706,1.0,48249
stacked_medium,2.0,q4_a1.5_and,10128,11.133333333333496,9.666666666666671,3.897333333333224,3.459333333333202,1.7654028319667185,1.6511015094528474,28,0.9411764705882353,1.0,48789
stacked_medium,2.0,q4_a1.5_and,10129,12.000000000000057,9.066666666666322,4.13333333333327,3.261333333333215,1.7410996969623596,1.674177918013015,25,0.8823529411764706,1.0,48759
stacked_medium,2.0,q8_a0.8_or,10100,11.133333333333212,8.333333333333144,3.756333333333227,3.0973333333332307,1.7915948419668175,1.7637574567838035,149,1.0,1.0,51814
stacked_medium,2.0,q8_a0.8_or,10101,10.000000000000114,6.6666666666667425,3.7743333333331024,2.6183333333331786,1.8336166110474141,1.698465892846445,149,1.0,1.0,51051
stacked_medium,2.0,q8_a0.8_or,10102,11.066666666666563,10.333333333333428,4.013333333333236,3.3323333333332097,1.7634167725486398,1.7842604811506084,149,1.0,1.0,50962
stacked_medium,2.0,q8_a0.8_or,10103,12.133333333333496,7.999999999999432,4.266333333333249,2.888333333333317,1.8379479116636566,1.6898505822609482,149,1.0,1.0,52005
stacked_medium,2.0,q8_a0.8_or,10104,9.13333333333344,8.399999999998727,3.5003333333332436,3.0423333333332687,1.6193047250289714,1.6435838078952794,149,1.0,1.0,51397
stacked_medium,2.0,q8_a0.8_or,10105,12.13333333333344,11.999999999999915,4.629333333333211,3.7383333333332707,1.855039790418112,1.7141674812533498,149,1.0,1.0,50865
stacked_medium,2.0,q8_a0.8_or,10106,10.333333333333428,8.26666666666614,3.769333333333267,3.0233333333332344,1.7307928163108801,1.7181335722928472,149,1.0,1.0,51165
stacked_medium,2.0,q8_a0.8_or,10107,10.800000000000097,9.33333333333303,4.226333333333191,2.969333333333269,1.9314459143926148,1.7157577698711524,149,1.0,1.0,50883
stacked_medium,2.0,q8_a0.8_or,10108,10.799999999999912,7.266666666667334,4.288333333333281,2.6903333333333,1.8317985665041923,1.7025798086515436,149,1.0,1.0,52322
stacked_medium,2.0,q8_a0.8_or,10109,13.266666666666652,9.933333333332826,4.77533333333328,3.4393333333332223,1.9682056348721557,1.7323188822140312,149,1.0,1.0,51589
stacked_medium,2.0,q8_a0.8_or,10110,10.466666666666654,8.133333333332757,3.6723333333333503,2.8173333333332806,1.6586026812757964,1.6392769225920454,149,1.0,1.0,51658
stacked_medium,2.0,q8_a0.8_or,10111,13.466666666667152,8.333333333333329,5.028333333333049,2.983333333333133,1.8486252844596869,1.7111828040846242,149,1.0,1.0,50782
stacked_medium,2.0,q8_a0.8_or,10112,11.133333333333312,7.666666666666913,3.9633333333331935,2.7703333333332436,1.758501514319892,1.6403349565506289,149,1.0,1.0,51310
stacked_medium,2.0,q8_a0.8_or,10113,10.46666666666664,7.466666666666242,4.481333333333308,2.7703333333332876,1.8413099246076754,1.666016375699926,149,1.0,1.0,51182
stacked_medium,2.0,q8_a0.8_or,10114,12.733333333333348,10.333333333333258,4.109333333333263,3.438333333333311,1.7114340252171132,1.7307984310621891,149,1.0,1.0,51500
stacked_medium,2.0,q8_a0.8_or,10115,11.466666666666669,8.999999999999716,3.9273333333332174,3.2243333333331914,1.7811564008008625,1.7536003347932214,149,1.0,1.0,52312
stacked_medium,2.0,q8_a0.8_or,10116,10.800000000000004,8.466666666666242,3.87233333333329,3.2743333333332987,1.7918687945482106,1.808423733539758,149,1.0,1.0,52085
stacked_medium,2.0,q8_a0.8_or,10117,15.000000000000568,10.400000000000347,4.738333333333189,3.753333333333217,1.8968311006216638,1.8070333998550288,149,1.0,1.0,51536
stacked_medium,2.0,q8_a0.8_or,10118,11.333333333332803,8.199999999999477,4.128333333333224,2.867333333333194,1.7657697334998637,1.7359738954197703,149,1.0,1.0,50820
stacked_medium,2.0,q8_a0.8_or,10119,11.666666666666885,9.999999999999915,4.277333333333271,3.2573333333332304,1.8258662119856948,1.7792963700662658,149,1.0,1.0,51481
stacked_medium,2.0,q8_a0.8_or,10120,11.53333333333326,8.06666666666672,3.910333333333252,2.9003333333331285,1.814669737819688,1.6998908709711684,149,1.0,1.0,51878
stacked_medium,2.0,q8_a0.8_or,10121,10.13333333333344,11.666666666666856,4.38033333333329,3.5283333333332676,1.789600368795683,1.6917408030299874,149,1.0,1.0,51098
stacked_medium,2.0,q8_a0.8_or,10122,10.666666666666458,8.733333333333917,3.914333333333259,2.924333333333278,1.8125608192861546,1.6928538272306466,149,1.0,1.0,50745
stacked_medium,2.0,q8_a0.8_or,10123,10.933333333333508,8.59999999999998,3.926333333333181,3.054333333333234,1.8287536518390461,1.710761017822964,149,1.0,1.0,51488
stacked_medium,2.0,q8_a0.8_or,10124,9.266666666666595,10.666666666666657,3.4073333333332156,3.5243333333332436,1.7312341232614363,1.8569098707994849,149,1.0,1.0,52164
stacked_medium,2.0,q8_a0.8_or,10125,10.466666666665787,7.733333333333007,4.081333333333211,2.7983333333332205,1.7946008961127047,1.6434947984431938,149,1.0,1.0,51108
stacked_medium,2.0,q8_a0.8_or,10126,11.800000000000125,8.46666666666664,3.859333333333218,3.2463333333331676,1.7422628744186373,1.7172448533548192,149,1.0,1.0,51781
stacked_medium,2.0,q8_a0.8_or,10127,11.466666666666839,9.733333333332098,4.010333333333229,3.2583333333332627,1.7008897028133847,1.6787556785921935,149,1.0,1.0,51088
stacked_medium,2.0,q8_a0.8_or,10128,11.133333333333496,7.799999999999784,3.897333333333224,3.0143333333332056,1.7654028319667185,1.7182516043951759,149,1.0,1.0,51171
stacked_medium,2.0,q8_a0.8_or,10129,12.000000000000057,8.799999999999955,4.13333333333327,3.15233333333324,1.7410996969623596,1.7039314593140986,149,1.0,1.0,50812
stacked_medium,2.0,q8_a0.8_and,10100,11.133333333333212,11.133333333333212,3.756333333333227,3.756333333333227,1.7915948419668175,1.7915948419668175,0,0.0,,47174
stacked_medium,2.0,q8_a0.8_and,10101,10.000000000000114,10.000000000000114,3.7743333333331024,3.7743333333331024,1.8336166110474141,1.8336166110474141,0,0.0,,46205
stacked_medium,2.0,q8_a0.8_and,10102,11.066666666666563,11.066666666666563,4.013333333333236,4.013333333333236,1.7634167725486398,1.7634167725486398,0,0.0,,46865
stacked_medium,2.0,q8_a0.8_and,10103,12.133333333333496,14.266666666666822,4.266333333333249,4.381333333333206,1.8379479116636566,1.8455515062730041,1,0.058823529411764705,1.0,46887
stacked_medium,2.0,q8_a0.8_and,10104,9.13333333333344,9.13333333333344,3.5003333333332436,3.5003333333332436,1.6193047250289714,1.6193047250289714,0,0.0,,46533
stacked_medium,2.0,q8_a0.8_and,10105,12.13333333333344,12.13333333333344,4.629333333333211,4.629333333333211,1.855039790418112,1.855039790418112,0,0.0,,45895
stacked_medium,2.0,q8_a0.8_and,10106,10.333333333333428,10.333333333333428,3.769333333333267,3.769333333333267,1.7307928163108801,1.7307928163108801,0,0.0,,47599
stacked_medium,2.0,q8_a0.8_and,10107,10.800000000000097,11.133333333333553,4.226333333333191,4.189333333333206,1.9314459143926148,1.9424572871423913,2,0.11764705882352941,1.0,46673
stacked_medium,2.0,q8_a0.8_and,10108,10.799999999999912,10.799999999999912,4.288333333333281,4.288333333333281,1.8317985665041923,1.8317985665041923,0,0.0,,46473
stacked_medium,2.0,q8_a0.8_and,10109,13.266666666666652,11.60000000000042,4.77533333333328,4.070333333333223,1.9682056348721557,1.8212508781192782,1,0.058823529411764705,1.0,47018
stacked_medium,2.0,q8_a0.8_and,10110,10.466666666666654,10.466666666666654,3.6723333333333503,3.6723333333333503,1.6586026812757964,1.6586026812757964,0,0.0,,46805
stacked_medium,2.0,q8_a0.8_and,10111,13.466666666667152,13.466666666667152,5.028333333333049,5.028333333333049,1.8486252844596869,1.8486252844596869,0,0.0,,46564
stacked_medium,2.0,q8_a0.8_and,10112,11.133333333333312,11.133333333333312,3.9633333333331935,3.9633333333331935,1.758501514319892,1.758501514319892,0,0.0,,46609
stacked_medium,2.0,q8_a0.8_and,10113,10.46666666666664,11.53333333333336,4.481333333333308,4.163333333333274,1.8413099246076754,1.7434821096781417,3,0.17647058823529413,1.0,47007
stacked_medium,2.0,q8_a0.8_and,10114,12.733333333333348,12.733333333333348,4.109333333333263,4.109333333333263,1.7114340252171132,1.7114340252171132,0,0.0,,46694
stacked_medium,2.0,q8_a0.8_and,10115,11.466666666666669,11.466666666666669,3.9273333333332174,3.9273333333332174,1.7811564008008625,1.7811564008008625,0,0.0,,47026
stacked_medium,2.0,q8_a0.8_and,10116,10.800000000000004,10.800000000000004,3.87233333333329,3.919333333333287,1.7918687945482106,1.7966200294341643,1,0.058823529411764705,1.0,47353
stacked_medium,2.0,q8_a0.8_and,10117,15.000000000000568,15.000000000000568,4.738333333333189,4.738333333333189,1.8968311006216638,1.8968311006216638,0,0.0,,46405
stacked_medium,2.0,q8_a0.8_and,10118,11.333333333332803,11.333333333332803,4.128333333333224,4.128333333333224,1.7657697334998637,1.7657697334998637,0,0.0,,46111
stacked_medium,2.0,q8_a0.8_and,10119,11.666666666666885,11.666666666666885,4.277333333333271,4.277333333333271,1.8258662119856948,1.8258662119856948,0,0.0,,46489
stacked_medium,2.0,q8_a0.8_and,10120,11.53333333333326,12.13333333333253,3.910333333333252,4.2173333333331495,1.814669737819688,1.8432307517226403,1,0.058823529411764705,1.0,46178
stacked_medium,2.0,q8_a0.8_and,10121,10.13333333333344,11.400000000000091,4.38033333333329,4.099333333333199,1.789600368795683,1.7217810545673198,2,0.11764705882352941,1.0,46895
stacked_medium,2.0,q8_a0.8_and,10122,10.666666666666458,10.666666666666458,3.914333333333259,3.8583333333332734,1.8125608192861546,1.8137257818891257,1,0.058823529411764705,1.0,46814
stacked_medium,2.0,q8_a0.8_and,10123,10.933333333333508,10.933333333333508,3.926333333333181,3.926333333333181,1.8287536518390461,1.8287536518390461,0,0.0,,46765
stacked_medium,2.0,q8_a0.8_and,10124,9.266666666666595,9.266666666666595,3.4073333333332156,3.4073333333332156,1.7312341232614363,1.7312341232614363,0,0.0,,47572
stacked_medium,2.0,q8_a0.8_and,10125,10.466666666665787,9.133333333333383,4.081333333333211,3.7083333333332713,1.7946008961127047,1.7360739029356211,1,0.058823529411764705,1.0,46849
stacked_medium,2.0,q8_a0.8_and,10126,11.800000000000125,13.3333333333334,3.859333333333218,4.139333333333182,1.7422628744186373,1.7840217027436323,1,0.058823529411764705,1.0,47738
stacked_medium,2.0,q8_a0.8_and,10127,11.466666666666839,11.466666666666839,4.010333333333229,4.010333333333229,1.7008897028133847,1.7008897028133847,0,0.0,,47928
stacked_medium,2.0,q8_a0.8_and,10128,11.133333333333496,11.133333333333496,3.897333333333224,3.7303333333332076,1.7654028319667185,1.7549281484145993,2,0.11764705882352941,1.0,46158
stacked_medium,2.0,q8_a0.8_and,10129,12.000000000000057,12.000000000000057,4.13333333333327,4.13333333333327,1.7410996969623596,1.7410996969623596,0,0.0,,47130
stacked_medium,2.0,q8_a1.5_or,10100,11.133333333333212,8.533333333333346,3.756333333333227,3.076333333333283,1.7915948419668175,1.7292564218159847,81,1.0,1.0,49224
stacked_medium,2.0,q8_a1.5_or,10101,10.000000000000114,10.466666666666356,3.7743333333331024,3.4453333333332057,1.8336166110474141,1.780993950555053,81,1.0,1.0,49018
stacked_medium,2.0,q8_a1.5_or,10102,11.066666666666563,10.86666666666656,4.013333333333236,3.840333333333216,1.7634167725486398,1.8946920067102824,81,1.0,1.0,49270
stacked_medium,2.0,q8_a1.5_or,10103,12.133333333333496,13.266666666667106,4.266333333333249,4.126333333333227,1.8379479116636566,1.8924497817347707,81,1.0,1.0,49692
stacked_medium,2.0,q8_a1.5_or,10104,9.13333333333344,8.800000000000125,3.5003333333332436,3.3803333333332173,1.6193047250289714,1.6585029112189633,81,1.0,1.0,49735
stacked_medium,2.0,q8_a1.5_or,10105,12.13333333333344,11.399999999999693,4.629333333333211,4.085333333333295,1.855039790418112,1.795103110297587,81,1.0,1.0,47983
stacked_medium,2.0,q8_a1.5_or,10106,10.333333333333428,10.599999999999937,3.769333333333267,3.4153333333332285,1.7307928163108801,1.677441054049595,81,1.0,1.0,50274
stacked_medium,2.0,q8_a1.5_or,10107,10.800000000000097,10.266666666666254,4.226333333333191,3.4983333333332225,1.9314459143926148,1.7461580393792144,81,1.0,1.0,49611
stacked_medium,2.0,q8_a1.5_or,10108,10.799999999999912,8.93333333333328,4.288333333333281,3.333333333333288,1.8317985665041923,1.80875250378091,81,1.0,1.0,49721
stacked_medium,2.0,q8_a1.5_or,10109,13.266666666666652,9.133333333333042,4.77533333333328,3.361333333333239,1.9682056348721557,1.7356679915722901,81,1.0,1.0,49662
stacked_medium,2.0,q8_a1.5_or,10110,10.466666666666654,8.533333333332394,3.6723333333333503,2.9573333333332386,1.6586026812757964,1.6256776511457167,81,1.0,1.0,48967
stacked_medium,2.0,q8_a1.5_or,10111,13.466666666667152,10.400000000000176,5.028333333333049,3.7483333333331617,1.8486252844596869,1.7329804004641594,81,1.0,1.0,48951
stacked_medium,2.0,q8_a1.5_or,10112,11.133333333333312,8.866666666666902,3.9633333333331935,3.353333333333225,1.758501514319892,1.7240191602578034,81,1.0,1.0,49053
stacked_medium,2.0,q8_a1.5_or,10113,10.46666666666664,10.933333333333621,4.481333333333308,3.7363333333332496,1.8413099246076754,1.7774879814756341,81,1.0,1.0,48946
stacked_medium,2.0,q8_a1.5_or,10114,12.733333333333348,10.800000000000004,4.109333333333263,3.6923333333332313,1.7114340252171132,1.7643431658522808,81,1.0,1.0,48424
stacked_medium,2.0,q8_a1.5_or,10115,11.466666666666669,11.599999999999,3.9273333333332174,3.821333333333176,1.7811564008008625,1.8354185836106873,81,1.0,1.0,48835
stacked_medium,2.0,q8_a1.5_or,10116,10.800000000000004,8.333333333333542,3.87233333333329,3.193333333333295,1.7918687945482106,1.803050738229355,81,1.0,1.0,49582
stacked_medium,2.0,q8_a1.5_or,10117,15.000000000000568,9.333333333333428,4.738333333333189,3.1683333333332273,1.8968311006216638,1.7481556088221677,81,1.0,1.0,48612
stacked_medium,2.0,q8_a1.5_or,10118,11.333333333332803,11.066666666666748,4.128333333333224,3.3783333333332433,1.7657697334998637,1.7175885105941233,81,1.0,1.0,48840
stacked_medium,2.0,q8_a1.5_or,10119,11.666666666666885,9.266666666666666,4.277333333333271,3.1743333333331885,1.8258662119856948,1.6446076675571941,81,1.0,1.0,48415
stacked_medium,2.0,q8_a1.5_or,10120,11.53333333333326,8.066666666665355,3.910333333333252,3.2563333333331714,1.814669737819688,1.7247185675215158,81,1.0,1.0,48712
stacked_medium,2.0,q8_a1.5_or,10121,10.13333333333344,10.733333333332894,4.38033333333329,4.243333333333248,1.789600368795683,1.801672541187006,81,1.0,1.0,48919
stacked_medium,2.0,q8_a1.5_or,10122,10.666666666666458,10.000000000000341,3.914333333333259,3.5313333333332726,1.8125608192861546,1.8064673461588265,81,1.0,1.0,48586
stacked_medium,2.0,q8_a1.5_or,10123,10.933333333333508,8.599999999999994,3.926333333333181,2.9543333333332167,1.8287536518390461,1.7626586426049868,81,1.0,1.0,49149
stacked_medium,2.0,q8_a1.5_or,10124,9.266666666666595,11.999999999999488,3.4073333333332156,3.725333333333245,1.7312341232614363,1.8841317929057757,81,1.0,1.0,48918
stacked_medium,2.0,q8_a1.5_or,10125,10.466666666665787,11.46666666666664,4.081333333333211,3.616333333333238,1.7946008961127047,1.6978944400251696,81,1.0,1.0,49142
stacked_medium,2.0,q8_a1.5_or,10126,11.800000000000125,8.333333333333343,3.859333333333218,3.1013333333331587,1.7422628744186373,1.6736431747950222,81,1.0,1.0,48660
stacked_medium,2.0,q8_a1.5_or,10127,11.466666666666839,9.866666666666106,4.010333333333229,3.539333333333187,1.7008897028133847,1.7182328554851864,81,1.0,1.0,48546
stacked_medium,2.0,q8_a1.5_or,10128,11.133333333333496,12.266666666666673,3.897333333333224,3.812333333333263,1.7654028319667185,1.674588877160283,81,1.0,1.0,48738
stacked_medium,2.0,q8_a1.5_or,10129,12.000000000000057,8.466666666666683,4.13333333333327,2.966333333333226,1.7410996969623596,1.6344047949072185,81,1.0,1.0,49084
stacked_medium,2.0,q8_a1.5_and,10100,11.133333333333212,11.133333333333212,3.756333333333227,3.756333333333227,1.7915948419668175,1.7915948419668175,0,0.0,,47174
stacked_medium,2.0,q8_a1.5_and,10101,10.000000000000114,10.000000000000114,3.7743333333331024,3.7743333333331024,1.8336166110474141,1.8336166110474141,0,0.0,,46205
stacked_medium,2.0,q8_a1.5_and,10102,11.066666666666563,11.066666666666563,4.013333333333236,4.013333333333236,1.7634167725486398,1.7634167725486398,0,0.0,,46865
stacked_medium,2.0,q8_a1.5_and,10103,12.133333333333496,14.266666666666822,4.266333333333249,4.381333333333206,1.8379479116636566,1.8455515062730041,1,0.058823529411764705,1.0,46887
stacked_medium,2.0,q8_a1.5_and,10104,9.13333333333344,9.13333333333344,3.5003333333332436,3.5003333333332436,1.6193047250289714,1.6193047250289714,0,0.0,,46533
stacked_medium,2.0,q8_a1.5_and,10105,12.13333333333344,12.13333333333344,4.629333333333211,4.629333333333211,1.855039790418112,1.855039790418112,0,0.0,,45895
stacked_medium,2.0,q8_a1.5_and,10106,10.333333333333428,10.333333333333428,3.769333333333267,3.769333333333267,1.7307928163108801,1.7307928163108801,0,0.0,,47599
stacked_medium,2.0,q8_a1.5_and,10107,10.800000000000097,11.133333333333553,4.226333333333191,4.189333333333206,1.9314459143926148,1.9424572871423913,2,0.11764705882352941,1.0,46673
stacked_medium,2.0,q8_a1.5_and,10108,10.799999999999912,10.799999999999912,4.288333333333281,4.288333333333281,1.8317985665041923,1.8317985665041923,0,0.0,,46473
stacked_medium,2.0,q8_a1.5_and,10109,13.266666666666652,11.60000000000042,4.77533333333328,4.070333333333223,1.9682056348721557,1.8212508781192782,1,0.058823529411764705,1.0,47018
stacked_medium,2.0,q8_a1.5_and,10110,10.466666666666654,10.466666666666654,3.6723333333333503,3.6723333333333503,1.6586026812757964,1.6586026812757964,0,0.0,,46805
stacked_medium,2.0,q8_a1.5_and,10111,13.466666666667152,13.466666666667152,5.028333333333049,5.028333333333049,1.8486252844596869,1.8486252844596869,0,0.0,,46564
stacked_medium,2.0,q8_a1.5_and,10112,11.133333333333312,11.133333333333312,3.9633333333331935,3.9633333333331935,1.758501514319892,1.758501514319892,0,0.0,,46609
stacked_medium,2.0,q8_a1.5_and,10113,10.46666666666664,11.53333333333336,4.481333333333308,4.163333333333274,1.8413099246076754,1.7434821096781417,3,0.17647058823529413,1.0,47007
stacked_medium,2.0,q8_a1.5_and,10114,12.733333333333348,12.733333333333348,4.109333333333263,4.109333333333263,1.7114340252171132,1.7114340252171132,0,0.0,,46694
stacked_medium,2.0,q8_a1.5_and,10115,11.466666666666669,11.466666666666669,3.9273333333332174,3.9273333333332174,1.7811564008008625,1.7811564008008625,0,0.0,,47026
stacked_medium,2.0,q8_a1.5_and,10116,10.800000000000004,10.800000000000004,3.87233333333329,3.919333333333287,1.7918687945482106,1.7966200294341643,1,0.058823529411764705,1.0,47353
stacked_medium,2.0,q8_a1.5_and,10117,15.000000000000568,15.000000000000568,4.738333333333189,4.738333333333189,1.8968311006216638,1.8968311006216638,0,0.0,,46405
stacked_medium,2.0,q8_a1.5_and,10118,11.333333333332803,11.333333333332803,4.128333333333224,4.128333333333224,1.7657697334998637,1.7657697334998637,0,0.0,,46111
stacked_medium,2.0,q8_a1.5_and,10119,11.666666666666885,11.666666666666885,4.277333333333271,4.277333333333271,1.8258662119856948,1.8258662119856948,0,0.0,,46489
stacked_medium,2.0,q8_a1.5_and,10120,11.53333333333326,12.13333333333253,3.910333333333252,4.2173333333331495,1.814669737819688,1.8432307517226403,1,0.058823529411764705,1.0,46178
stacked_medium,2.0,q8_a1.5_and,10121,10.13333333333344,11.400000000000091,4.38033333333329,4.099333333333199,1.789600368795683,1.7217810545673198,2,0.11764705882352941,1.0,46895
stacked_medium,2.0,q8_a1.5_and,10122,10.666666666666458,10.666666666666458,3.914333333333259,3.8583333333332734,1.8125608192861546,1.8137257818891257,1,0.058823529411764705,1.0,46814
stacked_medium,2.0,q8_a1.5_and,10123,10.933333333333508,10.933333333333508,3.926333333333181,3.926333333333181,1.8287536518390461,1.8287536518390461,0,0.0,,46765
stacked_medium,2.0,q8_a1.5_and,10124,9.266666666666595,9.266666666666595,3.4073333333332156,3.4073333333332156,1.7312341232614363,1.7312341232614363,0,0.0,,47572
stacked_medium,2.0,q8_a1.5_and,10125,10.466666666665787,9.133333333333383,4.081333333333211,3.7083333333332713,1.7946008961127047,1.7360739029356211,1,0.058823529411764705,1.0,46849
stacked_medium,2.0,q8_a1.5_and,10126,11.800000000000125,13.3333333333334,3.859333333333218,4.139333333333182,1.7422628744186373,1.7840217027436323,1,0.058823529411764705,1.0,47738
stacked_medium,2.0,q8_a1.5_and,10127,11.466666666666839,11.466666666666839,4.010333333333229,4.010333333333229,1.7008897028133847,1.7008897028133847,0,0.0,,47928
stacked_medium,2.0,q8_a1.5_and,10128,11.133333333333496,11.133333333333496,3.897333333333224,3.7303333333332076,1.7654028319667185,1.7549281484145993,2,0.11764705882352941,1.0,46158
stacked_medium,2.0,q8_a1.5_and,10129,12.000000000000057,12.000000000000057,4.13333333333327,4.13333333333327,1.7410996969623596,1.7410996969623596,0,0.0,,47130
