workload,penalty,config,seed,baseline_p95_wait,burst_aware_p95_wait,baseline_avg_wait,burst_aware_avg_wait,baseline_avg_slowdown,burst_aware_avg_slowdown,detector_fires,recall,precision,sched_cores_scanned
stacked_high,0.0,q2_a0.8_or,70200,26.73333333333337,22.73333333333337,10.584666666666635,10.942666666666637,1.9623294958004913,2.161706369698115,181,1.0,1.0,12336
stacked_high,0.0,q2_a0.8_or,70201,33.66666666666673,17.000000000000007,12.96666666666664,6.8326666666666265,2.3816192073684337,1.7106624400502282,184,1.0,1.0,14369
stacked_high,0.0,q2_a0.8_or,70202,23.266666666666673,24.46666666666669,12.069666666666635,10.783666666666637,2.108304873045489,2.1464528251699395,181,1.0,1.0,13411
stacked_high,0.0,q2_a0.8_or,70203,31.600000000000136,20.733333333333356,13.078666666666638,8.539666666666633,2.208514058282082,1.8481916842703476,180,1.0,1.0,13034
stacked_high,0.0,q2_a0.8_or,70204,29.600000000000037,21.333333333333336,12.090666666666634,10.055666666666633,2.134765277706864,1.978723304474669,181,1.0,1.0,12726
stacked_high,0.0,q2_a0.8_or,70205,23.800000000000068,14.933333333333337,11.920666666666643,7.3516666666666355,2.0795771679206676,1.740407387980425,181,1.0,1.0,12659
stacked_high,0.0,q2_a0.8_or,70206,26.400000000000034,14.800000000000018,11.53666666666664,6.470666666666626,2.0474020997953657,1.643819329588239,181,1.0,1.0,14120
stacked_high,0.0,q2_a0.8_or,70207,27.93333333333336,14.666666666666679,13.008666666666644,7.59766666666663,2.315838312598525,1.708775100791739,181,1.0,1.0,13121
stacked_high,0.0,q2_a0.8_or,70208,35.99999999999999,20.066666666666677,15.563666666666638,7.779666666666629,2.5253596124825357,1.8782317464486877,181,1.0,1.0,13227
stacked_high,0.0,q2_a0.8_or,70209,26.733333333333327,16.066666666666684,10.145666666666632,6.267666666666627,2.0711798406205277,1.7408728101444442,180,1.0,1.0,13989
stacked_high,0.0,q2_a0.8_or,70210,39.80000000000004,22.20000000000003,16.040666666666645,11.08966666666663,2.8069504091813866,2.038148907952837,181,1.0,1.0,12155
stacked_high,0.0,q2_a0.8_or,70211,30.266666666666666,18.066666666666578,13.145666666666644,7.127666666666637,2.2846480097048207,1.8007607510371373,181,1.0,1.0,12546
stacked_high,0.0,q2_a0.8_or,70212,21.46666666666667,19.13333333333334,10.510666666666637,8.21266666666663,1.9720678403351113,1.7669473436429357,181,1.0,1.0,13489
stacked_high,0.0,q2_a0.8_or,70213,31.93333333333333,15.066666666666677,13.758666666666649,6.43366666666663,2.5400476019289076,1.5963766962337693,179,1.0,1.0,14966
stacked_high,0.0,q2_a0.8_or,70214,25.200000000000024,20.46666666666669,10.703666666666631,7.620666666666631,2.0677895988013035,1.817048460343387,181,1.0,1.0,14113
stacked_high,0.0,q2_a0.8_or,70215,21.200000000000045,13.866666666666717,8.234666666666628,5.95266666666663,1.9058089263400748,1.7486791037079954,180,1.0,1.0,15421
stacked_high,0.0,q2_a0.8_or,70216,22.599999999999767,15.200000000000045,10.212666666666635,7.018666666666633,1.8546308831430272,1.6372041323616435,181,1.0,1.0,13552
stacked_high,0.0,q2_a0.8_or,70217,21.73333333333339,18.666666666666664,12.040666666666642,7.928666666666633,2.1300891311754846,1.8461431522032326,181,1.0,1.0,12679
stacked_high,0.0,q2_a0.8_or,70218,23.13333333333341,16.666666666666707,10.639666666666633,7.386666666666631,1.9458286872473227,1.7036044340880334,181,1.0,1.0,13212
stacked_high,0.0,q2_a0.8_or,70219,21.40000000000004,21.600000000000094,10.622666666666639,10.420666666666643,2.0852689574035073,2.1346122044083455,181,1.0,1.0,13027
stacked_high,0.0,q2_a0.8_or,70220,21.13333333333336,16.86666666666669,10.616666666666635,6.652666666666632,2.0475244812731765,1.7135357679921066,181,1.0,1.0,13679
stacked_high,0.0,q2_a0.8_or,70221,19.800000000000054,21.933333333333394,8.92066666666663,8.922666666666634,1.8052262907308612,1.96006846193912,181,1.0,1.0,12628
stacked_high,0.0,q2_a0.8_or,70222,19.400000000000027,16.000000000000043,9.06166666666663,7.31166666666663,1.874188180204996,1.7915450550741518,181,1.0,1.0,13227
stacked_high,0.0,q2_a0.8_or,70223,14.199999999999818,16.266666666666765,6.593666666666627,6.553666666666634,1.6696504800645946,1.7795843905525515,179,1.0,1.0,13679
stacked_high,0.0,q2_a0.8_or,70224,30.39999999999999,17.866666666666667,14.965666666666632,7.6326666666666325,2.569817465213412,1.7065352530338673,181,1.0,1.0,13224
stacked_high,0.0,q2_a0.8_or,70225,31.400000000000006,16.000000000000014,13.073666666666634,6.540666666666624,2.3186277886020563,1.6582361404224644,181,1.0,1.0,13746
stacked_high,0.0,q2_a0.8_or,70226,23.933333333333373,22.2666666666667,11.92066666666664,9.539666666666637,2.3602580076654016,2.088536463822337,181,1.0,1.0,13119
stacked_high,0.0,q2_a0.8_or,70227,22.800000000000054,27.66666666666677,11.525666666666636,14.316666666666645,2.168229099954031,2.5899511384179643,181,1.0,1.0,12635
stacked_high,0.0,q2_a0.8_or,70228,34.20000000000004,29.86666666666666,14.306666666666638,12.089666666666636,2.56322622699295,2.410765968085783,181,1.0,1.0,12332
stacked_high,0.0,q2_a0.8_or,70229,20.800000000000004,17.466666666666583,8.298666666666632,5.97366666666663,1.8778324796647186,1.6298236766367993,180,1.0,1.0,15042
stacked_high,0.0,q2_a0.8_and,70200,26.73333333333337,15.53333333333336,10.584666666666635,6.99766666666663,1.9623294958004913,1.7747039345147977,167,1.0,1.0,13355
stacked_high,0.0,q2_a0.8_and,70201,33.66666666666673,11.800000000000047,12.96666666666664,5.478666666666628,2.3816192073684337,1.529565117426223,164,1.0,1.0,14114
stacked_high,0.0,q2_a0.8_and,70202,23.266666666666673,12.933333333333334,12.069666666666635,5.874666666666628,2.108304873045489,1.592457437752756,172,1.0,1.0,14561
stacked_high,0.0,q2_a0.8_and,70203,31.600000000000136,13.933333333333373,13.078666666666638,5.696666666666629,2.208514058282082,1.5039359189448884,160,1.0,1.0,13678
stacked_high,0.0,q2_a0.8_and,70204,29.600000000000037,17.66666666666668,12.090666666666634,7.455666666666633,2.134765277706864,1.7264323202422887,157,1.0,1.0,12614
stacked_high,0.0,q2_a0.8_and,70205,23.800000000000068,17.400000000000077,11.920666666666643,8.368666666666634,2.0795771679206676,1.83393571718412,162,1.0,1.0,13472
stacked_high,0.0,q2_a0.8_and,70206,26.400000000000034,15.40000000000002,11.53666666666664,7.022666666666631,2.0474020997953657,1.713593117213535,168,1.0,1.0,13679
stacked_high,0.0,q2_a0.8_and,70207,27.93333333333336,21.13333333333341,13.008666666666644,10.762666666666638,2.315838312598525,2.2084691129296097,169,1.0,1.0,11978
stacked_high,0.0,q2_a0.8_and,70208,35.99999999999999,22.26666666666668,15.563666666666638,7.507666666666628,2.5253596124825357,1.8081141032622567,168,1.0,1.0,12738
stacked_high,0.0,q2_a0.8_and,70209,26.733333333333327,15.266666666666566,10.145666666666632,5.8286666666666305,2.0711798406205277,1.6323324439537092,157,1.0,1.0,14850
stacked_high,0.0,q2_a0.8_and,70210,39.80000000000004,21.733333333333363,16.040666666666645,9.913666666666629,2.8069504091813866,1.9820433596840745,166,1.0,1.0,12295
stacked_high,0.0,q2_a0.8_and,70211,30.266666666666666,14.600000000000044,13.145666666666644,6.695666666666632,2.2846480097048207,1.6495607227327025,162,1.0,1.0,12426
stacked_high,0.0,q2_a0.8_and,70212,21.46666666666667,15.066666666666677,10.510666666666637,7.188666666666631,1.9720678403351113,1.7527057739697887,168,1.0,1.0,13543
stacked_high,0.0,q2_a0.8_and,70213,31.93333333333333,13.73333333333333,13.758666666666649,6.065666666666634,2.5400476019289076,1.6099651549761742,162,1.0,1.0,13857
stacked_high,0.0,q2_a0.8_and,70214,25.200000000000024,15.799999999999997,10.703666666666631,6.3706666666666365,2.0677895988013035,1.6562465537633972,159,1.0,1.0,14198
stacked_high,0.0,q2_a0.8_and,70215,21.200000000000045,18.866666666666703,8.234666666666628,7.62766666666663,1.9058089263400748,1.85560433007567,165,1.0,1.0,14470
stacked_high,0.0,q2_a0.8_and,70216,22.599999999999767,13.799999999999756,10.212666666666635,6.1986666666666315,1.8546308831430272,1.5961262040839161,168,1.0,1.0,13026
stacked_high,0.0,q2_a0.8_and,70217,21.73333333333339,26.733333333333327,12.040666666666642,12.086666666666643,2.1300891311754846,2.4332850081089172,168,1.0,1.0,11928
stacked_high,0.0,q2_a0.8_and,70218,23.13333333333341,16.19999999999976,10.639666666666633,6.103666666666633,1.9458286872473227,1.5939476531032426,155,1.0,1.0,13128
stacked_high,0.0,q2_a0.8_and,70219,21.40000000000004,15.199999999999847,10.622666666666639,6.663666666666636,2.0852689574035073,1.6614172570837027,153,1.0,1.0,13537
stacked_high,0.0,q2_a0.8_and,70220,21.13333333333336,19.066666666666677,10.616666666666635,8.361666666666634,2.0475244812731765,1.9392866870039316,171,1.0,1.0,13739
stacked_high,0.0,q2_a0.8_and,70221,19.800000000000054,15.333333333333357,8.92066666666663,5.701666666666625,1.8052262907308612,1.5442894438799006,150,1.0,1.0,13057
stacked_high,0.0,q2_a0.8_and,70222,19.400000000000027,14.46666666666669,9.06166666666663,6.254666666666633,1.874188180204996,1.6446343747781693,163,1.0,1.0,13968
stacked_high,0.0,q2_a0.8_and,70223,14.199999999999818,14.933333333333387,6.593666666666627,5.584666666666627,1.6696504800645946,1.5985838189118962,148,1.0,1.0,13802
stacked_high,0.0,q2_a0.8_and,70224,30.39999999999999,21.13333333333336,14.965666666666632,9.141666666666634,2.569817465213412,1.822818980161187,166,1.0,1.0,12722
stacked_high,0.0,q2_a0.8_and,70225,31.400000000000006,13.533333333333346,13.073666666666634,6.079666666666624,2.3186277886020563,1.5976243177109637,172,1.0,1.0,13827
stacked_high,0.0,q2_a0.8_and,70226,23.933333333333373,14.133333333333354,11.92066666666664,6.689666666666628,2.3602580076654016,1.6546730812745694,155,1.0,1.0,14150
stacked_high,0.0,q2_a0.8_and,70227,22.800000000000054,29.866666666666788,11.525666666666636,15.90966666666665,2.168229099954031,2.590100558803943,175,1.0,1.0,12198
stacked_high,0.0,q2_a0.8_and,70228,34.20000000000004,18.40000000000004,14.306666666666638,8.282666666666628,2.56322622699295,1.9358723176016763,169,1.0,1.0,13502
stacked_high,0.0,q2_a0.8_and,70229,20.800000000000004,15.40000000000002,8.298666666666632,6.04766666666663,1.8778324796647186,1.7293521913403682,162,1.0,1.0,14047
stacked_high,0.0,q2_a1.5_or,70200,26.73333333333337,15.266666666666694,10.584666666666635,6.961666666666631,1.9623294958004913,1.7839865571978606,177,1.0,1.0,13519
stacked_high,0.0,q2_a1.5_or,70201,33.66666666666673,15.13333333333334,12.96666666666664,5.93466666666663,2.3816192073684337,1.5786528770359036,173,1.0,1.0,13892
stacked_high,0.0,q2_a1.5_or,70202,23.266666666666673,13.866666666666674,12.069666666666635,6.0486666666666284,2.108304873045489,1.575354604526405,170,1.0,1.0,14819
stacked_high,0.0,q2_a1.5_or,70203,31.600000000000136,13.933333333333373,13.078666666666638,5.696666666666629,2.208514058282082,1.5039359189448884,173,1.0,1.0,13678
stacked_high,0.0,q2_a1.5_or,70204,29.600000000000037,16.80000000000001,12.090666666666634,7.00966666666663,2.134765277706864,1.6966955177277496,177,1.0,1.0,13601
stacked_high,0.0,q2_a1.5_or,70205,23.800000000000068,17.066666666666713,11.920666666666643,8.940666666666637,2.0795771679206676,1.8664202812127118,177,1.0,1.0,13028
stacked_high,0.0,q2_a1.5_or,70206,26.400000000000034,13.866666666666674,11.53666666666664,6.287666666666633,2.0474020997953657,1.6410842245695432,176,1.0,1.0,13235
stacked_high,0.0,q2_a1.5_or,70207,27.93333333333336,20.666666666666686,13.008666666666644,10.266666666666636,2.315838312598525,2.122760001023437,173,1.0,1.0,12039
stacked_high,0.0,q2_a1.5_or,70208,35.99999999999999,22.53333333333338,15.563666666666638,8.17166666666663,2.5253596124825357,1.8446498958962756,177,1.0,1.0,13128
stacked_high,0.0,q2_a1.5_or,70209,26.733333333333327,16.933333333333344,10.145666666666632,6.354666666666626,2.0711798406205277,1.6953513740239352,175,1.0,1.0,14050
stacked_high,0.0,q2_a1.5_or,70210,39.80000000000004,23.133333333333347,16.040666666666645,10.196666666666628,2.8069504091813866,1.964007178766371,173,1.0,1.0,12497
stacked_high,0.0,q2_a1.5_or,70211,30.266666666666666,19.33333333333323,13.145666666666644,7.992666666666633,2.2846480097048207,1.7152120694004076,177,1.0,1.0,12792
stacked_high,0.0,q2_a1.5_or,70212,21.46666666666667,15.933333333333351,10.510666666666637,7.29466666666663,1.9720678403351113,1.7813583257571952,177,1.0,1.0,13586
stacked_high,0.0,q2_a1.5_or,70213,31.93333333333333,13.73333333333333,13.758666666666649,5.8426666666666325,2.5400476019289076,1.601969470174481,171,1.0,1.0,14111
stacked_high,0.0,q2_a1.5_or,70214,25.200000000000024,14.400000000000006,10.703666666666631,6.348666666666636,2.0677895988013035,1.6220016592910014,177,1.0,1.0,13566
stacked_high,0.0,q2_a1.5_or,70215,21.200000000000045,17.333333333333385,8.234666666666628,6.604666666666633,1.9058089263400748,1.8663934002712508,171,1.0,1.0,14275
stacked_high,0.0,q2_a1.5_or,70216,22.599999999999767,13.799999999999756,10.212666666666635,6.266666666666632,1.8546308831430272,1.5984473977255873,174,1.0,1.0,13567
stacked_high,0.0,q2_a1.5_or,70217,21.73333333333339,26.53333333333333,12.040666666666642,12.38366666666664,2.1300891311754846,2.4211710634342607,174,1.0,1.0,12162
stacked_high,0.0,q2_a1.5_or,70218,23.13333333333341,16.19999999999976,10.639666666666633,6.103666666666633,1.9458286872473227,1.5939476531032426,174,1.0,1.0,13128
stacked_high,0.0,q2_a1.5_or,70219,21.40000000000004,16.40000000000002,10.622666666666639,6.159666666666633,2.0852689574035073,1.6947175883758228,176,1.0,1.0,13814
stacked_high,0.0,q2_a1.5_or,70220,21.13333333333336,17.400000000000034,10.616666666666635,8.40666666666663,2.0475244812731765,1.9280816764771598,177,1.0,1.0,13085
stacked_high,0.0,q2_a1.5_or,70221,19.800000000000054,14.866666666666688,8.92066666666663,5.849666666666627,1.8052262907308612,1.5671683262992775,170,1.0,1.0,13815
stacked_high,0.0,q2_a1.5_or,70222,19.400000000000027,13.266666666666673,9.06166666666663,5.87766666666663,1.874188180204996,1.6229634496594993,167,1.0,1.0,13978
stacked_high,0.0,q2_a1.5_or,70223,14.199999999999818,10.600000000000037,6.593666666666627,4.7076666666666265,1.6696504800645946,1.511507693228004,169,1.0,1.0,13737
stacked_high,0.0,q2_a1.5_or,70224,30.39999999999999,20.133333333333397,14.965666666666632,9.260666666666632,2.569817465213412,1.8773063461748374,177,1.0,1.0,11972
stacked_high,0.0,q2_a1.5_or,70225,31.400000000000006,15.533333333333353,13.073666666666634,6.854666666666628,2.3186277886020563,1.6914972885206794,177,1.0,1.0,13386
stacked_high,0.0,q2_a1.5_or,70226,23.933333333333373,14.399999999999636,11.92066666666664,5.859666666666628,2.3602580076654016,1.6165967185210437,176,1.0,1.0,13547
stacked_high,0.0,q2_a1.5_or,70227,22.800000000000054,29.866666666666717,11.525666666666636,15.381666666666646,2.168229099954031,2.610860066662835,177,1.0,1.0,11943
stacked_high,0.0,q2_a1.5_or,70228,34.20000000000004,20.86666666666668,14.306666666666638,8.468666666666628,2.56322622699295,1.898917475295747,174,1.0,1.0,13166
stacked_high,0.0,q2_a1.5_or,70229,20.800000000000004,15.40000000000002,8.298666666666632,6.04766666666663,1.8778324796647186,1.7293521913403682,170,1.0,1.0,14047
stacked_high,0.0,q2_a1.5_and,70200,26.73333333333337,21.533333333333367,10.584666666666635,7.071666666666626,1.9623294958004913,1.7318199369938911,139,1.0,1.0,13031
stacked_high,0.0,q2_a1.5_and,70201,33.66666666666673,22.93333333333338,12.96666666666664,9.541666666666634,2.3816192073684337,2.076437016177367,151,1.0,1.0,12631
stacked_high,0.0,q2_a1.5_and,70202,23.266666666666673,16.133333333333383,12.069666666666635,6.285666666666632,2.108304873045489,1.6633982454030103,143,1.0,1.0,13462
stacked_high,0.0,q2_a1.5_and,70203,31.600000000000136,26.599999999999767,13.078666666666638,9.54966666666664,2.208514058282082,2.0600304328667765,126,1.0,1.0,11951
stacked_high,0.0,q2_a1.5_and,70204,29.600000000000037,20.06666666666667,12.090666666666634,9.606666666666635,2.134765277706864,1.9887767214343715,146,1.0,1.0,12103
stacked_high,0.0,q2_a1.5_and,70205,23.800000000000068,21.800000000000026,11.920666666666643,10.904666666666643,2.0795771679206676,2.171254595632274,146,1.0,1.0,12144
stacked_high,0.0,q2_a1.5_and,70206,26.400000000000034,18.93333333333333,11.53666666666664,8.070666666666636,2.0474020997953657,1.9701012401793718,141,1.0,1.0,12787
stacked_high,0.0,q2_a1.5_and,70207,27.93333333333336,21.80000000000002,13.008666666666644,10.440666666666639,2.315838312598525,2.2534573871373453,148,1.0,1.0,12558
stacked_high,0.0,q2_a1.5_and,70208,35.99999999999999,22.400000000000006,15.563666666666638,8.80066666666663,2.5253596124825357,1.990087868624077,144,1.0,1.0,12606
stacked_high,0.0,q2_a1.5_and,70209,26.733333333333327,22.26666666666666,10.145666666666632,7.791666666666631,2.0711798406205277,1.9207690208829624,136,1.0,1.0,14832
stacked_high,0.0,q2_a1.5_and,70210,39.80000000000004,23.866666666666667,16.040666666666645,10.92266666666663,2.8069504091813866,1.97594100084909,146,1.0,1.0,12163
stacked_high,0.0,q2_a1.5_and,70211,30.266666666666666,22.400000000000013,13.145666666666644,9.546666666666638,2.2846480097048207,2.050919985433929,140,1.0,1.0,12365
stacked_high,0.0,q2_a1.5_and,70212,21.46666666666667,15.733333333333292,10.510666666666637,6.689666666666628,1.9720678403351113,1.687549072938105,147,1.0,1.0,13065
stacked_high,0.0,q2_a1.5_and,70213,31.93333333333333,21.800000000000047,13.758666666666649,10.912666666666636,2.5400476019289076,2.167981373982792,148,1.0,1.0,12877
stacked_high,0.0,q2_a1.5_and,70214,25.200000000000024,19.933333333333344,10.703666666666631,10.151666666666642,2.0677895988013035,2.1713662163361995,146,1.0,1.0,13402
stacked_high,0.0,q2_a1.5_and,70215,21.200000000000045,13.733333333333348,8.234666666666628,5.258666666666626,1.9058089263400748,1.595308394706411,136,1.0,1.0,14525
stacked_high,0.0,q2_a1.5_and,70216,22.599999999999767,17.866666666666674,10.212666666666635,8.489666666666634,1.8546308831430272,1.918971697049037,148,1.0,1.0,12561
stacked_high,0.0,q2_a1.5_and,70217,21.73333333333339,20.66666666666668,12.040666666666642,9.423666666666637,2.1300891311754846,2.0554166814851627,147,1.0,1.0,12486
stacked_high,0.0,q2_a1.5_and,70218,23.13333333333341,21.800000000000033,10.639666666666633,10.072666666666636,1.9458286872473227,2.0700785014776257,145,1.0,1.0,12415
stacked_high,0.0,q2_a1.5_and,70219,21.40000000000004,22.13333333333341,10.622666666666639,11.066666666666642,2.0852689574035073,2.2512728692453923,146,1.0,1.0,12653
stacked_high,0.0,q2_a1.5_and,70220,21.13333333333336,18.0666666666667,10.616666666666635,9.33966666666664,2.0475244812731765,2.1589114282588553,151,1.0,1.0,12854
stacked_high,0.0,q2_a1.5_and,70221,19.800000000000054,27.733333333333327,8.92066666666663,9.376666666666639,1.8052262907308612,2.0620075853126534,125,1.0,1.0,12493
stacked_high,0.0,q2_a1.5_and,70222,19.400000000000027,12.666666666666679,9.06166666666663,5.389666666666629,1.874188180204996,1.5600896576020178,142,1.0,1.0,14246
stacked_high,0.0,q2_a1.5_and,70223,14.199999999999818,17.13333333333336,6.593666666666627,7.285666666666632,1.6696504800645946,1.8942393320742748,144,1.0,1.0,12430
stacked_high,0.0,q2_a1.5_and,70224,30.39999999999999,21.66666666666673,14.965666666666632,9.924666666666642,2.569817465213412,2.013816634039965,146,1.0,1.0,12760
stacked_high,0.0,q2_a1.5_and,70225,31.400000000000006,12.200000000000024,13.073666666666634,5.9076666666666275,2.3186277886020563,1.5913586247295106,140,1.0,1.0,14202
stacked_high,0.0,q2_a1.5_and,70226,23.933333333333373,14.733333333333348,11.92066666666664,5.708666666666627,2.3602580076654016,1.6572567861208793,138,1.0,1.0,13957
stacked_high,0.0,q2_a1.5_and,70227,22.800000000000054,28.66666666666672,11.525666666666636,13.323666666666641,2.168229099954031,2.439738808772285,150,1.0,1.0,12442
stacked_high,0.0,q2_a1.5_and,70228,34.20000000000004,27.333333333333357,14.306666666666638,11.422666666666641,2.56322622699295,2.5690125707814304,149,1.0,1.0,11431
stacked_high,0.0,q2_a1.5_and,70229,20.800000000000004,14.933333333333344,8.298666666666632,5.78766666666663,1.8778324796647186,1.6688381385207591,139,1.0,1.0,14599
stacked_high,0.0,q4_a0.8_or,70200,26.73333333333337,22.73333333333337,10.584666666666635,11.026666666666637,1.9623294958004913,2.1971894663413316,179,1.0,1.0,12612
stacked_high,0.0,q4_a0.8_or,70201,33.66666666666673,16.93333333333333,12.96666666666664,5.911666666666628,2.3816192073684337,1.6401608780501504,179,1.0,1.0,14156
stacked_high,0.0,q4_a0.8_or,70202,23.266666666666673,21.86666666666669,12.069666666666635,9.485666666666638,2.108304873045489,2.0671024172517436,179,1.0,1.0,13436
stacked_high,0.0,q4_a0.8_or,70203,31.600000000000136,20.733333333333356,13.078666666666638,8.949666666666634,2.208514058282082,1.8478827257144763,179,1.0,1.0,13356
stacked_high,0.0,q4_a0.8_or,70204,29.600000000000037,18.800000000000054,12.090666666666634,10.049666666666635,2.134765277706864,1.9591514624353952,179,1.0,1.0,12592
stacked_high,0.0,q4_a0.8_or,70205,23.800000000000068,15.06666666666667,11.920666666666643,7.655666666666634,2.0795771679206676,1.7456031758050818,179,1.0,1.0,13191
stacked_high,0.0,q4_a0.8_or,70206,26.400000000000034,14.800000000000018,11.53666666666664,5.265666666666631,2.0474020997953657,1.5728313863833179,179,1.0,1.0,14723
stacked_high,0.0,q4_a0.8_or,70207,27.93333333333336,17.800000000000026,13.008666666666644,8.293666666666631,2.315838312598525,1.7558571577819608,179,1.0,1.0,13590
stacked_high,0.0,q4_a0.8_or,70208,35.99999999999999,21.866666666666667,15.563666666666638,9.57066666666663,2.5253596124825357,2.0571188645203087,179,1.0,1.0,12560
stacked_high,0.0,q4_a0.8_or,70209,26.733333333333327,14.000000000000021,10.145666666666632,5.9836666666666245,2.0711798406205277,1.7114311471822148,179,1.0,1.0,15207
stacked_high,0.0,q4_a0.8_or,70210,39.80000000000004,22.20000000000003,16.040666666666645,11.116666666666632,2.8069504091813866,2.0448051810308714,179,1.0,1.0,12199
stacked_high,0.0,q4_a0.8_or,70211,30.266666666666666,15.733333333333363,13.145666666666644,7.471666666666633,2.2846480097048207,1.7363898118044845,179,1.0,1.0,13015
stacked_high,0.0,q4_a0.8_or,70212,21.46666666666667,18.600000000000037,10.510666666666637,8.44866666666663,1.9720678403351113,1.793922690092932,179,1.0,1.0,13331
stacked_high,0.0,q4_a0.8_or,70213,31.93333333333333,15.066666666666677,13.758666666666649,6.43366666666663,2.5400476019289076,1.5963766962337693,179,1.0,1.0,14966
stacked_high,0.0,q4_a0.8_or,70214,25.200000000000024,20.600000000000023,10.703666666666631,7.672666666666632,2.0677895988013035,1.8334570801666996,179,1.0,1.0,13714
stacked_high,0.0,q4_a0.8_or,70215,21.200000000000045,14.933333333333337,8.234666666666628,6.360666666666632,1.9058089263400748,1.785087530789605,179,1.0,1.0,15303
stacked_high,0.0,q4_a0.8_or,70216,22.599999999999767,15.333333333333172,10.212666666666635,6.316666666666631,1.8546308831430272,1.5756037193127392,179,1.0,1.0,13466
stacked_high,0.0,q4_a0.8_or,70217,21.73333333333339,19.06666666666635,12.040666666666642,7.80266666666663,2.1300891311754846,1.785233938980315,179,1.0,1.0,13077
stacked_high,0.0,q4_a0.8_or,70218,23.13333333333341,14.46666666666669,10.639666666666633,6.560666666666632,1.9458286872473227,1.635913083709707,179,1.0,1.0,14109
stacked_high,0.0,q4_a0.8_or,70219,21.40000000000004,22.6666666666667,10.622666666666639,11.555666666666639,2.0852689574035073,2.1281849058621773,179,1.0,1.0,13109
stacked_high,0.0,q4_a0.8_or,70220,21.13333333333336,15.46666666666669,10.616666666666635,6.32666666666663,2.0475244812731765,1.6600539216905745,179,1.0,1.0,13802
stacked_high,0.0,q4_a0.8_or,70221,19.800000000000054,21.933333333333394,8.92066666666663,8.922666666666634,1.8052262907308612,1.96006846193912,179,1.0,1.0,12628
stacked_high,0.0,q4_a0.8_or,70222,19.400000000000027,19.333333333333343,9.06166666666663,8.130666666666635,1.874188180204996,1.8982759546106291,179,1.0,1.0,13828
stacked_high,0.0,q4_a0.8_or,70223,14.199999999999818,16.266666666666765,6.593666666666627,6.553666666666634,1.6696504800645946,1.7795843905525515,179,1.0,1.0,13679
stacked_high,0.0,q4_a0.8_or,70224,30.39999999999999,15.333333333333385,14.965666666666632,7.344666666666631,2.569817465213412,1.7139964552493783,179,1.0,1.0,13406
stacked_high,0.0,q4_a0.8_or,70225,31.400000000000006,18.13333333333334,13.073666666666634,6.9716666666666285,2.3186277886020563,1.751333793405979,179,1.0,1.0,12863
stacked_high,0.0,q4_a0.8_or,70226,23.933333333333373,17.533333333333353,11.92066666666664,7.336666666666634,2.3602580076654016,1.8690167123566388,179,1.0,1.0,12707
stacked_high,0.0,q4_a0.8_or,70227,22.800000000000054,29.266666666666566,11.525666666666636,13.363666666666647,2.168229099954031,2.575670616462185,179,1.0,1.0,12167
stacked_high,0.0,q4_a0.8_or,70228,34.20000000000004,24.466666666666683,14.306666666666638,11.199666666666635,2.56322622699295,2.3071884556415365,179,1.0,1.0,12352
stacked_high,0.0,q4_a0.8_or,70229,20.800000000000004,17.199999999999562,8.298666666666632,5.943666666666631,1.8778324796647186,1.628805706624826,179,1.0,1.0,14635
stacked_high,0.0,q4_a0.8_and,70200,26.73333333333337,15.466666666666555,10.584666666666635,6.893666666666629,1.9623294958004913,1.7642576779171966,150,1.0,1.0,13886
stacked_high,0.0,q4_a0.8_and,70201,33.66666666666673,18.199999999999818,12.96666666666664,6.9156666666666275,2.3816192073684337,1.6653029416010636,155,1.0,1.0,13690
stacked_high,0.0,q4_a0.8_and,70202,23.266666666666673,13.333333333333357,12.069666666666635,5.209666666666628,2.108304873045489,1.5582690482996853,135,1.0,1.0,14279
stacked_high,0.0,q4_a0.8_and,70203,31.600000000000136,13.799999999999784,13.078666666666638,5.898666666666632,2.208514058282082,1.5098523209391173,132,1.0,1.0,13892
stacked_high,0.0,q4_a0.8_and,70204,29.600000000000037,19.6,12.090666666666634,7.7626666666666315,2.134765277706864,1.7356965533631836,147,1.0,1.0,12532
stacked_high,0.0,q4_a0.8_and,70205,23.800000000000068,17.466666666666683,11.920666666666643,8.488666666666635,2.0795771679206676,1.8476946071624374,158,1.0,1.0,13230
stacked_high,0.0,q4_a0.8_and,70206,26.400000000000034,13.933333333333351,11.53666666666664,6.596666666666635,2.0474020997953657,1.6288707662448343,145,1.0,1.0,13368
stacked_high,0.0,q4_a0.8_and,70207,27.93333333333336,21.3333333333334,13.008666666666644,11.037666666666635,2.315838312598525,2.1388348632675043,155,1.0,1.0,12651
stacked_high,0.0,q4_a0.8_and,70208,35.99999999999999,22.266666666666673,15.563666666666638,7.6386666666666265,2.5253596124825357,1.7559552202858624,161,1.0,1.0,13810
stacked_high,0.0,q4_a0.8_and,70209,26.733333333333327,14.400000000000006,10.145666666666632,5.76666666666663,2.0711798406205277,1.638374168600982,147,1.0,1.0,15074
stacked_high,0.0,q4_a0.8_and,70210,39.80000000000004,21.66666666666667,16.040666666666645,9.175666666666626,2.8069504091813866,1.8550915586194747,156,1.0,1.0,12740
stacked_high,0.0,q4_a0.8_and,70211,30.266666666666666,15.666666666666515,13.145666666666644,7.458666666666633,2.2846480097048207,1.6865182604040454,159,1.0,1.0,12889
stacked_high,0.0,q4_a0.8_and,70212,21.46666666666667,16.53333333333336,10.510666666666637,7.697666666666635,1.9720678403351113,1.8746806667718885,155,1.0,1.0,13086
stacked_high,0.0,q4_a0.8_and,70213,31.93333333333333,14.13333333333334,13.758666666666649,5.96266666666663,2.5400476019289076,1.5702846887788262,121,1.0,1.0,14241
stacked_high,0.0,q4_a0.8_and,70214,25.200000000000024,14.666666666666487,10.703666666666631,5.68066666666663,2.0677895988013035,1.5405918658152613,138,1.0,1.0,14059
stacked_high,0.0,q4_a0.8_and,70215,21.200000000000045,16.20000000000001,8.234666666666628,7.143666666666628,1.9058089263400748,1.7563381603697346,146,1.0,1.0,14864
stacked_high,0.0,q4_a0.8_and,70216,22.599999999999767,15.19999999999979,10.212666666666635,6.64066666666663,1.8546308831430272,1.628967853270407,158,1.0,1.0,13460
stacked_high,0.0,q4_a0.8_and,70217,21.73333333333339,21.933333333333053,12.040666666666642,9.751666666666635,2.1300891311754846,2.025637760061598,147,1.0,1.0,13027
stacked_high,0.0,q4_a0.8_and,70218,23.13333333333341,15.333333333333357,10.639666666666633,5.730666666666632,1.9458286872473227,1.5622487273257253,133,1.0,1.0,13370
stacked_high,0.0,q4_a0.8_and,70219,21.40000000000004,15.466666666666697,10.622666666666639,6.773666666666632,2.0852689574035073,1.6892553188043555,143,1.0,1.0,14243
stacked_high,0.0,q4_a0.8_and,70220,21.13333333333336,18.4,10.616666666666635,8.220666666666633,2.0475244812731765,1.8447821052673712,162,1.0,1.0,13200
stacked_high,0.0,q4_a0.8_and,70221,19.800000000000054,15.333333333333357,8.92066666666663,5.915666666666628,1.8052262907308612,1.567995151659938,142,1.0,1.0,13295
stacked_high,0.0,q4_a0.8_and,70222,19.400000000000027,13.600000000000051,9.06166666666663,5.748666666666631,1.874188180204996,1.6326201124777415,137,1.0,1.0,14021
stacked_high,0.0,q4_a0.8_and,70223,14.199999999999818,12.066666666666407,6.593666666666627,4.357666666666628,1.6696504800645946,1.4808122623816817,110,1.0,1.0,12889
stacked_high,0.0,q4_a0.8_and,70224,30.39999999999999,16.73333333333337,14.965666666666632,6.62666666666663,2.569817465213412,1.650118782955617,141,1.0,1.0,12962
stacked_high,0.0,q4_a0.8_and,70225,31.400000000000006,16.200000000000003,13.073666666666634,7.140666666666627,2.3186277886020563,1.7759114848071604,157,1.0,1.0,13087
stacked_high,0.0,q4_a0.8_and,70226,23.933333333333373,14.333333333333343,11.92066666666664,6.461666666666628,2.3602580076654016,1.6715210790236084,141,1.0,1.0,13347
stacked_high,0.0,q4_a0.8_and,70227,22.800000000000054,31.86666666666671,11.525666666666636,14.717666666666647,2.168229099954031,2.6644367409973184,159,1.0,1.0,12185
stacked_high,0.0,q4_a0.8_and,70228,34.20000000000004,19.333333333333357,14.306666666666638,8.33266666666663,2.56322622699295,1.9119974528741952,157,1.0,1.0,12754
stacked_high,0.0,q4_a0.8_and,70229,20.800000000000004,16.53333333333334,8.298666666666632,6.458666666666634,1.8778324796647186,1.7413052513467246,148,1.0,1.0,13697
stacked_high,0.0,q4_a1.5_or,70200,26.73333333333337,15.466666666666555,10.584666666666635,6.893666666666629,1.9623294958004913,1.7642576779171966,164,1.0,1.0,13886
stacked_high,0.0,q4_a1.5_or,70201,33.66666666666673,16.86666666666639,12.96666666666664,6.955666666666629,2.3816192073684337,1.6762789342915536,163,1.0,1.0,13532
stacked_high,0.0,q4_a1.5_or,70202,23.266666666666673,13.533333333333388,12.069666666666635,5.497666666666631,2.108304873045489,1.58478718264866,161,1.0,1.0,14012
stacked_high,0.0,q4_a1.5_or,70203,31.600000000000136,13.20000000000001,13.078666666666638,5.356666666666627,2.208514058282082,1.465538195176145,158,1.0,1.0,13871
stacked_high,0.0,q4_a1.5_or,70204,29.600000000000037,19.6,12.090666666666634,7.7626666666666315,2.134765277706864,1.7356965533631836,161,1.0,1.0,12532
stacked_high,0.0,q4_a1.5_or,70205,23.800000000000068,17.466666666666683,11.920666666666643,8.488666666666635,2.0795771679206676,1.8476946071624374,164,1.0,1.0,13230
stacked_high,0.0,q4_a1.5_or,70206,26.400000000000034,13.933333333333351,11.53666666666664,6.596666666666635,2.0474020997953657,1.6288707662448343,164,1.0,1.0,13368
stacked_high,0.0,q4_a1.5_or,70207,27.93333333333336,21.13333333333341,13.008666666666644,11.03166666666663,2.315838312598525,2.1748124554809083,161,1.0,1.0,12334
stacked_high,0.0,q4_a1.5_or,70208,35.99999999999999,22.266666666666673,15.563666666666638,7.6386666666666265,2.5253596124825357,1.7559552202858624,164,1.0,1.0,13810
stacked_high,0.0,q4_a1.5_or,70209,26.733333333333327,14.400000000000006,10.145666666666632,5.76666666666663,2.0711798406205277,1.638374168600982,164,1.0,1.0,15074
stacked_high,0.0,q4_a1.5_or,70210,39.80000000000004,21.66666666666667,16.040666666666645,9.219666666666624,2.8069504091813866,1.859598781196401,162,1.0,1.0,12609
stacked_high,0.0,q4_a1.5_or,70211,30.266666666666666,15.666666666666515,13.145666666666644,7.458666666666633,2.2846480097048207,1.6865182604040454,164,1.0,1.0,12889
stacked_high,0.0,q4_a1.5_or,70212,21.46666666666667,16.53333333333336,10.510666666666637,7.697666666666635,1.9720678403351113,1.8746806667718885,164,1.0,1.0,13086
stacked_high,0.0,q4_a1.5_or,70213,31.93333333333333,13.533333333333417,13.758666666666649,5.88666666666663,2.5400476019289076,1.5831522258251622,160,1.0,1.0,14864
stacked_high,0.0,q4_a1.5_or,70214,25.200000000000024,14.933333333332797,10.703666666666631,6.198666666666632,2.0677895988013035,1.6081733669796137,160,1.0,1.0,14685
stacked_high,0.0,q4_a1.5_or,70215,21.200000000000045,16.20000000000001,8.234666666666628,7.143666666666628,1.9058089263400748,1.7563381603697346,159,1.0,1.0,14864
stacked_high,0.0,q4_a1.5_or,70216,22.599999999999767,15.19999999999979,10.212666666666635,6.64066666666663,1.8546308831430272,1.628967853270407,167,1.0,1.0,13460
stacked_high,0.0,q4_a1.5_or,70217,21.73333333333339,21.933333333333053,12.040666666666642,9.740666666666636,2.1300891311754846,2.013478030396104,160,1.0,1.0,12922
stacked_high,0.0,q4_a1.5_or,70218,23.13333333333341,14.933333333333351,10.639666666666633,6.810666666666634,1.9458286872473227,1.6799899430306333,159,1.0,1.0,13309
stacked_high,0.0,q4_a1.5_or,70219,21.40000000000004,16.466666666666697,10.622666666666639,6.810666666666632,2.0852689574035073,1.7082070656162234,161,1.0,1.0,14310
stacked_high,0.0,q4_a1.5_or,70220,21.13333333333336,18.4,10.616666666666635,8.220666666666633,2.0475244812731765,1.8447821052673712,164,1.0,1.0,13200
stacked_high,0.0,q4_a1.5_or,70221,19.800000000000054,15.333333333333357,8.92066666666663,5.922666666666629,1.8052262907308612,1.569012335562444,163,1.0,1.0,13276
stacked_high,0.0,q4_a1.5_or,70222,19.400000000000027,14.133333333333397,9.06166666666663,5.95866666666663,1.874188180204996,1.6550407828939735,160,1.0,1.0,13463
stacked_high,0.0,q4_a1.5_or,70223,14.199999999999818,11.600000000000009,6.593666666666627,4.3306666666666285,1.6696504800645946,1.4608252243701871,161,1.0,1.0,13508
stacked_high,0.0,q4_a1.5_or,70224,30.39999999999999,16.73333333333337,14.965666666666632,6.69066666666663,2.569817465213412,1.6685467591637535,163,1.0,1.0,12656
stacked_high,0.0,q4_a1.5_or,70225,31.400000000000006,16.200000000000003,13.073666666666634,7.140666666666627,2.3186277886020563,1.7759114848071604,164,1.0,1.0,13087
stacked_high,0.0,q4_a1.5_or,70226,23.933333333333373,14.333333333333343,11.92066666666664,6.449666666666629,2.3602580076654016,1.6670287275874351,163,1.0,1.0,13599
stacked_high,0.0,q4_a1.5_or,70227,22.800000000000054,31.86666666666671,11.525666666666636,14.717666666666647,2.168229099954031,2.6644367409973184,164,1.0,1.0,12185
stacked_high,0.0,q4_a1.5_or,70228,34.20000000000004,19.333333333333357,14.306666666666638,8.33266666666663,2.56322622699295,1.9119974528741952,164,1.0,1.0,12754
stacked_high,0.0,q4_a1.5_or,70229,20.800000000000004,14.666666666666515,8.298666666666632,6.07066666666663,1.8778324796647186,1.6947306589983706,158,1.0,1.0,14111
stacked_high,0.0,q4_a1.5_and,70200,26.73333333333337,21.533333333333367,10.584666666666635,7.617666666666627,1.9623294958004913,1.7691301274342255,131,1.0,1.0,13044
stacked_high,0.0,q4_a1.5_and,70201,33.66666666666673,22.93333333333338,12.96666666666664,9.541666666666634,2.3816192073684337,2.076437016177367,148,1.0,1.0,12631
stacked_high,0.0,q4_a1.5_and,70202,23.266666666666673,16.133333333333383,12.069666666666635,6.255666666666632,2.108304873045489,1.6645321967175801,130,1.0,1.0,13208
stacked_high,0.0,q4_a1.5_and,70203,31.600000000000136,24.19999999999976,13.078666666666638,10.00866666666664,2.208514058282082,2.0779146878359027,122,1.0,1.0,12075
stacked_high,0.0,q4_a1.5_and,70204,29.600000000000037,20.06666666666667,12.090666666666634,9.606666666666635,2.134765277706864,1.9887767214343715,146,1.0,1.0,12103
stacked_high,0.0,q4_a1.5_and,70205,23.800000000000068,21.800000000000026,11.920666666666643,10.904666666666643,2.0795771679206676,2.171254595632274,146,1.0,1.0,12144
stacked_high,0.0,q4_a1.5_and,70206,26.400000000000034,18.93333333333333,11.53666666666664,8.485666666666635,2.0474020997953657,1.992649139077054,141,1.0,1.0,12622
stacked_high,0.0,q4_a1.5_and,70207,27.93333333333336,21.80000000000002,13.008666666666644,10.440666666666639,2.315838312598525,2.2534573871373453,145,1.0,1.0,12558
stacked_high,0.0,q4_a1.5_and,70208,35.99999999999999,22.400000000000006,15.563666666666638,8.80066666666663,2.5253596124825357,1.990087868624077,135,1.0,1.0,12606
stacked_high,0.0,q4_a1.5_and,70209,26.733333333333327,22.26666666666666,10.145666666666632,7.791666666666631,2.0711798406205277,1.9207690208829624,132,1.0,1.0,14832
stacked_high,0.0,q4_a1.5_and,70210,39.80000000000004,23.866666666666667,16.040666666666645,10.92266666666663,2.8069504091813866,1.97594100084909,146,1.0,1.0,12163
stacked_high,0.0,q4_a1.5_and,70211,30.266666666666666,22.400000000000013,13.145666666666644,9.546666666666638,2.2846480097048207,2.050919985433929,136,1.0,1.0,12365
stacked_high,0.0,q4_a1.5_and,70212,21.46666666666667,15.733333333333292,10.510666666666637,6.689666666666628,1.9720678403351113,1.687549072938105,147,1.0,1.0,13065
stacked_high,0.0,q4_a1.5_and,70213,31.93333333333333,21.800000000000047,13.758666666666649,10.912666666666636,2.5400476019289076,2.167981373982792,148,1.0,1.0,12877
stacked_high,0.0,q4_a1.5_and,70214,25.200000000000024,19.933333333333344,10.703666666666631,10.151666666666642,2.0677895988013035,2.1713662163361995,138,1.0,1.0,13402
stacked_high,0.0,q4_a1.5_and,70215,21.200000000000045,14.599999999999852,8.234666666666628,5.358666666666631,1.9058089263400748,1.6675027232585002,126,1.0,1.0,14653
stacked_high,0.0,q4_a1.5_and,70216,22.599999999999767,17.866666666666674,10.212666666666635,8.489666666666634,1.8546308831430272,1.918971697049037,145,1.0,1.0,12561
stacked_high,0.0,q4_a1.5_and,70217,21.73333333333339,20.66666666666668,12.040666666666642,9.423666666666637,2.1300891311754846,2.055515491008972,136,1.0,1.0,12550
stacked_high,0.0,q4_a1.5_and,70218,23.13333333333341,21.800000000000033,10.639666666666633,10.072666666666636,1.9458286872473227,2.0700785014776257,145,1.0,1.0,12415
stacked_high,0.0,q4_a1.5_and,70219,21.40000000000004,22.13333333333341,10.622666666666639,11.066666666666642,2.0852689574035073,2.2512728692453923,146,1.0,1.0,12653
stacked_high,0.0,q4_a1.5_and,70220,21.13333333333336,18.0666666666667,10.616666666666635,9.33966666666664,2.0475244812731765,2.1589114282588553,146,1.0,1.0,12854
stacked_high,0.0,q4_a1.5_and,70221,19.800000000000054,27.733333333333327,8.92066666666663,9.552666666666639,1.8052262907308612,2.0840076768064724,122,1.0,1.0,12358
stacked_high,0.0,q4_a1.5_and,70222,19.400000000000027,12.666666666666679,9.06166666666663,5.426666666666628,1.874188180204996,1.5667033804484658,132,1.0,1.0,14275
stacked_high,0.0,q4_a1.5_and,70223,14.199999999999818,17.13333333333336,6.593666666666627,7.295666666666632,1.6696504800645946,1.8895508484243302,140,1.0,1.0,12471
stacked_high,0.0,q4_a1.5_and,70224,30.39999999999999,21.66666666666673,14.965666666666632,9.924666666666642,2.569817465213412,2.013816634039965,146,1.0,1.0,12760
stacked_high,0.0,q4_a1.5_and,70225,31.400000000000006,12.200000000000024,13.073666666666634,5.9076666666666275,2.3186277886020563,1.5913586247295106,140,1.0,1.0,14202
stacked_high,0.0,q4_a1.5_and,70226,23.933333333333373,14.733333333333348,11.92066666666664,5.708666666666627,2.3602580076654016,1.6572567861208793,138,1.0,1.0,13957
stacked_high,0.0,q4_a1.5_and,70227,22.800000000000054,28.66666666666672,11.525666666666636,13.323666666666641,2.168229099954031,2.439738808772285,147,1.0,1.0,12442
stacked_high,0.0,q4_a1.5_and,70228,34.20000000000004,27.333333333333357,14.306666666666638,11.422666666666641,2.56322622699295,2.5690125707814304,142,1.0,1.0,11431
stacked_high,0.0,q4_a1.5_and,70229,20.800000000000004,15.400000000000013,8.298666666666632,5.984666666666629,1.8778324796647186,1.746655089669797,131,1.0,1.0,14688
stacked_high,0.0,q8_a0.8_or,70200,26.73333333333337,22.73333333333337,10.584666666666635,11.026666666666637,1.9623294958004913,2.1971894663413316,179,1.0,1.0,12612
stacked_high,0.0,q8_a0.8_or,70201,33.66666666666673,16.93333333333333,12.96666666666664,5.911666666666628,2.3816192073684337,1.6401608780501504,179,1.0,1.0,14156
stacked_high,0.0,q8_a0.8_or,70202,23.266666666666673,21.86666666666669,12.069666666666635,9.485666666666638,2.108304873045489,2.0671024172517436,179,1.0,1.0,13436
stacked_high,0.0,q8_a0.8_or,70203,31.600000000000136,20.733333333333356,13.078666666666638,8.949666666666634,2.208514058282082,1.8478827257144763,179,1.0,1.0,13356
stacked_high,0.0,q8_a0.8_or,70204,29.600000000000037,18.800000000000054,12.090666666666634,10.049666666666635,2.134765277706864,1.9591514624353952,179,1.0,1.0,12592
stacked_high,0.0,q8_a0.8_or,70205,23.800000000000068,15.06666666666667,11.920666666666643,7.655666666666634,2.0795771679206676,1.7456031758050818,179,1.0,1.0,13191
stacked_high,0.0,q8_a0.8_or,70206,26.400000000000034,14.800000000000018,11.53666666666664,5.265666666666631,2.0474020997953657,1.5728313863833179,179,1.0,1.0,14723
stacked_high,0.0,q8_a0.8_or,70207,27.93333333333336,17.800000000000026,13.008666666666644,8.293666666666631,2.315838312598525,1.7558571577819608,179,1.0,1.0,13590
stacked_high,0.0,q8_a0.8_or,70208,35.99999999999999,21.866666666666667,15.563666666666638,9.57066666666663,2.5253596124825357,2.0571188645203087,179,1.0,1.0,12560
stacked_high,0.0,q8_a0.8_or,70209,26.733333333333327,14.000000000000021,10.145666666666632,5.9836666666666245,2.0711798406205277,1.7114311471822148,179,1.0,1.0,15207
stacked_high,0.0,q8_a0.8_or,70210,39.80000000000004,22.20000000000003,16.040666666666645,11.116666666666632,2.8069504091813866,2.0448051810308714,179,1.0,1.0,12199
stacked_high,0.0,q8_a0.8_or,70211,30.266666666666666,15.733333333333363,13.145666666666644,7.471666666666633,2.2846480097048207,1.7363898118044845,179,1.0,1.0,13015
stacked_high,0.0,q8_a0.8_or,70212,21.46666666666667,18.600000000000037,10.510666666666637,8.44866666666663,1.9720678403351113,1.793922690092932,179,1.0,1.0,13331
stacked_high,0.0,q8_a0.8_or,70213,31.93333333333333,15.066666666666677,13.758666666666649,6.43366666666663,2.5400476019289076,1.5963766962337693,179,1.0,1.0,14966
stacked_high,0.0,q8_a0.8_or,70214,25.200000000000024,20.600000000000023,10.703666666666631,7.672666666666632,2.0677895988013035,1.8334570801666996,179,1.0,1.0,13714
stacked_high,0.0,q8_a0.8_or,70215,21.200000000000045,14.933333333333337,8.234666666666628,6.360666666666632,1.9058089263400748,1.785087530789605,179,1.0,1.0,15303
stacked_high,0.0,q8_a0.8_or,70216,22.599999999999767,15.333333333333172,10.212666666666635,6.316666666666631,1.8546308831430272,1.5756037193127392,179,1.0,1.0,13466
stacked_high,0.0,q8_a0.8_or,70217,21.73333333333339,19.06666666666635,12.040666666666642,7.80266666666663,2.1300891311754846,1.785233938980315,179,1.0,1.0,13077
stacked_high,0.0,q8_a0.8_or,70218,23.13333333333341,14.46666666666669,10.639666666666633,6.560666666666632,1.9458286872473227,1.635913083709707,179,1.0,1.0,14109
stacked_high,0.0,q8_a0.8_or,70219,21.40000000000004,22.6666666666667,10.622666666666639,11.555666666666639,2.0852689574035073,2.1281849058621773,179,1.0,1.0,13109
stacked_high,0.0,q8_a0.8_or,70220,21.13333333333336,15.46666666666669,10.616666666666635,6.32666666666663,2.0475244812731765,1.6600539216905745,179,1.0,1.0,13802
stacked_high,0.0,q8_a0.8_or,70221,19.800000000000054,21.933333333333394,8.92066666666663,8.922666666666634,1.8052262907308612,1.96006846193912,179,1.0,1.0,12628
stacked_high,0.0,q8_a0.8_or,70222,19.400000000000027,19.333333333333343,9.06166666666663,8.130666666666635,1.874188180204996,1.8982759546106291,179,1.0,1.0,13828
stacked_high,0.0,q8_a0.8_or,70223,14.199999999999818,16.266666666666765,6.593666666666627,6.553666666666634,1.6696504800645946,1.7795843905525515,179,1.0,1.0,13679
stacked_high,0.0,q8_a0.8_or,70224,30.39999999999999,15.333333333333385,14.965666666666632,7.344666666666631,2.569817465213412,1.7139964552493783,179,1.0,1.0,13406
stacked_high,0.0,q8_a0.8_or,70225,31.400000000000006,18.13333333333334,13.073666666666634,6.9716666666666285,2.3186277886020563,1.751333793405979,179,1.0,1.0,12863
stacked_high,0.0,q8_a0.8_or,70226,23.933333333333373,17.533333333333353,11.92066666666664,7.336666666666634,2.3602580076654016,1.8690167123566388,179,1.0,1.0,12707
stacked_high,0.0,q8_a0.8_or,70227,22.800000000000054,29.266666666666566,11.525666666666636,13.363666666666647,2.168229099954031,2.575670616462185,179,1.0,1.0,12167
stacked_high,0.0,q8_a0.8_or,70228,34.20000000000004,24.466666666666683,14.306666666666638,11.199666666666635,2.56322622699295,2.3071884556415365,179,1.0,1.0,12352
stacked_high,0.0,q8_a0.8_or,70229,20.800000000000004,17.199999999999562,8.298666666666632,5.943666666666631,1.8778324796647186,1.628805706624826,179,1.0,1.0,14635
stacked_high,0.0,q8_a0.8_and,70200,26.73333333333337,18.60000000000001,10.584666666666635,8.241666666666632,1.9623294958004913,1.798324520269288,123,1.0,1.0,13734
stacked_high,0.0,q8_a0.8_and,70201,33.66666666666673,17.73333333333334,12.96666666666664,7.938666666666633,2.3816192073684337,1.8229833151538448,117,1.0,1.0,13024
stacked_high,0.0,q8_a0.8_and,70202,23.266666666666673,18.000000000000007,12.069666666666635,7.698666666666631,2.108304873045489,1.7567165638778832,121,1.0,1.0,13509
stacked_high,0.0,q8_a0.8_and,70203,31.600000000000136,40.46666666666669,13.078666666666638,16.30366666666665,2.208514058282082,2.7500456943824862,131,1.0,1.0,11842
stacked_high,0.0,q8_a0.8_and,70204,29.600000000000037,18.133333333333354,12.090666666666634,7.836666666666629,2.134765277706864,1.7280399152900727,123,1.0,1.0,12944
stacked_high,0.0,q8_a0.8_and,70205,23.800000000000068,20.333333333333336,11.920666666666643,9.665666666666636,2.0795771679206676,2.042091704825461,124,1.0,1.0,12951
stacked_high,0.0,q8_a0.8_and,70206,26.400000000000034,16.333333333333364,11.53666666666664,7.64566666666663,2.0474020997953657,1.8055003498549835,117,1.0,1.0,13115
stacked_high,0.0,q8_a0.8_and,70207,27.93333333333336,21.53333333333336,13.008666666666644,10.960666666666638,2.315838312598525,2.200582306268934,111,1.0,1.0,12007
stacked_high,0.0,q8_a0.8_and,70208,35.99999999999999,21.533333333333417,15.563666666666638,9.11966666666663,2.5253596124825357,1.9504913859834767,111,1.0,1.0,12869
stacked_high,0.0,q8_a0.8_and,70209,26.733333333333327,19.00000000000003,10.145666666666632,7.905666666666625,2.0711798406205277,1.8650009601688295,104,1.0,1.0,14100
stacked_high,0.0,q8_a0.8_and,70210,39.80000000000004,26.00000000000003,16.040666666666645,12.495666666666638,2.8069504091813866,2.394376327179138,120,1.0,1.0,12127
stacked_high,0.0,q8_a0.8_and,70211,30.266666666666666,35.400000000000006,13.145666666666644,13.44766666666665,2.2846480097048207,2.628209237770812,102,1.0,1.0,12307
stacked_high,0.0,q8_a0.8_and,70212,21.46666666666667,17.26666666666668,10.510666666666637,7.68666666666663,1.9720678403351113,1.6830083107381828,121,1.0,1.0,13306
stacked_high,0.0,q8_a0.8_and,70213,31.93333333333333,21.600000000000065,13.758666666666649,9.821666666666637,2.5400476019289076,2.051695959981025,114,1.0,1.0,12785
stacked_high,0.0,q8_a0.8_and,70214,25.200000000000024,22.066666666666677,10.703666666666631,10.306666666666638,2.0677895988013035,2.0966498959760718,123,1.0,1.0,13641
stacked_high,0.0,q8_a0.8_and,70215,21.200000000000045,14.93333333333294,8.234666666666628,5.983666666666629,1.9058089263400748,1.686749266601798,89,1.0,1.0,14715
stacked_high,0.0,q8_a0.8_and,70216,22.599999999999767,15.333333333333336,10.212666666666635,7.586666666666632,1.8546308831430272,1.7100623167764042,109,1.0,1.0,14006
stacked_high,0.0,q8_a0.8_and,70217,21.73333333333339,18.133333333333425,12.040666666666642,9.384666666666634,2.1300891311754846,1.9908318914328649,116,1.0,1.0,13149
stacked_high,0.0,q8_a0.8_and,70218,23.13333333333341,18.733333333333363,10.639666666666633,9.562666666666635,1.9458286872473227,1.9200933151815942,127,1.0,1.0,13931
stacked_high,0.0,q8_a0.8_and,70219,21.40000000000004,22.066666666666663,10.622666666666639,11.339666666666641,2.0852689574035073,2.1243550522050594,127,1.0,1.0,12949
stacked_high,0.0,q8_a0.8_and,70220,21.13333333333336,17.66666666666667,10.616666666666635,7.891666666666634,2.0475244812731765,1.8320862817723937,119,1.0,1.0,12412
stacked_high,0.0,q8_a0.8_and,70221,19.800000000000054,22.133333333333375,8.92066666666663,10.316666666666645,1.8052262907308612,2.2835991520110746,127,1.0,1.0,11937
stacked_high,0.0,q8_a0.8_and,70222,19.400000000000027,18.53333333333333,9.06166666666663,8.437666666666633,1.874188180204996,1.9461323077247443,103,1.0,1.0,12995
stacked_high,0.0,q8_a0.8_and,70223,14.199999999999818,18.13333333333337,6.593666666666627,7.738666666666635,1.6696504800645946,1.8602473675513596,100,1.0,1.0,12426
stacked_high,0.0,q8_a0.8_and,70224,30.39999999999999,18.333333333333357,14.965666666666632,7.896666666666632,2.569817465213412,1.7729138403745004,104,1.0,1.0,12484
stacked_high,0.0,q8_a0.8_and,70225,31.400000000000006,16.466666666666683,13.073666666666634,7.3886666666666265,2.3186277886020563,1.7572015807093404,109,1.0,1.0,12819
stacked_high,0.0,q8_a0.8_and,70226,23.933333333333373,18.13333333333334,11.92066666666664,8.415666666666631,2.3602580076654016,1.8917827892869996,108,1.0,1.0,13067
stacked_high,0.0,q8_a0.8_and,70227,22.800000000000054,22.33333333333338,11.525666666666636,10.862666666666637,2.168229099954031,2.0413044039884025,111,1.0,1.0,12810
stacked_high,0.0,q8_a0.8_and,70228,34.20000000000004,27.466666666666697,14.306666666666638,11.768666666666634,2.56322622699295,2.318094487748662,123,1.0,1.0,12613
stacked_high,0.0,q8_a0.8_and,70229,20.800000000000004,18.93333333333333,8.298666666666632,7.079666666666631,1.8778324796647186,1.8697834577868824,88,1.0,1.0,13962
stacked_high,0.0,q8_a1.5_or,70200,26.73333333333337,21.533333333333367,10.584666666666635,7.071666666666626,1.9623294958004913,1.7318199369938911,151,1.0,1.0,13031
stacked_high,0.0,q8_a1.5_or,70201,33.66666666666673,22.93333333333338,12.96666666666664,9.541666666666634,2.3816192073684337,2.076437016177367,151,1.0,1.0,12631
stacked_high,0.0,q8_a1.5_or,70202,23.266666666666673,16.133333333333383,12.069666666666635,6.285666666666632,2.108304873045489,1.6633982454030103,151,1.0,1.0,13462
stacked_high,0.0,q8_a1.5_or,70203,31.600000000000136,28.13333333333324,13.078666666666638,9.96666666666664,2.208514058282082,2.0438187017312153,151,1.0,1.0,12463
stacked_high,0.0,q8_a1.5_or,70204,29.600000000000037,20.06666666666667,12.090666666666634,9.606666666666635,2.134765277706864,1.9887767214343715,151,1.0,1.0,12103
stacked_high,0.0,q8_a1.5_or,70205,23.800000000000068,21.800000000000026,11.920666666666643,10.904666666666643,2.0795771679206676,2.171254595632274,151,1.0,1.0,12144
stacked_high,0.0,q8_a1.5_or,70206,26.400000000000034,18.93333333333333,11.53666666666664,8.070666666666636,2.0474020997953657,1.9701012401793718,151,1.0,1.0,12787
stacked_high,0.0,q8_a1.5_or,70207,27.93333333333336,21.80000000000002,13.008666666666644,10.440666666666639,2.315838312598525,2.2534573871373453,151,1.0,1.0,12558
stacked_high,0.0,q8_a1.5_or,70208,35.99999999999999,22.400000000000006,15.563666666666638,8.80066666666663,2.5253596124825357,1.990087868624077,151,1.0,1.0,12606
stacked_high,0.0,q8_a1.5_or,70209,26.733333333333327,22.26666666666666,10.145666666666632,7.702666666666629,2.0711798406205277,1.9324218690276467,151,1.0,1.0,14977
stacked_high,0.0,q8_a1.5_or,70210,39.80000000000004,23.866666666666667,16.040666666666645,10.92266666666663,2.8069504091813866,1.97594100084909,151,1.0,1.0,12163
stacked_high,0.0,q8_a1.5_or,70211,30.266666666666666,22.400000000000013,13.145666666666644,9.546666666666638,2.2846480097048207,2.050919985433929,151,1.0,1.0,12365
stacked_high,0.0,q8_a1.5_or,70212,21.46666666666667,15.733333333333292,10.510666666666637,6.689666666666628,1.9720678403351113,1.687549072938105,151,1.0,1.0,13065
stacked_high,0.0,q8_a1.5_or,70213,31.93333333333333,21.800000000000047,13.758666666666649,10.912666666666636,2.5400476019289076,2.167981373982792,151,1.0,1.0,12877
stacked_high,0.0,q8_a1.5_or,70214,25.200000000000024,19.933333333333344,10.703666666666631,10.151666666666642,2.0677895988013035,2.1713662163361995,151,1.0,1.0,13402
stacked_high,0.0,q8_a1.5_or,70215,21.200000000000045,13.733333333333348,8.234666666666628,5.258666666666626,1.9058089263400748,1.595308394706411,151,1.0,1.0,14525
stacked_high,0.0,q8_a1.5_or,70216,22.599999999999767,17.866666666666674,10.212666666666635,8.489666666666634,1.8546308831430272,1.918971697049037,151,1.0,1.0,12561
stacked_high,0.0,q8_a1.5_or,70217,21.73333333333339,20.66666666666668,12.040666666666642,9.423666666666637,2.1300891311754846,2.0559995009769145,151,1.0,1.0,12333
stacked_high,0.0,q8_a1.5_or,70218,23.13333333333341,21.800000000000033,10.639666666666633,10.072666666666636,1.9458286872473227,2.0700785014776257,151,1.0,1.0,12415
stacked_high,0.0,q8_a1.5_or,70219,21.40000000000004,22.13333333333341,10.622666666666639,11.066666666666642,2.0852689574035073,2.2512728692453923,151,1.0,1.0,12653
stacked_high,0.0,q8_a1.5_or,70220,21.13333333333336,18.0666666666667,10.616666666666635,9.33966666666664,2.0475244812731765,2.1589114282588553,151,1.0,1.0,12854
stacked_high,0.0,q8_a1.5_or,70221,19.800000000000054,26.9999999999998,8.92066666666663,9.031666666666638,1.8052262907308612,2.0488070193037093,151,1.0,1.0,12651
stacked_high,0.0,q8_a1.5_or,70222,19.400000000000027,12.666666666666679,9.06166666666663,5.389666666666629,1.874188180204996,1.5600896576020178,151,1.0,1.0,14246
stacked_high,0.0,q8_a1.5_or,70223,14.199999999999818,17.13333333333336,6.593666666666627,7.285666666666632,1.6696504800645946,1.901392726125657,151,1.0,1.0,12775
stacked_high,0.0,q8_a1.5_or,70224,30.39999999999999,21.66666666666673,14.965666666666632,9.924666666666642,2.569817465213412,2.013816634039965,151,1.0,1.0,12760
stacked_high,0.0,q8_a1.5_or,70225,31.400000000000006,12.200000000000024,13.073666666666634,5.9076666666666275,2.3186277886020563,1.5913586247295106,151,1.0,1.0,14202
stacked_high,0.0,q8_a1.5_or,70226,23.933333333333373,14.733333333333348,11.92066666666664,5.708666666666627,2.3602580076654016,1.6572567861208793,151,1.0,1.0,13957
stacked_high,0.0,q8_a1.5_or,70227,22.800000000000054,28.66666666666672,11.525666666666636,13.323666666666641,2.168229099954031,2.439738808772285,151,1.0,1.0,12442
stacked_high,0.0,q8_a1.5_or,70228,34.20000000000004,27.333333333333357,14.306666666666638,11.422666666666641,2.56322622699295,2.5690125707814304,151,1.0,1.0,11431
stacked_high,0.0,q8_a1.5_or,70229,20.800000000000004,14.33333333333335,8.298666666666632,5.304666666666625,1.8778324796647186,1.6696673846980874,151,1.0,1.0,14724
stacked_high,0.0,q8_a1.5_and,70200,26.73333333333337,18.60000000000001,10.584666666666635,8.241666666666632,1.9623294958004913,1.798324520269288,123,1.0,1.0,13734
stacked_high,0.0,q8_a1.5_and,70201,33.66666666666673,17.73333333333334,12.96666666666664,7.938666666666633,2.3816192073684337,1.8229833151538448,117,1.0,1.0,13024
stacked_high,0.0,q8_a1.5_and,70202,23.266666666666673,18.000000000000007,12.069666666666635,7.698666666666631,2.108304873045489,1.7567165638778832,121,1.0,1.0,13509
stacked_high,0.0,q8_a1.5_and,70203,31.600000000000136,40.46666666666669,13.078666666666638,16.30366666666665,2.208514058282082,2.7500456943824862,131,1.0,1.0,11842
stacked_high,0.0,q8_a1.5_and,70204,29.600000000000037,18.133333333333354,12.090666666666634,7.836666666666629,2.134765277706864,1.7280399152900727,123,1.0,1.0,12944
stacked_high,0.0,q8_a1.5_and,70205,23.800000000000068,20.333333333333336,11.920666666666643,9.665666666666636,2.0795771679206676,2.042091704825461,124,1.0,1.0,12951
stacked_high,0.0,q8_a1.5_and,70206,26.400000000000034,21.000000000000036,11.53666666666664,9.381666666666634,2.0474020997953657,1.9776627985763864,123,1.0,1.0,13231
stacked_high,0.0,q8_a1.5_and,70207,27.93333333333336,21.53333333333336,13.008666666666644,10.960666666666638,2.315838312598525,2.200582306268934,111,1.0,1.0,12007
stacked_high,0.0,q8_a1.5_and,70208,35.99999999999999,21.533333333333417,15.563666666666638,9.11966666666663,2.5253596124825357,1.9504913859834767,111,1.0,1.0,12869
stacked_high,0.0,q8_a1.5_and,70209,26.733333333333327,19.00000000000003,10.145666666666632,7.905666666666625,2.0711798406205277,1.8650009601688295,104,1.0,1.0,14100
stacked_high,0.0,q8_a1.5_and,70210,39.80000000000004,26.00000000000003,16.040666666666645,12.495666666666638,2.8069504091813866,2.394376327179138,120,1.0,1.0,12127
stacked_high,0.0,q8_a1.5_and,70211,30.266666666666666,35.400000000000006,13.145666666666644,13.44766666666665,2.2846480097048207,2.628209237770812,102,1.0,1.0,12307
stacked_high,0.0,q8_a1.5_and,70212,21.46666666666667,17.26666666666668,10.510666666666637,7.68666666666663,1.9720678403351113,1.6830083107381828,121,1.0,1.0,13306
stacked_high,0.0,q8_a1.5_and,70213,31.93333333333333,21.600000000000065,13.758666666666649,9.821666666666637,2.5400476019289076,2.051695959981025,114,1.0,1.0,12785
stacked_high,0.0,q8_a1.5_and,70214,25.200000000000024,22.066666666666677,10.703666666666631,10.306666666666638,2.0677895988013035,2.0966498959760718,123,1.0,1.0,13641
stacked_high,0.0,q8_a1.5_and,70215,21.200000000000045,14.93333333333294,8.234666666666628,5.983666666666629,1.9058089263400748,1.686749266601798,89,1.0,1.0,14715
stacked_high,0.0,q8_a1.5_and,70216,22.599999999999767,15.333333333333336,10.212666666666635,7.586666666666632,1.8546308831430272,1.7100623167764042,109,1.0,1.0,14006
stacked_high,0.0,q8_a1.5_and,70217,21.73333333333339,18.133333333333425,12.040666666666642,9.384666666666634,2.1300891311754846,1.9908318914328649,116,1.0,1.0,13149
stacked_high,0.0,q8_a1.5_and,70218,23.13333333333341,18.733333333333363,10.639666666666633,9.562666666666635,1.9458286872473227,1.9200933151815942,127,1.0,1.0,13931
stacked_high,0.0,q8_a1.5_and,70219,21.40000000000004,22.066666666666663,10.622666666666639,11.339666666666641,2.0852689574035073,2.1243550522050594,127,1.0,1.0,12949
stacked_high,0.0,q8_a1.5_and,70220,21.13333333333336,17.66666666666667,10.616666666666635,7.891666666666634,2.0475244812731765,1.8320862817723937,119,1.0,1.0,12412
stacked_high,0.0,q8_a1.5_and,70221,19.800000000000054,22.133333333333375,8.92066666666663,10.316666666666645,1.8052262907308612,2.2835991520110746,127,1.0,1.0,11937
stacked_high,0.0,q8_a1.5_and,70222,19.400000000000027,18.53333333333333,9.06166666666663,8.437666666666633,1.874188180204996,1.9461323077247443,103,1.0,1.0,12995
stacked_high,0.0,q8_a1.5_and,70223,14.199999999999818,18.13333333333337,6.593666666666627,7.738666666666635,1.6696504800645946,1.8602473675513596,100,1.0,1.0,12426
stacked_high,0.0,q8_a1.5_and,70224,30.39999999999999,18.333333333333357,14.965666666666632,7.896666666666632,2.569817465213412,1.7729138403745004,104,1.0,1.0,12484
stacked_high,0.0,q8_a1.5_and,70225,31.400000000000006,16.466666666666683,13.073666666666634,7.3886666666666265,2.3186277886020563,1.7572015807093404,109,1.0,1.0,12819
stacked_high,0.0,q8_a1.5_and,70226,23.933333333333373,18.13333333333334,11.92066666666664,8.415666666666631,2.3602580076654016,1.8917827892869996,108,1.0,1.0,13067
stacked_high,0.0,q8_a1.5_and,70227,22.800000000000054,22.33333333333338,11.525666666666636,10.862666666666637,2.168229099954031,2.0413044039884025,111,1.0,1.0,12810
stacked_high,0.0,q8_a1.5_and,70228,34.20000000000004,24.86666666666668,14.306666666666638,11.091666666666633,2.56322622699295,2.308319772740207,127,1.0,1.0,12629
stacked_high,0.0,q8_a1.5_and,70229,20.800000000000004,18.93333333333333,8.298666666666632,7.079666666666631,1.8778324796647186,1.8697834577868824,88,1.0,1.0,13962
stacked_high,0.5,q2_a0.8_or,70200,25.499999999999993,23.799999999999997,10.816666666666636,9.812166666666636,2.082942968073539,2.064370518748278,181,1.0,1.0,12665
stacked_high,0.5,q2_a0.8_or,70201,34.4,16.93333333333333,12.572666666666636,6.8441666666666325,2.456476428687401,1.6864059259548096,183,1.0,1.0,13620
stacked_high,0.5,q2_a0.8_or,70202,25.600000000000037,20.66666666666668,12.067666666666632,9.120166666666634,2.112017011848503,1.9827404964655255,181,1.0,1.0,13154
stacked_high,0.5,q2_a0.8_or,70203,25.36666666666673,19.333333333333336,12.115666666666636,8.873666666666635,2.1766865637472232,1.8416360416712791,180,1.0,1.0,13681
stacked_high,0.5,q2_a0.8_or,70204,28.266666666666715,19.500000000000014,12.795166666666633,10.715166666666635,2.2058085333778386,2.0590703700222814,181,1.0,1.0,12707
stacked_high,0.5,q2_a0.8_or,70205,21.599999999999767,12.966666666666683,10.607166666666638,6.013666666666629,2.008105814173349,1.6121879300413318,179,1.0,1.0,12895
stacked_high,0.5,q2_a0.8_or,70206,24.833333333333343,16.60000000000003,11.012666666666638,6.066166666666631,2.069091635385975,1.6384304385220063,180,1.0,1.0,14248
stacked_high,0.5,q2_a0.8_or,70207,28.466666666666676,16.266666666666687,13.461666666666643,7.33466666666663,2.3722773930900014,1.723863200266702,181,1.0,1.0,12954
stacked_high,0.5,q2_a0.8_or,70208,33.46666666666666,17.46666666666671,15.757666666666642,8.453166666666629,2.5695304396751317,1.9040131106468021,181,1.0,1.0,13096
stacked_high,0.5,q2_a0.8_or,70209,28.19999999999999,16.066666666666684,10.681666666666636,5.678666666666626,2.189856150632015,1.7235005638497234,180,1.0,1.0,14362
stacked_high,0.5,q2_a0.8_or,70210,35.23333333333333,25.33333333333338,15.998666666666645,11.06716666666663,2.8641688800212597,2.0860108086468894,181,1.0,1.0,12734
stacked_high,0.5,q2_a0.8_or,70211,32.400000000000134,19.5,12.78266666666664,8.232666666666637,2.2196059786103928,1.9150367802156854,181,1.0,1.0,13147
stacked_high,0.5,q2_a0.8_or,70212,21.80000000000002,19.53333333333334,10.629666666666637,8.617666666666633,2.072021013535489,1.8430630230907912,180,1.0,1.0,13310
stacked_high,0.5,q2_a0.8_or,70213,23.23333333333315,14.533333333333374,11.594666666666642,5.72416666666663,2.083518256909375,1.5668908317244237,180,1.0,1.0,14235
stacked_high,0.5,q2_a0.8_or,70214,26.066666666666684,20.46666666666669,11.348666666666636,8.213666666666633,2.1380257250549466,1.8807502278890356,180,1.0,1.0,13753
stacked_high,0.5,q2_a0.8_or,70215,26.066666666666677,17.533333333333402,10.085666666666631,6.721166666666631,2.1214799804713182,1.8621471659996032,181,1.0,1.0,13761
stacked_high,0.5,q2_a0.8_or,70216,21.933333333333323,15.600000000000051,10.208666666666634,7.028666666666634,1.8618697199760081,1.6478047066533565,181,1.0,1.0,13702
stacked_high,0.5,q2_a0.8_or,70217,22.133333333333333,19.53333333333338,11.871166666666639,8.28416666666663,2.1495968653820707,1.8819349635324323,181,1.0,1.0,12784
stacked_high,0.5,q2_a0.8_or,70218,21.26666666666675,17.6,9.926666666666636,8.886666666666635,1.8929875307307185,1.8993865113748651,181,1.0,1.0,13658
stacked_high,0.5,q2_a0.8_or,70219,24.86666666666668,24.700000000000003,11.726666666666642,10.26416666666664,2.222112636323393,2.1558568474455084,181,1.0,1.0,12775
stacked_high,0.5,q2_a0.8_or,70220,23.6,14.766666666666694,11.94716666666664,6.947666666666632,2.177922961010919,1.7205470069859812,180,1.0,1.0,13155
stacked_high,0.5,q2_a0.8_or,70221,23.466666666666768,16.73333333333337,9.848166666666634,7.66016666666663,1.926263415744042,1.7972349258970663,181,1.0,1.0,12526
stacked_high,0.5,q2_a0.8_or,70222,19.400000000000027,18.933333333333337,9.663166666666632,7.739666666666629,1.9640316789378611,1.8572152914736069,181,1.0,1.0,13213
stacked_high,0.5,q2_a0.8_or,70223,13.733333333333341,16.066666666666684,6.611666666666629,6.130166666666632,1.6608817095486188,1.7648103645062805,179,1.0,1.0,13030
stacked_high,0.5,q2_a0.8_or,70224,27.33333333333333,22.000000000000043,11.544666666666636,9.148666666666633,2.066116209872946,1.8844629110504614,181,1.0,1.0,13089
stacked_high,0.5,q2_a0.8_or,70225,28.133333333333383,16.800000000000047,13.31116666666664,7.007166666666628,2.274304475123973,1.7134270276468753,181,1.0,1.0,12661
stacked_high,0.5,q2_a0.8_or,70226,24.933333333333373,21.533333333333374,12.328166666666641,10.074166666666637,2.4484294009442507,2.213968032370966,181,1.0,1.0,12896
stacked_high,0.5,q2_a0.8_or,70227,20.86666666666673,30.000000000000043,11.030166666666634,14.842666666666643,2.0801549189730197,2.6685139495700154,181,1.0,1.0,12149
stacked_high,0.5,q2_a0.8_or,70228,34.20000000000004,26.266666666666666,14.176666666666637,12.093666666666635,2.610804168703084,2.4177634193493747,181,1.0,1.0,11931
stacked_high,0.5,q2_a0.8_or,70229,23.13333333333336,16.93333333333333,9.282166666666637,5.96566666666663,2.0378799979935267,1.6328674334325248,179,1.0,1.0,14262
stacked_high,0.5,q2_a0.8_and,70200,25.499999999999993,14.766666666666723,10.816666666666636,6.911666666666629,2.082942968073539,1.7499665814856626,161,1.0,1.0,13428
stacked_high,0.5,q2_a0.8_and,70201,34.4,14.76666666666668,12.572666666666636,6.034166666666631,2.456476428687401,1.605860119298086,158,1.0,1.0,13740
stacked_high,0.5,q2_a0.8_and,70202,25.600000000000037,14.73333333333337,12.067666666666632,5.854666666666632,2.112017011848503,1.6554169374884666,162,1.0,1.0,14237
stacked_high,0.5,q2_a0.8_and,70203,25.36666666666673,13.733333333333341,12.115666666666636,6.06816666666663,2.1766865637472232,1.5801712220119983,149,1.0,1.0,13595
stacked_high,0.5,q2_a0.8_and,70204,28.266666666666715,16.53333333333338,12.795166666666633,7.468166666666632,2.2058085333778386,1.7828177785833117,161,1.0,1.0,12362
stacked_high,0.5,q2_a0.8_and,70205,21.599999999999767,17.76666666666671,10.607166666666638,7.8276666666666355,2.008105814173349,1.8087847955770981,163,1.0,1.0,12551
stacked_high,0.5,q2_a0.8_and,70206,24.833333333333343,18.10000000000001,11.012666666666638,6.740666666666637,2.069091635385975,1.6722284507617977,157,1.0,1.0,13042
stacked_high,0.5,q2_a0.8_and,70207,28.466666666666676,22.766666666666666,13.461666666666643,11.314666666666637,2.3722773930900014,2.289613774884626,169,1.0,1.0,12021
stacked_high,0.5,q2_a0.8_and,70208,33.46666666666666,19.2666666666667,15.757666666666642,8.204666666666629,2.5695304396751317,1.852538275797038,172,1.0,1.0,12715
stacked_high,0.5,q2_a0.8_and,70209,28.19999999999999,17.666666666666686,10.681666666666636,5.661666666666628,2.189856150632015,1.6498892166698371,155,1.0,1.0,14510
stacked_high,0.5,q2_a0.8_and,70210,35.23333333333333,22.433333333333394,15.998666666666645,10.438666666666634,2.8641688800212597,2.0736404798585153,166,1.0,1.0,12292
stacked_high,0.5,q2_a0.8_and,70211,32.400000000000134,17.333333333333343,12.78266666666664,8.502166666666634,2.2196059786103928,1.7953638573522195,168,1.0,1.0,13346
stacked_high,0.5,q2_a0.8_and,70212,21.80000000000002,16.10000000000001,10.629666666666637,7.548666666666631,2.072021013535489,1.7926397970166077,172,1.0,1.0,13111
stacked_high,0.5,q2_a0.8_and,70213,23.23333333333315,13.466666666666672,11.594666666666642,5.733666666666629,2.083518256909375,1.5952351322051657,152,1.0,1.0,14180
stacked_high,0.5,q2_a0.8_and,70214,26.066666666666684,15.300000000000011,11.348666666666636,6.365666666666633,2.1380257250549466,1.6154917175799917,158,1.0,1.0,14292
stacked_high,0.5,q2_a0.8_and,70215,26.066666666666677,15.200000000000024,10.085666666666631,6.80316666666663,2.1214799804713182,1.8297006404251588,168,1.0,1.0,14170
stacked_high,0.5,q2_a0.8_and,70216,21.933333333333323,14.999999999999858,10.208666666666634,7.150666666666635,1.8618697199760081,1.7171896857661568,168,1.0,1.0,12729
stacked_high,0.5,q2_a0.8_and,70217,22.133333333333333,26.30000000000001,11.871166666666639,11.404666666666639,2.1495968653820707,2.270494974938719,162,1.0,1.0,12200
stacked_high,0.5,q2_a0.8_and,70218,21.26666666666675,13.766666666666694,9.926666666666636,5.718666666666632,1.8929875307307185,1.6002974112134496,161,1.0,1.0,12838
stacked_high,0.5,q2_a0.8_and,70219,24.86666666666668,20.266666666666538,11.726666666666642,8.229166666666634,2.222112636323393,1.8995624156088307,159,1.0,1.0,13811
stacked_high,0.5,q2_a0.8_and,70220,23.6,17.83333333333335,11.94716666666664,9.076166666666635,2.177922961010919,2.001881381114916,167,1.0,1.0,13391
stacked_high,0.5,q2_a0.8_and,70221,23.466666666666768,15.000000000000014,9.848166666666634,7.04516666666663,1.926263415744042,1.6721261018597389,152,1.0,1.0,13363
stacked_high,0.5,q2_a0.8_and,70222,19.400000000000027,14.666666666666714,9.663166666666632,6.2611666666666315,1.9640316789378611,1.6734796236234826,162,1.0,1.0,13214
stacked_high,0.5,q2_a0.8_and,70223,13.733333333333341,13.466666666666665,6.611666666666629,5.16866666666663,1.6608817095486188,1.5884860044842213,150,1.0,1.0,13594
stacked_high,0.5,q2_a0.8_and,70224,27.33333333333333,14.800000000000004,11.544666666666636,6.625666666666629,2.066116209872946,1.6530037721289892,162,1.0,1.0,12797
stacked_high,0.5,q2_a0.8_and,70225,28.133333333333383,15.533333333333353,13.31116666666664,6.504666666666628,2.274304475123973,1.7059817097278045,166,1.0,1.0,13791
stacked_high,0.5,q2_a0.8_and,70226,24.933333333333373,16.333333333333357,12.328166666666641,6.771166666666628,2.4484294009442507,1.6921988732272637,162,1.0,1.0,13948
stacked_high,0.5,q2_a0.8_and,70227,20.86666666666673,29.800000000000033,11.030166666666634,14.354166666666647,2.0801549189730197,2.5782651105780388,172,1.0,1.0,12100
stacked_high,0.5,q2_a0.8_and,70228,34.20000000000004,18.866666666666696,14.176666666666637,8.914666666666628,2.610804168703084,1.9954386379848383,165,1.0,1.0,12713
stacked_high,0.5,q2_a0.8_and,70229,23.13333333333336,17.333333333333336,9.282166666666637,6.7876666666666345,2.0378799979935267,1.9326642559321423,161,1.0,1.0,13000
stacked_high,0.5,q2_a1.5_or,70200,25.499999999999993,13.999999999999998,10.816666666666636,6.476666666666631,2.082942968073539,1.703287559315043,176,1.0,1.0,13578
stacked_high,0.5,q2_a1.5_or,70201,34.4,16.499999999999687,12.572666666666636,6.363166666666633,2.456476428687401,1.66610024874386,176,1.0,1.0,13802
stacked_high,0.5,q2_a1.5_or,70202,25.600000000000037,16.166666666666544,12.067666666666632,6.410666666666628,2.112017011848503,1.658406479096532,177,1.0,1.0,14225
stacked_high,0.5,q2_a1.5_or,70203,25.36666666666673,13.733333333333341,12.115666666666636,6.06816666666663,2.1766865637472232,1.5801712220119983,170,1.0,1.0,13595
stacked_high,0.5,q2_a1.5_or,70204,28.266666666666715,16.53333333333338,12.795166666666633,7.3671666666666304,2.2058085333778386,1.7324359453854477,177,1.0,1.0,12416
stacked_high,0.5,q2_a1.5_or,70205,21.599999999999767,16.76666666666668,10.607166666666638,7.979166666666634,2.008105814173349,1.7796992775125449,177,1.0,1.0,12724
stacked_high,0.5,q2_a1.5_or,70206,24.833333333333343,17.766666666666566,11.012666666666638,6.8691666666666364,2.069091635385975,1.6871997702380357,170,1.0,1.0,13457
stacked_high,0.5,q2_a1.5_or,70207,28.466666666666676,22.466666666666683,13.461666666666643,11.243166666666639,2.3722773930900014,2.214154634604589,177,1.0,1.0,11653
stacked_high,0.5,q2_a1.5_or,70208,33.46666666666666,19.2666666666667,15.757666666666642,7.841166666666627,2.5695304396751317,1.801231422741283,173,1.0,1.0,12997
stacked_high,0.5,q2_a1.5_or,70209,28.19999999999999,15.933333333333351,10.681666666666636,6.111666666666629,2.189856150632015,1.6556553434701038,167,1.0,1.0,14136
stacked_high,0.5,q2_a1.5_or,70210,35.23333333333333,23.133333333333347,15.998666666666645,11.015166666666639,2.8641688800212597,2.1046919310223156,177,1.0,1.0,11915
stacked_high,0.5,q2_a1.5_or,70211,32.400000000000134,17.53333333333334,12.78266666666664,8.078666666666635,2.2196059786103928,1.784096022456066,173,1.0,1.0,12830
stacked_high,0.5,q2_a1.5_or,70212,21.80000000000002,17.43333333333338,10.629666666666637,8.027666666666626,2.072021013535489,1.8021465860584014,177,1.0,1.0,12989
stacked_high,0.5,q2_a1.5_or,70213,23.23333333333315,15.466666666666669,11.594666666666642,6.085166666666632,2.083518256909375,1.6315399421964025,174,1.0,1.0,14479
stacked_high,0.5,q2_a1.5_or,70214,26.066666666666684,15.000000000000036,11.348666666666636,6.322666666666634,2.1380257250549466,1.609664002155399,171,1.0,1.0,13853
stacked_high,0.5,q2_a1.5_or,70215,26.066666666666677,15.06666666666667,10.085666666666631,5.842166666666628,2.1214799804713182,1.757567612247707,169,1.0,1.0,14216
stacked_high,0.5,q2_a1.5_or,70216,21.933333333333323,14.933333333333344,10.208666666666634,7.150666666666635,1.8618697199760081,1.714434099108378,174,1.0,1.0,12465
stacked_high,0.5,q2_a1.5_or,70217,22.133333333333333,27.13333333333336,11.871166666666639,12.338166666666641,2.1495968653820707,2.3582178077908926,173,1.0,1.0,12525
stacked_high,0.5,q2_a1.5_or,70218,21.26666666666675,13.933333333333366,9.926666666666636,5.980166666666631,1.8929875307307185,1.6109561951145992,169,1.0,1.0,13260
stacked_high,0.5,q2_a1.5_or,70219,24.86666666666668,15.63333333333334,11.726666666666642,6.962666666666633,2.222112636323393,1.7031828713440778,177,1.0,1.0,13289
stacked_high,0.5,q2_a1.5_or,70220,23.6,17.20000000000001,11.94716666666664,8.001166666666634,2.177922961010919,1.917552614110154,177,1.0,1.0,12729
stacked_high,0.5,q2_a1.5_or,70221,23.466666666666768,14.799999999999756,9.848166666666634,6.808666666666632,1.926263415744042,1.6806763942428367,176,1.0,1.0,13236
stacked_high,0.5,q2_a1.5_or,70222,19.400000000000027,15.566666666666691,9.663166666666632,6.356666666666632,1.9640316789378611,1.6631386035806426,177,1.0,1.0,13529
stacked_high,0.5,q2_a1.5_or,70223,13.733333333333341,11.666666666666657,6.611666666666629,4.816166666666628,1.6608817095486188,1.5619541127747683,176,1.0,1.0,13250
stacked_high,0.5,q2_a1.5_or,70224,27.33333333333333,17.533333333333346,11.544666666666636,7.4101666666666315,2.066116209872946,1.7666423176935047,177,1.0,1.0,12916
stacked_high,0.5,q2_a1.5_or,70225,28.133333333333383,13.800000000000011,13.31116666666664,6.554666666666627,2.274304475123973,1.6744523235597901,177,1.0,1.0,13548
stacked_high,0.5,q2_a1.5_or,70226,24.933333333333373,15.433333333333366,12.328166666666641,6.288666666666626,2.4484294009442507,1.6780123153151683,174,1.0,1.0,13840
stacked_high,0.5,q2_a1.5_or,70227,20.86666666666673,31.46666666666667,11.030166666666634,16.25016666666665,2.0801549189730197,2.741940835642056,177,1.0,1.0,12148
stacked_high,0.5,q2_a1.5_or,70228,34.20000000000004,21.333333333333336,14.176666666666637,8.68616666666663,2.610804168703084,1.9445348805902867,173,1.0,1.0,13040
stacked_high,0.5,q2_a1.5_or,70229,23.13333333333336,17.333333333333336,9.282166666666637,6.7876666666666345,2.0378799979935267,1.9326642559321423,167,1.0,1.0,13000
stacked_high,0.5,q2_a1.5_and,70200,25.499999999999993,20.066666666666684,10.816666666666636,9.367666666666631,2.082942968073539,1.9923629068864672,148,1.0,1.0,12545
stacked_high,0.5,q2_a1.5_and,70201,34.4,23.60000000000006,12.572666666666636,10.32066666666664,2.456476428687401,2.2254423312857425,151,1.0,1.0,12432
stacked_high,0.5,q2_a1.5_and,70202,25.600000000000037,16.40000000000005,12.067666666666632,6.1286666666666285,2.112017011848503,1.6777799325908145,135,1.0,1.0,14127
stacked_high,0.5,q2_a1.5_and,70203,25.36666666666673,26.000000000000057,12.115666666666636,11.044666666666645,2.1766865637472232,2.15676403631344,127,1.0,1.0,11725
stacked_high,0.5,q2_a1.5_and,70204,28.266666666666715,20.133333333333383,12.795166666666633,9.817166666666633,2.2058085333778386,2.0753125413212117,146,1.0,1.0,12111
stacked_high,0.5,q2_a1.5_and,70205,21.599999999999767,19.466666666666725,10.607166666666638,9.516666666666639,2.008105814173349,2.050280058941403,146,1.0,1.0,12045
stacked_high,0.5,q2_a1.5_and,70206,24.833333333333343,18.63333333333334,11.012666666666638,9.467666666666634,2.069091635385975,2.023674969398278,146,1.0,1.0,12600
stacked_high,0.5,q2_a1.5_and,70207,28.466666666666676,21.80000000000002,13.461666666666643,10.69166666666664,2.3722773930900014,2.376603166183597,148,1.0,1.0,12512
stacked_high,0.5,q2_a1.5_and,70208,33.46666666666666,21.200000000000003,15.757666666666642,9.620666666666631,2.5695304396751317,2.0852250063924713,144,1.0,1.0,13059
stacked_high,0.5,q2_a1.5_and,70209,28.19999999999999,21.20000000000001,10.681666666666636,7.507166666666631,2.189856150632015,1.8940984262268226,120,1.0,1.0,13591
stacked_high,0.5,q2_a1.5_and,70210,35.23333333333333,25.2666666666667,15.998666666666645,10.872166666666631,2.8641688800212597,2.0528595944227,146,1.0,1.0,12517
stacked_high,0.5,q2_a1.5_and,70211,32.400000000000134,23.133333333333375,12.78266666666664,9.937166666666638,2.2196059786103928,2.130783655609835,148,1.0,1.0,12328
stacked_high,0.5,q2_a1.5_and,70212,21.80000000000002,15.400000000000041,10.629666666666637,6.946666666666629,2.072021013535489,1.7292082036222831,145,1.0,1.0,12702
stacked_high,0.5,q2_a1.5_and,70213,23.23333333333315,21.266666666666765,11.594666666666642,11.038166666666639,2.083518256909375,2.271761944772229,148,1.0,1.0,12434
stacked_high,0.5,q2_a1.5_and,70214,26.066666666666684,19.80000000000001,11.348666666666636,9.829666666666638,2.1380257250549466,2.2056843817210074,142,1.0,1.0,12873
stacked_high,0.5,q2_a1.5_and,70215,26.066666666666677,14.999999999999915,10.085666666666631,5.94016666666663,2.1214799804713182,1.6718556657498267,138,1.0,1.0,15633
stacked_high,0.5,q2_a1.5_and,70216,21.933333333333323,21.93333333333336,10.208666666666634,10.190166666666638,1.8618697199760081,2.041606300512907,148,1.0,1.0,12225
stacked_high,0.5,q2_a1.5_and,70217,22.133333333333333,21.800000000000082,11.871166666666639,10.157666666666639,2.1495968653820707,2.12394228404152,147,1.0,1.0,12441
stacked_high,0.5,q2_a1.5_and,70218,21.26666666666675,26.766666666666666,9.926666666666636,11.802666666666637,1.8929875307307185,2.353825630669035,145,1.0,1.0,12225
stacked_high,0.5,q2_a1.5_and,70219,24.86666666666668,24.433333333333167,11.726666666666642,11.963666666666644,2.222112636323393,2.3970990512587234,146,1.0,1.0,12339
stacked_high,0.5,q2_a1.5_and,70220,23.6,19.566666666666492,11.94716666666664,10.117166666666641,2.177922961010919,2.265113186369082,151,1.0,1.0,12702
stacked_high,0.5,q2_a1.5_and,70221,23.466666666666768,22.30000000000001,9.848166666666634,8.868666666666638,1.926263415744042,2.055095637222645,125,1.0,1.0,11724
stacked_high,0.5,q2_a1.5_and,70222,19.400000000000027,16.000000000000007,9.663166666666632,7.724166666666632,1.9640316789378611,1.865057536621119,146,1.0,1.0,13584
stacked_high,0.5,q2_a1.5_and,70223,13.733333333333341,19.0666666666667,6.611666666666629,7.852666666666632,1.6608817095486188,2.0355934991381286,134,1.0,1.0,12911
stacked_high,0.5,q2_a1.5_and,70224,27.33333333333333,16.866666666666696,11.544666666666636,7.916666666666633,2.066116209872946,1.7735353169898949,143,1.0,1.0,12674
stacked_high,0.5,q2_a1.5_and,70225,28.133333333333383,13.533333333333353,13.31116666666664,5.844166666666626,2.274304475123973,1.5957469227043524,139,1.0,1.0,13527
stacked_high,0.5,q2_a1.5_and,70226,24.933333333333373,14.333333333333364,12.328166666666641,6.625666666666629,2.4484294009442507,1.75565730574423,142,1.0,1.0,14064
stacked_high,0.5,q2_a1.5_and,70227,20.86666666666673,30.0000000000001,11.030166666666634,13.320666666666643,2.0801549189730197,2.4922595779017387,150,1.0,1.0,12181
stacked_high,0.5,q2_a1.5_and,70228,34.20000000000004,25.86666666666666,14.176666666666637,11.011166666666638,2.610804168703084,2.5691971609075512,149,1.0,1.0,11790
stacked_high,0.5,q2_a1.5_and,70229,23.13333333333336,14.400000000000048,9.282166666666637,5.919666666666631,2.0378799979935267,1.7843377977782546,141,1.0,1.0,14079
stacked_high,0.5,q4_a0.8_or,70200,25.499999999999993,22.86666666666671,10.816666666666636,11.41066666666664,2.082942968073539,2.2598240709785293,179,1.0,1.0,12290
stacked_high,0.5,q4_a0.8_or,70201,34.4,14.600000000000009,12.572666666666636,6.420666666666631,2.456476428687401,1.699319768780346,179,1.0,1.0,13191
stacked_high,0.5,q4_a0.8_or,70202,25.600000000000037,22.500000000000007,12.067666666666632,10.241166666666636,2.112017011848503,2.1217146369982083,179,1.0,1.0,13339
stacked_high,0.5,q4_a0.8_or,70203,25.36666666666673,19.333333333333336,12.115666666666636,8.874666666666634,2.1766865637472232,1.8428466718797858,179,1.0,1.0,13546
stacked_high,0.5,q4_a0.8_or,70204,28.266666666666715,20.266666666666453,12.795166666666633,10.649666666666635,2.2058085333778386,2.0605642454519026,179,1.0,1.0,12416
stacked_high,0.5,q4_a0.8_or,70205,21.599999999999767,12.966666666666683,10.607166666666638,6.013666666666629,2.008105814173349,1.6121879300413318,179,1.0,1.0,12895
stacked_high,0.5,q4_a0.8_or,70206,24.833333333333343,15.733333333333341,11.012666666666638,5.99766666666663,2.069091635385975,1.618341902264082,179,1.0,1.0,14081
stacked_high,0.5,q4_a0.8_or,70207,28.466666666666676,16.66666666666668,13.461666666666643,9.015666666666633,2.3722773930900014,1.8290818336687535,179,1.0,1.0,13572
stacked_high,0.5,q4_a0.8_or,70208,33.46666666666666,28.23333333333315,15.757666666666642,10.476666666666631,2.5695304396751317,2.2126298675416067,179,1.0,1.0,12392
stacked_high,0.5,q4_a0.8_or,70209,28.19999999999999,15.166666666666671,10.681666666666636,5.98916666666663,2.189856150632015,1.756256787857554,179,1.0,1.0,14573
stacked_high,0.5,q4_a0.8_or,70210,35.23333333333333,20.833333333333357,15.998666666666645,10.550666666666634,2.8641688800212597,2.054326400325168,179,1.0,1.0,12647
stacked_high,0.5,q4_a0.8_or,70211,32.400000000000134,22.166666666666714,12.78266666666664,8.48766666666664,2.2196059786103928,1.8952846563516916,179,1.0,1.0,13029
stacked_high,0.5,q4_a0.8_or,70212,21.80000000000002,18.73333333333334,10.629666666666637,8.506166666666632,2.072021013535489,1.833780155145155,179,1.0,1.0,13427
stacked_high,0.5,q4_a0.8_or,70213,23.23333333333315,14.533333333333374,11.594666666666642,5.797166666666629,2.083518256909375,1.5715832936283516,179,1.0,1.0,14411
stacked_high,0.5,q4_a0.8_or,70214,26.066666666666684,19.60000000000001,11.348666666666636,7.982666666666634,2.1380257250549466,1.8507565821521208,179,1.0,1.0,13674
stacked_high,0.5,q4_a0.8_or,70215,26.066666666666677,17.86666666666673,10.085666666666631,6.872166666666633,2.1214799804713182,1.8621959985147032,179,1.0,1.0,14336
stacked_high,0.5,q4_a0.8_or,70216,21.933333333333323,17.13333333333336,10.208666666666634,7.5286666666666315,1.8618697199760081,1.7156812448475498,179,1.0,1.0,13425
stacked_high,0.5,q4_a0.8_or,70217,22.133333333333333,21.266666666666737,11.871166666666639,9.245666666666637,2.1495968653820707,1.9849710359068298,179,1.0,1.0,12473
stacked_high,0.5,q4_a0.8_or,70218,21.26666666666675,17.86666666666676,9.926666666666636,8.823666666666638,1.8929875307307185,1.894046924351195,179,1.0,1.0,13512
stacked_high,0.5,q4_a0.8_or,70219,24.86666666666668,26.066666666666762,11.726666666666642,12.296666666666646,2.222112636323393,2.4119518167046743,179,1.0,1.0,13172
stacked_high,0.5,q4_a0.8_or,70220,23.6,17.13333333333324,11.94716666666664,7.062666666666628,2.177922961010919,1.7364648849876216,179,1.0,1.0,13652
stacked_high,0.5,q4_a0.8_or,70221,23.466666666666768,16.73333333333337,9.848166666666634,7.66016666666663,1.926263415744042,1.7972349258970663,179,1.0,1.0,12526
stacked_high,0.5,q4_a0.8_or,70222,19.400000000000027,16.166666666666686,9.663166666666632,8.086166666666633,1.9640316789378611,1.91480737484527,179,1.0,1.0,13786
stacked_high,0.5,q4_a0.8_or,70223,13.733333333333341,16.066666666666684,6.611666666666629,6.130166666666632,1.6608817095486188,1.7648103645062805,179,1.0,1.0,13030
stacked_high,0.5,q4_a0.8_or,70224,27.33333333333333,20.266666666666715,11.544666666666636,9.084166666666631,2.066116209872946,1.839487978907535,179,1.0,1.0,13194
stacked_high,0.5,q4_a0.8_or,70225,28.133333333333383,17.333333333333357,13.31116666666664,7.919666666666627,2.274304475123973,1.8216829690562226,179,1.0,1.0,13083
stacked_high,0.5,q4_a0.8_or,70226,24.933333333333373,17.533333333333346,12.328166666666641,7.180666666666634,2.4484294009442507,1.9234293952687112,179,1.0,1.0,13041
stacked_high,0.5,q4_a0.8_or,70227,20.86666666666673,28.10000000000005,11.030166666666634,13.23166666666665,2.0801549189730197,2.737130419579018,179,1.0,1.0,11670
stacked_high,0.5,q4_a0.8_or,70228,34.20000000000004,23.666666666666686,14.176666666666637,11.128666666666629,2.610804168703084,2.313954619823353,179,1.0,1.0,12163
stacked_high,0.5,q4_a0.8_or,70229,23.13333333333336,16.93333333333333,9.282166666666637,5.96566666666663,2.0378799979935267,1.6328674334325248,179,1.0,1.0,14262
stacked_high,0.5,q4_a0.8_and,70200,25.499999999999993,16.33333333333335,10.816666666666636,7.149166666666633,2.082942968073539,1.7675398240356999,143,1.0,1.0,13004
stacked_high,0.5,q4_a0.8_and,70201,34.4,14.500000000000043,12.572666666666636,6.549166666666631,2.456476428687401,1.6641159820231477,157,1.0,1.0,13254
stacked_high,0.5,q4_a0.8_and,70202,25.600000000000037,12.633333333333212,12.067666666666632,5.218666666666628,2.112017011848503,1.577526864618692,142,1.0,1.0,14907
stacked_high,0.5,q4_a0.8_and,70203,25.36666666666673,17.599999999999852,12.115666666666636,7.279166666666633,2.1766865637472232,1.6812411521986237,146,1.0,1.0,13643
stacked_high,0.5,q4_a0.8_and,70204,28.266666666666715,20.999999999999993,12.795166666666633,9.052166666666634,2.2058085333778386,1.8844569165304934,152,1.0,1.0,12459
stacked_high,0.5,q4_a0.8_and,70205,21.599999999999767,17.333333333333087,10.607166666666638,8.306166666666634,2.008105814173349,1.802188780379129,159,1.0,1.0,13272
stacked_high,0.5,q4_a0.8_and,70206,24.833333333333343,16.20000000000004,11.012666666666638,5.929166666666633,2.069091635385975,1.6036935101548753,139,1.0,1.0,13481
stacked_high,0.5,q4_a0.8_and,70207,28.466666666666676,22.366666666666475,13.461666666666643,11.549666666666637,2.3722773930900014,2.193235489023511,155,1.0,1.0,12240
stacked_high,0.5,q4_a0.8_and,70208,33.46666666666666,22.46666666666669,15.757666666666642,8.42216666666663,2.5695304396751317,1.8095150282398123,161,1.0,1.0,13476
stacked_high,0.5,q4_a0.8_and,70209,28.19999999999999,14.400000000000006,10.681666666666636,5.884166666666627,2.189856150632015,1.644264212033558,140,1.0,1.0,14961
stacked_high,0.5,q4_a0.8_and,70210,35.23333333333333,20.40000000000005,15.998666666666645,9.833166666666632,2.8641688800212597,1.980277262877292,159,1.0,1.0,12542
stacked_high,0.5,q4_a0.8_and,70211,32.400000000000134,16.53333333333339,12.78266666666664,7.8756666666666355,2.2196059786103928,1.7495901989430211,158,1.0,1.0,12604
stacked_high,0.5,q4_a0.8_and,70212,21.80000000000002,18.1666666666667,10.629666666666637,8.40666666666663,2.072021013535489,1.894840320124893,156,1.0,1.0,13506
stacked_high,0.5,q4_a0.8_and,70213,23.23333333333315,15.200000000000024,11.594666666666642,6.616166666666633,2.083518256909375,1.7106680506948475,141,1.0,1.0,14145
stacked_high,0.5,q4_a0.8_and,70214,26.066666666666684,14.800000000000026,11.348666666666636,6.278666666666631,2.1380257250549466,1.6500485890319387,144,1.0,1.0,13868
stacked_high,0.5,q4_a0.8_and,70215,26.066666666666677,15.166666666666686,10.085666666666631,6.489666666666627,2.1214799804713182,1.7199754584495386,133,1.0,1.0,14522
stacked_high,0.5,q4_a0.8_and,70216,21.933333333333323,14.200000000000024,10.208666666666634,6.878166666666632,1.8618697199760081,1.675704384615019,151,1.0,1.0,12439
stacked_high,0.5,q4_a0.8_and,70217,22.133333333333333,19.600000000000037,11.871166666666639,9.325666666666637,2.1495968653820707,2.0713718079013494,153,1.0,1.0,12490
stacked_high,0.5,q4_a0.8_and,70218,21.26666666666675,16.53333333333336,9.926666666666636,6.832166666666633,1.8929875307307185,1.6862996921926277,140,1.0,1.0,13503
stacked_high,0.5,q4_a0.8_and,70219,24.86666666666668,13.400000000000034,11.726666666666642,5.656166666666629,2.222112636323393,1.586347821613926,139,1.0,1.0,13813
stacked_high,0.5,q4_a0.8_and,70220,23.6,17.800000000000004,11.94716666666664,8.914666666666632,2.177922961010919,1.9320993579028036,160,1.0,1.0,13284
stacked_high,0.5,q4_a0.8_and,70221,23.466666666666768,15.76666666666668,9.848166666666634,6.160666666666626,1.926263415744042,1.6040281676054038,135,1.0,1.0,13152
stacked_high,0.5,q4_a0.8_and,70222,19.400000000000027,16.800000000000047,9.663166666666632,6.4916666666666325,1.9640316789378611,1.7072938345150237,150,1.0,1.0,13475
stacked_high,0.5,q4_a0.8_and,70223,13.733333333333341,12.666666666666671,6.611666666666629,4.455166666666627,1.6608817095486188,1.5110768832218144,122,1.0,1.0,13183
stacked_high,0.5,q4_a0.8_and,70224,27.33333333333333,17.46666666666671,11.544666666666636,7.236666666666634,2.066116209872946,1.6870035076034349,150,1.0,1.0,12631
stacked_high,0.5,q4_a0.8_and,70225,28.133333333333383,17.86666666666673,13.31116666666664,7.300166666666627,2.274304475123973,1.7664562436034847,157,1.0,1.0,13293
stacked_high,0.5,q4_a0.8_and,70226,24.933333333333373,17.46666666666672,12.328166666666641,7.086166666666632,2.4484294009442507,1.7368721279842774,149,1.0,1.0,13769
stacked_high,0.5,q4_a0.8_and,70227,20.86666666666673,32.100000000000065,11.030166666666634,15.189166666666644,2.0801549189730197,2.7279719974143632,156,1.0,1.0,12523
stacked_high,0.5,q4_a0.8_and,70228,34.20000000000004,21.400000000000027,14.176666666666637,8.72116666666663,2.610804168703084,1.9928515651947678,142,1.0,1.0,12818
stacked_high,0.5,q4_a0.8_and,70229,23.13333333333336,16.53333333333334,9.282166666666637,6.558166666666632,2.0378799979935267,1.8591282115133185,141,1.0,1.0,13489
stacked_high,0.5,q4_a1.5_or,70200,25.499999999999993,16.33333333333335,10.816666666666636,7.143666666666633,2.082942968073539,1.766742804470298,163,1.0,1.0,13039
stacked_high,0.5,q4_a1.5_or,70201,34.4,14.500000000000043,12.572666666666636,6.549166666666631,2.456476428687401,1.6641159820231477,164,1.0,1.0,13254
stacked_high,0.5,q4_a1.5_or,70202,25.600000000000037,12.133333333333354,12.067666666666632,5.276666666666627,2.112017011848503,1.592891543036983,162,1.0,1.0,14523
stacked_high,0.5,q4_a1.5_or,70203,25.36666666666673,15.233333333333348,12.115666666666636,7.329666666666634,2.1766865637472232,1.6267928383165813,161,1.0,1.0,13580
stacked_high,0.5,q4_a1.5_or,70204,28.266666666666715,20.999999999999993,12.795166666666633,9.222166666666634,2.2058085333778386,1.8864896813981624,159,1.0,1.0,12165
stacked_high,0.5,q4_a1.5_or,70205,21.599999999999767,17.333333333333087,10.607166666666638,8.306166666666634,2.008105814173349,1.802188780379129,164,1.0,1.0,13272
stacked_high,0.5,q4_a1.5_or,70206,24.833333333333343,16.20000000000004,11.012666666666638,6.036166666666634,2.069091635385975,1.6092477177662123,158,1.0,1.0,13283
stacked_high,0.5,q4_a1.5_or,70207,28.466666666666676,21.20000000000001,13.461666666666643,11.143166666666634,2.3722773930900014,2.192925601853243,163,1.0,1.0,12275
stacked_high,0.5,q4_a1.5_or,70208,33.46666666666666,22.46666666666669,15.757666666666642,8.42216666666663,2.5695304396751317,1.8095150282398123,164,1.0,1.0,13476
stacked_high,0.5,q4_a1.5_or,70209,28.19999999999999,13.833333333333371,10.681666666666636,5.722666666666628,2.189856150632015,1.6460850444507205,158,1.0,1.0,15045
stacked_high,0.5,q4_a1.5_or,70210,35.23333333333333,20.40000000000005,15.998666666666645,9.833166666666632,2.8641688800212597,1.980277262877292,164,1.0,1.0,12542
stacked_high,0.5,q4_a1.5_or,70211,32.400000000000134,16.53333333333339,12.78266666666664,7.8756666666666355,2.2196059786103928,1.7495901989430211,161,1.0,1.0,12604
stacked_high,0.5,q4_a1.5_or,70212,21.80000000000002,18.1666666666667,10.629666666666637,8.40666666666663,2.072021013535489,1.894840320124893,161,1.0,1.0,13506
stacked_high,0.5,q4_a1.5_or,70213,23.23333333333315,13.73333333333333,11.594666666666642,5.893666666666633,2.083518256909375,1.60928619531312,159,1.0,1.0,14350
stacked_high,0.5,q4_a1.5_or,70214,26.066666666666684,16.699999999999733,11.348666666666636,6.177166666666631,2.1380257250549466,1.6330385283855589,158,1.0,1.0,14660
stacked_high,0.5,q4_a1.5_or,70215,26.066666666666677,14.566666666666691,10.085666666666631,6.264666666666626,2.1214799804713182,1.744003802865,162,1.0,1.0,14409
stacked_high,0.5,q4_a1.5_or,70216,21.933333333333323,14.200000000000024,10.208666666666634,6.878166666666632,1.8618697199760081,1.675704384615019,164,1.0,1.0,12439
stacked_high,0.5,q4_a1.5_or,70217,22.133333333333333,19.600000000000037,11.871166666666639,9.239666666666636,2.1495968653820707,2.0673309035448177,160,1.0,1.0,12550
stacked_high,0.5,q4_a1.5_or,70218,21.26666666666675,13.033333333333346,9.926666666666636,5.733166666666631,1.8929875307307185,1.551027526583905,166,1.0,1.0,13326
stacked_high,0.5,q4_a1.5_or,70219,24.86666666666668,13.400000000000034,11.726666666666642,5.656166666666629,2.222112636323393,1.586347821613926,160,1.0,1.0,13813
stacked_high,0.5,q4_a1.5_or,70220,23.6,17.800000000000004,11.94716666666664,8.914666666666632,2.177922961010919,1.9320993579028036,164,1.0,1.0,13284
stacked_high,0.5,q4_a1.5_or,70221,23.466666666666768,15.76666666666668,9.848166666666634,6.121166666666626,1.926263415744042,1.594337543155119,162,1.0,1.0,13067
stacked_high,0.5,q4_a1.5_or,70222,19.400000000000027,16.800000000000047,9.663166666666632,6.550166666666632,1.9640316789378611,1.7082053671336634,160,1.0,1.0,13770
stacked_high,0.5,q4_a1.5_or,70223,13.733333333333341,12.666666666666671,6.611666666666629,4.596166666666629,1.6608817095486188,1.531036319443128,160,1.0,1.0,13460
stacked_high,0.5,q4_a1.5_or,70224,27.33333333333333,17.46666666666671,11.544666666666636,7.236666666666634,2.066116209872946,1.6870035076034349,164,1.0,1.0,12631
stacked_high,0.5,q4_a1.5_or,70225,28.133333333333383,17.86666666666673,13.31116666666664,7.300166666666627,2.274304475123973,1.7664562436034847,164,1.0,1.0,13293
stacked_high,0.5,q4_a1.5_or,70226,24.933333333333373,17.46666666666672,12.328166666666641,7.086166666666632,2.4484294009442507,1.7368721279842774,164,1.0,1.0,13769
stacked_high,0.5,q4_a1.5_or,70227,20.86666666666673,32.100000000000065,11.030166666666634,15.189166666666644,2.0801549189730197,2.7279719974143632,161,1.0,1.0,12523
stacked_high,0.5,q4_a1.5_or,70228,34.20000000000004,21.400000000000027,14.176666666666637,8.85166666666663,2.610804168703084,2.0237759833151934,164,1.0,1.0,12269
stacked_high,0.5,q4_a1.5_or,70229,23.13333333333336,16.53333333333334,9.282166666666637,6.519166666666633,2.0378799979935267,1.8671553844174111,162,1.0,1.0,13581
stacked_high,0.5,q4_a1.5_and,70200,25.499999999999993,20.066666666666684,10.816666666666636,9.367666666666631,2.082942968073539,1.9923629068864672,148,1.0,1.0,12545
stacked_high,0.5,q4_a1.5_and,70201,34.4,23.60000000000006,12.572666666666636,10.32066666666664,2.456476428687401,2.2254423312857425,148,1.0,1.0,12432
stacked_high,0.5,q4_a1.5_and,70202,25.600000000000037,16.40000000000005,12.067666666666632,6.1286666666666285,2.112017011848503,1.6777799325908145,127,1.0,1.0,14127
stacked_high,0.5,q4_a1.5_and,70203,25.36666666666673,26.000000000000057,12.115666666666636,11.044666666666645,2.1766865637472232,2.15676403631344,127,1.0,1.0,11725
stacked_high,0.5,q4_a1.5_and,70204,28.266666666666715,20.133333333333383,12.795166666666633,9.817166666666633,2.2058085333778386,2.0753125413212117,146,1.0,1.0,12111
stacked_high,0.5,q4_a1.5_and,70205,21.599999999999767,19.466666666666725,10.607166666666638,9.516666666666639,2.008105814173349,2.050280058941403,146,1.0,1.0,12045
stacked_high,0.5,q4_a1.5_and,70206,24.833333333333343,18.63333333333334,11.012666666666638,9.467666666666634,2.069091635385975,2.023674969398278,146,1.0,1.0,12600
stacked_high,0.5,q4_a1.5_and,70207,28.466666666666676,21.80000000000002,13.461666666666643,10.69166666666664,2.3722773930900014,2.376603166183597,145,1.0,1.0,12512
stacked_high,0.5,q4_a1.5_and,70208,33.46666666666666,21.200000000000003,15.757666666666642,9.620666666666631,2.5695304396751317,2.0852250063924713,135,1.0,1.0,13059
stacked_high,0.5,q4_a1.5_and,70209,28.19999999999999,21.20000000000001,10.681666666666636,7.507166666666631,2.189856150632015,1.8940984262268226,110,1.0,1.0,13591
stacked_high,0.5,q4_a1.5_and,70210,35.23333333333333,25.2666666666667,15.998666666666645,10.872166666666631,2.8641688800212597,2.0528595944227,146,1.0,1.0,12517
stacked_high,0.5,q4_a1.5_and,70211,32.400000000000134,23.133333333333375,12.78266666666664,9.937166666666638,2.2196059786103928,2.130783655609835,148,1.0,1.0,12328
stacked_high,0.5,q4_a1.5_and,70212,21.80000000000002,15.400000000000041,10.629666666666637,6.946666666666629,2.072021013535489,1.7292082036222831,145,1.0,1.0,12702
stacked_high,0.5,q4_a1.5_and,70213,23.23333333333315,21.266666666666765,11.594666666666642,11.038166666666639,2.083518256909375,2.271761944772229,148,1.0,1.0,12434
stacked_high,0.5,q4_a1.5_and,70214,26.066666666666684,19.80000000000001,11.348666666666636,9.829666666666638,2.1380257250549466,2.2056843817210074,134,1.0,1.0,12873
stacked_high,0.5,q4_a1.5_and,70215,26.066666666666677,14.999999999999915,10.085666666666631,5.94016666666663,2.1214799804713182,1.6718556657498267,122,1.0,1.0,15633
stacked_high,0.5,q4_a1.5_and,70216,21.933333333333323,21.93333333333336,10.208666666666634,10.190166666666638,1.8618697199760081,2.041606300512907,146,1.0,1.0,12225
stacked_high,0.5,q4_a1.5_and,70217,22.133333333333333,21.800000000000082,11.871166666666639,10.16266666666664,2.1495968653820707,2.1185975125620526,139,1.0,1.0,12217
stacked_high,0.5,q4_a1.5_and,70218,21.26666666666675,26.766666666666666,9.926666666666636,11.802666666666637,1.8929875307307185,2.353825630669035,145,1.0,1.0,12225
stacked_high,0.5,q4_a1.5_and,70219,24.86666666666668,24.433333333333167,11.726666666666642,11.963666666666644,2.222112636323393,2.3970990512587234,146,1.0,1.0,12339
stacked_high,0.5,q4_a1.5_and,70220,23.6,19.566666666666492,11.94716666666664,10.117166666666641,2.177922961010919,2.265113186369082,146,1.0,1.0,12702
stacked_high,0.5,q4_a1.5_and,70221,23.466666666666768,22.30000000000001,9.848166666666634,8.868666666666638,1.926263415744042,2.055095637222645,119,1.0,1.0,11724
stacked_high,0.5,q4_a1.5_and,70222,19.400000000000027,16.000000000000007,9.663166666666632,7.724166666666632,1.9640316789378611,1.865057536621119,142,1.0,1.0,13584
stacked_high,0.5,q4_a1.5_and,70223,13.733333333333341,17.66666666666668,6.611666666666629,7.629666666666631,1.6608817095486188,2.0212567849172474,125,1.0,1.0,12678
stacked_high,0.5,q4_a1.5_and,70224,27.33333333333333,16.866666666666696,11.544666666666636,7.916666666666633,2.066116209872946,1.7735353169898949,135,1.0,1.0,12674
stacked_high,0.5,q4_a1.5_and,70225,28.133333333333383,13.533333333333353,13.31116666666664,5.844166666666626,2.274304475123973,1.5957469227043524,135,1.0,1.0,13527
stacked_high,0.5,q4_a1.5_and,70226,24.933333333333373,14.333333333333364,12.328166666666641,6.625666666666629,2.4484294009442507,1.75565730574423,138,1.0,1.0,14064
stacked_high,0.5,q4_a1.5_and,70227,20.86666666666673,30.0000000000001,11.030166666666634,13.320666666666643,2.0801549189730197,2.4922595779017387,147,1.0,1.0,12181
stacked_high,0.5,q4_a1.5_and,70228,34.20000000000004,25.86666666666666,14.176666666666637,10.95116666666664,2.610804168703084,2.5644903721126378,139,1.0,1.0,11498
stacked_high,0.5,q4_a1.5_and,70229,23.13333333333336,14.400000000000048,9.282166666666637,5.919666666666631,2.0378799979935267,1.7843377977782546,126,1.0,1.0,14079
stacked_high,0.5,q8_a0.8_or,70200,25.499999999999993,22.86666666666671,10.816666666666636,11.41066666666664,2.082942968073539,2.2598240709785293,179,1.0,1.0,12290
stacked_high,0.5,q8_a0.8_or,70201,34.4,14.600000000000009,12.572666666666636,6.420666666666631,2.456476428687401,1.699319768780346,179,1.0,1.0,13191
stacked_high,0.5,q8_a0.8_or,70202,25.600000000000037,22.500000000000007,12.067666666666632,10.241166666666636,2.112017011848503,2.1217146369982083,179,1.0,1.0,13339
stacked_high,0.5,q8_a0.8_or,70203,25.36666666666673,19.333333333333336,12.115666666666636,8.874666666666634,2.1766865637472232,1.8428466718797858,179,1.0,1.0,13546
stacked_high,0.5,q8_a0.8_or,70204,28.266666666666715,20.266666666666453,12.795166666666633,10.649666666666635,2.2058085333778386,2.0605642454519026,179,1.0,1.0,12416
stacked_high,0.5,q8_a0.8_or,70205,21.599999999999767,12.966666666666683,10.607166666666638,6.013666666666629,2.008105814173349,1.6121879300413318,179,1.0,1.0,12895
stacked_high,0.5,q8_a0.8_or,70206,24.833333333333343,15.733333333333341,11.012666666666638,5.99766666666663,2.069091635385975,1.618341902264082,179,1.0,1.0,14081
stacked_high,0.5,q8_a0.8_or,70207,28.466666666666676,16.66666666666668,13.461666666666643,9.015666666666633,2.3722773930900014,1.8290818336687535,179,1.0,1.0,13572
stacked_high,0.5,q8_a0.8_or,70208,33.46666666666666,28.23333333333315,15.757666666666642,10.476666666666631,2.5695304396751317,2.2126298675416067,179,1.0,1.0,12392
stacked_high,0.5,q8_a0.8_or,70209,28.19999999999999,15.166666666666671,10.681666666666636,5.98916666666663,2.189856150632015,1.756256787857554,179,1.0,1.0,14573
stacked_high,0.5,q8_a0.8_or,70210,35.23333333333333,20.833333333333357,15.998666666666645,10.550666666666634,2.8641688800212597,2.054326400325168,179,1.0,1.0,12647
stacked_high,0.5,q8_a0.8_or,70211,32.400000000000134,22.166666666666714,12.78266666666664,8.48766666666664,2.2196059786103928,1.8952846563516916,179,1.0,1.0,13029
stacked_high,0.5,q8_a0.8_or,70212,21.80000000000002,18.73333333333334,10.629666666666637,8.506166666666632,2.072021013535489,1.833780155145155,179,1.0,1.0,13427
stacked_high,0.5,q8_a0.8_or,70213,23.23333333333315,14.533333333333374,11.594666666666642,5.797166666666629,2.083518256909375,1.5715832936283516,179,1.0,1.0,14411
stacked_high,0.5,q8_a0.8_or,70214,26.066666666666684,19.60000000000001,11.348666666666636,7.982666666666634,2.1380257250549466,1.8507565821521208,179,1.0,1.0,13674
stacked_high,0.5,q8_a0.8_or,70215,26.066666666666677,17.86666666666673,10.085666666666631,6.872166666666633,2.1214799804713182,1.8621959985147032,179,1.0,1.0,14336
stacked_high,0.5,q8_a0.8_or,70216,21.933333333333323,17.13333333333336,10.208666666666634,7.5286666666666315,1.8618697199760081,1.7156812448475498,179,1.0,1.0,13425
stacked_high,0.5,q8_a0.8_or,70217,22.133333333333333,21.266666666666737,11.871166666666639,9.245666666666637,2.1495968653820707,1.9849710359068298,179,1.0,1.0,12473
stacked_high,0.5,q8_a0.8_or,70218,21.26666666666675,17.86666666666676,9.926666666666636,8.823666666666638,1.8929875307307185,1.894046924351195,179,1.0,1.0,13512
stacked_high,0.5,q8_a0.8_or,70219,24.86666666666668,26.066666666666762,11.726666666666642,12.296666666666646,2.222112636323393,2.4119518167046743,179,1.0,1.0,13172
stacked_high,0.5,q8_a0.8_or,70220,23.6,17.13333333333324,11.94716666666664,7.062666666666628,2.177922961010919,1.7364648849876216,179,1.0,1.0,13652
stacked_high,0.5,q8_a0.8_or,70221,23.466666666666768,16.73333333333337,9.848166666666634,7.66016666666663,1.926263415744042,1.7972349258970663,179,1.0,1.0,12526
stacked_high,0.5,q8_a0.8_or,70222,19.400000000000027,16.166666666666686,9.663166666666632,8.086166666666633,1.9640316789378611,1.91480737484527,179,1.0,1.0,13786
stacked_high,0.5,q8_a0.8_or,70223,13.733333333333341,16.066666666666684,6.611666666666629,6.130166666666632,1.6608817095486188,1.7648103645062805,179,1.0,1.0,13030
stacked_high,0.5,q8_a0.8_or,70224,27.33333333333333,20.266666666666715,11.544666666666636,9.084166666666631,2.066116209872946,1.839487978907535,179,1.0,1.0,13194
stacked_high,0.5,q8_a0.8_or,70225,28.133333333333383,17.333333333333357,13.31116666666664,7.919666666666627,2.274304475123973,1.8216829690562226,179,1.0,1.0,13083
stacked_high,0.5,q8_a0.8_or,70226,24.933333333333373,17.533333333333346,12.328166666666641,7.180666666666634,2.4484294009442507,1.9234293952687112,179,1.0,1.0,13041
stacked_high,0.5,q8_a0.8_or,70227,20.86666666666673,28.10000000000005,11.030166666666634,13.23166666666665,2.0801549189730197,2.737130419579018,179,1.0,1.0,11670
stacked_high,0.5,q8_a0.8_or,70228,34.20000000000004,23.666666666666686,14.176666666666637,11.128666666666629,2.610804168703084,2.313954619823353,179,1.0,1.0,12163
stacked_high,0.5,q8_a0.8_or,70229,23.13333333333336,16.93333333333333,9.282166666666637,5.96566666666663,2.0378799979935267,1.6328674334325248,179,1.0,1.0,14262
stacked_high,0.5,q8_a0.8_and,70200,25.499999999999993,17.93333333333336,10.816666666666636,7.957166666666629,2.082942968073539,1.8183660756219853,119,1.0,1.0,13203
stacked_high,0.5,q8_a0.8_and,70201,34.4,20.63333333333337,12.572666666666636,8.798666666666637,2.456476428687401,1.9053455660207974,98,1.0,1.0,13415
stacked_high,0.5,q8_a0.8_and,70202,25.600000000000037,18.10000000000001,12.067666666666632,9.500666666666634,2.112017011848503,1.9794511233967267,123,1.0,1.0,12830
stacked_high,0.5,q8_a0.8_and,70203,25.36666666666673,35.13333333333336,12.115666666666636,16.16216666666665,2.1766865637472232,2.8379876366646677,127,1.0,1.0,12229
stacked_high,0.5,q8_a0.8_and,70204,28.266666666666715,18.83333333333333,12.795166666666633,8.273666666666626,2.2058085333778386,1.8244383323266222,119,1.0,1.0,12139
stacked_high,0.5,q8_a0.8_and,70205,21.599999999999767,23.80000000000001,10.607166666666638,11.007166666666638,2.008105814173349,2.1446686229765946,124,1.0,1.0,13193
stacked_high,0.5,q8_a0.8_and,70206,24.833333333333343,19.33333333333335,11.012666666666638,8.863166666666633,2.069091635385975,1.9443078679291745,131,1.0,1.0,12898
stacked_high,0.5,q8_a0.8_and,70207,28.466666666666676,22.233333333333178,13.461666666666643,11.16716666666664,2.3722773930900014,2.2686057970268783,115,1.0,1.0,11600
stacked_high,0.5,q8_a0.8_and,70208,33.46666666666666,24.86666666666673,15.757666666666642,9.027666666666635,2.5695304396751317,2.006775439645535,111,1.0,1.0,12646
stacked_high,0.5,q8_a0.8_and,70209,28.19999999999999,19.233333333333363,10.681666666666636,8.224666666666627,2.189856150632015,1.9137976028654995,98,1.0,1.0,13687
stacked_high,0.5,q8_a0.8_and,70210,35.23333333333333,28.79999999999999,15.998666666666645,13.719166666666643,2.8641688800212597,2.5753197765516496,112,1.0,1.0,11672
stacked_high,0.5,q8_a0.8_and,70211,32.400000000000134,32.53333333333334,12.78266666666664,13.182166666666646,2.2196059786103928,2.760269841718741,102,1.0,1.0,12564
stacked_high,0.5,q8_a0.8_and,70212,21.80000000000002,16.800000000000054,10.629666666666637,7.71416666666663,2.072021013535489,1.7213542307416874,123,1.0,1.0,13033
stacked_high,0.5,q8_a0.8_and,70213,23.23333333333315,20.46666666666667,11.594666666666642,10.048666666666637,2.083518256909375,2.0812536266092003,127,1.0,1.0,13092
stacked_high,0.5,q8_a0.8_and,70214,26.066666666666684,21.600000000000016,11.348666666666636,10.23566666666664,2.1380257250549466,2.111318572014159,117,1.0,1.0,12648
stacked_high,0.5,q8_a0.8_and,70215,26.066666666666677,13.733333333333391,10.085666666666631,6.01016666666663,2.1214799804713182,1.6890516142073109,93,0.8571428571428571,1.0,13979
stacked_high,0.5,q8_a0.8_and,70216,21.933333333333323,14.866666666666674,10.208666666666634,7.832166666666633,1.8618697199760081,1.7173113718189013,106,1.0,1.0,12796
stacked_high,0.5,q8_a0.8_and,70217,22.133333333333333,19.733333333333263,11.871166666666639,9.246166666666634,2.1495968653820707,1.944868958063717,110,1.0,1.0,12944
stacked_high,0.5,q8_a0.8_and,70218,21.26666666666675,22.166666666666487,9.926666666666636,11.121166666666639,1.8929875307307185,2.1257450206429254,123,1.0,1.0,12536
stacked_high,0.5,q8_a0.8_and,70219,24.86666666666668,20.96666666666667,11.726666666666642,11.01416666666664,2.222112636323393,2.187894126815784,127,1.0,1.0,12654
stacked_high,0.5,q8_a0.8_and,70220,23.6,15.666666666666686,11.94716666666664,7.824166666666632,2.177922961010919,1.840592502397665,119,1.0,1.0,13135
stacked_high,0.5,q8_a0.8_and,70221,23.466666666666768,22.133333333333375,9.848166666666634,10.717166666666639,1.926263415744042,2.211528368858141,131,1.0,1.0,12245
stacked_high,0.5,q8_a0.8_and,70222,19.400000000000027,18.60000000000003,9.663166666666632,8.128666666666634,1.9640316789378611,1.9157605242285236,109,1.0,1.0,12897
stacked_high,0.5,q8_a0.8_and,70223,13.733333333333341,17.433333333333337,6.611666666666629,7.679666666666635,1.6608817095486188,1.852617970707633,97,1.0,1.0,11906
stacked_high,0.5,q8_a0.8_and,70224,27.33333333333333,17.966666666666683,11.544666666666636,7.641166666666631,2.066116209872946,1.7631356653053667,108,1.0,1.0,12825
stacked_high,0.5,q8_a0.8_and,70225,28.133333333333383,17.400000000000006,13.31116666666664,7.339666666666627,2.274304475123973,1.769912628826282,118,1.0,1.0,12664
stacked_high,0.5,q8_a0.8_and,70226,24.933333333333373,18.26666666666668,12.328166666666641,8.569166666666634,2.4484294009442507,1.9702512450997074,97,1.0,1.0,12117
stacked_high,0.5,q8_a0.8_and,70227,20.86666666666673,22.86666666666669,11.030166666666634,11.012166666666635,2.0801549189730197,2.0590062166757575,115,1.0,1.0,12638
stacked_high,0.5,q8_a0.8_and,70228,34.20000000000004,24.86666666666668,14.176666666666637,11.662666666666636,2.610804168703084,2.3474708656788623,115,1.0,1.0,12222
stacked_high,0.5,q8_a0.8_and,70229,23.13333333333336,18.93333333333333,9.282166666666637,7.4746666666666295,2.0378799979935267,1.931397430800173,89,1.0,1.0,12955
stacked_high,0.5,q8_a1.5_or,70200,25.499999999999993,20.066666666666684,10.816666666666636,9.367666666666631,2.082942968073539,1.9923629068864672,151,1.0,1.0,12545
stacked_high,0.5,q8_a1.5_or,70201,34.4,23.60000000000006,12.572666666666636,10.32066666666664,2.456476428687401,2.2254423312857425,151,1.0,1.0,12432
stacked_high,0.5,q8_a1.5_or,70202,25.600000000000037,16.40000000000005,12.067666666666632,6.1286666666666285,2.112017011848503,1.6777799325908145,151,1.0,1.0,14127
stacked_high,0.5,q8_a1.5_or,70203,25.36666666666673,24.633333333333127,12.115666666666636,11.169666666666645,2.1766865637472232,2.2136782502581935,151,1.0,1.0,11854
stacked_high,0.5,q8_a1.5_or,70204,28.266666666666715,20.133333333333383,12.795166666666633,9.817166666666633,2.2058085333778386,2.0753125413212117,151,1.0,1.0,12111
stacked_high,0.5,q8_a1.5_or,70205,21.599999999999767,19.466666666666725,10.607166666666638,9.516666666666639,2.008105814173349,2.050280058941403,151,1.0,1.0,12045
stacked_high,0.5,q8_a1.5_or,70206,24.833333333333343,18.63333333333334,11.012666666666638,9.467666666666634,2.069091635385975,2.023674969398278,151,1.0,1.0,12600
stacked_high,0.5,q8_a1.5_or,70207,28.466666666666676,21.80000000000002,13.461666666666643,10.69166666666664,2.3722773930900014,2.376603166183597,151,1.0,1.0,12512
stacked_high,0.5,q8_a1.5_or,70208,33.46666666666666,21.200000000000003,15.757666666666642,9.620666666666631,2.5695304396751317,2.0852250063924713,151,1.0,1.0,13059
stacked_high,0.5,q8_a1.5_or,70209,28.19999999999999,21.20000000000001,10.681666666666636,7.3116666666666275,2.189856150632015,1.8818105600673705,151,1.0,1.0,13993
stacked_high,0.5,q8_a1.5_or,70210,35.23333333333333,25.2666666666667,15.998666666666645,10.872166666666631,2.8641688800212597,2.0528595944227,151,1.0,1.0,12517
stacked_high,0.5,q8_a1.5_or,70211,32.400000000000134,23.133333333333375,12.78266666666664,9.937166666666638,2.2196059786103928,2.130783655609835,151,1.0,1.0,12328
stacked_high,0.5,q8_a1.5_or,70212,21.80000000000002,15.400000000000041,10.629666666666637,6.946666666666629,2.072021013535489,1.7292082036222831,151,1.0,1.0,12702
stacked_high,0.5,q8_a1.5_or,70213,23.23333333333315,21.266666666666765,11.594666666666642,11.038166666666639,2.083518256909375,2.271761944772229,151,1.0,1.0,12434
stacked_high,0.5,q8_a1.5_or,70214,26.066666666666684,19.80000000000001,11.348666666666636,9.829666666666638,2.1380257250549466,2.2056843817210074,151,1.0,1.0,12873
stacked_high,0.5,q8_a1.5_or,70215,26.066666666666677,14.999999999999915,10.085666666666631,5.94016666666663,2.1214799804713182,1.6718556657498267,151,1.0,1.0,15633
stacked_high,0.5,q8_a1.5_or,70216,21.933333333333323,21.93333333333336,10.208666666666634,10.190166666666638,1.8618697199760081,2.041606300512907,151,1.0,1.0,12225
stacked_high,0.5,q8_a1.5_or,70217,22.133333333333333,21.800000000000082,11.871166666666639,10.157666666666639,2.1495968653820707,2.133677591697866,151,1.0,1.0,12375
stacked_high,0.5,q8_a1.5_or,70218,21.26666666666675,26.766666666666666,9.926666666666636,11.802666666666637,1.8929875307307185,2.353825630669035,151,1.0,1.0,12225
stacked_high,0.5,q8_a1.5_or,70219,24.86666666666668,24.433333333333167,11.726666666666642,11.963666666666644,2.222112636323393,2.3970990512587234,151,1.0,1.0,12339
stacked_high,0.5,q8_a1.5_or,70220,23.6,19.566666666666492,11.94716666666664,10.117166666666641,2.177922961010919,2.265113186369082,151,1.0,1.0,12702
stacked_high,0.5,q8_a1.5_or,70221,23.466666666666768,19.466666666666676,9.848166666666634,8.901666666666637,1.926263415744042,2.032861513785262,151,1.0,1.0,12584
stacked_high,0.5,q8_a1.5_or,70222,19.400000000000027,16.000000000000007,9.663166666666632,7.724166666666632,1.9640316789378611,1.865057536621119,151,1.0,1.0,13584
stacked_high,0.5,q8_a1.5_or,70223,13.733333333333341,19.0666666666667,6.611666666666629,7.852666666666632,1.6608817095486188,2.0380280402009303,151,1.0,1.0,12828
stacked_high,0.5,q8_a1.5_or,70224,27.33333333333333,16.866666666666696,11.544666666666636,7.916666666666633,2.066116209872946,1.7735353169898949,151,1.0,1.0,12674
stacked_high,0.5,q8_a1.5_or,70225,28.133333333333383,13.533333333333353,13.31116666666664,5.844166666666626,2.274304475123973,1.5957469227043524,151,1.0,1.0,13527
stacked_high,0.5,q8_a1.5_or,70226,24.933333333333373,14.333333333333364,12.328166666666641,6.625666666666629,2.4484294009442507,1.75565730574423,151,1.0,1.0,14064
stacked_high,0.5,q8_a1.5_or,70227,20.86666666666673,30.0000000000001,11.030166666666634,13.320666666666643,2.0801549189730197,2.4922595779017387,151,1.0,1.0,12181
stacked_high,0.5,q8_a1.5_or,70228,34.20000000000004,25.86666666666666,14.176666666666637,11.011166666666638,2.610804168703084,2.5691971609075512,151,1.0,1.0,11790
stacked_high,0.5,q8_a1.5_or,70229,23.13333333333336,14.933333333333344,9.282166666666637,5.7996666666666306,2.0378799979935267,1.793289900013743,151,1.0,1.0,14033
stacked_high,0.5,q8_a1.5_and,70200,25.499999999999993,17.93333333333336,10.816666666666636,7.957166666666629,2.082942968073539,1.8183660756219853,119,1.0,1.0,13203
stacked_high,0.5,q8_a1.5_and,70201,34.4,20.63333333333337,12.572666666666636,8.798666666666637,2.456476428687401,1.9053455660207974,98,1.0,1.0,13415
stacked_high,0.5,q8_a1.5_and,70202,25.600000000000037,18.10000000000001,12.067666666666632,9.500666666666634,2.112017011848503,1.9794511233967267,123,1.0,1.0,12830
stacked_high,0.5,q8_a1.5_and,70203,25.36666666666673,35.13333333333336,12.115666666666636,16.16216666666665,2.1766865637472232,2.8379876366646677,127,1.0,1.0,12229
stacked_high,0.5,q8_a1.5_and,70204,28.266666666666715,18.83333333333333,12.795166666666633,8.273666666666626,2.2058085333778386,1.8244383323266222,119,1.0,1.0,12139
stacked_high,0.5,q8_a1.5_and,70205,21.599999999999767,23.80000000000001,10.607166666666638,11.007166666666638,2.008105814173349,2.1446686229765946,124,1.0,1.0,13193
stacked_high,0.5,q8_a1.5_and,70206,24.833333333333343,19.33333333333335,11.012666666666638,8.863166666666633,2.069091635385975,1.9443078679291745,131,1.0,1.0,12898
stacked_high,0.5,q8_a1.5_and,70207,28.466666666666676,22.233333333333178,13.461666666666643,11.16716666666664,2.3722773930900014,2.2686057970268783,115,1.0,1.0,11600
stacked_high,0.5,q8_a1.5_and,70208,33.46666666666666,24.86666666666673,15.757666666666642,9.027666666666635,2.5695304396751317,2.006775439645535,111,1.0,1.0,12646
stacked_high,0.5,q8_a1.5_and,70209,28.19999999999999,19.233333333333363,10.681666666666636,8.224666666666627,2.189856150632015,1.9137976028654995,98,1.0,1.0,13687
stacked_high,0.5,q8_a1.5_and,70210,35.23333333333333,28.79999999999999,15.998666666666645,13.719166666666643,2.8641688800212597,2.5753197765516496,112,1.0,1.0,11672
stacked_high,0.5,q8_a1.5_and,70211,32.400000000000134,32.53333333333334,12.78266666666664,13.182166666666646,2.2196059786103928,2.760269841718741,102,1.0,1.0,12564
stacked_high,0.5,q8_a1.5_and,70212,21.80000000000002,16.800000000000054,10.629666666666637,7.71416666666663,2.072021013535489,1.7213542307416874,123,1.0,1.0,13033
stacked_high,0.5,q8_a1.5_and,70213,23.23333333333315,20.46666666666667,11.594666666666642,10.048666666666637,2.083518256909375,2.0812536266092003,127,1.0,1.0,13092
stacked_high,0.5,q8_a1.5_and,70214,26.066666666666684,21.600000000000016,11.348666666666636,10.23566666666664,2.1380257250549466,2.111318572014159,117,1.0,1.0,12648
stacked_high,0.5,q8_a1.5_and,70215,26.066666666666677,13.733333333333391,10.085666666666631,6.01016666666663,2.1214799804713182,1.6890516142073109,93,0.8571428571428571,1.0,13979
stacked_high,0.5,q8_a1.5_and,70216,21.933333333333323,14.866666666666674,10.208666666666634,7.832166666666633,1.8618697199760081,1.7173113718189013,106,1.0,1.0,12796
stacked_high,0.5,q8_a1.5_and,70217,22.133333333333333,19.733333333333263,11.871166666666639,9.246166666666634,2.1495968653820707,1.944868958063717,110,1.0,1.0,12944
stacked_high,0.5,q8_a1.5_and,70218,21.26666666666675,22.166666666666487,9.926666666666636,11.121166666666639,1.8929875307307185,2.1257450206429254,123,1.0,1.0,12536
stacked_high,0.5,q8_a1.5_and,70219,24.86666666666668,20.96666666666667,11.726666666666642,11.01416666666664,2.222112636323393,2.187894126815784,126,1.0,1.0,12656
stacked_high,0.5,q8_a1.5_and,70220,23.6,15.666666666666686,11.94716666666664,7.824166666666632,2.177922961010919,1.840592502397665,119,1.0,1.0,13135
stacked_high,0.5,q8_a1.5_and,70221,23.466666666666768,22.133333333333375,9.848166666666634,10.717166666666639,1.926263415744042,2.211528368858141,131,1.0,1.0,12245
stacked_high,0.5,q8_a1.5_and,70222,19.400000000000027,18.60000000000003,9.663166666666632,8.128666666666634,1.9640316789378611,1.9157605242285236,109,1.0,1.0,12897
stacked_high,0.5,q8_a1.5_and,70223,13.733333333333341,17.433333333333337,6.611666666666629,7.679666666666635,1.6608817095486188,1.852617970707633,97,1.0,1.0,11906
stacked_high,0.5,q8_a1.5_and,70224,27.33333333333333,17.966666666666683,11.544666666666636,7.641166666666631,2.066116209872946,1.7631356653053667,108,1.0,1.0,12825
stacked_high,0.5,q8_a1.5_and,70225,28.133333333333383,17.400000000000006,13.31116666666664,7.339666666666627,2.274304475123973,1.769912628826282,118,1.0,1.0,12664
stacked_high,0.5,q8_a1.5_and,70226,24.933333333333373,18.26666666666668,12.328166666666641,8.569166666666634,2.4484294009442507,1.9702512450997074,97,1.0,1.0,12117
stacked_high,0.5,q8_a1.5_and,70227,20.86666666666673,22.86666666666669,11.030166666666634,11.012166666666635,2.0801549189730197,2.0590062166757575,115,1.0,1.0,12638
stacked_high,0.5,q8_a1.5_and,70228,34.20000000000004,22.4,14.176666666666637,11.386666666666635,2.610804168703084,2.3353904118508693,121,1.0,1.0,12614
stacked_high,0.5,q8_a1.5_and,70229,23.13333333333336,18.93333333333333,9.282166666666637,7.4746666666666295,2.0378799979935267,1.931397430800173,89,1.0,1.0,12955
stacked_high,2.0,q2_a0.8_or,70200,31.800000000000033,24.466666666666704,14.20666666666664,12.641666666666643,2.4270765132078203,2.4916834680744286,180,1.0,1.0,12312
stacked_high,2.0,q2_a0.8_or,70201,34.4,16.133333333333354,13.80766666666664,6.435666666666629,2.5841624019001967,1.6853818318544833,180,1.0,1.0,13528
stacked_high,2.0,q2_a0.8_or,70202,26.800000000000054,26.933333333333337,13.107666666666637,12.049666666666637,2.3201223197023215,2.433474818407482,181,1.0,1.0,12681
stacked_high,2.0,q2_a0.8_or,70203,28.466666666666555,24.19999999999976,12.894666666666645,9.921666666666638,2.2171130587027594,2.001581706837671,180,1.0,1.0,12954
stacked_high,2.0,q2_a0.8_or,70204,29.266666666666673,23.933333333333373,14.28166666666664,11.73566666666664,2.4713622868581573,2.2152149742572416,181,1.0,1.0,11775
stacked_high,2.0,q2_a0.8_or,70205,22.599999999999767,15.6666666666667,11.640666666666641,7.364666666666632,2.218836097585609,1.7612806924223432,182,1.0,1.0,13829
stacked_high,2.0,q2_a0.8_or,70206,22.733333333333377,13.733333333333348,11.740666666666636,6.128666666666629,2.1217789370449505,1.7250654679381505,181,1.0,1.0,14033
stacked_high,2.0,q2_a0.8_or,70207,31.066666666666663,16.466666666666676,15.05366666666664,8.609666666666632,2.599646866755338,1.8495451499093314,181,1.0,1.0,12952
stacked_high,2.0,q2_a0.8_or,70208,36.19999999999998,21.866666666666667,16.44166666666664,9.455666666666632,2.722667671762011,2.0904625219304833,181,1.0,1.0,12847
stacked_high,2.0,q2_a0.8_or,70209,22.866666666666696,14.866666666666717,11.141666666666627,7.022666666666628,2.173199013337257,1.877826447864179,180,1.0,1.0,13482
stacked_high,2.0,q2_a0.8_or,70210,39.133333333333326,23.866666666666703,18.883666666666656,12.531666666666633,3.305860712287908,2.3076969113328265,181,1.0,1.0,12340
stacked_high,2.0,q2_a0.8_or,70211,34.66666666666666,18.399999999999807,14.204666666666641,8.364666666666634,2.438903573829082,2.039784697745047,181,1.0,1.0,12523
stacked_high,2.0,q2_a0.8_or,70212,32.33333333333326,19.20000000000001,14.421666666666649,9.32366666666663,2.6202340147895096,1.8880839102551839,181,1.0,1.0,12727
stacked_high,2.0,q2_a0.8_or,70213,25.53333333333334,15.533333333333331,12.923666666666639,6.532666666666629,2.3968738778571157,1.6619248782763147,180,1.0,1.0,13858
stacked_high,2.0,q2_a0.8_or,70214,26.066666666666684,20.06666666666667,12.474666666666636,8.883666666666631,2.2845382864162063,1.998824019704283,181,1.0,1.0,14157
stacked_high,2.0,q2_a0.8_or,70215,25.866666666666667,15.800000000000011,12.093666666666639,6.853666666666632,2.47231759765613,1.9514015163602039,181,1.0,1.0,14345
stacked_high,2.0,q2_a0.8_or,70216,23.80000000000002,14.666666666666686,11.859666666666639,7.273666666666629,2.031267113650578,1.7212505106517113,181,1.0,1.0,13459
stacked_high,2.0,q2_a0.8_or,70217,25.333333333333144,18.73333333333337,13.16766666666664,8.881666666666634,2.325097967783259,1.9726947772197692,181,1.0,1.0,12896
stacked_high,2.0,q2_a0.8_or,70218,22.40000000000002,24.066666666666748,11.771666666666636,9.857666666666638,2.0925848377128005,2.152215657050566,181,1.0,1.0,12934
stacked_high,2.0,q2_a0.8_or,70219,26.399999999999892,24.199999999999847,13.34866666666665,11.96566666666664,2.444368844511664,2.369504737035456,181,1.0,1.0,12603
stacked_high,2.0,q2_a0.8_or,70220,23.19999999999999,17.73333333333334,11.89866666666664,8.248666666666631,2.289413695572594,1.8703366713852188,181,1.0,1.0,12817
stacked_high,2.0,q2_a0.8_or,70221,20.466666666666676,21.800000000000026,10.846666666666634,9.463666666666633,2.076579718738899,2.081771894114347,181,1.0,1.0,11990
stacked_high,2.0,q2_a0.8_or,70222,19.06666666666667,17.86666666666642,9.838666666666631,8.982666666666633,1.98858317620764,2.07806126262713,180,1.0,1.0,13092
stacked_high,2.0,q2_a0.8_or,70223,18.133333333333454,21.933333333333394,8.814666666666632,8.836666666666638,1.9421929313224522,2.2289038242511814,180,1.0,1.0,12072
stacked_high,2.0,q2_a0.8_or,70224,30.46666666666674,21.93333333333336,13.83266666666664,9.435666666666634,2.49346857803406,1.9677932510999097,181,1.0,1.0,12785
stacked_high,2.0,q2_a0.8_or,70225,30.666666666666714,15.200000000000045,14.573666666666641,7.270666666666625,2.5435086936548315,1.744957576000696,180,1.0,1.0,13751
stacked_high,2.0,q2_a0.8_or,70226,22.73333333333337,20.333333333333343,10.877666666666634,9.413666666666636,2.2606650862755373,2.1573354580733395,180,1.0,1.0,12833
stacked_high,2.0,q2_a0.8_or,70227,24.800000000000097,39.600000000000065,12.85166666666664,17.502666666666652,2.4313836586639814,3.0665594843800097,181,1.0,1.0,12514
stacked_high,2.0,q2_a0.8_or,70228,35.33333333333332,26.333333333333385,14.71966666666664,13.464666666666641,2.8322310617266,2.8011152414717277,181,1.0,1.0,12080
stacked_high,2.0,q2_a0.8_or,70229,23.06666666666667,16.93333333333333,10.113666666666633,6.31666666666663,2.124606231957855,1.7607841374286306,180,1.0,1.0,13894
stacked_high,2.0,q2_a0.8_and,70200,31.800000000000033,18.266666666666453,14.20666666666664,8.073666666666629,2.4270765132078203,1.8480286025819965,167,1.0,1.0,13088
stacked_high,2.0,q2_a0.8_and,70201,34.4,13.800000000000018,13.80766666666664,5.974666666666629,2.5841624019001967,1.6156662050519282,166,1.0,1.0,13092
stacked_high,2.0,q2_a0.8_and,70202,26.800000000000054,13.533333333333076,13.107666666666637,6.258666666666627,2.3201223197023215,1.6804020767345682,163,1.0,1.0,13964
stacked_high,2.0,q2_a0.8_and,70203,28.466666666666555,19.600000000000065,12.894666666666645,9.367666666666636,2.2171130587027594,1.8997251300660178,168,1.0,1.0,12403
stacked_high,2.0,q2_a0.8_and,70204,29.266666666666673,18.266666666666715,14.28166666666664,8.225666666666632,2.4713622868581573,1.8607062613242926,161,1.0,1.0,11865
stacked_high,2.0,q2_a0.8_and,70205,22.599999999999767,17.866666666666248,11.640666666666641,8.994666666666639,2.218836097585609,1.9432513588974105,166,1.0,1.0,13232
stacked_high,2.0,q2_a0.8_and,70206,22.733333333333377,17.13333333333337,11.740666666666636,7.504666666666634,2.1217789370449505,1.8625469550800542,154,1.0,1.0,12871
stacked_high,2.0,q2_a0.8_and,70207,31.066666666666663,27.39999999999992,15.05366666666664,12.672666666666641,2.599646866755338,2.5777253935053936,164,1.0,1.0,11724
stacked_high,2.0,q2_a0.8_and,70208,36.19999999999998,22.799999999999997,16.44166666666664,9.830666666666634,2.722667671762011,2.1275272244818257,172,1.0,1.0,12428
stacked_high,2.0,q2_a0.8_and,70209,22.866666666666696,17.533333333333367,11.141666666666627,6.640666666666625,2.173199013337257,1.789834234554394,161,1.0,1.0,14350
stacked_high,2.0,q2_a0.8_and,70210,39.133333333333326,22.066666666666663,18.883666666666656,10.927666666666628,3.305860712287908,2.116263186349191,166,1.0,1.0,12439
stacked_high,2.0,q2_a0.8_and,70211,34.66666666666666,19.73333333333335,14.204666666666641,9.113666666666633,2.438903573829082,1.9567450692120678,169,1.0,1.0,12285
stacked_high,2.0,q2_a0.8_and,70212,32.33333333333326,18.53333333333334,14.421666666666649,8.662666666666633,2.6202340147895096,1.9938821075785966,172,1.0,1.0,12308
stacked_high,2.0,q2_a0.8_and,70213,25.53333333333334,14.133333333333347,12.923666666666639,6.53166666666663,2.3968738778571157,1.7101779038413591,167,1.0,1.0,13167
stacked_high,2.0,q2_a0.8_and,70214,26.066666666666684,15.199999999999733,12.474666666666636,6.495666666666632,2.2845382864162063,1.6961500138388692,168,1.0,1.0,13444
stacked_high,2.0,q2_a0.8_and,70215,25.866666666666667,16.73333333333334,12.093666666666639,7.358666666666632,2.47231759765613,1.9481384567516062,164,1.0,1.0,13851
stacked_high,2.0,q2_a0.8_and,70216,23.80000000000002,15.39999999999975,11.859666666666639,7.635666666666634,2.031267113650578,1.7494063227881327,167,1.0,1.0,12869
stacked_high,2.0,q2_a0.8_and,70217,25.333333333333144,29.800000000000125,13.16766666666664,13.732666666666645,2.325097967783259,2.676033282082177,168,1.0,1.0,12191
stacked_high,2.0,q2_a0.8_and,70218,22.40000000000002,17.20000000000001,11.771666666666636,7.3356666666666355,2.0925848377128005,1.8592035190531184,160,1.0,1.0,12926
stacked_high,2.0,q2_a0.8_and,70219,26.399999999999892,15.666666666666671,13.34866666666665,6.379666666666631,2.444368844511664,1.703096690972192,161,1.0,1.0,13723
stacked_high,2.0,q2_a0.8_and,70220,23.19999999999999,19.666666666666693,11.89866666666664,10.39166666666664,2.289413695572594,2.232367650525091,172,1.0,1.0,12831
stacked_high,2.0,q2_a0.8_and,70221,20.466666666666676,15.800000000000011,10.846666666666634,7.639666666666631,2.076579718738899,1.7929783682823612,165,1.0,1.0,12537
stacked_high,2.0,q2_a0.8_and,70222,19.06666666666667,16.26666666666671,9.838666666666631,7.447666666666634,1.98858317620764,1.9007157633898666,161,1.0,1.0,13112
stacked_high,2.0,q2_a0.8_and,70223,18.133333333333454,11.733333333333341,8.814666666666632,4.8946666666666285,1.9421929313224522,1.5612575665335353,147,1.0,1.0,13185
stacked_high,2.0,q2_a0.8_and,70224,30.46666666666674,17.866666666666667,13.83266666666664,8.781666666666633,2.49346857803406,1.8917166908466123,163,1.0,1.0,12413
stacked_high,2.0,q2_a0.8_and,70225,30.666666666666714,15.733333333333377,14.573666666666641,7.396666666666627,2.5435086936548315,1.8070089155089377,172,1.0,1.0,13103
stacked_high,2.0,q2_a0.8_and,70226,22.73333333333337,16.533333333333346,10.877666666666634,7.237666666666629,2.2606650862755373,1.7975946165570849,166,1.0,1.0,13425
stacked_high,2.0,q2_a0.8_and,70227,24.800000000000097,32.00000000000006,12.85166666666664,16.27566666666665,2.4313836586639814,2.9588551240967194,175,1.0,1.0,12221
stacked_high,2.0,q2_a0.8_and,70228,35.33333333333332,21.13333333333334,14.71966666666664,10.36966666666663,2.8322310617266,2.256311835736123,170,1.0,1.0,12170
stacked_high,2.0,q2_a0.8_and,70229,23.06666666666667,15.133333333333127,10.113666666666633,6.4506666666666295,2.124606231957855,1.819025908733665,163,1.0,1.0,13741
stacked_high,2.0,q2_a1.5_or,70200,31.800000000000033,18.73333333333337,14.20666666666664,8.26566666666663,2.4270765132078203,1.878273733273308,177,1.0,1.0,13237
stacked_high,2.0,q2_a1.5_or,70201,34.4,13.93333333333338,13.80766666666664,5.741666666666629,2.5841624019001967,1.655175036242596,180,1.0,1.0,13506
stacked_high,2.0,q2_a1.5_or,70202,26.800000000000054,12.066666666666713,13.107666666666637,5.582666666666626,2.3201223197023215,1.6335259334874004,177,1.0,1.0,13690
stacked_high,2.0,q2_a1.5_or,70203,28.466666666666555,19.600000000000065,12.894666666666645,9.367666666666636,2.2171130587027594,1.8997251300660178,174,1.0,1.0,12403
stacked_high,2.0,q2_a1.5_or,70204,29.266666666666673,18.6666666666667,14.28166666666664,9.266666666666632,2.4713622868581573,1.9455067433633433,177,1.0,1.0,12665
stacked_high,2.0,q2_a1.5_or,70205,22.599999999999767,19.26666666666668,11.640666666666641,8.440666666666635,2.218836097585609,1.89574783017038,177,1.0,1.0,13019
stacked_high,2.0,q2_a1.5_or,70206,22.733333333333377,17.200000000000003,11.740666666666636,7.410666666666634,2.1217789370449505,1.864948380819913,172,1.0,1.0,12787
stacked_high,2.0,q2_a1.5_or,70207,31.066666666666663,25.86666666666669,15.05366666666664,12.29866666666664,2.599646866755338,2.39513068325195,173,1.0,1.0,11699
stacked_high,2.0,q2_a1.5_or,70208,36.19999999999998,22.333333333333364,16.44166666666664,9.854666666666631,2.722667671762011,2.0532322026190055,177,1.0,1.0,12933
stacked_high,2.0,q2_a1.5_or,70209,22.866666666666696,15.13333333333334,11.141666666666627,6.230666666666624,2.173199013337257,1.7607707461281457,170,1.0,1.0,13486
stacked_high,2.0,q2_a1.5_or,70210,39.133333333333326,21.53333333333339,18.883666666666656,11.045666666666627,3.305860712287908,2.1270412187485728,177,1.0,1.0,12036
stacked_high,2.0,q2_a1.5_or,70211,34.66666666666666,16.53333333333339,14.204666666666641,8.986666666666633,2.438903573829082,1.8899882777782404,177,1.0,1.0,13366
stacked_high,2.0,q2_a1.5_or,70212,32.33333333333326,18.733333333333064,14.421666666666649,9.202666666666634,2.6202340147895096,2.007343639739543,177,1.0,1.0,12960
stacked_high,2.0,q2_a1.5_or,70213,25.53333333333334,16.06666666666672,12.923666666666639,7.580666666666631,2.3968738778571157,1.7957025609268842,177,1.0,1.0,13514
stacked_high,2.0,q2_a1.5_or,70214,26.066666666666684,15.199999999999733,12.474666666666636,6.442666666666632,2.2845382864162063,1.691747337064994,174,1.0,1.0,13497
stacked_high,2.0,q2_a1.5_or,70215,25.866666666666667,15.20000000000001,12.093666666666639,6.463666666666629,2.47231759765613,1.8322554720689745,173,1.0,1.0,13787
stacked_high,2.0,q2_a1.5_or,70216,23.80000000000002,15.39999999999975,11.859666666666639,7.635666666666634,2.031267113650578,1.7494063227881327,170,1.0,1.0,12869
stacked_high,2.0,q2_a1.5_or,70217,25.333333333333144,27.799999999999997,13.16766666666664,14.130666666666645,2.325097967783259,2.630684835979392,173,1.0,1.0,12473
stacked_high,2.0,q2_a1.5_or,70218,22.40000000000002,16.066666666666436,11.771666666666636,7.173666666666635,2.0925848377128005,1.8294101865711558,173,1.0,1.0,13055
stacked_high,2.0,q2_a1.5_or,70219,26.399999999999892,17.46666666666667,13.34866666666665,7.504666666666633,2.444368844511664,1.8031621457447746,177,1.0,1.0,13204
stacked_high,2.0,q2_a1.5_or,70220,23.19999999999999,18.4,11.89866666666664,9.453666666666638,2.289413695572594,2.1218856390550465,177,1.0,1.0,12247
stacked_high,2.0,q2_a1.5_or,70221,20.466666666666676,15.53333333333319,10.846666666666634,7.089666666666626,2.076579718738899,1.7104798979225821,177,1.0,1.0,13294
stacked_high,2.0,q2_a1.5_or,70222,19.06666666666667,15.20000000000006,9.838666666666631,7.233666666666633,1.98858317620764,1.829740846595805,173,1.0,1.0,12911
stacked_high,2.0,q2_a1.5_or,70223,18.133333333333454,14.199999999999818,8.814666666666632,5.504666666666631,1.9421929313224522,1.6298854062590362,176,1.0,1.0,13273
stacked_high,2.0,q2_a1.5_or,70224,30.46666666666674,17.866666666666667,13.83266666666664,8.781666666666633,2.49346857803406,1.8917166908466123,174,1.0,1.0,12413
stacked_high,2.0,q2_a1.5_or,70225,30.666666666666714,15.933333333333337,14.573666666666641,7.985666666666628,2.5435086936548315,1.8494560442992556,177,1.0,1.0,12713
stacked_high,2.0,q2_a1.5_or,70226,22.73333333333337,19.400000000000006,10.877666666666634,7.954666666666634,2.2606650862755373,1.8794235754416173,177,1.0,1.0,13381
stacked_high,2.0,q2_a1.5_or,70227,24.800000000000097,33.80000000000003,12.85166666666664,17.17666666666665,2.4313836586639814,3.023201573836406,177,1.0,1.0,11739
stacked_high,2.0,q2_a1.5_or,70228,35.33333333333332,22.200000000000024,14.71966666666664,9.79066666666663,2.8322310617266,2.170048129871842,177,1.0,1.0,12244
stacked_high,2.0,q2_a1.5_or,70229,23.06666666666667,15.133333333333127,10.113666666666633,6.4506666666666295,2.124606231957855,1.819025908733665,170,1.0,1.0,13741
stacked_high,2.0,q2_a1.5_and,70200,31.800000000000033,22.066666666666684,14.20666666666664,8.399666666666628,2.4270765132078203,1.8863847196505308,135,1.0,1.0,13252
stacked_high,2.0,q2_a1.5_and,70201,34.4,24.93333333333333,13.80766666666664,11.502666666666642,2.5841624019001967,2.4471377863622874,151,1.0,1.0,12240
stacked_high,2.0,q2_a1.5_and,70202,26.800000000000054,16.133333333333383,13.107666666666637,7.095666666666632,2.3201223197023215,1.829029102354312,147,1.0,1.0,12706
stacked_high,2.0,q2_a1.5_and,70203,28.466666666666555,26.46666666666669,12.894666666666645,11.803666666666645,2.2171130587027594,2.3563926252440477,127,1.0,1.0,11910
stacked_high,2.0,q2_a1.5_and,70204,29.266666666666673,21.200000000000045,14.28166666666664,10.148666666666635,2.4713622868581573,2.180164804922132,146,1.0,1.0,12082
stacked_high,2.0,q2_a1.5_and,70205,22.599999999999767,24.600000000000094,11.640666666666641,12.267666666666644,2.218836097585609,2.4283111660192565,146,1.0,1.0,11791
stacked_high,2.0,q2_a1.5_and,70206,22.733333333333377,20.733333333333377,11.740666666666636,10.908666666666639,2.1217789370449505,2.2634961233317994,146,1.0,1.0,12788
stacked_high,2.0,q2_a1.5_and,70207,31.066666666666663,26.733333333333434,15.05366666666664,12.023666666666642,2.599646866755338,2.598137317194366,148,1.0,1.0,12085
stacked_high,2.0,q2_a1.5_and,70208,36.19999999999998,25.533333333333367,16.44166666666664,10.750666666666637,2.722667671762011,2.312466806378555,143,1.0,1.0,12343
stacked_high,2.0,q2_a1.5_and,70209,22.866666666666696,21.80000000000002,11.141666666666627,8.551666666666632,2.173199013337257,2.0733974667311115,132,1.0,1.0,14207
stacked_high,2.0,q2_a1.5_and,70210,39.133333333333326,24.933333333333408,18.883666666666656,12.202666666666637,3.305860712287908,2.24745667710408,146,1.0,1.0,12107
stacked_high,2.0,q2_a1.5_and,70211,34.66666666666666,25.866666666666674,14.204666666666641,11.54866666666664,2.438903573829082,2.3938618839864745,148,1.0,1.0,12059
stacked_high,2.0,q2_a1.5_and,70212,32.33333333333326,16.333333333333364,14.421666666666649,8.05266666666663,2.6202340147895096,1.8562056492206482,147,1.0,1.0,12554
stacked_high,2.0,q2_a1.5_and,70213,25.53333333333334,24.26666666666668,12.923666666666639,11.64866666666664,2.3968738778571157,2.4792291004347233,148,1.0,1.0,12597
stacked_high,2.0,q2_a1.5_and,70214,26.066666666666684,23.266666666666694,12.474666666666636,10.580666666666641,2.2845382864162063,2.3424788621037695,146,1.0,1.0,12500
stacked_high,2.0,q2_a1.5_and,70215,25.866666666666667,15.26666666666668,12.093666666666639,6.565666666666631,2.47231759765613,1.765266516384169,140,1.0,1.0,14359
stacked_high,2.0,q2_a1.5_and,70216,23.80000000000002,23.86666666666668,11.859666666666639,11.086666666666636,2.031267113650578,2.236791355428443,148,1.0,1.0,12490
stacked_high,2.0,q2_a1.5_and,70217,25.333333333333144,23.266666666666666,13.16766666666664,11.635666666666639,2.325097967783259,2.3515899356171044,144,1.0,1.0,12100
stacked_high,2.0,q2_a1.5_and,70218,22.40000000000002,31.466666666666704,11.771666666666636,12.896666666666642,2.0925848377128005,2.612779035944091,145,1.0,1.0,12032
stacked_high,2.0,q2_a1.5_and,70219,26.399999999999892,21.266666666666694,13.34866666666665,10.536666666666639,2.444368844511664,2.268272435718451,146,1.0,1.0,12510
stacked_high,2.0,q2_a1.5_and,70220,23.19999999999999,25.60000000000003,11.89866666666664,11.403666666666643,2.289413695572594,2.5538428791013983,151,1.0,1.0,11856
stacked_high,2.0,q2_a1.5_and,70221,20.466666666666676,21.86666666666676,10.846666666666634,10.22266666666664,2.076579718738899,2.3427728268692674,143,1.0,1.0,12183
stacked_high,2.0,q2_a1.5_and,70222,19.06666666666667,19.20000000000003,9.838666666666631,9.782666666666639,1.98858317620764,2.1096905856403745,146,1.0,1.0,12532
stacked_high,2.0,q2_a1.5_and,70223,18.133333333333454,18.13333333333337,8.814666666666632,9.150666666666636,1.9421929313224522,2.1820731563357025,146,1.0,1.0,12299
stacked_high,2.0,q2_a1.5_and,70224,30.46666666666674,19.533333333333353,13.83266666666664,9.046666666666638,2.49346857803406,1.9466952838925584,141,1.0,1.0,12354
stacked_high,2.0,q2_a1.5_and,70225,30.666666666666714,14.000000000000007,14.573666666666641,6.693666666666627,2.5435086936548315,1.7182587856503335,146,1.0,1.0,13294
stacked_high,2.0,q2_a1.5_and,70226,22.73333333333337,15.333333333333343,10.877666666666634,7.074666666666631,2.2606650862755373,1.836769291428856,142,1.0,1.0,13668
stacked_high,2.0,q2_a1.5_and,70227,24.800000000000097,31.86666666666673,12.85166666666664,15.144666666666646,2.4313836586639814,2.7058931062490132,150,1.0,1.0,12005
stacked_high,2.0,q2_a1.5_and,70228,35.33333333333332,28.466666666666697,14.71966666666664,12.157666666666637,2.8322310617266,2.663097094004384,149,1.0,1.0,11624
stacked_high,2.0,q2_a1.5_and,70229,23.06666666666667,14.866666666666681,10.113666666666633,5.791666666666629,2.124606231957855,1.8227578110024023,146,1.0,1.0,14076
stacked_high,2.0,q4_a0.8_or,70200,31.800000000000033,24.466666666666704,14.20666666666664,12.632666666666642,2.4270765132078203,2.5098956066380356,179,1.0,1.0,12407
stacked_high,2.0,q4_a0.8_or,70201,34.4,14.333333333333343,13.80766666666664,6.482666666666631,2.5841624019001967,1.675573923749933,179,1.0,1.0,12738
stacked_high,2.0,q4_a0.8_or,70202,26.800000000000054,26.60000000000003,13.107666666666637,11.86466666666664,2.3201223197023215,2.461650364254931,179,1.0,1.0,12594
stacked_high,2.0,q4_a0.8_or,70203,28.466666666666555,24.19999999999976,12.894666666666645,9.921666666666638,2.2171130587027594,2.001581706837671,179,1.0,1.0,12954
stacked_high,2.0,q4_a0.8_or,70204,29.266666666666673,25.400000000000027,14.28166666666664,12.05866666666664,2.4713622868581573,2.223070609203436,179,1.0,1.0,12015
stacked_high,2.0,q4_a0.8_or,70205,22.599999999999767,15.000000000000014,11.640666666666641,7.47266666666663,2.218836097585609,1.80453064617222,179,1.0,1.0,13032
stacked_high,2.0,q4_a0.8_or,70206,22.733333333333377,14.800000000000054,11.740666666666636,6.159666666666631,2.1217789370449505,1.734232209868536,179,1.0,1.0,13330
stacked_high,2.0,q4_a0.8_or,70207,31.066666666666663,17.600000000000023,15.05366666666664,8.74066666666663,2.599646866755338,1.886294209515165,179,1.0,1.0,13292
stacked_high,2.0,q4_a0.8_or,70208,36.19999999999998,25.6666666666667,16.44166666666664,11.378666666666634,2.722667671762011,2.4325498660548446,179,1.0,1.0,12587
stacked_high,2.0,q4_a0.8_or,70209,22.866666666666696,15.933333333333337,11.141666666666627,6.69166666666663,2.173199013337257,1.8685855379510303,179,1.0,1.0,13051
stacked_high,2.0,q4_a0.8_or,70210,39.133333333333326,26.000000000000043,18.883666666666656,12.722666666666637,3.305860712287908,2.3765300171657286,179,1.0,1.0,12024
stacked_high,2.0,q4_a0.8_or,70211,34.66666666666666,18.26666666666668,14.204666666666641,9.295666666666637,2.438903573829082,2.0013449844903115,179,1.0,1.0,12684
stacked_high,2.0,q4_a0.8_or,70212,32.33333333333326,17.80000000000002,14.421666666666649,9.25266666666663,2.6202340147895096,1.9154553882734122,179,1.0,1.0,13315
stacked_high,2.0,q4_a0.8_or,70213,25.53333333333334,15.533333333333331,12.923666666666639,6.562666666666629,2.3968738778571157,1.6530005124174483,179,1.0,1.0,13470
stacked_high,2.0,q4_a0.8_or,70214,26.066666666666684,20.533333333333303,12.474666666666636,8.949666666666634,2.2845382864162063,1.9947217063772136,179,1.0,1.0,13574
stacked_high,2.0,q4_a0.8_or,70215,25.866666666666667,18.26666666666671,12.093666666666639,7.599666666666632,2.47231759765613,1.9404521230493301,179,1.0,1.0,13971
stacked_high,2.0,q4_a0.8_or,70216,23.80000000000002,15.333333333333336,11.859666666666639,6.854666666666628,2.031267113650578,1.6550554885381745,179,1.0,1.0,13199
stacked_high,2.0,q4_a0.8_or,70217,25.333333333333144,22.266666666666673,13.16766666666664,8.77566666666663,2.325097967783259,1.9956053946541124,179,1.0,1.0,13052
stacked_high,2.0,q4_a0.8_or,70218,22.40000000000002,19.53333333333336,11.771666666666636,9.430666666666639,2.0925848377128005,2.053121799238057,179,1.0,1.0,13030
stacked_high,2.0,q4_a0.8_or,70219,26.399999999999892,29.0,13.34866666666665,13.705666666666648,2.444368844511664,2.5451128810831056,179,1.0,1.0,12619
stacked_high,2.0,q4_a0.8_or,70220,23.19999999999999,17.199999999999996,11.89866666666664,7.883666666666631,2.289413695572594,1.883123424156067,179,1.0,1.0,12867
stacked_high,2.0,q4_a0.8_or,70221,20.466666666666676,21.800000000000026,10.846666666666634,9.360666666666633,2.076579718738899,2.0796562863185164,179,1.0,1.0,11768
stacked_high,2.0,q4_a0.8_or,70222,19.06666666666667,18.800000000000082,9.838666666666631,9.012666666666632,1.98858317620764,2.0783238991847246,179,1.0,1.0,12580
stacked_high,2.0,q4_a0.8_or,70223,18.133333333333454,21.933333333333394,8.814666666666632,8.836666666666638,1.9421929313224522,2.2289038242511814,179,1.0,1.0,12072
stacked_high,2.0,q4_a0.8_or,70224,30.46666666666674,21.13333333333341,13.83266666666664,9.387666666666634,2.49346857803406,1.9318578951174863,179,1.0,1.0,13248
stacked_high,2.0,q4_a0.8_or,70225,30.666666666666714,16.333333333333357,14.573666666666641,7.569666666666626,2.5435086936548315,1.7846006081624861,179,1.0,1.0,13587
stacked_high,2.0,q4_a0.8_or,70226,22.73333333333337,18.93333333333338,10.877666666666634,9.052666666666639,2.2606650862755373,2.1335207426675975,179,1.0,1.0,12797
stacked_high,2.0,q4_a0.8_or,70227,24.800000000000097,36.666666666666664,12.85166666666664,15.360666666666647,2.4313836586639814,2.949094625046103,179,1.0,1.0,11518
stacked_high,2.0,q4_a0.8_or,70228,35.33333333333332,26.53333333333333,14.71966666666664,12.262666666666634,2.8322310617266,2.6409874210513355,179,1.0,1.0,11403
stacked_high,2.0,q4_a0.8_or,70229,23.06666666666667,16.93333333333333,10.113666666666633,6.31666666666663,2.124606231957855,1.7607841374286306,179,1.0,1.0,13894
stacked_high,2.0,q4_a0.8_and,70200,31.800000000000033,17.333333333333172,14.20666666666664,7.64666666666663,2.4270765132078203,1.808698420936753,151,1.0,1.0,13340
stacked_high,2.0,q4_a0.8_and,70201,34.4,15.13333333333334,13.80766666666664,7.335666666666629,2.5841624019001967,1.746528380936265,156,1.0,1.0,13689
stacked_high,2.0,q4_a0.8_and,70202,26.800000000000054,13.266666666666339,13.107666666666637,6.0806666666666285,2.3201223197023215,1.706376140751386,139,1.0,1.0,13715
stacked_high,2.0,q4_a0.8_and,70203,28.466666666666555,17.666666666666693,12.894666666666645,8.312666666666633,2.2171130587027594,1.7726299839554642,154,1.0,1.0,12339
stacked_high,2.0,q4_a0.8_and,70204,29.266666666666673,22.46666666666669,14.28166666666664,9.380666666666631,2.4713622868581573,1.9360626759571504,158,1.0,1.0,11956
stacked_high,2.0,q4_a0.8_and,70205,22.599999999999767,19.73333333333335,11.640666666666641,9.029666666666635,2.218836097585609,1.9683640562880595,158,1.0,1.0,12524
stacked_high,2.0,q4_a0.8_and,70206,22.733333333333377,14.800000000000026,11.740666666666636,6.8066666666666285,2.1217789370449505,1.730628680916204,149,1.0,1.0,13053
stacked_high,2.0,q4_a0.8_and,70207,31.066666666666663,23.933333333333408,15.05366666666664,12.533666666666637,2.599646866755338,2.45377766417952,155,1.0,1.0,12089
stacked_high,2.0,q4_a0.8_and,70208,36.19999999999998,23.666666666666693,16.44166666666664,9.57466666666663,2.722667671762011,2.039335438661381,158,1.0,1.0,12364
stacked_high,2.0,q4_a0.8_and,70209,22.866666666666696,15.866666666666696,11.141666666666627,5.950666666666625,2.173199013337257,1.7497075100823432,119,1.0,1.0,14365
stacked_high,2.0,q4_a0.8_and,70210,39.133333333333326,22.66666666666667,18.883666666666656,10.56466666666663,3.305860712287908,2.069776003155814,159,1.0,1.0,12611
stacked_high,2.0,q4_a0.8_and,70211,34.66666666666666,17.533333333333346,14.204666666666641,8.815666666666635,2.438903573829082,1.9182075230070004,161,1.0,1.0,12032
stacked_high,2.0,q4_a0.8_and,70212,32.33333333333326,17.733333333333093,14.421666666666649,8.722666666666639,2.6202340147895096,2.120114769768593,152,1.0,1.0,13076
stacked_high,2.0,q4_a0.8_and,70213,25.53333333333334,16.066666666666663,12.923666666666639,7.255666666666633,2.3968738778571157,1.7557913488438979,149,1.0,1.0,13587
stacked_high,2.0,q4_a0.8_and,70214,26.066666666666684,18.066666666666713,12.474666666666636,7.503666666666637,2.2845382864162063,1.8082210673063772,145,1.0,1.0,13052
stacked_high,2.0,q4_a0.8_and,70215,25.866666666666667,15.933333333333344,12.093666666666639,6.955666666666629,2.47231759765613,1.8555116029393341,137,1.0,1.0,13771
stacked_high,2.0,q4_a0.8_and,70216,23.80000000000002,17.46666666666644,11.859666666666639,8.281666666666638,2.031267113650578,1.794647662478222,157,1.0,1.0,12915
stacked_high,2.0,q4_a0.8_and,70217,25.333333333333144,31.133333333333425,13.16766666666664,13.959666666666646,2.325097967783259,2.6203982061413638,156,1.0,1.0,12070
stacked_high,2.0,q4_a0.8_and,70218,22.40000000000002,15.333333333333385,11.771666666666636,6.960666666666632,2.0925848377128005,1.7320741568642648,145,1.0,1.0,12729
stacked_high,2.0,q4_a0.8_and,70219,26.399999999999892,15.866666666666688,13.34866666666665,6.157666666666632,2.444368844511664,1.6722224714627052,148,1.0,1.0,13044
stacked_high,2.0,q4_a0.8_and,70220,23.19999999999999,20.200000000000003,11.89866666666664,10.405666666666638,2.289413695572594,2.211858159005577,162,1.0,1.0,12489
stacked_high,2.0,q4_a0.8_and,70221,20.466666666666676,16.799999999999898,10.846666666666634,7.585666666666631,2.076579718738899,1.7731555155811503,152,1.0,1.0,12825
stacked_high,2.0,q4_a0.8_and,70222,19.06666666666667,15.000000000000043,9.838666666666631,7.039666666666632,1.98858317620764,1.7971000941751918,156,1.0,1.0,13713
stacked_high,2.0,q4_a0.8_and,70223,18.133333333333454,14.466666666666676,8.814666666666632,5.53966666666663,1.9421929313224522,1.6445879401357246,136,1.0,1.0,12776
stacked_high,2.0,q4_a0.8_and,70224,30.46666666666674,16.73333333333337,13.83266666666664,7.60466666666663,2.49346857803406,1.8396696246834576,152,1.0,1.0,12185
stacked_high,2.0,q4_a0.8_and,70225,30.666666666666714,14.600000000000009,14.573666666666641,7.728666666666627,2.5435086936548315,1.8598656748345714,161,1.0,1.0,13023
stacked_high,2.0,q4_a0.8_and,70226,22.73333333333337,15.333333333333343,10.877666666666634,7.399666666666629,2.2606650862755373,1.800240393856174,151,1.0,1.0,13291
stacked_high,2.0,q4_a0.8_and,70227,24.800000000000097,36.400000000000105,12.85166666666664,16.245666666666647,2.4313836586639814,3.0262503300589625,159,1.0,1.0,13031
stacked_high,2.0,q4_a0.8_and,70228,35.33333333333332,24.133333333333333,14.71966666666664,11.243666666666636,2.8322310617266,2.3749495254430335,158,1.0,1.0,12132
stacked_high,2.0,q4_a0.8_and,70229,23.06666666666667,13.93333333333338,10.113666666666633,5.607666666666628,2.124606231957855,1.7775304419251734,135,1.0,1.0,12986
stacked_high,2.0,q4_a1.5_or,70200,31.800000000000033,16.33333333333335,14.20666666666664,7.59866666666663,2.4270765132078203,1.8059293321531666,162,1.0,1.0,13438
stacked_high,2.0,q4_a1.5_or,70201,34.4,15.13333333333334,13.80766666666664,7.335666666666629,2.5841624019001967,1.746528380936265,161,1.0,1.0,13689
stacked_high,2.0,q4_a1.5_or,70202,26.800000000000054,13.266666666666339,13.107666666666637,6.100666666666629,2.3201223197023215,1.7037978163144296,163,1.0,1.0,13728
stacked_high,2.0,q4_a1.5_or,70203,28.466666666666555,17.666666666666693,12.894666666666645,8.312666666666633,2.2171130587027594,1.7726299839554642,164,1.0,1.0,12339
stacked_high,2.0,q4_a1.5_or,70204,29.266666666666673,22.46666666666669,14.28166666666664,9.380666666666631,2.4713622868581573,1.9360626759571504,164,1.0,1.0,11956
stacked_high,2.0,q4_a1.5_or,70205,22.599999999999767,19.73333333333335,11.640666666666641,9.029666666666635,2.218836097585609,1.9683640562880595,164,1.0,1.0,12524
stacked_high,2.0,q4_a1.5_or,70206,22.733333333333377,14.800000000000026,11.740666666666636,6.8066666666666285,2.1217789370449505,1.730628680916204,164,1.0,1.0,13053
stacked_high,2.0,q4_a1.5_or,70207,31.066666666666663,22.80000000000004,15.05366666666664,12.321666666666635,2.599646866755338,2.429588157751199,163,1.0,1.0,12184
stacked_high,2.0,q4_a1.5_or,70208,36.19999999999998,23.666666666666693,16.44166666666664,9.57466666666663,2.722667671762011,2.039335438661381,161,1.0,1.0,12364
stacked_high,2.0,q4_a1.5_or,70209,22.866666666666696,15.866666666666696,11.141666666666627,6.315666666666627,2.173199013337257,1.7810298559639088,160,1.0,1.0,14479
stacked_high,2.0,q4_a1.5_or,70210,39.133333333333326,22.66666666666667,18.883666666666656,10.56466666666663,3.305860712287908,2.069776003155814,164,1.0,1.0,12611
stacked_high,2.0,q4_a1.5_or,70211,34.66666666666666,17.533333333333346,14.204666666666641,8.815666666666635,2.438903573829082,1.9182075230070004,164,1.0,1.0,12032
stacked_high,2.0,q4_a1.5_or,70212,32.33333333333326,17.600000000000044,14.421666666666649,8.88166666666664,2.6202340147895096,2.134278960573422,162,1.0,1.0,12625
stacked_high,2.0,q4_a1.5_or,70213,25.53333333333334,15.266666666666666,12.923666666666639,6.657666666666632,2.3968738778571157,1.6964274501927037,164,1.0,1.0,13171
stacked_high,2.0,q4_a1.5_or,70214,26.066666666666684,18.799999999999997,12.474666666666636,7.642666666666631,2.2845382864162063,1.8194632812407463,162,1.0,1.0,13675
stacked_high,2.0,q4_a1.5_or,70215,25.866666666666667,15.400000000000027,12.093666666666639,6.734666666666626,2.47231759765613,1.7882362271418832,163,1.0,1.0,13350
stacked_high,2.0,q4_a1.5_or,70216,23.80000000000002,17.46666666666644,11.859666666666639,8.281666666666638,2.031267113650578,1.794647662478222,164,1.0,1.0,12915
stacked_high,2.0,q4_a1.5_or,70217,25.333333333333144,31.133333333333425,13.16766666666664,13.964666666666647,2.325097967783259,2.632849469081323,163,1.0,1.0,12019
stacked_high,2.0,q4_a1.5_or,70218,22.40000000000002,15.066666666666677,11.771666666666636,7.233666666666631,2.0925848377128005,1.777564134999886,159,1.0,1.0,12856
stacked_high,2.0,q4_a1.5_or,70219,26.399999999999892,15.866666666666688,13.34866666666665,6.157666666666632,2.444368844511664,1.6722224714627052,164,1.0,1.0,13044
stacked_high,2.0,q4_a1.5_or,70220,23.19999999999999,20.200000000000003,11.89866666666664,10.405666666666638,2.289413695572594,2.211858159005577,164,1.0,1.0,12489
stacked_high,2.0,q4_a1.5_or,70221,20.466666666666676,16.799999999999898,10.846666666666634,7.585666666666631,2.076579718738899,1.7731555155811503,164,1.0,1.0,12825
stacked_high,2.0,q4_a1.5_or,70222,19.06666666666667,15.000000000000043,9.838666666666631,7.039666666666632,1.98858317620764,1.7971000941751918,161,1.0,1.0,13713
stacked_high,2.0,q4_a1.5_or,70223,18.133333333333454,14.733333333333327,8.814666666666632,5.494666666666629,1.9421929313224522,1.6467399989081697,162,1.0,1.0,12683
stacked_high,2.0,q4_a1.5_or,70224,30.46666666666674,16.73333333333337,13.83266666666664,7.60466666666663,2.49346857803406,1.8396696246834576,161,1.0,1.0,12185
stacked_high,2.0,q4_a1.5_or,70225,30.666666666666714,14.600000000000009,14.573666666666641,7.728666666666627,2.5435086936548315,1.8598656748345714,164,1.0,1.0,13023
stacked_high,2.0,q4_a1.5_or,70226,22.73333333333337,15.333333333333343,10.877666666666634,7.399666666666629,2.2606650862755373,1.800240393856174,164,1.0,1.0,13291
stacked_high,2.0,q4_a1.5_or,70227,24.800000000000097,36.400000000000105,12.85166666666664,16.245666666666647,2.4313836586639814,3.0262503300589625,164,1.0,1.0,13031
stacked_high,2.0,q4_a1.5_or,70228,35.33333333333332,24.133333333333333,14.71966666666664,11.243666666666636,2.8322310617266,2.3749495254430335,164,1.0,1.0,12132
stacked_high,2.0,q4_a1.5_or,70229,23.06666666666667,13.93333333333338,10.113666666666633,5.7806666666666295,2.124606231957855,1.784852686806553,159,1.0,1.0,13368
stacked_high,2.0,q4_a1.5_and,70200,31.800000000000033,22.066666666666684,14.20666666666664,8.399666666666628,2.4270765132078203,1.8863847196505308,135,1.0,1.0,13252
stacked_high,2.0,q4_a1.5_and,70201,34.4,24.93333333333333,13.80766666666664,11.502666666666642,2.5841624019001967,2.4471377863622874,148,1.0,1.0,12240
stacked_high,2.0,q4_a1.5_and,70202,26.800000000000054,16.133333333333383,13.107666666666637,7.098666666666632,2.3201223197023215,1.830596629926558,144,1.0,1.0,12742
stacked_high,2.0,q4_a1.5_and,70203,28.466666666666555,26.46666666666669,12.894666666666645,11.803666666666645,2.2171130587027594,2.3563926252440477,127,1.0,1.0,11910
stacked_high,2.0,q4_a1.5_and,70204,29.266666666666673,21.200000000000045,14.28166666666664,10.148666666666635,2.4713622868581573,2.180164804922132,146,1.0,1.0,12082
stacked_high,2.0,q4_a1.5_and,70205,22.599999999999767,24.600000000000094,11.640666666666641,12.267666666666644,2.218836097585609,2.4283111660192565,146,1.0,1.0,11791
stacked_high,2.0,q4_a1.5_and,70206,22.733333333333377,20.733333333333377,11.740666666666636,10.908666666666639,2.1217789370449505,2.2634961233317994,146,1.0,1.0,12788
stacked_high,2.0,q4_a1.5_and,70207,31.066666666666663,26.733333333333434,15.05366666666664,12.023666666666642,2.599646866755338,2.598137317194366,145,1.0,1.0,12085
stacked_high,2.0,q4_a1.5_and,70208,36.19999999999998,22.000000000000043,16.44166666666664,10.456666666666639,2.722667671762011,2.2875237733691933,131,1.0,1.0,12510
stacked_high,2.0,q4_a1.5_and,70209,22.866666666666696,21.80000000000002,11.141666666666627,8.551666666666632,2.173199013337257,2.0733974667311115,132,1.0,1.0,14207
stacked_high,2.0,q4_a1.5_and,70210,39.133333333333326,24.933333333333408,18.883666666666656,12.202666666666637,3.305860712287908,2.24745667710408,146,1.0,1.0,12107
stacked_high,2.0,q4_a1.5_and,70211,34.66666666666666,25.866666666666674,14.204666666666641,11.54866666666664,2.438903573829082,2.3938618839864745,145,1.0,1.0,12059
stacked_high,2.0,q4_a1.5_and,70212,32.33333333333326,16.333333333333364,14.421666666666649,8.05266666666663,2.6202340147895096,1.8562056492206482,147,1.0,1.0,12554
stacked_high,2.0,q4_a1.5_and,70213,25.53333333333334,24.26666666666668,12.923666666666639,11.64866666666664,2.3968738778571157,2.4792291004347233,148,1.0,1.0,12597
stacked_high,2.0,q4_a1.5_and,70214,26.066666666666684,23.266666666666694,12.474666666666636,10.580666666666641,2.2845382864162063,2.3424788621037695,138,1.0,1.0,12500
stacked_high,2.0,q4_a1.5_and,70215,25.866666666666667,15.26666666666668,12.093666666666639,6.58866666666663,2.47231759765613,1.7615930487006823,137,1.0,1.0,14642
stacked_high,2.0,q4_a1.5_and,70216,23.80000000000002,23.86666666666668,11.859666666666639,11.086666666666636,2.031267113650578,2.236791355428443,146,1.0,1.0,12490
stacked_high,2.0,q4_a1.5_and,70217,25.333333333333144,23.266666666666666,13.16766666666664,11.635666666666639,2.325097967783259,2.3528259772023308,141,1.0,1.0,12300
stacked_high,2.0,q4_a1.5_and,70218,22.40000000000002,31.466666666666704,11.771666666666636,12.896666666666642,2.0925848377128005,2.612779035944091,145,1.0,1.0,12032
stacked_high,2.0,q4_a1.5_and,70219,26.399999999999892,21.266666666666694,13.34866666666665,10.536666666666639,2.444368844511664,2.268272435718451,145,1.0,1.0,12510
stacked_high,2.0,q4_a1.5_and,70220,23.19999999999999,25.60000000000003,11.89866666666664,11.403666666666643,2.289413695572594,2.5538428791013983,146,1.0,1.0,11856
stacked_high,2.0,q4_a1.5_and,70221,20.466666666666676,23.66666666666668,10.846666666666634,10.580666666666637,2.076579718738899,2.318115574578065,134,1.0,1.0,12356
stacked_high,2.0,q4_a1.5_and,70222,19.06666666666667,19.20000000000003,9.838666666666631,9.782666666666639,1.98858317620764,2.1096905856403745,142,1.0,1.0,12532
stacked_high,2.0,q4_a1.5_and,70223,18.133333333333454,18.13333333333337,8.814666666666632,9.150666666666636,1.9421929313224522,2.1820731563357025,146,1.0,1.0,12299
stacked_high,2.0,q4_a1.5_and,70224,30.46666666666674,19.533333333333353,13.83266666666664,9.046666666666638,2.49346857803406,1.9466952838925584,141,1.0,1.0,12354
stacked_high,2.0,q4_a1.5_and,70225,30.666666666666714,14.000000000000007,14.573666666666641,6.693666666666627,2.5435086936548315,1.7182587856503335,138,1.0,1.0,13294
stacked_high,2.0,q4_a1.5_and,70226,22.73333333333337,15.333333333333343,10.877666666666634,7.074666666666631,2.2606650862755373,1.836769291428856,138,1.0,1.0,13668
stacked_high,2.0,q4_a1.5_and,70227,24.800000000000097,31.86666666666673,12.85166666666664,15.144666666666646,2.4313836586639814,2.7058931062490132,147,1.0,1.0,12005
stacked_high,2.0,q4_a1.5_and,70228,35.33333333333332,28.466666666666697,14.71966666666664,12.157666666666637,2.8322310617266,2.663097094004384,142,1.0,1.0,11624
stacked_high,2.0,q4_a1.5_and,70229,23.06666666666667,14.866666666666681,10.113666666666633,5.791666666666629,2.124606231957855,1.8227578110024023,139,1.0,1.0,14076
stacked_high,2.0,q8_a0.8_or,70200,31.800000000000033,24.466666666666704,14.20666666666664,12.632666666666642,2.4270765132078203,2.5098956066380356,179,1.0,1.0,12407
stacked_high,2.0,q8_a0.8_or,70201,34.4,14.333333333333343,13.80766666666664,6.482666666666631,2.5841624019001967,1.675573923749933,179,1.0,1.0,12738
stacked_high,2.0,q8_a0.8_or,70202,26.800000000000054,26.60000000000003,13.107666666666637,11.86466666666664,2.3201223197023215,2.461650364254931,179,1.0,1.0,12594
stacked_high,2.0,q8_a0.8_or,70203,28.466666666666555,24.19999999999976,12.894666666666645,9.921666666666638,2.2171130587027594,2.001581706837671,179,1.0,1.0,12954
stacked_high,2.0,q8_a0.8_or,70204,29.266666666666673,25.400000000000027,14.28166666666664,12.05866666666664,2.4713622868581573,2.223070609203436,179,1.0,1.0,12015
stacked_high,2.0,q8_a0.8_or,70205,22.599999999999767,15.000000000000014,11.640666666666641,7.47266666666663,2.218836097585609,1.80453064617222,179,1.0,1.0,13032
stacked_high,2.0,q8_a0.8_or,70206,22.733333333333377,14.800000000000054,11.740666666666636,6.159666666666631,2.1217789370449505,1.734232209868536,179,1.0,1.0,13330
stacked_high,2.0,q8_a0.8_or,70207,31.066666666666663,17.600000000000023,15.05366666666664,8.74066666666663,2.599646866755338,1.886294209515165,179,1.0,1.0,13292
stacked_high,2.0,q8_a0.8_or,70208,36.19999999999998,25.6666666666667,16.44166666666664,11.378666666666634,2.722667671762011,2.4325498660548446,179,1.0,1.0,12587
stacked_high,2.0,q8_a0.8_or,70209,22.866666666666696,15.933333333333337,11.141666666666627,6.69166666666663,2.173199013337257,1.8685855379510303,179,1.0,1.0,13051
stacked_high,2.0,q8_a0.8_or,70210,39.133333333333326,26.000000000000043,18.883666666666656,12.722666666666637,3.305860712287908,2.3765300171657286,179,1.0,1.0,12024
stacked_high,2.0,q8_a0.8_or,70211,34.66666666666666,18.26666666666668,14.204666666666641,9.295666666666637,2.438903573829082,2.0013449844903115,179,1.0,1.0,12684
stacked_high,2.0,q8_a0.8_or,70212,32.33333333333326,17.80000000000002,14.421666666666649,9.25266666666663,2.6202340147895096,1.9154553882734122,179,1.0,1.0,13315
stacked_high,2.0,q8_a0.8_or,70213,25.53333333333334,15.533333333333331,12.923666666666639,6.562666666666629,2.3968738778571157,1.6530005124174483,179,1.0,1.0,13470
stacked_high,2.0,q8_a0.8_or,70214,26.066666666666684,20.533333333333303,12.474666666666636,8.949666666666634,2.2845382864162063,1.9947217063772136,179,1.0,1.0,13574
stacked_high,2.0,q8_a0.8_or,70215,25.866666666666667,18.26666666666671,12.093666666666639,7.599666666666632,2.47231759765613,1.9404521230493301,179,1.0,1.0,13971
stacked_high,2.0,q8_a0.8_or,70216,23.80000000000002,15.333333333333336,11.859666666666639,6.854666666666628,2.031267113650578,1.6550554885381745,179,1.0,1.0,13199
stacked_high,2.0,q8_a0.8_or,70217,25.333333333333144,22.266666666666673,13.16766666666664,8.77566666666663,2.325097967783259,1.9956053946541124,179,1.0,1.0,13052
stacked_high,2.0,q8_a0.8_or,70218,22.40000000000002,19.53333333333336,11.771666666666636,9.430666666666639,2.0925848377128005,2.053121799238057,179,1.0,1.0,13030
stacked_high,2.0,q8_a0.8_or,70219,26.399999999999892,29.0,13.34866666666665,13.705666666666648,2.444368844511664,2.5451128810831056,179,1.0,1.0,12619
stacked_high,2.0,q8_a0.8_or,70220,23.19999999999999,17.199999999999996,11.89866666666664,7.883666666666631,2.289413695572594,1.883123424156067,179,1.0,1.0,12867
stacked_high,2.0,q8_a0.8_or,70221,20.466666666666676,21.800000000000026,10.846666666666634,9.360666666666633,2.076579718738899,2.0796562863185164,179,1.0,1.0,11768
stacked_high,2.0,q8_a0.8_or,70222,19.06666666666667,18.800000000000082,9.838666666666631,9.012666666666632,1.98858317620764,2.0783238991847246,179,1.0,1.0,12580
stacked_high,2.0,q8_a0.8_or,70223,18.133333333333454,21.933333333333394,8.814666666666632,8.836666666666638,1.9421929313224522,2.2289038242511814,179,1.0,1.0,12072
stacked_high,2.0,q8_a0.8_or,70224,30.46666666666674,21.13333333333341,13.83266666666664,9.387666666666634,2.49346857803406,1.9318578951174863,179,1.0,1.0,13248
stacked_high,2.0,q8_a0.8_or,70225,30.666666666666714,16.333333333333357,14.573666666666641,7.569666666666626,2.5435086936548315,1.7846006081624861,179,1.0,1.0,13587
stacked_high,2.0,q8_a0.8_or,70226,22.73333333333337,18.93333333333338,10.877666666666634,9.052666666666639,2.2606650862755373,2.1335207426675975,179,1.0,1.0,12797
stacked_high,2.0,q8_a0.8_or,70227,24.800000000000097,36.666666666666664,12.85166666666664,15.360666666666647,2.4313836586639814,2.949094625046103,179,1.0,1.0,11518
stacked_high,2.0,q8_a0.8_or,70228,35.33333333333332,26.53333333333333,14.71966666666664,12.262666666666634,2.8322310617266,2.6409874210513355,179,1.0,1.0,11403
stacked_high,2.0,q8_a0.8_or,70229,23.06666666666667,16.93333333333333,10.113666666666633,6.31666666666663,2.124606231957855,1.7607841374286306,179,1.0,1.0,13894
stacked_high,2.0,q8_a0.8_and,70200,31.800000000000033,18.666666666666664,14.20666666666664,8.55166666666663,2.4270765132078203,1.9310308778792264,131,1.0,1.0,12627
stacked_high,2.0,q8_a0.8_and,70201,34.4,21.599999999999795,13.80766666666664,9.733666666666632,2.5841624019001967,2.1592608727189955,111,1.0,1.0,12016
stacked_high,2.0,q8_a0.8_and,70202,26.800000000000054,20.66666666666668,13.107666666666637,9.420666666666634,2.3201223197023215,1.973469206721002,127,1.0,1.0,13387
stacked_high,2.0,q8_a0.8_and,70203,28.466666666666555,40.266666666666694,12.894666666666645,17.02666666666665,2.2171130587027594,3.0068960470104598,127,1.0,1.0,11919
stacked_high,2.0,q8_a0.8_and,70204,29.266666666666673,20.200000000000003,14.28166666666664,9.61966666666663,2.4713622868581573,1.9387691943565974,131,1.0,1.0,12911
stacked_high,2.0,q8_a0.8_and,70205,22.599999999999767,20.06666666666672,11.640666666666641,9.828666666666633,2.218836097585609,2.0926748857593056,124,1.0,1.0,12429
stacked_high,2.0,q8_a0.8_and,70206,22.733333333333377,22.000000000000036,11.740666666666636,11.061666666666637,2.1217789370449505,2.23298228989913,127,1.0,1.0,12144
stacked_high,2.0,q8_a0.8_and,70207,31.066666666666663,24.99999999999983,15.05366666666664,12.412666666666642,2.599646866755338,2.4386633010974577,111,1.0,1.0,11896
stacked_high,2.0,q8_a0.8_and,70208,36.19999999999998,21.46666666666667,16.44166666666664,10.376666666666633,2.722667671762011,2.217124316957198,111,1.0,1.0,12648
stacked_high,2.0,q8_a0.8_and,70209,22.866666666666696,18.53333333333333,11.141666666666627,8.573666666666629,2.173199013337257,2.0297243046510203,113,1.0,1.0,12613
stacked_high,2.0,q8_a0.8_and,70210,39.133333333333326,29.4,18.883666666666656,13.982666666666645,3.305860712287908,2.6797045779668367,120,1.0,1.0,12059
stacked_high,2.0,q8_a0.8_and,70211,34.66666666666666,35.599999999999966,14.204666666666641,15.647666666666655,2.438903573829082,3.016809243020124,108,1.0,1.0,11593
stacked_high,2.0,q8_a0.8_and,70212,32.33333333333326,18.533333333333346,14.421666666666649,8.808666666666635,2.6202340147895096,1.905017516192852,131,1.0,1.0,12529
stacked_high,2.0,q8_a0.8_and,70213,25.53333333333334,21.600000000000065,12.923666666666639,11.17466666666664,2.3968738778571157,2.258518786867466,135,1.0,1.0,12383
stacked_high,2.0,q8_a0.8_and,70214,26.066666666666684,22.800000000000004,12.474666666666636,9.956666666666635,2.2845382864162063,2.1325814979485327,131,1.0,1.0,13725
stacked_high,2.0,q8_a0.8_and,70215,25.866666666666667,15.133333333333375,12.093666666666639,6.435666666666629,2.47231759765613,1.7960934270714126,87,1.0,1.0,14180
stacked_high,2.0,q8_a0.8_and,70216,23.80000000000002,20.933333333333422,11.859666666666639,10.520666666666637,2.031267113650578,2.0622182369265856,113,1.0,1.0,12425
stacked_high,2.0,q8_a0.8_and,70217,25.333333333333144,22.866666666666504,13.16766666666664,11.089666666666638,2.325097967783259,2.2736996327043535,106,1.0,1.0,12493
stacked_high,2.0,q8_a0.8_and,70218,22.40000000000002,23.133333333333184,11.771666666666636,11.01566666666664,2.0925848377128005,2.184319624474966,127,1.0,1.0,12365
stacked_high,2.0,q8_a0.8_and,70219,26.399999999999892,26.533333333333445,13.34866666666665,11.746666666666645,2.444368844511664,2.5097065139659342,119,1.0,1.0,11965
stacked_high,2.0,q8_a0.8_and,70220,23.19999999999999,16.333333333333087,11.89866666666664,8.724666666666636,2.289413695572594,2.0004397811251002,116,1.0,1.0,12040
stacked_high,2.0,q8_a0.8_and,70221,20.466666666666676,26.200000000000017,10.846666666666634,12.82766666666664,2.076579718738899,2.5854717498545665,131,1.0,1.0,11712
stacked_high,2.0,q8_a0.8_and,70222,19.06666666666667,18.933333333333366,9.838666666666631,9.681666666666636,1.98858317620764,2.1282809979358515,113,1.0,1.0,12467
stacked_high,2.0,q8_a0.8_and,70223,18.133333333333454,20.666666666666714,8.814666666666632,9.389666666666638,1.9421929313224522,2.174411635789358,116,1.0,1.0,12316
stacked_high,2.0,q8_a0.8_and,70224,30.46666666666674,15.666666666666686,13.83266666666664,7.698666666666629,2.49346857803406,1.766040707576859,120,1.0,1.0,12413
stacked_high,2.0,q8_a0.8_and,70225,30.666666666666714,18.266666666666737,14.573666666666641,8.551666666666627,2.5435086936548315,1.9939229794571551,123,1.0,1.0,12368
stacked_high,2.0,q8_a0.8_and,70226,22.73333333333337,21.333333333333343,10.877666666666634,9.892666666666635,2.2606650862755373,2.2122457506018414,97,1.0,1.0,11889
stacked_high,2.0,q8_a0.8_and,70227,24.800000000000097,25.133333333333326,12.85166666666664,12.180666666666639,2.4313836586639814,2.3076223136062595,115,1.0,1.0,12269
stacked_high,2.0,q8_a0.8_and,70228,35.33333333333332,29.400000000000034,14.71966666666664,14.189666666666643,2.8322310617266,2.7683198663202706,128,1.0,1.0,11896
stacked_high,2.0,q8_a0.8_and,70229,23.06666666666667,19.13333333333336,10.113666666666633,8.09666666666663,2.124606231957855,2.0676583502458357,98,1.0,1.0,13253
stacked_high,2.0,q8_a1.5_or,70200,31.800000000000033,22.066666666666684,14.20666666666664,8.298666666666628,2.4270765132078203,1.8987189824952069,151,1.0,1.0,12701
stacked_high,2.0,q8_a1.5_or,70201,34.4,24.93333333333333,13.80766666666664,11.502666666666642,2.5841624019001967,2.4471377863622874,151,1.0,1.0,12240
stacked_high,2.0,q8_a1.5_or,70202,26.800000000000054,16.133333333333383,13.107666666666637,7.095666666666632,2.3201223197023215,1.829029102354312,151,1.0,1.0,12706
stacked_high,2.0,q8_a1.5_or,70203,28.466666666666555,25.533333333333353,12.894666666666645,12.160666666666646,2.2171130587027594,2.3453335734604046,151,1.0,1.0,11634
stacked_high,2.0,q8_a1.5_or,70204,29.266666666666673,21.200000000000045,14.28166666666664,10.148666666666635,2.4713622868581573,2.180164804922132,151,1.0,1.0,12082
stacked_high,2.0,q8_a1.5_or,70205,22.599999999999767,24.600000000000094,11.640666666666641,12.267666666666644,2.218836097585609,2.4283111660192565,151,1.0,1.0,11791
stacked_high,2.0,q8_a1.5_or,70206,22.733333333333377,20.733333333333377,11.740666666666636,10.908666666666639,2.1217789370449505,2.2634961233317994,151,1.0,1.0,12788
stacked_high,2.0,q8_a1.5_or,70207,31.066666666666663,26.733333333333434,15.05366666666664,12.023666666666642,2.599646866755338,2.598137317194366,151,1.0,1.0,12085
stacked_high,2.0,q8_a1.5_or,70208,36.19999999999998,25.533333333333367,16.44166666666664,10.750666666666637,2.722667671762011,2.312466806378555,151,1.0,1.0,12343
stacked_high,2.0,q8_a1.5_or,70209,22.866666666666696,21.80000000000002,11.141666666666627,8.499666666666633,2.173199013337257,2.0848776443799317,151,1.0,1.0,14177
stacked_high,2.0,q8_a1.5_or,70210,39.133333333333326,24.933333333333408,18.883666666666656,12.202666666666637,3.305860712287908,2.24745667710408,151,1.0,1.0,12107
stacked_high,2.0,q8_a1.5_or,70211,34.66666666666666,25.866666666666674,14.204666666666641,11.54866666666664,2.438903573829082,2.3938618839864745,151,1.0,1.0,12059
stacked_high,2.0,q8_a1.5_or,70212,32.33333333333326,16.333333333333364,14.421666666666649,8.05266666666663,2.6202340147895096,1.8562056492206482,151,1.0,1.0,12554
stacked_high,2.0,q8_a1.5_or,70213,25.53333333333334,24.26666666666668,12.923666666666639,11.64866666666664,2.3968738778571157,2.4792291004347233,151,1.0,1.0,12597
stacked_high,2.0,q8_a1.5_or,70214,26.066666666666684,23.266666666666694,12.474666666666636,10.580666666666641,2.2845382864162063,2.3424788621037695,151,1.0,1.0,12500
stacked_high,2.0,q8_a1.5_or,70215,25.866666666666667,15.26666666666668,12.093666666666639,6.565666666666631,2.47231759765613,1.765266516384169,151,1.0,1.0,14359
stacked_high,2.0,q8_a1.5_or,70216,23.80000000000002,23.86666666666668,11.859666666666639,11.086666666666636,2.031267113650578,2.236791355428443,151,1.0,1.0,12490
stacked_high,2.0,q8_a1.5_or,70217,25.333333333333144,23.266666666666666,13.16766666666664,11.635666666666639,2.325097967783259,2.353136285643889,151,1.0,1.0,12332
stacked_high,2.0,q8_a1.5_or,70218,22.40000000000002,31.466666666666704,11.771666666666636,12.896666666666642,2.0925848377128005,2.612779035944091,151,1.0,1.0,12032
stacked_high,2.0,q8_a1.5_or,70219,26.399999999999892,21.266666666666694,13.34866666666665,10.536666666666639,2.444368844511664,2.268272435718451,151,1.0,1.0,12510
stacked_high,2.0,q8_a1.5_or,70220,23.19999999999999,25.60000000000003,11.89866666666664,11.403666666666643,2.289413695572594,2.5538428791013983,151,1.0,1.0,11856
stacked_high,2.0,q8_a1.5_or,70221,20.466666666666676,21.86666666666676,10.846666666666634,10.22266666666664,2.076579718738899,2.3427728268692674,151,1.0,1.0,12183
stacked_high,2.0,q8_a1.5_or,70222,19.06666666666667,19.20000000000003,9.838666666666631,9.782666666666639,1.98858317620764,2.1096905856403745,151,1.0,1.0,12532
stacked_high,2.0,q8_a1.5_or,70223,18.133333333333454,18.13333333333337,8.814666666666632,9.150666666666636,1.9421929313224522,2.1820731563357025,151,1.0,1.0,12299
stacked_high,2.0,q8_a1.5_or,70224,30.46666666666674,19.533333333333353,13.83266666666664,9.046666666666638,2.49346857803406,1.9466952838925584,151,1.0,1.0,12354
stacked_high,2.0,q8_a1.5_or,70225,30.666666666666714,14.000000000000007,14.573666666666641,6.693666666666627,2.5435086936548315,1.7182587856503335,151,1.0,1.0,13294
stacked_high,2.0,q8_a1.5_or,70226,22.73333333333337,15.333333333333343,10.877666666666634,7.074666666666631,2.2606650862755373,1.836769291428856,151,1.0,1.0,13668
stacked_high,2.0,q8_a1.5_or,70227,24.800000000000097,31.86666666666673,12.85166666666664,15.144666666666646,2.4313836586639814,2.7058931062490132,151,1.0,1.0,12005
stacked_high,2.0,q8_a1.5_or,70228,35.33333333333332,28.466666666666697,14.71966666666664,12.157666666666637,2.8322310617266,2.663097094004384,151,1.0,1.0,11624
stacked_high,2.0,q8_a1.5_or,70229,23.06666666666667,14.866666666666681,10.113666666666633,5.957666666666631,2.124606231957855,1.8389077763349482,151,1.0,1.0,13875
stacked_high,2.0,q8_a1.5_and,70200,31.800000000000033,18.666666666666664,14.20666666666664,8.55166666666663,2.4270765132078203,1.9310308778792264,131,1.0,1.0,12627
stacked_high,2.0,q8_a1.5_and,70201,34.4,21.599999999999795,13.80766666666664,9.733666666666632,2.5841624019001967,2.1592608727189955,111,1.0,1.0,12016
stacked_high,2.0,q8_a1.5_and,70202,26.800000000000054,20.66666666666668,13.107666666666637,9.420666666666634,2.3201223197023215,1.973469206721002,127,1.0,1.0,13387
stacked_high,2.0,q8_a1.5_and,70203,28.466666666666555,40.266666666666694,12.894666666666645,17.02666666666665,2.2171130587027594,3.0068960470104598,127,1.0,1.0,11919
stacked_high,2.0,q8_a1.5_and,70204,29.266666666666673,20.200000000000003,14.28166666666664,9.61966666666663,2.4713622868581573,1.9387691943565974,131,1.0,1.0,12911
stacked_high,2.0,q8_a1.5_and,70205,22.599999999999767,20.06666666666672,11.640666666666641,9.828666666666633,2.218836097585609,2.0926748857593056,124,1.0,1.0,12429
stacked_high,2.0,q8_a1.5_and,70206,22.733333333333377,22.000000000000036,11.740666666666636,11.061666666666637,2.1217789370449505,2.23298228989913,127,1.0,1.0,12144
stacked_high,2.0,q8_a1.5_and,70207,31.066666666666663,24.99999999999983,15.05366666666664,12.412666666666642,2.599646866755338,2.4386633010974577,111,1.0,1.0,11896
stacked_high,2.0,q8_a1.5_and,70208,36.19999999999998,21.46666666666667,16.44166666666664,10.376666666666633,2.722667671762011,2.217124316957198,111,1.0,1.0,12648
stacked_high,2.0,q8_a1.5_and,70209,22.866666666666696,18.53333333333333,11.141666666666627,8.573666666666629,2.173199013337257,2.0297243046510203,113,1.0,1.0,12613
stacked_high,2.0,q8_a1.5_and,70210,39.133333333333326,29.4,18.883666666666656,13.982666666666645,3.305860712287908,2.6797045779668367,120,1.0,1.0,12059
stacked_high,2.0,q8_a1.5_and,70211,34.66666666666666,35.599999999999966,14.204666666666641,15.647666666666655,2.438903573829082,3.016809243020124,108,1.0,1.0,11593
stacked_high,2.0,q8_a1.5_and,70212,32.33333333333326,18.533333333333346,14.421666666666649,8.808666666666635,2.6202340147895096,1.905017516192852,131,1.0,1.0,12529
stacked_high,2.0,q8_a1.5_and,70213,25.53333333333334,21.600000000000065,12.923666666666639,11.17466666666664,2.3968738778571157,2.258518786867466,135,1.0,1.0,12383
stacked_high,2.0,q8_a1.5_and,70214,26.066666666666684,22.800000000000004,12.474666666666636,9.956666666666635,2.2845382864162063,2.1325814979485327,131,1.0,1.0,13725
stacked_high,2.0,q8_a1.5_and,70215,25.866666666666667,15.133333333333375,12.093666666666639,6.435666666666629,2.47231759765613,1.7960934270714126,87,1.0,1.0,14180
stacked_high,2.0,q8_a1.5_and,70216,23.80000000000002,20.933333333333422,11.859666666666639,10.520666666666637,2.031267113650578,2.0622182369265856,113,1.0,1.0,12425
stacked_high,2.0,q8_a1.5_and,70217,25.333333333333144,22.866666666666504,13.16766666666664,11.089666666666638,2.325097967783259,2.2736996327043535,106,1.0,1.0,12493
stacked_high,2.0,q8_a1.5_and,70218,22.40000000000002,23.133333333333184,11.771666666666636,11.01566666666664,2.0925848377128005,2.184319624474966,127,1.0,1.0,12365
stacked_high,2.0,q8_a1.5_and,70219,26.399999999999892,26.533333333333445,13.34866666666665,11.746666666666645,2.444368844511664,2.5097065139659342,118,1.0,1.0,11965
stacked_high,2.0,q8_a1.5_and,70220,23.19999999999999,16.333333333333087,11.89866666666664,8.724666666666636,2.289413695572594,2.0004397811251002,116,1.0,1.0,12040
stacked_high,2.0,q8_a1.5_and,70221,20.466666666666676,26.200000000000017,10.846666666666634,12.82766666666664,2.076579718738899,2.5854717498545665,131,1.0,1.0,11712
stacked_high,2.0,q8_a1.5_and,70222,19.06666666666667,18.933333333333366,9.838666666666631,9.681666666666636,1.98858317620764,2.1282809979358515,113,1.0,1.0,12467
stacked_high,2.0,q8_a1.5_and,70223,18.133333333333454,20.666666666666714,8.814666666666632,9.389666666666638,1.9421929313224522,2.174411635789358,116,1.0,1.0,12316
stacked_high,2.0,q8_a1.5_and,70224,30.46666666666674,15.666666666666686,13.83266666666664,7.698666666666629,2.49346857803406,1.766040707576859,120,1.0,1.0,12413
stacked_high,2.0,q8_a1.5_and,70225,30.666666666666714,18.266666666666737,14.573666666666641,8.551666666666627,2.5435086936548315,1.9939229794571551,123,1.0,1.0,12368
stacked_high,2.0,q8_a1.5_and,70226,22.73333333333337,21.333333333333343,10.877666666666634,9.892666666666635,2.2606650862755373,2.2122457506018414,97,1.0,1.0,11889
stacked_high,2.0,q8_a1.5_and,70227,24.800000000000097,25.133333333333326,12.85166666666664,12.180666666666639,2.4313836586639814,2.3076223136062595,115,1.0,1.0,12269
stacked_high,2.0,q8_a1.5_and,70228,35.33333333333332,25.533333333333445,14.71966666666664,12.79166666666664,2.8322310617266,2.6734182698381055,125,1.0,1.0,11919
stacked_high,2.0,q8_a1.5_and,70229,23.06666666666667,19.13333333333336,10.113666666666633,8.09666666666663,2.124606231957855,2.0676583502458357,98,1.0,1.0,13253
