workload,penalty,config,seed,baseline_p95_wait,burst_aware_p95_wait,baseline_avg_wait,burst_aware_avg_wait,baseline_avg_slowdown,burst_aware_avg_slowdown,detector_fires,recall,precision,sched_cores_scanned
stacked_high,0.0,q2_a0.8_or,110200,25.800000000000033,34.26666666666678,12.035666666666643,16.082666666666643,2.3479634910301765,2.8715105643731413,181,1.0,1.0,12377
stacked_high,0.0,q2_a0.8_or,110201,28.600000000000016,22.60000000000008,12.82766666666664,10.62566666666663,2.3047579368705398,2.045940379521764,180,1.0,1.0,13982
stacked_high,0.0,q2_a0.8_or,110202,24.33333333333335,19.33333333333323,12.945666666666643,7.31366666666664,2.312170286149752,1.707413114242089,180,1.0,1.0,15584
stacked_high,0.0,q2_a0.8_or,110203,23.000000000000085,14.266666666666666,8.905666666666635,5.9466666666666335,1.8571390119690943,1.566362195134499,180,1.0,1.0,15058
stacked_high,0.0,q2_a0.8_or,110204,28.66666666666672,22.9999999999998,13.550666666666649,11.04266666666664,2.281104662714246,2.0087397955605186,180,1.0,1.0,12908
stacked_high,0.0,q2_a0.8_or,110205,16.53333333333336,15.133333333332985,7.613666666666634,7.782666666666632,1.7294410349759346,1.7763069536121714,181,1.0,1.0,14704
stacked_high,0.0,q2_a0.8_or,110206,18.93333333333335,20.266666666666715,8.94366666666663,9.911666666666635,1.8012462166510335,1.970420195339217,181,1.0,1.0,13686
stacked_high,0.0,q2_a0.8_or,110207,29.00000000000002,19.666666666666664,12.178666666666635,8.083666666666632,2.179083545051028,1.7438191052769034,180,1.0,1.0,14297
stacked_high,0.0,q2_a0.8_or,110208,24.333333333333364,27.266666666666666,11.355666666666643,9.548666666666634,2.201311563876254,2.0297243453109677,181,1.0,1.0,13752
stacked_high,0.0,q2_a0.8_or,110209,26.000000000000128,22.73333333333339,12.40666666666664,10.868666666666632,2.275158946487671,2.084556114381486,181,1.0,1.0,13545
stacked_high,0.0,q2_a0.8_or,110210,19.733333333333356,14.533333333333353,7.96166666666663,6.60466666666663,1.7569027712016319,1.6459103484577273,181,1.0,1.0,15741
stacked_high,0.0,q2_a0.8_or,110211,30.53333333333339,22.13333333333334,11.755666666666638,9.797666666666634,2.2023306730580905,2.017504962356528,181,1.0,1.0,13347
stacked_high,0.0,q2_a0.8_or,110212,40.26666666666671,35.533333333333246,18.10866666666665,17.193666666666648,2.848894053128023,2.8560036115020573,181,1.0,1.0,12561
stacked_high,0.0,q2_a0.8_or,110213,25.733333333333377,16.400000000000006,11.697666666666642,8.499666666666634,2.127599333632446,1.8220071684219163,181,1.0,1.0,14314
stacked_high,0.0,q2_a0.8_or,110214,18.600000000000016,14.733333333333348,7.9516666666666325,6.7526666666666255,1.8068527446290852,1.6683626567748977,181,1.0,1.0,14643
stacked_high,0.0,q2_a0.8_or,110215,27.00000000000002,32.93333333333333,10.277666666666635,12.300666666666638,2.0842104387720024,2.3183682833394905,181,1.0,1.0,12421
stacked_high,0.0,q2_a0.8_or,110216,17.066666666666606,10.866666666666418,8.09566666666664,4.898666666666632,1.8015831413729082,1.482383206606075,179,1.0,1.0,15697
stacked_high,0.0,q2_a0.8_or,110217,31.466666666666725,22.60000000000003,12.91166666666664,8.464666666666629,2.4133437683076897,1.9567340811513025,180,1.0,1.0,13235
stacked_high,0.0,q2_a0.8_or,110218,30.066666666666713,36.20000000000004,15.037666666666642,16.843666666666646,2.6431289279627657,2.9150396178925,181,1.0,1.0,12925
stacked_high,0.0,q2_a0.8_or,110219,19.80000000000002,22.73333333333335,9.86066666666663,10.675666666666633,1.7953618152046433,1.9511267257305982,181,1.0,1.0,13046
stacked_high,0.0,q2_a0.8_or,110220,17.933333333333366,15.800000000000011,8.319666666666631,6.582666666666626,1.768840648129675,1.6015701347333036,181,1.0,1.0,13728
stacked_high,0.0,q2_a0.8_or,110221,34.933333333333394,27.666666666666664,16.142666666666646,13.971666666666644,2.7978521771326483,2.512013877832167,184,1.0,1.0,12255
stacked_high,0.0,q2_a0.8_or,110222,23.40000000000004,16.066666666666663,9.980666666666632,8.057666666666634,1.9366920105189411,1.830405378086356,181,1.0,1.0,12996
stacked_high,0.0,q2_a0.8_or,110223,28.466666666666754,14.800000000000011,13.519666666666646,7.083666666666631,2.4399646672147437,1.6676662493148056,181,1.0,1.0,13548
stacked_high,0.0,q2_a0.8_or,110224,28.39999999999999,24.13333333333337,11.755666666666638,10.87066666666663,2.185892617750608,2.0931877279288544,181,1.0,1.0,14248
stacked_high,0.0,q2_a0.8_or,110225,32.40000000000006,28.600000000000094,15.061666666666646,13.198666666666645,2.565434370412084,2.3971886190547416,181,1.0,1.0,12795
stacked_high,0.0,q2_a0.8_or,110226,29.99999999999998,19.00000000000003,12.142666666666642,9.316666666666636,2.1681897308468567,1.8399893903290572,181,1.0,1.0,12988
stacked_high,0.0,q2_a0.8_or,110227,26.733333333333377,16.60000000000001,11.311666666666637,8.600666666666632,2.150514128277736,1.79814461143881,181,1.0,1.0,13869
stacked_high,0.0,q2_a0.8_or,110228,34.13333333333336,18.13333333333334,15.805666666666644,9.728666666666633,2.8714274187888695,2.02658292770073,182,1.0,1.0,12537
stacked_high,0.0,q2_a0.8_or,110229,20.73333333333337,13.666666666666707,10.273666666666635,5.830666666666627,1.9132638768022066,1.547029264078323,181,1.0,1.0,14263
stacked_high,0.0,q2_a0.8_and,110200,25.800000000000033,19.66666666666668,12.035666666666643,9.86266666666663,2.3479634910301765,1.942723858385129,169,1.0,1.0,12758
stacked_high,0.0,q2_a0.8_and,110201,28.600000000000016,20.800000000000054,12.82766666666664,9.990666666666634,2.3047579368705398,1.9432349145420411,171,1.0,1.0,13657
stacked_high,0.0,q2_a0.8_and,110202,24.33333333333335,25.80000000000002,12.945666666666643,11.460666666666645,2.312170286149752,2.3298183931013887,171,1.0,1.0,13104
stacked_high,0.0,q2_a0.8_and,110203,23.000000000000085,21.53333333333334,8.905666666666635,9.817666666666637,1.8571390119690943,2.0594210573908156,175,1.0,1.0,13602
stacked_high,0.0,q2_a0.8_and,110204,28.66666666666672,19.866666666666674,13.550666666666649,9.63166666666664,2.281104662714246,1.9427147061485164,169,1.0,1.0,12837
stacked_high,0.0,q2_a0.8_and,110205,16.53333333333336,19.400000000000027,7.613666666666634,7.840666666666632,1.7294410349759346,1.8398359092307248,161,1.0,1.0,13975
stacked_high,0.0,q2_a0.8_and,110206,18.93333333333335,20.66666666666672,8.94366666666663,9.011666666666633,1.8012462166510335,1.8859490915461865,169,1.0,1.0,13790
stacked_high,0.0,q2_a0.8_and,110207,29.00000000000002,22.400000000000013,12.178666666666635,10.974666666666636,2.179083545051028,2.024086234992415,175,1.0,1.0,12676
stacked_high,0.0,q2_a0.8_and,110208,24.333333333333364,22.600000000000044,11.355666666666643,8.08466666666663,2.201311563876254,1.9081850907418028,164,1.0,1.0,14520
stacked_high,0.0,q2_a0.8_and,110209,26.000000000000128,20.133333333333375,12.40666666666664,9.92466666666664,2.275158946487671,2.219225208761134,170,1.0,1.0,13531
stacked_high,0.0,q2_a0.8_and,110210,19.733333333333356,16.73333333333329,7.96166666666663,6.938666666666632,1.7569027712016319,1.7550051073066615,165,1.0,1.0,15457
stacked_high,0.0,q2_a0.8_and,110211,30.53333333333339,22.53333333333333,11.755666666666638,10.787666666666631,2.2023306730580905,2.067290979620345,169,1.0,1.0,13084
stacked_high,0.0,q2_a0.8_and,110212,40.26666666666671,42.06666666666671,18.10866666666665,20.179666666666655,2.848894053128023,3.2323281927358267,172,1.0,1.0,12283
stacked_high,0.0,q2_a0.8_and,110213,25.733333333333377,17.933333333333394,11.697666666666642,8.24266666666663,2.127599333632446,1.8145919250553815,153,1.0,1.0,14326
stacked_high,0.0,q2_a0.8_and,110214,18.600000000000016,16.33333333333335,7.9516666666666325,7.290666666666631,1.8068527446290852,1.8394075909085692,172,1.0,1.0,14502
stacked_high,0.0,q2_a0.8_and,110215,27.00000000000002,22.93333333333333,10.277666666666635,9.586666666666627,2.0842104387720024,1.89657955678437,175,1.0,1.0,12849
stacked_high,0.0,q2_a0.8_and,110216,17.066666666666606,13.333333333333343,8.09566666666664,5.999666666666638,1.8015831413729082,1.5940346216493486,172,1.0,1.0,15824
stacked_high,0.0,q2_a0.8_and,110217,31.466666666666725,36.73333333333338,12.91166666666664,15.342666666666648,2.4133437683076897,2.8865308754395493,175,1.0,1.0,13032
stacked_high,0.0,q2_a0.8_and,110218,30.066666666666713,36.066666666666656,15.037666666666642,15.11166666666664,2.6431289279627657,2.6495941159220644,175,1.0,1.0,12964
stacked_high,0.0,q2_a0.8_and,110219,19.80000000000002,22.066666666666727,9.86066666666663,10.87766666666664,1.7953618152046433,2.04231372073211,163,1.0,1.0,12600
stacked_high,0.0,q2_a0.8_and,110220,17.933333333333366,23.066666666666713,8.319666666666631,10.017666666666635,1.768840648129675,2.013755332028775,164,1.0,1.0,13092
stacked_high,0.0,q2_a0.8_and,110221,34.933333333333394,27.40000000000005,16.142666666666646,12.769666666666645,2.7978521771326483,2.4137217105881503,175,1.0,1.0,11952
stacked_high,0.0,q2_a0.8_and,110222,23.40000000000004,20.53333333333338,9.980666666666632,8.90366666666663,1.9366920105189411,1.7825135992790764,175,1.0,1.0,14171
stacked_high,0.0,q2_a0.8_and,110223,28.466666666666754,24.53333333333339,13.519666666666646,11.94666666666664,2.4399646672147437,2.269051872663653,153,1.0,1.0,13354
stacked_high,0.0,q2_a0.8_and,110224,28.39999999999999,25.00000000000002,11.755666666666638,9.704666666666627,2.185892617750608,1.9077726212931223,172,1.0,1.0,14456
stacked_high,0.0,q2_a0.8_and,110225,32.40000000000006,21.60000000000001,15.061666666666646,10.899666666666633,2.565434370412084,2.081324090886166,169,1.0,1.0,12043
stacked_high,0.0,q2_a0.8_and,110226,29.99999999999998,21.466666666666413,12.142666666666642,10.137666666666641,2.1681897308468567,2.0436710790404944,167,1.0,1.0,13241
stacked_high,0.0,q2_a0.8_and,110227,26.733333333333377,18.266666666666673,11.311666666666637,9.660666666666636,2.150514128277736,1.9225335286781051,175,1.0,1.0,13755
stacked_high,0.0,q2_a0.8_and,110228,34.13333333333336,29.600000000000122,15.805666666666644,13.361666666666645,2.8714274187888695,2.577712508584903,172,1.0,1.0,11617
stacked_high,0.0,q2_a0.8_and,110229,20.73333333333337,19.533333333333374,10.273666666666635,9.528666666666634,1.9132638768022066,1.8855281684891276,169,1.0,1.0,13606
stacked_high,0.0,q2_a1.5_or,110200,25.800000000000033,23.600000000000044,12.035666666666643,11.048666666666634,2.3479634910301765,2.082243866307228,177,1.0,1.0,12707
stacked_high,0.0,q2_a1.5_or,110201,28.600000000000016,18.200000000000017,12.82766666666664,9.441666666666631,2.3047579368705398,2.017191815480051,180,1.0,1.0,12570
stacked_high,0.0,q2_a1.5_or,110202,24.33333333333335,25.80000000000002,12.945666666666643,11.460666666666645,2.312170286149752,2.3298183931013887,174,1.0,1.0,13104
stacked_high,0.0,q2_a1.5_or,110203,23.000000000000085,21.800000000000004,8.905666666666635,10.450666666666638,1.8571390119690943,2.1746383405932357,174,1.0,1.0,13716
stacked_high,0.0,q2_a1.5_or,110204,28.66666666666672,22.73333333333339,13.550666666666649,10.279666666666643,2.281104662714246,2.022324509628466,177,1.0,1.0,12753
stacked_high,0.0,q2_a1.5_or,110205,16.53333333333336,18.666666666666707,7.613666666666634,7.731666666666631,1.7294410349759346,1.814027480458432,173,1.0,1.0,14383
stacked_high,0.0,q2_a1.5_or,110206,18.93333333333335,24.866666666666674,8.94366666666663,12.855666666666641,1.8012462166510335,2.325669048749057,179,1.0,1.0,13086
stacked_high,0.0,q2_a1.5_or,110207,29.00000000000002,17.60000000000001,12.178666666666635,9.624666666666633,2.179083545051028,1.8813020319671607,177,1.0,1.0,13617
stacked_high,0.0,q2_a1.5_or,110208,24.333333333333364,22.600000000000044,11.355666666666643,8.08066666666663,2.201311563876254,1.9067825799444287,173,1.0,1.0,14301
stacked_high,0.0,q2_a1.5_or,110209,26.000000000000128,21.80000000000001,12.40666666666664,10.311666666666635,2.275158946487671,2.2537790614752367,177,1.0,1.0,13118
stacked_high,0.0,q2_a1.5_or,110210,19.733333333333356,14.800000000000026,7.96166666666663,7.130666666666627,1.7569027712016319,1.6998689189283758,176,1.0,1.0,14720
stacked_high,0.0,q2_a1.5_or,110211,30.53333333333339,19.39999999999999,11.755666666666638,8.82366666666663,2.2023306730580905,1.935309691273546,176,1.0,1.0,12562
stacked_high,0.0,q2_a1.5_or,110212,40.26666666666671,42.06666666666671,18.10866666666665,20.179666666666655,2.848894053128023,3.2323281927358267,174,1.0,1.0,12283
stacked_high,0.0,q2_a1.5_or,110213,25.733333333333377,15.933333333333366,11.697666666666642,7.883666666666631,2.127599333632446,1.7675028461763747,174,1.0,1.0,13960
stacked_high,0.0,q2_a1.5_or,110214,18.600000000000016,15.933333333333351,7.9516666666666325,6.993666666666628,1.8068527446290852,1.7310275933076888,173,1.0,1.0,14756
stacked_high,0.0,q2_a1.5_or,110215,27.00000000000002,23.133333333333375,10.277666666666635,9.78766666666663,2.0842104387720024,1.9011883932923497,177,1.0,1.0,12858
stacked_high,0.0,q2_a1.5_or,110216,17.066666666666606,14.399999999999892,8.09566666666664,6.233666666666639,1.8015831413729082,1.6013596162968429,177,1.0,1.0,15860
stacked_high,0.0,q2_a1.5_or,110217,31.466666666666725,37.93333333333336,12.91166666666664,15.379666666666646,2.4133437683076897,2.865108240342126,177,1.0,1.0,12115
stacked_high,0.0,q2_a1.5_or,110218,30.066666666666713,36.066666666666656,15.037666666666642,15.73566666666664,2.6431289279627657,2.6374778371899685,177,1.0,1.0,13076
stacked_high,0.0,q2_a1.5_or,110219,19.80000000000002,25.20000000000001,9.86066666666663,12.765666666666634,1.7953618152046433,2.1863227086683255,174,1.0,1.0,12754
stacked_high,0.0,q2_a1.5_or,110220,17.933333333333366,25.86666666666671,8.319666666666631,10.663666666666636,1.768840648129675,2.082922615576885,173,1.0,1.0,13104
stacked_high,0.0,q2_a1.5_or,110221,34.933333333333394,25.73333333333334,16.142666666666646,13.851666666666645,2.7978521771326483,2.517522293827506,180,1.0,1.0,12531
stacked_high,0.0,q2_a1.5_or,110222,23.40000000000004,16.40000000000005,9.980666666666632,8.066666666666627,1.9366920105189411,1.7146070755996257,177,1.0,1.0,13486
stacked_high,0.0,q2_a1.5_or,110223,28.466666666666754,21.999999999999986,13.519666666666646,11.627666666666636,2.4399646672147437,2.207161059134542,173,1.0,1.0,13034
stacked_high,0.0,q2_a1.5_or,110224,28.39999999999999,25.20000000000006,11.755666666666638,9.887666666666629,2.185892617750608,1.941261670056758,177,1.0,1.0,14177
stacked_high,0.0,q2_a1.5_or,110225,32.40000000000006,21.933333333333366,15.061666666666646,10.954666666666633,2.565434370412084,2.077664052479493,177,1.0,1.0,12773
stacked_high,0.0,q2_a1.5_or,110226,29.99999999999998,24.066666666666677,12.142666666666642,10.747666666666637,2.1681897308468567,1.9994155097794866,177,1.0,1.0,13144
stacked_high,0.0,q2_a1.5_or,110227,26.733333333333377,19.66666666666668,11.311666666666637,9.365666666666634,2.150514128277736,1.8901227847657192,177,1.0,1.0,13093
stacked_high,0.0,q2_a1.5_or,110228,34.13333333333336,33.0000000000001,15.805666666666644,14.616666666666642,2.8714274187888695,2.5832768750170283,171,1.0,1.0,12096
stacked_high,0.0,q2_a1.5_or,110229,20.73333333333337,19.400000000000027,10.273666666666635,8.171666666666631,1.9132638768022066,1.7559460304906525,177,1.0,1.0,13096
stacked_high,0.0,q2_a1.5_and,110200,25.800000000000033,20.53333333333338,12.035666666666643,9.182666666666634,2.3479634910301765,1.8309906945744976,151,1.0,1.0,13274
stacked_high,0.0,q2_a1.5_and,110201,28.600000000000016,21.53333333333333,12.82766666666664,10.544666666666636,2.3047579368705398,2.0399346536397784,151,1.0,1.0,14410
stacked_high,0.0,q2_a1.5_and,110202,24.33333333333335,24.266666666666666,12.945666666666643,12.178666666666643,2.312170286149752,2.350180085424401,148,1.0,1.0,12724
stacked_high,0.0,q2_a1.5_and,110203,23.000000000000085,21.66666666666668,8.905666666666635,9.45166666666664,1.8571390119690943,1.9908264179493158,149,1.0,1.0,13131
stacked_high,0.0,q2_a1.5_and,110204,28.66666666666672,16.80000000000001,13.550666666666649,8.846666666666634,2.281104662714246,1.819649229424842,141,1.0,1.0,12462
stacked_high,0.0,q2_a1.5_and,110205,16.53333333333336,14.666666666666664,7.613666666666634,7.166666666666628,1.7294410349759346,1.7641244388532422,150,1.0,1.0,14102
stacked_high,0.0,q2_a1.5_and,110206,18.93333333333335,19.0,8.94366666666663,9.363666666666633,1.8012462166510335,1.9755776168169998,149,1.0,1.0,13861
stacked_high,0.0,q2_a1.5_and,110207,29.00000000000002,16.266666666666673,12.178666666666635,7.822666666666629,2.179083545051028,1.7429643508730555,141,1.0,1.0,13715
stacked_high,0.0,q2_a1.5_and,110208,24.333333333333364,13.200000000000017,11.355666666666643,5.561666666666626,2.201311563876254,1.5981695333459094,148,1.0,1.0,15174
stacked_high,0.0,q2_a1.5_and,110209,26.000000000000128,17.600000000000016,12.40666666666664,8.299666666666633,2.275158946487671,1.9082124596194185,144,1.0,1.0,14556
stacked_high,0.0,q2_a1.5_and,110210,19.733333333333356,14.533333333333367,7.96166666666663,6.125666666666629,1.7569027712016319,1.6226196684114333,150,1.0,1.0,15650
stacked_high,0.0,q2_a1.5_and,110211,30.53333333333339,21.933333333333394,11.755666666666638,9.556666666666628,2.2023306730580905,1.8773786197715734,147,1.0,1.0,13294
stacked_high,0.0,q2_a1.5_and,110212,40.26666666666671,30.866666666666696,18.10866666666665,12.841666666666633,2.848894053128023,2.2815854061699916,147,1.0,1.0,12732
stacked_high,0.0,q2_a1.5_and,110213,25.733333333333377,16.333333333333385,11.697666666666642,8.388666666666632,2.127599333632446,1.7913226493197232,147,1.0,1.0,13760
stacked_high,0.0,q2_a1.5_and,110214,18.600000000000016,18.53333333333339,7.9516666666666325,7.602666666666631,1.8068527446290852,1.8648582657010837,151,1.0,1.0,13692
stacked_high,0.0,q2_a1.5_and,110215,27.00000000000002,25.19999999999979,10.277666666666635,11.340666666666637,2.0842104387720024,2.1860416005707495,151,1.0,1.0,12564
stacked_high,0.0,q2_a1.5_and,110216,17.066666666666606,14.266666666666673,8.09566666666664,5.6436666666666335,1.8015831413729082,1.6089151397957633,145,1.0,1.0,15362
stacked_high,0.0,q2_a1.5_and,110217,31.466666666666725,15.20000000000001,12.91166666666664,6.24366666666663,2.4133437683076897,1.6605681131998795,145,1.0,1.0,14622
stacked_high,0.0,q2_a1.5_and,110218,30.066666666666713,28.20000000000001,15.037666666666642,12.85166666666664,2.6431289279627657,2.6346978229045006,149,1.0,1.0,13219
stacked_high,0.0,q2_a1.5_and,110219,19.80000000000002,18.66666666666668,9.86066666666663,7.804666666666631,1.7953618152046433,1.7872810860403703,146,1.0,1.0,14171
stacked_high,0.0,q2_a1.5_and,110220,17.933333333333366,16.666666666666742,8.319666666666631,7.432666666666629,1.768840648129675,1.8118330171469068,144,1.0,1.0,12794
stacked_high,0.0,q2_a1.5_and,110221,34.933333333333394,31.999999999999993,16.142666666666646,13.598666666666647,2.7978521771326483,2.563503953973109,151,1.0,1.0,12120
stacked_high,0.0,q2_a1.5_and,110222,23.40000000000004,16.600000000000037,9.980666666666632,6.925666666666634,1.9366920105189411,1.6848374475885624,130,1.0,1.0,13014
stacked_high,0.0,q2_a1.5_and,110223,28.466666666666754,16.20000000000004,13.519666666666646,8.553666666666631,2.4399646672147437,1.8916467114738873,132,1.0,1.0,13649
stacked_high,0.0,q2_a1.5_and,110224,28.39999999999999,21.600000000000065,11.755666666666638,9.216666666666633,2.185892617750608,1.8978806120720761,149,1.0,1.0,15330
stacked_high,0.0,q2_a1.5_and,110225,32.40000000000006,26.53333333333338,15.061666666666646,12.278666666666638,2.565434370412084,2.28419230956979,151,1.0,1.0,11779
stacked_high,0.0,q2_a1.5_and,110226,29.99999999999998,19.40000000000002,12.142666666666642,8.549666666666633,2.1681897308468567,1.7453726865588353,144,1.0,1.0,13682
stacked_high,0.0,q2_a1.5_and,110227,26.733333333333377,27.066666666666492,11.311666666666637,11.361666666666643,2.150514128277736,2.347115657566747,151,1.0,1.0,13555
stacked_high,0.0,q2_a1.5_and,110228,34.13333333333336,20.333333333333364,15.805666666666644,8.090666666666628,2.8714274187888695,1.7162022376606825,144,1.0,1.0,13392
stacked_high,0.0,q2_a1.5_and,110229,20.73333333333337,22.666666666666657,10.273666666666635,10.75366666666664,1.9132638768022066,1.9828893384712591,149,1.0,1.0,13070
stacked_high,0.0,q4_a0.8_or,110200,25.800000000000033,31.933333333333408,12.035666666666643,15.116666666666639,2.3479634910301765,2.6884088252418676,179,1.0,1.0,13154
stacked_high,0.0,q4_a0.8_or,110201,28.600000000000016,22.60000000000008,12.82766666666664,10.62566666666663,2.3047579368705398,2.045940379521764,179,1.0,1.0,13982
stacked_high,0.0,q4_a0.8_or,110202,24.33333333333335,19.33333333333323,12.945666666666643,7.31366666666664,2.312170286149752,1.707413114242089,179,1.0,1.0,15584
stacked_high,0.0,q4_a0.8_or,110203,23.000000000000085,14.266666666666723,8.905666666666635,5.330666666666631,1.8571390119690943,1.551123754152531,179,1.0,1.0,14956
stacked_high,0.0,q4_a0.8_or,110204,28.66666666666672,22.9999999999998,13.550666666666649,11.04266666666664,2.281104662714246,2.0087397955605186,179,1.0,1.0,12908
stacked_high,0.0,q4_a0.8_or,110205,16.53333333333336,15.133333333332985,7.613666666666634,7.782666666666632,1.7294410349759346,1.7763069536121714,179,1.0,1.0,14704
stacked_high,0.0,q4_a0.8_or,110206,18.93333333333335,19.0,8.94366666666663,9.905666666666635,1.8012462166510335,1.97616284110783,179,1.0,1.0,13815
stacked_high,0.0,q4_a0.8_or,110207,29.00000000000002,25.66666666666665,12.178666666666635,10.740666666666634,2.179083545051028,1.970575010345311,179,1.0,1.0,13669
stacked_high,0.0,q4_a0.8_or,110208,24.333333333333364,27.799999999999997,11.355666666666643,9.714666666666636,2.201311563876254,2.0755476713815706,179,1.0,1.0,13581
stacked_high,0.0,q4_a0.8_or,110209,26.000000000000128,23.00000000000002,12.40666666666664,10.70566666666663,2.275158946487671,2.0761053262872653,179,1.0,1.0,13488
stacked_high,0.0,q4_a0.8_or,110210,19.733333333333356,15.066666666666677,7.96166666666663,5.901666666666629,1.7569027712016319,1.6052500141404633,179,1.0,1.0,15490
stacked_high,0.0,q4_a0.8_or,110211,30.53333333333339,19.666666666666686,11.755666666666638,9.706666666666633,2.2023306730580905,1.954796699356807,179,1.0,1.0,12888
stacked_high,0.0,q4_a0.8_or,110212,40.26666666666671,35.533333333333246,18.10866666666665,17.193666666666648,2.848894053128023,2.8560036115020573,179,1.0,1.0,12561
stacked_high,0.0,q4_a0.8_or,110213,25.733333333333377,16.600000000000023,11.697666666666642,8.677666666666633,2.127599333632446,1.8429934631722844,179,1.0,1.0,13207
stacked_high,0.0,q4_a0.8_or,110214,18.600000000000016,17.26666666666668,7.9516666666666325,6.920666666666628,1.8068527446290852,1.7083007630579627,179,1.0,1.0,14763
stacked_high,0.0,q4_a0.8_or,110215,27.00000000000002,32.93333333333333,10.277666666666635,12.735666666666638,2.0842104387720024,2.35735889747558,179,1.0,1.0,13371
stacked_high,0.0,q4_a0.8_or,110216,17.066666666666606,10.866666666666418,8.09566666666664,4.898666666666632,1.8015831413729082,1.482383206606075,179,1.0,1.0,15697
stacked_high,0.0,q4_a0.8_or,110217,31.466666666666725,16.66666666666668,12.91166666666664,6.716666666666631,2.4133437683076897,1.8524488726400767,179,1.0,1.0,13042
stacked_high,0.0,q4_a0.8_or,110218,30.066666666666713,36.20000000000004,15.037666666666642,16.843666666666646,2.6431289279627657,2.9150396178925,179,1.0,1.0,12925
stacked_high,0.0,q4_a0.8_or,110219,19.80000000000002,26.333333333333364,9.86066666666663,11.483666666666634,1.7953618152046433,2.0831911094133058,179,1.0,1.0,12911
stacked_high,0.0,q4_a0.8_or,110220,17.933333333333366,15.800000000000011,8.319666666666631,6.582666666666626,1.768840648129675,1.6015701347333036,179,1.0,1.0,13728
stacked_high,0.0,q4_a0.8_or,110221,34.933333333333394,19.33333333333333,16.142666666666646,10.177666666666637,2.7978521771326483,2.0944597761757144,179,1.0,1.0,12650
stacked_high,0.0,q4_a0.8_or,110222,23.40000000000004,18.60000000000001,9.980666666666632,8.795666666666635,1.9366920105189411,1.8532206638905577,179,1.0,1.0,13640
stacked_high,0.0,q4_a0.8_or,110223,28.466666666666754,15.000000000000014,13.519666666666646,7.549666666666631,2.4399646672147437,1.7376601440040988,179,1.0,1.0,14169
stacked_high,0.0,q4_a0.8_or,110224,28.39999999999999,20.600000000000016,11.755666666666638,8.928666666666627,2.185892617750608,1.9395370346616758,179,1.0,1.0,14017
stacked_high,0.0,q4_a0.8_or,110225,32.40000000000006,28.600000000000094,15.061666666666646,13.198666666666645,2.565434370412084,2.3971886190547416,179,1.0,1.0,12795
stacked_high,0.0,q4_a0.8_or,110226,29.99999999999998,19.00000000000003,12.142666666666642,9.316666666666636,2.1681897308468567,1.8399893903290572,179,1.0,1.0,12988
stacked_high,0.0,q4_a0.8_or,110227,26.733333333333377,17.933333333333337,11.311666666666637,8.897666666666634,2.150514128277736,1.8051298370035795,179,1.0,1.0,14096
stacked_high,0.0,q4_a0.8_or,110228,34.13333333333336,18.733333333333334,15.805666666666644,9.16666666666663,2.8714274187888695,1.8891337865668962,179,1.0,1.0,13088
stacked_high,0.0,q4_a0.8_or,110229,20.73333333333337,18.266666666666666,10.273666666666635,7.9066666666666325,1.9132638768022066,1.7212941297123259,179,1.0,1.0,13691
stacked_high,0.0,q4_a0.8_and,110200,25.800000000000033,23.600000000000044,12.035666666666643,11.260666666666634,2.3479634910301765,2.1171135334799804,158,1.0,1.0,12890
stacked_high,0.0,q4_a0.8_and,110201,28.600000000000016,20.53333333333338,12.82766666666664,10.306666666666638,2.3047579368705398,2.107302614776616,167,1.0,1.0,14722
stacked_high,0.0,q4_a0.8_and,110202,24.33333333333335,24.466666666666704,12.945666666666643,11.544666666666645,2.312170286149752,2.3538596153950984,159,1.0,1.0,12820
stacked_high,0.0,q4_a0.8_and,110203,23.000000000000085,14.533333333333303,8.905666666666635,6.521666666666629,1.8571390119690943,1.6498241416889834,150,1.0,1.0,15288
stacked_high,0.0,q4_a0.8_and,110204,28.66666666666672,16.999999999999744,13.550666666666649,9.484666666666635,2.281104662714246,1.9353975716337422,162,1.0,1.0,13137
stacked_high,0.0,q4_a0.8_and,110205,16.53333333333336,16.80000000000004,7.613666666666634,6.660666666666631,1.7294410349759346,1.6626529936807546,147,1.0,1.0,14742
stacked_high,0.0,q4_a0.8_and,110206,18.93333333333335,18.466666666666683,8.94366666666663,9.107666666666628,1.8012462166510335,1.8986872692486738,156,1.0,1.0,13033
stacked_high,0.0,q4_a0.8_and,110207,29.00000000000002,19.733333333333363,12.178666666666635,8.134666666666632,2.179083545051028,1.816700003108306,163,1.0,1.0,12892
stacked_high,0.0,q4_a0.8_and,110208,24.333333333333364,18.86666666666668,11.355666666666643,7.97166666666663,2.201311563876254,1.9013889688440264,146,1.0,1.0,13976
stacked_high,0.0,q4_a0.8_and,110209,26.000000000000128,22.999999999999993,12.40666666666664,10.180666666666637,2.275158946487671,2.236692684800137,163,1.0,1.0,13615
stacked_high,0.0,q4_a0.8_and,110210,19.733333333333356,18.40000000000005,7.96166666666663,7.42866666666663,1.7569027712016319,1.7124927593183952,147,1.0,1.0,15204
stacked_high,0.0,q4_a0.8_and,110211,30.53333333333339,25.06666666666672,11.755666666666638,10.106666666666632,2.2023306730580905,1.9868570464214124,162,1.0,1.0,12479
stacked_high,0.0,q4_a0.8_and,110212,40.26666666666671,41.33333333333326,18.10866666666665,19.45566666666666,2.848894053128023,3.116113260131417,157,1.0,1.0,12337
stacked_high,0.0,q4_a0.8_and,110213,25.733333333333377,16.000000000000085,11.697666666666642,7.6486666666666325,2.127599333632446,1.7582440302137923,151,1.0,1.0,14314
stacked_high,0.0,q4_a0.8_and,110214,18.600000000000016,19.46666666666671,7.9516666666666325,8.520666666666635,1.8068527446290852,1.9075911106896168,160,1.0,1.0,14637
stacked_high,0.0,q4_a0.8_and,110215,27.00000000000002,15.000000000000036,10.277666666666635,7.993666666666626,2.0842104387720024,1.7704836129883463,161,1.0,1.0,12906
stacked_high,0.0,q4_a0.8_and,110216,17.066666666666606,13.20000000000001,8.09566666666664,5.279666666666633,1.8015831413729082,1.555845878912177,141,1.0,1.0,15539
stacked_high,0.0,q4_a0.8_and,110217,31.466666666666725,34.00000000000004,12.91166666666664,15.294666666666648,2.4133437683076897,2.9276403955049886,162,1.0,1.0,12388
stacked_high,0.0,q4_a0.8_and,110218,30.066666666666713,41.80000000000017,15.037666666666642,16.91766666666665,2.6431289279627657,3.13816713063773,160,1.0,1.0,12470
stacked_high,0.0,q4_a0.8_and,110219,19.80000000000002,25.133333333333383,9.86066666666663,11.310666666666634,1.7953618152046433,2.084134658234892,155,1.0,1.0,12689
stacked_high,0.0,q4_a0.8_and,110220,17.933333333333366,26.000000000000128,8.319666666666631,10.971666666666637,1.768840648129675,2.2094134739463485,154,1.0,1.0,13434
stacked_high,0.0,q4_a0.8_and,110221,34.933333333333394,20.73333333333335,16.142666666666646,9.692666666666636,2.7978521771326483,2.0601465714112894,154,1.0,1.0,12470
stacked_high,0.0,q4_a0.8_and,110222,23.40000000000004,16.733333333333327,9.980666666666632,7.3706666666666285,1.9366920105189411,1.6980956374612233,155,1.0,1.0,13578
stacked_high,0.0,q4_a0.8_and,110223,28.466666666666754,24.40000000000004,13.519666666666646,12.007666666666642,2.4399646672147437,2.1509096192531656,137,1.0,1.0,12938
stacked_high,0.0,q4_a0.8_and,110224,28.39999999999999,21.933333333333373,11.755666666666638,9.835666666666631,2.185892617750608,1.9475791713600015,158,1.0,1.0,15155
stacked_high,0.0,q4_a0.8_and,110225,32.40000000000006,22.266666666666737,15.061666666666646,9.397666666666634,2.565434370412084,2.007128452531663,144,1.0,1.0,12102
stacked_high,0.0,q4_a0.8_and,110226,29.99999999999998,23.13333333333336,12.142666666666642,9.211666666666634,2.1681897308468567,1.827686876757423,160,1.0,1.0,12893
stacked_high,0.0,q4_a0.8_and,110227,26.733333333333377,17.400000000000006,11.311666666666637,8.957666666666633,2.150514128277736,1.894348930019938,161,1.0,1.0,13421
stacked_high,0.0,q4_a0.8_and,110228,34.13333333333336,38.26666666666682,15.805666666666644,16.23566666666665,2.8714274187888695,2.9108362262436196,159,1.0,1.0,12432
stacked_high,0.0,q4_a0.8_and,110229,20.73333333333337,16.466666666666683,10.273666666666635,7.692666666666631,1.9132638768022066,1.6593670371210616,157,1.0,1.0,13602
stacked_high,0.0,q4_a1.5_or,110200,25.800000000000033,23.600000000000044,12.035666666666643,11.260666666666634,2.3479634910301765,2.1171135334799804,164,1.0,1.0,12890
stacked_high,0.0,q4_a1.5_or,110201,28.600000000000016,20.53333333333338,12.82766666666664,10.306666666666638,2.3047579368705398,2.107302614776616,167,1.0,1.0,14722
stacked_high,0.0,q4_a1.5_or,110202,24.33333333333335,24.466666666666704,12.945666666666643,11.544666666666645,2.312170286149752,2.3538596153950984,164,1.0,1.0,12820
stacked_high,0.0,q4_a1.5_or,110203,23.000000000000085,14.266666666666666,8.905666666666635,6.3736666666666295,1.8571390119690943,1.6265675777341755,159,1.0,1.0,15242
stacked_high,0.0,q4_a1.5_or,110204,28.66666666666672,16.999999999999744,13.550666666666649,9.484666666666635,2.281104662714246,1.9353975716337422,164,1.0,1.0,13137
stacked_high,0.0,q4_a1.5_or,110205,16.53333333333336,16.80000000000004,7.613666666666634,6.660666666666631,1.7294410349759346,1.6626529936807546,163,1.0,1.0,14742
stacked_high,0.0,q4_a1.5_or,110206,18.93333333333335,25.60000000000005,8.94366666666663,13.19266666666664,1.8012462166510335,2.3351018145100237,165,1.0,1.0,13364
stacked_high,0.0,q4_a1.5_or,110207,29.00000000000002,19.733333333333363,12.178666666666635,8.134666666666632,2.179083545051028,1.816700003108306,164,1.0,1.0,12892
stacked_high,0.0,q4_a1.5_or,110208,24.333333333333364,20.400000000000013,11.355666666666643,7.9086666666666305,2.201311563876254,1.895984109722693,161,1.0,1.0,13420
stacked_high,0.0,q4_a1.5_or,110209,26.000000000000128,22.999999999999993,12.40666666666664,10.180666666666637,2.275158946487671,2.236692684800137,164,1.0,1.0,13615
stacked_high,0.0,q4_a1.5_or,110210,19.733333333333356,18.40000000000005,7.96166666666663,7.42866666666663,1.7569027712016319,1.7124927593183952,164,1.0,1.0,15204
stacked_high,0.0,q4_a1.5_or,110211,30.53333333333339,25.06666666666672,11.755666666666638,10.106666666666632,2.2023306730580905,1.9868570464214124,164,1.0,1.0,12479
stacked_high,0.0,q4_a1.5_or,110212,40.26666666666671,41.33333333333326,18.10866666666665,19.45566666666666,2.848894053128023,3.116113260131417,161,1.0,1.0,12337
stacked_high,0.0,q4_a1.5_or,110213,25.733333333333377,16.000000000000085,11.697666666666642,7.6486666666666325,2.127599333632446,1.7582440302137923,164,1.0,1.0,14314
stacked_high,0.0,q4_a1.5_or,110214,18.600000000000016,19.46666666666671,7.9516666666666325,8.520666666666635,1.8068527446290852,1.9075911106896168,164,1.0,1.0,14637
stacked_high,0.0,q4_a1.5_or,110215,27.00000000000002,15.000000000000036,10.277666666666635,7.993666666666626,2.0842104387720024,1.7704836129883463,164,1.0,1.0,12906
stacked_high,0.0,q4_a1.5_or,110216,17.066666666666606,13.73333333333332,8.09566666666664,6.141666666666634,1.8015831413729082,1.6048318420943242,157,1.0,1.0,15369
stacked_high,0.0,q4_a1.5_or,110217,31.466666666666725,34.00000000000004,12.91166666666664,15.294666666666648,2.4133437683076897,2.9276403955049886,164,1.0,1.0,12388
stacked_high,0.0,q4_a1.5_or,110218,30.066666666666713,41.80000000000017,15.037666666666642,16.91766666666665,2.6431289279627657,3.13816713063773,164,1.0,1.0,12470
stacked_high,0.0,q4_a1.5_or,110219,19.80000000000002,25.133333333333383,9.86066666666663,11.310666666666634,1.7953618152046433,2.084134658234892,164,1.0,1.0,12689
stacked_high,0.0,q4_a1.5_or,110220,17.933333333333366,26.000000000000128,8.319666666666631,10.971666666666637,1.768840648129675,2.2094134739463485,163,1.0,1.0,13434
stacked_high,0.0,q4_a1.5_or,110221,34.933333333333394,20.73333333333335,16.142666666666646,9.692666666666636,2.7978521771326483,2.0601465714112894,164,1.0,1.0,12470
stacked_high,0.0,q4_a1.5_or,110222,23.40000000000004,16.733333333333327,9.980666666666632,7.3706666666666285,1.9366920105189411,1.6980956374612233,161,1.0,1.0,13578
stacked_high,0.0,q4_a1.5_or,110223,28.466666666666754,23.26666666666666,13.519666666666646,12.045666666666639,2.4399646672147437,2.1592098969987923,163,1.0,1.0,13364
stacked_high,0.0,q4_a1.5_or,110224,28.39999999999999,21.933333333333373,11.755666666666638,9.835666666666631,2.185892617750608,1.9475791713600015,163,1.0,1.0,15155
stacked_high,0.0,q4_a1.5_or,110225,32.40000000000006,22.266666666666737,15.061666666666646,9.397666666666634,2.565434370412084,2.007128452531663,161,1.0,1.0,12102
stacked_high,0.0,q4_a1.5_or,110226,29.99999999999998,23.13333333333336,12.142666666666642,9.211666666666634,2.1681897308468567,1.827686876757423,164,1.0,1.0,12893
stacked_high,0.0,q4_a1.5_or,110227,26.733333333333377,17.400000000000006,11.311666666666637,8.957666666666633,2.150514128277736,1.894348930019938,164,1.0,1.0,13421
stacked_high,0.0,q4_a1.5_or,110228,34.13333333333336,38.26666666666682,15.805666666666644,16.23566666666665,2.8714274187888695,2.9108362262436196,162,1.0,1.0,12432
stacked_high,0.0,q4_a1.5_or,110229,20.73333333333337,16.466666666666683,10.273666666666635,7.692666666666631,1.9132638768022066,1.6593670371210616,163,1.0,1.0,13602
stacked_high,0.0,q4_a1.5_and,110200,25.800000000000033,20.53333333333338,12.035666666666643,9.182666666666634,2.3479634910301765,1.8309906945744976,147,1.0,1.0,13274
stacked_high,0.0,q4_a1.5_and,110201,28.600000000000016,21.53333333333333,12.82766666666664,10.544666666666636,2.3047579368705398,2.0399346536397784,147,1.0,1.0,14410
stacked_high,0.0,q4_a1.5_and,110202,24.33333333333335,24.333333333333336,12.945666666666643,11.356666666666648,2.312170286149752,2.364729372632138,141,1.0,1.0,12296
stacked_high,0.0,q4_a1.5_and,110203,23.000000000000085,21.66666666666668,8.905666666666635,9.45166666666664,1.8571390119690943,1.9908264179493158,146,1.0,1.0,13131
stacked_high,0.0,q4_a1.5_and,110204,28.66666666666672,16.80000000000001,13.550666666666649,8.846666666666634,2.281104662714246,1.819649229424842,141,1.0,1.0,12462
stacked_high,0.0,q4_a1.5_and,110205,16.53333333333336,14.666666666666664,7.613666666666634,7.210666666666629,1.7294410349759346,1.7724497575647207,141,1.0,1.0,13740
stacked_high,0.0,q4_a1.5_and,110206,18.93333333333335,19.0,8.94366666666663,9.363666666666633,1.8012462166510335,1.9755776168169998,145,1.0,1.0,13861
stacked_high,0.0,q4_a1.5_and,110207,29.00000000000002,16.266666666666673,12.178666666666635,7.822666666666629,2.179083545051028,1.7429643508730555,139,1.0,1.0,13567
stacked_high,0.0,q4_a1.5_and,110208,24.333333333333364,13.200000000000017,11.355666666666643,5.568666666666626,2.201311563876254,1.59941124371887,132,1.0,1.0,15338
stacked_high,0.0,q4_a1.5_and,110209,26.000000000000128,17.600000000000016,12.40666666666664,8.299666666666633,2.275158946487671,1.9082124596194185,139,1.0,1.0,14556
stacked_high,0.0,q4_a1.5_and,110210,19.733333333333356,14.533333333333367,7.96166666666663,6.0916666666666295,1.7569027712016319,1.6216604211771861,139,1.0,1.0,15667
stacked_high,0.0,q4_a1.5_and,110211,30.53333333333339,21.933333333333394,11.755666666666638,9.556666666666628,2.2023306730580905,1.8773786197715734,147,1.0,1.0,13294
stacked_high,0.0,q4_a1.5_and,110212,40.26666666666671,30.866666666666696,18.10866666666665,12.841666666666633,2.848894053128023,2.2815854061699916,147,1.0,1.0,12732
stacked_high,0.0,q4_a1.5_and,110213,25.733333333333377,16.333333333333385,11.697666666666642,8.388666666666632,2.127599333632446,1.7913226493197232,144,1.0,1.0,13760
stacked_high,0.0,q4_a1.5_and,110214,18.600000000000016,18.53333333333339,7.9516666666666325,7.602666666666631,1.8068527446290852,1.8648582657010837,143,1.0,1.0,13692
stacked_high,0.0,q4_a1.5_and,110215,27.00000000000002,24.200000000000024,10.277666666666635,11.287666666666636,2.0842104387720024,2.178144444746891,145,1.0,1.0,12362
stacked_high,0.0,q4_a1.5_and,110216,17.066666666666606,14.266666666666673,8.09566666666664,5.6436666666666335,1.8015831413729082,1.6089151397957633,139,1.0,1.0,15362
stacked_high,0.0,q4_a1.5_and,110217,31.466666666666725,15.20000000000001,12.91166666666664,6.24366666666663,2.4133437683076897,1.6605681131998795,134,1.0,1.0,14622
stacked_high,0.0,q4_a1.5_and,110218,30.066666666666713,28.20000000000001,15.037666666666642,12.85166666666664,2.6431289279627657,2.6346978229045006,145,1.0,1.0,13219
stacked_high,0.0,q4_a1.5_and,110219,19.80000000000002,18.66666666666668,9.86066666666663,7.806666666666632,1.7953618152046433,1.7874711048373626,139,1.0,1.0,13749
stacked_high,0.0,q4_a1.5_and,110220,17.933333333333366,16.666666666666742,8.319666666666631,7.432666666666629,1.768840648129675,1.8118330171469068,138,1.0,1.0,12794
stacked_high,0.0,q4_a1.5_and,110221,34.933333333333394,31.999999999999993,16.142666666666646,13.598666666666647,2.7978521771326483,2.563503953973109,147,1.0,1.0,12120
stacked_high,0.0,q4_a1.5_and,110222,23.40000000000004,16.533333333333346,9.980666666666632,6.908666666666635,1.9366920105189411,1.7068972433496692,122,1.0,1.0,13481
stacked_high,0.0,q4_a1.5_and,110223,28.466666666666754,16.20000000000004,13.519666666666646,8.553666666666631,2.4399646672147437,1.8916467114738873,121,1.0,1.0,13649
stacked_high,0.0,q4_a1.5_and,110224,28.39999999999999,21.600000000000065,11.755666666666638,9.216666666666633,2.185892617750608,1.8978806120720761,144,1.0,1.0,15330
stacked_high,0.0,q4_a1.5_and,110225,32.40000000000006,26.53333333333338,15.061666666666646,12.278666666666638,2.565434370412084,2.28419230956979,148,1.0,1.0,11779
stacked_high,0.0,q4_a1.5_and,110226,29.99999999999998,17.066666666666677,12.142666666666642,8.629666666666637,2.1681897308468567,1.8420549942631055,145,1.0,1.0,13241
stacked_high,0.0,q4_a1.5_and,110227,26.733333333333377,27.066666666666492,11.311666666666637,11.361666666666643,2.150514128277736,2.347115657566747,146,1.0,1.0,13555
stacked_high,0.0,q4_a1.5_and,110228,34.13333333333336,17.73333333333334,15.805666666666644,8.004666666666628,2.8714274187888695,1.6845561849040473,136,1.0,1.0,13482
stacked_high,0.0,q4_a1.5_and,110229,20.73333333333337,22.666666666666657,10.273666666666635,10.75366666666664,1.9132638768022066,1.9828893384712591,149,1.0,1.0,13070
stacked_high,0.0,q8_a0.8_or,110200,25.800000000000033,31.933333333333408,12.035666666666643,15.116666666666639,2.3479634910301765,2.6884088252418676,179,1.0,1.0,13154
stacked_high,0.0,q8_a0.8_or,110201,28.600000000000016,22.60000000000008,12.82766666666664,10.62566666666663,2.3047579368705398,2.045940379521764,179,1.0,1.0,13982
stacked_high,0.0,q8_a0.8_or,110202,24.33333333333335,19.33333333333323,12.945666666666643,7.31366666666664,2.312170286149752,1.707413114242089,179,1.0,1.0,15584
stacked_high,0.0,q8_a0.8_or,110203,23.000000000000085,14.266666666666723,8.905666666666635,5.330666666666631,1.8571390119690943,1.551123754152531,179,1.0,1.0,14956
stacked_high,0.0,q8_a0.8_or,110204,28.66666666666672,22.9999999999998,13.550666666666649,11.04266666666664,2.281104662714246,2.0087397955605186,179,1.0,1.0,12908
stacked_high,0.0,q8_a0.8_or,110205,16.53333333333336,15.133333333332985,7.613666666666634,7.782666666666632,1.7294410349759346,1.7763069536121714,179,1.0,1.0,14704
stacked_high,0.0,q8_a0.8_or,110206,18.93333333333335,19.0,8.94366666666663,9.905666666666635,1.8012462166510335,1.97616284110783,179,1.0,1.0,13815
stacked_high,0.0,q8_a0.8_or,110207,29.00000000000002,25.66666666666665,12.178666666666635,10.740666666666634,2.179083545051028,1.970575010345311,179,1.0,1.0,13669
stacked_high,0.0,q8_a0.8_or,110208,24.333333333333364,27.799999999999997,11.355666666666643,9.714666666666636,2.201311563876254,2.0755476713815706,179,1.0,1.0,13581
stacked_high,0.0,q8_a0.8_or,110209,26.000000000000128,23.00000000000002,12.40666666666664,10.70566666666663,2.275158946487671,2.0761053262872653,179,1.0,1.0,13488
stacked_high,0.0,q8_a0.8_or,110210,19.733333333333356,15.066666666666677,7.96166666666663,5.901666666666629,1.7569027712016319,1.6052500141404633,179,1.0,1.0,15490
stacked_high,0.0,q8_a0.8_or,110211,30.53333333333339,19.666666666666686,11.755666666666638,9.706666666666633,2.2023306730580905,1.954796699356807,179,1.0,1.0,12888
stacked_high,0.0,q8_a0.8_or,110212,40.26666666666671,35.533333333333246,18.10866666666665,17.193666666666648,2.848894053128023,2.8560036115020573,179,1.0,1.0,12561
stacked_high,0.0,q8_a0.8_or,110213,25.733333333333377,16.600000000000023,11.697666666666642,8.677666666666633,2.127599333632446,1.8429934631722844,179,1.0,1.0,13207
stacked_high,0.0,q8_a0.8_or,110214,18.600000000000016,17.26666666666668,7.9516666666666325,6.920666666666628,1.8068527446290852,1.7083007630579627,179,1.0,1.0,14763
stacked_high,0.0,q8_a0.8_or,110215,27.00000000000002,32.93333333333333,10.277666666666635,12.735666666666638,2.0842104387720024,2.35735889747558,179,1.0,1.0,13371
stacked_high,0.0,q8_a0.8_or,110216,17.066666666666606,10.866666666666418,8.09566666666664,4.898666666666632,1.8015831413729082,1.482383206606075,179,1.0,1.0,15697
stacked_high,0.0,q8_a0.8_or,110217,31.466666666666725,16.66666666666668,12.91166666666664,6.716666666666631,2.4133437683076897,1.8524488726400767,179,1.0,1.0,13042
stacked_high,0.0,q8_a0.8_or,110218,30.066666666666713,36.20000000000004,15.037666666666642,16.843666666666646,2.6431289279627657,2.9150396178925,179,1.0,1.0,12925
stacked_high,0.0,q8_a0.8_or,110219,19.80000000000002,26.333333333333364,9.86066666666663,11.483666666666634,1.7953618152046433,2.0831911094133058,179,1.0,1.0,12911
stacked_high,0.0,q8_a0.8_or,110220,17.933333333333366,15.800000000000011,8.319666666666631,6.582666666666626,1.768840648129675,1.6015701347333036,179,1.0,1.0,13728
stacked_high,0.0,q8_a0.8_or,110221,34.933333333333394,19.33333333333333,16.142666666666646,10.177666666666637,2.7978521771326483,2.0944597761757144,179,1.0,1.0,12650
stacked_high,0.0,q8_a0.8_or,110222,23.40000000000004,18.60000000000001,9.980666666666632,8.795666666666635,1.9366920105189411,1.8532206638905577,179,1.0,1.0,13640
stacked_high,0.0,q8_a0.8_or,110223,28.466666666666754,15.000000000000014,13.519666666666646,7.549666666666631,2.4399646672147437,1.7376601440040988,179,1.0,1.0,14169
stacked_high,0.0,q8_a0.8_or,110224,28.39999999999999,20.600000000000016,11.755666666666638,8.928666666666627,2.185892617750608,1.9395370346616758,179,1.0,1.0,14017
stacked_high,0.0,q8_a0.8_or,110225,32.40000000000006,28.600000000000094,15.061666666666646,13.198666666666645,2.565434370412084,2.3971886190547416,179,1.0,1.0,12795
stacked_high,0.0,q8_a0.8_or,110226,29.99999999999998,19.00000000000003,12.142666666666642,9.316666666666636,2.1681897308468567,1.8399893903290572,179,1.0,1.0,12988
stacked_high,0.0,q8_a0.8_or,110227,26.733333333333377,17.933333333333337,11.311666666666637,8.897666666666634,2.150514128277736,1.8051298370035795,179,1.0,1.0,14096
stacked_high,0.0,q8_a0.8_or,110228,34.13333333333336,18.733333333333334,15.805666666666644,9.16666666666663,2.8714274187888695,1.8891337865668962,179,1.0,1.0,13088
stacked_high,0.0,q8_a0.8_or,110229,20.73333333333337,18.266666666666666,10.273666666666635,7.9066666666666325,1.9132638768022066,1.7212941297123259,179,1.0,1.0,13691
stacked_high,0.0,q8_a0.8_and,110200,25.800000000000033,14.533333333333346,12.035666666666643,7.719666666666631,2.3479634910301765,1.6972076422915703,123,1.0,1.0,13630
stacked_high,0.0,q8_a0.8_and,110201,28.600000000000016,22.266666666666673,12.82766666666664,9.786666666666632,2.3047579368705398,1.9343661873548088,116,1.0,1.0,13659
stacked_high,0.0,q8_a0.8_and,110202,24.33333333333335,19.46666666666664,12.945666666666643,7.7966666666666375,2.312170286149752,1.867936961491922,94,1.0,1.0,14914
stacked_high,0.0,q8_a0.8_and,110203,23.000000000000085,17.466666666666676,8.905666666666635,7.540666666666629,1.8571390119690943,1.7909776103450563,108,1.0,1.0,14807
stacked_high,0.0,q8_a0.8_and,110204,28.66666666666672,18.800000000000068,13.550666666666649,9.685666666666636,2.281104662714246,1.9107885076910314,93,1.0,1.0,12463
stacked_high,0.0,q8_a0.8_and,110205,16.53333333333336,19.333333333333314,7.613666666666634,8.934666666666635,1.7294410349759346,2.0851186034361007,131,1.0,1.0,12533
stacked_high,0.0,q8_a0.8_and,110206,18.93333333333335,21.60000000000001,8.94366666666663,10.984666666666639,1.8012462166510335,2.129171573311058,127,1.0,1.0,13628
stacked_high,0.0,q8_a0.8_and,110207,29.00000000000002,23.000000000000036,12.178666666666635,10.179666666666638,2.179083545051028,2.046815054182952,127,1.0,1.0,13155
stacked_high,0.0,q8_a0.8_and,110208,24.333333333333364,21.933333333333337,11.355666666666643,9.212666666666633,2.201311563876254,1.995746938555391,109,0.8571428571428571,1.0,13050
stacked_high,0.0,q8_a0.8_and,110209,26.000000000000128,24.13333333333336,12.40666666666664,10.783666666666631,2.275158946487671,2.1211432206691776,115,1.0,1.0,13355
stacked_high,0.0,q8_a0.8_and,110210,19.733333333333356,15.733333333333334,7.96166666666663,6.6426666666666305,1.7569027712016319,1.680237616234978,106,1.0,1.0,15177
stacked_high,0.0,q8_a0.8_and,110211,30.53333333333339,21.20000000000001,11.755666666666638,10.534666666666633,2.2023306730580905,2.024931490136922,112,1.0,1.0,12724
stacked_high,0.0,q8_a0.8_and,110212,40.26666666666671,29.733333333333327,18.10866666666665,14.90566666666664,2.848894053128023,2.4962124859242745,129,1.0,1.0,11989
stacked_high,0.0,q8_a0.8_and,110213,25.733333333333377,20.199999999999875,11.697666666666642,10.94766666666664,2.127599333632446,2.0536555550174707,135,1.0,1.0,12915
stacked_high,0.0,q8_a0.8_and,110214,18.600000000000016,14.866666666666674,7.9516666666666325,7.277666666666628,1.8068527446290852,1.7629727013678649,102,1.0,1.0,14276
stacked_high,0.0,q8_a0.8_and,110215,27.00000000000002,22.933333333333366,10.277666666666635,11.234666666666635,2.0842104387720024,2.075118738090026,135,1.0,1.0,12346
stacked_high,0.0,q8_a0.8_and,110216,17.066666666666606,16.73333333333335,8.09566666666664,7.308666666666634,1.8015831413729082,1.7305619151189158,111,1.0,1.0,15357
stacked_high,0.0,q8_a0.8_and,110217,31.466666666666725,27.466666666666725,12.91166666666664,13.356666666666642,2.4133437683076897,2.630061782395318,123,1.0,1.0,12362
stacked_high,0.0,q8_a0.8_and,110218,30.066666666666713,26.000000000000007,15.037666666666642,12.433666666666639,2.6431289279627657,2.480611632644579,123,1.0,1.0,12608
stacked_high,0.0,q8_a0.8_and,110219,19.80000000000002,15.266666666666687,9.86066666666663,7.496666666666625,1.7953618152046433,1.6454053578572772,121,1.0,1.0,13956
stacked_high,0.0,q8_a0.8_and,110220,17.933333333333366,19.000000000000014,8.319666666666631,7.524666666666626,1.768840648129675,1.7268683678079477,121,1.0,1.0,13025
stacked_high,0.0,q8_a0.8_and,110221,34.933333333333394,21.533333333333374,16.142666666666646,10.76966666666664,2.7978521771326483,2.089915060917469,114,1.0,1.0,12915
stacked_high,0.0,q8_a0.8_and,110222,23.40000000000004,15.06666666666667,9.980666666666632,6.751666666666631,1.9366920105189411,1.6441053811436788,115,1.0,1.0,13738
stacked_high,0.0,q8_a0.8_and,110223,28.466666666666754,16.466666666666683,13.519666666666646,6.855666666666632,2.4399646672147437,1.680953558513307,94,1.0,1.0,13605
stacked_high,0.0,q8_a0.8_and,110224,28.39999999999999,16.00000000000002,11.755666666666638,7.337666666666633,2.185892617750608,1.7699285099380875,90,1.0,1.0,14240
stacked_high,0.0,q8_a0.8_and,110225,32.40000000000006,25.6,15.061666666666646,12.923666666666636,2.565434370412084,2.245164751111964,135,1.0,1.0,12953
stacked_high,0.0,q8_a0.8_and,110226,29.99999999999998,16.60000000000001,12.142666666666642,8.32266666666663,2.1681897308468567,1.7758656266958608,108,1.0,1.0,13143
stacked_high,0.0,q8_a0.8_and,110227,26.733333333333377,26.0,11.311666666666637,10.513666666666639,2.150514128277736,2.09467806551214,127,1.0,1.0,13809
stacked_high,0.0,q8_a0.8_and,110228,34.13333333333336,21.999999999999773,15.805666666666644,11.668666666666637,2.8714274187888695,2.2839352551478957,102,1.0,1.0,12627
stacked_high,0.0,q8_a0.8_and,110229,20.73333333333337,21.73333333333334,10.273666666666635,10.576666666666632,1.9132638768022066,2.0121972511675206,116,1.0,1.0,13145
stacked_high,0.0,q8_a1.5_or,110200,25.800000000000033,20.53333333333338,12.035666666666643,9.182666666666634,2.3479634910301765,1.8309906945744976,151,1.0,1.0,13274
stacked_high,0.0,q8_a1.5_or,110201,28.600000000000016,21.53333333333333,12.82766666666664,10.544666666666636,2.3047579368705398,2.0399346536397784,151,1.0,1.0,14410
stacked_high,0.0,q8_a1.5_or,110202,24.33333333333335,24.266666666666666,12.945666666666643,12.178666666666643,2.312170286149752,2.350180085424401,151,1.0,1.0,12724
stacked_high,0.0,q8_a1.5_or,110203,23.000000000000085,21.66666666666668,8.905666666666635,9.45166666666664,1.8571390119690943,1.9908264179493158,151,1.0,1.0,13131
stacked_high,0.0,q8_a1.5_or,110204,28.66666666666672,16.80000000000001,13.550666666666649,8.846666666666634,2.281104662714246,1.819649229424842,151,1.0,1.0,12462
stacked_high,0.0,q8_a1.5_or,110205,16.53333333333336,14.666666666666664,7.613666666666634,7.166666666666628,1.7294410349759346,1.7641244388532422,151,1.0,1.0,14102
stacked_high,0.0,q8_a1.5_or,110206,18.93333333333335,19.0,8.94366666666663,9.363666666666633,1.8012462166510335,1.9755776168169998,151,1.0,1.0,13861
stacked_high,0.0,q8_a1.5_or,110207,29.00000000000002,16.266666666666673,12.178666666666635,7.822666666666629,2.179083545051028,1.7429643508730555,151,1.0,1.0,13715
stacked_high,0.0,q8_a1.5_or,110208,24.333333333333364,13.200000000000017,11.355666666666643,5.561666666666626,2.201311563876254,1.5981695333459094,151,1.0,1.0,15174
stacked_high,0.0,q8_a1.5_or,110209,26.000000000000128,17.600000000000016,12.40666666666664,8.299666666666633,2.275158946487671,1.9082124596194185,151,1.0,1.0,14556
stacked_high,0.0,q8_a1.5_or,110210,19.733333333333356,14.533333333333367,7.96166666666663,6.213666666666629,1.7569027712016319,1.6280395839908963,151,1.0,1.0,16021
stacked_high,0.0,q8_a1.5_or,110211,30.53333333333339,21.933333333333394,11.755666666666638,9.556666666666628,2.2023306730580905,1.8773786197715734,151,1.0,1.0,13294
stacked_high,0.0,q8_a1.5_or,110212,40.26666666666671,30.866666666666696,18.10866666666665,12.841666666666633,2.848894053128023,2.2815854061699916,151,1.0,1.0,12732
stacked_high,0.0,q8_a1.5_or,110213,25.733333333333377,16.333333333333385,11.697666666666642,8.388666666666632,2.127599333632446,1.7913226493197232,151,1.0,1.0,13760
stacked_high,0.0,q8_a1.5_or,110214,18.600000000000016,18.53333333333339,7.9516666666666325,7.602666666666631,1.8068527446290852,1.8648582657010837,151,1.0,1.0,13692
stacked_high,0.0,q8_a1.5_or,110215,27.00000000000002,25.19999999999979,10.277666666666635,11.340666666666637,2.0842104387720024,2.1860416005707495,151,1.0,1.0,12564
stacked_high,0.0,q8_a1.5_or,110216,17.066666666666606,14.266666666666673,8.09566666666664,5.6436666666666335,1.8015831413729082,1.6089151397957633,151,1.0,1.0,15362
stacked_high,0.0,q8_a1.5_or,110217,31.466666666666725,15.20000000000001,12.91166666666664,6.24366666666663,2.4133437683076897,1.6605681131998795,151,1.0,1.0,14622
stacked_high,0.0,q8_a1.5_or,110218,30.066666666666713,28.20000000000001,15.037666666666642,12.85166666666664,2.6431289279627657,2.6346978229045006,151,1.0,1.0,13219
stacked_high,0.0,q8_a1.5_or,110219,19.80000000000002,18.66666666666668,9.86066666666663,7.804666666666631,1.7953618152046433,1.7872810860403703,151,1.0,1.0,14171
stacked_high,0.0,q8_a1.5_or,110220,17.933333333333366,16.666666666666742,8.319666666666631,7.46266666666663,1.768840648129675,1.8107482333616278,151,1.0,1.0,12606
stacked_high,0.0,q8_a1.5_or,110221,34.933333333333394,31.999999999999993,16.142666666666646,13.598666666666647,2.7978521771326483,2.5624474683019174,152,1.0,1.0,11956
stacked_high,0.0,q8_a1.5_or,110222,23.40000000000004,15.666666666666686,9.980666666666632,6.613666666666634,1.9366920105189411,1.684918493718716,151,1.0,1.0,13391
stacked_high,0.0,q8_a1.5_or,110223,28.466666666666754,16.20000000000004,13.519666666666646,8.553666666666631,2.4399646672147437,1.8916467114738873,151,1.0,1.0,13649
stacked_high,0.0,q8_a1.5_or,110224,28.39999999999999,21.600000000000065,11.755666666666638,9.216666666666633,2.185892617750608,1.8978806120720761,151,1.0,1.0,15330
stacked_high,0.0,q8_a1.5_or,110225,32.40000000000006,26.53333333333338,15.061666666666646,12.278666666666638,2.565434370412084,2.28419230956979,151,1.0,1.0,11779
stacked_high,0.0,q8_a1.5_or,110226,29.99999999999998,19.40000000000002,12.142666666666642,8.549666666666633,2.1681897308468567,1.7453726865588353,151,1.0,1.0,13682
stacked_high,0.0,q8_a1.5_or,110227,26.733333333333377,27.066666666666492,11.311666666666637,11.361666666666643,2.150514128277736,2.347115657566747,151,1.0,1.0,13555
stacked_high,0.0,q8_a1.5_or,110228,34.13333333333336,20.333333333333364,15.805666666666644,8.090666666666628,2.8714274187888695,1.7162022376606825,151,1.0,1.0,13392
stacked_high,0.0,q8_a1.5_or,110229,20.73333333333337,22.666666666666657,10.273666666666635,10.75366666666664,1.9132638768022066,1.9828893384712591,151,1.0,1.0,13070
stacked_high,0.0,q8_a1.5_and,110200,25.800000000000033,14.533333333333346,12.035666666666643,7.719666666666631,2.3479634910301765,1.6972076422915703,123,1.0,1.0,13630
stacked_high,0.0,q8_a1.5_and,110201,28.600000000000016,22.266666666666673,12.82766666666664,9.786666666666632,2.3047579368705398,1.9343661873548088,116,1.0,1.0,13659
stacked_high,0.0,q8_a1.5_and,110202,24.33333333333335,19.46666666666664,12.945666666666643,7.7966666666666375,2.312170286149752,1.867936961491922,94,1.0,1.0,14914
stacked_high,0.0,q8_a1.5_and,110203,23.000000000000085,17.466666666666676,8.905666666666635,7.540666666666629,1.8571390119690943,1.7909776103450563,108,1.0,1.0,14807
stacked_high,0.0,q8_a1.5_and,110204,28.66666666666672,18.800000000000068,13.550666666666649,9.685666666666636,2.281104662714246,1.9107885076910314,93,1.0,1.0,12463
stacked_high,0.0,q8_a1.5_and,110205,16.53333333333336,19.333333333333314,7.613666666666634,8.934666666666635,1.7294410349759346,2.0851186034361007,131,1.0,1.0,12533
stacked_high,0.0,q8_a1.5_and,110206,18.93333333333335,21.60000000000001,8.94366666666663,10.984666666666639,1.8012462166510335,2.129171573311058,127,1.0,1.0,13628
stacked_high,0.0,q8_a1.5_and,110207,29.00000000000002,23.000000000000036,12.178666666666635,10.179666666666638,2.179083545051028,2.046815054182952,127,1.0,1.0,13155
stacked_high,0.0,q8_a1.5_and,110208,24.333333333333364,21.933333333333337,11.355666666666643,9.212666666666633,2.201311563876254,1.995746938555391,109,0.8571428571428571,1.0,13050
stacked_high,0.0,q8_a1.5_and,110209,26.000000000000128,24.13333333333336,12.40666666666664,10.783666666666631,2.275158946487671,2.1211432206691776,115,1.0,1.0,13355
stacked_high,0.0,q8_a1.5_and,110210,19.733333333333356,15.733333333333334,7.96166666666663,6.6426666666666305,1.7569027712016319,1.680237616234978,106,1.0,1.0,15177
stacked_high,0.0,q8_a1.5_and,110211,30.53333333333339,21.20000000000001,11.755666666666638,10.534666666666633,2.2023306730580905,2.024931490136922,112,1.0,1.0,12724
stacked_high,0.0,q8_a1.5_and,110212,40.26666666666671,38.533333333333275,18.10866666666665,16.850666666666644,2.848894053128023,2.6102534332274177,131,1.0,1.0,12434
stacked_high,0.0,q8_a1.5_and,110213,25.733333333333377,20.199999999999875,11.697666666666642,10.94766666666664,2.127599333632446,2.0536555550174707,135,1.0,1.0,12915
stacked_high,0.0,q8_a1.5_and,110214,18.600000000000016,14.866666666666674,7.9516666666666325,7.277666666666628,1.8068527446290852,1.7629727013678649,102,1.0,1.0,14276
stacked_high,0.0,q8_a1.5_and,110215,27.00000000000002,22.933333333333366,10.277666666666635,11.234666666666635,2.0842104387720024,2.075118738090026,135,1.0,1.0,12346
stacked_high,0.0,q8_a1.5_and,110216,17.066666666666606,16.73333333333335,8.09566666666664,7.308666666666634,1.8015831413729082,1.7305619151189158,111,1.0,1.0,15357
stacked_high,0.0,q8_a1.5_and,110217,31.466666666666725,27.466666666666725,12.91166666666664,13.356666666666642,2.4133437683076897,2.630061782395318,123,1.0,1.0,12362
stacked_high,0.0,q8_a1.5_and,110218,30.066666666666713,26.000000000000007,15.037666666666642,12.433666666666639,2.6431289279627657,2.480611632644579,123,1.0,1.0,12608
stacked_high,0.0,q8_a1.5_and,110219,19.80000000000002,15.266666666666687,9.86066666666663,7.496666666666625,1.7953618152046433,1.6454053578572772,121,1.0,1.0,13956
stacked_high,0.0,q8_a1.5_and,110220,17.933333333333366,19.000000000000014,8.319666666666631,7.524666666666626,1.768840648129675,1.7268683678079477,121,1.0,1.0,13025
stacked_high,0.0,q8_a1.5_and,110221,34.933333333333394,21.533333333333374,16.142666666666646,10.76966666666664,2.7978521771326483,2.089915060917469,114,1.0,1.0,12915
stacked_high,0.0,q8_a1.5_and,110222,23.40000000000004,15.06666666666667,9.980666666666632,6.751666666666631,1.9366920105189411,1.6441053811436788,115,1.0,1.0,13738
stacked_high,0.0,q8_a1.5_and,110223,28.466666666666754,16.466666666666683,13.519666666666646,6.855666666666632,2.4399646672147437,1.680953558513307,94,1.0,1.0,13605
stacked_high,0.0,q8_a1.5_and,110224,28.39999999999999,16.00000000000002,11.755666666666638,7.337666666666633,2.185892617750608,1.7699285099380875,90,1.0,1.0,14240
stacked_high,0.0,q8_a1.5_and,110225,32.40000000000006,25.6,15.061666666666646,12.923666666666636,2.565434370412084,2.245164751111964,135,1.0,1.0,12953
stacked_high,0.0,q8_a1.5_and,110226,29.99999999999998,16.60000000000001,12.142666666666642,8.32266666666663,2.1681897308468567,1.7758656266958608,108,1.0,1.0,13143
stacked_high,0.0,q8_a1.5_and,110227,26.733333333333377,26.0,11.311666666666637,10.513666666666639,2.150514128277736,2.09467806551214,127,1.0,1.0,13809
stacked_high,0.0,q8_a1.5_and,110228,34.13333333333336,21.999999999999773,15.805666666666644,11.668666666666637,2.8714274187888695,2.2839352551478957,102,1.0,1.0,12627
stacked_high,0.0,q8_a1.5_and,110229,20.73333333333337,21.73333333333334,10.273666666666635,10.576666666666632,1.9132638768022066,2.0121972511675206,116,1.0,1.0,13145
stacked_high,0.5,q2_a0.8_or,110200,30.566666666666748,36.13333333333341,13.685666666666643,16.907666666666646,2.5119739101078453,3.002233249100433,180,1.0,1.0,12275
stacked_high,0.5,q2_a0.8_or,110201,28.233333333333313,26.733333333333327,12.83866666666664,10.997166666666633,2.341495024001553,2.0279725544835587,180,1.0,1.0,13952
stacked_high,0.5,q2_a0.8_or,110202,26.9,14.899999999999721,13.385166666666644,6.046666666666636,2.3933413661406613,1.6869896702909395,180,1.0,1.0,14818
stacked_high,0.5,q2_a0.8_or,110203,22.86666666666659,12.400000000000048,10.963166666666636,5.0611666666666295,2.0794682182732567,1.545723710338517,180,1.0,1.0,15056
stacked_high,0.5,q2_a0.8_or,110204,29.400000000000013,19.66666666666668,13.951166666666648,9.03616666666664,2.365339620273704,1.8887875154389056,181,1.0,1.0,12967
stacked_high,0.5,q2_a0.8_or,110205,19.93333333333336,17.666666666666373,8.385166666666636,7.737666666666629,1.8831944877085485,1.766550389661556,181,1.0,1.0,15335
stacked_high,0.5,q2_a0.8_or,110206,19.26666666666668,22.933333333333337,9.250166666666628,10.724666666666636,1.8600625733743745,2.0765705605272866,180,1.0,1.0,13093
stacked_high,0.5,q2_a0.8_or,110207,29.133333333333326,20.500000000000007,13.343666666666639,8.90816666666663,2.337592203067208,1.8398866673838217,181,1.0,1.0,13882
stacked_high,0.5,q2_a0.8_or,110208,25.46666666666671,18.233333333333405,12.034166666666637,8.081666666666631,2.208919387614281,1.804836074756963,181,1.0,1.0,14047
stacked_high,0.5,q2_a0.8_or,110209,27.26666666666668,25.733333333333093,12.777666666666642,11.541166666666632,2.3896521647198905,2.1359174806922825,181,1.0,1.0,13486
stacked_high,0.5,q2_a0.8_or,110210,20.1666666666667,16.266666666666666,7.910166666666627,6.480666666666629,1.8006934853951424,1.644222001824739,181,1.0,1.0,15796
stacked_high,0.5,q2_a0.8_or,110211,29.733333333333384,22.466666666666683,12.247166666666642,10.998166666666634,2.221840945399848,2.105401064233686,181,1.0,1.0,12620
stacked_high,0.5,q2_a0.8_or,110212,38.20000000000001,39.36666666666659,18.211166666666646,17.74066666666665,2.9750168505142427,2.928044354110504,181,1.0,1.0,12153
stacked_high,0.5,q2_a0.8_or,110213,22.80000000000004,17.400000000000034,12.066166666666643,9.113166666666634,2.2952710508003675,1.900447799126971,181,1.0,1.0,13954
stacked_high,0.5,q2_a0.8_or,110214,19.566666666666684,15.933333333333351,8.359666666666632,6.972166666666626,1.8725614784341147,1.7099969132776613,181,1.0,1.0,14560
stacked_high,0.5,q2_a0.8_or,110215,26.600000000000065,30.000000000000036,10.497666666666637,12.336166666666639,2.167109351758282,2.3070674131243853,180,1.0,1.0,12127
stacked_high,0.5,q2_a0.8_or,110216,16.933333333333337,12.033333333333346,7.753166666666638,5.530666666666636,1.7345762435378254,1.583537146134196,179,1.0,1.0,15644
stacked_high,0.5,q2_a0.8_or,110217,26.200000000000024,21.433333333333373,13.89966666666664,8.728166666666631,2.574052063729338,1.9799949271124704,180,1.0,1.0,13128
stacked_high,0.5,q2_a0.8_or,110218,30.53333333333343,37.10000000000015,15.002666666666642,16.73666666666665,2.6615447759022612,3.12310915420842,181,1.0,1.0,12802
stacked_high,0.5,q2_a0.8_or,110219,20.933333333333465,24.266666666666673,10.417666666666635,11.205666666666632,1.8696921744183341,1.9870085765799357,181,1.0,1.0,13392
stacked_high,0.5,q2_a0.8_or,110220,21.500000000000014,16.53333333333338,9.175666666666633,7.094166666666625,1.8575549881104214,1.687840816548935,181,1.0,1.0,13522
stacked_high,0.5,q2_a0.8_or,110221,34.53333333333333,28.50000000000003,16.438666666666645,14.678666666666643,2.8853948983125934,2.6167382223999796,184,1.0,1.0,12658
stacked_high,0.5,q2_a0.8_or,110222,24.0,20.833333333333336,10.896666666666636,9.838666666666636,2.0291878569152346,2.0521689214483514,181,1.0,1.0,13634
stacked_high,0.5,q2_a0.8_or,110223,34.900000000000134,17.46666666666672,14.520666666666648,8.200666666666635,2.6546915535552666,1.7696350535688656,181,1.0,1.0,13827
stacked_high,0.5,q2_a0.8_or,110224,27.599999999999987,23.80000000000002,11.428166666666636,10.579666666666629,2.259242017909901,2.064491411133556,181,1.0,1.0,13515
stacked_high,0.5,q2_a0.8_or,110225,37.33333333333338,29.93333333333338,15.919666666666647,13.474666666666637,2.676124304991569,2.330481345484673,181,1.0,1.0,12737
stacked_high,0.5,q2_a0.8_or,110226,27.466666666666555,17.866666666666674,12.65416666666664,9.015166666666632,2.2113274573968864,1.867507281364291,180,1.0,1.0,13541
stacked_high,0.5,q2_a0.8_or,110227,21.93333333333335,16.533333333333374,10.939666666666636,8.783666666666633,2.037735068217175,1.8553730483519875,180,1.0,1.0,12969
stacked_high,0.5,q2_a0.8_or,110228,36.20000000000004,21.400000000000013,16.79116666666665,10.074666666666635,3.0211977151521596,2.0658720940372635,182,1.0,1.0,12998
stacked_high,0.5,q2_a0.8_or,110229,23.500000000000085,13.966666666666697,11.20366666666664,6.1671666666666285,2.1004009747664103,1.5439155952715558,181,1.0,1.0,13177
stacked_high,0.5,q2_a0.8_and,110200,30.566666666666748,20.266666666666694,13.685666666666643,10.159666666666629,2.5119739101078453,2.041421536138635,169,1.0,1.0,13178
stacked_high,0.5,q2_a0.8_and,110201,28.233333333333313,24.200000000000024,12.83866666666664,10.526166666666633,2.341495024001553,1.9814331070224096,171,1.0,1.0,13507
stacked_high,0.5,q2_a0.8_and,110202,26.9,24.53333333333333,13.385166666666644,11.797166666666646,2.3933413661406613,2.375773852062162,171,1.0,1.0,13225
stacked_high,0.5,q2_a0.8_and,110203,22.86666666666659,21.73333333333339,10.963166666666636,11.33316666666664,2.0794682182732567,2.254785515981924,175,1.0,1.0,12656
stacked_high,0.5,q2_a0.8_and,110204,29.400000000000013,20.20000000000006,13.951166666666648,9.33816666666664,2.365339620273704,2.0154238164577696,169,1.0,1.0,12581
stacked_high,0.5,q2_a0.8_and,110205,19.93333333333336,20.866666666666674,8.385166666666636,8.27916666666663,1.8831944877085485,1.83510933885998,171,1.0,1.0,13292
stacked_high,0.5,q2_a0.8_and,110206,19.26666666666668,20.06666666666669,9.250166666666628,9.57716666666663,1.8600625733743745,1.9586370858582276,169,1.0,1.0,13256
stacked_high,0.5,q2_a0.8_and,110207,29.133333333333326,21.8333333333334,13.343666666666639,11.096166666666637,2.337592203067208,2.061539412590397,175,1.0,1.0,13081
stacked_high,0.5,q2_a0.8_and,110208,25.46666666666671,18.133333333333333,12.034166666666637,8.89366666666663,2.208919387614281,1.9342070964676632,164,1.0,1.0,14298
stacked_high,0.5,q2_a0.8_and,110209,27.26666666666668,22.866666666666696,12.777666666666642,10.71866666666664,2.3896521647198905,2.289815354213951,167,1.0,1.0,13915
stacked_high,0.5,q2_a0.8_and,110210,20.1666666666667,16.800000000000004,7.910166666666627,5.948666666666628,1.8006934853951424,1.6023517412620936,159,1.0,1.0,15150
stacked_high,0.5,q2_a0.8_and,110211,29.733333333333384,20.033333333333104,12.247166666666642,9.895666666666632,2.221840945399848,1.9784281627680178,169,1.0,1.0,12699
stacked_high,0.5,q2_a0.8_and,110212,38.20000000000001,42.60000000000003,18.211166666666646,19.789166666666652,2.9750168505142427,3.2738517098764954,175,1.0,1.0,12215
stacked_high,0.5,q2_a0.8_and,110213,22.80000000000004,16.53333333333334,12.066166666666643,8.065166666666634,2.2952710508003675,1.8351321933255518,162,1.0,1.0,14060
stacked_high,0.5,q2_a0.8_and,110214,19.566666666666684,15.46666666666669,8.359666666666632,7.014166666666629,1.8725614784341147,1.7724358964421387,175,1.0,1.0,14769
stacked_high,0.5,q2_a0.8_and,110215,26.600000000000065,23.133333333333375,10.497666666666637,10.311666666666628,2.167109351758282,1.999735949152307,175,1.0,1.0,13632
stacked_high,0.5,q2_a0.8_and,110216,16.933333333333337,13.600000000000037,7.753166666666638,6.474166666666636,1.7345762435378254,1.632158459502297,175,1.0,1.0,16026
stacked_high,0.5,q2_a0.8_and,110217,26.200000000000024,39.800000000000026,13.89966666666664,15.558666666666651,2.574052063729338,2.972119550993973,175,1.0,1.0,12920
stacked_high,0.5,q2_a0.8_and,110218,30.53333333333343,36.56666666666665,15.002666666666642,15.55666666666664,2.6615447759022612,2.647477429549349,175,1.0,1.0,12927
stacked_high,0.5,q2_a0.8_and,110219,20.933333333333465,24.266666666666673,10.417666666666635,11.533166666666638,1.8696921744183341,2.1261053858964263,162,1.0,1.0,12795
stacked_high,0.5,q2_a0.8_and,110220,21.500000000000014,31.200000000000074,9.175666666666633,11.308666666666635,1.8575549881104214,2.187833328757591,164,1.0,1.0,13073
stacked_high,0.5,q2_a0.8_and,110221,34.53333333333333,27.800000000000047,16.438666666666645,13.383166666666643,2.8853948983125934,2.4838820560325625,175,1.0,1.0,12081
stacked_high,0.5,q2_a0.8_and,110222,24.0,20.43333333333336,10.896666666666636,8.71216666666663,2.0291878569152346,1.8161138731985542,168,1.0,1.0,14025
stacked_high,0.5,q2_a0.8_and,110223,34.900000000000134,19.900000000000027,14.520666666666648,11.145166666666636,2.6546915535552666,2.1319963372569486,170,1.0,1.0,13351
stacked_high,0.5,q2_a0.8_and,110224,27.599999999999987,22.60000000000003,11.428166666666636,9.658666666666626,2.259242017909901,1.9352944656093838,175,1.0,1.0,13391
stacked_high,0.5,q2_a0.8_and,110225,37.33333333333338,23.666666666666707,15.919666666666647,11.650166666666637,2.676124304991569,2.115045916493783,169,1.0,1.0,12718
stacked_high,0.5,q2_a0.8_and,110226,27.466666666666555,23.800000000000033,12.65416666666664,10.533666666666642,2.2113274573968864,2.143777246550721,167,1.0,1.0,12425
stacked_high,0.5,q2_a0.8_and,110227,21.93333333333335,20.133333333333347,10.939666666666636,9.778166666666634,2.037735068217175,1.9408304682547821,175,1.0,1.0,12940
stacked_high,0.5,q2_a0.8_and,110228,36.20000000000004,30.53333333333334,16.79116666666665,13.774666666666647,3.0211977151521596,2.701925375042255,169,1.0,1.0,12156
stacked_high,0.5,q2_a0.8_and,110229,23.500000000000085,24.666666666666664,11.20366666666664,9.034166666666634,2.1004009747664103,1.86335300914412,163,1.0,1.0,13334
stacked_high,0.5,q2_a1.5_or,110200,30.566666666666748,19.566666666666706,13.685666666666643,10.36066666666663,2.5119739101078453,2.0428310868142243,173,1.0,1.0,12866
stacked_high,0.5,q2_a1.5_or,110201,28.233333333333313,23.766666666666687,12.83866666666664,10.452666666666635,2.341495024001553,2.1142527327766683,180,1.0,1.0,14139
stacked_high,0.5,q2_a1.5_or,110202,26.9,24.53333333333333,13.385166666666644,11.797166666666646,2.3933413661406613,2.375773852062162,174,1.0,1.0,13225
stacked_high,0.5,q2_a1.5_or,110203,22.86666666666659,22.400000000000006,10.963166666666636,10.385666666666637,2.0794682182732567,2.024533770226997,177,1.0,1.0,12863
stacked_high,0.5,q2_a1.5_or,110204,29.400000000000013,22.73333333333339,13.951166666666648,10.647666666666641,2.365339620273704,2.0232296421189133,177,1.0,1.0,12336
stacked_high,0.5,q2_a1.5_or,110205,19.93333333333336,20.866666666666674,8.385166666666636,8.27916666666663,1.8831944877085485,1.83510933885998,176,1.0,1.0,13292
stacked_high,0.5,q2_a1.5_or,110206,19.26666666666668,25.933333333333337,9.250166666666628,13.26066666666664,1.8600625733743745,2.4453008553664977,179,1.0,1.0,12947
stacked_high,0.5,q2_a1.5_or,110207,29.133333333333326,17.800000000000047,13.343666666666639,9.14266666666663,2.337592203067208,1.8482373851280733,177,1.0,1.0,12932
stacked_high,0.5,q2_a1.5_or,110208,25.46666666666671,20.566666666666677,12.034166666666637,8.950666666666631,2.208919387614281,1.9121770886098135,169,1.0,1.0,14259
stacked_high,0.5,q2_a1.5_or,110209,27.26666666666668,22.000000000000057,12.777666666666642,10.641166666666638,2.3896521647198905,2.382255725642025,173,1.0,1.0,13174
stacked_high,0.5,q2_a1.5_or,110210,20.1666666666667,16.800000000000004,7.910166666666627,6.0596666666666295,1.8006934853951424,1.6214566079587212,176,1.0,1.0,15061
stacked_high,0.5,q2_a1.5_or,110211,29.733333333333384,20.60000000000003,12.247166666666642,9.368166666666628,2.221840945399848,1.9525202092950136,174,1.0,1.0,12475
stacked_high,0.5,q2_a1.5_or,110212,38.20000000000001,42.60000000000003,18.211166666666646,19.789166666666652,2.9750168505142427,3.2738517098764954,177,1.0,1.0,12215
stacked_high,0.5,q2_a1.5_or,110213,22.80000000000004,17.733333333333334,12.066166666666643,8.993666666666634,2.2952710508003675,1.8675165063294603,174,1.0,1.0,14029
stacked_high,0.5,q2_a1.5_or,110214,19.566666666666684,16.06666666666669,8.359666666666632,7.586166666666629,1.8725614784341147,1.803524412700335,177,1.0,1.0,14144
stacked_high,0.5,q2_a1.5_or,110215,26.600000000000065,22.000000000000043,10.497666666666637,9.986666666666629,2.167109351758282,1.95306440345296,177,1.0,1.0,12072
stacked_high,0.5,q2_a1.5_or,110216,16.933333333333337,13.70000000000001,7.753166666666638,6.562666666666636,1.7345762435378254,1.6301327212257606,177,1.0,1.0,15992
stacked_high,0.5,q2_a1.5_or,110217,26.200000000000024,38.86666666666668,13.89966666666664,15.625666666666648,2.574052063729338,2.9274931015816845,177,1.0,1.0,12494
stacked_high,0.5,q2_a1.5_or,110218,30.53333333333343,36.56666666666665,15.002666666666642,15.574166666666642,2.6615447759022612,2.678620819729108,177,1.0,1.0,12979
stacked_high,0.5,q2_a1.5_or,110219,20.933333333333465,22.533333333333402,10.417666666666635,11.312666666666638,1.8696921744183341,2.1190119486511256,174,1.0,1.0,12809
stacked_high,0.5,q2_a1.5_or,110220,21.500000000000014,25.00000000000003,9.175666666666633,10.209666666666633,1.8575549881104214,2.0168032198084602,174,1.0,1.0,13077
stacked_high,0.5,q2_a1.5_or,110221,34.53333333333333,27.000000000000007,16.438666666666645,14.311166666666645,2.8853948983125934,2.5885918173337297,180,1.0,1.0,13097
stacked_high,0.5,q2_a1.5_or,110222,24.0,18.60000000000001,10.896666666666636,8.59516666666663,2.0291878569152346,1.7563300262580135,177,1.0,1.0,13592
stacked_high,0.5,q2_a1.5_or,110223,34.900000000000134,19.733333333333334,14.520666666666648,11.510666666666637,2.6546915535552666,2.138228511628212,176,1.0,1.0,13218
stacked_high,0.5,q2_a1.5_or,110224,27.599999999999987,23.800000000000004,11.428166666666636,10.038166666666628,2.259242017909901,1.9969943576655635,177,1.0,1.0,14392
stacked_high,0.5,q2_a1.5_or,110225,37.33333333333338,23.96666666666667,15.919666666666647,11.899166666666636,2.676124304991569,2.1606426819739677,177,1.0,1.0,12891
stacked_high,0.5,q2_a1.5_or,110226,27.466666666666555,24.066666666666684,12.65416666666664,10.917666666666635,2.2113274573968864,1.9647397135941436,177,1.0,1.0,13043
stacked_high,0.5,q2_a1.5_or,110227,21.93333333333335,19.133333333333347,10.939666666666636,9.700666666666637,2.037735068217175,1.9538003376249804,177,1.0,1.0,12590
stacked_high,0.5,q2_a1.5_or,110228,36.20000000000004,36.13333333333331,16.79116666666665,15.121166666666642,3.0211977151521596,2.7198979850851193,175,1.0,1.0,12170
stacked_high,0.5,q2_a1.5_or,110229,23.500000000000085,20.700000000000074,11.20366666666664,9.762666666666634,2.1004009747664103,1.8896973953877574,177,1.0,1.0,13040
stacked_high,0.5,q2_a1.5_and,110200,30.566666666666748,16.533333333333374,13.685666666666643,8.105166666666632,2.5119739101078453,1.7724369739950325,151,1.0,1.0,13429
stacked_high,0.5,q2_a1.5_and,110201,28.233333333333313,22.099999999999994,12.83866666666664,10.650666666666634,2.341495024001553,2.0182791881337208,151,1.0,1.0,14224
stacked_high,0.5,q2_a1.5_and,110202,26.9,27.900000000000105,13.385166666666644,13.474166666666651,2.3933413661406613,2.529660834387419,148,1.0,1.0,12743
stacked_high,0.5,q2_a1.5_and,110203,22.86666666666659,19.066666666666677,10.963166666666636,7.667166666666633,2.0794682182732567,1.777323441094174,141,1.0,1.0,14335
stacked_high,0.5,q2_a1.5_and,110204,29.400000000000013,18.700000000000074,13.951166666666648,8.687666666666637,2.365339620273704,1.8726287238209907,141,1.0,1.0,12636
stacked_high,0.5,q2_a1.5_and,110205,19.93333333333336,14.466666666666697,8.385166666666636,7.0306666666666295,1.8831944877085485,1.8133001330408078,150,1.0,1.0,13780
stacked_high,0.5,q2_a1.5_and,110206,19.26666666666668,19.433333333333337,9.250166666666628,10.000666666666634,1.8600625733743745,2.006238668263827,149,1.0,1.0,13975
stacked_high,0.5,q2_a1.5_and,110207,29.133333333333326,18.0666666666667,13.343666666666639,8.005166666666627,2.337592203067208,1.7650182432389525,147,1.0,1.0,14408
stacked_high,0.5,q2_a1.5_and,110208,25.46666666666671,14.000000000000057,12.034166666666637,6.613666666666627,2.208919387614281,1.699011202249403,151,1.0,1.0,14716
stacked_high,0.5,q2_a1.5_and,110209,27.26666666666668,17.80000000000001,12.777666666666642,8.979666666666633,2.3896521647198905,2.0193881710006227,150,1.0,1.0,13880
stacked_high,0.5,q2_a1.5_and,110210,20.1666666666667,13.933333333333373,7.910166666666627,5.769666666666629,1.8006934853951424,1.5907650496206183,149,1.0,1.0,15061
stacked_high,0.5,q2_a1.5_and,110211,29.733333333333384,22.066666666666713,12.247166666666642,10.339166666666632,2.221840945399848,1.9625192102303928,147,1.0,1.0,12763
stacked_high,0.5,q2_a1.5_and,110212,38.20000000000001,23.333333333333343,18.211166666666646,11.59766666666663,2.9750168505142427,2.0532744537314316,147,1.0,1.0,12129
stacked_high,0.5,q2_a1.5_and,110213,22.80000000000004,16.36666666666659,12.066166666666643,8.757666666666633,2.2952710508003675,1.8359402734151293,147,1.0,1.0,13852
stacked_high,0.5,q2_a1.5_and,110214,19.566666666666684,22.066666666666677,8.359666666666632,7.965666666666631,1.8725614784341147,1.9449538149580448,147,1.0,1.0,13923
stacked_high,0.5,q2_a1.5_and,110215,26.600000000000065,23.699999999999875,10.497666666666637,11.82866666666664,2.167109351758282,2.236815375809896,151,1.0,1.0,12424
stacked_high,0.5,q2_a1.5_and,110216,16.933333333333337,14.266666666666673,7.753166666666638,5.959666666666636,1.7345762435378254,1.6078621918119937,143,1.0,1.0,15523
stacked_high,0.5,q2_a1.5_and,110217,26.200000000000024,12.766666666666694,13.89966666666664,5.676166666666627,2.574052063729338,1.604062648622953,147,1.0,1.0,14776
stacked_high,0.5,q2_a1.5_and,110218,30.53333333333343,29.53333333333334,15.002666666666642,12.803666666666638,2.6615447759022612,2.596864681610439,149,1.0,1.0,13617
stacked_high,0.5,q2_a1.5_and,110219,20.933333333333465,16.66666666666668,10.417666666666635,8.117166666666632,1.8696921744183341,1.7950661257521106,149,1.0,1.0,13218
stacked_high,0.5,q2_a1.5_and,110220,21.500000000000014,18.600000000000065,9.175666666666633,8.910166666666631,1.8575549881104214,1.9008445447012687,142,1.0,1.0,12361
stacked_high,0.5,q2_a1.5_and,110221,34.53333333333333,24.133333333333333,16.438666666666645,10.83316666666664,2.8853948983125934,2.235030832643576,148,1.0,1.0,12859
stacked_high,0.5,q2_a1.5_and,110222,24.0,17.566666666666464,10.896666666666636,8.065666666666635,2.0291878569152346,1.8245943795733242,149,1.0,1.0,13202
stacked_high,0.5,q2_a1.5_and,110223,34.900000000000134,17.06666666666667,14.520666666666648,8.765166666666632,2.6546915535552666,1.9454352762176887,134,1.0,1.0,12795
stacked_high,0.5,q2_a1.5_and,110224,27.599999999999987,22.199999999999996,11.428166666666636,8.82266666666663,2.259242017909901,1.8817868752343478,149,1.0,1.0,15012
stacked_high,0.5,q2_a1.5_and,110225,37.33333333333338,27.999999999999744,15.919666666666647,12.68166666666664,2.676124304991569,2.357512792333271,151,1.0,1.0,12561
stacked_high,0.5,q2_a1.5_and,110226,27.466666666666555,18.366666666666703,12.65416666666664,8.929666666666636,2.2113274573968864,1.8840015132806969,145,1.0,1.0,12787
stacked_high,0.5,q2_a1.5_and,110227,21.93333333333335,27.733333333333334,10.939666666666636,11.240166666666642,2.037735068217175,2.4447957648314893,151,1.0,1.0,13122
stacked_high,0.5,q2_a1.5_and,110228,36.20000000000004,18.266666666666673,16.79116666666665,8.519166666666626,3.0211977151521596,1.7619805173663465,140,1.0,1.0,12983
stacked_high,0.5,q2_a1.5_and,110229,23.500000000000085,26.80000000000001,11.20366666666664,11.825666666666638,2.1004009747664103,2.188525817216391,149,1.0,1.0,13088
stacked_high,0.5,q4_a0.8_or,110200,30.566666666666748,31.599999999999795,13.685666666666643,15.489666666666643,2.5119739101078453,2.7819229511984758,179,1.0,1.0,12509
stacked_high,0.5,q4_a0.8_or,110201,28.233333333333313,26.733333333333327,12.83866666666664,10.997166666666633,2.341495024001553,2.0279725544835587,179,1.0,1.0,13952
stacked_high,0.5,q4_a0.8_or,110202,26.9,14.899999999999721,13.385166666666644,6.046666666666636,2.3933413661406613,1.6869896702909395,179,1.0,1.0,14818
stacked_high,0.5,q4_a0.8_or,110203,22.86666666666659,15.333333333333336,10.963166666666636,5.960166666666632,2.0794682182732567,1.5788273725000586,179,1.0,1.0,14623
stacked_high,0.5,q4_a0.8_or,110204,29.400000000000013,18.60000000000005,13.951166666666648,9.838666666666636,2.365339620273704,1.8621322894739643,179,1.0,1.0,12721
stacked_high,0.5,q4_a0.8_or,110205,19.93333333333336,17.666666666666373,8.385166666666636,7.737666666666629,1.8831944877085485,1.766550389661556,179,1.0,1.0,15335
stacked_high,0.5,q4_a0.8_or,110206,19.26666666666668,22.200000000000017,9.250166666666628,10.365666666666634,1.8600625733743745,2.0231904690580373,179,1.0,1.0,13311
stacked_high,0.5,q4_a0.8_or,110207,29.133333333333326,19.133333333333375,13.343666666666639,8.966166666666629,2.337592203067208,1.8451749596390306,179,1.0,1.0,13215
stacked_high,0.5,q4_a0.8_or,110208,25.46666666666671,19.733333333333384,12.034166666666637,8.12416666666663,2.208919387614281,1.8111262329410003,179,1.0,1.0,13798
stacked_high,0.5,q4_a0.8_or,110209,27.26666666666668,29.133333333333383,12.777666666666642,11.371166666666634,2.3896521647198905,2.2117704474858333,179,1.0,1.0,13231
stacked_high,0.5,q4_a0.8_or,110210,20.1666666666667,15.933333333333351,7.910166666666627,6.41966666666663,1.8006934853951424,1.6180252388237852,179,1.0,1.0,15701
stacked_high,0.5,q4_a0.8_or,110211,29.733333333333384,22.333333333333087,12.247166666666642,10.143166666666636,2.221840945399848,1.9916694310078182,179,1.0,1.0,12979
stacked_high,0.5,q4_a0.8_or,110212,38.20000000000001,39.36666666666659,18.211166666666646,17.74066666666665,2.9750168505142427,2.928044354110504,179,1.0,1.0,12153
stacked_high,0.5,q4_a0.8_or,110213,22.80000000000004,17.066666666666677,12.066166666666643,8.945166666666635,2.2952710508003675,1.89347977569721,179,1.0,1.0,13358
stacked_high,0.5,q4_a0.8_or,110214,19.566666666666684,18.10000000000001,8.359666666666632,7.677666666666632,1.8725614784341147,1.8030042213492925,179,1.0,1.0,14530
stacked_high,0.5,q4_a0.8_or,110215,26.600000000000065,30.000000000000036,10.497666666666637,12.420166666666638,2.167109351758282,2.310697624544184,179,1.0,1.0,12283
stacked_high,0.5,q4_a0.8_or,110216,16.933333333333337,12.033333333333346,7.753166666666638,5.530666666666636,1.7345762435378254,1.583537146134196,179,1.0,1.0,15644
stacked_high,0.5,q4_a0.8_or,110217,26.200000000000024,17.06666666666667,13.89966666666664,7.18466666666663,2.574052063729338,1.9091098967051539,179,1.0,1.0,13064
stacked_high,0.5,q4_a0.8_or,110218,30.53333333333343,37.10000000000015,15.002666666666642,16.73666666666665,2.6615447759022612,3.12310915420842,179,1.0,1.0,12802
stacked_high,0.5,q4_a0.8_or,110219,20.933333333333465,25.46666666666671,10.417666666666635,11.663666666666634,1.8696921744183341,2.1069054604743247,179,1.0,1.0,12517
stacked_high,0.5,q4_a0.8_or,110220,21.500000000000014,16.53333333333338,9.175666666666633,7.039666666666626,1.8575549881104214,1.686422569555751,179,1.0,1.0,13671
stacked_high,0.5,q4_a0.8_or,110221,34.53333333333333,19.733333333333377,16.438666666666645,10.748666666666638,2.8853948983125934,2.176452237769201,179,1.0,1.0,12316
stacked_high,0.5,q4_a0.8_or,110222,24.0,18.466666666666704,10.896666666666636,8.427666666666637,2.0291878569152346,1.8437206727318343,179,1.0,1.0,13243
stacked_high,0.5,q4_a0.8_or,110223,34.900000000000134,15.20000000000006,14.520666666666648,7.747666666666634,2.6546915535552666,1.7859665569774956,179,1.0,1.0,13507
stacked_high,0.5,q4_a0.8_or,110224,27.599999999999987,18.13333333333334,11.428166666666636,8.986166666666628,2.259242017909901,1.9470792605114817,179,1.0,1.0,14080
stacked_high,0.5,q4_a0.8_or,110225,37.33333333333338,29.93333333333338,15.919666666666647,13.474666666666637,2.676124304991569,2.330481345484673,179,1.0,1.0,12737
stacked_high,0.5,q4_a0.8_or,110226,27.466666666666555,17.866666666666674,12.65416666666664,9.015166666666632,2.2113274573968864,1.867507281364291,179,1.0,1.0,13541
stacked_high,0.5,q4_a0.8_or,110227,21.93333333333335,16.333333333333343,10.939666666666636,8.62966666666663,2.037735068217175,1.8400559840895203,179,1.0,1.0,13647
stacked_high,0.5,q4_a0.8_or,110228,36.20000000000004,21.833333333333343,16.79116666666665,9.087666666666633,3.0211977151521596,1.9003078799545776,179,1.0,1.0,13323
stacked_high,0.5,q4_a0.8_or,110229,23.500000000000085,16.033333333333346,11.20366666666664,7.813166666666631,2.1004009747664103,1.6905293134164097,179,1.0,1.0,13544
stacked_high,0.5,q4_a0.8_and,110200,30.566666666666748,24.166666666666714,13.685666666666643,11.757166666666635,2.5119739101078453,2.173056372809638,159,1.0,1.0,12493
stacked_high,0.5,q4_a0.8_and,110201,28.233333333333313,22.46666666666669,12.83866666666664,10.493666666666634,2.341495024001553,1.9805881572343274,160,1.0,1.0,14015
stacked_high,0.5,q4_a0.8_and,110202,26.9,27.000000000000007,13.385166666666644,11.743666666666645,2.3933413661406613,2.4008034272962266,159,1.0,1.0,13020
stacked_high,0.5,q4_a0.8_and,110203,22.86666666666659,15.133333333333425,10.963166666666636,7.10366666666663,2.0794682182732567,1.7225272196174881,154,1.0,1.0,14892
stacked_high,0.5,q4_a0.8_and,110204,29.400000000000013,19.266666666666666,13.951166666666648,10.241166666666638,2.365339620273704,1.9952952069325938,159,1.0,1.0,12346
stacked_high,0.5,q4_a0.8_and,110205,19.93333333333336,15.266666666666687,8.385166666666636,6.675166666666632,1.8831944877085485,1.7221517302623106,152,1.0,1.0,14273
stacked_high,0.5,q4_a0.8_and,110206,19.26666666666668,21.799999999999997,9.250166666666628,10.103166666666631,1.8600625733743745,1.9866756141010202,152,1.0,1.0,13519
stacked_high,0.5,q4_a0.8_and,110207,29.133333333333326,17.666666666666707,13.343666666666639,8.946666666666635,2.337592203067208,1.8468464664358097,163,1.0,1.0,12769
stacked_high,0.5,q4_a0.8_and,110208,25.46666666666671,18.133333333333333,12.034166666666637,8.87366666666663,2.208919387614281,1.936910452290503,161,1.0,1.0,14221
stacked_high,0.5,q4_a0.8_and,110209,27.26666666666668,21.266666666666666,12.777666666666642,10.87316666666664,2.3896521647198905,2.2861990300908595,163,1.0,1.0,13483
stacked_high,0.5,q4_a0.8_and,110210,20.1666666666667,16.40000000000002,7.910166666666627,7.219166666666627,1.8006934853951424,1.7019368201698044,152,1.0,1.0,14998
stacked_high,0.5,q4_a0.8_and,110211,29.733333333333384,22.9,12.247166666666642,10.381666666666629,2.221840945399848,2.048969685451335,162,1.0,1.0,12186
stacked_high,0.5,q4_a0.8_and,110212,38.20000000000001,40.200000000000024,18.211166666666646,19.457166666666655,2.9750168505142427,3.205408410317316,157,1.0,1.0,12286
stacked_high,0.5,q4_a0.8_and,110213,22.80000000000004,16.56666666666669,12.066166666666643,8.184166666666634,2.2952710508003675,1.8153760841584679,151,1.0,1.0,13820
stacked_high,0.5,q4_a0.8_and,110214,19.566666666666684,19.80000000000001,8.359666666666632,7.484166666666629,1.8725614784341147,1.7941690245447584,160,1.0,1.0,14389
stacked_high,0.5,q4_a0.8_and,110215,26.600000000000065,16.36666666666669,10.497666666666637,8.390666666666629,2.167109351758282,1.840683958494986,158,1.0,1.0,12780
stacked_high,0.5,q4_a0.8_and,110216,16.933333333333337,14.500000000000028,7.753166666666638,6.354666666666637,1.7345762435378254,1.6307104122223106,147,1.0,1.0,15885
stacked_high,0.5,q4_a0.8_and,110217,26.200000000000024,29.566666666666706,13.89966666666664,16.19266666666665,2.574052063729338,2.9433396161534917,162,1.0,1.0,12748
stacked_high,0.5,q4_a0.8_and,110218,30.53333333333343,40.60000000000001,15.002666666666642,17.85266666666665,2.6615447759022612,3.181538165254466,164,1.0,1.0,12995
stacked_high,0.5,q4_a0.8_and,110219,20.933333333333465,27.166666666666707,10.417666666666635,12.08616666666664,1.8696921744183341,2.1630473133184513,159,1.0,1.0,12861
stacked_high,0.5,q4_a0.8_and,110220,21.500000000000014,22.866666666666745,9.175666666666633,10.584166666666636,1.8575549881104214,2.141157329519044,154,1.0,1.0,12970
stacked_high,0.5,q4_a0.8_and,110221,34.53333333333333,20.933333333333337,16.438666666666645,10.522166666666637,2.8853948983125934,2.1470821908833457,158,1.0,1.0,12551
stacked_high,0.5,q4_a0.8_and,110222,24.0,17.733333333333384,10.896666666666636,7.78366666666663,2.0291878569152346,1.7173496201586982,154,1.0,1.0,13416
stacked_high,0.5,q4_a0.8_and,110223,34.900000000000134,24.733333333333377,14.520666666666648,10.981666666666635,2.6546915535552666,2.06990696851851,153,1.0,1.0,13842
stacked_high,0.5,q4_a0.8_and,110224,27.599999999999987,21.933333333333373,11.428166666666636,9.638166666666628,2.259242017909901,1.9948756833493702,155,1.0,1.0,14137
stacked_high,0.5,q4_a0.8_and,110225,37.33333333333338,19.800000000000033,15.919666666666647,9.863166666666636,2.676124304991569,2.006003796143885,144,1.0,1.0,12449
stacked_high,0.5,q4_a0.8_and,110226,27.466666666666555,22.100000000000023,12.65416666666664,10.613166666666638,2.2113274573968864,1.995685811744722,161,1.0,1.0,13405
stacked_high,0.5,q4_a0.8_and,110227,21.93333333333335,18.766666666666737,10.939666666666636,9.639666666666633,2.037735068217175,1.9640821287058676,161,1.0,1.0,13409
stacked_high,0.5,q4_a0.8_and,110228,36.20000000000004,41.06666666666683,16.79116666666665,16.988166666666654,3.0211977151521596,3.0286084405400557,159,1.0,1.0,12410
stacked_high,0.5,q4_a0.8_and,110229,23.500000000000085,23.86666666666669,11.20366666666664,9.340166666666635,2.1004009747664103,1.8804843071931492,158,1.0,1.0,13958
stacked_high,0.5,q4_a1.5_or,110200,30.566666666666748,24.166666666666714,13.685666666666643,11.757166666666635,2.5119739101078453,2.173056372809638,161,1.0,1.0,12493
stacked_high,0.5,q4_a1.5_or,110201,28.233333333333313,22.46666666666669,12.83866666666664,10.493666666666634,2.341495024001553,1.9805881572343274,164,1.0,1.0,14015
stacked_high,0.5,q4_a1.5_or,110202,26.9,27.000000000000007,13.385166666666644,11.743666666666645,2.3933413661406613,2.4008034272962266,164,1.0,1.0,13020
stacked_high,0.5,q4_a1.5_or,110203,22.86666666666659,15.133333333333425,10.963166666666636,7.10366666666663,2.0794682182732567,1.7225272196174881,161,1.0,1.0,14892
stacked_high,0.5,q4_a1.5_or,110204,29.400000000000013,19.266666666666666,13.951166666666648,10.241166666666638,2.365339620273704,1.9952952069325938,161,1.0,1.0,12346
stacked_high,0.5,q4_a1.5_or,110205,19.93333333333336,15.266666666666687,8.385166666666636,6.675166666666632,1.8831944877085485,1.7221517302623106,161,1.0,1.0,14273
stacked_high,0.5,q4_a1.5_or,110206,19.26666666666668,25.200000000000045,9.250166666666628,13.812666666666644,1.8600625733743745,2.4409027444158427,165,1.0,1.0,12619
stacked_high,0.5,q4_a1.5_or,110207,29.133333333333326,17.666666666666707,13.343666666666639,8.946666666666635,2.337592203067208,1.8468464664358097,164,1.0,1.0,12769
stacked_high,0.5,q4_a1.5_or,110208,25.46666666666671,18.133333333333333,12.034166666666637,8.87366666666663,2.208919387614281,1.936910452290503,164,1.0,1.0,14221
stacked_high,0.5,q4_a1.5_or,110209,27.26666666666668,21.266666666666666,12.777666666666642,10.87316666666664,2.3896521647198905,2.2861990300908595,164,1.0,1.0,13483
stacked_high,0.5,q4_a1.5_or,110210,20.1666666666667,16.40000000000002,7.910166666666627,7.202166666666629,1.8006934853951424,1.6975376998388825,162,1.0,1.0,14868
stacked_high,0.5,q4_a1.5_or,110211,29.733333333333384,22.9,12.247166666666642,10.381666666666629,2.221840945399848,2.048969685451335,164,1.0,1.0,12186
stacked_high,0.5,q4_a1.5_or,110212,38.20000000000001,40.200000000000024,18.211166666666646,19.457166666666655,2.9750168505142427,3.205408410317316,161,1.0,1.0,12286
stacked_high,0.5,q4_a1.5_or,110213,22.80000000000004,16.4,12.066166666666643,8.173666666666636,2.2952710508003675,1.8185267497904545,163,1.0,1.0,14086
stacked_high,0.5,q4_a1.5_or,110214,19.566666666666684,19.80000000000001,8.359666666666632,7.484166666666629,1.8725614784341147,1.7941690245447584,164,1.0,1.0,14389
stacked_high,0.5,q4_a1.5_or,110215,26.600000000000065,16.36666666666669,10.497666666666637,8.390666666666629,2.167109351758282,1.840683958494986,161,1.0,1.0,12780
stacked_high,0.5,q4_a1.5_or,110216,16.933333333333337,16.800000000000068,7.753166666666638,6.8481666666666365,1.7345762435378254,1.7109830068067609,159,1.0,1.0,15077
stacked_high,0.5,q4_a1.5_or,110217,26.200000000000024,29.566666666666706,13.89966666666664,16.19266666666665,2.574052063729338,2.9433396161534917,164,1.0,1.0,12748
stacked_high,0.5,q4_a1.5_or,110218,30.53333333333343,40.60000000000001,15.002666666666642,17.85266666666665,2.6615447759022612,3.181538165254466,164,1.0,1.0,12995
stacked_high,0.5,q4_a1.5_or,110219,20.933333333333465,27.166666666666707,10.417666666666635,12.08616666666664,1.8696921744183341,2.1630473133184513,164,1.0,1.0,12861
stacked_high,0.5,q4_a1.5_or,110220,21.500000000000014,22.866666666666745,9.175666666666633,10.584166666666636,1.8575549881104214,2.141157329519044,163,1.0,1.0,12970
stacked_high,0.5,q4_a1.5_or,110221,34.53333333333333,20.933333333333337,16.438666666666645,10.522166666666637,2.8853948983125934,2.1470821908833457,164,1.0,1.0,12551
stacked_high,0.5,q4_a1.5_or,110222,24.0,17.733333333333384,10.896666666666636,7.78366666666663,2.0291878569152346,1.7173496201586982,163,1.0,1.0,13416
stacked_high,0.5,q4_a1.5_or,110223,34.900000000000134,24.733333333333377,14.520666666666648,10.981666666666635,2.6546915535552666,2.06990696851851,164,1.0,1.0,13842
stacked_high,0.5,q4_a1.5_or,110224,27.599999999999987,21.933333333333373,11.428166666666636,9.638166666666628,2.259242017909901,1.9948756833493702,164,1.0,1.0,14137
stacked_high,0.5,q4_a1.5_or,110225,37.33333333333338,19.800000000000033,15.919666666666647,9.863166666666636,2.676124304991569,2.006003796143885,161,1.0,1.0,12449
stacked_high,0.5,q4_a1.5_or,110226,27.466666666666555,22.100000000000023,12.65416666666664,10.547166666666637,2.2113274573968864,1.9807999404873837,162,1.0,1.0,13093
stacked_high,0.5,q4_a1.5_or,110227,21.93333333333335,18.766666666666737,10.939666666666636,9.639666666666633,2.037735068217175,1.9640821287058676,164,1.0,1.0,13409
stacked_high,0.5,q4_a1.5_or,110228,36.20000000000004,41.06666666666683,16.79116666666665,16.988166666666654,3.0211977151521596,3.0286084405400557,162,1.0,1.0,12410
stacked_high,0.5,q4_a1.5_or,110229,23.500000000000085,19.900000000000006,11.20366666666664,8.875166666666633,2.1004009747664103,1.8091318448143496,162,1.0,1.0,13949
stacked_high,0.5,q4_a1.5_and,110200,30.566666666666748,16.533333333333374,13.685666666666643,8.105166666666632,2.5119739101078453,1.7724369739950325,151,1.0,1.0,13429
stacked_high,0.5,q4_a1.5_and,110201,28.233333333333313,22.099999999999994,12.83866666666664,10.650666666666634,2.341495024001553,2.0182791881337208,151,1.0,1.0,14224
stacked_high,0.5,q4_a1.5_and,110202,26.9,24.73333333333315,13.385166666666644,11.76266666666665,2.3933413661406613,2.494408600856191,141,1.0,1.0,12818
stacked_high,0.5,q4_a1.5_and,110203,22.86666666666659,19.066666666666677,10.963166666666636,7.667166666666633,2.0794682182732567,1.777323441094174,130,1.0,1.0,14335
stacked_high,0.5,q4_a1.5_and,110204,29.400000000000013,18.700000000000074,13.951166666666648,8.687666666666637,2.365339620273704,1.8726287238209907,140,1.0,1.0,12636
stacked_high,0.5,q4_a1.5_and,110205,19.93333333333336,14.466666666666697,8.385166666666636,7.0306666666666295,1.8831944877085485,1.8133001330408078,147,1.0,1.0,13780
stacked_high,0.5,q4_a1.5_and,110206,19.26666666666668,19.433333333333337,9.250166666666628,10.000666666666634,1.8600625733743745,2.006238668263827,145,1.0,1.0,13975
stacked_high,0.5,q4_a1.5_and,110207,29.133333333333326,18.0666666666667,13.343666666666639,8.005166666666627,2.337592203067208,1.7650182432389525,144,1.0,1.0,14408
stacked_high,0.5,q4_a1.5_and,110208,25.46666666666671,14.000000000000057,12.034166666666637,6.613666666666627,2.208919387614281,1.699011202249403,138,1.0,1.0,14716
stacked_high,0.5,q4_a1.5_and,110209,27.26666666666668,17.80000000000001,12.777666666666642,8.979666666666633,2.3896521647198905,2.0193881710006227,150,1.0,1.0,13880
stacked_high,0.5,q4_a1.5_and,110210,20.1666666666667,13.933333333333373,7.910166666666627,5.769666666666629,1.8006934853951424,1.5907650496206183,138,1.0,1.0,15061
stacked_high,0.5,q4_a1.5_and,110211,29.733333333333384,22.066666666666713,12.247166666666642,10.339166666666632,2.221840945399848,1.9625192102303928,147,1.0,1.0,12763
stacked_high,0.5,q4_a1.5_and,110212,38.20000000000001,23.333333333333343,18.211166666666646,11.59766666666663,2.9750168505142427,2.0532744537314316,147,1.0,1.0,12129
stacked_high,0.5,q4_a1.5_and,110213,22.80000000000004,16.36666666666659,12.066166666666643,8.757666666666633,2.2952710508003675,1.8359402734151293,144,1.0,1.0,13852
stacked_high,0.5,q4_a1.5_and,110214,19.566666666666684,22.066666666666677,8.359666666666632,8.381166666666633,1.8725614784341147,1.9852482094126835,134,1.0,1.0,14371
stacked_high,0.5,q4_a1.5_and,110215,26.600000000000065,23.699999999999875,10.497666666666637,11.82866666666664,2.167109351758282,2.236815375809896,148,1.0,1.0,12424
stacked_high,0.5,q4_a1.5_and,110216,16.933333333333337,14.266666666666673,7.753166666666638,5.959666666666636,1.7345762435378254,1.6078621918119937,141,1.0,1.0,15523
stacked_high,0.5,q4_a1.5_and,110217,26.200000000000024,12.766666666666694,13.89966666666664,5.676166666666627,2.574052063729338,1.604062648622953,140,1.0,1.0,14776
stacked_high,0.5,q4_a1.5_and,110218,30.53333333333343,29.53333333333334,15.002666666666642,12.803666666666638,2.6615447759022612,2.596864681610439,141,1.0,1.0,13617
stacked_high,0.5,q4_a1.5_and,110219,20.933333333333465,16.66666666666668,10.417666666666635,8.117166666666632,1.8696921744183341,1.7950661257521106,149,1.0,1.0,13218
stacked_high,0.5,q4_a1.5_and,110220,21.500000000000014,18.600000000000065,9.175666666666633,8.933166666666631,1.8575549881104214,1.9132310010144107,137,1.0,1.0,12523
stacked_high,0.5,q4_a1.5_and,110221,34.53333333333333,24.133333333333333,16.438666666666645,10.83316666666664,2.8853948983125934,2.235030832643576,145,1.0,1.0,12859
stacked_high,0.5,q4_a1.5_and,110222,24.0,17.566666666666464,10.896666666666636,8.065666666666635,2.0291878569152346,1.8245943795733242,146,1.0,1.0,13202
stacked_high,0.5,q4_a1.5_and,110223,34.900000000000134,17.06666666666667,14.520666666666648,8.765166666666632,2.6546915535552666,1.9454352762176887,123,1.0,1.0,12795
stacked_high,0.5,q4_a1.5_and,110224,27.599999999999987,22.199999999999996,11.428166666666636,8.82266666666663,2.259242017909901,1.8817868752343478,146,1.0,1.0,15012
stacked_high,0.5,q4_a1.5_and,110225,37.33333333333338,27.999999999999744,15.919666666666647,12.68166666666664,2.676124304991569,2.357512792333271,144,1.0,1.0,12561
stacked_high,0.5,q4_a1.5_and,110226,27.466666666666555,18.366666666666703,12.65416666666664,8.929666666666636,2.2113274573968864,1.8840015132806969,141,1.0,1.0,12787
stacked_high,0.5,q4_a1.5_and,110227,21.93333333333335,27.733333333333334,10.939666666666636,11.240166666666642,2.037735068217175,2.4447957648314893,146,1.0,1.0,13122
stacked_high,0.5,q4_a1.5_and,110228,36.20000000000004,18.033333333333346,16.79116666666665,8.51866666666663,3.0211977151521596,1.7523511580514084,136,1.0,1.0,13219
stacked_high,0.5,q4_a1.5_and,110229,23.500000000000085,26.80000000000001,11.20366666666664,11.825666666666638,2.1004009747664103,2.188525817216391,149,1.0,1.0,13088
stacked_high,0.5,q8_a0.8_or,110200,30.566666666666748,31.599999999999795,13.685666666666643,15.489666666666643,2.5119739101078453,2.7819229511984758,179,1.0,1.0,12509
stacked_high,0.5,q8_a0.8_or,110201,28.233333333333313,26.733333333333327,12.83866666666664,10.997166666666633,2.341495024001553,2.0279725544835587,179,1.0,1.0,13952
stacked_high,0.5,q8_a0.8_or,110202,26.9,14.899999999999721,13.385166666666644,6.046666666666636,2.3933413661406613,1.6869896702909395,179,1.0,1.0,14818
stacked_high,0.5,q8_a0.8_or,110203,22.86666666666659,15.333333333333336,10.963166666666636,5.960166666666632,2.0794682182732567,1.5788273725000586,179,1.0,1.0,14623
stacked_high,0.5,q8_a0.8_or,110204,29.400000000000013,18.60000000000005,13.951166666666648,9.838666666666636,2.365339620273704,1.8621322894739643,179,1.0,1.0,12721
stacked_high,0.5,q8_a0.8_or,110205,19.93333333333336,17.666666666666373,8.385166666666636,7.737666666666629,1.8831944877085485,1.766550389661556,179,1.0,1.0,15335
stacked_high,0.5,q8_a0.8_or,110206,19.26666666666668,22.200000000000017,9.250166666666628,10.365666666666634,1.8600625733743745,2.0231904690580373,179,1.0,1.0,13311
stacked_high,0.5,q8_a0.8_or,110207,29.133333333333326,19.133333333333375,13.343666666666639,8.966166666666629,2.337592203067208,1.8451749596390306,179,1.0,1.0,13215
stacked_high,0.5,q8_a0.8_or,110208,25.46666666666671,19.733333333333384,12.034166666666637,8.12416666666663,2.208919387614281,1.8111262329410003,179,1.0,1.0,13798
stacked_high,0.5,q8_a0.8_or,110209,27.26666666666668,29.133333333333383,12.777666666666642,11.371166666666634,2.3896521647198905,2.2117704474858333,179,1.0,1.0,13231
stacked_high,0.5,q8_a0.8_or,110210,20.1666666666667,15.933333333333351,7.910166666666627,6.41966666666663,1.8006934853951424,1.6180252388237852,179,1.0,1.0,15701
stacked_high,0.5,q8_a0.8_or,110211,29.733333333333384,22.333333333333087,12.247166666666642,10.143166666666636,2.221840945399848,1.9916694310078182,179,1.0,1.0,12979
stacked_high,0.5,q8_a0.8_or,110212,38.20000000000001,39.36666666666659,18.211166666666646,17.74066666666665,2.9750168505142427,2.928044354110504,179,1.0,1.0,12153
stacked_high,0.5,q8_a0.8_or,110213,22.80000000000004,17.066666666666677,12.066166666666643,8.945166666666635,2.2952710508003675,1.89347977569721,179,1.0,1.0,13358
stacked_high,0.5,q8_a0.8_or,110214,19.566666666666684,18.10000000000001,8.359666666666632,7.677666666666632,1.8725614784341147,1.8030042213492925,179,1.0,1.0,14530
stacked_high,0.5,q8_a0.8_or,110215,26.600000000000065,30.000000000000036,10.497666666666637,12.420166666666638,2.167109351758282,2.310697624544184,179,1.0,1.0,12283
stacked_high,0.5,q8_a0.8_or,110216,16.933333333333337,12.033333333333346,7.753166666666638,5.530666666666636,1.7345762435378254,1.583537146134196,179,1.0,1.0,15644
stacked_high,0.5,q8_a0.8_or,110217,26.200000000000024,17.06666666666667,13.89966666666664,7.18466666666663,2.574052063729338,1.9091098967051539,179,1.0,1.0,13064
stacked_high,0.5,q8_a0.8_or,110218,30.53333333333343,37.10000000000015,15.002666666666642,16.73666666666665,2.6615447759022612,3.12310915420842,179,1.0,1.0,12802
stacked_high,0.5,q8_a0.8_or,110219,20.933333333333465,25.46666666666671,10.417666666666635,11.663666666666634,1.8696921744183341,2.1069054604743247,179,1.0,1.0,12517
stacked_high,0.5,q8_a0.8_or,110220,21.500000000000014,16.53333333333338,9.175666666666633,7.039666666666626,1.8575549881104214,1.686422569555751,179,1.0,1.0,13671
stacked_high,0.5,q8_a0.8_or,110221,34.53333333333333,19.733333333333377,16.438666666666645,10.748666666666638,2.8853948983125934,2.176452237769201,179,1.0,1.0,12316
stacked_high,0.5,q8_a0.8_or,110222,24.0,18.466666666666704,10.896666666666636,8.427666666666637,2.0291878569152346,1.8437206727318343,179,1.0,1.0,13243
stacked_high,0.5,q8_a0.8_or,110223,34.900000000000134,15.20000000000006,14.520666666666648,7.747666666666634,2.6546915535552666,1.7859665569774956,179,1.0,1.0,13507
stacked_high,0.5,q8_a0.8_or,110224,27.599999999999987,18.13333333333334,11.428166666666636,8.986166666666628,2.259242017909901,1.9470792605114817,179,1.0,1.0,14080
stacked_high,0.5,q8_a0.8_or,110225,37.33333333333338,29.93333333333338,15.919666666666647,13.474666666666637,2.676124304991569,2.330481345484673,179,1.0,1.0,12737
stacked_high,0.5,q8_a0.8_or,110226,27.466666666666555,17.866666666666674,12.65416666666664,9.015166666666632,2.2113274573968864,1.867507281364291,179,1.0,1.0,13541
stacked_high,0.5,q8_a0.8_or,110227,21.93333333333335,16.333333333333343,10.939666666666636,8.62966666666663,2.037735068217175,1.8400559840895203,179,1.0,1.0,13647
stacked_high,0.5,q8_a0.8_or,110228,36.20000000000004,21.833333333333343,16.79116666666665,9.087666666666633,3.0211977151521596,1.9003078799545776,179,1.0,1.0,13323
stacked_high,0.5,q8_a0.8_or,110229,23.500000000000085,16.033333333333346,11.20366666666664,7.813166666666631,2.1004009747664103,1.6905293134164097,179,1.0,1.0,13544
stacked_high,0.5,q8_a0.8_and,110200,30.566666666666748,15.000000000000014,13.685666666666643,7.829666666666631,2.5119739101078453,1.7357419928115732,127,1.0,1.0,13391
stacked_high,0.5,q8_a0.8_and,110201,28.233333333333313,22.066666666666677,12.83866666666664,10.113666666666631,2.341495024001553,2.034356874619472,106,1.0,1.0,13207
stacked_high,0.5,q8_a0.8_and,110202,26.9,16.60000000000003,13.385166666666644,6.9971666666666374,2.3933413661406613,1.7860973430863984,90,1.0,1.0,13996
stacked_high,0.5,q8_a0.8_and,110203,22.86666666666659,18.000000000000007,10.963166666666636,7.861166666666634,2.0794682182732567,1.8635107044666928,104,1.0,1.0,13525
stacked_high,0.5,q8_a0.8_and,110204,29.400000000000013,19.46666666666674,13.951166666666648,9.689166666666635,2.365339620273704,1.9630793770243602,98,1.0,1.0,12957
stacked_high,0.5,q8_a0.8_and,110205,19.93333333333336,17.13333333333341,8.385166666666636,8.688666666666634,1.8831944877085485,2.011335791765775,127,1.0,1.0,12247
stacked_high,0.5,q8_a0.8_and,110206,19.26666666666668,22.60000000000005,9.250166666666628,10.855666666666636,1.8600625733743745,2.088010684479828,131,1.0,1.0,12768
stacked_high,0.5,q8_a0.8_and,110207,29.133333333333326,24.30000000000001,13.343666666666639,10.160166666666639,2.337592203067208,2.0284725206988803,123,1.0,1.0,12961
stacked_high,0.5,q8_a0.8_and,110208,25.46666666666671,19.600000000000016,12.034166666666637,9.038666666666638,2.208919387614281,1.9941363429403964,111,1.0,1.0,13417
stacked_high,0.5,q8_a0.8_and,110209,27.26666666666668,23.466666666666704,12.777666666666642,10.998666666666633,2.3896521647198905,2.1862103447789867,115,1.0,1.0,13031
stacked_high,0.5,q8_a0.8_and,110210,20.1666666666667,16.76666666666668,7.910166666666627,6.938666666666631,1.8006934853951424,1.7519626130579604,102,1.0,1.0,14092
stacked_high,0.5,q8_a0.8_and,110211,29.733333333333384,25.20000000000006,12.247166666666642,12.257166666666635,2.221840945399848,2.2300300342703587,120,1.0,1.0,12729
stacked_high,0.5,q8_a0.8_and,110212,38.20000000000001,32.59999999999999,18.211166666666646,15.734666666666643,2.9750168505142427,2.584203669422243,129,1.0,1.0,12333
stacked_high,0.5,q8_a0.8_and,110213,22.80000000000004,22.633333333333184,12.066166666666643,11.77666666666664,2.2952710508003675,2.128473308944781,135,1.0,1.0,13255
stacked_high,0.5,q8_a0.8_and,110214,19.566666666666684,17.866666666666703,8.359666666666632,7.231166666666628,1.8725614784341147,1.7891730605570293,108,1.0,1.0,14559
stacked_high,0.5,q8_a0.8_and,110215,26.600000000000065,23.066666666666706,10.497666666666637,11.483166666666639,2.167109351758282,2.1261319463310935,135,1.0,1.0,12267
stacked_high,0.5,q8_a0.8_and,110216,16.933333333333337,16.666666666666714,7.753166666666638,6.653166666666633,1.7345762435378254,1.7464155527697875,88,1.0,1.0,14696
stacked_high,0.5,q8_a0.8_and,110217,26.200000000000024,28.73333333333337,13.89966666666664,13.805666666666644,2.574052063729338,2.731345338750407,123,1.0,1.0,11894
stacked_high,0.5,q8_a0.8_and,110218,30.53333333333343,28.400000000000013,15.002666666666642,12.83266666666664,2.6615447759022612,2.4838288126739414,123,1.0,1.0,12357
stacked_high,0.5,q8_a0.8_and,110219,20.933333333333465,15.400000000000027,10.417666666666635,7.766166666666624,1.8696921744183341,1.6927821476318274,115,1.0,1.0,13821
stacked_high,0.5,q8_a0.8_and,110220,21.500000000000014,17.566666666666677,9.175666666666633,7.7971666666666275,1.8575549881104214,1.7750428658114235,117,0.8571428571428571,1.0,13161
stacked_high,0.5,q8_a0.8_and,110221,34.53333333333333,22.4,16.438666666666645,11.118166666666639,2.8853948983125934,2.1843525591531487,107,1.0,1.0,12853
stacked_high,0.5,q8_a0.8_and,110222,24.0,18.066666666666762,10.896666666666636,8.172666666666633,2.0291878569152346,1.8382159714325415,110,1.0,1.0,13830
stacked_high,0.5,q8_a0.8_and,110223,34.900000000000134,15.46666666666669,14.520666666666648,7.530666666666636,2.6546915535552666,1.7497169204207659,111,1.0,1.0,13265
stacked_high,0.5,q8_a0.8_and,110224,27.599999999999987,15.400000000000034,11.428166666666636,7.0811666666666335,2.259242017909901,1.7564065049533277,95,1.0,1.0,14635
stacked_high,0.5,q8_a0.8_and,110225,37.33333333333338,24.933333333333394,15.919666666666647,12.676166666666637,2.676124304991569,2.2393249871919996,135,1.0,1.0,12364
stacked_high,0.5,q8_a0.8_and,110226,27.466666666666555,20.266666666666673,12.65416666666664,10.054166666666635,2.2113274573968864,1.948048028988603,120,1.0,1.0,12813
stacked_high,0.5,q8_a0.8_and,110227,21.93333333333335,18.800000000000033,10.939666666666636,8.961166666666635,2.037735068217175,1.8927132499120014,123,1.0,1.0,13568
stacked_high,0.5,q8_a0.8_and,110228,36.20000000000004,22.700000000000017,16.79116666666665,12.074666666666635,3.0211977151521596,2.3074216052621748,94,1.0,1.0,12460
stacked_high,0.5,q8_a0.8_and,110229,23.500000000000085,25.800000000000068,11.20366666666664,10.795666666666634,2.1004009747664103,2.029072577287478,112,1.0,1.0,12218
stacked_high,0.5,q8_a1.5_or,110200,30.566666666666748,16.533333333333374,13.685666666666643,8.105166666666632,2.5119739101078453,1.7724369739950325,151,1.0,1.0,13429
stacked_high,0.5,q8_a1.5_or,110201,28.233333333333313,22.099999999999994,12.83866666666664,10.650666666666634,2.341495024001553,2.0182791881337208,151,1.0,1.0,14224
stacked_high,0.5,q8_a1.5_or,110202,26.9,27.900000000000105,13.385166666666644,13.474166666666651,2.3933413661406613,2.529660834387419,151,1.0,1.0,12743
stacked_high,0.5,q8_a1.5_or,110203,22.86666666666659,19.066666666666677,10.963166666666636,7.667166666666633,2.0794682182732567,1.777323441094174,151,1.0,1.0,14335
stacked_high,0.5,q8_a1.5_or,110204,29.400000000000013,18.700000000000074,13.951166666666648,8.687666666666637,2.365339620273704,1.8726287238209907,151,1.0,1.0,12636
stacked_high,0.5,q8_a1.5_or,110205,19.93333333333336,14.466666666666697,8.385166666666636,7.0306666666666295,1.8831944877085485,1.8133001330408078,151,1.0,1.0,13780
stacked_high,0.5,q8_a1.5_or,110206,19.26666666666668,19.433333333333337,9.250166666666628,10.000666666666634,1.8600625733743745,2.006238668263827,151,1.0,1.0,13975
stacked_high,0.5,q8_a1.5_or,110207,29.133333333333326,18.0666666666667,13.343666666666639,8.005166666666627,2.337592203067208,1.7650182432389525,151,1.0,1.0,14408
stacked_high,0.5,q8_a1.5_or,110208,25.46666666666671,14.000000000000057,12.034166666666637,6.613666666666627,2.208919387614281,1.699011202249403,151,1.0,1.0,14716
stacked_high,0.5,q8_a1.5_or,110209,27.26666666666668,17.80000000000001,12.777666666666642,8.979666666666633,2.3896521647198905,2.0193881710006227,151,1.0,1.0,13880
stacked_high,0.5,q8_a1.5_or,110210,20.1666666666667,13.933333333333373,7.910166666666627,5.769666666666629,1.8006934853951424,1.5907650496206183,151,1.0,1.0,15061
stacked_high,0.5,q8_a1.5_or,110211,29.733333333333384,22.066666666666713,12.247166666666642,10.339166666666632,2.221840945399848,1.9625192102303928,151,1.0,1.0,12763
stacked_high,0.5,q8_a1.5_or,110212,38.20000000000001,23.333333333333343,18.211166666666646,11.59766666666663,2.9750168505142427,2.0532744537314316,151,1.0,1.0,12129
stacked_high,0.5,q8_a1.5_or,110213,22.80000000000004,16.36666666666659,12.066166666666643,8.757666666666633,2.2952710508003675,1.8359402734151293,151,1.0,1.0,13852
stacked_high,0.5,q8_a1.5_or,110214,19.566666666666684,22.066666666666677,8.359666666666632,7.965666666666631,1.8725614784341147,1.9449538149580448,151,1.0,1.0,13923
stacked_high,0.5,q8_a1.5_or,110215,26.600000000000065,23.699999999999875,10.497666666666637,11.82866666666664,2.167109351758282,2.236815375809896,151,1.0,1.0,12424
stacked_high,0.5,q8_a1.5_or,110216,16.933333333333337,14.266666666666673,7.753166666666638,5.959666666666636,1.7345762435378254,1.6078621918119937,151,1.0,1.0,15523
stacked_high,0.5,q8_a1.5_or,110217,26.200000000000024,12.766666666666694,13.89966666666664,5.676166666666627,2.574052063729338,1.604062648622953,151,1.0,1.0,14776
stacked_high,0.5,q8_a1.5_or,110218,30.53333333333343,29.53333333333334,15.002666666666642,12.803666666666638,2.6615447759022612,2.596864681610439,151,1.0,1.0,13617
stacked_high,0.5,q8_a1.5_or,110219,20.933333333333465,16.66666666666668,10.417666666666635,8.117166666666632,1.8696921744183341,1.7950661257521106,151,1.0,1.0,13218
stacked_high,0.5,q8_a1.5_or,110220,21.500000000000014,18.600000000000065,9.175666666666633,8.862166666666631,1.8575549881104214,1.8978330463192554,151,1.0,1.0,12107
stacked_high,0.5,q8_a1.5_or,110221,34.53333333333333,24.133333333333333,16.438666666666645,10.83316666666664,2.8853948983125934,2.235030832643576,151,1.0,1.0,12859
stacked_high,0.5,q8_a1.5_or,110222,24.0,17.566666666666464,10.896666666666636,8.065666666666635,2.0291878569152346,1.8245943795733242,151,1.0,1.0,13202
stacked_high,0.5,q8_a1.5_or,110223,34.900000000000134,17.06666666666667,14.520666666666648,8.765166666666632,2.6546915535552666,1.9454352762176887,151,1.0,1.0,12795
stacked_high,0.5,q8_a1.5_or,110224,27.599999999999987,22.199999999999996,11.428166666666636,8.82266666666663,2.259242017909901,1.8817868752343478,151,1.0,1.0,15012
stacked_high,0.5,q8_a1.5_or,110225,37.33333333333338,27.999999999999744,15.919666666666647,12.68166666666664,2.676124304991569,2.357512792333271,151,1.0,1.0,12561
stacked_high,0.5,q8_a1.5_or,110226,27.466666666666555,18.366666666666703,12.65416666666664,8.929666666666636,2.2113274573968864,1.8840015132806969,151,1.0,1.0,12787
stacked_high,0.5,q8_a1.5_or,110227,21.93333333333335,27.733333333333334,10.939666666666636,11.240166666666642,2.037735068217175,2.4447957648314893,151,1.0,1.0,13122
stacked_high,0.5,q8_a1.5_or,110228,36.20000000000004,18.266666666666673,16.79116666666665,8.519166666666626,3.0211977151521596,1.7619805173663465,151,1.0,1.0,12983
stacked_high,0.5,q8_a1.5_or,110229,23.500000000000085,26.80000000000001,11.20366666666664,11.825666666666638,2.1004009747664103,2.188525817216391,151,1.0,1.0,13088
stacked_high,0.5,q8_a1.5_and,110200,30.566666666666748,15.000000000000014,13.685666666666643,7.829666666666631,2.5119739101078453,1.7357419928115732,127,1.0,1.0,13391
stacked_high,0.5,q8_a1.5_and,110201,28.233333333333313,22.066666666666677,12.83866666666664,10.113666666666631,2.341495024001553,2.034356874619472,106,1.0,1.0,13207
stacked_high,0.5,q8_a1.5_and,110202,26.9,16.60000000000003,13.385166666666644,6.9971666666666374,2.3933413661406613,1.7860973430863984,90,1.0,1.0,13996
stacked_high,0.5,q8_a1.5_and,110203,22.86666666666659,18.000000000000007,10.963166666666636,7.861166666666634,2.0794682182732567,1.8635107044666928,104,1.0,1.0,13525
stacked_high,0.5,q8_a1.5_and,110204,29.400000000000013,19.46666666666674,13.951166666666648,9.689166666666635,2.365339620273704,1.9630793770243602,98,1.0,1.0,12957
stacked_high,0.5,q8_a1.5_and,110205,19.93333333333336,17.13333333333341,8.385166666666636,8.688666666666634,1.8831944877085485,2.011335791765775,127,1.0,1.0,12247
stacked_high,0.5,q8_a1.5_and,110206,19.26666666666668,22.60000000000005,9.250166666666628,10.855666666666636,1.8600625733743745,2.088010684479828,131,1.0,1.0,12768
stacked_high,0.5,q8_a1.5_and,110207,29.133333333333326,24.30000000000001,13.343666666666639,10.160166666666639,2.337592203067208,2.0284725206988803,123,1.0,1.0,12961
stacked_high,0.5,q8_a1.5_and,110208,25.46666666666671,19.600000000000016,12.034166666666637,9.038666666666638,2.208919387614281,1.9941363429403964,111,1.0,1.0,13417
stacked_high,0.5,q8_a1.5_and,110209,27.26666666666668,23.466666666666704,12.777666666666642,10.998666666666633,2.3896521647198905,2.1862103447789867,115,1.0,1.0,13031
stacked_high,0.5,q8_a1.5_and,110210,20.1666666666667,16.76666666666668,7.910166666666627,6.938666666666631,1.8006934853951424,1.7519626130579604,102,1.0,1.0,14092
stacked_high,0.5,q8_a1.5_and,110211,29.733333333333384,25.20000000000006,12.247166666666642,12.257166666666635,2.221840945399848,2.2300300342703587,120,1.0,1.0,12729
stacked_high,0.5,q8_a1.5_and,110212,38.20000000000001,30.80000000000001,18.211166666666646,15.28566666666664,2.9750168505142427,2.5777345730629797,131,1.0,1.0,12198
stacked_high,0.5,q8_a1.5_and,110213,22.80000000000004,22.633333333333184,12.066166666666643,11.77666666666664,2.2952710508003675,2.128473308944781,135,1.0,1.0,13255
stacked_high,0.5,q8_a1.5_and,110214,19.566666666666684,17.866666666666703,8.359666666666632,7.231166666666628,1.8725614784341147,1.7891730605570293,108,1.0,1.0,14559
stacked_high,0.5,q8_a1.5_and,110215,26.600000000000065,23.066666666666706,10.497666666666637,11.483166666666639,2.167109351758282,2.1261319463310935,135,1.0,1.0,12267
stacked_high,0.5,q8_a1.5_and,110216,16.933333333333337,16.666666666666714,7.753166666666638,6.653166666666633,1.7345762435378254,1.7464155527697875,88,1.0,1.0,14696
stacked_high,0.5,q8_a1.5_and,110217,26.200000000000024,28.73333333333337,13.89966666666664,13.805666666666644,2.574052063729338,2.731345338750407,123,1.0,1.0,11894
stacked_high,0.5,q8_a1.5_and,110218,30.53333333333343,28.400000000000013,15.002666666666642,12.83266666666664,2.6615447759022612,2.4838288126739414,123,1.0,1.0,12357
stacked_high,0.5,q8_a1.5_and,110219,20.933333333333465,15.400000000000027,10.417666666666635,7.766166666666624,1.8696921744183341,1.6927821476318274,115,1.0,1.0,13821
stacked_high,0.5,q8_a1.5_and,110220,21.500000000000014,17.566666666666677,9.175666666666633,7.7971666666666275,1.8575549881104214,1.7750428658114235,117,0.8571428571428571,1.0,13161
stacked_high,0.5,q8_a1.5_and,110221,34.53333333333333,22.4,16.438666666666645,11.118166666666639,2.8853948983125934,2.1843525591531487,107,1.0,1.0,12853
stacked_high,0.5,q8_a1.5_and,110222,24.0,18.066666666666762,10.896666666666636,8.172666666666633,2.0291878569152346,1.8382159714325415,110,1.0,1.0,13830
stacked_high,0.5,q8_a1.5_and,110223,34.900000000000134,15.46666666666669,14.520666666666648,7.530666666666636,2.6546915535552666,1.7497169204207659,111,1.0,1.0,13265
stacked_high,0.5,q8_a1.5_and,110224,27.599999999999987,15.400000000000034,11.428166666666636,7.0811666666666335,2.259242017909901,1.7564065049533277,95,1.0,1.0,14635
stacked_high,0.5,q8_a1.5_and,110225,37.33333333333338,24.933333333333394,15.919666666666647,12.676166666666637,2.676124304991569,2.2393249871919996,135,1.0,1.0,12364
stacked_high,0.5,q8_a1.5_and,110226,27.466666666666555,20.266666666666673,12.65416666666664,10.054166666666635,2.2113274573968864,1.948048028988603,120,1.0,1.0,12813
stacked_high,0.5,q8_a1.5_and,110227,21.93333333333335,18.800000000000033,10.939666666666636,8.961166666666635,2.037735068217175,1.8927132499120014,123,1.0,1.0,13568
stacked_high,0.5,q8_a1.5_and,110228,36.20000000000004,22.700000000000017,16.79116666666665,12.074666666666635,3.0211977151521596,2.3074216052621748,94,1.0,1.0,12460
stacked_high,0.5,q8_a1.5_and,110229,23.500000000000085,25.800000000000068,11.20366666666664,10.795666666666634,2.1004009747664103,2.029072577287478,112,1.0,1.0,12218
stacked_high,2.0,q2_a0.8_or,110200,31.200000000000102,39.40000000000012,13.869666666666642,17.443666666666648,2.624435940215418,3.2783118451488154,181,1.0,1.0,12240
stacked_high,2.0,q2_a0.8_or,110201,31.266666666666687,21.6666666666667,14.329666666666647,11.427666666666632,2.5673140113928863,2.129895789532348,180,1.0,1.0,13651
stacked_high,2.0,q2_a0.8_or,110202,29.800000000000082,16.400000000000006,15.242666666666649,7.109666666666638,2.6790683463325853,1.7937365774035348,181,1.0,1.0,14407
stacked_high,2.0,q2_a0.8_or,110203,24.60000000000001,18.266666666666666,10.920666666666634,7.896666666666629,2.15995212185212,1.8130566226171423,181,1.0,1.0,14088
stacked_high,2.0,q2_a0.8_or,110204,33.3333333333332,20.9999999999998,15.484666666666655,9.441666666666638,2.6663304801226717,1.9658363828043364,181,1.0,1.0,12309
stacked_high,2.0,q2_a0.8_or,110205,19.799999999999727,19.066666666666677,9.873666666666637,8.286666666666632,2.100456303930795,1.881381720574181,181,1.0,1.0,13993
stacked_high,2.0,q2_a0.8_or,110206,28.800000000000068,24.866666666666674,14.175666666666645,11.646666666666638,2.6291815950505906,2.1624337331882098,181,1.0,1.0,13987
stacked_high,2.0,q2_a0.8_or,110207,28.93333333333348,26.133333333333347,13.508666666666636,12.034666666666634,2.428470828058735,2.186936676467157,181,1.0,1.0,12721
stacked_high,2.0,q2_a0.8_or,110208,28.866666666666667,22.866666666666703,13.512666666666647,10.999666666666634,2.4710017081101077,2.2270954961977965,181,1.0,1.0,13610
stacked_high,2.0,q2_a0.8_or,110209,29.399999999999835,23.80000000000002,13.612666666666637,12.635666666666637,2.694825583121701,2.344692786063379,181,1.0,1.0,13168
stacked_high,2.0,q2_a0.8_or,110210,20.66666666666668,22.666666666666707,8.964666666666629,9.217666666666632,1.967535364100054,2.0891485824524207,181,1.0,1.0,14513
stacked_high,2.0,q2_a0.8_or,110211,30.26666666666665,24.533333333333346,13.482666666666642,11.509666666666638,2.4052373584085216,2.2240280784012403,181,1.0,1.0,12317
stacked_high,2.0,q2_a0.8_or,110212,39.8666666666667,44.866666666666674,18.65666666666665,19.606666666666655,3.2047140040162656,3.189202882788915,181,1.0,1.0,12658
stacked_high,2.0,q2_a0.8_or,110213,25.800000000000082,20.533333333333417,13.135666666666644,11.001666666666639,2.3880980423092457,2.1597495171184184,181,1.0,1.0,13327
stacked_high,2.0,q2_a0.8_or,110214,24.60000000000003,18.80000000000001,10.348666666666634,8.493666666666632,2.1784631578568767,1.9744627147185378,181,1.0,1.0,14250
stacked_high,2.0,q2_a0.8_or,110215,33.53333333333316,33.6,11.818666666666639,13.435666666666645,2.3886397263032944,2.605225032628157,181,1.0,1.0,13145
stacked_high,2.0,q2_a0.8_or,110216,22.066666666666606,14.733333333333178,8.95366666666664,6.640666666666639,1.9520449804528672,1.7307822915983555,179,1.0,1.0,15588
stacked_high,2.0,q2_a0.8_or,110217,27.266666666666666,23.400000000000027,14.776666666666642,9.767666666666633,2.843635211800011,2.19070352507523,180,1.0,1.0,12961
stacked_high,2.0,q2_a0.8_or,110218,35.20000000000003,38.86666666666679,16.411666666666644,17.571666666666648,2.994740973796506,3.2402779427776442,181,1.0,1.0,12454
stacked_high,2.0,q2_a0.8_or,110219,20.800000000000047,25.13333333333336,10.55766666666663,12.430666666666637,1.9543252654219905,2.1867617971053006,181,1.0,1.0,12804
stacked_high,2.0,q2_a0.8_or,110220,22.86666666666668,19.200000000000045,10.40966666666663,9.05066666666663,2.101531614056727,1.8440840886320142,181,1.0,1.0,13006
stacked_high,2.0,q2_a0.8_or,110221,47.400000000000006,28.066666666666663,19.26466666666665,15.548666666666648,3.4552895686253122,2.8445944048362195,184,1.0,1.0,11822
stacked_high,2.0,q2_a0.8_or,110222,21.466666666666796,22.666666666666714,11.453666666666638,10.50666666666664,2.0720935853761233,2.143728755762103,181,1.0,1.0,13257
stacked_high,2.0,q2_a0.8_or,110223,35.26666666666667,18.266666666666566,14.464666666666647,8.896666666666633,2.6132951101302195,1.9013475734471832,181,1.0,1.0,13284
stacked_high,2.0,q2_a0.8_or,110224,27.86666666666666,31.000000000000036,13.040666666666642,11.90066666666663,2.424848906402863,2.2358357848784522,181,1.0,1.0,13352
stacked_high,2.0,q2_a0.8_or,110225,37.73333333333339,27.6,16.450666666666645,13.605666666666641,2.890814986695336,2.4328696958596256,181,1.0,1.0,12663
stacked_high,2.0,q2_a0.8_or,110226,22.333333333333343,20.3333333333334,11.489666666666634,9.924666666666637,2.1189581015726433,1.9293085617558288,180,1.0,1.0,12678
stacked_high,2.0,q2_a0.8_or,110227,29.866666666666532,21.800000000000047,12.391666666666644,10.415666666666635,2.382501947882261,2.038751138347647,180,1.0,1.0,13192
stacked_high,2.0,q2_a0.8_or,110228,36.466666666666704,23.00000000000002,17.43066666666665,10.981666666666634,3.305814476589108,2.2145944524147,182,1.0,1.0,12354
stacked_high,2.0,q2_a0.8_or,110229,23.666666666666742,14.400000000000034,11.407666666666639,7.175666666666628,2.1090783930452566,1.663659708039694,181,1.0,1.0,12877
stacked_high,2.0,q2_a0.8_and,110200,31.200000000000102,23.400000000000034,13.869666666666642,12.164666666666633,2.624435940215418,2.2920117786999974,169,1.0,1.0,12591
stacked_high,2.0,q2_a0.8_and,110201,31.266666666666687,18.79999999999967,14.329666666666647,9.920666666666628,2.5673140113928863,2.0309718474926597,175,1.0,1.0,13439
stacked_high,2.0,q2_a0.8_and,110202,29.800000000000082,28.000000000000057,15.242666666666649,13.222666666666646,2.6790683463325853,2.626052073085159,171,1.0,1.0,12949
stacked_high,2.0,q2_a0.8_and,110203,24.60000000000001,31.133333333333212,10.920666666666634,13.438666666666645,2.15995212185212,2.5216910717149,175,1.0,1.0,13626
stacked_high,2.0,q2_a0.8_and,110204,33.3333333333332,20.73333333333335,15.484666666666655,10.936666666666637,2.6663304801226717,2.0594059649454852,169,1.0,1.0,12620
stacked_high,2.0,q2_a0.8_and,110205,19.799999999999727,18.066666666666706,9.873666666666637,9.930666666666632,2.100456303930795,2.0788914877153717,175,1.0,1.0,13488
stacked_high,2.0,q2_a0.8_and,110206,28.800000000000068,21.533333333333346,14.175666666666645,10.814666666666632,2.6291815950505906,2.13265879903189,169,1.0,1.0,13540
stacked_high,2.0,q2_a0.8_and,110207,28.93333333333348,25.200000000000017,13.508666666666636,12.22766666666664,2.428470828058735,2.210760416260278,175,1.0,1.0,12541
stacked_high,2.0,q2_a0.8_and,110208,28.866666666666667,19.53333333333336,13.512666666666647,9.149666666666633,2.4710017081101077,2.219130840458331,168,1.0,1.0,13653
stacked_high,2.0,q2_a0.8_and,110209,29.399999999999835,25.800000000000033,13.612666666666637,12.15066666666664,2.694825583121701,2.5729689508639075,170,1.0,1.0,12257
stacked_high,2.0,q2_a0.8_and,110210,20.66666666666668,15.066666666666684,8.964666666666629,7.2056666666666285,1.967535364100054,1.8020932178544251,170,1.0,1.0,13982
stacked_high,2.0,q2_a0.8_and,110211,30.26666666666665,22.333333333333357,13.482666666666642,10.879666666666635,2.4052373584085216,2.187977549349347,169,1.0,1.0,12137
stacked_high,2.0,q2_a0.8_and,110212,39.8666666666667,45.66666666666666,18.65666666666665,21.231666666666655,3.2047140040162656,3.608298388961559,175,1.0,1.0,12279
stacked_high,2.0,q2_a0.8_and,110213,25.800000000000082,18.133333333333383,13.135666666666644,8.862666666666637,2.3880980423092457,1.9759402312284997,158,1.0,1.0,13704
stacked_high,2.0,q2_a0.8_and,110214,24.60000000000003,22.066666666666677,10.348666666666634,8.73366666666663,2.1784631578568767,1.9966494850710255,171,1.0,1.0,13082
stacked_high,2.0,q2_a0.8_and,110215,33.53333333333316,23.866666666666667,11.818666666666639,11.331666666666639,2.3886397263032944,2.275847379065986,170,1.0,1.0,12424
stacked_high,2.0,q2_a0.8_and,110216,22.066666666666606,14.800000000000026,8.95366666666664,6.520666666666637,1.9520449804528672,1.711487645300997,165,1.0,1.0,14780
stacked_high,2.0,q2_a0.8_and,110217,27.266666666666666,37.2,14.776666666666642,16.11566666666665,2.843635211800011,3.1984250086209283,175,1.0,1.0,12763
stacked_high,2.0,q2_a0.8_and,110218,35.20000000000003,38.06666666666665,16.411666666666644,17.038666666666646,2.994740973796506,2.908212879677146,175,1.0,1.0,12897
stacked_high,2.0,q2_a0.8_and,110219,20.800000000000047,27.66666666666646,10.55766666666663,13.277666666666644,1.9543252654219905,2.373304166837574,167,1.0,1.0,13135
stacked_high,2.0,q2_a0.8_and,110220,22.86666666666668,27.466666666666654,10.40966666666663,11.837666666666637,2.101531614056727,2.380383917261797,164,1.0,1.0,12782
stacked_high,2.0,q2_a0.8_and,110221,47.400000000000006,28.266666666666666,19.26466666666665,14.79766666666665,3.4552895686253122,2.79020798397627,175,1.0,1.0,12478
stacked_high,2.0,q2_a0.8_and,110222,21.466666666666796,20.800000000000004,11.453666666666638,9.75666666666663,2.0720935853761233,1.9800312300000278,175,1.0,1.0,12870
stacked_high,2.0,q2_a0.8_and,110223,35.26666666666667,27.666666666666515,14.464666666666647,13.937666666666644,2.6132951101302195,2.551077601572955,153,1.0,1.0,13320
stacked_high,2.0,q2_a0.8_and,110224,27.86666666666666,25.2666666666667,13.040666666666642,11.23766666666663,2.424848906402863,2.1713954997842078,175,1.0,1.0,13138
stacked_high,2.0,q2_a0.8_and,110225,37.73333333333339,25.866666666666674,16.450666666666645,12.470666666666638,2.890814986695336,2.335767581565782,166,1.0,1.0,11962
stacked_high,2.0,q2_a0.8_and,110226,22.333333333333343,27.200000000000017,11.489666666666634,13.404666666666646,2.1189581015726433,2.5040382902670864,170,1.0,1.0,13068
stacked_high,2.0,q2_a0.8_and,110227,29.866666666666532,22.133333333333375,12.391666666666644,11.108666666666636,2.382501947882261,2.1457957974157478,175,1.0,1.0,12968
stacked_high,2.0,q2_a0.8_and,110228,36.466666666666704,34.8000000000001,17.43066666666665,15.188666666666652,3.305814476589108,2.886179888442275,172,1.0,1.0,12287
stacked_high,2.0,q2_a0.8_and,110229,23.666666666666742,24.666666666666664,11.407666666666639,10.52266666666664,2.1090783930452566,2.0411011717973344,166,1.0,1.0,13843
stacked_high,2.0,q2_a1.5_or,110200,31.200000000000102,21.6666666666667,13.869666666666642,11.519666666666636,2.624435940215418,2.2267732611811817,177,1.0,1.0,12452
stacked_high,2.0,q2_a1.5_or,110201,31.266666666666687,21.13333333333336,14.329666666666647,11.005666666666638,2.5673140113928863,2.3383156019359825,180,1.0,1.0,13241
stacked_high,2.0,q2_a1.5_or,110202,29.800000000000082,28.000000000000057,15.242666666666649,13.222666666666646,2.6790683463325853,2.626052073085159,174,1.0,1.0,12949
stacked_high,2.0,q2_a1.5_or,110203,24.60000000000001,28.46666666666671,10.920666666666634,12.920666666666637,2.15995212185212,2.479579261658747,177,1.0,1.0,12697
stacked_high,2.0,q2_a1.5_or,110204,33.3333333333332,25.53333333333339,15.484666666666655,12.324666666666644,2.6663304801226717,2.2691917417447898,177,1.0,1.0,12014
stacked_high,2.0,q2_a1.5_or,110205,19.799999999999727,18.066666666666706,9.873666666666637,9.930666666666632,2.100456303930795,2.0788914877153717,177,1.0,1.0,13488
stacked_high,2.0,q2_a1.5_or,110206,28.800000000000068,27.733333333333405,14.175666666666645,14.681666666666645,2.6291815950505906,2.7524604610873924,179,1.0,1.0,13177
stacked_high,2.0,q2_a1.5_or,110207,28.93333333333348,20.066666666666713,13.508666666666636,9.80166666666663,2.428470828058735,1.9432301818916817,177,1.0,1.0,12915
stacked_high,2.0,q2_a1.5_or,110208,28.866666666666667,19.533333333333367,13.512666666666647,9.149666666666633,2.4710017081101077,2.219130840458331,173,1.0,1.0,13653
stacked_high,2.0,q2_a1.5_or,110209,29.399999999999835,30.533333333333324,13.612666666666637,12.588666666666645,2.694825583121701,2.5900589766036095,173,1.0,1.0,12975
stacked_high,2.0,q2_a1.5_or,110210,20.66666666666668,18.33333333333333,8.964666666666629,8.028666666666629,1.967535364100054,1.839125274753169,173,1.0,1.0,15311
stacked_high,2.0,q2_a1.5_or,110211,30.26666666666665,20.60000000000003,13.482666666666642,9.752666666666634,2.4052373584085216,2.115876808653781,174,1.0,1.0,12186
stacked_high,2.0,q2_a1.5_or,110212,39.8666666666667,45.66666666666666,18.65666666666665,21.231666666666655,3.2047140040162656,3.608298388961559,177,1.0,1.0,12279
stacked_high,2.0,q2_a1.5_or,110213,25.800000000000082,20.33333333333337,13.135666666666644,10.255666666666636,2.3880980423092457,2.0773353405187236,174,1.0,1.0,13808
stacked_high,2.0,q2_a1.5_or,110214,24.60000000000003,22.333333333333336,10.348666666666634,9.425666666666634,2.1784631578568767,2.0090586552592846,177,1.0,1.0,14234
stacked_high,2.0,q2_a1.5_or,110215,33.53333333333316,24.799999999999812,11.818666666666639,11.177666666666637,2.3886397263032944,2.2008270427038163,177,1.0,1.0,12226
stacked_high,2.0,q2_a1.5_or,110216,22.066666666666606,14.600000000000016,8.95366666666664,6.414666666666636,1.9520449804528672,1.7011702221314693,177,1.0,1.0,14946
stacked_high,2.0,q2_a1.5_or,110217,27.266666666666666,29.399999999999807,14.776666666666642,16.484666666666648,2.843635211800011,3.0782493216736153,177,1.0,1.0,12214
stacked_high,2.0,q2_a1.5_or,110218,35.20000000000003,41.53333333333335,16.411666666666644,16.688666666666645,2.994740973796506,2.9018607714828146,177,1.0,1.0,12274
stacked_high,2.0,q2_a1.5_or,110219,20.800000000000047,25.66666666666668,10.55766666666663,13.14366666666664,1.9543252654219905,2.3180746218193105,174,1.0,1.0,12570
stacked_high,2.0,q2_a1.5_or,110220,22.86666666666668,25.266666666666673,10.40966666666663,11.484666666666637,2.101531614056727,2.2539276005158335,173,1.0,1.0,12958
stacked_high,2.0,q2_a1.5_or,110221,47.400000000000006,30.733333333333334,19.26466666666665,15.14266666666665,3.4552895686253122,2.831188285215964,180,1.0,1.0,12164
stacked_high,2.0,q2_a1.5_or,110222,21.466666666666796,19.266666666666694,11.453666666666638,9.253666666666629,2.0720935853761233,1.8820669668868866,177,1.0,1.0,13046
stacked_high,2.0,q2_a1.5_or,110223,35.26666666666667,25.93333333333338,14.464666666666647,13.689666666666643,2.6132951101302195,2.492134305609009,173,1.0,1.0,12940
stacked_high,2.0,q2_a1.5_or,110224,27.86666666666666,23.800000000000004,13.040666666666642,11.50566666666663,2.424848906402863,2.206562228675894,177,1.0,1.0,13218
stacked_high,2.0,q2_a1.5_or,110225,37.73333333333339,24.866666666666696,16.450666666666645,12.601666666666638,2.890814986695336,2.3151941442703876,177,1.0,1.0,12016
stacked_high,2.0,q2_a1.5_or,110226,22.333333333333343,26.06666666666667,11.489666666666634,12.60066666666664,2.1189581015726433,2.23037931515311,177,1.0,1.0,12722
stacked_high,2.0,q2_a1.5_or,110227,29.866666666666532,21.133333333333383,12.391666666666644,10.906666666666636,2.382501947882261,2.1421049357533124,177,1.0,1.0,12671
stacked_high,2.0,q2_a1.5_or,110228,36.466666666666704,35.200000000000145,17.43066666666665,15.832666666666649,3.305814476589108,2.824625466371072,172,1.0,1.0,12229
stacked_high,2.0,q2_a1.5_or,110229,23.666666666666742,21.26666666666668,11.407666666666639,9.676666666666634,2.1090783930452566,1.9740601210349176,177,1.0,1.0,13166
stacked_high,2.0,q2_a1.5_and,110200,31.200000000000102,16.866666666666674,13.869666666666642,8.718666666666632,2.624435940215418,1.8587507262565919,151,1.0,1.0,12829
stacked_high,2.0,q2_a1.5_and,110201,31.266666666666687,26.93333333333333,14.329666666666647,11.457666666666631,2.5673140113928863,2.167816068288776,151,1.0,1.0,14027
stacked_high,2.0,q2_a1.5_and,110202,29.800000000000082,26.73333333333315,15.242666666666649,13.77666666666665,2.6790683463325853,2.6559229567789577,149,1.0,1.0,12839
stacked_high,2.0,q2_a1.5_and,110203,24.60000000000001,19.80000000000001,10.920666666666634,9.763666666666635,2.15995212185212,2.0307998841508716,149,1.0,1.0,13933
stacked_high,2.0,q2_a1.5_and,110204,33.3333333333332,21.39999999999975,15.484666666666655,10.077666666666639,2.6663304801226717,2.038285616601707,141,1.0,1.0,12343
stacked_high,2.0,q2_a1.5_and,110205,19.799999999999727,17.933333333333337,9.873666666666637,8.533666666666635,2.100456303930795,1.9935854897727137,150,1.0,1.0,13274
stacked_high,2.0,q2_a1.5_and,110206,28.800000000000068,21.53333333333339,14.175666666666645,10.859666666666637,2.6291815950505906,2.2058012315362667,149,1.0,1.0,13207
stacked_high,2.0,q2_a1.5_and,110207,28.93333333333348,20.20000000000003,13.508666666666636,9.346666666666628,2.428470828058735,1.93067662907567,145,1.0,1.0,13068
stacked_high,2.0,q2_a1.5_and,110208,28.866666666666667,16.466666666666683,13.512666666666647,7.813666666666632,2.4710017081101077,1.8080654238413454,142,1.0,1.0,14924
stacked_high,2.0,q2_a1.5_and,110209,29.399999999999835,20.800000000000004,13.612666666666637,10.37166666666663,2.694825583121701,2.1097521414374514,151,1.0,1.0,12545
stacked_high,2.0,q2_a1.5_and,110210,20.66666666666668,15.266666666666715,8.964666666666629,6.608666666666625,1.967535364100054,1.736896738730586,148,1.0,1.0,15198
stacked_high,2.0,q2_a1.5_and,110211,30.26666666666665,23.799999999999997,13.482666666666642,10.731666666666632,2.4052373584085216,2.082318030262292,146,1.0,1.0,12298
stacked_high,2.0,q2_a1.5_and,110212,39.8666666666667,31.333333333333336,18.65666666666665,13.39866666666664,3.2047140040162656,2.4663811272721876,147,1.0,1.0,11453
stacked_high,2.0,q2_a1.5_and,110213,25.800000000000082,19.933333333333366,13.135666666666644,9.871666666666636,2.3880980423092457,2.031234868847955,147,1.0,1.0,13397
stacked_high,2.0,q2_a1.5_and,110214,24.60000000000003,23.933333333333408,10.348666666666634,8.065666666666635,2.1784631578568767,2.0396452753407175,151,1.0,1.0,13084
stacked_high,2.0,q2_a1.5_and,110215,33.53333333333316,23.000000000000036,11.818666666666639,11.222666666666637,2.3886397263032944,2.1507182379995435,149,1.0,1.0,12591
stacked_high,2.0,q2_a1.5_and,110216,22.066666666666606,14.266666666666673,8.95366666666664,5.723666666666634,1.9520449804528672,1.671575526167008,148,1.0,1.0,14569
stacked_high,2.0,q2_a1.5_and,110217,27.266666666666666,16.466666666666676,14.776666666666642,7.011666666666627,2.843635211800011,1.7796119511335715,148,1.0,1.0,13843
stacked_high,2.0,q2_a1.5_and,110218,35.20000000000003,35.26666666666666,16.411666666666644,14.54866666666664,2.994740973796506,2.999330959719196,149,1.0,1.0,12243
stacked_high,2.0,q2_a1.5_and,110219,20.800000000000047,18.800000000000004,10.55766666666663,9.069666666666631,1.9543252654219905,1.9972519090196967,141,1.0,1.0,12709
stacked_high,2.0,q2_a1.5_and,110220,22.86666666666668,20.933333333333223,10.40966666666663,9.939666666666636,2.101531614056727,2.1741705731019194,151,1.0,1.0,12472
stacked_high,2.0,q2_a1.5_and,110221,47.400000000000006,25.73333333333337,19.26466666666665,12.29966666666664,3.4552895686253122,2.442412511053897,148,1.0,1.0,11556
stacked_high,2.0,q2_a1.5_and,110222,21.466666666666796,23.40000000000009,11.453666666666638,10.781666666666638,2.0720935853761233,2.191137605241961,149,1.0,1.0,14320
stacked_high,2.0,q2_a1.5_and,110223,35.26666666666667,20.133333333333155,14.464666666666647,9.883666666666635,2.6132951101302195,2.0911310502217475,134,1.0,1.0,12146
stacked_high,2.0,q2_a1.5_and,110224,27.86666666666666,22.73333333333337,13.040666666666642,9.39566666666663,2.424848906402863,2.0354446794559187,149,1.0,1.0,13372
stacked_high,2.0,q2_a1.5_and,110225,37.73333333333339,29.20000000000006,16.450666666666645,13.620666666666642,2.890814986695336,2.5280706923015264,151,1.0,1.0,11547
stacked_high,2.0,q2_a1.5_and,110226,22.333333333333343,22.000000000000014,11.489666666666634,10.228666666666637,2.1189581015726433,2.172732481433898,145,1.0,1.0,12373
stacked_high,2.0,q2_a1.5_and,110227,29.866666666666532,31.46666666666681,12.391666666666644,12.389666666666642,2.382501947882261,2.5913896139619372,151,1.0,1.0,12534
stacked_high,2.0,q2_a1.5_and,110228,36.466666666666704,21.533333333333367,17.43066666666665,9.93966666666663,3.305814476589108,1.9385573038727109,140,1.0,1.0,12873
stacked_high,2.0,q2_a1.5_and,110229,23.666666666666742,24.799999999999756,11.407666666666639,11.859666666666639,2.1090783930452566,2.1613805274419757,149,1.0,1.0,13485
stacked_high,2.0,q4_a0.8_or,110200,31.200000000000102,33.800000000000054,13.869666666666642,16.46166666666664,2.624435940215418,2.9956855322923746,179,1.0,1.0,12821
stacked_high,2.0,q4_a0.8_or,110201,31.266666666666687,21.6666666666667,14.329666666666647,11.427666666666632,2.5673140113928863,2.129895789532348,179,1.0,1.0,13651
stacked_high,2.0,q4_a0.8_or,110202,29.800000000000082,14.799999999999999,15.242666666666649,6.818666666666637,2.6790683463325853,1.7796605609345966,179,1.0,1.0,14191
stacked_high,2.0,q4_a0.8_or,110203,24.60000000000001,17.20000000000003,10.920666666666634,7.870666666666631,2.15995212185212,1.7964189902515606,179,1.0,1.0,13804
stacked_high,2.0,q4_a0.8_or,110204,33.3333333333332,20.60000000000005,15.484666666666655,10.673666666666636,2.6663304801226717,2.0185835546241466,179,1.0,1.0,12329
stacked_high,2.0,q4_a0.8_or,110205,19.799999999999727,19.066666666666677,9.873666666666637,8.286666666666632,2.100456303930795,1.881381720574181,179,1.0,1.0,13993
stacked_high,2.0,q4_a0.8_or,110206,28.800000000000068,22.0666666666667,14.175666666666645,10.978666666666635,2.6291815950505906,2.1205574739086663,179,1.0,1.0,13419
stacked_high,2.0,q4_a0.8_or,110207,28.93333333333348,23.66666666666673,13.508666666666636,11.637666666666634,2.428470828058735,2.177555554126145,179,1.0,1.0,12435
stacked_high,2.0,q4_a0.8_or,110208,28.866666666666667,22.800000000000004,13.512666666666647,11.133666666666636,2.4710017081101077,2.268641105285019,179,1.0,1.0,13168
stacked_high,2.0,q4_a0.8_or,110209,29.399999999999835,26.33333333333335,13.612666666666637,12.912666666666635,2.694825583121701,2.4019592652934434,179,1.0,1.0,13356
stacked_high,2.0,q4_a0.8_or,110210,20.66666666666668,15.06666666666672,8.964666666666629,7.0646666666666285,1.967535364100054,1.7816799669991987,179,1.0,1.0,15011
stacked_high,2.0,q4_a0.8_or,110211,30.26666666666665,25.200000000000003,13.482666666666642,12.245666666666642,2.4052373584085216,2.2657937102242958,179,1.0,1.0,12897
stacked_high,2.0,q4_a0.8_or,110212,39.8666666666667,44.866666666666674,18.65666666666665,19.606666666666655,3.2047140040162656,3.189202882788915,179,1.0,1.0,12658
stacked_high,2.0,q4_a0.8_or,110213,25.800000000000082,19.2666666666667,13.135666666666644,10.084666666666637,2.3880980423092457,2.085712391066936,179,1.0,1.0,13067
stacked_high,2.0,q4_a0.8_or,110214,24.60000000000003,20.26666666666668,10.348666666666634,8.39466666666663,2.1784631578568767,1.9291216702556317,179,1.0,1.0,13783
stacked_high,2.0,q4_a0.8_or,110215,33.53333333333316,33.73333333333333,11.818666666666639,12.943666666666642,2.3886397263032944,2.627725605092199,179,1.0,1.0,12853
stacked_high,2.0,q4_a0.8_or,110216,22.066666666666606,14.733333333333178,8.95366666666664,6.640666666666639,1.9520449804528672,1.7307822915983555,179,1.0,1.0,15588
stacked_high,2.0,q4_a0.8_or,110217,27.266666666666666,18.000000000000007,14.776666666666642,8.197666666666633,2.843635211800011,2.0553347548392304,179,1.0,1.0,12602
stacked_high,2.0,q4_a0.8_or,110218,35.20000000000003,38.86666666666679,16.411666666666644,17.571666666666648,2.994740973796506,3.2402779427776442,179,1.0,1.0,12454
stacked_high,2.0,q4_a0.8_or,110219,20.800000000000047,27.466666666666725,10.55766666666663,12.792666666666632,1.9543252654219905,2.3605262955998154,179,1.0,1.0,12046
stacked_high,2.0,q4_a0.8_or,110220,22.86666666666668,19.200000000000045,10.40966666666663,9.05066666666663,2.101531614056727,1.8440840886320142,179,1.0,1.0,13006
stacked_high,2.0,q4_a0.8_or,110221,47.400000000000006,22.733333333333377,19.26466666666665,12.25466666666664,3.4552895686253122,2.432725917701009,179,1.0,1.0,11972
stacked_high,2.0,q4_a0.8_or,110222,21.466666666666796,19.866666666666504,11.453666666666638,9.386666666666635,2.0720935853761233,2.0599740260405155,179,1.0,1.0,12640
stacked_high,2.0,q4_a0.8_or,110223,35.26666666666667,18.200000000000003,14.464666666666647,9.234666666666635,2.6132951101302195,1.973415471095646,179,1.0,1.0,13092
stacked_high,2.0,q4_a0.8_or,110224,27.86666666666666,20.400000000000006,13.040666666666642,9.727666666666629,2.424848906402863,2.095604131861055,179,1.0,1.0,12909
stacked_high,2.0,q4_a0.8_or,110225,37.73333333333339,27.6,16.450666666666645,13.605666666666641,2.890814986695336,2.4328696958596256,179,1.0,1.0,12663
stacked_high,2.0,q4_a0.8_or,110226,22.333333333333343,20.3333333333334,11.489666666666634,9.924666666666637,2.1189581015726433,1.9293085617558288,179,1.0,1.0,12678
stacked_high,2.0,q4_a0.8_or,110227,29.866666666666532,19.866666666666717,12.391666666666644,10.216666666666635,2.382501947882261,2.0409208658875637,179,1.0,1.0,12704
stacked_high,2.0,q4_a0.8_or,110228,36.466666666666704,23.866666666666667,17.43066666666665,11.234666666666634,3.305814476589108,2.2000259475122905,179,1.0,1.0,12459
stacked_high,2.0,q4_a0.8_or,110229,23.666666666666742,19.53333333333339,11.407666666666639,9.280666666666631,2.1090783930452566,1.913310113248791,179,1.0,1.0,13094
stacked_high,2.0,q4_a0.8_and,110200,31.200000000000102,25.53333333333316,13.869666666666642,12.839666666666638,2.624435940215418,2.3502666337114206,159,1.0,1.0,12444
stacked_high,2.0,q4_a0.8_and,110201,31.266666666666687,17.800000000000026,14.329666666666647,9.701666666666632,2.5673140113928863,2.106720161760177,161,1.0,1.0,13987
stacked_high,2.0,q4_a0.8_and,110202,29.800000000000082,30.60000000000003,15.242666666666649,13.005666666666645,2.6790683463325853,2.6346224852997637,159,1.0,1.0,12520
stacked_high,2.0,q4_a0.8_and,110203,24.60000000000001,18.733333333333363,10.920666666666634,8.24066666666663,2.15995212185212,1.8641977157952456,154,1.0,1.0,14689
stacked_high,2.0,q4_a0.8_and,110204,33.3333333333332,27.00000000000002,15.484666666666655,12.160666666666648,2.6663304801226717,2.2854063644466573,158,1.0,1.0,12431
stacked_high,2.0,q4_a0.8_and,110205,19.799999999999727,21.733333333333356,9.873666666666637,10.115666666666636,2.100456303930795,2.102451339491436,161,1.0,1.0,13593
stacked_high,2.0,q4_a0.8_and,110206,28.800000000000068,22.066666666666663,14.175666666666645,10.902666666666635,2.6291815950505906,2.172122000067803,156,1.0,1.0,12399
stacked_high,2.0,q4_a0.8_and,110207,28.93333333333348,25.26666666666666,13.508666666666636,11.800666666666638,2.428470828058735,2.207419166890527,156,1.0,1.0,12631
stacked_high,2.0,q4_a0.8_and,110208,28.866666666666667,23.400000000000006,13.512666666666647,10.426666666666637,2.4710017081101077,2.283313749058804,140,0.8571428571428571,1.0,13506
stacked_high,2.0,q4_a0.8_and,110209,29.399999999999835,24.333333333333364,13.612666666666637,12.06466666666664,2.694825583121701,2.5126513218947606,163,1.0,1.0,13024
stacked_high,2.0,q4_a0.8_and,110210,20.66666666666668,18.33333333333333,8.964666666666629,7.204666666666628,1.967535364100054,1.7911813511596377,150,1.0,1.0,14560
stacked_high,2.0,q4_a0.8_and,110211,30.26666666666665,24.133333333333333,13.482666666666642,11.859666666666634,2.4052373584085216,2.23150120128185,162,1.0,1.0,12421
stacked_high,2.0,q4_a0.8_and,110212,39.8666666666667,39.66666666666654,18.65666666666665,19.759666666666657,3.2047140040162656,3.4070542002894424,157,1.0,1.0,12313
stacked_high,2.0,q4_a0.8_and,110213,25.800000000000082,19.133333333333326,13.135666666666644,9.48066666666664,2.3880980423092457,2.0248731042576678,149,1.0,1.0,13563
stacked_high,2.0,q4_a0.8_and,110214,24.60000000000003,19.60000000000005,10.348666666666634,9.05266666666663,2.1784631578568767,1.9615301355729498,155,1.0,1.0,13553
stacked_high,2.0,q4_a0.8_and,110215,33.53333333333316,19.20000000000006,11.818666666666639,10.092666666666629,2.3886397263032944,2.098618648482901,158,1.0,1.0,12668
stacked_high,2.0,q4_a0.8_and,110216,22.066666666666606,19.33333333333337,8.95366666666664,7.868666666666639,1.9520449804528672,1.8299311880861189,154,1.0,1.0,14712
stacked_high,2.0,q4_a0.8_and,110217,27.266666666666666,34.0000000000001,14.776666666666642,16.498666666666654,2.843635211800011,3.209379782762728,156,1.0,1.0,11878
stacked_high,2.0,q4_a0.8_and,110218,35.20000000000003,41.99999999999999,16.411666666666644,18.783666666666655,2.994740973796506,3.4845795576707825,164,1.0,1.0,12328
stacked_high,2.0,q4_a0.8_and,110219,20.800000000000047,28.86666666666671,10.55766666666663,13.744666666666639,1.9543252654219905,2.4389749420707045,161,1.0,1.0,12145
stacked_high,2.0,q4_a0.8_and,110220,22.86666666666668,30.133333333333333,10.40966666666663,12.642666666666639,2.101531614056727,2.455640044264518,150,1.0,1.0,13540
stacked_high,2.0,q4_a0.8_and,110221,47.400000000000006,23.80000000000004,19.26466666666665,12.093666666666639,3.4552895686253122,2.4295696453276134,159,1.0,1.0,12151
stacked_high,2.0,q4_a0.8_and,110222,21.466666666666796,18.93333333333335,11.453666666666638,8.646666666666626,2.0720935853761233,1.884597906948781,152,1.0,1.0,12738
stacked_high,2.0,q4_a0.8_and,110223,35.26666666666667,27.866666666666717,14.464666666666647,13.456666666666642,2.6132951101302195,2.4477581626988063,137,1.0,1.0,12882
stacked_high,2.0,q4_a0.8_and,110224,27.86666666666666,23.333333333333336,13.040666666666642,10.685666666666632,2.424848906402863,2.1499926087880614,158,1.0,1.0,13601
stacked_high,2.0,q4_a0.8_and,110225,37.73333333333339,23.86666666666669,16.450666666666645,10.99066666666664,2.890814986695336,2.24251384424353,151,1.0,1.0,11876
stacked_high,2.0,q4_a0.8_and,110226,22.333333333333343,26.000000000000036,11.489666666666634,11.82666666666664,2.1189581015726433,2.2410973847105247,164,1.0,1.0,12427
stacked_high,2.0,q4_a0.8_and,110227,29.866666666666532,22.80000000000004,12.391666666666644,10.723666666666634,2.382501947882261,2.1516697869724313,161,1.0,1.0,12928
stacked_high,2.0,q4_a0.8_and,110228,36.466666666666704,35.733333333333476,17.43066666666665,16.45466666666665,3.305814476589108,2.9955161273120763,159,1.0,1.0,12036
stacked_high,2.0,q4_a0.8_and,110229,23.666666666666742,18.733333333333363,11.407666666666639,9.374666666666633,2.1090783930452566,1.8597466680559966,159,1.0,1.0,13557
stacked_high,2.0,q4_a1.5_or,110200,31.200000000000102,25.53333333333316,13.869666666666642,12.839666666666638,2.624435940215418,2.3502666337114206,161,1.0,1.0,12444
stacked_high,2.0,q4_a1.5_or,110201,31.266666666666687,17.800000000000026,14.329666666666647,9.701666666666632,2.5673140113928863,2.106720161760177,161,1.0,1.0,13987
stacked_high,2.0,q4_a1.5_or,110202,29.800000000000082,30.60000000000003,15.242666666666649,13.005666666666645,2.6790683463325853,2.6346224852997637,164,1.0,1.0,12520
stacked_high,2.0,q4_a1.5_or,110203,24.60000000000001,18.733333333333363,10.920666666666634,8.24066666666663,2.15995212185212,1.8641977157952456,161,1.0,1.0,14689
stacked_high,2.0,q4_a1.5_or,110204,33.3333333333332,27.400000000000063,15.484666666666655,12.067666666666648,2.6663304801226717,2.255274451232201,164,1.0,1.0,12650
stacked_high,2.0,q4_a1.5_or,110205,19.799999999999727,21.733333333333356,9.873666666666637,10.115666666666636,2.100456303930795,2.102451339491436,164,1.0,1.0,13593
stacked_high,2.0,q4_a1.5_or,110206,28.800000000000068,27.800000000000125,14.175666666666645,15.388666666666648,2.6291815950505906,2.7330839333746453,165,1.0,1.0,13035
stacked_high,2.0,q4_a1.5_or,110207,28.93333333333348,25.26666666666666,13.508666666666636,11.800666666666638,2.428470828058735,2.207419166890527,164,1.0,1.0,12631
stacked_high,2.0,q4_a1.5_or,110208,28.866666666666667,23.400000000000006,13.512666666666647,10.426666666666637,2.4710017081101077,2.283313749058804,160,1.0,1.0,13506
stacked_high,2.0,q4_a1.5_or,110209,29.399999999999835,24.333333333333364,13.612666666666637,12.06466666666664,2.694825583121701,2.5126513218947606,164,1.0,1.0,13024
stacked_high,2.0,q4_a1.5_or,110210,20.66666666666668,18.33333333333333,8.964666666666629,6.95366666666663,1.967535364100054,1.757598365820104,161,1.0,1.0,14650
stacked_high,2.0,q4_a1.5_or,110211,30.26666666666665,24.133333333333333,13.482666666666642,11.859666666666634,2.4052373584085216,2.23150120128185,164,1.0,1.0,12421
stacked_high,2.0,q4_a1.5_or,110212,39.8666666666667,39.66666666666654,18.65666666666665,19.759666666666657,3.2047140040162656,3.4070542002894424,161,1.0,1.0,12313
stacked_high,2.0,q4_a1.5_or,110213,25.800000000000082,19.133333333333326,13.135666666666644,9.48066666666664,2.3880980423092457,2.0248731042576678,164,1.0,1.0,13563
stacked_high,2.0,q4_a1.5_or,110214,24.60000000000003,19.60000000000005,10.348666666666634,9.05266666666663,2.1784631578568767,1.9615301355729498,163,1.0,1.0,13553
stacked_high,2.0,q4_a1.5_or,110215,33.53333333333316,19.20000000000006,11.818666666666639,10.092666666666629,2.3886397263032944,2.098618648482901,161,1.0,1.0,12668
stacked_high,2.0,q4_a1.5_or,110216,22.066666666666606,13.333333333333286,8.95366666666664,6.068666666666635,1.9520449804528672,1.7019289821641388,159,1.0,1.0,15279
stacked_high,2.0,q4_a1.5_or,110217,27.266666666666666,34.0000000000001,14.776666666666642,16.498666666666654,2.843635211800011,3.209379782762728,160,1.0,1.0,11878
stacked_high,2.0,q4_a1.5_or,110218,35.20000000000003,41.99999999999999,16.411666666666644,18.783666666666655,2.994740973796506,3.4845795576707825,164,1.0,1.0,12328
stacked_high,2.0,q4_a1.5_or,110219,20.800000000000047,28.86666666666671,10.55766666666663,13.744666666666639,1.9543252654219905,2.4389749420707045,161,1.0,1.0,12145
stacked_high,2.0,q4_a1.5_or,110220,22.86666666666668,30.133333333333333,10.40966666666663,12.642666666666639,2.101531614056727,2.455640044264518,163,1.0,1.0,13540
stacked_high,2.0,q4_a1.5_or,110221,47.400000000000006,23.80000000000004,19.26466666666665,12.093666666666639,3.4552895686253122,2.4295696453276134,164,1.0,1.0,12151
stacked_high,2.0,q4_a1.5_or,110222,21.466666666666796,18.93333333333335,11.453666666666638,8.646666666666626,2.0720935853761233,1.884597906948781,159,1.0,1.0,12738
stacked_high,2.0,q4_a1.5_or,110223,35.26666666666667,27.6,14.464666666666647,13.976666666666642,2.6132951101302195,2.5087350868304172,163,1.0,1.0,12723
stacked_high,2.0,q4_a1.5_or,110224,27.86666666666666,23.333333333333336,13.040666666666642,10.685666666666632,2.424848906402863,2.1499926087880614,161,1.0,1.0,13601
stacked_high,2.0,q4_a1.5_or,110225,37.73333333333339,23.86666666666669,16.450666666666645,10.99066666666664,2.890814986695336,2.24251384424353,161,1.0,1.0,11876
stacked_high,2.0,q4_a1.5_or,110226,22.333333333333343,26.000000000000036,11.489666666666634,11.82666666666664,2.1189581015726433,2.2410973847105247,164,1.0,1.0,12427
stacked_high,2.0,q4_a1.5_or,110227,29.866666666666532,22.80000000000004,12.391666666666644,10.723666666666634,2.382501947882261,2.1516697869724313,164,1.0,1.0,12928
stacked_high,2.0,q4_a1.5_or,110228,36.466666666666704,35.733333333333476,17.43066666666665,16.45466666666665,3.305814476589108,2.9955161273120763,162,1.0,1.0,12036
stacked_high,2.0,q4_a1.5_or,110229,23.666666666666742,18.733333333333363,11.407666666666639,9.374666666666633,2.1090783930452566,1.8597466680559966,161,1.0,1.0,13557
stacked_high,2.0,q4_a1.5_and,110200,31.200000000000102,16.866666666666674,13.869666666666642,8.718666666666632,2.624435940215418,1.8587507262565919,148,1.0,1.0,12829
stacked_high,2.0,q4_a1.5_and,110201,31.266666666666687,26.93333333333333,14.329666666666647,11.457666666666631,2.5673140113928863,2.167816068288776,150,1.0,1.0,14027
stacked_high,2.0,q4_a1.5_and,110202,29.800000000000082,27.799999999999784,15.242666666666649,13.681666666666649,2.6790683463325853,2.6906723053808683,145,1.0,1.0,12275
stacked_high,2.0,q4_a1.5_and,110203,24.60000000000001,19.80000000000001,10.920666666666634,9.763666666666635,2.15995212185212,2.0307998841508716,146,1.0,1.0,13933
stacked_high,2.0,q4_a1.5_and,110204,33.3333333333332,21.39999999999975,15.484666666666655,10.077666666666639,2.6663304801226717,2.038285616601707,141,1.0,1.0,12343
stacked_high,2.0,q4_a1.5_and,110205,19.799999999999727,17.933333333333337,9.873666666666637,8.533666666666635,2.100456303930795,1.9935854897727137,147,1.0,1.0,13274
stacked_high,2.0,q4_a1.5_and,110206,28.800000000000068,21.53333333333339,14.175666666666645,10.859666666666637,2.6291815950505906,2.2058012315362667,144,1.0,1.0,13207
stacked_high,2.0,q4_a1.5_and,110207,28.93333333333348,20.20000000000003,13.508666666666636,9.346666666666628,2.428470828058735,1.93067662907567,145,1.0,1.0,13068
stacked_high,2.0,q4_a1.5_and,110208,28.866666666666667,16.466666666666683,13.512666666666647,7.813666666666632,2.4710017081101077,1.8080654238413454,139,1.0,1.0,14924
stacked_high,2.0,q4_a1.5_and,110209,29.399999999999835,20.800000000000004,13.612666666666637,10.37166666666663,2.694825583121701,2.1097521414374514,151,1.0,1.0,12545
stacked_high,2.0,q4_a1.5_and,110210,20.66666666666668,15.26666666666668,8.964666666666629,6.676666666666629,1.967535364100054,1.7227609115842892,137,1.0,1.0,14698
stacked_high,2.0,q4_a1.5_and,110211,30.26666666666665,23.799999999999997,13.482666666666642,10.731666666666632,2.4052373584085216,2.082318030262292,146,1.0,1.0,12298
stacked_high,2.0,q4_a1.5_and,110212,39.8666666666667,31.333333333333336,18.65666666666665,13.39866666666664,3.2047140040162656,2.4663811272721876,147,1.0,1.0,11453
stacked_high,2.0,q4_a1.5_and,110213,25.800000000000082,19.933333333333366,13.135666666666644,9.871666666666636,2.3880980423092457,2.031234868847955,144,1.0,1.0,13397
stacked_high,2.0,q4_a1.5_and,110214,24.60000000000003,23.933333333333408,10.348666666666634,8.065666666666635,2.1784631578568767,2.0396452753407175,141,1.0,1.0,13084
stacked_high,2.0,q4_a1.5_and,110215,33.53333333333316,23.000000000000036,11.818666666666639,11.222666666666637,2.3886397263032944,2.1507182379995435,146,1.0,1.0,12591
stacked_high,2.0,q4_a1.5_and,110216,22.066666666666606,14.266666666666673,8.95366666666664,5.723666666666634,1.9520449804528672,1.671575526167008,142,1.0,1.0,14569
stacked_high,2.0,q4_a1.5_and,110217,27.266666666666666,16.466666666666676,14.776666666666642,7.011666666666627,2.843635211800011,1.7796119511335715,148,1.0,1.0,13843
stacked_high,2.0,q4_a1.5_and,110218,35.20000000000003,35.26666666666666,16.411666666666644,14.54866666666664,2.994740973796506,2.999330959719196,145,1.0,1.0,12243
stacked_high,2.0,q4_a1.5_and,110219,20.800000000000047,18.800000000000004,10.55766666666663,9.069666666666631,1.9543252654219905,1.9972519090196967,141,1.0,1.0,12709
stacked_high,2.0,q4_a1.5_and,110220,22.86666666666668,20.933333333333223,10.40966666666663,9.939666666666636,2.101531614056727,2.1741705731019194,146,1.0,1.0,12472
stacked_high,2.0,q4_a1.5_and,110221,47.400000000000006,25.73333333333337,19.26466666666665,12.29966666666664,3.4552895686253122,2.442412511053897,145,1.0,1.0,11556
stacked_high,2.0,q4_a1.5_and,110222,21.466666666666796,23.40000000000009,11.453666666666638,10.781666666666638,2.0720935853761233,2.191137605241961,145,1.0,1.0,14320
stacked_high,2.0,q4_a1.5_and,110223,35.26666666666667,20.133333333333155,14.464666666666647,9.883666666666635,2.6132951101302195,2.0911310502217475,123,1.0,1.0,12146
stacked_high,2.0,q4_a1.5_and,110224,27.86666666666666,22.73333333333337,13.040666666666642,9.39566666666663,2.424848906402863,2.0354446794559187,146,1.0,1.0,13372
stacked_high,2.0,q4_a1.5_and,110225,37.73333333333339,29.20000000000006,16.450666666666645,13.620666666666642,2.890814986695336,2.5280706923015264,148,1.0,1.0,11547
stacked_high,2.0,q4_a1.5_and,110226,22.333333333333343,22.000000000000014,11.489666666666634,10.228666666666637,2.1189581015726433,2.172732481433898,138,1.0,1.0,12373
stacked_high,2.0,q4_a1.5_and,110227,29.866666666666532,31.46666666666681,12.391666666666644,12.389666666666642,2.382501947882261,2.5913896139619372,146,1.0,1.0,12534
stacked_high,2.0,q4_a1.5_and,110228,36.466666666666704,23.466666666666676,17.43066666666665,10.257666666666632,3.305814476589108,2.0377746602867823,144,1.0,1.0,13017
stacked_high,2.0,q4_a1.5_and,110229,23.666666666666742,24.799999999999756,11.407666666666639,11.859666666666639,2.1090783930452566,2.1613805274419757,149,1.0,1.0,13485
stacked_high,2.0,q8_a0.8_or,110200,31.200000000000102,33.800000000000054,13.869666666666642,16.46166666666664,2.624435940215418,2.9956855322923746,179,1.0,1.0,12821
stacked_high,2.0,q8_a0.8_or,110201,31.266666666666687,21.6666666666667,14.329666666666647,11.427666666666632,2.5673140113928863,2.129895789532348,179,1.0,1.0,13651
stacked_high,2.0,q8_a0.8_or,110202,29.800000000000082,14.799999999999999,15.242666666666649,6.818666666666637,2.6790683463325853,1.7796605609345966,179,1.0,1.0,14191
stacked_high,2.0,q8_a0.8_or,110203,24.60000000000001,17.20000000000003,10.920666666666634,7.870666666666631,2.15995212185212,1.7964189902515606,179,1.0,1.0,13804
stacked_high,2.0,q8_a0.8_or,110204,33.3333333333332,20.60000000000005,15.484666666666655,10.673666666666636,2.6663304801226717,2.0185835546241466,179,1.0,1.0,12329
stacked_high,2.0,q8_a0.8_or,110205,19.799999999999727,19.066666666666677,9.873666666666637,8.286666666666632,2.100456303930795,1.881381720574181,179,1.0,1.0,13993
stacked_high,2.0,q8_a0.8_or,110206,28.800000000000068,22.0666666666667,14.175666666666645,10.978666666666635,2.6291815950505906,2.1205574739086663,179,1.0,1.0,13419
stacked_high,2.0,q8_a0.8_or,110207,28.93333333333348,23.66666666666673,13.508666666666636,11.637666666666634,2.428470828058735,2.177555554126145,179,1.0,1.0,12435
stacked_high,2.0,q8_a0.8_or,110208,28.866666666666667,22.800000000000004,13.512666666666647,11.133666666666636,2.4710017081101077,2.268641105285019,179,1.0,1.0,13168
stacked_high,2.0,q8_a0.8_or,110209,29.399999999999835,26.33333333333335,13.612666666666637,12.912666666666635,2.694825583121701,2.4019592652934434,179,1.0,1.0,13356
stacked_high,2.0,q8_a0.8_or,110210,20.66666666666668,15.06666666666672,8.964666666666629,7.0646666666666285,1.967535364100054,1.7816799669991987,179,1.0,1.0,15011
stacked_high,2.0,q8_a0.8_or,110211,30.26666666666665,25.200000000000003,13.482666666666642,12.245666666666642,2.4052373584085216,2.2657937102242958,179,1.0,1.0,12897
stacked_high,2.0,q8_a0.8_or,110212,39.8666666666667,44.866666666666674,18.65666666666665,19.606666666666655,3.2047140040162656,3.189202882788915,179,1.0,1.0,12658
stacked_high,2.0,q8_a0.8_or,110213,25.800000000000082,19.2666666666667,13.135666666666644,10.084666666666637,2.3880980423092457,2.085712391066936,179,1.0,1.0,13067
stacked_high,2.0,q8_a0.8_or,110214,24.60000000000003,20.26666666666668,10.348666666666634,8.39466666666663,2.1784631578568767,1.9291216702556317,179,1.0,1.0,13783
stacked_high,2.0,q8_a0.8_or,110215,33.53333333333316,33.73333333333333,11.818666666666639,12.943666666666642,2.3886397263032944,2.627725605092199,179,1.0,1.0,12853
stacked_high,2.0,q8_a0.8_or,110216,22.066666666666606,14.733333333333178,8.95366666666664,6.640666666666639,1.9520449804528672,1.7307822915983555,179,1.0,1.0,15588
stacked_high,2.0,q8_a0.8_or,110217,27.266666666666666,18.000000000000007,14.776666666666642,8.197666666666633,2.843635211800011,2.0553347548392304,179,1.0,1.0,12602
stacked_high,2.0,q8_a0.8_or,110218,35.20000000000003,38.86666666666679,16.411666666666644,17.571666666666648,2.994740973796506,3.2402779427776442,179,1.0,1.0,12454
stacked_high,2.0,q8_a0.8_or,110219,20.800000000000047,27.466666666666725,10.55766666666663,12.792666666666632,1.9543252654219905,2.3605262955998154,179,1.0,1.0,12046
stacked_high,2.0,q8_a0.8_or,110220,22.86666666666668,19.200000000000045,10.40966666666663,9.05066666666663,2.101531614056727,1.8440840886320142,179,1.0,1.0,13006
stacked_high,2.0,q8_a0.8_or,110221,47.400000000000006,22.733333333333377,19.26466666666665,12.25466666666664,3.4552895686253122,2.432725917701009,179,1.0,1.0,11972
stacked_high,2.0,q8_a0.8_or,110222,21.466666666666796,19.866666666666504,11.453666666666638,9.386666666666635,2.0720935853761233,2.0599740260405155,179,1.0,1.0,12640
stacked_high,2.0,q8_a0.8_or,110223,35.26666666666667,18.200000000000003,14.464666666666647,9.234666666666635,2.6132951101302195,1.973415471095646,179,1.0,1.0,13092
stacked_high,2.0,q8_a0.8_or,110224,27.86666666666666,20.400000000000006,13.040666666666642,9.727666666666629,2.424848906402863,2.095604131861055,179,1.0,1.0,12909
stacked_high,2.0,q8_a0.8_or,110225,37.73333333333339,27.6,16.450666666666645,13.605666666666641,2.890814986695336,2.4328696958596256,179,1.0,1.0,12663
stacked_high,2.0,q8_a0.8_or,110226,22.333333333333343,20.3333333333334,11.489666666666634,9.924666666666637,2.1189581015726433,1.9293085617558288,179,1.0,1.0,12678
stacked_high,2.0,q8_a0.8_or,110227,29.866666666666532,19.866666666666717,12.391666666666644,10.216666666666635,2.382501947882261,2.0409208658875637,179,1.0,1.0,12704
stacked_high,2.0,q8_a0.8_or,110228,36.466666666666704,23.866666666666667,17.43066666666665,11.234666666666634,3.305814476589108,2.2000259475122905,179,1.0,1.0,12459
stacked_high,2.0,q8_a0.8_or,110229,23.666666666666742,19.53333333333339,11.407666666666639,9.280666666666631,2.1090783930452566,1.913310113248791,179,1.0,1.0,13094
stacked_high,2.0,q8_a0.8_and,110200,31.200000000000102,17.933333333333337,13.869666666666642,9.270666666666632,2.624435940215418,1.8795872799831526,131,1.0,1.0,13581
stacked_high,2.0,q8_a0.8_and,110201,31.266666666666687,22.26666666666665,14.329666666666647,11.979666666666633,2.5673140113928863,2.2660658227501997,116,1.0,1.0,13001
stacked_high,2.0,q8_a0.8_and,110202,29.800000000000082,16.1333333333331,15.242666666666649,7.856666666666637,2.6790683463325853,1.9085521636863152,113,1.0,1.0,13136
stacked_high,2.0,q8_a0.8_and,110203,24.60000000000001,18.66666666666668,10.920666666666634,8.950666666666633,2.15995212185212,1.9555568723975285,115,1.0,1.0,13747
stacked_high,2.0,q8_a0.8_and,110204,33.3333333333332,21.53333333333336,15.484666666666655,11.131666666666636,2.6663304801226717,2.1691910218409762,97,1.0,1.0,11715
stacked_high,2.0,q8_a0.8_and,110205,19.799999999999727,21.799999999999997,9.873666666666637,10.208666666666637,2.100456303930795,2.20958853634695,131,1.0,1.0,12274
stacked_high,2.0,q8_a0.8_and,110206,28.800000000000068,23.866666666666703,14.175666666666645,12.196666666666642,2.6291815950505906,2.275022057350491,131,1.0,1.0,13304
stacked_high,2.0,q8_a0.8_and,110207,28.93333333333348,27.93333333333338,13.508666666666636,12.346666666666641,2.428470828058735,2.4160417664542604,127,1.0,1.0,13002
stacked_high,2.0,q8_a0.8_and,110208,28.866666666666667,21.33333333333335,13.512666666666647,9.863666666666635,2.4710017081101077,2.061017082310855,123,1.0,1.0,12640
stacked_high,2.0,q8_a0.8_and,110209,29.399999999999835,25.866666666666667,13.612666666666637,12.455666666666634,2.694825583121701,2.3686250561112083,115,1.0,1.0,12233
stacked_high,2.0,q8_a0.8_and,110210,20.66666666666668,19.33333333333335,8.964666666666629,7.982666666666634,1.967535364100054,1.9483186530912768,106,1.0,1.0,14004
stacked_high,2.0,q8_a0.8_and,110211,30.26666666666665,30.133333333333383,13.482666666666642,13.303666666666638,2.4052373584085216,2.486046506093306,120,1.0,1.0,12045
stacked_high,2.0,q8_a0.8_and,110212,39.8666666666667,34.733333333333235,18.65666666666665,16.682666666666645,3.2047140040162656,2.8666007931995607,129,1.0,1.0,12058
stacked_high,2.0,q8_a0.8_and,110213,25.800000000000082,23.400000000000063,13.135666666666644,12.126666666666644,2.3880980423092457,2.5094063153020407,135,1.0,1.0,13974
stacked_high,2.0,q8_a0.8_and,110214,24.60000000000003,14.600000000000023,10.348666666666634,7.354666666666629,2.1784631578568767,1.8791949063233044,115,1.0,1.0,14133
stacked_high,2.0,q8_a0.8_and,110215,33.53333333333316,26.6666666666667,11.818666666666639,12.766666666666637,2.3886397263032944,2.2878562035759202,131,1.0,1.0,12042
stacked_high,2.0,q8_a0.8_and,110216,22.066666666666606,17.46666666666669,8.95366666666664,6.7126666666666335,1.9520449804528672,1.7791132524239976,78,1.0,1.0,14420
stacked_high,2.0,q8_a0.8_and,110217,27.266666666666666,28.73333333333337,14.776666666666642,14.976666666666647,2.843635211800011,3.019491436777366,123,1.0,1.0,11825
stacked_high,2.0,q8_a0.8_and,110218,35.20000000000003,32.86666666666673,16.411666666666644,15.193666666666642,2.994740973796506,3.023659030321852,123,1.0,1.0,12191
stacked_high,2.0,q8_a0.8_and,110219,20.800000000000047,16.533333333333346,10.55766666666663,8.695666666666627,1.9543252654219905,1.7773780815715527,115,1.0,1.0,12871
stacked_high,2.0,q8_a0.8_and,110220,22.86666666666668,20.933333333333344,10.40966666666663,9.459666666666626,2.101531614056727,2.013642977812002,125,1.0,1.0,12701
stacked_high,2.0,q8_a0.8_and,110221,47.400000000000006,25.80000000000001,19.26466666666665,12.410666666666641,3.4552895686253122,2.3575732929910416,114,1.0,1.0,11984
stacked_high,2.0,q8_a0.8_and,110222,21.466666666666796,17.066666666666684,11.453666666666638,8.560666666666636,2.0720935853761233,1.8355769484661002,131,1.0,1.0,12785
stacked_high,2.0,q8_a0.8_and,110223,35.26666666666667,18.0,14.464666666666647,8.674666666666633,2.6132951101302195,1.9149880585709986,103,1.0,1.0,12688
stacked_high,2.0,q8_a0.8_and,110224,27.86666666666666,16.53333333333339,13.040666666666642,7.642666666666633,2.424848906402863,1.8742641090400811,113,1.0,1.0,13602
stacked_high,2.0,q8_a0.8_and,110225,37.73333333333339,30.333333333333364,16.450666666666645,14.20266666666664,2.890814986695336,2.4824424923847834,135,1.0,1.0,12310
stacked_high,2.0,q8_a0.8_and,110226,22.333333333333343,21.40000000000002,11.489666666666634,10.590666666666637,2.1189581015726433,2.076198090222158,115,1.0,1.0,12096
stacked_high,2.0,q8_a0.8_and,110227,29.866666666666532,23.33333333333338,12.391666666666644,10.782666666666637,2.382501947882261,2.128551580730247,127,1.0,1.0,12204
stacked_high,2.0,q8_a0.8_and,110228,36.466666666666704,25.53333333333334,17.43066666666665,13.925666666666638,3.305814476589108,2.543313889807579,102,1.0,1.0,12184
stacked_high,2.0,q8_a0.8_and,110229,23.666666666666742,24.466666666666697,11.407666666666639,11.453666666666637,2.1090783930452566,2.1894787251993346,120,1.0,1.0,12377
stacked_high,2.0,q8_a1.5_or,110200,31.200000000000102,16.866666666666674,13.869666666666642,8.718666666666632,2.624435940215418,1.8587507262565919,151,1.0,1.0,12829
stacked_high,2.0,q8_a1.5_or,110201,31.266666666666687,26.93333333333333,14.329666666666647,11.457666666666631,2.5673140113928863,2.167816068288776,151,1.0,1.0,14027
stacked_high,2.0,q8_a1.5_or,110202,29.800000000000082,26.73333333333315,15.242666666666649,13.77666666666665,2.6790683463325853,2.6559229567789577,151,1.0,1.0,12839
stacked_high,2.0,q8_a1.5_or,110203,24.60000000000001,19.80000000000001,10.920666666666634,9.763666666666635,2.15995212185212,2.0307998841508716,151,1.0,1.0,13933
stacked_high,2.0,q8_a1.5_or,110204,33.3333333333332,21.39999999999975,15.484666666666655,10.077666666666639,2.6663304801226717,2.038285616601707,151,1.0,1.0,12343
stacked_high,2.0,q8_a1.5_or,110205,19.799999999999727,17.933333333333337,9.873666666666637,8.533666666666635,2.100456303930795,1.9935854897727137,151,1.0,1.0,13274
stacked_high,2.0,q8_a1.5_or,110206,28.800000000000068,21.53333333333339,14.175666666666645,10.859666666666637,2.6291815950505906,2.2058012315362667,151,1.0,1.0,13207
stacked_high,2.0,q8_a1.5_or,110207,28.93333333333348,20.20000000000003,13.508666666666636,9.346666666666628,2.428470828058735,1.93067662907567,151,1.0,1.0,13068
stacked_high,2.0,q8_a1.5_or,110208,28.866666666666667,17.13333333333334,13.512666666666647,7.961666666666632,2.4710017081101077,1.8275372910890468,151,1.0,1.0,15337
stacked_high,2.0,q8_a1.5_or,110209,29.399999999999835,20.800000000000004,13.612666666666637,10.37166666666663,2.694825583121701,2.1097521414374514,151,1.0,1.0,12545
stacked_high,2.0,q8_a1.5_or,110210,20.66666666666668,14.800000000000004,8.964666666666629,6.281666666666626,1.967535364100054,1.7197952372554448,151,1.0,1.0,14658
stacked_high,2.0,q8_a1.5_or,110211,30.26666666666665,23.799999999999997,13.482666666666642,10.731666666666632,2.4052373584085216,2.082318030262292,151,1.0,1.0,12298
stacked_high,2.0,q8_a1.5_or,110212,39.8666666666667,31.333333333333336,18.65666666666665,13.39866666666664,3.2047140040162656,2.4663811272721876,151,1.0,1.0,11453
stacked_high,2.0,q8_a1.5_or,110213,25.800000000000082,19.933333333333366,13.135666666666644,9.871666666666636,2.3880980423092457,2.031234868847955,151,1.0,1.0,13397
stacked_high,2.0,q8_a1.5_or,110214,24.60000000000003,23.933333333333408,10.348666666666634,8.065666666666635,2.1784631578568767,2.0396452753407175,151,1.0,1.0,13084
stacked_high,2.0,q8_a1.5_or,110215,33.53333333333316,23.000000000000036,11.818666666666639,11.222666666666637,2.3886397263032944,2.1507182379995435,151,1.0,1.0,12591
stacked_high,2.0,q8_a1.5_or,110216,22.066666666666606,14.266666666666673,8.95366666666664,5.723666666666634,1.9520449804528672,1.671575526167008,151,1.0,1.0,14569
stacked_high,2.0,q8_a1.5_or,110217,27.266666666666666,16.466666666666676,14.776666666666642,7.011666666666627,2.843635211800011,1.7796119511335715,151,1.0,1.0,13843
stacked_high,2.0,q8_a1.5_or,110218,35.20000000000003,35.26666666666666,16.411666666666644,14.54866666666664,2.994740973796506,2.999330959719196,151,1.0,1.0,12243
stacked_high,2.0,q8_a1.5_or,110219,20.800000000000047,18.800000000000004,10.55766666666663,9.069666666666631,1.9543252654219905,1.9972519090196967,151,1.0,1.0,12709
stacked_high,2.0,q8_a1.5_or,110220,22.86666666666668,20.933333333333223,10.40966666666663,9.939666666666636,2.101531614056727,2.1741705731019194,151,1.0,1.0,12472
stacked_high,2.0,q8_a1.5_or,110221,47.400000000000006,25.73333333333337,19.26466666666665,12.29966666666664,3.4552895686253122,2.442412511053897,151,1.0,1.0,11556
stacked_high,2.0,q8_a1.5_or,110222,21.466666666666796,23.40000000000009,11.453666666666638,10.781666666666638,2.0720935853761233,2.191137605241961,151,1.0,1.0,14320
stacked_high,2.0,q8_a1.5_or,110223,35.26666666666667,20.133333333333155,14.464666666666647,9.883666666666635,2.6132951101302195,2.0911310502217475,151,1.0,1.0,12146
stacked_high,2.0,q8_a1.5_or,110224,27.86666666666666,22.73333333333337,13.040666666666642,9.39566666666663,2.424848906402863,2.0354446794559187,151,1.0,1.0,13372
stacked_high,2.0,q8_a1.5_or,110225,37.73333333333339,29.20000000000006,16.450666666666645,13.620666666666642,2.890814986695336,2.5280706923015264,151,1.0,1.0,11547
stacked_high,2.0,q8_a1.5_or,110226,22.333333333333343,22.000000000000014,11.489666666666634,10.228666666666637,2.1189581015726433,2.172732481433898,151,1.0,1.0,12373
stacked_high,2.0,q8_a1.5_or,110227,29.866666666666532,31.46666666666681,12.391666666666644,12.389666666666642,2.382501947882261,2.5913896139619372,151,1.0,1.0,12534
stacked_high,2.0,q8_a1.5_or,110228,36.466666666666704,21.533333333333367,17.43066666666665,9.93966666666663,3.305814476589108,1.9385573038727109,151,1.0,1.0,12873
stacked_high,2.0,q8_a1.5_or,110229,23.666666666666742,24.799999999999756,11.407666666666639,11.859666666666639,2.1090783930452566,2.1613805274419757,151,1.0,1.0,13485
stacked_high,2.0,q8_a1.5_and,110200,31.200000000000102,17.933333333333337,13.869666666666642,9.270666666666632,2.624435940215418,1.8795872799831526,131,1.0,1.0,13581
stacked_high,2.0,q8_a1.5_and,110201,31.266666666666687,22.26666666666665,14.329666666666647,11.979666666666633,2.5673140113928863,2.2660658227501997,116,1.0,1.0,13001
stacked_high,2.0,q8_a1.5_and,110202,29.800000000000082,16.1333333333331,15.242666666666649,7.856666666666637,2.6790683463325853,1.9085521636863152,113,1.0,1.0,13136
stacked_high,2.0,q8_a1.5_and,110203,24.60000000000001,18.66666666666668,10.920666666666634,8.950666666666633,2.15995212185212,1.9555568723975285,115,1.0,1.0,13747
stacked_high,2.0,q8_a1.5_and,110204,33.3333333333332,21.53333333333336,15.484666666666655,11.131666666666636,2.6663304801226717,2.1691910218409762,97,1.0,1.0,11715
stacked_high,2.0,q8_a1.5_and,110205,19.799999999999727,21.799999999999997,9.873666666666637,10.208666666666637,2.100456303930795,2.20958853634695,131,1.0,1.0,12274
stacked_high,2.0,q8_a1.5_and,110206,28.800000000000068,23.866666666666703,14.175666666666645,12.196666666666642,2.6291815950505906,2.275022057350491,131,1.0,1.0,13304
stacked_high,2.0,q8_a1.5_and,110207,28.93333333333348,27.93333333333338,13.508666666666636,12.346666666666641,2.428470828058735,2.4160417664542604,127,1.0,1.0,13002
stacked_high,2.0,q8_a1.5_and,110208,28.866666666666667,21.33333333333335,13.512666666666647,9.863666666666635,2.4710017081101077,2.061017082310855,123,1.0,1.0,12640
stacked_high,2.0,q8_a1.5_and,110209,29.399999999999835,25.866666666666667,13.612666666666637,12.455666666666634,2.694825583121701,2.3686250561112083,115,1.0,1.0,12233
stacked_high,2.0,q8_a1.5_and,110210,20.66666666666668,19.33333333333335,8.964666666666629,7.982666666666634,1.967535364100054,1.9483186530912768,106,1.0,1.0,14004
stacked_high,2.0,q8_a1.5_and,110211,30.26666666666665,30.133333333333383,13.482666666666642,13.303666666666638,2.4052373584085216,2.486046506093306,120,1.0,1.0,12045
stacked_high,2.0,q8_a1.5_and,110212,39.8666666666667,33.93333333333342,18.65666666666665,15.922666666666641,3.2047140040162656,2.7120319723110344,127,1.0,1.0,11439
stacked_high,2.0,q8_a1.5_and,110213,25.800000000000082,23.400000000000063,13.135666666666644,12.126666666666644,2.3880980423092457,2.5094063153020407,135,1.0,1.0,13974
stacked_high,2.0,q8_a1.5_and,110214,24.60000000000003,14.600000000000023,10.348666666666634,7.354666666666629,2.1784631578568767,1.8791949063233044,115,1.0,1.0,14133
stacked_high,2.0,q8_a1.5_and,110215,33.53333333333316,26.6666666666667,11.818666666666639,12.766666666666637,2.3886397263032944,2.2878562035759202,131,1.0,1.0,12042
stacked_high,2.0,q8_a1.5_and,110216,22.066666666666606,17.46666666666669,8.95366666666664,6.7126666666666335,1.9520449804528672,1.7791132524239976,78,1.0,1.0,14420
stacked_high,2.0,q8_a1.5_and,110217,27.266666666666666,28.73333333333337,14.776666666666642,14.976666666666647,2.843635211800011,3.019491436777366,123,1.0,1.0,11825
stacked_high,2.0,q8_a1.5_and,110218,35.20000000000003,32.86666666666673,16.411666666666644,15.193666666666642,2.994740973796506,3.023659030321852,123,1.0,1.0,12191
stacked_high,2.0,q8_a1.5_and,110219,20.800000000000047,16.533333333333346,10.55766666666663,8.695666666666627,1.9543252654219905,1.7773780815715527,115,1.0,1.0,12871
stacked_high,2.0,q8_a1.5_and,110220,22.86666666666668,20.933333333333344,10.40966666666663,9.459666666666626,2.101531614056727,2.013642977812002,125,1.0,1.0,12701
stacked_high,2.0,q8_a1.5_and,110221,47.400000000000006,25.80000000000001,19.26466666666665,12.410666666666641,3.4552895686253122,2.3575732929910416,114,1.0,1.0,11984
stacked_high,2.0,q8_a1.5_and,110222,21.466666666666796,17.066666666666684,11.453666666666638,8.560666666666636,2.0720935853761233,1.8355769484661002,131,1.0,1.0,12785
stacked_high,2.0,q8_a1.5_and,110223,35.26666666666667,18.0,14.464666666666647,8.674666666666633,2.6132951101302195,1.9149880585709986,103,1.0,1.0,12688
stacked_high,2.0,q8_a1.5_and,110224,27.86666666666666,16.53333333333339,13.040666666666642,7.642666666666633,2.424848906402863,1.8742641090400811,113,1.0,1.0,13602
stacked_high,2.0,q8_a1.5_and,110225,37.73333333333339,30.333333333333364,16.450666666666645,14.20266666666664,2.890814986695336,2.4824424923847834,135,1.0,1.0,12310
stacked_high,2.0,q8_a1.5_and,110226,22.333333333333343,21.40000000000002,11.489666666666634,10.590666666666637,2.1189581015726433,2.076198090222158,115,1.0,1.0,12096
stacked_high,2.0,q8_a1.5_and,110227,29.866666666666532,23.33333333333338,12.391666666666644,10.782666666666637,2.382501947882261,2.128551580730247,127,1.0,1.0,12204
stacked_high,2.0,q8_a1.5_and,110228,36.466666666666704,25.53333333333334,17.43066666666665,13.925666666666638,3.305814476589108,2.543313889807579,102,1.0,1.0,12184
stacked_high,2.0,q8_a1.5_and,110229,23.666666666666742,24.466666666666697,11.407666666666639,11.453666666666637,2.1090783930452566,2.1894787251993346,120,1.0,1.0,12377
