workload,penalty,config,seed,baseline_p95_wait,burst_aware_p95_wait,baseline_avg_wait,burst_aware_avg_wait,baseline_avg_slowdown,burst_aware_avg_slowdown,detector_fires,recall,precision,sched_cores_scanned
rate0.5_s4,0.0,q2_a0.8_or,70500,5.400000000000091,5.800000000000011,1.369999999999996,1.5450000000000077,1.5098451828911188,1.4166676661146114,10,1.0,1.0,43108
rate0.5_s4,0.0,q2_a0.8_or,70501,3.7999999999999545,3.0,1.3600000000000236,1.3550000000000146,1.4997664734393195,1.3017813159396743,10,1.0,1.0,43916
rate0.5_s4,0.0,q2_a0.8_or,70502,5.0,5.199999999999989,1.475000000000024,1.5500000000000445,1.428699796069996,1.3415253522490054,10,1.0,1.0,43415
rate0.5_s4,0.0,q2_a0.8_or,70503,5.0000000000001705,2.6000000000000796,1.420000000000038,1.250000000000016,1.6484623410927877,1.3629252906399405,10,1.0,1.0,43823
rate0.5_s4,0.0,q2_a0.8_or,70504,5.800000000000011,2.400000000000034,1.6600000000000292,1.1500000000000135,1.5725791478851183,1.233331302909905,10,1.0,1.0,43595
rate0.5_s4,0.0,q2_a0.8_or,70505,3.2000000000001023,5.800000000000011,1.3050000000000097,1.6299999999999943,1.4300393479687818,1.3041325325003013,10,1.0,1.0,43641
rate0.5_s4,0.0,q2_a0.8_or,70506,3.8000000000000114,5.199999999999818,1.3950000000000302,1.555000000000046,1.5581571486958805,1.3074407772671903,10,1.0,1.0,43873
rate0.5_s4,0.0,q2_a0.8_or,70507,3.8000000000000114,5.399999999999977,1.345000000000013,1.6749999999999836,1.500042185303529,1.2685423832030385,10,1.0,1.0,43297
rate0.5_s4,0.0,q2_a0.8_or,70508,4.800000000000125,4.400000000000148,1.4950000000000359,1.4100000000000272,1.4984131299702699,1.3434985615942365,10,1.0,1.0,43485
rate0.5_s4,0.0,q2_a0.8_or,70509,5.2000000000000455,3.3999999999999773,1.475000000000034,1.5150000000000126,1.4513207888427584,1.3261530520107843,10,1.0,1.0,44435
rate0.5_s4,0.0,q2_a0.8_or,70510,4.400000000000148,5.2000000000000455,1.5150000000000134,1.7450000000000192,1.4388452872446478,1.3429117551582197,10,1.0,1.0,43701
rate0.5_s4,0.0,q2_a0.8_or,70511,3.2000000000000455,5.199999999999989,1.2700000000000375,1.4300000000000044,1.589098453087203,1.3203337674175395,10,1.0,1.0,44674
rate0.5_s4,0.0,q2_a0.8_or,70512,3.4000000000002046,5.0,1.2700000000000133,1.645000000000001,1.4372446812883712,1.3765301439216153,10,1.0,1.0,43935
rate0.5_s4,0.0,q2_a0.8_or,70513,3.999999999999943,5.0,1.3000000000000358,1.5500000000000036,1.5357621143535036,1.3430678781887484,10,1.0,1.0,43885
rate0.5_s4,0.0,q2_a0.8_or,70514,3.8000000000000114,5.0,1.3599999999999794,1.4100000000000168,1.7115485216590696,1.3422830313326608,10,1.0,1.0,44399
rate0.5_s4,0.0,q2_a0.8_or,70515,5.0,5.800000000000011,1.4800000000000395,1.6649999999999783,1.5743605036145047,1.2762336050679284,10,1.0,1.0,44665
rate0.5_s4,0.0,q2_a0.8_or,70516,3.0000000000001137,5.199999999999989,1.2399999999999962,1.6150000000000084,1.4428905611868965,1.431133161117727,10,1.0,1.0,44577
rate0.5_s4,0.0,q2_a0.8_or,70517,4.000000000000227,4.199999999999477,1.5350000000000237,1.4649999999999992,1.4954563841735564,1.2391942094450143,10,1.0,1.0,44906
rate0.5_s4,0.0,q2_a0.8_or,70518,3.8000000000000114,4.199999999999932,1.4699999999999853,1.4349999999999707,1.5053190607720421,1.3880459224258517,10,1.0,1.0,44941
rate0.5_s4,0.0,q2_a0.8_or,70519,4.999999999999943,5.800000000000011,1.2350000000000183,1.645000000000022,1.5450304213031614,1.3835080101299755,10,1.0,1.0,42670
rate0.5_s4,0.0,q2_a0.8_or,70520,3.0,5.199999999999989,1.1999999999999944,1.3449999999999906,1.461198353632795,1.2616415118292648,10,1.0,1.0,43918
rate0.5_s4,0.0,q2_a0.8_or,70521,3.8000000000000114,5.399999999999864,1.3499999999999894,1.5800000000000132,1.649227157892994,1.4304699763351778,10,1.0,1.0,43978
rate0.5_s4,0.0,q2_a0.8_or,70522,2.599999999999909,3.199999999999136,1.2049999999999734,1.414999999999954,1.5157991098221943,1.3199262026768286,10,1.0,1.0,44140
rate0.5_s4,0.0,q2_a0.8_or,70523,3.799999999999997,5.0,1.234999999999998,1.4399999999999995,1.4692240060671198,1.3765031542945358,10,1.0,1.0,43506
rate0.5_s4,0.0,q2_a0.8_or,70524,5.200000000000216,2.4000000000002046,1.420000000000045,1.250000000000049,1.4876813133643085,1.284443966834488,10,1.0,1.0,44041
rate0.5_s4,0.0,q2_a0.8_or,70525,4.800000000000296,5.800000000000011,1.370000000000045,1.7050000000000243,1.473943440782453,1.4109839206424017,10,1.0,1.0,43989
rate0.5_s4,0.0,q2_a0.8_or,70526,3.799999999999997,3.0,1.3449999999999562,1.3949999999999356,1.4815442758356328,1.393229907658569,10,1.0,1.0,44270
rate0.5_s4,0.0,q2_a0.8_or,70527,3.3999999999999773,3.0,1.535000000000005,1.3350000000000128,1.5049782659437123,1.3379027237410601,10,1.0,1.0,44846
rate0.5_s4,0.0,q2_a0.8_or,70528,3.8000000000000114,3.200000000000017,1.294999999999984,1.3849999999999962,1.6809070833249238,1.517802466639316,10,1.0,1.0,43928
rate0.5_s4,0.0,q2_a0.8_or,70529,3.6000000000000227,4.999999999999659,1.3150000000000304,1.43500000000001,1.4885946692615883,1.4799197137341868,10,1.0,1.0,44253
rate0.5_s4,0.0,q2_a0.8_and,70500,5.400000000000091,5.400000000000091,1.369999999999996,1.369999999999996,1.5098451828911188,1.5098451828911188,0,0.0,,42403
rate0.5_s4,0.0,q2_a0.8_and,70501,3.7999999999999545,3.7999999999999545,1.3600000000000236,1.3600000000000236,1.4997664734393195,1.4997664734393195,0,0.0,,43440
rate0.5_s4,0.0,q2_a0.8_and,70502,5.0,5.0,1.475000000000024,1.475000000000024,1.428699796069996,1.428699796069996,0,0.0,,42331
rate0.5_s4,0.0,q2_a0.8_and,70503,5.0000000000001705,5.0000000000001705,1.420000000000038,1.420000000000038,1.6484623410927877,1.6484623410927877,0,0.0,,42403
rate0.5_s4,0.0,q2_a0.8_and,70504,5.800000000000011,5.800000000000011,1.6600000000000292,1.6600000000000292,1.5725791478851183,1.5725791478851183,0,0.0,,42604
rate0.5_s4,0.0,q2_a0.8_and,70505,3.2000000000001023,3.2000000000001023,1.3050000000000097,1.3050000000000097,1.4300393479687818,1.4300393479687818,0,0.0,,42968
rate0.5_s4,0.0,q2_a0.8_and,70506,3.8000000000000114,3.8000000000000114,1.3950000000000302,1.3950000000000302,1.5581571486958805,1.5581571486958805,0,0.0,,43734
rate0.5_s4,0.0,q2_a0.8_and,70507,3.8000000000000114,3.8000000000000114,1.345000000000013,1.345000000000013,1.500042185303529,1.500042185303529,0,0.0,,42485
rate0.5_s4,0.0,q2_a0.8_and,70508,4.800000000000125,4.800000000000125,1.4950000000000359,1.4950000000000359,1.4984131299702699,1.4984131299702699,0,0.0,,42817
rate0.5_s4,0.0,q2_a0.8_and,70509,5.2000000000000455,5.2000000000000455,1.475000000000034,1.475000000000034,1.4513207888427584,1.4513207888427584,0,0.0,,43296
rate0.5_s4,0.0,q2_a0.8_and,70510,4.400000000000148,4.400000000000148,1.5150000000000134,1.5150000000000134,1.4388452872446478,1.4388452872446478,0,0.0,,43253
rate0.5_s4,0.0,q2_a0.8_and,70511,3.2000000000000455,3.2000000000000455,1.2700000000000375,1.2700000000000375,1.589098453087203,1.589098453087203,0,0.0,,45024
rate0.5_s4,0.0,q2_a0.8_and,70512,3.4000000000002046,3.4000000000002046,1.2700000000000133,1.2700000000000133,1.4372446812883712,1.4372446812883712,0,0.0,,43544
rate0.5_s4,0.0,q2_a0.8_and,70513,3.999999999999943,3.999999999999943,1.3000000000000358,1.3000000000000358,1.5357621143535036,1.5357621143535036,0,0.0,,43418
rate0.5_s4,0.0,q2_a0.8_and,70514,3.8000000000000114,3.8000000000000114,1.3599999999999794,1.3599999999999794,1.7115485216590696,1.7115485216590696,0,0.0,,43072
rate0.5_s4,0.0,q2_a0.8_and,70515,5.0,5.0,1.4800000000000395,1.4800000000000395,1.5743605036145047,1.5743605036145047,0,0.0,,43537
rate0.5_s4,0.0,q2_a0.8_and,70516,3.0000000000001137,3.0000000000001137,1.2399999999999962,1.2399999999999962,1.4428905611868965,1.4428905611868965,0,0.0,,42880
rate0.5_s4,0.0,q2_a0.8_and,70517,4.000000000000227,4.000000000000227,1.5350000000000237,1.5350000000000237,1.4954563841735564,1.4954563841735564,0,0.0,,43829
rate0.5_s4,0.0,q2_a0.8_and,70518,3.8000000000000114,3.8000000000000114,1.4699999999999853,1.4699999999999853,1.5053190607720421,1.5053190607720421,0,0.0,,44107
rate0.5_s4,0.0,q2_a0.8_and,70519,4.999999999999943,4.999999999999943,1.2350000000000183,1.2350000000000183,1.5450304213031614,1.5450304213031614,0,0.0,,42197
rate0.5_s4,0.0,q2_a0.8_and,70520,3.0,3.0,1.1999999999999944,1.1999999999999944,1.461198353632795,1.461198353632795,0,0.0,,43546
rate0.5_s4,0.0,q2_a0.8_and,70521,3.8000000000000114,3.8000000000000114,1.3499999999999894,1.3499999999999894,1.649227157892994,1.649227157892994,0,0.0,,43001
rate0.5_s4,0.0,q2_a0.8_and,70522,2.599999999999909,2.599999999999909,1.2049999999999734,1.2049999999999734,1.5157991098221943,1.5157991098221943,0,0.0,,42722
rate0.5_s4,0.0,q2_a0.8_and,70523,3.799999999999997,3.799999999999997,1.234999999999998,1.234999999999998,1.4692240060671198,1.4692240060671198,0,0.0,,42725
rate0.5_s4,0.0,q2_a0.8_and,70524,5.200000000000216,5.200000000000216,1.420000000000045,1.420000000000045,1.4876813133643085,1.4876813133643085,0,0.0,,43459
rate0.5_s4,0.0,q2_a0.8_and,70525,4.800000000000296,4.800000000000296,1.370000000000045,1.370000000000045,1.473943440782453,1.473943440782453,0,0.0,,43596
rate0.5_s4,0.0,q2_a0.8_and,70526,3.799999999999997,3.799999999999997,1.3449999999999562,1.3449999999999562,1.4815442758356328,1.4815442758356328,0,0.0,,42787
rate0.5_s4,0.0,q2_a0.8_and,70527,3.3999999999999773,3.3999999999999773,1.535000000000005,1.535000000000005,1.5049782659437123,1.5049782659437123,0,0.0,,44083
rate0.5_s4,0.0,q2_a0.8_and,70528,3.8000000000000114,3.8000000000000114,1.294999999999984,1.294999999999984,1.6809070833249238,1.6809070833249238,0,0.0,,42963
rate0.5_s4,0.0,q2_a0.8_and,70529,3.6000000000000227,3.6000000000000227,1.3150000000000304,1.3150000000000304,1.4885946692615883,1.4885946692615883,0,0.0,,43471
rate0.5_s4,0.0,q2_a1.5_or,70500,5.400000000000091,5.800000000000011,1.369999999999996,1.5450000000000077,1.5098451828911188,1.4166676661146114,10,1.0,1.0,43108
rate0.5_s4,0.0,q2_a1.5_or,70501,3.7999999999999545,3.0,1.3600000000000236,1.3550000000000146,1.4997664734393195,1.3017813159396743,10,1.0,1.0,43916
rate0.5_s4,0.0,q2_a1.5_or,70502,5.0,5.199999999999989,1.475000000000024,1.5500000000000445,1.428699796069996,1.3415253522490054,10,1.0,1.0,43415
rate0.5_s4,0.0,q2_a1.5_or,70503,5.0000000000001705,2.6000000000000796,1.420000000000038,1.250000000000016,1.6484623410927877,1.3629252906399405,10,1.0,1.0,43823
rate0.5_s4,0.0,q2_a1.5_or,70504,5.800000000000011,2.400000000000034,1.6600000000000292,1.1500000000000135,1.5725791478851183,1.233331302909905,10,1.0,1.0,43595
rate0.5_s4,0.0,q2_a1.5_or,70505,3.2000000000001023,5.800000000000011,1.3050000000000097,1.6299999999999943,1.4300393479687818,1.3041325325003013,10,1.0,1.0,43641
rate0.5_s4,0.0,q2_a1.5_or,70506,3.8000000000000114,5.199999999999818,1.3950000000000302,1.555000000000046,1.5581571486958805,1.3074407772671903,10,1.0,1.0,43873
rate0.5_s4,0.0,q2_a1.5_or,70507,3.8000000000000114,5.399999999999977,1.345000000000013,1.6749999999999836,1.500042185303529,1.2685423832030385,10,1.0,1.0,43297
rate0.5_s4,0.0,q2_a1.5_or,70508,4.800000000000125,4.400000000000148,1.4950000000000359,1.4100000000000272,1.4984131299702699,1.3434985615942365,10,1.0,1.0,43485
rate0.5_s4,0.0,q2_a1.5_or,70509,5.2000000000000455,3.3999999999999773,1.475000000000034,1.5150000000000126,1.4513207888427584,1.3261530520107843,10,1.0,1.0,44435
rate0.5_s4,0.0,q2_a1.5_or,70510,4.400000000000148,5.2000000000000455,1.5150000000000134,1.7450000000000192,1.4388452872446478,1.3429117551582197,10,1.0,1.0,43701
rate0.5_s4,0.0,q2_a1.5_or,70511,3.2000000000000455,5.199999999999989,1.2700000000000375,1.4300000000000044,1.589098453087203,1.3203337674175395,10,1.0,1.0,44674
rate0.5_s4,0.0,q2_a1.5_or,70512,3.4000000000002046,5.0,1.2700000000000133,1.645000000000001,1.4372446812883712,1.3765301439216153,10,1.0,1.0,43935
rate0.5_s4,0.0,q2_a1.5_or,70513,3.999999999999943,5.0,1.3000000000000358,1.5500000000000036,1.5357621143535036,1.3430678781887484,10,1.0,1.0,43885
rate0.5_s4,0.0,q2_a1.5_or,70514,3.8000000000000114,5.0,1.3599999999999794,1.4100000000000168,1.7115485216590696,1.3422830313326608,10,1.0,1.0,44399
rate0.5_s4,0.0,q2_a1.5_or,70515,5.0,5.800000000000011,1.4800000000000395,1.6649999999999783,1.5743605036145047,1.2762336050679284,10,1.0,1.0,44665
rate0.5_s4,0.0,q2_a1.5_or,70516,3.0000000000001137,5.199999999999989,1.2399999999999962,1.6150000000000084,1.4428905611868965,1.431133161117727,10,1.0,1.0,44577
rate0.5_s4,0.0,q2_a1.5_or,70517,4.000000000000227,4.199999999999477,1.5350000000000237,1.4649999999999992,1.4954563841735564,1.2391942094450143,10,1.0,1.0,44906
rate0.5_s4,0.0,q2_a1.5_or,70518,3.8000000000000114,4.199999999999932,1.4699999999999853,1.4349999999999707,1.5053190607720421,1.3880459224258517,10,1.0,1.0,44941
rate0.5_s4,0.0,q2_a1.5_or,70519,4.999999999999943,5.800000000000011,1.2350000000000183,1.645000000000022,1.5450304213031614,1.3835080101299755,10,1.0,1.0,42670
rate0.5_s4,0.0,q2_a1.5_or,70520,3.0,5.199999999999989,1.1999999999999944,1.3449999999999906,1.461198353632795,1.2616415118292648,10,1.0,1.0,43918
rate0.5_s4,0.0,q2_a1.5_or,70521,3.8000000000000114,5.399999999999864,1.3499999999999894,1.5800000000000132,1.649227157892994,1.4304699763351778,10,1.0,1.0,43978
rate0.5_s4,0.0,q2_a1.5_or,70522,2.599999999999909,3.199999999999136,1.2049999999999734,1.414999999999954,1.5157991098221943,1.3199262026768286,10,1.0,1.0,44140
rate0.5_s4,0.0,q2_a1.5_or,70523,3.799999999999997,5.0,1.234999999999998,1.4399999999999995,1.4692240060671198,1.3765031542945358,10,1.0,1.0,43506
rate0.5_s4,0.0,q2_a1.5_or,70524,5.200000000000216,2.4000000000002046,1.420000000000045,1.250000000000049,1.4876813133643085,1.284443966834488,10,1.0,1.0,44041
rate0.5_s4,0.0,q2_a1.5_or,70525,4.800000000000296,5.800000000000011,1.370000000000045,1.7050000000000243,1.473943440782453,1.4109839206424017,10,1.0,1.0,43989
rate0.5_s4,0.0,q2_a1.5_or,70526,3.799999999999997,3.0,1.3449999999999562,1.3949999999999356,1.4815442758356328,1.393229907658569,10,1.0,1.0,44270
rate0.5_s4,0.0,q2_a1.5_or,70527,3.3999999999999773,3.0,1.535000000000005,1.3350000000000128,1.5049782659437123,1.3379027237410601,10,1.0,1.0,44846
rate0.5_s4,0.0,q2_a1.5_or,70528,3.8000000000000114,3.200000000000017,1.294999999999984,1.3849999999999962,1.6809070833249238,1.517802466639316,10,1.0,1.0,43928
rate0.5_s4,0.0,q2_a1.5_or,70529,3.6000000000000227,4.999999999999659,1.3150000000000304,1.43500000000001,1.4885946692615883,1.4799197137341868,10,1.0,1.0,44253
rate0.5_s4,0.0,q2_a1.5_and,70500,5.400000000000091,5.400000000000091,1.369999999999996,1.369999999999996,1.5098451828911188,1.5098451828911188,0,0.0,,42403
rate0.5_s4,0.0,q2_a1.5_and,70501,3.7999999999999545,3.7999999999999545,1.3600000000000236,1.3600000000000236,1.4997664734393195,1.4997664734393195,0,0.0,,43440
rate0.5_s4,0.0,q2_a1.5_and,70502,5.0,5.0,1.475000000000024,1.475000000000024,1.428699796069996,1.428699796069996,0,0.0,,42331
rate0.5_s4,0.0,q2_a1.5_and,70503,5.0000000000001705,5.0000000000001705,1.420000000000038,1.420000000000038,1.6484623410927877,1.6484623410927877,0,0.0,,42403
rate0.5_s4,0.0,q2_a1.5_and,70504,5.800000000000011,5.800000000000011,1.6600000000000292,1.6600000000000292,1.5725791478851183,1.5725791478851183,0,0.0,,42604
rate0.5_s4,0.0,q2_a1.5_and,70505,3.2000000000001023,3.2000000000001023,1.3050000000000097,1.3050000000000097,1.4300393479687818,1.4300393479687818,0,0.0,,42968
rate0.5_s4,0.0,q2_a1.5_and,70506,3.8000000000000114,3.8000000000000114,1.3950000000000302,1.3950000000000302,1.5581571486958805,1.5581571486958805,0,0.0,,43734
rate0.5_s4,0.0,q2_a1.5_and,70507,3.8000000000000114,3.8000000000000114,1.345000000000013,1.345000000000013,1.500042185303529,1.500042185303529,0,0.0,,42485
rate0.5_s4,0.0,q2_a1.5_and,70508,4.800000000000125,4.800000000000125,1.4950000000000359,1.4950000000000359,1.4984131299702699,1.4984131299702699,0,0.0,,42817
rate0.5_s4,0.0,q2_a1.5_and,70509,5.2000000000000455,5.2000000000000455,1.475000000000034,1.475000000000034,1.4513207888427584,1.4513207888427584,0,0.0,,43296
rate0.5_s4,0.0,q2_a1.5_and,70510,4.400000000000148,4.400000000000148,1.5150000000000134,1.5150000000000134,1.4388452872446478,1.4388452872446478,0,0.0,,43253
rate0.5_s4,0.0,q2_a1.5_and,70511,3.2000000000000455,3.2000000000000455,1.2700000000000375,1.2700000000000375,1.589098453087203,1.589098453087203,0,0.0,,45024
rate0.5_s4,0.0,q2_a1.5_and,70512,3.4000000000002046,3.4000000000002046,1.2700000000000133,1.2700000000000133,1.4372446812883712,1.4372446812883712,0,0.0,,43544
rate0.5_s4,0.0,q2_a1.5_and,70513,3.999999999999943,3.999999999999943,1.3000000000000358,1.3000000000000358,1.5357621143535036,1.5357621143535036,0,0.0,,43418
rate0.5_s4,0.0,q2_a1.5_and,70514,3.8000000000000114,3.8000000000000114,1.3599999999999794,1.3599999999999794,1.7115485216590696,1.7115485216590696,0,0.0,,43072
rate0.5_s4,0.0,q2_a1.5_and,70515,5.0,5.0,1.4800000000000395,1.4800000000000395,1.5743605036145047,1.5743605036145047,0,0.0,,43537
rate0.5_s4,0.0,q2_a1.5_and,70516,3.0000000000001137,3.0000000000001137,1.2399999999999962,1.2399999999999962,1.4428905611868965,1.4428905611868965,0,0.0,,42880
rate0.5_s4,0.0,q2_a1.5_and,70517,4.000000000000227,4.000000000000227,1.5350000000000237,1.5350000000000237,1.4954563841735564,1.4954563841735564,0,0.0,,43829
rate0.5_s4,0.0,q2_a1.5_and,70518,3.8000000000000114,3.8000000000000114,1.4699999999999853,1.4699999999999853,1.5053190607720421,1.5053190607720421,0,0.0,,44107
rate0.5_s4,0.0,q2_a1.5_and,70519,4.999999999999943,4.999999999999943,1.2350000000000183,1.2350000000000183,1.5450304213031614,1.5450304213031614,0,0.0,,42197
rate0.5_s4,0.0,q2_a1.5_and,70520,3.0,3.0,1.1999999999999944,1.1999999999999944,1.461198353632795,1.461198353632795,0,0.0,,43546
rate0.5_s4,0.0,q2_a1.5_and,70521,3.8000000000000114,3.8000000000000114,1.3499999999999894,1.3499999999999894,1.649227157892994,1.649227157892994,0,0.0,,43001
rate0.5_s4,0.0,q2_a1.5_and,70522,2.599999999999909,2.599999999999909,1.2049999999999734,1.2049999999999734,1.5157991098221943,1.5157991098221943,0,0.0,,42722
rate0.5_s4,0.0,q2_a1.5_and,70523,3.799999999999997,3.799999999999997,1.234999999999998,1.234999999999998,1.4692240060671198,1.4692240060671198,0,0.0,,42725
rate0.5_s4,0.0,q2_a1.5_and,70524,5.200000000000216,5.200000000000216,1.420000000000045,1.420000000000045,1.4876813133643085,1.4876813133643085,0,0.0,,43459
rate0.5_s4,0.0,q2_a1.5_and,70525,4.800000000000296,4.800000000000296,1.370000000000045,1.370000000000045,1.473943440782453,1.473943440782453,0,0.0,,43596
rate0.5_s4,0.0,q2_a1.5_and,70526,3.799999999999997,3.799999999999997,1.3449999999999562,1.3449999999999562,1.4815442758356328,1.4815442758356328,0,0.0,,42787
rate0.5_s4,0.0,q2_a1.5_and,70527,3.3999999999999773,3.3999999999999773,1.535000000000005,1.535000000000005,1.5049782659437123,1.5049782659437123,0,0.0,,44083
rate0.5_s4,0.0,q2_a1.5_and,70528,3.8000000000000114,3.8000000000000114,1.294999999999984,1.294999999999984,1.6809070833249238,1.6809070833249238,0,0.0,,42963
rate0.5_s4,0.0,q2_a1.5_and,70529,3.6000000000000227,3.6000000000000227,1.3150000000000304,1.3150000000000304,1.4885946692615883,1.4885946692615883,0,0.0,,43471
rate0.5_s4,0.0,q4_a0.8_or,70500,5.400000000000091,5.400000000000091,1.369999999999996,1.369999999999996,1.5098451828911188,1.5098451828911188,0,0.0,,42403
rate0.5_s4,0.0,q4_a0.8_or,70501,3.7999999999999545,3.7999999999999545,1.3600000000000236,1.3600000000000236,1.4997664734393195,1.4997664734393195,0,0.0,,43440
rate0.5_s4,0.0,q4_a0.8_or,70502,5.0,5.0,1.475000000000024,1.475000000000024,1.428699796069996,1.428699796069996,0,0.0,,42331
rate0.5_s4,0.0,q4_a0.8_or,70503,5.0000000000001705,5.0000000000001705,1.420000000000038,1.420000000000038,1.6484623410927877,1.6484623410927877,0,0.0,,42403
rate0.5_s4,0.0,q4_a0.8_or,70504,5.800000000000011,5.800000000000011,1.6600000000000292,1.6600000000000292,1.5725791478851183,1.5725791478851183,0,0.0,,42604
rate0.5_s4,0.0,q4_a0.8_or,70505,3.2000000000001023,3.2000000000001023,1.3050000000000097,1.3050000000000097,1.4300393479687818,1.4300393479687818,0,0.0,,42968
rate0.5_s4,0.0,q4_a0.8_or,70506,3.8000000000000114,3.8000000000000114,1.3950000000000302,1.3950000000000302,1.5581571486958805,1.5581571486958805,0,0.0,,43734
rate0.5_s4,0.0,q4_a0.8_or,70507,3.8000000000000114,3.8000000000000114,1.345000000000013,1.345000000000013,1.500042185303529,1.500042185303529,0,0.0,,42485
rate0.5_s4,0.0,q4_a0.8_or,70508,4.800000000000125,4.800000000000125,1.4950000000000359,1.4950000000000359,1.4984131299702699,1.4984131299702699,0,0.0,,42817
rate0.5_s4,0.0,q4_a0.8_or,70509,5.2000000000000455,5.2000000000000455,1.475000000000034,1.475000000000034,1.4513207888427584,1.4513207888427584,0,0.0,,43296
rate0.5_s4,0.0,q4_a0.8_or,70510,4.400000000000148,4.400000000000148,1.5150000000000134,1.5150000000000134,1.4388452872446478,1.4388452872446478,0,0.0,,43253
rate0.5_s4,0.0,q4_a0.8_or,70511,3.2000000000000455,3.2000000000000455,1.2700000000000375,1.2700000000000375,1.589098453087203,1.589098453087203,0,0.0,,45024
rate0.5_s4,0.0,q4_a0.8_or,70512,3.4000000000002046,3.4000000000002046,1.2700000000000133,1.2700000000000133,1.4372446812883712,1.4372446812883712,0,0.0,,43544
rate0.5_s4,0.0,q4_a0.8_or,70513,3.999999999999943,3.999999999999943,1.3000000000000358,1.3000000000000358,1.5357621143535036,1.5357621143535036,0,0.0,,43418
rate0.5_s4,0.0,q4_a0.8_or,70514,3.8000000000000114,3.8000000000000114,1.3599999999999794,1.3599999999999794,1.7115485216590696,1.7115485216590696,0,0.0,,43072
rate0.5_s4,0.0,q4_a0.8_or,70515,5.0,5.0,1.4800000000000395,1.4800000000000395,1.5743605036145047,1.5743605036145047,0,0.0,,43537
rate0.5_s4,0.0,q4_a0.8_or,70516,3.0000000000001137,3.0000000000001137,1.2399999999999962,1.2399999999999962,1.4428905611868965,1.4428905611868965,0,0.0,,42880
rate0.5_s4,0.0,q4_a0.8_or,70517,4.000000000000227,4.000000000000227,1.5350000000000237,1.5350000000000237,1.4954563841735564,1.4954563841735564,0,0.0,,43829
rate0.5_s4,0.0,q4_a0.8_or,70518,3.8000000000000114,3.8000000000000114,1.4699999999999853,1.4699999999999853,1.5053190607720421,1.5053190607720421,0,0.0,,44107
rate0.5_s4,0.0,q4_a0.8_or,70519,4.999999999999943,4.999999999999943,1.2350000000000183,1.2350000000000183,1.5450304213031614,1.5450304213031614,0,0.0,,42197
rate0.5_s4,0.0,q4_a0.8_or,70520,3.0,3.0,1.1999999999999944,1.1999999999999944,1.461198353632795,1.461198353632795,0,0.0,,43546
rate0.5_s4,0.0,q4_a0.8_or,70521,3.8000000000000114,3.8000000000000114,1.3499999999999894,1.3499999999999894,1.649227157892994,1.649227157892994,0,0.0,,43001
rate0.5_s4,0.0,q4_a0.8_or,70522,2.599999999999909,2.599999999999909,1.2049999999999734,1.2049999999999734,1.5157991098221943,1.5157991098221943,0,0.0,,42722
rate0.5_s4,0.0,q4_a0.8_or,70523,3.799999999999997,3.799999999999997,1.234999999999998,1.234999999999998,1.4692240060671198,1.4692240060671198,0,0.0,,42725
rate0.5_s4,0.0,q4_a0.8_or,70524,5.200000000000216,5.200000000000216,1.420000000000045,1.420000000000045,1.4876813133643085,1.4876813133643085,0,0.0,,43459
rate0.5_s4,0.0,q4_a0.8_or,70525,4.800000000000296,4.800000000000296,1.370000000000045,1.370000000000045,1.473943440782453,1.473943440782453,0,0.0,,43596
rate0.5_s4,0.0,q4_a0.8_or,70526,3.799999999999997,3.799999999999997,1.3449999999999562,1.3449999999999562,1.4815442758356328,1.4815442758356328,0,0.0,,42787
rate0.5_s4,0.0,q4_a0.8_or,70527,3.3999999999999773,3.3999999999999773,1.535000000000005,1.535000000000005,1.5049782659437123,1.5049782659437123,0,0.0,,44083
rate0.5_s4,0.0,q4_a0.8_or,70528,3.8000000000000114,3.8000000000000114,1.294999999999984,1.294999999999984,1.6809070833249238,1.6809070833249238,0,0.0,,42963
rate0.5_s4,0.0,q4_a0.8_or,70529,3.6000000000000227,3.6000000000000227,1.3150000000000304,1.3150000000000304,1.4885946692615883,1.4885946692615883,0,0.0,,43471
rate0.5_s4,0.0,q4_a0.8_and,70500,5.400000000000091,5.400000000000091,1.369999999999996,1.369999999999996,1.5098451828911188,1.5098451828911188,0,0.0,,42403
rate0.5_s4,0.0,q4_a0.8_and,70501,3.7999999999999545,3.7999999999999545,1.3600000000000236,1.3600000000000236,1.4997664734393195,1.4997664734393195,0,0.0,,43440
rate0.5_s4,0.0,q4_a0.8_and,70502,5.0,5.0,1.475000000000024,1.475000000000024,1.428699796069996,1.428699796069996,0,0.0,,42331
rate0.5_s4,0.0,q4_a0.8_and,70503,5.0000000000001705,5.0000000000001705,1.420000000000038,1.420000000000038,1.6484623410927877,1.6484623410927877,0,0.0,,42403
rate0.5_s4,0.0,q4_a0.8_and,70504,5.800000000000011,5.800000000000011,1.6600000000000292,1.6600000000000292,1.5725791478851183,1.5725791478851183,0,0.0,,42604
rate0.5_s4,0.0,q4_a0.8_and,70505,3.2000000000001023,3.2000000000001023,1.3050000000000097,1.3050000000000097,1.4300393479687818,1.4300393479687818,0,0.0,,42968
rate0.5_s4,0.0,q4_a0.8_and,70506,3.8000000000000114,3.8000000000000114,1.3950000000000302,1.3950000000000302,1.5581571486958805,1.5581571486958805,0,0.0,,43734
rate0.5_s4,0.0,q4_a0.8_and,70507,3.8000000000000114,3.8000000000000114,1.345000000000013,1.345000000000013,1.500042185303529,1.500042185303529,0,0.0,,42485
rate0.5_s4,0.0,q4_a0.8_and,70508,4.800000000000125,4.800000000000125,1.4950000000000359,1.4950000000000359,1.4984131299702699,1.4984131299702699,0,0.0,,42817
rate0.5_s4,0.0,q4_a0.8_and,70509,5.2000000000000455,5.2000000000000455,1.475000000000034,1.475000000000034,1.4513207888427584,1.4513207888427584,0,0.0,,43296
rate0.5_s4,0.0,q4_a0.8_and,70510,4.400000000000148,4.400000000000148,1.5150000000000134,1.5150000000000134,1.4388452872446478,1.4388452872446478,0,0.0,,43253
rate0.5_s4,0.0,q4_a0.8_and,70511,3.2000000000000455,3.2000000000000455,1.2700000000000375,1.2700000000000375,1.589098453087203,1.589098453087203,0,0.0,,45024
rate0.5_s4,0.0,q4_a0.8_and,70512,3.4000000000002046,3.4000000000002046,1.2700000000000133,1.2700000000000133,1.4372446812883712,1.4372446812883712,0,0.0,,43544
rate0.5_s4,0.0,q4_a0.8_and,70513,3.999999999999943,3.999999999999943,1.3000000000000358,1.3000000000000358,1.5357621143535036,1.5357621143535036,0,0.0,,43418
rate0.5_s4,0.0,q4_a0.8_and,70514,3.8000000000000114,3.8000000000000114,1.3599999999999794,1.3599999999999794,1.7115485216590696,1.7115485216590696,0,0.0,,43072
rate0.5_s4,0.0,q4_a0.8_and,70515,5.0,5.0,1.4800000000000395,1.4800000000000395,1.5743605036145047,1.5743605036145047,0,0.0,,43537
rate0.5_s4,0.0,q4_a0.8_and,70516,3.0000000000001137,3.0000000000001137,1.2399999999999962,1.2399999999999962,1.4428905611868965,1.4428905611868965,0,0.0,,42880
rate0.5_s4,0.0,q4_a0.8_and,70517,4.000000000000227,4.000000000000227,1.5350000000000237,1.5350000000000237,1.4954563841735564,1.4954563841735564,0,0.0,,43829
rate0.5_s4,0.0,q4_a0.8_and,70518,3.8000000000000114,3.8000000000000114,1.4699999999999853,1.4699999999999853,1.5053190607720421,1.5053190607720421,0,0.0,,44107
rate0.5_s4,0.0,q4_a0.8_and,70519,4.999999999999943,4.999999999999943,1.2350000000000183,1.2350000000000183,1.5450304213031614,1.5450304213031614,0,0.0,,42197
rate0.5_s4,0.0,q4_a0.8_and,70520,3.0,3.0,1.1999999999999944,1.1999999999999944,1.461198353632795,1.461198353632795,0,0.0,,43546
rate0.5_s4,0.0,q4_a0.8_and,70521,3.8000000000000114,3.8000000000000114,1.3499999999999894,1.3499999999999894,1.649227157892994,1.649227157892994,0,0.0,,43001
rate0.5_s4,0.0,q4_a0.8_and,70522,2.599999999999909,2.599999999999909,1.2049999999999734,1.2049999999999734,1.5157991098221943,1.5157991098221943,0,0.0,,42722
rate0.5_s4,0.0,q4_a0.8_and,70523,3.799999999999997,3.799999999999997,1.234999999999998,1.234999999999998,1.4692240060671198,1.4692240060671198,0,0.0,,42725
rate0.5_s4,0.0,q4_a0.8_and,70524,5.200000000000216,5.200000000000216,1.420000000000045,1.420000000000045,1.4876813133643085,1.4876813133643085,0,0.0,,43459
rate0.5_s4,0.0,q4_a0.8_and,70525,4.800000000000296,4.800000000000296,1.370000000000045,1.370000000000045,1.473943440782453,1.473943440782453,0,0.0,,43596
rate0.5_s4,0.0,q4_a0.8_and,70526,3.799999999999997,3.799999999999997,1.3449999999999562,1.3449999999999562,1.4815442758356328,1.4815442758356328,0,0.0,,42787
rate0.5_s4,0.0,q4_a0.8_and,70527,3.3999999999999773,3.3999999999999773,1.535000000000005,1.535000000000005,1.5049782659437123,1.5049782659437123,0,0.0,,44083
rate0.5_s4,0.0,q4_a0.8_and,70528,3.8000000000000114,3.8000000000000114,1.294999999999984,1.294999999999984,1.6809070833249238,1.6809070833249238,0,0.0,,42963
rate0.5_s4,0.0,q4_a0.8_and,70529,3.6000000000000227,3.6000000000000227,1.3150000000000304,1.3150000000000304,1.4885946692615883,1.4885946692615883,0,0.0,,43471
rate0.5_s4,0.0,q4_a1.5_or,70500,5.400000000000091,5.400000000000091,1.369999999999996,1.369999999999996,1.5098451828911188,1.5098451828911188,0,0.0,,42403
rate0.5_s4,0.0,q4_a1.5_or,70501,3.7999999999999545,3.7999999999999545,1.3600000000000236,1.3600000000000236,1.4997664734393195,1.4997664734393195,0,0.0,,43440
rate0.5_s4,0.0,q4_a1.5_or,70502,5.0,5.0,1.475000000000024,1.475000000000024,1.428699796069996,1.428699796069996,0,0.0,,42331
rate0.5_s4,0.0,q4_a1.5_or,70503,5.0000000000001705,5.0000000000001705,1.420000000000038,1.420000000000038,1.6484623410927877,1.6484623410927877,0,0.0,,42403
rate0.5_s4,0.0,q4_a1.5_or,70504,5.800000000000011,5.800000000000011,1.6600000000000292,1.6600000000000292,1.5725791478851183,1.5725791478851183,0,0.0,,42604
rate0.5_s4,0.0,q4_a1.5_or,70505,3.2000000000001023,3.2000000000001023,1.3050000000000097,1.3050000000000097,1.4300393479687818,1.4300393479687818,0,0.0,,42968
rate0.5_s4,0.0,q4_a1.5_or,70506,3.8000000000000114,3.8000000000000114,1.3950000000000302,1.3950000000000302,1.5581571486958805,1.5581571486958805,0,0.0,,43734
rate0.5_s4,0.0,q4_a1.5_or,70507,3.8000000000000114,3.8000000000000114,1.345000000000013,1.345000000000013,1.500042185303529,1.500042185303529,0,0.0,,42485
rate0.5_s4,0.0,q4_a1.5_or,70508,4.800000000000125,4.800000000000125,1.4950000000000359,1.4950000000000359,1.4984131299702699,1.4984131299702699,0,0.0,,42817
rate0.5_s4,0.0,q4_a1.5_or,70509,5.2000000000000455,5.2000000000000455,1.475000000000034,1.475000000000034,1.4513207888427584,1.4513207888427584,0,0.0,,43296
rate0.5_s4,0.0,q4_a1.5_or,70510,4.400000000000148,4.400000000000148,1.5150000000000134,1.5150000000000134,1.4388452872446478,1.4388452872446478,0,0.0,,43253
rate0.5_s4,0.0,q4_a1.5_or,70511,3.2000000000000455,3.2000000000000455,1.2700000000000375,1.2700000000000375,1.589098453087203,1.589098453087203,0,0.0,,45024
rate0.5_s4,0.0,q4_a1.5_or,70512,3.4000000000002046,3.4000000000002046,1.2700000000000133,1.2700000000000133,1.4372446812883712,1.4372446812883712,0,0.0,,43544
rate0.5_s4,0.0,q4_a1.5_or,70513,3.999999999999943,3.999999999999943,1.3000000000000358,1.3000000000000358,1.5357621143535036,1.5357621143535036,0,0.0,,43418
rate0.5_s4,0.0,q4_a1.5_or,70514,3.8000000000000114,3.8000000000000114,1.3599999999999794,1.3599999999999794,1.7115485216590696,1.7115485216590696,0,0.0,,43072
rate0.5_s4,0.0,q4_a1.5_or,70515,5.0,5.0,1.4800000000000395,1.4800000000000395,1.5743605036145047,1.5743605036145047,0,0.0,,43537
rate0.5_s4,0.0,q4_a1.5_or,70516,3.0000000000001137,3.0000000000001137,1.2399999999999962,1.2399999999999962,1.4428905611868965,1.4428905611868965,0,0.0,,42880
rate0.5_s4,0.0,q4_a1.5_or,70517,4.000000000000227,4.000000000000227,1.5350000000000237,1.5350000000000237,1.4954563841735564,1.4954563841735564,0,0.0,,43829
rate0.5_s4,0.0,q4_a1.5_or,70518,3.8000000000000114,3.8000000000000114,1.4699999999999853,1.4699999999999853,1.5053190607720421,1.5053190607720421,0,0.0,,44107
rate0.5_s4,0.0,q4_a1.5_or,70519,4.999999999999943,4.999999999999943,1.2350000000000183,1.2350000000000183,1.5450304213031614,1.5450304213031614,0,0.0,,42197
rate0.5_s4,0.0,q4_a1.5_or,70520,3.0,3.0,1.1999999999999944,1.1999999999999944,1.461198353632795,1.461198353632795,0,0.0,,43546
rate0.5_s4,0.0,q4_a1.5_or,70521,3.8000000000000114,3.8000000000000114,1.3499999999999894,1.3499999999999894,1.649227157892994,1.649227157892994,0,0.0,,43001
rate0.5_s4,0.0,q4_a1.5_or,70522,2.599999999999909,2.599999999999909,1.2049999999999734,1.2049999999999734,1.5157991098221943,1.5157991098221943,0,0.0,,42722
rate0.5_s4,0.0,q4_a1.5_or,70523,3.799999999999997,3.799999999999997,1.234999999999998,1.234999999999998,1.4692240060671198,1.4692240060671198,0,0.0,,42725
rate0.5_s4,0.0,q4_a1.5_or,70524,5.200000000000216,5.200000000000216,1.420000000000045,1.420000000000045,1.4876813133643085,1.4876813133643085,0,0.0,,43459
rate0.5_s4,0.0,q4_a1.5_or,70525,4.800000000000296,4.800000000000296,1.370000000000045,1.370000000000045,1.473943440782453,1.473943440782453,0,0.0,,43596
rate0.5_s4,0.0,q4_a1.5_or,70526,3.799999999999997,3.799999999999997,1.3449999999999562,1.3449999999999562,1.4815442758356328,1.4815442758356328,0,0.0,,42787
rate0.5_s4,0.0,q4_a1.5_or,70527,3.3999999999999773,3.3999999999999773,1.535000000000005,1.535000000000005,1.5049782659437123,1.5049782659437123,0,0.0,,44083
rate0.5_s4,0.0,q4_a1.5_or,70528,3.8000000000000114,3.8000000000000114,1.294999999999984,1.294999999999984,1.6809070833249238,1.6809070833249238,0,0.0,,42963
rate0.5_s4,0.0,q4_a1.5_or,70529,3.6000000000000227,3.6000000000000227,1.3150000000000304,1.3150000000000304,1.4885946692615883,1.4885946692615883,0,0.0,,43471
rate0.5_s4,0.0,q4_a1.5_and,70500,5.400000000000091,5.400000000000091,1.369999999999996,1.369999999999996,1.5098451828911188,1.5098451828911188,0,0.0,,42403
rate0.5_s4,0.0,q4_a1.5_and,70501,3.7999999999999545,3.7999999999999545,1.3600000000000236,1.3600000000000236,1.4997664734393195,1.4997664734393195,0,0.0,,43440
rate0.5_s4,0.0,q4_a1.5_and,70502,5.0,5.0,1.475000000000024,1.475000000000024,1.428699796069996,1.428699796069996,0,0.0,,42331
rate0.5_s4,0.0,q4_a1.5_and,70503,5.0000000000001705,5.0000000000001705,1.420000000000038,1.420000000000038,1.6484623410927877,1.6484623410927877,0,0.0,,42403
rate0.5_s4,0.0,q4_a1.5_and,70504,5.800000000000011,5.800000000000011,1.6600000000000292,1.6600000000000292,1.5725791478851183,1.5725791478851183,0,0.0,,42604
rate0.5_s4,0.0,q4_a1.5_and,70505,3.2000000000001023,3.2000000000001023,1.3050000000000097,1.3050000000000097,1.4300393479687818,1.4300393479687818,0,0.0,,42968
rate0.5_s4,0.0,q4_a1.5_and,70506,3.8000000000000114,3.8000000000000114,1.3950000000000302,1.3950000000000302,1.5581571486958805,1.5581571486958805,0,0.0,,43734
rate0.5_s4,0.0,q4_a1.5_and,70507,3.8000000000000114,3.8000000000000114,1.345000000000013,1.345000000000013,1.500042185303529,1.500042185303529,0,0.0,,42485
rate0.5_s4,0.0,q4_a1.5_and,70508,4.800000000000125,4.800000000000125,1.4950000000000359,1.4950000000000359,1.4984131299702699,1.4984131299702699,0,0.0,,42817
rate0.5_s4,0.0,q4_a1.5_and,70509,5.2000000000000455,5.2000000000000455,1.475000000000034,1.475000000000034,1.4513207888427584,1.4513207888427584,0,0.0,,43296
rate0.5_s4,0.0,q4_a1.5_and,70510,4.400000000000148,4.400000000000148,1.5150000000000134,1.5150000000000134,1.4388452872446478,1.4388452872446478,0,0.0,,43253
rate0.5_s4,0.0,q4_a1.5_and,70511,3.2000000000000455,3.2000000000000455,1.2700000000000375,1.2700000000000375,1.589098453087203,1.589098453087203,0,0.0,,45024
rate0.5_s4,0.0,q4_a1.5_and,70512,3.4000000000002046,3.4000000000002046,1.2700000000000133,1.2700000000000133,1.4372446812883712,1.4372446812883712,0,0.0,,43544
rate0.5_s4,0.0,q4_a1.5_and,70513,3.999999999999943,3.999999999999943,1.3000000000000358,1.3000000000000358,1.5357621143535036,1.5357621143535036,0,0.0,,43418
rate0.5_s4,0.0,q4_a1.5_and,70514,3.8000000000000114,3.8000000000000114,1.3599999999999794,1.3599999999999794,1.7115485216590696,1.7115485216590696,0,0.0,,43072
rate0.5_s4,0.0,q4_a1.5_and,70515,5.0,5.0,1.4800000000000395,1.4800000000000395,1.5743605036145047,1.5743605036145047,0,0.0,,43537
rate0.5_s4,0.0,q4_a1.5_and,70516,3.0000000000001137,3.0000000000001137,1.2399999999999962,1.2399999999999962,1.4428905611868965,1.4428905611868965,0,0.0,,42880
rate0.5_s4,0.0,q4_a1.5_and,70517,4.000000000000227,4.000000000000227,1.5350000000000237,1.5350000000000237,1.4954563841735564,1.4954563841735564,0,0.0,,43829
rate0.5_s4,0.0,q4_a1.5_and,70518,3.8000000000000114,3.8000000000000114,1.4699999999999853,1.4699999999999853,1.5053190607720421,1.5053190607720421,0,0.0,,44107
rate0.5_s4,0.0,q4_a1.5_and,70519,4.999999999999943,4.999999999999943,1.2350000000000183,1.2350000000000183,1.5450304213031614,1.5450304213031614,0,0.0,,42197
rate0.5_s4,0.0,q4_a1.5_and,70520,3.0,3.0,1.1999999999999944,1.1999999999999944,1.461198353632795,1.461198353632795,0,0.0,,43546
rate0.5_s4,0.0,q4_a1.5_and,70521,3.8000000000000114,3.8000000000000114,1.3499999999999894,1.3499999999999894,1.649227157892994,1.649227157892994,0,0.0,,43001
rate0.5_s4,0.0,q4_a1.5_and,70522,2.599999999999909,2.599999999999909,1.2049999999999734,1.2049999999999734,1.5157991098221943,1.5157991098221943,0,0.0,,42722
rate0.5_s4,0.0,q4_a1.5_and,70523,3.799999999999997,3.799999999999997,1.234999999999998,1.234999999999998,1.4692240060671198,1.4692240060671198,0,0.0,,42725
rate0.5_s4,0.0,q4_a1.5_and,70524,5.200000000000216,5.200000000000216,1.420000000000045,1.420000000000045,1.4876813133643085,1.4876813133643085,0,0.0,,43459
rate0.5_s4,0.0,q4_a1.5_and,70525,4.800000000000296,4.800000000000296,1.370000000000045,1.370000000000045,1.473943440782453,1.473943440782453,0,0.0,,43596
rate0.5_s4,0.0,q4_a1.5_and,70526,3.799999999999997,3.799999999999997,1.3449999999999562,1.3449999999999562,1.4815442758356328,1.4815442758356328,0,0.0,,42787
rate0.5_s4,0.0,q4_a1.5_and,70527,3.3999999999999773,3.3999999999999773,1.535000000000005,1.535000000000005,1.5049782659437123,1.5049782659437123,0,0.0,,44083
rate0.5_s4,0.0,q4_a1.5_and,70528,3.8000000000000114,3.8000000000000114,1.294999999999984,1.294999999999984,1.6809070833249238,1.6809070833249238,0,0.0,,42963
rate0.5_s4,0.0,q4_a1.5_and,70529,3.6000000000000227,3.6000000000000227,1.3150000000000304,1.3150000000000304,1.4885946692615883,1.4885946692615883,0,0.0,,43471
rate0.5_s4,0.0,q8_a0.8_or,70500,5.400000000000091,5.400000000000091,1.369999999999996,1.369999999999996,1.5098451828911188,1.5098451828911188,0,0.0,,42403
rate0.5_s4,0.0,q8_a0.8_or,70501,3.7999999999999545,3.7999999999999545,1.3600000000000236,1.3600000000000236,1.4997664734393195,1.4997664734393195,0,0.0,,43440
rate0.5_s4,0.0,q8_a0.8_or,70502,5.0,5.0,1.475000000000024,1.475000000000024,1.428699796069996,1.428699796069996,0,0.0,,42331
rate0.5_s4,0.0,q8_a0.8_or,70503,5.0000000000001705,5.0000000000001705,1.420000000000038,1.420000000000038,1.6484623410927877,1.6484623410927877,0,0.0,,42403
rate0.5_s4,0.0,q8_a0.8_or,70504,5.800000000000011,5.800000000000011,1.6600000000000292,1.6600000000000292,1.5725791478851183,1.5725791478851183,0,0.0,,42604
rate0.5_s4,0.0,q8_a0.8_or,70505,3.2000000000001023,3.2000000000001023,1.3050000000000097,1.3050000000000097,1.4300393479687818,1.4300393479687818,0,0.0,,42968
rate0.5_s4,0.0,q8_a0.8_or,70506,3.8000000000000114,3.8000000000000114,1.3950000000000302,1.3950000000000302,1.5581571486958805,1.5581571486958805,0,0.0,,43734
rate0.5_s4,0.0,q8_a0.8_or,70507,3.8000000000000114,3.8000000000000114,1.345000000000013,1.345000000000013,1.500042185303529,1.500042185303529,0,0.0,,42485
rate0.5_s4,0.0,q8_a0.8_or,70508,4.800000000000125,4.800000000000125,1.4950000000000359,1.4950000000000359,1.4984131299702699,1.4984131299702699,0,0.0,,42817
rate0.5_s4,0.0,q8_a0.8_or,70509,5.2000000000000455,5.2000000000000455,1.475000000000034,1.475000000000034,1.4513207888427584,1.4513207888427584,0,0.0,,43296
rate0.5_s4,0.0,q8_a0.8_or,70510,4.400000000000148,4.400000000000148,1.5150000000000134,1.5150000000000134,1.4388452872446478,1.4388452872446478,0,0.0,,43253
rate0.5_s4,0.0,q8_a0.8_or,70511,3.2000000000000455,3.2000000000000455,1.2700000000000375,1.2700000000000375,1.589098453087203,1.589098453087203,0,0.0,,45024
rate0.5_s4,0.0,q8_a0.8_or,70512,3.4000000000002046,3.4000000000002046,1.2700000000000133,1.2700000000000133,1.4372446812883712,1.4372446812883712,0,0.0,,43544
rate0.5_s4,0.0,q8_a0.8_or,70513,3.999999999999943,3.999999999999943,1.3000000000000358,1.3000000000000358,1.5357621143535036,1.5357621143535036,0,0.0,,43418
rate0.5_s4,0.0,q8_a0.8_or,70514,3.8000000000000114,3.8000000000000114,1.3599999999999794,1.3599999999999794,1.7115485216590696,1.7115485216590696,0,0.0,,43072
rate0.5_s4,0.0,q8_a0.8_or,70515,5.0,5.0,1.4800000000000395,1.4800000000000395,1.5743605036145047,1.5743605036145047,0,0.0,,43537
rate0.5_s4,0.0,q8_a0.8_or,70516,3.0000000000001137,3.0000000000001137,1.2399999999999962,1.2399999999999962,1.4428905611868965,1.4428905611868965,0,0.0,,42880
rate0.5_s4,0.0,q8_a0.8_or,70517,4.000000000000227,4.000000000000227,1.5350000000000237,1.5350000000000237,1.4954563841735564,1.4954563841735564,0,0.0,,43829
rate0.5_s4,0.0,q8_a0.8_or,70518,3.8000000000000114,3.8000000000000114,1.4699999999999853,1.4699999999999853,1.5053190607720421,1.5053190607720421,0,0.0,,44107
rate0.5_s4,0.0,q8_a0.8_or,70519,4.999999999999943,4.999999999999943,1.2350000000000183,1.2350000000000183,1.5450304213031614,1.5450304213031614,0,0.0,,42197
rate0.5_s4,0.0,q8_a0.8_or,70520,3.0,3.0,1.1999999999999944,1.1999999999999944,1.461198353632795,1.461198353632795,0,0.0,,43546
rate0.5_s4,0.0,q8_a0.8_or,70521,3.8000000000000114,3.8000000000000114,1.3499999999999894,1.3499999999999894,1.649227157892994,1.649227157892994,0,0.0,,43001
rate0.5_s4,0.0,q8_a0.8_or,70522,2.599999999999909,2.599999999999909,1.2049999999999734,1.2049999999999734,1.5157991098221943,1.5157991098221943,0,0.0,,42722
rate0.5_s4,0.0,q8_a0.8_or,70523,3.799999999999997,3.799999999999997,1.234999999999998,1.234999999999998,1.4692240060671198,1.4692240060671198,0,0.0,,42725
rate0.5_s4,0.0,q8_a0.8_or,70524,5.200000000000216,5.200000000000216,1.420000000000045,1.420000000000045,1.4876813133643085,1.4876813133643085,0,0.0,,43459
rate0.5_s4,0.0,q8_a0.8_or,70525,4.800000000000296,4.800000000000296,1.370000000000045,1.370000000000045,1.473943440782453,1.473943440782453,0,0.0,,43596
rate0.5_s4,0.0,q8_a0.8_or,70526,3.799999999999997,3.799999999999997,1.3449999999999562,1.3449999999999562,1.4815442758356328,1.4815442758356328,0,0.0,,42787
rate0.5_s4,0.0,q8_a0.8_or,70527,3.3999999999999773,3.3999999999999773,1.535000000000005,1.535000000000005,1.5049782659437123,1.5049782659437123,0,0.0,,44083
rate0.5_s4,0.0,q8_a0.8_or,70528,3.8000000000000114,3.8000000000000114,1.294999999999984,1.294999999999984,1.6809070833249238,1.6809070833249238,0,0.0,,42963
rate0.5_s4,0.0,q8_a0.8_or,70529,3.6000000000000227,3.6000000000000227,1.3150000000000304,1.3150000000000304,1.4885946692615883,1.4885946692615883,0,0.0,,43471
rate0.5_s4,0.0,q8_a0.8_and,70500,5.400000000000091,5.400000000000091,1.369999999999996,1.369999999999996,1.5098451828911188,1.5098451828911188,0,0.0,,42403
rate0.5_s4,0.0,q8_a0.8_and,70501,3.7999999999999545,3.7999999999999545,1.3600000000000236,1.3600000000000236,1.4997664734393195,1.4997664734393195,0,0.0,,43440
rate0.5_s4,0.0,q8_a0.8_and,70502,5.0,5.0,1.475000000000024,1.475000000000024,1.428699796069996,1.428699796069996,0,0.0,,42331
rate0.5_s4,0.0,q8_a0.8_and,70503,5.0000000000001705,5.0000000000001705,1.420000000000038,1.420000000000038,1.6484623410927877,1.6484623410927877,0,0.0,,42403
rate0.5_s4,0.0,q8_a0.8_and,70504,5.800000000000011,5.800000000000011,1.6600000000000292,1.6600000000000292,1.5725791478851183,1.5725791478851183,0,0.0,,42604
rate0.5_s4,0.0,q8_a0.8_and,70505,3.2000000000001023,3.2000000000001023,1.3050000000000097,1.3050000000000097,1.4300393479687818,1.4300393479687818,0,0.0,,42968
rate0.5_s4,0.0,q8_a0.8_and,70506,3.8000000000000114,3.8000000000000114,1.3950000000000302,1.3950000000000302,1.5581571486958805,1.5581571486958805,0,0.0,,43734
rate0.5_s4,0.0,q8_a0.8_and,70507,3.8000000000000114,3.8000000000000114,1.345000000000013,1.345000000000013,1.500042185303529,1.500042185303529,0,0.0,,42485
rate0.5_s4,0.0,q8_a0.8_and,70508,4.800000000000125,4.800000000000125,1.4950000000000359,1.4950000000000359,1.4984131299702699,1.4984131299702699,0,0.0,,42817
rate0.5_s4,0.0,q8_a0.8_and,70509,5.2000000000000455,5.2000000000000455,1.475000000000034,1.475000000000034,1.4513207888427584,1.4513207888427584,0,0.0,,43296
rate0.5_s4,0.0,q8_a0.8_and,70510,4.400000000000148,4.400000000000148,1.5150000000000134,1.5150000000000134,1.4388452872446478,1.4388452872446478,0,0.0,,43253
rate0.5_s4,0.0,q8_a0.8_and,70511,3.2000000000000455,3.2000000000000455,1.2700000000000375,1.2700000000000375,1.589098453087203,1.589098453087203,0,0.0,,45024
rate0.5_s4,0.0,q8_a0.8_and,70512,3.4000000000002046,3.4000000000002046,1.2700000000000133,1.2700000000000133,1.4372446812883712,1.4372446812883712,0,0.0,,43544
rate0.5_s4,0.0,q8_a0.8_and,70513,3.999999999999943,3.999999999999943,1.3000000000000358,1.3000000000000358,1.5357621143535036,1.5357621143535036,0,0.0,,43418
rate0.5_s4,0.0,q8_a0.8_and,70514,3.8000000000000114,3.8000000000000114,1.3599999999999794,1.3599999999999794,1.7115485216590696,1.7115485216590696,0,0.0,,43072
rate0.5_s4,0.0,q8_a0.8_and,70515,5.0,5.0,1.4800000000000395,1.4800000000000395,1.5743605036145047,1.5743605036145047,0,0.0,,43537
rate0.5_s4,0.0,q8_a0.8_and,70516,3.0000000000001137,3.0000000000001137,1.2399999999999962,1.2399999999999962,1.4428905611868965,1.4428905611868965,0,0.0,,42880
rate0.5_s4,0.0,q8_a0.8_and,70517,4.000000000000227,4.000000000000227,1.5350000000000237,1.5350000000000237,1.4954563841735564,1.4954563841735564,0,0.0,,43829
rate0.5_s4,0.0,q8_a0.8_and,70518,3.8000000000000114,3.8000000000000114,1.4699999999999853,1.4699999999999853,1.5053190607720421,1.5053190607720421,0,0.0,,44107
rate0.5_s4,0.0,q8_a0.8_and,70519,4.999999999999943,4.999999999999943,1.2350000000000183,1.2350000000000183,1.5450304213031614,1.5450304213031614,0,0.0,,42197
rate0.5_s4,0.0,q8_a0.8_and,70520,3.0,3.0,1.1999999999999944,1.1999999999999944,1.461198353632795,1.461198353632795,0,0.0,,43546
rate0.5_s4,0.0,q8_a0.8_and,70521,3.8000000000000114,3.8000000000000114,1.3499999999999894,1.3499999999999894,1.649227157892994,1.649227157892994,0,0.0,,43001
rate0.5_s4,0.0,q8_a0.8_and,70522,2.599999999999909,2.599999999999909,1.2049999999999734,1.2049999999999734,1.5157991098221943,1.5157991098221943,0,0.0,,42722
rate0.5_s4,0.0,q8_a0.8_and,70523,3.799999999999997,3.799999999999997,1.234999999999998,1.234999999999998,1.4692240060671198,1.4692240060671198,0,0.0,,42725
rate0.5_s4,0.0,q8_a0.8_and,70524,5.200000000000216,5.200000000000216,1.420000000000045,1.420000000000045,1.4876813133643085,1.4876813133643085,0,0.0,,43459
rate0.5_s4,0.0,q8_a0.8_and,70525,4.800000000000296,4.800000000000296,1.370000000000045,1.370000000000045,1.473943440782453,1.473943440782453,0,0.0,,43596
rate0.5_s4,0.0,q8_a0.8_and,70526,3.799999999999997,3.799999999999997,1.3449999999999562,1.3449999999999562,1.4815442758356328,1.4815442758356328,0,0.0,,42787
rate0.5_s4,0.0,q8_a0.8_and,70527,3.3999999999999773,3.3999999999999773,1.535000000000005,1.535000000000005,1.5049782659437123,1.5049782659437123,0,0.0,,44083
rate0.5_s4,0.0,q8_a0.8_and,70528,3.8000000000000114,3.8000000000000114,1.294999999999984,1.294999999999984,1.6809070833249238,1.6809070833249238,0,0.0,,42963
rate0.5_s4,0.0,q8_a0.8_and,70529,3.6000000000000227,3.6000000000000227,1.3150000000000304,1.3150000000000304,1.4885946692615883,1.4885946692615883,0,0.0,,43471
rate0.5_s4,0.0,q8_a1.5_or,70500,5.400000000000091,5.400000000000091,1.369999999999996,1.369999999999996,1.5098451828911188,1.5098451828911188,0,0.0,,42403
rate0.5_s4,0.0,q8_a1.5_or,70501,3.7999999999999545,3.7999999999999545,1.3600000000000236,1.3600000000000236,1.4997664734393195,1.4997664734393195,0,0.0,,43440
rate0.5_s4,0.0,q8_a1.5_or,70502,5.0,5.0,1.475000000000024,1.475000000000024,1.428699796069996,1.428699796069996,0,0.0,,42331
rate0.5_s4,0.0,q8_a1.5_or,70503,5.0000000000001705,5.0000000000001705,1.420000000000038,1.420000000000038,1.6484623410927877,1.6484623410927877,0,0.0,,42403
rate0.5_s4,0.0,q8_a1.5_or,70504,5.800000000000011,5.800000000000011,1.6600000000000292,1.6600000000000292,1.5725791478851183,1.5725791478851183,0,0.0,,42604
rate0.5_s4,0.0,q8_a1.5_or,70505,3.2000000000001023,3.2000000000001023,1.3050000000000097,1.3050000000000097,1.4300393479687818,1.4300393479687818,0,0.0,,42968
rate0.5_s4,0.0,q8_a1.5_or,70506,3.8000000000000114,3.8000000000000114,1.3950000000000302,1.3950000000000302,1.5581571486958805,1.5581571486958805,0,0.0,,43734
rate0.5_s4,0.0,q8_a1.5_or,70507,3.8000000000000114,3.8000000000000114,1.345000000000013,1.345000000000013,1.500042185303529,1.500042185303529,0,0.0,,42485
rate0.5_s4,0.0,q8_a1.5_or,70508,4.800000000000125,4.800000000000125,1.4950000000000359,1.4950000000000359,1.4984131299702699,1.4984131299702699,0,0.0,,42817
rate0.5_s4,0.0,q8_a1.5_or,70509,5.2000000000000455,5.2000000000000455,1.475000000000034,1.475000000000034,1.4513207888427584,1.4513207888427584,0,0.0,,43296
rate0.5_s4,0.0,q8_a1.5_or,70510,4.400000000000148,4.400000000000148,1.5150000000000134,1.5150000000000134,1.4388452872446478,1.4388452872446478,0,0.0,,43253
rate0.5_s4,0.0,q8_a1.5_or,70511,3.2000000000000455,3.2000000000000455,1.2700000000000375,1.2700000000000375,1.589098453087203,1.589098453087203,0,0.0,,45024
rate0.5_s4,0.0,q8_a1.5_or,70512,3.4000000000002046,3.4000000000002046,1.2700000000000133,1.2700000000000133,1.4372446812883712,1.4372446812883712,0,0.0,,43544
rate0.5_s4,0.0,q8_a1.5_or,70513,3.999999999999943,3.999999999999943,1.3000000000000358,1.3000000000000358,1.5357621143535036,1.5357621143535036,0,0.0,,43418
rate0.5_s4,0.0,q8_a1.5_or,70514,3.8000000000000114,3.8000000000000114,1.3599999999999794,1.3599999999999794,1.7115485216590696,1.7115485216590696,0,0.0,,43072
rate0.5_s4,0.0,q8_a1.5_or,70515,5.0,5.0,1.4800000000000395,1.4800000000000395,1.5743605036145047,1.5743605036145047,0,0.0,,43537
rate0.5_s4,0.0,q8_a1.5_or,70516,3.0000000000001137,3.0000000000001137,1.2399999999999962,1.2399999999999962,1.4428905611868965,1.4428905611868965,0,0.0,,42880
rate0.5_s4,0.0,q8_a1.5_or,70517,4.000000000000227,4.000000000000227,1.5350000000000237,1.5350000000000237,1.4954563841735564,1.4954563841735564,0,0.0,,43829
rate0.5_s4,0.0,q8_a1.5_or,70518,3.8000000000000114,3.8000000000000114,1.4699999999999853,1.4699999999999853,1.5053190607720421,1.5053190607720421,0,0.0,,44107
rate0.5_s4,0.0,q8_a1.5_or,70519,4.999999999999943,4.999999999999943,1.2350000000000183,1.2350000000000183,1.5450304213031614,1.5450304213031614,0,0.0,,42197
rate0.5_s4,0.0,q8_a1.5_or,70520,3.0,3.0,1.1999999999999944,1.1999999999999944,1.461198353632795,1.461198353632795,0,0.0,,43546
rate0.5_s4,0.0,q8_a1.5_or,70521,3.8000000000000114,3.8000000000000114,1.3499999999999894,1.3499999999999894,1.649227157892994,1.649227157892994,0,0.0,,43001
rate0.5_s4,0.0,q8_a1.5_or,70522,2.599999999999909,2.599999999999909,1.2049999999999734,1.2049999999999734,1.5157991098221943,1.5157991098221943,0,0.0,,42722
rate0.5_s4,0.0,q8_a1.5_or,70523,3.799999999999997,3.799999999999997,1.234999999999998,1.234999999999998,1.4692240060671198,1.4692240060671198,0,0.0,,42725
rate0.5_s4,0.0,q8_a1.5_or,70524,5.200000000000216,5.200000000000216,1.420000000000045,1.420000000000045,1.4876813133643085,1.4876813133643085,0,0.0,,43459
rate0.5_s4,0.0,q8_a1.5_or,70525,4.800000000000296,4.800000000000296,1.370000000000045,1.370000000000045,1.473943440782453,1.473943440782453,0,0.0,,43596
rate0.5_s4,0.0,q8_a1.5_or,70526,3.799999999999997,3.799999999999997,1.3449999999999562,1.3449999999999562,1.4815442758356328,1.4815442758356328,0,0.0,,42787
rate0.5_s4,0.0,q8_a1.5_or,70527,3.3999999999999773,3.3999999999999773,1.535000000000005,1.535000000000005,1.5049782659437123,1.5049782659437123,0,0.0,,44083
rate0.5_s4,0.0,q8_a1.5_or,70528,3.8000000000000114,3.8000000000000114,1.294999999999984,1.294999999999984,1.6809070833249238,1.6809070833249238,0,0.0,,42963
rate0.5_s4,0.0,q8_a1.5_or,70529,3.6000000000000227,3.6000000000000227,1.3150000000000304,1.3150000000000304,1.4885946692615883,1.4885946692615883,0,0.0,,43471
rate0.5_s4,0.0,q8_a1.5_and,70500,5.400000000000091,5.400000000000091,1.369999999999996,1.369999999999996,1.5098451828911188,1.5098451828911188,0,0.0,,42403
rate0.5_s4,0.0,q8_a1.5_and,70501,3.7999999999999545,3.7999999999999545,1.3600000000000236,1.3600000000000236,1.4997664734393195,1.4997664734393195,0,0.0,,43440
rate0.5_s4,0.0,q8_a1.5_and,70502,5.0,5.0,1.475000000000024,1.475000000000024,1.428699796069996,1.428699796069996,0,0.0,,42331
rate0.5_s4,0.0,q8_a1.5_and,70503,5.0000000000001705,5.0000000000001705,1.420000000000038,1.420000000000038,1.6484623410927877,1.6484623410927877,0,0.0,,42403
rate0.5_s4,0.0,q8_a1.5_and,70504,5.800000000000011,5.800000000000011,1.6600000000000292,1.6600000000000292,1.5725791478851183,1.5725791478851183,0,0.0,,42604
rate0.5_s4,0.0,q8_a1.5_and,70505,3.2000000000001023,3.2000000000001023,1.3050000000000097,1.3050000000000097,1.4300393479687818,1.4300393479687818,0,0.0,,42968
rate0.5_s4,0.0,q8_a1.5_and,70506,3.8000000000000114,3.8000000000000114,1.3950000000000302,1.3950000000000302,1.5581571486958805,1.5581571486958805,0,0.0,,43734
rate0.5_s4,0.0,q8_a1.5_and,70507,3.8000000000000114,3.8000000000000114,1.345000000000013,1.345000000000013,1.500042185303529,1.500042185303529,0,0.0,,42485
rate0.5_s4,0.0,q8_a1.5_and,70508,4.800000000000125,4.800000000000125,1.4950000000000359,1.4950000000000359,1.4984131299702699,1.4984131299702699,0,0.0,,42817
rate0.5_s4,0.0,q8_a1.5_and,70509,5.2000000000000455,5.2000000000000455,1.475000000000034,1.475000000000034,1.4513207888427584,1.4513207888427584,0,0.0,,43296
rate0.5_s4,0.0,q8_a1.5_and,70510,4.400000000000148,4.400000000000148,1.5150000000000134,1.5150000000000134,1.4388452872446478,1.4388452872446478,0,0.0,,43253
rate0.5_s4,0.0,q8_a1.5_and,70511,3.2000000000000455,3.2000000000000455,1.2700000000000375,1.2700000000000375,1.589098453087203,1.589098453087203,0,0.0,,45024
rate0.5_s4,0.0,q8_a1.5_and,70512,3.4000000000002046,3.4000000000002046,1.2700000000000133,1.2700000000000133,1.4372446812883712,1.4372446812883712,0,0.0,,43544
rate0.5_s4,0.0,q8_a1.5_and,70513,3.999999999999943,3.999999999999943,1.3000000000000358,1.3000000000000358,1.5357621143535036,1.5357621143535036,0,0.0,,43418
rate0.5_s4,0.0,q8_a1.5_and,70514,3.8000000000000114,3.8000000000000114,1.3599999999999794,1.3599999999999794,1.7115485216590696,1.7115485216590696,0,0.0,,43072
rate0.5_s4,0.0,q8_a1.5_and,70515,5.0,5.0,1.4800000000000395,1.4800000000000395,1.5743605036145047,1.5743605036145047,0,0.0,,43537
rate0.5_s4,0.0,q8_a1.5_and,70516,3.0000000000001137,3.0000000000001137,1.2399999999999962,1.2399999999999962,1.4428905611868965,1.4428905611868965,0,0.0,,42880
rate0.5_s4,0.0,q8_a1.5_and,70517,4.000000000000227,4.000000000000227,1.5350000000000237,1.5350000000000237,1.4954563841735564,1.4954563841735564,0,0.0,,43829
rate0.5_s4,0.0,q8_a1.5_and,70518,3.8000000000000114,3.8000000000000114,1.4699999999999853,1.4699999999999853,1.5053190607720421,1.5053190607720421,0,0.0,,44107
rate0.5_s4,0.0,q8_a1.5_and,70519,4.999999999999943,4.999999999999943,1.2350000000000183,1.2350000000000183,1.5450304213031614,1.5450304213031614,0,0.0,,42197
rate0.5_s4,0.0,q8_a1.5_and,70520,3.0,3.0,1.1999999999999944,1.1999999999999944,1.461198353632795,1.461198353632795,0,0.0,,43546
rate0.5_s4,0.0,q8_a1.5_and,70521,3.8000000000000114,3.8000000000000114,1.3499999999999894,1.3499999999999894,1.649227157892994,1.649227157892994,0,0.0,,43001
rate0.5_s4,0.0,q8_a1.5_and,70522,2.599999999999909,2.599999999999909,1.2049999999999734,1.2049999999999734,1.5157991098221943,1.5157991098221943,0,0.0,,42722
rate0.5_s4,0.0,q8_a1.5_and,70523,3.799999999999997,3.799999999999997,1.234999999999998,1.234999999999998,1.4692240060671198,1.4692240060671198,0,0.0,,42725
rate0.5_s4,0.0,q8_a1.5_and,70524,5.200000000000216,5.200000000000216,1.420000000000045,1.420000000000045,1.4876813133643085,1.4876813133643085,0,0.0,,43459
rate0.5_s4,0.0,q8_a1.5_and,70525,4.800000000000296,4.800000000000296,1.370000000000045,1.370000000000045,1.473943440782453,1.473943440782453,0,0.0,,43596
rate0.5_s4,0.0,q8_a1.5_and,70526,3.799999999999997,3.799999999999997,1.3449999999999562,1.3449999999999562,1.4815442758356328,1.4815442758356328,0,0.0,,42787
rate0.5_s4,0.0,q8_a1.5_and,70527,3.3999999999999773,3.3999999999999773,1.535000000000005,1.535000000000005,1.5049782659437123,1.5049782659437123,0,0.0,,44083
rate0.5_s4,0.0,q8_a1.5_and,70528,3.8000000000000114,3.8000000000000114,1.294999999999984,1.294999999999984,1.6809070833249238,1.6809070833249238,0,0.0,,42963
rate0.5_s4,0.0,q8_a1.5_and,70529,3.6000000000000227,3.6000000000000227,1.3150000000000304,1.3150000000000304,1.4885946692615883,1.4885946692615883,0,0.0,,43471
rate0.5_s4,0.5,q2_a0.8_or,70500,5.300000000000068,5.800000000000011,1.4049999999999954,1.515000000000001,1.5117394480616033,1.4188813417333395,10,1.0,1.0,43154
rate0.5_s4,0.5,q2_a0.8_or,70501,3.7999999999999545,5.099999999999795,1.3624999999999958,1.4300000000000146,1.4340766633242035,1.3314232153120051,10,1.0,1.0,43960
rate0.5_s4,0.5,q2_a0.8_or,70502,3.799999999999997,5.800000000000011,1.3375000000000377,1.8275000000000479,1.498676400452836,1.3439311785789791,10,1.0,1.0,43476
rate0.5_s4,0.5,q2_a0.8_or,70503,5.2000000000000455,5.000000000000057,1.5150000000000283,1.4525000000000017,1.6557053532672577,1.3817179865336453,10,1.0,1.0,43942
rate0.5_s4,0.5,q2_a0.8_or,70504,5.800000000000011,3.19999999999996,1.6150000000000333,1.3650000000000204,1.583319230416119,1.3322008947805346,10,1.0,1.0,43589
rate0.5_s4,0.5,q2_a0.8_or,70505,3.8000000000000114,5.800000000000011,1.3825000000000045,1.5749999999999988,1.5138975730893363,1.3384244522970434,10,1.0,1.0,43399
rate0.5_s4,0.5,q2_a0.8_or,70506,3.8000000000000114,4.900000000000205,1.3725000000000533,1.427500000000051,1.481468182012921,1.274844649053005,10,1.0,1.0,44111
rate0.5_s4,0.5,q2_a0.8_or,70507,5.2999999999996135,5.300000000000296,1.4674999999999698,1.654999999999975,1.5497704975677797,1.2981063566674789,10,1.0,1.0,43235
rate0.5_s4,0.5,q2_a0.8_or,70508,3.8000000000000114,5.600000000000136,1.4650000000000063,1.4450000000000174,1.5355191911679953,1.4129039902971081,10,1.0,1.0,43391
rate0.5_s4,0.5,q2_a0.8_or,70509,5.799999999999997,3.3999999999999773,1.477500000000012,1.472500000000013,1.4962584930028884,1.3606867636296216,10,1.0,1.0,44317
rate0.5_s4,0.5,q2_a0.8_or,70510,4.900000000000148,5.2000000000000455,1.4300000000000126,1.7350000000000076,1.5054244241518073,1.332429123771203,10,1.0,1.0,44266
rate0.5_s4,0.5,q2_a0.8_or,70511,5.100000000000193,5.199999999999989,1.5450000000000235,1.5275000000000023,1.530464831567005,1.4299728384863108,10,1.0,1.0,44870
rate0.5_s4,0.5,q2_a0.8_or,70512,3.1000000000001364,5.0,1.2750000000000117,1.5625000000000022,1.4837456660192891,1.3980626698606478,10,1.0,1.0,44413
rate0.5_s4,0.5,q2_a0.8_or,70513,5.500000000000227,5.0,1.5975000000000155,1.432500000000011,1.5724158931963486,1.3944832241943206,10,1.0,1.0,43661
rate0.5_s4,0.5,q2_a0.8_or,70514,5.0,5.800000000000011,1.4650000000000118,1.5625000000000118,1.7461636479845741,1.3067297956043245,10,1.0,1.0,43728
rate0.5_s4,0.5,q2_a0.8_or,70515,5.000000000000114,5.0,1.5475000000000378,1.560000000000017,1.6665732229072958,1.3164744904296477,10,1.0,1.0,44853
rate0.5_s4,0.5,q2_a0.8_or,70516,3.800000000000125,5.0,1.3075000000000059,1.5799999999999919,1.4833631470405397,1.3330723487054037,10,1.0,1.0,44039
rate0.5_s4,0.5,q2_a0.8_or,70517,4.000000000000227,4.700000000000017,1.3325000000000329,1.4375000000000242,1.5053143351011564,1.294704667218121,10,1.0,1.0,44876
rate0.5_s4,0.5,q2_a0.8_or,70518,2.9999999999998863,3.1000000000000796,1.2674999999999847,1.3249999999999755,1.5698106440033637,1.3901036807847134,10,1.0,1.0,44817
rate0.5_s4,0.5,q2_a0.8_or,70519,5.2000000000000455,7.0,1.2775000000000165,1.7250000000000187,1.543781035826568,1.3714728120550683,10,1.0,1.0,42915
rate0.5_s4,0.5,q2_a0.8_or,70520,3.0,5.199999999999989,1.239999999999989,1.4924999999999902,1.4368465465996538,1.2973029305774821,10,1.0,1.0,43858
rate0.5_s4,0.5,q2_a0.8_or,70521,5.299999999999841,3.099999999999909,1.4574999999999896,1.432500000000008,1.5749583887515697,1.4667468807473871,10,1.0,1.0,44054
rate0.5_s4,0.5,q2_a0.8_or,70522,3.299999999999386,5.000000000000114,1.2374999999999652,1.48999999999997,1.536518980550096,1.378930624839919,10,1.0,1.0,43732
rate0.5_s4,0.5,q2_a0.8_or,70523,3.799999999999997,5.0,1.2974999999999952,1.4324999999999934,1.4961529052513287,1.427888918597951,10,1.0,1.0,43482
rate0.5_s4,0.5,q2_a0.8_or,70524,5.700000000000216,2.4000000000003183,1.3725000000000471,1.2525000000000752,1.5408258956498042,1.3601355088980618,10,1.0,1.0,44119
rate0.5_s4,0.5,q2_a0.8_or,70525,3.699999999999932,5.0,1.3425000000000253,1.4300000000000175,1.537721956459818,1.455317107569289,10,1.0,1.0,44051
rate0.5_s4,0.5,q2_a0.8_or,70526,3.8000000000000114,3.0,1.3949999999999363,1.4374999999999738,1.5321599882286174,1.3946902790702773,10,1.0,1.0,43738
rate0.5_s4,0.5,q2_a0.8_or,70527,3.400000000000091,2.699999999999932,1.1925000000000296,1.370000000000008,1.443574595592964,1.4313424948902196,10,1.0,1.0,44401
rate0.5_s4,0.5,q2_a0.8_or,70528,3.8000000000000114,3.7000000000000455,1.3725000000000072,1.4700000000000013,1.6508437993566545,1.5246216755653592,10,1.0,1.0,43868
rate0.5_s4,0.5,q2_a0.8_or,70529,3.799999999999997,2.599999999999966,1.4175000000000153,1.3175000000000119,1.5655001272327058,1.4709840076323628,10,1.0,1.0,44204
rate0.5_s4,0.5,q2_a0.8_and,70500,5.300000000000068,5.300000000000068,1.4049999999999954,1.4049999999999954,1.5117394480616033,1.5117394480616033,0,0.0,,42429
rate0.5_s4,0.5,q2_a0.8_and,70501,3.7999999999999545,3.7999999999999545,1.3624999999999958,1.3624999999999958,1.4340766633242035,1.4340766633242035,0,0.0,,42878
rate0.5_s4,0.5,q2_a0.8_and,70502,3.799999999999997,3.799999999999997,1.3375000000000377,1.3375000000000377,1.498676400452836,1.498676400452836,0,0.0,,42441
rate0.5_s4,0.5,q2_a0.8_and,70503,5.2000000000000455,5.2000000000000455,1.5150000000000283,1.5150000000000283,1.6557053532672577,1.6557053532672577,0,0.0,,42382
rate0.5_s4,0.5,q2_a0.8_and,70504,5.800000000000011,5.800000000000011,1.6150000000000333,1.6150000000000333,1.583319230416119,1.583319230416119,0,0.0,,42173
rate0.5_s4,0.5,q2_a0.8_and,70505,3.8000000000000114,3.8000000000000114,1.3825000000000045,1.3825000000000045,1.5138975730893363,1.5138975730893363,0,0.0,,42725
rate0.5_s4,0.5,q2_a0.8_and,70506,3.8000000000000114,3.8000000000000114,1.3725000000000533,1.3725000000000533,1.481468182012921,1.481468182012921,0,0.0,,43436
rate0.5_s4,0.5,q2_a0.8_and,70507,5.2999999999996135,5.2999999999996135,1.4674999999999698,1.4674999999999698,1.5497704975677797,1.5497704975677797,0,0.0,,42278
rate0.5_s4,0.5,q2_a0.8_and,70508,3.8000000000000114,3.8000000000000114,1.4650000000000063,1.4650000000000063,1.5355191911679953,1.5355191911679953,0,0.0,,42673
rate0.5_s4,0.5,q2_a0.8_and,70509,5.799999999999997,5.799999999999997,1.477500000000012,1.477500000000012,1.4962584930028884,1.4962584930028884,0,0.0,,43276
rate0.5_s4,0.5,q2_a0.8_and,70510,4.900000000000148,4.900000000000148,1.4300000000000126,1.4300000000000126,1.5054244241518073,1.5054244241518073,0,0.0,,43349
rate0.5_s4,0.5,q2_a0.8_and,70511,5.100000000000193,5.100000000000193,1.5450000000000235,1.5450000000000235,1.530464831567005,1.530464831567005,0,0.0,,43870
rate0.5_s4,0.5,q2_a0.8_and,70512,3.1000000000001364,3.1000000000001364,1.2750000000000117,1.2750000000000117,1.4837456660192891,1.4837456660192891,0,0.0,,43447
rate0.5_s4,0.5,q2_a0.8_and,70513,5.500000000000227,5.500000000000227,1.5975000000000155,1.5975000000000155,1.5724158931963486,1.5724158931963486,0,0.0,,42950
rate0.5_s4,0.5,q2_a0.8_and,70514,5.0,5.0,1.4650000000000118,1.4650000000000118,1.7461636479845741,1.7461636479845741,0,0.0,,42590
rate0.5_s4,0.5,q2_a0.8_and,70515,5.000000000000114,5.000000000000114,1.5475000000000378,1.5475000000000378,1.6665732229072958,1.6665732229072958,0,0.0,,44493
rate0.5_s4,0.5,q2_a0.8_and,70516,3.800000000000125,3.800000000000125,1.3075000000000059,1.3075000000000059,1.4833631470405397,1.4833631470405397,0,0.0,,43706
rate0.5_s4,0.5,q2_a0.8_and,70517,4.000000000000227,4.000000000000227,1.3325000000000329,1.3325000000000329,1.5053143351011564,1.5053143351011564,0,0.0,,43950
rate0.5_s4,0.5,q2_a0.8_and,70518,2.9999999999998863,2.9999999999998863,1.2674999999999847,1.2674999999999847,1.5698106440033637,1.5698106440033637,0,0.0,,43541
rate0.5_s4,0.5,q2_a0.8_and,70519,5.2000000000000455,5.2000000000000455,1.2775000000000165,1.2775000000000165,1.543781035826568,1.543781035826568,0,0.0,,42166
rate0.5_s4,0.5,q2_a0.8_and,70520,3.0,3.0,1.239999999999989,1.239999999999989,1.4368465465996538,1.4368465465996538,0,0.0,,43120
rate0.5_s4,0.5,q2_a0.8_and,70521,5.299999999999841,5.299999999999841,1.4574999999999896,1.4574999999999896,1.5749583887515697,1.5749583887515697,0,0.0,,43132
rate0.5_s4,0.5,q2_a0.8_and,70522,3.299999999999386,3.299999999999386,1.2374999999999652,1.2374999999999652,1.536518980550096,1.536518980550096,0,0.0,,43795
rate0.5_s4,0.5,q2_a0.8_and,70523,3.799999999999997,3.799999999999997,1.2974999999999952,1.2974999999999952,1.4961529052513287,1.4961529052513287,0,0.0,,42792
rate0.5_s4,0.5,q2_a0.8_and,70524,5.700000000000216,5.700000000000216,1.3725000000000471,1.3725000000000471,1.5408258956498042,1.5408258956498042,0,0.0,,43227
rate0.5_s4,0.5,q2_a0.8_and,70525,3.699999999999932,3.699999999999932,1.3425000000000253,1.3425000000000253,1.537721956459818,1.537721956459818,0,0.0,,43666
rate0.5_s4,0.5,q2_a0.8_and,70526,3.8000000000000114,3.8000000000000114,1.3949999999999363,1.3949999999999363,1.5321599882286174,1.5321599882286174,0,0.0,,43326
rate0.5_s4,0.5,q2_a0.8_and,70527,3.400000000000091,3.400000000000091,1.1925000000000296,1.1925000000000296,1.443574595592964,1.443574595592964,0,0.0,,43628
rate0.5_s4,0.5,q2_a0.8_and,70528,3.8000000000000114,3.8000000000000114,1.3725000000000072,1.3725000000000072,1.6508437993566545,1.6508437993566545,0,0.0,,43328
rate0.5_s4,0.5,q2_a0.8_and,70529,3.799999999999997,3.799999999999997,1.4175000000000153,1.4175000000000153,1.5655001272327058,1.5655001272327058,0,0.0,,43556
rate0.5_s4,0.5,q2_a1.5_or,70500,5.300000000000068,5.800000000000011,1.4049999999999954,1.515000000000001,1.5117394480616033,1.4188813417333395,10,1.0,1.0,43154
rate0.5_s4,0.5,q2_a1.5_or,70501,3.7999999999999545,5.099999999999795,1.3624999999999958,1.4300000000000146,1.4340766633242035,1.3314232153120051,10,1.0,1.0,43960
rate0.5_s4,0.5,q2_a1.5_or,70502,3.799999999999997,5.800000000000011,1.3375000000000377,1.8275000000000479,1.498676400452836,1.3439311785789791,10,1.0,1.0,43476
rate0.5_s4,0.5,q2_a1.5_or,70503,5.2000000000000455,5.000000000000057,1.5150000000000283,1.4525000000000017,1.6557053532672577,1.3817179865336453,10,1.0,1.0,43942
rate0.5_s4,0.5,q2_a1.5_or,70504,5.800000000000011,3.19999999999996,1.6150000000000333,1.3650000000000204,1.583319230416119,1.3322008947805346,10,1.0,1.0,43589
rate0.5_s4,0.5,q2_a1.5_or,70505,3.8000000000000114,5.800000000000011,1.3825000000000045,1.5749999999999988,1.5138975730893363,1.3384244522970434,10,1.0,1.0,43399
rate0.5_s4,0.5,q2_a1.5_or,70506,3.8000000000000114,4.900000000000205,1.3725000000000533,1.427500000000051,1.481468182012921,1.274844649053005,10,1.0,1.0,44111
rate0.5_s4,0.5,q2_a1.5_or,70507,5.2999999999996135,5.300000000000296,1.4674999999999698,1.654999999999975,1.5497704975677797,1.2981063566674789,10,1.0,1.0,43235
rate0.5_s4,0.5,q2_a1.5_or,70508,3.8000000000000114,5.600000000000136,1.4650000000000063,1.4450000000000174,1.5355191911679953,1.4129039902971081,10,1.0,1.0,43391
rate0.5_s4,0.5,q2_a1.5_or,70509,5.799999999999997,3.3999999999999773,1.477500000000012,1.472500000000013,1.4962584930028884,1.3606867636296216,10,1.0,1.0,44317
rate0.5_s4,0.5,q2_a1.5_or,70510,4.900000000000148,5.2000000000000455,1.4300000000000126,1.7350000000000076,1.5054244241518073,1.332429123771203,10,1.0,1.0,44266
rate0.5_s4,0.5,q2_a1.5_or,70511,5.100000000000193,5.199999999999989,1.5450000000000235,1.5275000000000023,1.530464831567005,1.4299728384863108,10,1.0,1.0,44870
rate0.5_s4,0.5,q2_a1.5_or,70512,3.1000000000001364,5.0,1.2750000000000117,1.5625000000000022,1.4837456660192891,1.3980626698606478,10,1.0,1.0,44413
rate0.5_s4,0.5,q2_a1.5_or,70513,5.500000000000227,5.0,1.5975000000000155,1.432500000000011,1.5724158931963486,1.3944832241943206,10,1.0,1.0,43661
rate0.5_s4,0.5,q2_a1.5_or,70514,5.0,5.800000000000011,1.4650000000000118,1.5625000000000118,1.7461636479845741,1.3067297956043245,10,1.0,1.0,43728
rate0.5_s4,0.5,q2_a1.5_or,70515,5.000000000000114,5.0,1.5475000000000378,1.560000000000017,1.6665732229072958,1.3164744904296477,10,1.0,1.0,44853
rate0.5_s4,0.5,q2_a1.5_or,70516,3.800000000000125,5.0,1.3075000000000059,1.5799999999999919,1.4833631470405397,1.3330723487054037,10,1.0,1.0,44039
rate0.5_s4,0.5,q2_a1.5_or,70517,4.000000000000227,4.700000000000017,1.3325000000000329,1.4375000000000242,1.5053143351011564,1.294704667218121,10,1.0,1.0,44876
rate0.5_s4,0.5,q2_a1.5_or,70518,2.9999999999998863,3.1000000000000796,1.2674999999999847,1.3249999999999755,1.5698106440033637,1.3901036807847134,10,1.0,1.0,44817
rate0.5_s4,0.5,q2_a1.5_or,70519,5.2000000000000455,7.0,1.2775000000000165,1.7250000000000187,1.543781035826568,1.3714728120550683,10,1.0,1.0,42915
rate0.5_s4,0.5,q2_a1.5_or,70520,3.0,5.199999999999989,1.239999999999989,1.4924999999999902,1.4368465465996538,1.2973029305774821,10,1.0,1.0,43858
rate0.5_s4,0.5,q2_a1.5_or,70521,5.299999999999841,3.099999999999909,1.4574999999999896,1.432500000000008,1.5749583887515697,1.4667468807473871,10,1.0,1.0,44054
rate0.5_s4,0.5,q2_a1.5_or,70522,3.299999999999386,5.000000000000114,1.2374999999999652,1.48999999999997,1.536518980550096,1.378930624839919,10,1.0,1.0,43732
rate0.5_s4,0.5,q2_a1.5_or,70523,3.799999999999997,5.0,1.2974999999999952,1.4324999999999934,1.4961529052513287,1.427888918597951,10,1.0,1.0,43482
rate0.5_s4,0.5,q2_a1.5_or,70524,5.700000000000216,2.4000000000003183,1.3725000000000471,1.2525000000000752,1.5408258956498042,1.3601355088980618,10,1.0,1.0,44119
rate0.5_s4,0.5,q2_a1.5_or,70525,3.699999999999932,5.0,1.3425000000000253,1.4300000000000175,1.537721956459818,1.455317107569289,10,1.0,1.0,44051
rate0.5_s4,0.5,q2_a1.5_or,70526,3.8000000000000114,3.0,1.3949999999999363,1.4374999999999738,1.5321599882286174,1.3946902790702773,10,1.0,1.0,43738
rate0.5_s4,0.5,q2_a1.5_or,70527,3.400000000000091,2.699999999999932,1.1925000000000296,1.370000000000008,1.443574595592964,1.4313424948902196,10,1.0,1.0,44401
rate0.5_s4,0.5,q2_a1.5_or,70528,3.8000000000000114,3.7000000000000455,1.3725000000000072,1.4700000000000013,1.6508437993566545,1.5246216755653592,10,1.0,1.0,43868
rate0.5_s4,0.5,q2_a1.5_or,70529,3.799999999999997,2.599999999999966,1.4175000000000153,1.3175000000000119,1.5655001272327058,1.4709840076323628,10,1.0,1.0,44204
rate0.5_s4,0.5,q2_a1.5_and,70500,5.300000000000068,5.300000000000068,1.4049999999999954,1.4049999999999954,1.5117394480616033,1.5117394480616033,0,0.0,,42429
rate0.5_s4,0.5,q2_a1.5_and,70501,3.7999999999999545,3.7999999999999545,1.3624999999999958,1.3624999999999958,1.4340766633242035,1.4340766633242035,0,0.0,,42878
rate0.5_s4,0.5,q2_a1.5_and,70502,3.799999999999997,3.799999999999997,1.3375000000000377,1.3375000000000377,1.498676400452836,1.498676400452836,0,0.0,,42441
rate0.5_s4,0.5,q2_a1.5_and,70503,5.2000000000000455,5.2000000000000455,1.5150000000000283,1.5150000000000283,1.6557053532672577,1.6557053532672577,0,0.0,,42382
rate0.5_s4,0.5,q2_a1.5_and,70504,5.800000000000011,5.800000000000011,1.6150000000000333,1.6150000000000333,1.583319230416119,1.583319230416119,0,0.0,,42173
rate0.5_s4,0.5,q2_a1.5_and,70505,3.8000000000000114,3.8000000000000114,1.3825000000000045,1.3825000000000045,1.5138975730893363,1.5138975730893363,0,0.0,,42725
rate0.5_s4,0.5,q2_a1.5_and,70506,3.8000000000000114,3.8000000000000114,1.3725000000000533,1.3725000000000533,1.481468182012921,1.481468182012921,0,0.0,,43436
rate0.5_s4,0.5,q2_a1.5_and,70507,5.2999999999996135,5.2999999999996135,1.4674999999999698,1.4674999999999698,1.5497704975677797,1.5497704975677797,0,0.0,,42278
rate0.5_s4,0.5,q2_a1.5_and,70508,3.8000000000000114,3.8000000000000114,1.4650000000000063,1.4650000000000063,1.5355191911679953,1.5355191911679953,0,0.0,,42673
rate0.5_s4,0.5,q2_a1.5_and,70509,5.799999999999997,5.799999999999997,1.477500000000012,1.477500000000012,1.4962584930028884,1.4962584930028884,0,0.0,,43276
rate0.5_s4,0.5,q2_a1.5_and,70510,4.900000000000148,4.900000000000148,1.4300000000000126,1.4300000000000126,1.5054244241518073,1.5054244241518073,0,0.0,,43349
rate0.5_s4,0.5,q2_a1.5_and,70511,5.100000000000193,5.100000000000193,1.5450000000000235,1.5450000000000235,1.530464831567005,1.530464831567005,0,0.0,,43870
rate0.5_s4,0.5,q2_a1.5_and,70512,3.1000000000001364,3.1000000000001364,1.2750000000000117,1.2750000000000117,1.4837456660192891,1.4837456660192891,0,0.0,,43447
rate0.5_s4,0.5,q2_a1.5_and,70513,5.500000000000227,5.500000000000227,1.5975000000000155,1.5975000000000155,1.5724158931963486,1.5724158931963486,0,0.0,,42950
rate0.5_s4,0.5,q2_a1.5_and,70514,5.0,5.0,1.4650000000000118,1.4650000000000118,1.7461636479845741,1.7461636479845741,0,0.0,,42590
rate0.5_s4,0.5,q2_a1.5_and,70515,5.000000000000114,5.000000000000114,1.5475000000000378,1.5475000000000378,1.6665732229072958,1.6665732229072958,0,0.0,,44493
rate0.5_s4,0.5,q2_a1.5_and,70516,3.800000000000125,3.800000000000125,1.3075000000000059,1.3075000000000059,1.4833631470405397,1.4833631470405397,0,0.0,,43706
rate0.5_s4,0.5,q2_a1.5_and,70517,4.000000000000227,4.000000000000227,1.3325000000000329,1.3325000000000329,1.5053143351011564,1.5053143351011564,0,0.0,,43950
rate0.5_s4,0.5,q2_a1.5_and,70518,2.9999999999998863,2.9999999999998863,1.2674999999999847,1.2674999999999847,1.5698106440033637,1.5698106440033637,0,0.0,,43541
rate0.5_s4,0.5,q2_a1.5_and,70519,5.2000000000000455,5.2000000000000455,1.2775000000000165,1.2775000000000165,1.543781035826568,1.543781035826568,0,0.0,,42166
rate0.5_s4,0.5,q2_a1.5_and,70520,3.0,3.0,1.239999999999989,1.239999999999989,1.4368465465996538,1.4368465465996538,0,0.0,,43120
rate0.5_s4,0.5,q2_a1.5_and,70521,5.299999999999841,5.299999999999841,1.4574999999999896,1.4574999999999896,1.5749583887515697,1.5749583887515697,0,0.0,,43132
rate0.5_s4,0.5,q2_a1.5_and,70522,3.299999999999386,3.299999999999386,1.2374999999999652,1.2374999999999652,1.536518980550096,1.536518980550096,0,0.0,,43795
rate0.5_s4,0.5,q2_a1.5_and,70523,3.799999999999997,3.799999999999997,1.2974999999999952,1.2974999999999952,1.4961529052513287,1.4961529052513287,0,0.0,,42792
rate0.5_s4,0.5,q2_a1.5_and,70524,5.700000000000216,5.700000000000216,1.3725000000000471,1.3725000000000471,1.5408258956498042,1.5408258956498042,0,0.0,,43227
rate0.5_s4,0.5,q2_a1.5_and,70525,3.699999999999932,3.699999999999932,1.3425000000000253,1.3425000000000253,1.537721956459818,1.537721956459818,0,0.0,,43666
rate0.5_s4,0.5,q2_a1.5_and,70526,3.8000000000000114,3.8000000000000114,1.3949999999999363,1.3949999999999363,1.5321599882286174,1.5321599882286174,0,0.0,,43326
rate0.5_s4,0.5,q2_a1.5_and,70527,3.400000000000091,3.400000000000091,1.1925000000000296,1.1925000000000296,1.443574595592964,1.443574595592964,0,0.0,,43628
rate0.5_s4,0.5,q2_a1.5_and,70528,3.8000000000000114,3.8000000000000114,1.3725000000000072,1.3725000000000072,1.6508437993566545,1.6508437993566545,0,0.0,,43328
rate0.5_s4,0.5,q2_a1.5_and,70529,3.799999999999997,3.799999999999997,1.4175000000000153,1.4175000000000153,1.5655001272327058,1.5655001272327058,0,0.0,,43556
rate0.5_s4,0.5,q4_a0.8_or,70500,5.300000000000068,5.300000000000068,1.4049999999999954,1.4049999999999954,1.5117394480616033,1.5117394480616033,0,0.0,,42429
rate0.5_s4,0.5,q4_a0.8_or,70501,3.7999999999999545,3.7999999999999545,1.3624999999999958,1.3624999999999958,1.4340766633242035,1.4340766633242035,0,0.0,,42878
rate0.5_s4,0.5,q4_a0.8_or,70502,3.799999999999997,3.799999999999997,1.3375000000000377,1.3375000000000377,1.498676400452836,1.498676400452836,0,0.0,,42441
rate0.5_s4,0.5,q4_a0.8_or,70503,5.2000000000000455,5.2000000000000455,1.5150000000000283,1.5150000000000283,1.6557053532672577,1.6557053532672577,0,0.0,,42382
rate0.5_s4,0.5,q4_a0.8_or,70504,5.800000000000011,5.800000000000011,1.6150000000000333,1.6150000000000333,1.583319230416119,1.583319230416119,0,0.0,,42173
rate0.5_s4,0.5,q4_a0.8_or,70505,3.8000000000000114,3.8000000000000114,1.3825000000000045,1.3825000000000045,1.5138975730893363,1.5138975730893363,0,0.0,,42725
rate0.5_s4,0.5,q4_a0.8_or,70506,3.8000000000000114,3.8000000000000114,1.3725000000000533,1.3725000000000533,1.481468182012921,1.481468182012921,0,0.0,,43436
rate0.5_s4,0.5,q4_a0.8_or,70507,5.2999999999996135,5.2999999999996135,1.4674999999999698,1.4674999999999698,1.5497704975677797,1.5497704975677797,0,0.0,,42278
rate0.5_s4,0.5,q4_a0.8_or,70508,3.8000000000000114,3.8000000000000114,1.4650000000000063,1.4650000000000063,1.5355191911679953,1.5355191911679953,0,0.0,,42673
rate0.5_s4,0.5,q4_a0.8_or,70509,5.799999999999997,5.799999999999997,1.477500000000012,1.477500000000012,1.4962584930028884,1.4962584930028884,0,0.0,,43276
rate0.5_s4,0.5,q4_a0.8_or,70510,4.900000000000148,4.900000000000148,1.4300000000000126,1.4300000000000126,1.5054244241518073,1.5054244241518073,0,0.0,,43349
rate0.5_s4,0.5,q4_a0.8_or,70511,5.100000000000193,5.100000000000193,1.5450000000000235,1.5450000000000235,1.530464831567005,1.530464831567005,0,0.0,,43870
rate0.5_s4,0.5,q4_a0.8_or,70512,3.1000000000001364,3.1000000000001364,1.2750000000000117,1.2750000000000117,1.4837456660192891,1.4837456660192891,0,0.0,,43447
rate0.5_s4,0.5,q4_a0.8_or,70513,5.500000000000227,5.500000000000227,1.5975000000000155,1.5975000000000155,1.5724158931963486,1.5724158931963486,0,0.0,,42950
rate0.5_s4,0.5,q4_a0.8_or,70514,5.0,5.0,1.4650000000000118,1.4650000000000118,1.7461636479845741,1.7461636479845741,0,0.0,,42590
rate0.5_s4,0.5,q4_a0.8_or,70515,5.000000000000114,5.000000000000114,1.5475000000000378,1.5475000000000378,1.6665732229072958,1.6665732229072958,0,0.0,,44493
rate0.5_s4,0.5,q4_a0.8_or,70516,3.800000000000125,3.800000000000125,1.3075000000000059,1.3075000000000059,1.4833631470405397,1.4833631470405397,0,0.0,,43706
rate0.5_s4,0.5,q4_a0.8_or,70517,4.000000000000227,4.000000000000227,1.3325000000000329,1.3325000000000329,1.5053143351011564,1.5053143351011564,0,0.0,,43950
rate0.5_s4,0.5,q4_a0.8_or,70518,2.9999999999998863,2.9999999999998863,1.2674999999999847,1.2674999999999847,1.5698106440033637,1.5698106440033637,0,0.0,,43541
rate0.5_s4,0.5,q4_a0.8_or,70519,5.2000000000000455,5.2000000000000455,1.2775000000000165,1.2775000000000165,1.543781035826568,1.543781035826568,0,0.0,,42166
rate0.5_s4,0.5,q4_a0.8_or,70520,3.0,3.0,1.239999999999989,1.239999999999989,1.4368465465996538,1.4368465465996538,0,0.0,,43120
rate0.5_s4,0.5,q4_a0.8_or,70521,5.299999999999841,5.299999999999841,1.4574999999999896,1.4574999999999896,1.5749583887515697,1.5749583887515697,0,0.0,,43132
rate0.5_s4,0.5,q4_a0.8_or,70522,3.299999999999386,3.299999999999386,1.2374999999999652,1.2374999999999652,1.536518980550096,1.536518980550096,0,0.0,,43795
rate0.5_s4,0.5,q4_a0.8_or,70523,3.799999999999997,3.799999999999997,1.2974999999999952,1.2974999999999952,1.4961529052513287,1.4961529052513287,0,0.0,,42792
rate0.5_s4,0.5,q4_a0.8_or,70524,5.700000000000216,5.700000000000216,1.3725000000000471,1.3725000000000471,1.5408258956498042,1.5408258956498042,0,0.0,,43227
rate0.5_s4,0.5,q4_a0.8_or,70525,3.699999999999932,3.699999999999932,1.3425000000000253,1.3425000000000253,1.537721956459818,1.537721956459818,0,0.0,,43666
rate0.5_s4,0.5,q4_a0.8_or,70526,3.8000000000000114,3.8000000000000114,1.3949999999999363,1.3949999999999363,1.5321599882286174,1.5321599882286174,0,0.0,,43326
rate0.5_s4,0.5,q4_a0.8_or,70527,3.400000000000091,3.400000000000091,1.1925000000000296,1.1925000000000296,1.443574595592964,1.443574595592964,0,0.0,,43628
rate0.5_s4,0.5,q4_a0.8_or,70528,3.8000000000000114,3.8000000000000114,1.3725000000000072,1.3725000000000072,1.6508437993566545,1.6508437993566545,0,0.0,,43328
rate0.5_s4,0.5,q4_a0.8_or,70529,3.799999999999997,3.799999999999997,1.4175000000000153,1.4175000000000153,1.5655001272327058,1.5655001272327058,0,0.0,,43556
rate0.5_s4,0.5,q4_a0.8_and,70500,5.300000000000068,5.300000000000068,1.4049999999999954,1.4049999999999954,1.5117394480616033,1.5117394480616033,0,0.0,,42429
rate0.5_s4,0.5,q4_a0.8_and,70501,3.7999999999999545,3.7999999999999545,1.3624999999999958,1.3624999999999958,1.4340766633242035,1.4340766633242035,0,0.0,,42878
rate0.5_s4,0.5,q4_a0.8_and,70502,3.799999999999997,3.799999999999997,1.3375000000000377,1.3375000000000377,1.498676400452836,1.498676400452836,0,0.0,,42441
rate0.5_s4,0.5,q4_a0.8_and,70503,5.2000000000000455,5.2000000000000455,1.5150000000000283,1.5150000000000283,1.6557053532672577,1.6557053532672577,0,0.0,,42382
rate0.5_s4,0.5,q4_a0.8_and,70504,5.800000000000011,5.800000000000011,1.6150000000000333,1.6150000000000333,1.583319230416119,1.583319230416119,0,0.0,,42173
rate0.5_s4,0.5,q4_a0.8_and,70505,3.8000000000000114,3.8000000000000114,1.3825000000000045,1.3825000000000045,1.5138975730893363,1.5138975730893363,0,0.0,,42725
rate0.5_s4,0.5,q4_a0.8_and,70506,3.8000000000000114,3.8000000000000114,1.3725000000000533,1.3725000000000533,1.481468182012921,1.481468182012921,0,0.0,,43436
rate0.5_s4,0.5,q4_a0.8_and,70507,5.2999999999996135,5.2999999999996135,1.4674999999999698,1.4674999999999698,1.5497704975677797,1.5497704975677797,0,0.0,,42278
rate0.5_s4,0.5,q4_a0.8_and,70508,3.8000000000000114,3.8000000000000114,1.4650000000000063,1.4650000000000063,1.5355191911679953,1.5355191911679953,0,0.0,,42673
rate0.5_s4,0.5,q4_a0.8_and,70509,5.799999999999997,5.799999999999997,1.477500000000012,1.477500000000012,1.4962584930028884,1.4962584930028884,0,0.0,,43276
rate0.5_s4,0.5,q4_a0.8_and,70510,4.900000000000148,4.900000000000148,1.4300000000000126,1.4300000000000126,1.5054244241518073,1.5054244241518073,0,0.0,,43349
rate0.5_s4,0.5,q4_a0.8_and,70511,5.100000000000193,5.100000000000193,1.5450000000000235,1.5450000000000235,1.530464831567005,1.530464831567005,0,0.0,,43870
rate0.5_s4,0.5,q4_a0.8_and,70512,3.1000000000001364,3.1000000000001364,1.2750000000000117,1.2750000000000117,1.4837456660192891,1.4837456660192891,0,0.0,,43447
rate0.5_s4,0.5,q4_a0.8_and,70513,5.500000000000227,5.500000000000227,1.5975000000000155,1.5975000000000155,1.5724158931963486,1.5724158931963486,0,0.0,,42950
rate0.5_s4,0.5,q4_a0.8_and,70514,5.0,5.0,1.4650000000000118,1.4650000000000118,1.7461636479845741,1.7461636479845741,0,0.0,,42590
rate0.5_s4,0.5,q4_a0.8_and,70515,5.000000000000114,5.000000000000114,1.5475000000000378,1.5475000000000378,1.6665732229072958,1.6665732229072958,0,0.0,,44493
rate0.5_s4,0.5,q4_a0.8_and,70516,3.800000000000125,3.800000000000125,1.3075000000000059,1.3075000000000059,1.4833631470405397,1.4833631470405397,0,0.0,,43706
rate0.5_s4,0.5,q4_a0.8_and,70517,4.000000000000227,4.000000000000227,1.3325000000000329,1.3325000000000329,1.5053143351011564,1.5053143351011564,0,0.0,,43950
rate0.5_s4,0.5,q4_a0.8_and,70518,2.9999999999998863,2.9999999999998863,1.2674999999999847,1.2674999999999847,1.5698106440033637,1.5698106440033637,0,0.0,,43541
rate0.5_s4,0.5,q4_a0.8_and,70519,5.2000000000000455,5.2000000000000455,1.2775000000000165,1.2775000000000165,1.543781035826568,1.543781035826568,0,0.0,,42166
rate0.5_s4,0.5,q4_a0.8_and,70520,3.0,3.0,1.239999999999989,1.239999999999989,1.4368465465996538,1.4368465465996538,0,0.0,,43120
rate0.5_s4,0.5,q4_a0.8_and,70521,5.299999999999841,5.299999999999841,1.4574999999999896,1.4574999999999896,1.5749583887515697,1.5749583887515697,0,0.0,,43132
rate0.5_s4,0.5,q4_a0.8_and,70522,3.299999999999386,3.299999999999386,1.2374999999999652,1.2374999999999652,1.536518980550096,1.536518980550096,0,0.0,,43795
rate0.5_s4,0.5,q4_a0.8_and,70523,3.799999999999997,3.799999999999997,1.2974999999999952,1.2974999999999952,1.4961529052513287,1.4961529052513287,0,0.0,,42792
rate0.5_s4,0.5,q4_a0.8_and,70524,5.700000000000216,5.700000000000216,1.3725000000000471,1.3725000000000471,1.5408258956498042,1.5408258956498042,0,0.0,,43227
rate0.5_s4,0.5,q4_a0.8_and,70525,3.699999999999932,3.699999999999932,1.3425000000000253,1.3425000000000253,1.537721956459818,1.537721956459818,0,0.0,,43666
rate0.5_s4,0.5,q4_a0.8_and,70526,3.8000000000000114,3.8000000000000114,1.3949999999999363,1.3949999999999363,1.5321599882286174,1.5321599882286174,0,0.0,,43326
rate0.5_s4,0.5,q4_a0.8_and,70527,3.400000000000091,3.400000000000091,1.1925000000000296,1.1925000000000296,1.443574595592964,1.443574595592964,0,0.0,,43628
rate0.5_s4,0.5,q4_a0.8_and,70528,3.8000000000000114,3.8000000000000114,1.3725000000000072,1.3725000000000072,1.6508437993566545,1.6508437993566545,0,0.0,,43328
rate0.5_s4,0.5,q4_a0.8_and,70529,3.799999999999997,3.799999999999997,1.4175000000000153,1.4175000000000153,1.5655001272327058,1.5655001272327058,0,0.0,,43556
rate0.5_s4,0.5,q4_a1.5_or,70500,5.300000000000068,5.300000000000068,1.4049999999999954,1.4049999999999954,1.5117394480616033,1.5117394480616033,0,0.0,,42429
rate0.5_s4,0.5,q4_a1.5_or,70501,3.7999999999999545,3.7999999999999545,1.3624999999999958,1.3624999999999958,1.4340766633242035,1.4340766633242035,0,0.0,,42878
rate0.5_s4,0.5,q4_a1.5_or,70502,3.799999999999997,3.799999999999997,1.3375000000000377,1.3375000000000377,1.498676400452836,1.498676400452836,0,0.0,,42441
rate0.5_s4,0.5,q4_a1.5_or,70503,5.2000000000000455,5.2000000000000455,1.5150000000000283,1.5150000000000283,1.6557053532672577,1.6557053532672577,0,0.0,,42382
rate0.5_s4,0.5,q4_a1.5_or,70504,5.800000000000011,5.800000000000011,1.6150000000000333,1.6150000000000333,1.583319230416119,1.583319230416119,0,0.0,,42173
rate0.5_s4,0.5,q4_a1.5_or,70505,3.8000000000000114,3.8000000000000114,1.3825000000000045,1.3825000000000045,1.5138975730893363,1.5138975730893363,0,0.0,,42725
rate0.5_s4,0.5,q4_a1.5_or,70506,3.8000000000000114,3.8000000000000114,1.3725000000000533,1.3725000000000533,1.481468182012921,1.481468182012921,0,0.0,,43436
rate0.5_s4,0.5,q4_a1.5_or,70507,5.2999999999996135,5.2999999999996135,1.4674999999999698,1.4674999999999698,1.5497704975677797,1.5497704975677797,0,0.0,,42278
rate0.5_s4,0.5,q4_a1.5_or,70508,3.8000000000000114,3.8000000000000114,1.4650000000000063,1.4650000000000063,1.5355191911679953,1.5355191911679953,0,0.0,,42673
rate0.5_s4,0.5,q4_a1.5_or,70509,5.799999999999997,5.799999999999997,1.477500000000012,1.477500000000012,1.4962584930028884,1.4962584930028884,0,0.0,,43276
rate0.5_s4,0.5,q4_a1.5_or,70510,4.900000000000148,4.900000000000148,1.4300000000000126,1.4300000000000126,1.5054244241518073,1.5054244241518073,0,0.0,,43349
rate0.5_s4,0.5,q4_a1.5_or,70511,5.100000000000193,5.100000000000193,1.5450000000000235,1.5450000000000235,1.530464831567005,1.530464831567005,0,0.0,,43870
rate0.5_s4,0.5,q4_a1.5_or,70512,3.1000000000001364,3.1000000000001364,1.2750000000000117,1.2750000000000117,1.4837456660192891,1.4837456660192891,0,0.0,,43447
rate0.5_s4,0.5,q4_a1.5_or,70513,5.500000000000227,5.500000000000227,1.5975000000000155,1.5975000000000155,1.5724158931963486,1.5724158931963486,0,0.0,,42950
rate0.5_s4,0.5,q4_a1.5_or,70514,5.0,5.0,1.4650000000000118,1.4650000000000118,1.7461636479845741,1.7461636479845741,0,0.0,,42590
rate0.5_s4,0.5,q4_a1.5_or,70515,5.000000000000114,5.000000000000114,1.5475000000000378,1.5475000000000378,1.6665732229072958,1.6665732229072958,0,0.0,,44493
rate0.5_s4,0.5,q4_a1.5_or,70516,3.800000000000125,3.800000000000125,1.3075000000000059,1.3075000000000059,1.4833631470405397,1.4833631470405397,0,0.0,,43706
rate0.5_s4,0.5,q4_a1.5_or,70517,4.000000000000227,4.000000000000227,1.3325000000000329,1.3325000000000329,1.5053143351011564,1.5053143351011564,0,0.0,,43950
rate0.5_s4,0.5,q4_a1.5_or,70518,2.9999999999998863,2.9999999999998863,1.2674999999999847,1.2674999999999847,1.5698106440033637,1.5698106440033637,0,0.0,,43541
rate0.5_s4,0.5,q4_a1.5_or,70519,5.2000000000000455,5.2000000000000455,1.2775000000000165,1.2775000000000165,1.543781035826568,1.543781035826568,0,0.0,,42166
rate0.5_s4,0.5,q4_a1.5_or,70520,3.0,3.0,1.239999999999989,1.239999999999989,1.4368465465996538,1.4368465465996538,0,0.0,,43120
rate0.5_s4,0.5,q4_a1.5_or,70521,5.299999999999841,5.299999999999841,1.4574999999999896,1.4574999999999896,1.5749583887515697,1.5749583887515697,0,0.0,,43132
rate0.5_s4,0.5,q4_a1.5_or,70522,3.299999999999386,3.299999999999386,1.2374999999999652,1.2374999999999652,1.536518980550096,1.536518980550096,0,0.0,,43795
rate0.5_s4,0.5,q4_a1.5_or,70523,3.799999999999997,3.799999999999997,1.2974999999999952,1.2974999999999952,1.4961529052513287,1.4961529052513287,0,0.0,,42792
rate0.5_s4,0.5,q4_a1.5_or,70524,5.700000000000216,5.700000000000216,1.3725000000000471,1.3725000000000471,1.5408258956498042,1.5408258956498042,0,0.0,,43227
rate0.5_s4,0.5,q4_a1.5_or,70525,3.699999999999932,3.699999999999932,1.3425000000000253,1.3425000000000253,1.537721956459818,1.537721956459818,0,0.0,,43666
rate0.5_s4,0.5,q4_a1.5_or,70526,3.8000000000000114,3.8000000000000114,1.3949999999999363,1.3949999999999363,1.5321599882286174,1.5321599882286174,0,0.0,,43326
rate0.5_s4,0.5,q4_a1.5_or,70527,3.400000000000091,3.400000000000091,1.1925000000000296,1.1925000000000296,1.443574595592964,1.443574595592964,0,0.0,,43628
rate0.5_s4,0.5,q4_a1.5_or,70528,3.8000000000000114,3.8000000000000114,1.3725000000000072,1.3725000000000072,1.6508437993566545,1.6508437993566545,0,0.0,,43328
rate0.5_s4,0.5,q4_a1.5_or,70529,3.799999999999997,3.799999999999997,1.4175000000000153,1.4175000000000153,1.5655001272327058,1.5655001272327058,0,0.0,,43556
rate0.5_s4,0.5,q4_a1.5_and,70500,5.300000000000068,5.300000000000068,1.4049999999999954,1.4049999999999954,1.5117394480616033,1.5117394480616033,0,0.0,,42429
rate0.5_s4,0.5,q4_a1.5_and,70501,3.7999999999999545,3.7999999999999545,1.3624999999999958,1.3624999999999958,1.4340766633242035,1.4340766633242035,0,0.0,,42878
rate0.5_s4,0.5,q4_a1.5_and,70502,3.799999999999997,3.799999999999997,1.3375000000000377,1.3375000000000377,1.498676400452836,1.498676400452836,0,0.0,,42441
rate0.5_s4,0.5,q4_a1.5_and,70503,5.2000000000000455,5.2000000000000455,1.5150000000000283,1.5150000000000283,1.6557053532672577,1.6557053532672577,0,0.0,,42382
rate0.5_s4,0.5,q4_a1.5_and,70504,5.800000000000011,5.800000000000011,1.6150000000000333,1.6150000000000333,1.583319230416119,1.583319230416119,0,0.0,,42173
rate0.5_s4,0.5,q4_a1.5_and,70505,3.8000000000000114,3.8000000000000114,1.3825000000000045,1.3825000000000045,1.5138975730893363,1.5138975730893363,0,0.0,,42725
rate0.5_s4,0.5,q4_a1.5_and,70506,3.8000000000000114,3.8000000000000114,1.3725000000000533,1.3725000000000533,1.481468182012921,1.481468182012921,0,0.0,,43436
rate0.5_s4,0.5,q4_a1.5_and,70507,5.2999999999996135,5.2999999999996135,1.4674999999999698,1.4674999999999698,1.5497704975677797,1.5497704975677797,0,0.0,,42278
rate0.5_s4,0.5,q4_a1.5_and,70508,3.8000000000000114,3.8000000000000114,1.4650000000000063,1.4650000000000063,1.5355191911679953,1.5355191911679953,0,0.0,,42673
rate0.5_s4,0.5,q4_a1.5_and,70509,5.799999999999997,5.799999999999997,1.477500000000012,1.477500000000012,1.4962584930028884,1.4962584930028884,0,0.0,,43276
rate0.5_s4,0.5,q4_a1.5_and,70510,4.900000000000148,4.900000000000148,1.4300000000000126,1.4300000000000126,1.5054244241518073,1.5054244241518073,0,0.0,,43349
rate0.5_s4,0.5,q4_a1.5_and,70511,5.100000000000193,5.100000000000193,1.5450000000000235,1.5450000000000235,1.530464831567005,1.530464831567005,0,0.0,,43870
rate0.5_s4,0.5,q4_a1.5_and,70512,3.1000000000001364,3.1000000000001364,1.2750000000000117,1.2750000000000117,1.4837456660192891,1.4837456660192891,0,0.0,,43447
rate0.5_s4,0.5,q4_a1.5_and,70513,5.500000000000227,5.500000000000227,1.5975000000000155,1.5975000000000155,1.5724158931963486,1.5724158931963486,0,0.0,,42950
rate0.5_s4,0.5,q4_a1.5_and,70514,5.0,5.0,1.4650000000000118,1.4650000000000118,1.7461636479845741,1.7461636479845741,0,0.0,,42590
rate0.5_s4,0.5,q4_a1.5_and,70515,5.000000000000114,5.000000000000114,1.5475000000000378,1.5475000000000378,1.6665732229072958,1.6665732229072958,0,0.0,,44493
rate0.5_s4,0.5,q4_a1.5_and,70516,3.800000000000125,3.800000000000125,1.3075000000000059,1.3075000000000059,1.4833631470405397,1.4833631470405397,0,0.0,,43706
rate0.5_s4,0.5,q4_a1.5_and,70517,4.000000000000227,4.000000000000227,1.3325000000000329,1.3325000000000329,1.5053143351011564,1.5053143351011564,0,0.0,,43950
rate0.5_s4,0.5,q4_a1.5_and,70518,2.9999999999998863,2.9999999999998863,1.2674999999999847,1.2674999999999847,1.5698106440033637,1.5698106440033637,0,0.0,,43541
rate0.5_s4,0.5,q4_a1.5_and,70519,5.2000000000000455,5.2000000000000455,1.2775000000000165,1.2775000000000165,1.543781035826568,1.543781035826568,0,0.0,,42166
rate0.5_s4,0.5,q4_a1.5_and,70520,3.0,3.0,1.239999999999989,1.239999999999989,1.4368465465996538,1.4368465465996538,0,0.0,,43120
rate0.5_s4,0.5,q4_a1.5_and,70521,5.299999999999841,5.299999999999841,1.4574999999999896,1.4574999999999896,1.5749583887515697,1.5749583887515697,0,0.0,,43132
rate0.5_s4,0.5,q4_a1.5_and,70522,3.299999999999386,3.299999999999386,1.2374999999999652,1.2374999999999652,1.536518980550096,1.536518980550096,0,0.0,,43795
rate0.5_s4,0.5,q4_a1.5_and,70523,3.799999999999997,3.799999999999997,1.2974999999999952,1.2974999999999952,1.4961529052513287,1.4961529052513287,0,0.0,,42792
rate0.5_s4,0.5,q4_a1.5_and,70524,5.700000000000216,5.700000000000216,1.3725000000000471,1.3725000000000471,1.5408258956498042,1.5408258956498042,0,0.0,,43227
rate0.5_s4,0.5,q4_a1.5_and,70525,3.699999999999932,3.699999999999932,1.3425000000000253,1.3425000000000253,1.537721956459818,1.537721956459818,0,0.0,,43666
rate0.5_s4,0.5,q4_a1.5_and,70526,3.8000000000000114,3.8000000000000114,1.3949999999999363,1.3949999999999363,1.5321599882286174,1.5321599882286174,0,0.0,,43326
rate0.5_s4,0.5,q4_a1.5_and,70527,3.400000000000091,3.400000000000091,1.1925000000000296,1.1925000000000296,1.443574595592964,1.443574595592964,0,0.0,,43628
rate0.5_s4,0.5,q4_a1.5_and,70528,3.8000000000000114,3.8000000000000114,1.3725000000000072,1.3725000000000072,1.6508437993566545,1.6508437993566545,0,0.0,,43328
rate0.5_s4,0.5,q4_a1.5_and,70529,3.799999999999997,3.799999999999997,1.4175000000000153,1.4175000000000153,1.5655001272327058,1.5655001272327058,0,0.0,,43556
rate0.5_s4,0.5,q8_a0.8_or,70500,5.300000000000068,5.300000000000068,1.4049999999999954,1.4049999999999954,1.5117394480616033,1.5117394480616033,0,0.0,,42429
rate0.5_s4,0.5,q8_a0.8_or,70501,3.7999999999999545,3.7999999999999545,1.3624999999999958,1.3624999999999958,1.4340766633242035,1.4340766633242035,0,0.0,,42878
rate0.5_s4,0.5,q8_a0.8_or,70502,3.799999999999997,3.799999999999997,1.3375000000000377,1.3375000000000377,1.498676400452836,1.498676400452836,0,0.0,,42441
rate0.5_s4,0.5,q8_a0.8_or,70503,5.2000000000000455,5.2000000000000455,1.5150000000000283,1.5150000000000283,1.6557053532672577,1.6557053532672577,0,0.0,,42382
rate0.5_s4,0.5,q8_a0.8_or,70504,5.800000000000011,5.800000000000011,1.6150000000000333,1.6150000000000333,1.583319230416119,1.583319230416119,0,0.0,,42173
rate0.5_s4,0.5,q8_a0.8_or,70505,3.8000000000000114,3.8000000000000114,1.3825000000000045,1.3825000000000045,1.5138975730893363,1.5138975730893363,0,0.0,,42725
rate0.5_s4,0.5,q8_a0.8_or,70506,3.8000000000000114,3.8000000000000114,1.3725000000000533,1.3725000000000533,1.481468182012921,1.481468182012921,0,0.0,,43436
rate0.5_s4,0.5,q8_a0.8_or,70507,5.2999999999996135,5.2999999999996135,1.4674999999999698,1.4674999999999698,1.5497704975677797,1.5497704975677797,0,0.0,,42278
rate0.5_s4,0.5,q8_a0.8_or,70508,3.8000000000000114,3.8000000000000114,1.4650000000000063,1.4650000000000063,1.5355191911679953,1.5355191911679953,0,0.0,,42673
rate0.5_s4,0.5,q8_a0.8_or,70509,5.799999999999997,5.799999999999997,1.477500000000012,1.477500000000012,1.4962584930028884,1.4962584930028884,0,0.0,,43276
rate0.5_s4,0.5,q8_a0.8_or,70510,4.900000000000148,4.900000000000148,1.4300000000000126,1.4300000000000126,1.5054244241518073,1.5054244241518073,0,0.0,,43349
rate0.5_s4,0.5,q8_a0.8_or,70511,5.100000000000193,5.100000000000193,1.5450000000000235,1.5450000000000235,1.530464831567005,1.530464831567005,0,0.0,,43870
rate0.5_s4,0.5,q8_a0.8_or,70512,3.1000000000001364,3.1000000000001364,1.2750000000000117,1.2750000000000117,1.4837456660192891,1.4837456660192891,0,0.0,,43447
rate0.5_s4,0.5,q8_a0.8_or,70513,5.500000000000227,5.500000000000227,1.5975000000000155,1.5975000000000155,1.5724158931963486,1.5724158931963486,0,0.0,,42950
rate0.5_s4,0.5,q8_a0.8_or,70514,5.0,5.0,1.4650000000000118,1.4650000000000118,1.7461636479845741,1.7461636479845741,0,0.0,,42590
rate0.5_s4,0.5,q8_a0.8_or,70515,5.000000000000114,5.000000000000114,1.5475000000000378,1.5475000000000378,1.6665732229072958,1.6665732229072958,0,0.0,,44493
rate0.5_s4,0.5,q8_a0.8_or,70516,3.800000000000125,3.800000000000125,1.3075000000000059,1.3075000000000059,1.4833631470405397,1.4833631470405397,0,0.0,,43706
rate0.5_s4,0.5,q8_a0.8_or,70517,4.000000000000227,4.000000000000227,1.3325000000000329,1.3325000000000329,1.5053143351011564,1.5053143351011564,0,0.0,,43950
rate0.5_s4,0.5,q8_a0.8_or,70518,2.9999999999998863,2.9999999999998863,1.2674999999999847,1.2674999999999847,1.5698106440033637,1.5698106440033637,0,0.0,,43541
rate0.5_s4,0.5,q8_a0.8_or,70519,5.2000000000000455,5.2000000000000455,1.2775000000000165,1.2775000000000165,1.543781035826568,1.543781035826568,0,0.0,,42166
rate0.5_s4,0.5,q8_a0.8_or,70520,3.0,3.0,1.239999999999989,1.239999999999989,1.4368465465996538,1.4368465465996538,0,0.0,,43120
rate0.5_s4,0.5,q8_a0.8_or,70521,5.299999999999841,5.299999999999841,1.4574999999999896,1.4574999999999896,1.5749583887515697,1.5749583887515697,0,0.0,,43132
rate0.5_s4,0.5,q8_a0.8_or,70522,3.299999999999386,3.299999999999386,1.2374999999999652,1.2374999999999652,1.536518980550096,1.536518980550096,0,0.0,,43795
rate0.5_s4,0.5,q8_a0.8_or,70523,3.799999999999997,3.799999999999997,1.2974999999999952,1.2974999999999952,1.4961529052513287,1.4961529052513287,0,0.0,,42792
rate0.5_s4,0.5,q8_a0.8_or,70524,5.700000000000216,5.700000000000216,1.3725000000000471,1.3725000000000471,1.5408258956498042,1.5408258956498042,0,0.0,,43227
rate0.5_s4,0.5,q8_a0.8_or,70525,3.699999999999932,3.699999999999932,1.3425000000000253,1.3425000000000253,1.537721956459818,1.537721956459818,0,0.0,,43666
rate0.5_s4,0.5,q8_a0.8_or,70526,3.8000000000000114,3.8000000000000114,1.3949999999999363,1.3949999999999363,1.5321599882286174,1.5321599882286174,0,0.0,,43326
rate0.5_s4,0.5,q8_a0.8_or,70527,3.400000000000091,3.400000000000091,1.1925000000000296,1.1925000000000296,1.443574595592964,1.443574595592964,0,0.0,,43628
rate0.5_s4,0.5,q8_a0.8_or,70528,3.8000000000000114,3.8000000000000114,1.3725000000000072,1.3725000000000072,1.6508437993566545,1.6508437993566545,0,0.0,,43328
rate0.5_s4,0.5,q8_a0.8_or,70529,3.799999999999997,3.799999999999997,1.4175000000000153,1.4175000000000153,1.5655001272327058,1.5655001272327058,0,0.0,,43556
rate0.5_s4,0.5,q8_a0.8_and,70500,5.300000000000068,5.300000000000068,1.4049999999999954,1.4049999999999954,1.5117394480616033,1.5117394480616033,0,0.0,,42429
rate0.5_s4,0.5,q8_a0.8_and,70501,3.7999999999999545,3.7999999999999545,1.3624999999999958,1.3624999999999958,1.4340766633242035,1.4340766633242035,0,0.0,,42878
rate0.5_s4,0.5,q8_a0.8_and,70502,3.799999999999997,3.799999999999997,1.3375000000000377,1.3375000000000377,1.498676400452836,1.498676400452836,0,0.0,,42441
rate0.5_s4,0.5,q8_a0.8_and,70503,5.2000000000000455,5.2000000000000455,1.5150000000000283,1.5150000000000283,1.6557053532672577,1.6557053532672577,0,0.0,,42382
rate0.5_s4,0.5,q8_a0.8_and,70504,5.800000000000011,5.800000000000011,1.6150000000000333,1.6150000000000333,1.583319230416119,1.583319230416119,0,0.0,,42173
rate0.5_s4,0.5,q8_a0.8_and,70505,3.8000000000000114,3.8000000000000114,1.3825000000000045,1.3825000000000045,1.5138975730893363,1.5138975730893363,0,0.0,,42725
rate0.5_s4,0.5,q8_a0.8_and,70506,3.8000000000000114,3.8000000000000114,1.3725000000000533,1.3725000000000533,1.481468182012921,1.481468182012921,0,0.0,,43436
rate0.5_s4,0.5,q8_a0.8_and,70507,5.2999999999996135,5.2999999999996135,1.4674999999999698,1.4674999999999698,1.5497704975677797,1.5497704975677797,0,0.0,,42278
rate0.5_s4,0.5,q8_a0.8_and,70508,3.8000000000000114,3.8000000000000114,1.4650000000000063,1.4650000000000063,1.5355191911679953,1.5355191911679953,0,0.0,,42673
rate0.5_s4,0.5,q8_a0.8_and,70509,5.799999999999997,5.799999999999997,1.477500000000012,1.477500000000012,1.4962584930028884,1.4962584930028884,0,0.0,,43276
rate0.5_s4,0.5,q8_a0.8_and,70510,4.900000000000148,4.900000000000148,1.4300000000000126,1.4300000000000126,1.5054244241518073,1.5054244241518073,0,0.0,,43349
rate0.5_s4,0.5,q8_a0.8_and,70511,5.100000000000193,5.100000000000193,1.5450000000000235,1.5450000000000235,1.530464831567005,1.530464831567005,0,0.0,,43870
rate0.5_s4,0.5,q8_a0.8_and,70512,3.1000000000001364,3.1000000000001364,1.2750000000000117,1.2750000000000117,1.4837456660192891,1.4837456660192891,0,0.0,,43447
rate0.5_s4,0.5,q8_a0.8_and,70513,5.500000000000227,5.500000000000227,1.5975000000000155,1.5975000000000155,1.5724158931963486,1.5724158931963486,0,0.0,,42950
rate0.5_s4,0.5,q8_a0.8_and,70514,5.0,5.0,1.4650000000000118,1.4650000000000118,1.7461636479845741,1.7461636479845741,0,0.0,,42590
rate0.5_s4,0.5,q8_a0.8_and,70515,5.000000000000114,5.000000000000114,1.5475000000000378,1.5475000000000378,1.6665732229072958,1.6665732229072958,0,0.0,,44493
rate0.5_s4,0.5,q8_a0.8_and,70516,3.800000000000125,3.800000000000125,1.3075000000000059,1.3075000000000059,1.4833631470405397,1.4833631470405397,0,0.0,,43706
rate0.5_s4,0.5,q8_a0.8_and,70517,4.000000000000227,4.000000000000227,1.3325000000000329,1.3325000000000329,1.5053143351011564,1.5053143351011564,0,0.0,,43950
rate0.5_s4,0.5,q8_a0.8_and,70518,2.9999999999998863,2.9999999999998863,1.2674999999999847,1.2674999999999847,1.5698106440033637,1.5698106440033637,0,0.0,,43541
rate0.5_s4,0.5,q8_a0.8_and,70519,5.2000000000000455,5.2000000000000455,1.2775000000000165,1.2775000000000165,1.543781035826568,1.543781035826568,0,0.0,,42166
rate0.5_s4,0.5,q8_a0.8_and,70520,3.0,3.0,1.239999999999989,1.239999999999989,1.4368465465996538,1.4368465465996538,0,0.0,,43120
rate0.5_s4,0.5,q8_a0.8_and,70521,5.299999999999841,5.299999999999841,1.4574999999999896,1.4574999999999896,1.5749583887515697,1.5749583887515697,0,0.0,,43132
rate0.5_s4,0.5,q8_a0.8_and,70522,3.299999999999386,3.299999999999386,1.2374999999999652,1.2374999999999652,1.536518980550096,1.536518980550096,0,0.0,,43795
rate0.5_s4,0.5,q8_a0.8_and,70523,3.799999999999997,3.799999999999997,1.2974999999999952,1.2974999999999952,1.4961529052513287,1.4961529052513287,0,0.0,,42792
rate0.5_s4,0.5,q8_a0.8_and,70524,5.700000000000216,5.700000000000216,1.3725000000000471,1.3725000000000471,1.5408258956498042,1.5408258956498042,0,0.0,,43227
rate0.5_s4,0.5,q8_a0.8_and,70525,3.699999999999932,3.699999999999932,1.3425000000000253,1.3425000000000253,1.537721956459818,1.537721956459818,0,0.0,,43666
rate0.5_s4,0.5,q8_a0.8_and,70526,3.8000000000000114,3.8000000000000114,1.3949999999999363,1.3949999999999363,1.5321599882286174,1.5321599882286174,0,0.0,,43326
rate0.5_s4,0.5,q8_a0.8_and,70527,3.400000000000091,3.400000000000091,1.1925000000000296,1.1925000000000296,1.443574595592964,1.443574595592964,0,0.0,,43628
rate0.5_s4,0.5,q8_a0.8_and,70528,3.8000000000000114,3.8000000000000114,1.3725000000000072,1.3725000000000072,1.6508437993566545,1.6508437993566545,0,0.0,,43328
rate0.5_s4,0.5,q8_a0.8_and,70529,3.799999999999997,3.799999999999997,1.4175000000000153,1.4175000000000153,1.5655001272327058,1.5655001272327058,0,0.0,,43556
rate0.5_s4,0.5,q8_a1.5_or,70500,5.300000000000068,5.300000000000068,1.4049999999999954,1.4049999999999954,1.5117394480616033,1.5117394480616033,0,0.0,,42429
rate0.5_s4,0.5,q8_a1.5_or,70501,3.7999999999999545,3.7999999999999545,1.3624999999999958,1.3624999999999958,1.4340766633242035,1.4340766633242035,0,0.0,,42878
rate0.5_s4,0.5,q8_a1.5_or,70502,3.799999999999997,3.799999999999997,1.3375000000000377,1.3375000000000377,1.498676400452836,1.498676400452836,0,0.0,,42441
rate0.5_s4,0.5,q8_a1.5_or,70503,5.2000000000000455,5.2000000000000455,1.5150000000000283,1.5150000000000283,1.6557053532672577,1.6557053532672577,0,0.0,,42382
rate0.5_s4,0.5,q8_a1.5_or,70504,5.800000000000011,5.800000000000011,1.6150000000000333,1.6150000000000333,1.583319230416119,1.583319230416119,0,0.0,,42173
rate0.5_s4,0.5,q8_a1.5_or,70505,3.8000000000000114,3.8000000000000114,1.3825000000000045,1.3825000000000045,1.5138975730893363,1.5138975730893363,0,0.0,,42725
rate0.5_s4,0.5,q8_a1.5_or,70506,3.8000000000000114,3.8000000000000114,1.3725000000000533,1.3725000000000533,1.481468182012921,1.481468182012921,0,0.0,,43436
rate0.5_s4,0.5,q8_a1.5_or,70507,5.2999999999996135,5.2999999999996135,1.4674999999999698,1.4674999999999698,1.5497704975677797,1.5497704975677797,0,0.0,,42278
rate0.5_s4,0.5,q8_a1.5_or,70508,3.8000000000000114,3.8000000000000114,1.4650000000000063,1.4650000000000063,1.5355191911679953,1.5355191911679953,0,0.0,,42673
rate0.5_s4,0.5,q8_a1.5_or,70509,5.799999999999997,5.799999999999997,1.477500000000012,1.477500000000012,1.4962584930028884,1.4962584930028884,0,0.0,,43276
rate0.5_s4,0.5,q8_a1.5_or,70510,4.900000000000148,4.900000000000148,1.4300000000000126,1.4300000000000126,1.5054244241518073,1.5054244241518073,0,0.0,,43349
rate0.5_s4,0.5,q8_a1.5_or,70511,5.100000000000193,5.100000000000193,1.5450000000000235,1.5450000000000235,1.530464831567005,1.530464831567005,0,0.0,,43870
rate0.5_s4,0.5,q8_a1.5_or,70512,3.1000000000001364,3.1000000000001364,1.2750000000000117,1.2750000000000117,1.4837456660192891,1.4837456660192891,0,0.0,,43447
rate0.5_s4,0.5,q8_a1.5_or,70513,5.500000000000227,5.500000000000227,1.5975000000000155,1.5975000000000155,1.5724158931963486,1.5724158931963486,0,0.0,,42950
rate0.5_s4,0.5,q8_a1.5_or,70514,5.0,5.0,1.4650000000000118,1.4650000000000118,1.7461636479845741,1.7461636479845741,0,0.0,,42590
rate0.5_s4,0.5,q8_a1.5_or,70515,5.000000000000114,5.000000000000114,1.5475000000000378,1.5475000000000378,1.6665732229072958,1.6665732229072958,0,0.0,,44493
rate0.5_s4,0.5,q8_a1.5_or,70516,3.800000000000125,3.800000000000125,1.3075000000000059,1.3075000000000059,1.4833631470405397,1.4833631470405397,0,0.0,,43706
rate0.5_s4,0.5,q8_a1.5_or,70517,4.000000000000227,4.000000000000227,1.3325000000000329,1.3325000000000329,1.5053143351011564,1.5053143351011564,0,0.0,,43950
rate0.5_s4,0.5,q8_a1.5_or,70518,2.9999999999998863,2.9999999999998863,1.2674999999999847,1.2674999999999847,1.5698106440033637,1.5698106440033637,0,0.0,,43541
rate0.5_s4,0.5,q8_a1.5_or,70519,5.2000000000000455,5.2000000000000455,1.2775000000000165,1.2775000000000165,1.543781035826568,1.543781035826568,0,0.0,,42166
rate0.5_s4,0.5,q8_a1.5_or,70520,3.0,3.0,1.239999999999989,1.239999999999989,1.4368465465996538,1.4368465465996538,0,0.0,,43120
rate0.5_s4,0.5,q8_a1.5_or,70521,5.299999999999841,5.299999999999841,1.4574999999999896,1.4574999999999896,1.5749583887515697,1.5749583887515697,0,0.0,,43132
rate0.5_s4,0.5,q8_a1.5_or,70522,3.299999999999386,3.299999999999386,1.2374999999999652,1.2374999999999652,1.536518980550096,1.536518980550096,0,0.0,,43795
rate0.5_s4,0.5,q8_a1.5_or,70523,3.799999999999997,3.799999999999997,1.2974999999999952,1.2974999999999952,1.4961529052513287,1.4961529052513287,0,0.0,,42792
rate0.5_s4,0.5,q8_a1.5_or,70524,5.700000000000216,5.700000000000216,1.3725000000000471,1.3725000000000471,1.5408258956498042,1.5408258956498042,0,0.0,,43227
rate0.5_s4,0.5,q8_a1.5_or,70525,3.699999999999932,3.699999999999932,1.3425000000000253,1.3425000000000253,1.537721956459818,1.537721956459818,0,0.0,,43666
rate0.5_s4,0.5,q8_a1.5_or,70526,3.8000000000000114,3.8000000000000114,1.3949999999999363,1.3949999999999363,1.5321599882286174,1.5321599882286174,0,0.0,,43326
rate0.5_s4,0.5,q8_a1.5_or,70527,3.400000000000091,3.400000000000091,1.1925000000000296,1.1925000000000296,1.443574595592964,1.443574595592964,0,0.0,,43628
rate0.5_s4,0.5,q8_a1.5_or,70528,3.8000000000000114,3.8000000000000114,1.3725000000000072,1.3725000000000072,1.6508437993566545,1.6508437993566545,0,0.0,,43328
rate0.5_s4,0.5,q8_a1.5_or,70529,3.799999999999997,3.799999999999997,1.4175000000000153,1.4175000000000153,1.5655001272327058,1.5655001272327058,0,0.0,,43556
rate0.5_s4,0.5,q8_a1.5_and,70500,5.300000000000068,5.300000000000068,1.4049999999999954,1.4049999999999954,1.5117394480616033,1.5117394480616033,0,0.0,,42429
rate0.5_s4,0.5,q8_a1.5_and,70501,3.7999999999999545,3.7999999999999545,1.3624999999999958,1.3624999999999958,1.4340766633242035,1.4340766633242035,0,0.0,,42878
rate0.5_s4,0.5,q8_a1.5_and,70502,3.799999999999997,3.799999999999997,1.3375000000000377,1.3375000000000377,1.498676400452836,1.498676400452836,0,0.0,,42441
rate0.5_s4,0.5,q8_a1.5_and,70503,5.2000000000000455,5.2000000000000455,1.5150000000000283,1.5150000000000283,1.6557053532672577,1.6557053532672577,0,0.0,,42382
rate0.5_s4,0.5,q8_a1.5_and,70504,5.800000000000011,5.800000000000011,1.6150000000000333,1.6150000000000333,1.583319230416119,1.583319230416119,0,0.0,,42173
rate0.5_s4,0.5,q8_a1.5_and,70505,3.8000000000000114,3.8000000000000114,1.3825000000000045,1.3825000000000045,1.5138975730893363,1.5138975730893363,0,0.0,,42725
rate0.5_s4,0.5,q8_a1.5_and,70506,3.8000000000000114,3.8000000000000114,1.3725000000000533,1.3725000000000533,1.481468182012921,1.481468182012921,0,0.0,,43436
rate0.5_s4,0.5,q8_a1.5_and,70507,5.2999999999996135,5.2999999999996135,1.4674999999999698,1.4674999999999698,1.5497704975677797,1.5497704975677797,0,0.0,,42278
rate0.5_s4,0.5,q8_a1.5_and,70508,3.8000000000000114,3.8000000000000114,1.4650000000000063,1.4650000000000063,1.5355191911679953,1.5355191911679953,0,0.0,,42673
rate0.5_s4,0.5,q8_a1.5_and,70509,5.799999999999997,5.799999999999997,1.477500000000012,1.477500000000012,1.4962584930028884,1.4962584930028884,0,0.0,,43276
rate0.5_s4,0.5,q8_a1.5_and,70510,4.900000000000148,4.900000000000148,1.4300000000000126,1.4300000000000126,1.5054244241518073,1.5054244241518073,0,0.0,,43349
rate0.5_s4,0.5,q8_a1.5_and,70511,5.100000000000193,5.100000000000193,1.5450000000000235,1.5450000000000235,1.530464831567005,1.530464831567005,0,0.0,,43870
rate0.5_s4,0.5,q8_a1.5_and,70512,3.1000000000001364,3.1000000000001364,1.2750000000000117,1.2750000000000117,1.4837456660192891,1.4837456660192891,0,0.0,,43447
rate0.5_s4,0.5,q8_a1.5_and,70513,5.500000000000227,5.500000000000227,1.5975000000000155,1.5975000000000155,1.5724158931963486,1.5724158931963486,0,0.0,,42950
rate0.5_s4,0.5,q8_a1.5_and,70514,5.0,5.0,1.4650000000000118,1.4650000000000118,1.7461636479845741,1.7461636479845741,0,0.0,,42590
rate0.5_s4,0.5,q8_a1.5_and,70515,5.000000000000114,5.000000000000114,1.5475000000000378,1.5475000000000378,1.6665732229072958,1.6665732229072958,0,0.0,,44493
rate0.5_s4,0.5,q8_a1.5_and,70516,3.800000000000125,3.800000000000125,1.3075000000000059,1.3075000000000059,1.4833631470405397,1.4833631470405397,0,0.0,,43706
rate0.5_s4,0.5,q8_a1.5_and,70517,4.000000000000227,4.000000000000227,1.3325000000000329,1.3325000000000329,1.5053143351011564,1.5053143351011564,0,0.0,,43950
rate0.5_s4,0.5,q8_a1.5_and,70518,2.9999999999998863,2.9999999999998863,1.2674999999999847,1.2674999999999847,1.5698106440033637,1.5698106440033637,0,0.0,,43541
rate0.5_s4,0.5,q8_a1.5_and,70519,5.2000000000000455,5.2000000000000455,1.2775000000000165,1.2775000000000165,1.543781035826568,1.543781035826568,0,0.0,,42166
rate0.5_s4,0.5,q8_a1.5_and,70520,3.0,3.0,1.239999999999989,1.239999999999989,1.4368465465996538,1.4368465465996538,0,0.0,,43120
rate0.5_s4,0.5,q8_a1.5_and,70521,5.299999999999841,5.299999999999841,1.4574999999999896,1.4574999999999896,1.5749583887515697,1.5749583887515697,0,0.0,,43132
rate0.5_s4,0.5,q8_a1.5_and,70522,3.299999999999386,3.299999999999386,1.2374999999999652,1.2374999999999652,1.536518980550096,1.536518980550096,0,0.0,,43795
rate0.5_s4,0.5,q8_a1.5_and,70523,3.799999999999997,3.799999999999997,1.2974999999999952,1.2974999999999952,1.4961529052513287,1.4961529052513287,0,0.0,,42792
rate0.5_s4,0.5,q8_a1.5_and,70524,5.700000000000216,5.700000000000216,1.3725000000000471,1.3725000000000471,1.5408258956498042,1.5408258956498042,0,0.0,,43227
rate0.5_s4,0.5,q8_a1.5_and,70525,3.699999999999932,3.699999999999932,1.3425000000000253,1.3425000000000253,1.537721956459818,1.537721956459818,0,0.0,,43666
rate0.5_s4,0.5,q8_a1.5_and,70526,3.8000000000000114,3.8000000000000114,1.3949999999999363,1.3949999999999363,1.5321599882286174,1.5321599882286174,0,0.0,,43326
rate0.5_s4,0.5,q8_a1.5_and,70527,3.400000000000091,3.400000000000091,1.1925000000000296,1.1925000000000296,1.443574595592964,1.443574595592964,0,0.0,,43628
rate0.5_s4,0.5,q8_a1.5_and,70528,3.8000000000000114,3.8000000000000114,1.3725000000000072,1.3725000000000072,1.6508437993566545,1.6508437993566545,0,0.0,,43328
rate0.5_s4,0.5,q8_a1.5_and,70529,3.799999999999997,3.799999999999997,1.4175000000000153,1.4175000000000153,1.5655001272327058,1.5655001272327058,0,0.0,,43556
rate0.5_s4,2.0,q2_a0.8_or,70500,5.800000000000011,2.400000000000034,1.4600000000000115,1.3850000000000247,1.528129423247223,1.5002871151243427,10,1.0,1.0,43531
rate0.5_s4,2.0,q2_a0.8_or,70501,3.7999999999999545,3.0,1.1950000000000003,1.319999999999999,1.5006400465549543,1.3504313439563527,10,1.0,1.0,43888
rate0.5_s4,2.0,q2_a0.8_or,70502,5.2000000000000455,5.199999999999989,1.5350000000000463,1.4050000000000498,1.5173013866571452,1.2945565129178604,10,1.0,1.0,43633
rate0.5_s4,2.0,q2_a0.8_or,70503,5.0,2.6000000000001364,1.4850000000000527,1.3000000000000127,1.7131686596488342,1.4558169439382607,10,1.0,1.0,44190
rate0.5_s4,2.0,q2_a0.8_or,70504,5.800000000000011,5.0,1.5950000000000017,1.3549999999999975,1.660941465158175,1.4362467312192693,10,1.0,1.0,43260
rate0.5_s4,2.0,q2_a0.8_or,70505,3.8000000000000114,5.800000000000125,1.3450000000000089,1.6300000000000185,1.578793776804569,1.3911575413324562,10,1.0,1.0,43966
rate0.5_s4,2.0,q2_a0.8_or,70506,3.8000000000000114,5.000000000000227,1.37000000000005,1.4800000000000584,1.5352474877564908,1.4280778187705887,10,1.0,1.0,44544
rate0.5_s4,2.0,q2_a0.8_or,70507,3.8000000000000114,5.199999999999818,1.3449999999999847,1.5749999999999638,1.5520911240226345,1.346460452609262,10,1.0,1.0,43380
rate0.5_s4,2.0,q2_a0.8_or,70508,3.8000000000000114,5.800000000000011,1.4900000000000326,1.5000000000000058,1.614803616122154,1.506761839258029,10,1.0,1.0,43438
rate0.5_s4,2.0,q2_a0.8_or,70509,5.799999999999997,3.3999999999999773,1.5400000000000318,1.4900000000000282,1.46763594486012,1.4735366922528075,10,1.0,1.0,44180
rate0.5_s4,2.0,q2_a0.8_or,70510,3.8000000000002956,5.2000000000000455,1.3600000000000307,1.7350000000000225,1.437316882278462,1.3499815712995091,10,1.0,1.0,44135
rate0.5_s4,2.0,q2_a0.8_or,70511,5.199999999999818,5.199999999999989,1.5050000000000314,1.4799999999999631,1.6252766350401315,1.4677180231363858,10,1.0,1.0,44706
rate0.5_s4,2.0,q2_a0.8_or,70512,4.800000000000125,3.999999999999943,1.3500000000000216,1.4800000000000104,1.5276320563761563,1.4676940639171423,10,1.0,1.0,44163
rate0.5_s4,2.0,q2_a0.8_or,70513,3.2000000000001023,4.600000000000023,1.2249999999999974,1.5099999999999845,1.5445091441189103,1.4071190376361593,10,1.0,1.0,44010
rate0.5_s4,2.0,q2_a0.8_or,70514,5.0,5.800000000000011,1.3800000000000168,1.4850000000000025,1.6801228226882228,1.41107942913902,10,1.0,1.0,44672
rate0.5_s4,2.0,q2_a0.8_or,70515,5.0,5.200000000000102,1.4200000000000415,1.400000000000055,1.627607757214563,1.3835719560546818,10,1.0,1.0,43957
rate0.5_s4,2.0,q2_a0.8_or,70516,3.799999999999997,4.400000000000091,1.260000000000015,1.3800000000000119,1.5500610973848417,1.452841397862603,10,1.0,1.0,43807
rate0.5_s4,2.0,q2_a0.8_or,70517,3.8000000000000114,4.199999999999704,1.5399999999999963,1.580000000000006,1.6301474713342745,1.4180158702104195,10,1.0,1.0,45022
rate0.5_s4,2.0,q2_a0.8_or,70518,3.799999999999997,4.600000000000193,1.3699999999999755,1.39499999999998,1.6400693183139399,1.5309311027515853,10,1.0,1.0,44401
rate0.5_s4,2.0,q2_a0.8_or,70519,2.7999999999999545,5.800000000000011,1.1350000000000111,1.4800000000000142,1.610415335716742,1.3714072074953398,10,1.0,1.0,42677
rate0.5_s4,2.0,q2_a0.8_or,70520,4.800000000000125,5.199999999999989,1.439999999999999,1.664999999999964,1.513523376659807,1.387275193393677,10,1.0,1.0,44290
rate0.5_s4,2.0,q2_a0.8_or,70521,3.800000000000182,4.0,1.4349999999999745,1.4049999999999963,1.7775754941629895,1.5399981703459589,10,1.0,1.0,44011
rate0.5_s4,2.0,q2_a0.8_or,70522,3.799999999999997,5.0,1.3650000000000027,1.5399999999999658,1.5847385304390145,1.4150847531064674,10,1.0,1.0,44069
rate0.5_s4,2.0,q2_a0.8_or,70523,5.0,5.200000000000159,1.3600000000000037,1.524999999999999,1.6494510002476759,1.5185920591711928,10,1.0,1.0,43586
rate0.5_s4,2.0,q2_a0.8_or,70524,5.799999999999997,3.0000000000002274,1.500000000000042,1.2800000000000615,1.5676082137058267,1.4187299646744027,10,1.0,1.0,44025
rate0.5_s4,2.0,q2_a0.8_or,70525,5.0,4.800000000000182,1.4749999999999759,1.4850000000000712,1.6203033415502464,1.4837788396577176,10,1.0,1.0,44239
rate0.5_s4,2.0,q2_a0.8_or,70526,3.799999999999997,5.0,1.2799999999999456,1.4499999999999567,1.5410601367113335,1.478414649352759,10,1.0,1.0,44255
rate0.5_s4,2.0,q2_a0.8_or,70527,3.4000000000002046,3.0,1.2000000000000313,1.3650000000000155,1.5297649978789825,1.539674995452841,10,1.0,1.0,44615
rate0.5_s4,2.0,q2_a0.8_or,70528,3.8000000000000114,5.199999999999989,1.380000000000006,1.5249999999999946,1.7607012834925702,1.5799841667066243,10,1.0,1.0,44438
rate0.5_s4,2.0,q2_a0.8_or,70529,3.6000000000000227,3.400000000000091,1.4200000000000153,1.3500000000000099,1.7910300527353709,1.4815502191669057,10,1.0,1.0,44012
rate0.5_s4,2.0,q2_a0.8_and,70500,5.800000000000011,5.800000000000011,1.4600000000000115,1.4600000000000115,1.528129423247223,1.528129423247223,0,0.0,,42838
rate0.5_s4,2.0,q2_a0.8_and,70501,3.7999999999999545,3.7999999999999545,1.1950000000000003,1.1950000000000003,1.5006400465549543,1.5006400465549543,0,0.0,,42979
rate0.5_s4,2.0,q2_a0.8_and,70502,5.2000000000000455,5.2000000000000455,1.5350000000000463,1.5350000000000463,1.5173013866571452,1.5173013866571452,0,0.0,,42381
rate0.5_s4,2.0,q2_a0.8_and,70503,5.0,5.0,1.4850000000000527,1.4850000000000527,1.7131686596488342,1.7131686596488342,0,0.0,,42464
rate0.5_s4,2.0,q2_a0.8_and,70504,5.800000000000011,5.800000000000011,1.5950000000000017,1.5950000000000017,1.660941465158175,1.660941465158175,0,0.0,,42384
rate0.5_s4,2.0,q2_a0.8_and,70505,3.8000000000000114,3.8000000000000114,1.3450000000000089,1.3450000000000089,1.578793776804569,1.578793776804569,0,0.0,,43444
rate0.5_s4,2.0,q2_a0.8_and,70506,3.8000000000000114,3.8000000000000114,1.37000000000005,1.37000000000005,1.5352474877564908,1.5352474877564908,0,0.0,,43091
rate0.5_s4,2.0,q2_a0.8_and,70507,3.8000000000000114,3.8000000000000114,1.3449999999999847,1.3449999999999847,1.5520911240226345,1.5520911240226345,0,0.0,,42467
rate0.5_s4,2.0,q2_a0.8_and,70508,3.8000000000000114,3.8000000000000114,1.4900000000000326,1.4900000000000326,1.614803616122154,1.614803616122154,0,0.0,,42806
rate0.5_s4,2.0,q2_a0.8_and,70509,5.799999999999997,5.799999999999997,1.5400000000000318,1.5400000000000318,1.46763594486012,1.46763594486012,0,0.0,,43268
rate0.5_s4,2.0,q2_a0.8_and,70510,3.8000000000002956,3.8000000000002956,1.3600000000000307,1.3600000000000307,1.437316882278462,1.437316882278462,0,0.0,,43382
rate0.5_s4,2.0,q2_a0.8_and,70511,5.199999999999818,5.199999999999818,1.5050000000000314,1.5050000000000314,1.6252766350401315,1.6252766350401315,0,0.0,,44054
rate0.5_s4,2.0,q2_a0.8_and,70512,4.800000000000125,4.800000000000125,1.3500000000000216,1.3500000000000216,1.5276320563761563,1.5276320563761563,0,0.0,,43518
rate0.5_s4,2.0,q2_a0.8_and,70513,3.2000000000001023,3.2000000000001023,1.2249999999999974,1.2249999999999974,1.5445091441189103,1.5445091441189103,0,0.0,,43241
rate0.5_s4,2.0,q2_a0.8_and,70514,5.0,5.0,1.3800000000000168,1.3800000000000168,1.6801228226882228,1.6801228226882228,0,0.0,,43713
rate0.5_s4,2.0,q2_a0.8_and,70515,5.0,5.0,1.4200000000000415,1.4200000000000415,1.627607757214563,1.627607757214563,0,0.0,,43582
rate0.5_s4,2.0,q2_a0.8_and,70516,3.799999999999997,3.799999999999997,1.260000000000015,1.260000000000015,1.5500610973848417,1.5500610973848417,0,0.0,,43278
rate0.5_s4,2.0,q2_a0.8_and,70517,3.8000000000000114,3.8000000000000114,1.5399999999999963,1.5399999999999963,1.6301474713342745,1.6301474713342745,0,0.0,,44120
rate0.5_s4,2.0,q2_a0.8_and,70518,3.799999999999997,3.799999999999997,1.3699999999999755,1.3699999999999755,1.6400693183139399,1.6400693183139399,0,0.0,,43030
rate0.5_s4,2.0,q2_a0.8_and,70519,2.7999999999999545,2.7999999999999545,1.1350000000000111,1.1350000000000111,1.610415335716742,1.610415335716742,0,0.0,,41960
rate0.5_s4,2.0,q2_a0.8_and,70520,4.800000000000125,4.800000000000125,1.439999999999999,1.439999999999999,1.513523376659807,1.513523376659807,0,0.0,,43633
rate0.5_s4,2.0,q2_a0.8_and,70521,3.800000000000182,3.800000000000182,1.4349999999999745,1.4349999999999745,1.7775754941629895,1.7775754941629895,0,0.0,,43196
rate0.5_s4,2.0,q2_a0.8_and,70522,3.799999999999997,3.799999999999997,1.3650000000000027,1.3650000000000027,1.5847385304390145,1.5847385304390145,0,0.0,,42732
rate0.5_s4,2.0,q2_a0.8_and,70523,5.0,5.0,1.3600000000000037,1.3600000000000037,1.6494510002476759,1.6494510002476759,0,0.0,,42770
rate0.5_s4,2.0,q2_a0.8_and,70524,5.799999999999997,5.799999999999997,1.500000000000042,1.500000000000042,1.5676082137058267,1.5676082137058267,0,0.0,,43317
rate0.5_s4,2.0,q2_a0.8_and,70525,5.0,5.0,1.4749999999999759,1.4749999999999759,1.6203033415502464,1.6203033415502464,0,0.0,,43163
rate0.5_s4,2.0,q2_a0.8_and,70526,3.799999999999997,3.799999999999997,1.2799999999999456,1.2799999999999456,1.5410601367113335,1.5410601367113335,0,0.0,,42962
rate0.5_s4,2.0,q2_a0.8_and,70527,3.4000000000002046,3.4000000000002046,1.2000000000000313,1.2000000000000313,1.5297649978789825,1.5297649978789825,0,0.0,,42955
rate0.5_s4,2.0,q2_a0.8_and,70528,3.8000000000000114,3.8000000000000114,1.380000000000006,1.380000000000006,1.7607012834925702,1.7607012834925702,0,0.0,,43504
rate0.5_s4,2.0,q2_a0.8_and,70529,3.6000000000000227,3.6000000000000227,1.4200000000000153,1.4200000000000153,1.7910300527353709,1.7910300527353709,0,0.0,,43115
rate0.5_s4,2.0,q2_a1.5_or,70500,5.800000000000011,2.400000000000034,1.4600000000000115,1.3850000000000247,1.528129423247223,1.5002871151243427,10,1.0,1.0,43531
rate0.5_s4,2.0,q2_a1.5_or,70501,3.7999999999999545,3.0,1.1950000000000003,1.319999999999999,1.5006400465549543,1.3504313439563527,10,1.0,1.0,43888
rate0.5_s4,2.0,q2_a1.5_or,70502,5.2000000000000455,5.199999999999989,1.5350000000000463,1.4050000000000498,1.5173013866571452,1.2945565129178604,10,1.0,1.0,43633
rate0.5_s4,2.0,q2_a1.5_or,70503,5.0,2.6000000000001364,1.4850000000000527,1.3000000000000127,1.7131686596488342,1.4558169439382607,10,1.0,1.0,44190
rate0.5_s4,2.0,q2_a1.5_or,70504,5.800000000000011,5.0,1.5950000000000017,1.3549999999999975,1.660941465158175,1.4362467312192693,10,1.0,1.0,43260
rate0.5_s4,2.0,q2_a1.5_or,70505,3.8000000000000114,5.800000000000125,1.3450000000000089,1.6300000000000185,1.578793776804569,1.3911575413324562,10,1.0,1.0,43966
rate0.5_s4,2.0,q2_a1.5_or,70506,3.8000000000000114,5.000000000000227,1.37000000000005,1.4800000000000584,1.5352474877564908,1.4280778187705887,10,1.0,1.0,44544
rate0.5_s4,2.0,q2_a1.5_or,70507,3.8000000000000114,5.199999999999818,1.3449999999999847,1.5749999999999638,1.5520911240226345,1.346460452609262,10,1.0,1.0,43380
rate0.5_s4,2.0,q2_a1.5_or,70508,3.8000000000000114,5.800000000000011,1.4900000000000326,1.5000000000000058,1.614803616122154,1.506761839258029,10,1.0,1.0,43438
rate0.5_s4,2.0,q2_a1.5_or,70509,5.799999999999997,3.3999999999999773,1.5400000000000318,1.4900000000000282,1.46763594486012,1.4735366922528075,10,1.0,1.0,44180
rate0.5_s4,2.0,q2_a1.5_or,70510,3.8000000000002956,5.2000000000000455,1.3600000000000307,1.7350000000000225,1.437316882278462,1.3499815712995091,10,1.0,1.0,44135
rate0.5_s4,2.0,q2_a1.5_or,70511,5.199999999999818,5.199999999999989,1.5050000000000314,1.4799999999999631,1.6252766350401315,1.4677180231363858,10,1.0,1.0,44706
rate0.5_s4,2.0,q2_a1.5_or,70512,4.800000000000125,3.999999999999943,1.3500000000000216,1.4800000000000104,1.5276320563761563,1.4676940639171423,10,1.0,1.0,44163
rate0.5_s4,2.0,q2_a1.5_or,70513,3.2000000000001023,4.600000000000023,1.2249999999999974,1.5099999999999845,1.5445091441189103,1.4071190376361593,10,1.0,1.0,44010
rate0.5_s4,2.0,q2_a1.5_or,70514,5.0,5.800000000000011,1.3800000000000168,1.4850000000000025,1.6801228226882228,1.41107942913902,10,1.0,1.0,44672
rate0.5_s4,2.0,q2_a1.5_or,70515,5.0,5.200000000000102,1.4200000000000415,1.400000000000055,1.627607757214563,1.3835719560546818,10,1.0,1.0,43957
rate0.5_s4,2.0,q2_a1.5_or,70516,3.799999999999997,4.400000000000091,1.260000000000015,1.3800000000000119,1.5500610973848417,1.452841397862603,10,1.0,1.0,43807
rate0.5_s4,2.0,q2_a1.5_or,70517,3.8000000000000114,4.199999999999704,1.5399999999999963,1.580000000000006,1.6301474713342745,1.4180158702104195,10,1.0,1.0,45022
rate0.5_s4,2.0,q2_a1.5_or,70518,3.799999999999997,4.600000000000193,1.3699999999999755,1.39499999999998,1.6400693183139399,1.5309311027515853,10,1.0,1.0,44401
rate0.5_s4,2.0,q2_a1.5_or,70519,2.7999999999999545,5.800000000000011,1.1350000000000111,1.4800000000000142,1.610415335716742,1.3714072074953398,10,1.0,1.0,42677
rate0.5_s4,2.0,q2_a1.5_or,70520,4.800000000000125,5.199999999999989,1.439999999999999,1.664999999999964,1.513523376659807,1.387275193393677,10,1.0,1.0,44290
rate0.5_s4,2.0,q2_a1.5_or,70521,3.800000000000182,4.0,1.4349999999999745,1.4049999999999963,1.7775754941629895,1.5399981703459589,10,1.0,1.0,44011
rate0.5_s4,2.0,q2_a1.5_or,70522,3.799999999999997,5.0,1.3650000000000027,1.5399999999999658,1.5847385304390145,1.4150847531064674,10,1.0,1.0,44069
rate0.5_s4,2.0,q2_a1.5_or,70523,5.0,5.200000000000159,1.3600000000000037,1.524999999999999,1.6494510002476759,1.5185920591711928,10,1.0,1.0,43586
rate0.5_s4,2.0,q2_a1.5_or,70524,5.799999999999997,3.0000000000002274,1.500000000000042,1.2800000000000615,1.5676082137058267,1.4187299646744027,10,1.0,1.0,44025
rate0.5_s4,2.0,q2_a1.5_or,70525,5.0,4.800000000000182,1.4749999999999759,1.4850000000000712,1.6203033415502464,1.4837788396577176,10,1.0,1.0,44239
rate0.5_s4,2.0,q2_a1.5_or,70526,3.799999999999997,5.0,1.2799999999999456,1.4499999999999567,1.5410601367113335,1.478414649352759,10,1.0,1.0,44255
rate0.5_s4,2.0,q2_a1.5_or,70527,3.4000000000002046,3.0,1.2000000000000313,1.3650000000000155,1.5297649978789825,1.539674995452841,10,1.0,1.0,44615
rate0.5_s4,2.0,q2_a1.5_or,70528,3.8000000000000114,5.199999999999989,1.380000000000006,1.5249999999999946,1.7607012834925702,1.5799841667066243,10,1.0,1.0,44438
rate0.5_s4,2.0,q2_a1.5_or,70529,3.6000000000000227,3.400000000000091,1.4200000000000153,1.3500000000000099,1.7910300527353709,1.4815502191669057,10,1.0,1.0,44012
rate0.5_s4,2.0,q2_a1.5_and,70500,5.800000000000011,5.800000000000011,1.4600000000000115,1.4600000000000115,1.528129423247223,1.528129423247223,0,0.0,,42838
rate0.5_s4,2.0,q2_a1.5_and,70501,3.7999999999999545,3.7999999999999545,1.1950000000000003,1.1950000000000003,1.5006400465549543,1.5006400465549543,0,0.0,,42979
rate0.5_s4,2.0,q2_a1.5_and,70502,5.2000000000000455,5.2000000000000455,1.5350000000000463,1.5350000000000463,1.5173013866571452,1.5173013866571452,0,0.0,,42381
rate0.5_s4,2.0,q2_a1.5_and,70503,5.0,5.0,1.4850000000000527,1.4850000000000527,1.7131686596488342,1.7131686596488342,0,0.0,,42464
rate0.5_s4,2.0,q2_a1.5_and,70504,5.800000000000011,5.800000000000011,1.5950000000000017,1.5950000000000017,1.660941465158175,1.660941465158175,0,0.0,,42384
rate0.5_s4,2.0,q2_a1.5_and,70505,3.8000000000000114,3.8000000000000114,1.3450000000000089,1.3450000000000089,1.578793776804569,1.578793776804569,0,0.0,,43444
rate0.5_s4,2.0,q2_a1.5_and,70506,3.8000000000000114,3.8000000000000114,1.37000000000005,1.37000000000005,1.5352474877564908,1.5352474877564908,0,0.0,,43091
rate0.5_s4,2.0,q2_a1.5_and,70507,3.8000000000000114,3.8000000000000114,1.3449999999999847,1.3449999999999847,1.5520911240226345,1.5520911240226345,0,0.0,,42467
rate0.5_s4,2.0,q2_a1.5_and,70508,3.8000000000000114,3.8000000000000114,1.4900000000000326,1.4900000000000326,1.614803616122154,1.614803616122154,0,0.0,,42806
rate0.5_s4,2.0,q2_a1.5_and,70509,5.799999999999997,5.799999999999997,1.5400000000000318,1.5400000000000318,1.46763594486012,1.46763594486012,0,0.0,,43268
rate0.5_s4,2.0,q2_a1.5_and,70510,3.8000000000002956,3.8000000000002956,1.3600000000000307,1.3600000000000307,1.437316882278462,1.437316882278462,0,0.0,,43382
rate0.5_s4,2.0,q2_a1.5_and,70511,5.199999999999818,5.199999999999818,1.5050000000000314,1.5050000000000314,1.6252766350401315,1.6252766350401315,0,0.0,,44054
rate0.5_s4,2.0,q2_a1.5_and,70512,4.800000000000125,4.800000000000125,1.3500000000000216,1.3500000000000216,1.5276320563761563,1.5276320563761563,0,0.0,,43518
rate0.5_s4,2.0,q2_a1.5_and,70513,3.2000000000001023,3.2000000000001023,1.2249999999999974,1.2249999999999974,1.5445091441189103,1.5445091441189103,0,0.0,,43241
rate0.5_s4,2.0,q2_a1.5_and,70514,5.0,5.0,1.3800000000000168,1.3800000000000168,1.6801228226882228,1.6801228226882228,0,0.0,,43713
rate0.5_s4,2.0,q2_a1.5_and,70515,5.0,5.0,1.4200000000000415,1.4200000000000415,1.627607757214563,1.627607757214563,0,0.0,,43582
rate0.5_s4,2.0,q2_a1.5_and,70516,3.799999999999997,3.799999999999997,1.260000000000015,1.260000000000015,1.5500610973848417,1.5500610973848417,0,0.0,,43278
rate0.5_s4,2.0,q2_a1.5_and,70517,3.8000000000000114,3.8000000000000114,1.5399999999999963,1.5399999999999963,1.6301474713342745,1.6301474713342745,0,0.0,,44120
rate0.5_s4,2.0,q2_a1.5_and,70518,3.799999999999997,3.799999999999997,1.3699999999999755,1.3699999999999755,1.6400693183139399,1.6400693183139399,0,0.0,,43030
rate0.5_s4,2.0,q2_a1.5_and,70519,2.7999999999999545,2.7999999999999545,1.1350000000000111,1.1350000000000111,1.610415335716742,1.610415335716742,0,0.0,,41960
rate0.5_s4,2.0,q2_a1.5_and,70520,4.800000000000125,4.800000000000125,1.439999999999999,1.439999999999999,1.513523376659807,1.513523376659807,0,0.0,,43633
rate0.5_s4,2.0,q2_a1.5_and,70521,3.800000000000182,3.800000000000182,1.4349999999999745,1.4349999999999745,1.7775754941629895,1.7775754941629895,0,0.0,,43196
rate0.5_s4,2.0,q2_a1.5_and,70522,3.799999999999997,3.799999999999997,1.3650000000000027,1.3650000000000027,1.5847385304390145,1.5847385304390145,0,0.0,,42732
rate0.5_s4,2.0,q2_a1.5_and,70523,5.0,5.0,1.3600000000000037,1.3600000000000037,1.6494510002476759,1.6494510002476759,0,0.0,,42770
rate0.5_s4,2.0,q2_a1.5_and,70524,5.799999999999997,5.799999999999997,1.500000000000042,1.500000000000042,1.5676082137058267,1.5676082137058267,0,0.0,,43317
rate0.5_s4,2.0,q2_a1.5_and,70525,5.0,5.0,1.4749999999999759,1.4749999999999759,1.6203033415502464,1.6203033415502464,0,0.0,,43163
rate0.5_s4,2.0,q2_a1.5_and,70526,3.799999999999997,3.799999999999997,1.2799999999999456,1.2799999999999456,1.5410601367113335,1.5410601367113335,0,0.0,,42962
rate0.5_s4,2.0,q2_a1.5_and,70527,3.4000000000002046,3.4000000000002046,1.2000000000000313,1.2000000000000313,1.5297649978789825,1.5297649978789825,0,0.0,,42955
rate0.5_s4,2.0,q2_a1.5_and,70528,3.8000000000000114,3.8000000000000114,1.380000000000006,1.380000000000006,1.7607012834925702,1.7607012834925702,0,0.0,,43504
rate0.5_s4,2.0,q2_a1.5_and,70529,3.6000000000000227,3.6000000000000227,1.4200000000000153,1.4200000000000153,1.7910300527353709,1.7910300527353709,0,0.0,,43115
rate0.5_s4,2.0,q4_a0.8_or,70500,5.800000000000011,5.800000000000011,1.4600000000000115,1.4600000000000115,1.528129423247223,1.528129423247223,0,0.0,,42838
rate0.5_s4,2.0,q4_a0.8_or,70501,3.7999999999999545,3.7999999999999545,1.1950000000000003,1.1950000000000003,1.5006400465549543,1.5006400465549543,0,0.0,,42979
rate0.5_s4,2.0,q4_a0.8_or,70502,5.2000000000000455,5.2000000000000455,1.5350000000000463,1.5350000000000463,1.5173013866571452,1.5173013866571452,0,0.0,,42381
rate0.5_s4,2.0,q4_a0.8_or,70503,5.0,5.0,1.4850000000000527,1.4850000000000527,1.7131686596488342,1.7131686596488342,0,0.0,,42464
rate0.5_s4,2.0,q4_a0.8_or,70504,5.800000000000011,5.800000000000011,1.5950000000000017,1.5950000000000017,1.660941465158175,1.660941465158175,0,0.0,,42384
rate0.5_s4,2.0,q4_a0.8_or,70505,3.8000000000000114,3.8000000000000114,1.3450000000000089,1.3450000000000089,1.578793776804569,1.578793776804569,0,0.0,,43444
rate0.5_s4,2.0,q4_a0.8_or,70506,3.8000000000000114,3.8000000000000114,1.37000000000005,1.37000000000005,1.5352474877564908,1.5352474877564908,0,0.0,,43091
rate0.5_s4,2.0,q4_a0.8_or,70507,3.8000000000000114,3.8000000000000114,1.3449999999999847,1.3449999999999847,1.5520911240226345,1.5520911240226345,0,0.0,,42467
rate0.5_s4,2.0,q4_a0.8_or,70508,3.8000000000000114,3.8000000000000114,1.4900000000000326,1.4900000000000326,1.614803616122154,1.614803616122154,0,0.0,,42806
rate0.5_s4,2.0,q4_a0.8_or,70509,5.799999999999997,5.799999999999997,1.5400000000000318,1.5400000000000318,1.46763594486012,1.46763594486012,0,0.0,,43268
rate0.5_s4,2.0,q4_a0.8_or,70510,3.8000000000002956,3.8000000000002956,1.3600000000000307,1.3600000000000307,1.437316882278462,1.437316882278462,0,0.0,,43382
rate0.5_s4,2.0,q4_a0.8_or,70511,5.199999999999818,5.199999999999818,1.5050000000000314,1.5050000000000314,1.6252766350401315,1.6252766350401315,0,0.0,,44054
rate0.5_s4,2.0,q4_a0.8_or,70512,4.800000000000125,4.800000000000125,1.3500000000000216,1.3500000000000216,1.5276320563761563,1.5276320563761563,0,0.0,,43518
rate0.5_s4,2.0,q4_a0.8_or,70513,3.2000000000001023,3.2000000000001023,1.2249999999999974,1.2249999999999974,1.5445091441189103,1.5445091441189103,0,0.0,,43241
rate0.5_s4,2.0,q4_a0.8_or,70514,5.0,5.0,1.3800000000000168,1.3800000000000168,1.6801228226882228,1.6801228226882228,0,0.0,,43713
rate0.5_s4,2.0,q4_a0.8_or,70515,5.0,5.0,1.4200000000000415,1.4200000000000415,1.627607757214563,1.627607757214563,0,0.0,,43582
rate0.5_s4,2.0,q4_a0.8_or,70516,3.799999999999997,3.799999999999997,1.260000000000015,1.260000000000015,1.5500610973848417,1.5500610973848417,0,0.0,,43278
rate0.5_s4,2.0,q4_a0.8_or,70517,3.8000000000000114,3.8000000000000114,1.5399999999999963,1.5399999999999963,1.6301474713342745,1.6301474713342745,0,0.0,,44120
rate0.5_s4,2.0,q4_a0.8_or,70518,3.799999999999997,3.799999999999997,1.3699999999999755,1.3699999999999755,1.6400693183139399,1.6400693183139399,0,0.0,,43030
rate0.5_s4,2.0,q4_a0.8_or,70519,2.7999999999999545,2.7999999999999545,1.1350000000000111,1.1350000000000111,1.610415335716742,1.610415335716742,0,0.0,,41960
rate0.5_s4,2.0,q4_a0.8_or,70520,4.800000000000125,4.800000000000125,1.439999999999999,1.439999999999999,1.513523376659807,1.513523376659807,0,0.0,,43633
rate0.5_s4,2.0,q4_a0.8_or,70521,3.800000000000182,3.800000000000182,1.4349999999999745,1.4349999999999745,1.7775754941629895,1.7775754941629895,0,0.0,,43196
rate0.5_s4,2.0,q4_a0.8_or,70522,3.799999999999997,3.799999999999997,1.3650000000000027,1.3650000000000027,1.5847385304390145,1.5847385304390145,0,0.0,,42732
rate0.5_s4,2.0,q4_a0.8_or,70523,5.0,5.0,1.3600000000000037,1.3600000000000037,1.6494510002476759,1.6494510002476759,0,0.0,,42770
rate0.5_s4,2.0,q4_a0.8_or,70524,5.799999999999997,5.799999999999997,1.500000000000042,1.500000000000042,1.5676082137058267,1.5676082137058267,0,0.0,,43317
rate0.5_s4,2.0,q4_a0.8_or,70525,5.0,5.0,1.4749999999999759,1.4749999999999759,1.6203033415502464,1.6203033415502464,0,0.0,,43163
rate0.5_s4,2.0,q4_a0.8_or,70526,3.799999999999997,3.799999999999997,1.2799999999999456,1.2799999999999456,1.5410601367113335,1.5410601367113335,0,0.0,,42962
rate0.5_s4,2.0,q4_a0.8_or,70527,3.4000000000002046,3.4000000000002046,1.2000000000000313,1.2000000000000313,1.5297649978789825,1.5297649978789825,0,0.0,,42955
rate0.5_s4,2.0,q4_a0.8_or,70528,3.8000000000000114,3.8000000000000114,1.380000000000006,1.380000000000006,1.7607012834925702,1.7607012834925702,0,0.0,,43504
rate0.5_s4,2.0,q4_a0.8_or,70529,3.6000000000000227,3.6000000000000227,1.4200000000000153,1.4200000000000153,1.7910300527353709,1.7910300527353709,0,0.0,,43115
rate0.5_s4,2.0,q4_a0.8_and,70500,5.800000000000011,5.800000000000011,1.4600000000000115,1.4600000000000115,1.528129423247223,1.528129423247223,0,0.0,,42838
rate0.5_s4,2.0,q4_a0.8_and,70501,3.7999999999999545,3.7999999999999545,1.1950000000000003,1.1950000000000003,1.5006400465549543,1.5006400465549543,0,0.0,,42979
rate0.5_s4,2.0,q4_a0.8_and,70502,5.2000000000000455,5.2000000000000455,1.5350000000000463,1.5350000000000463,1.5173013866571452,1.5173013866571452,0,0.0,,42381
rate0.5_s4,2.0,q4_a0.8_and,70503,5.0,5.0,1.4850000000000527,1.4850000000000527,1.7131686596488342,1.7131686596488342,0,0.0,,42464
rate0.5_s4,2.0,q4_a0.8_and,70504,5.800000000000011,5.800000000000011,1.5950000000000017,1.5950000000000017,1.660941465158175,1.660941465158175,0,0.0,,42384
rate0.5_s4,2.0,q4_a0.8_and,70505,3.8000000000000114,3.8000000000000114,1.3450000000000089,1.3450000000000089,1.578793776804569,1.578793776804569,0,0.0,,43444
rate0.5_s4,2.0,q4_a0.8_and,70506,3.8000000000000114,3.8000000000000114,1.37000000000005,1.37000000000005,1.5352474877564908,1.5352474877564908,0,0.0,,43091
rate0.5_s4,2.0,q4_a0.8_and,70507,3.8000000000000114,3.8000000000000114,1.3449999999999847,1.3449999999999847,1.5520911240226345,1.5520911240226345,0,0.0,,42467
rate0.5_s4,2.0,q4_a0.8_and,70508,3.8000000000000114,3.8000000000000114,1.4900000000000326,1.4900000000000326,1.614803616122154,1.614803616122154,0,0.0,,42806
rate0.5_s4,2.0,q4_a0.8_and,70509,5.799999999999997,5.799999999999997,1.5400000000000318,1.5400000000000318,1.46763594486012,1.46763594486012,0,0.0,,43268
rate0.5_s4,2.0,q4_a0.8_and,70510,3.8000000000002956,3.8000000000002956,1.3600000000000307,1.3600000000000307,1.437316882278462,1.437316882278462,0,0.0,,43382
rate0.5_s4,2.0,q4_a0.8_and,70511,5.199999999999818,5.199999999999818,1.5050000000000314,1.5050000000000314,1.6252766350401315,1.6252766350401315,0,0.0,,44054
rate0.5_s4,2.0,q4_a0.8_and,70512,4.800000000000125,4.800000000000125,1.3500000000000216,1.3500000000000216,1.5276320563761563,1.5276320563761563,0,0.0,,43518
rate0.5_s4,2.0,q4_a0.8_and,70513,3.2000000000001023,3.2000000000001023,1.2249999999999974,1.2249999999999974,1.5445091441189103,1.5445091441189103,0,0.0,,43241
rate0.5_s4,2.0,q4_a0.8_and,70514,5.0,5.0,1.3800000000000168,1.3800000000000168,1.6801228226882228,1.6801228226882228,0,0.0,,43713
rate0.5_s4,2.0,q4_a0.8_and,70515,5.0,5.0,1.4200000000000415,1.4200000000000415,1.627607757214563,1.627607757214563,0,0.0,,43582
rate0.5_s4,2.0,q4_a0.8_and,70516,3.799999999999997,3.799999999999997,1.260000000000015,1.260000000000015,1.5500610973848417,1.5500610973848417,0,0.0,,43278
rate0.5_s4,2.0,q4_a0.8_and,70517,3.8000000000000114,3.8000000000000114,1.5399999999999963,1.5399999999999963,1.6301474713342745,1.6301474713342745,0,0.0,,44120
rate0.5_s4,2.0,q4_a0.8_and,70518,3.799999999999997,3.799999999999997,1.3699999999999755,1.3699999999999755,1.6400693183139399,1.6400693183139399,0,0.0,,43030
rate0.5_s4,2.0,q4_a0.8_and,70519,2.7999999999999545,2.7999999999999545,1.1350000000000111,1.1350000000000111,1.610415335716742,1.610415335716742,0,0.0,,41960
rate0.5_s4,2.0,q4_a0.8_and,70520,4.800000000000125,4.800000000000125,1.439999999999999,1.439999999999999,1.513523376659807,1.513523376659807,0,0.0,,43633
rate0.5_s4,2.0,q4_a0.8_and,70521,3.800000000000182,3.800000000000182,1.4349999999999745,1.4349999999999745,1.7775754941629895,1.7775754941629895,0,0.0,,43196
rate0.5_s4,2.0,q4_a0.8_and,70522,3.799999999999997,3.799999999999997,1.3650000000000027,1.3650000000000027,1.5847385304390145,1.5847385304390145,0,0.0,,42732
rate0.5_s4,2.0,q4_a0.8_and,70523,5.0,5.0,1.3600000000000037,1.3600000000000037,1.6494510002476759,1.6494510002476759,0,0.0,,42770
rate0.5_s4,2.0,q4_a0.8_and,70524,5.799999999999997,5.799999999999997,1.500000000000042,1.500000000000042,1.5676082137058267,1.5676082137058267,0,0.0,,43317
rate0.5_s4,2.0,q4_a0.8_and,70525,5.0,5.0,1.4749999999999759,1.4749999999999759,1.6203033415502464,1.6203033415502464,0,0.0,,43163
rate0.5_s4,2.0,q4_a0.8_and,70526,3.799999999999997,3.799999999999997,1.2799999999999456,1.2799999999999456,1.5410601367113335,1.5410601367113335,0,0.0,,42962
rate0.5_s4,2.0,q4_a0.8_and,70527,3.4000000000002046,3.4000000000002046,1.2000000000000313,1.2000000000000313,1.5297649978789825,1.5297649978789825,0,0.0,,42955
rate0.5_s4,2.0,q4_a0.8_and,70528,3.8000000000000114,3.8000000000000114,1.380000000000006,1.380000000000006,1.7607012834925702,1.7607012834925702,0,0.0,,43504
rate0.5_s4,2.0,q4_a0.8_and,70529,3.6000000000000227,3.6000000000000227,1.4200000000000153,1.4200000000000153,1.7910300527353709,1.7910300527353709,0,0.0,,43115
rate0.5_s4,2.0,q4_a1.5_or,70500,5.800000000000011,5.800000000000011,1.4600000000000115,1.4600000000000115,1.528129423247223,1.528129423247223,0,0.0,,42838
rate0.5_s4,2.0,q4_a1.5_or,70501,3.7999999999999545,3.7999999999999545,1.1950000000000003,1.1950000000000003,1.5006400465549543,1.5006400465549543,0,0.0,,42979
rate0.5_s4,2.0,q4_a1.5_or,70502,5.2000000000000455,5.2000000000000455,1.5350000000000463,1.5350000000000463,1.5173013866571452,1.5173013866571452,0,0.0,,42381
rate0.5_s4,2.0,q4_a1.5_or,70503,5.0,5.0,1.4850000000000527,1.4850000000000527,1.7131686596488342,1.7131686596488342,0,0.0,,42464
rate0.5_s4,2.0,q4_a1.5_or,70504,5.800000000000011,5.800000000000011,1.5950000000000017,1.5950000000000017,1.660941465158175,1.660941465158175,0,0.0,,42384
rate0.5_s4,2.0,q4_a1.5_or,70505,3.8000000000000114,3.8000000000000114,1.3450000000000089,1.3450000000000089,1.578793776804569,1.578793776804569,0,0.0,,43444
rate0.5_s4,2.0,q4_a1.5_or,70506,3.8000000000000114,3.8000000000000114,1.37000000000005,1.37000000000005,1.5352474877564908,1.5352474877564908,0,0.0,,43091
rate0.5_s4,2.0,q4_a1.5_or,70507,3.8000000000000114,3.8000000000000114,1.3449999999999847,1.3449999999999847,1.5520911240226345,1.5520911240226345,0,0.0,,42467
rate0.5_s4,2.0,q4_a1.5_or,70508,3.8000000000000114,3.8000000000000114,1.4900000000000326,1.4900000000000326,1.614803616122154,1.614803616122154,0,0.0,,42806
rate0.5_s4,2.0,q4_a1.5_or,70509,5.799999999999997,5.799999999999997,1.5400000000000318,1.5400000000000318,1.46763594486012,1.46763594486012,0,0.0,,43268
rate0.5_s4,2.0,q4_a1.5_or,70510,3.8000000000002956,3.8000000000002956,1.3600000000000307,1.3600000000000307,1.437316882278462,1.437316882278462,0,0.0,,43382
rate0.5_s4,2.0,q4_a1.5_or,70511,5.199999999999818,5.199999999999818,1.5050000000000314,1.5050000000000314,1.6252766350401315,1.6252766350401315,0,0.0,,44054
rate0.5_s4,2.0,q4_a1.5_or,70512,4.800000000000125,4.800000000000125,1.3500000000000216,1.3500000000000216,1.5276320563761563,1.5276320563761563,0,0.0,,43518
rate0.5_s4,2.0,q4_a1.5_or,70513,3.2000000000001023,3.2000000000001023,1.2249999999999974,1.2249999999999974,1.5445091441189103,1.5445091441189103,0,0.0,,43241
rate0.5_s4,2.0,q4_a1.5_or,70514,5.0,5.0,1.3800000000000168,1.3800000000000168,1.6801228226882228,1.6801228226882228,0,0.0,,43713
rate0.5_s4,2.0,q4_a1.5_or,70515,5.0,5.0,1.4200000000000415,1.4200000000000415,1.627607757214563,1.627607757214563,0,0.0,,43582
rate0.5_s4,2.0,q4_a1.5_or,70516,3.799999999999997,3.799999999999997,1.260000000000015,1.260000000000015,1.5500610973848417,1.5500610973848417,0,0.0,,43278
rate0.5_s4,2.0,q4_a1.5_or,70517,3.8000000000000114,3.8000000000000114,1.5399999999999963,1.5399999999999963,1.6301474713342745,1.6301474713342745,0,0.0,,44120
rate0.5_s4,2.0,q4_a1.5_or,70518,3.799999999999997,3.799999999999997,1.3699999999999755,1.3699999999999755,1.6400693183139399,1.6400693183139399,0,0.0,,43030
rate0.5_s4,2.0,q4_a1.5_or,70519,2.7999999999999545,2.7999999999999545,1.1350000000000111,1.1350000000000111,1.610415335716742,1.610415335716742,0,0.0,,41960
rate0.5_s4,2.0,q4_a1.5_or,70520,4.800000000000125,4.800000000000125,1.439999999999999,1.439999999999999,1.513523376659807,1.513523376659807,0,0.0,,43633
rate0.5_s4,2.0,q4_a1.5_or,70521,3.800000000000182,3.800000000000182,1.4349999999999745,1.4349999999999745,1.7775754941629895,1.7775754941629895,0,0.0,,43196
rate0.5_s4,2.0,q4_a1.5_or,70522,3.799999999999997,3.799999999999997,1.3650000000000027,1.3650000000000027,1.5847385304390145,1.5847385304390145,0,0.0,,42732
rate0.5_s4,2.0,q4_a1.5_or,70523,5.0,5.0,1.3600000000000037,1.3600000000000037,1.6494510002476759,1.6494510002476759,0,0.0,,42770
rate0.5_s4,2.0,q4_a1.5_or,70524,5.799999999999997,5.799999999999997,1.500000000000042,1.500000000000042,1.5676082137058267,1.5676082137058267,0,0.0,,43317
rate0.5_s4,2.0,q4_a1.5_or,70525,5.0,5.0,1.4749999999999759,1.4749999999999759,1.6203033415502464,1.6203033415502464,0,0.0,,43163
rate0.5_s4,2.0,q4_a1.5_or,70526,3.799999999999997,3.799999999999997,1.2799999999999456,1.2799999999999456,1.5410601367113335,1.5410601367113335,0,0.0,,42962
rate0.5_s4,2.0,q4_a1.5_or,70527,3.4000000000002046,3.4000000000002046,1.2000000000000313,1.2000000000000313,1.5297649978789825,1.5297649978789825,0,0.0,,42955
rate0.5_s4,2.0,q4_a1.5_or,70528,3.8000000000000114,3.8000000000000114,1.380000000000006,1.380000000000006,1.7607012834925702,1.7607012834925702,0,0.0,,43504
rate0.5_s4,2.0,q4_a1.5_or,70529,3.6000000000000227,3.6000000000000227,1.4200000000000153,1.4200000000000153,1.7910300527353709,1.7910300527353709,0,0.0,,43115
rate0.5_s4,2.0,q4_a1.5_and,70500,5.800000000000011,5.800000000000011,1.4600000000000115,1.4600000000000115,1.528129423247223,1.528129423247223,0,0.0,,42838
rate0.5_s4,2.0,q4_a1.5_and,70501,3.7999999999999545,3.7999999999999545,1.1950000000000003,1.1950000000000003,1.5006400465549543,1.5006400465549543,0,0.0,,42979
rate0.5_s4,2.0,q4_a1.5_and,70502,5.2000000000000455,5.2000000000000455,1.5350000000000463,1.5350000000000463,1.5173013866571452,1.5173013866571452,0,0.0,,42381
rate0.5_s4,2.0,q4_a1.5_and,70503,5.0,5.0,1.4850000000000527,1.4850000000000527,1.7131686596488342,1.7131686596488342,0,0.0,,42464
rate0.5_s4,2.0,q4_a1.5_and,70504,5.800000000000011,5.800000000000011,1.5950000000000017,1.5950000000000017,1.660941465158175,1.660941465158175,0,0.0,,42384
rate0.5_s4,2.0,q4_a1.5_and,70505,3.8000000000000114,3.8000000000000114,1.3450000000000089,1.3450000000000089,1.578793776804569,1.578793776804569,0,0.0,,43444
rate0.5_s4,2.0,q4_a1.5_and,70506,3.8000000000000114,3.8000000000000114,1.37000000000005,1.37000000000005,1.5352474877564908,1.5352474877564908,0,0.0,,43091
rate0.5_s4,2.0,q4_a1.5_and,70507,3.8000000000000114,3.8000000000000114,1.3449999999999847,1.3449999999999847,1.5520911240226345,1.5520911240226345,0,0.0,,42467
rate0.5_s4,2.0,q4_a1.5_and,70508,3.8000000000000114,3.8000000000000114,1.4900000000000326,1.4900000000000326,1.614803616122154,1.614803616122154,0,0.0,,42806
rate0.5_s4,2.0,q4_a1.5_and,70509,5.799999999999997,5.799999999999997,1.5400000000000318,1.5400000000000318,1.46763594486012,1.46763594486012,0,0.0,,43268
rate0.5_s4,2.0,q4_a1.5_and,70510,3.8000000000002956,3.8000000000002956,1.3600000000000307,1.3600000000000307,1.437316882278462,1.437316882278462,0,0.0,,43382
rate0.5_s4,2.0,q4_a1.5_and,70511,5.199999999999818,5.199999999999818,1.5050000000000314,1.5050000000000314,1.6252766350401315,1.6252766350401315,0,0.0,,44054
rate0.5_s4,2.0,q4_a1.5_and,70512,4.800000000000125,4.800000000000125,1.3500000000000216,1.3500000000000216,1.5276320563761563,1.5276320563761563,0,0.0,,43518
rate0.5_s4,2.0,q4_a1.5_and,70513,3.2000000000001023,3.2000000000001023,1.2249999999999974,1.2249999999999974,1.5445091441189103,1.5445091441189103,0,0.0,,43241
rate0.5_s4,2.0,q4_a1.5_and,70514,5.0,5.0,1.3800000000000168,1.3800000000000168,1.6801228226882228,1.6801228226882228,0,0.0,,43713
rate0.5_s4,2.0,q4_a1.5_and,70515,5.0,5.0,1.4200000000000415,1.4200000000000415,1.627607757214563,1.627607757214563,0,0.0,,43582
rate0.5_s4,2.0,q4_a1.5_and,70516,3.799999999999997,3.799999999999997,1.260000000000015,1.260000000000015,1.5500610973848417,1.5500610973848417,0,0.0,,43278
rate0.5_s4,2.0,q4_a1.5_and,70517,3.8000000000000114,3.8000000000000114,1.5399999999999963,1.5399999999999963,1.6301474713342745,1.6301474713342745,0,0.0,,44120
rate0.5_s4,2.0,q4_a1.5_and,70518,3.799999999999997,3.799999999999997,1.3699999999999755,1.3699999999999755,1.6400693183139399,1.6400693183139399,0,0.0,,43030
rate0.5_s4,2.0,q4_a1.5_and,70519,2.7999999999999545,2.7999999999999545,1.1350000000000111,1.1350000000000111,1.610415335716742,1.610415335716742,0,0.0,,41960
rate0.5_s4,2.0,q4_a1.5_and,70520,4.800000000000125,4.800000000000125,1.439999999999999,1.439999999999999,1.513523376659807,1.513523376659807,0,0.0,,43633
rate0.5_s4,2.0,q4_a1.5_and,70521,3.800000000000182,3.800000000000182,1.4349999999999745,1.4349999999999745,1.7775754941629895,1.7775754941629895,0,0.0,,43196
rate0.5_s4,2.0,q4_a1.5_and,70522,3.799999999999997,3.799999999999997,1.3650000000000027,1.3650000000000027,1.5847385304390145,1.5847385304390145,0,0.0,,42732
rate0.5_s4,2.0,q4_a1.5_and,70523,5.0,5.0,1.3600000000000037,1.3600000000000037,1.6494510002476759,1.6494510002476759,0,0.0,,42770
rate0.5_s4,2.0,q4_a1.5_and,70524,5.799999999999997,5.799999999999997,1.500000000000042,1.500000000000042,1.5676082137058267,1.5676082137058267,0,0.0,,43317
rate0.5_s4,2.0,q4_a1.5_and,70525,5.0,5.0,1.4749999999999759,1.4749999999999759,1.6203033415502464,1.6203033415502464,0,0.0,,43163
rate0.5_s4,2.0,q4_a1.5_and,70526,3.799999999999997,3.799999999999997,1.2799999999999456,1.2799999999999456,1.5410601367113335,1.5410601367113335,0,0.0,,42962
rate0.5_s4,2.0,q4_a1.5_and,70527,3.4000000000002046,3.4000000000002046,1.2000000000000313,1.2000000000000313,1.5297649978789825,1.5297649978789825,0,0.0,,42955
rate0.5_s4,2.0,q4_a1.5_and,70528,3.8000000000000114,3.8000000000000114,1.380000000000006,1.380000000000006,1.7607012834925702,1.7607012834925702,0,0.0,,43504
rate0.5_s4,2.0,q4_a1.5_and,70529,3.6000000000000227,3.6000000000000227,1.4200000000000153,1.4200000000000153,1.7910300527353709,1.7910300527353709,0,0.0,,43115
rate0.5_s4,2.0,q8_a0.8_or,70500,5.800000000000011,5.800000000000011,1.4600000000000115,1.4600000000000115,1.528129423247223,1.528129423247223,0,0.0,,42838
rate0.5_s4,2.0,q8_a0.8_or,70501,3.7999999999999545,3.7999999999999545,1.1950000000000003,1.1950000000000003,1.5006400465549543,1.5006400465549543,0,0.0,,42979
rate0.5_s4,2.0,q8_a0.8_or,70502,5.2000000000000455,5.2000000000000455,1.5350000000000463,1.5350000000000463,1.5173013866571452,1.5173013866571452,0,0.0,,42381
rate0.5_s4,2.0,q8_a0.8_or,70503,5.0,5.0,1.4850000000000527,1.4850000000000527,1.7131686596488342,1.7131686596488342,0,0.0,,42464
rate0.5_s4,2.0,q8_a0.8_or,70504,5.800000000000011,5.800000000000011,1.5950000000000017,1.5950000000000017,1.660941465158175,1.660941465158175,0,0.0,,42384
rate0.5_s4,2.0,q8_a0.8_or,70505,3.8000000000000114,3.8000000000000114,1.3450000000000089,1.3450000000000089,1.578793776804569,1.578793776804569,0,0.0,,43444
rate0.5_s4,2.0,q8_a0.8_or,70506,3.8000000000000114,3.8000000000000114,1.37000000000005,1.37000000000005,1.5352474877564908,1.5352474877564908,0,0.0,,43091
rate0.5_s4,2.0,q8_a0.8_or,70507,3.8000000000000114,3.8000000000000114,1.3449999999999847,1.3449999999999847,1.5520911240226345,1.5520911240226345,0,0.0,,42467
rate0.5_s4,2.0,q8_a0.8_or,70508,3.8000000000000114,3.8000000000000114,1.4900000000000326,1.4900000000000326,1.614803616122154,1.614803616122154,0,0.0,,42806
rate0.5_s4,2.0,q8_a0.8_or,70509,5.799999999999997,5.799999999999997,1.5400000000000318,1.5400000000000318,1.46763594486012,1.46763594486012,0,0.0,,43268
rate0.5_s4,2.0,q8_a0.8_or,70510,3.8000000000002956,3.8000000000002956,1.3600000000000307,1.3600000000000307,1.437316882278462,1.437316882278462,0,0.0,,43382
rate0.5_s4,2.0,q8_a0.8_or,70511,5.199999999999818,5.199999999999818,1.5050000000000314,1.5050000000000314,1.6252766350401315,1.6252766350401315,0,0.0,,44054
rate0.5_s4,2.0,q8_a0.8_or,70512,4.800000000000125,4.800000000000125,1.3500000000000216,1.3500000000000216,1.5276320563761563,1.5276320563761563,0,0.0,,43518
rate0.5_s4,2.0,q8_a0.8_or,70513,3.2000000000001023,3.2000000000001023,1.2249999999999974,1.2249999999999974,1.5445091441189103,1.5445091441189103,0,0.0,,43241
rate0.5_s4,2.0,q8_a0.8_or,70514,5.0,5.0,1.3800000000000168,1.3800000000000168,1.6801228226882228,1.6801228226882228,0,0.0,,43713
rate0.5_s4,2.0,q8_a0.8_or,70515,5.0,5.0,1.4200000000000415,1.4200000000000415,1.627607757214563,1.627607757214563,0,0.0,,43582
rate0.5_s4,2.0,q8_a0.8_or,70516,3.799999999999997,3.799999999999997,1.260000000000015,1.260000000000015,1.5500610973848417,1.5500610973848417,0,0.0,,43278
rate0.5_s4,2.0,q8_a0.8_or,70517,3.8000000000000114,3.8000000000000114,1.5399999999999963,1.5399999999999963,1.6301474713342745,1.6301474713342745,0,0.0,,44120
rate0.5_s4,2.0,q8_a0.8_or,70518,3.799999999999997,3.799999999999997,1.3699999999999755,1.3699999999999755,1.6400693183139399,1.6400693183139399,0,0.0,,43030
rate0.5_s4,2.0,q8_a0.8_or,70519,2.7999999999999545,2.7999999999999545,1.1350000000000111,1.1350000000000111,1.610415335716742,1.610415335716742,0,0.0,,41960
rate0.5_s4,2.0,q8_a0.8_or,70520,4.800000000000125,4.800000000000125,1.439999999999999,1.439999999999999,1.513523376659807,1.513523376659807,0,0.0,,43633
rate0.5_s4,2.0,q8_a0.8_or,70521,3.800000000000182,3.800000000000182,1.4349999999999745,1.4349999999999745,1.7775754941629895,1.7775754941629895,0,0.0,,43196
rate0.5_s4,2.0,q8_a0.8_or,70522,3.799999999999997,3.799999999999997,1.3650000000000027,1.3650000000000027,1.5847385304390145,1.5847385304390145,0,0.0,,42732
rate0.5_s4,2.0,q8_a0.8_or,70523,5.0,5.0,1.3600000000000037,1.3600000000000037,1.6494510002476759,1.6494510002476759,0,0.0,,42770
rate0.5_s4,2.0,q8_a0.8_or,70524,5.799999999999997,5.799999999999997,1.500000000000042,1.500000000000042,1.5676082137058267,1.5676082137058267,0,0.0,,43317
rate0.5_s4,2.0,q8_a0.8_or,70525,5.0,5.0,1.4749999999999759,1.4749999999999759,1.6203033415502464,1.6203033415502464,0,0.0,,43163
rate0.5_s4,2.0,q8_a0.8_or,70526,3.799999999999997,3.799999999999997,1.2799999999999456,1.2799999999999456,1.5410601367113335,1.5410601367113335,0,0.0,,42962
rate0.5_s4,2.0,q8_a0.8_or,70527,3.4000000000002046,3.4000000000002046,1.2000000000000313,1.2000000000000313,1.5297649978789825,1.5297649978789825,0,0.0,,42955
rate0.5_s4,2.0,q8_a0.8_or,70528,3.8000000000000114,3.8000000000000114,1.380000000000006,1.380000000000006,1.7607012834925702,1.7607012834925702,0,0.0,,43504
rate0.5_s4,2.0,q8_a0.8_or,70529,3.6000000000000227,3.6000000000000227,1.4200000000000153,1.4200000000000153,1.7910300527353709,1.7910300527353709,0,0.0,,43115
rate0.5_s4,2.0,q8_a0.8_and,70500,5.800000000000011,5.800000000000011,1.4600000000000115,1.4600000000000115,1.528129423247223,1.528129423247223,0,0.0,,42838
rate0.5_s4,2.0,q8_a0.8_and,70501,3.7999999999999545,3.7999999999999545,1.1950000000000003,1.1950000000000003,1.5006400465549543,1.5006400465549543,0,0.0,,42979
rate0.5_s4,2.0,q8_a0.8_and,70502,5.2000000000000455,5.2000000000000455,1.5350000000000463,1.5350000000000463,1.5173013866571452,1.5173013866571452,0,0.0,,42381
rate0.5_s4,2.0,q8_a0.8_and,70503,5.0,5.0,1.4850000000000527,1.4850000000000527,1.7131686596488342,1.7131686596488342,0,0.0,,42464
rate0.5_s4,2.0,q8_a0.8_and,70504,5.800000000000011,5.800000000000011,1.5950000000000017,1.5950000000000017,1.660941465158175,1.660941465158175,0,0.0,,42384
rate0.5_s4,2.0,q8_a0.8_and,70505,3.8000000000000114,3.8000000000000114,1.3450000000000089,1.3450000000000089,1.578793776804569,1.578793776804569,0,0.0,,43444
rate0.5_s4,2.0,q8_a0.8_and,70506,3.8000000000000114,3.8000000000000114,1.37000000000005,1.37000000000005,1.5352474877564908,1.5352474877564908,0,0.0,,43091
rate0.5_s4,2.0,q8_a0.8_and,70507,3.8000000000000114,3.8000000000000114,1.3449999999999847,1.3449999999999847,1.5520911240226345,1.5520911240226345,0,0.0,,42467
rate0.5_s4,2.0,q8_a0.8_and,70508,3.8000000000000114,3.8000000000000114,1.4900000000000326,1.4900000000000326,1.614803616122154,1.614803616122154,0,0.0,,42806
rate0.5_s4,2.0,q8_a0.8_and,70509,5.799999999999997,5.799999999999997,1.5400000000000318,1.5400000000000318,1.46763594486012,1.46763594486012,0,0.0,,43268
rate0.5_s4,2.0,q8_a0.8_and,70510,3.8000000000002956,3.8000000000002956,1.3600000000000307,1.3600000000000307,1.437316882278462,1.437316882278462,0,0.0,,43382
rate0.5_s4,2.0,q8_a0.8_and,70511,5.199999999999818,5.199999999999818,1.5050000000000314,1.5050000000000314,1.6252766350401315,1.6252766350401315,0,0.0,,44054
rate0.5_s4,2.0,q8_a0.8_and,70512,4.800000000000125,4.800000000000125,1.3500000000000216,1.3500000000000216,1.5276320563761563,1.5276320563761563,0,0.0,,43518
rate0.5_s4,2.0,q8_a0.8_and,70513,3.2000000000001023,3.2000000000001023,1.2249999999999974,1.2249999999999974,1.5445091441189103,1.5445091441189103,0,0.0,,43241
rate0.5_s4,2.0,q8_a0.8_and,70514,5.0,5.0,1.3800000000000168,1.3800000000000168,1.6801228226882228,1.6801228226882228,0,0.0,,43713
rate0.5_s4,2.0,q8_a0.8_and,70515,5.0,5.0,1.4200000000000415,1.4200000000000415,1.627607757214563,1.627607757214563,0,0.0,,43582
rate0.5_s4,2.0,q8_a0.8_and,70516,3.799999999999997,3.799999999999997,1.260000000000015,1.260000000000015,1.5500610973848417,1.5500610973848417,0,0.0,,43278
rate0.5_s4,2.0,q8_a0.8_and,70517,3.8000000000000114,3.8000000000000114,1.5399999999999963,1.5399999999999963,1.6301474713342745,1.6301474713342745,0,0.0,,44120
rate0.5_s4,2.0,q8_a0.8_and,70518,3.799999999999997,3.799999999999997,1.3699999999999755,1.3699999999999755,1.6400693183139399,1.6400693183139399,0,0.0,,43030
rate0.5_s4,2.0,q8_a0.8_and,70519,2.7999999999999545,2.7999999999999545,1.1350000000000111,1.1350000000000111,1.610415335716742,1.610415335716742,0,0.0,,41960
rate0.5_s4,2.0,q8_a0.8_and,70520,4.800000000000125,4.800000000000125,1.439999999999999,1.439999999999999,1.513523376659807,1.513523376659807,0,0.0,,43633
rate0.5_s4,2.0,q8_a0.8_and,70521,3.800000000000182,3.800000000000182,1.4349999999999745,1.4349999999999745,1.7775754941629895,1.7775754941629895,0,0.0,,43196
rate0.5_s4,2.0,q8_a0.8_and,70522,3.799999999999997,3.799999999999997,1.3650000000000027,1.3650000000000027,1.5847385304390145,1.5847385304390145,0,0.0,,42732
rate0.5_s4,2.0,q8_a0.8_and,70523,5.0,5.0,1.3600000000000037,1.3600000000000037,1.6494510002476759,1.6494510002476759,0,0.0,,42770
rate0.5_s4,2.0,q8_a0.8_and,70524,5.799999999999997,5.799999999999997,1.500000000000042,1.500000000000042,1.5676082137058267,1.5676082137058267,0,0.0,,43317
rate0.5_s4,2.0,q8_a0.8_and,70525,5.0,5.0,1.4749999999999759,1.4749999999999759,1.6203033415502464,1.6203033415502464,0,0.0,,43163
rate0.5_s4,2.0,q8_a0.8_and,70526,3.799999999999997,3.799999999999997,1.2799999999999456,1.2799999999999456,1.5410601367113335,1.5410601367113335,0,0.0,,42962
rate0.5_s4,2.0,q8_a0.8_and,70527,3.4000000000002046,3.4000000000002046,1.2000000000000313,1.2000000000000313,1.5297649978789825,1.5297649978789825,0,0.0,,42955
rate0.5_s4,2.0,q8_a0.8_and,70528,3.8000000000000114,3.8000000000000114,1.380000000000006,1.380000000000006,1.7607012834925702,1.7607012834925702,0,0.0,,43504
rate0.5_s4,2.0,q8_a0.8_and,70529,3.6000000000000227,3.6000000000000227,1.4200000000000153,1.4200000000000153,1.7910300527353709,1.7910300527353709,0,0.0,,43115
rate0.5_s4,2.0,q8_a1.5_or,70500,5.800000000000011,5.800000000000011,1.4600000000000115,1.4600000000000115,1.528129423247223,1.528129423247223,0,0.0,,42838
rate0.5_s4,2.0,q8_a1.5_or,70501,3.7999999999999545,3.7999999999999545,1.1950000000000003,1.1950000000000003,1.5006400465549543,1.5006400465549543,0,0.0,,42979
rate0.5_s4,2.0,q8_a1.5_or,70502,5.2000000000000455,5.2000000000000455,1.5350000000000463,1.5350000000000463,1.5173013866571452,1.5173013866571452,0,0.0,,42381
rate0.5_s4,2.0,q8_a1.5_or,70503,5.0,5.0,1.4850000000000527,1.4850000000000527,1.7131686596488342,1.7131686596488342,0,0.0,,42464
rate0.5_s4,2.0,q8_a1.5_or,70504,5.800000000000011,5.800000000000011,1.5950000000000017,1.5950000000000017,1.660941465158175,1.660941465158175,0,0.0,,42384
rate0.5_s4,2.0,q8_a1.5_or,70505,3.8000000000000114,3.8000000000000114,1.3450000000000089,1.3450000000000089,1.578793776804569,1.578793776804569,0,0.0,,43444
rate0.5_s4,2.0,q8_a1.5_or,70506,3.8000000000000114,3.8000000000000114,1.37000000000005,1.37000000000005,1.5352474877564908,1.5352474877564908,0,0.0,,43091
rate0.5_s4,2.0,q8_a1.5_or,70507,3.8000000000000114,3.8000000000000114,1.3449999999999847,1.3449999999999847,1.5520911240226345,1.5520911240226345,0,0.0,,42467
rate0.5_s4,2.0,q8_a1.5_or,70508,3.8000000000000114,3.8000000000000114,1.4900000000000326,1.4900000000000326,1.614803616122154,1.614803616122154,0,0.0,,42806
rate0.5_s4,2.0,q8_a1.5_or,70509,5.799999999999997,5.799999999999997,1.5400000000000318,1.5400000000000318,1.46763594486012,1.46763594486012,0,0.0,,43268
rate0.5_s4,2.0,q8_a1.5_or,70510,3.8000000000002956,3.8000000000002956,1.3600000000000307,1.3600000000000307,1.437316882278462,1.437316882278462,0,0.0,,43382
rate0.5_s4,2.0,q8_a1.5_or,70511,5.199999999999818,5.199999999999818,1.5050000000000314,1.5050000000000314,1.6252766350401315,1.6252766350401315,0,0.0,,44054
rate0.5_s4,2.0,q8_a1.5_or,70512,4.800000000000125,4.800000000000125,1.3500000000000216,1.3500000000000216,1.5276320563761563,1.5276320563761563,0,0.0,,43518
rate0.5_s4,2.0,q8_a1.5_or,70513,3.2000000000001023,3.2000000000001023,1.2249999999999974,1.2249999999999974,1.5445091441189103,1.5445091441189103,0,0.0,,43241
rate0.5_s4,2.0,q8_a1.5_or,70514,5.0,5.0,1.3800000000000168,1.3800000000000168,1.6801228226882228,1.6801228226882228,0,0.0,,43713
rate0.5_s4,2.0,q8_a1.5_or,70515,5.0,5.0,1.4200000000000415,1.4200000000000415,1.627607757214563,1.627607757214563,0,0.0,,43582
rate0.5_s4,2.0,q8_a1.5_or,70516,3.799999999999997,3.799999999999997,1.260000000000015,1.260000000000015,1.5500610973848417,1.5500610973848417,0,0.0,,43278
rate0.5_s4,2.0,q8_a1.5_or,70517,3.8000000000000114,3.8000000000000114,1.5399999999999963,1.5399999999999963,1.6301474713342745,1.6301474713342745,0,0.0,,44120
rate0.5_s4,2.0,q8_a1.5_or,70518,3.799999999999997,3.799999999999997,1.3699999999999755,1.3699999999999755,1.6400693183139399,1.6400693183139399,0,0.0,,43030
rate0.5_s4,2.0,q8_a1.5_or,70519,2.7999999999999545,2.7999999999999545,1.1350000000000111,1.1350000000000111,1.610415335716742,1.610415335716742,0,0.0,,41960
rate0.5_s4,2.0,q8_a1.5_or,70520,4.800000000000125,4.800000000000125,1.439999999999999,1.439999999999999,1.513523376659807,1.513523376659807,0,0.0,,43633
rate0.5_s4,2.0,q8_a1.5_or,70521,3.800000000000182,3.800000000000182,1.4349999999999745,1.4349999999999745,1.7775754941629895,1.7775754941629895,0,0.0,,43196
rate0.5_s4,2.0,q8_a1.5_or,70522,3.799999999999997,3.799999999999997,1.3650000000000027,1.3650000000000027,1.5847385304390145,1.5847385304390145,0,0.0,,42732
rate0.5_s4,2.0,q8_a1.5_or,70523,5.0,5.0,1.3600000000000037,1.3600000000000037,1.6494510002476759,1.6494510002476759,0,0.0,,42770
rate0.5_s4,2.0,q8_a1.5_or,70524,5.799999999999997,5.799999999999997,1.500000000000042,1.500000000000042,1.5676082137058267,1.5676082137058267,0,0.0,,43317
rate0.5_s4,2.0,q8_a1.5_or,70525,5.0,5.0,1.4749999999999759,1.4749999999999759,1.6203033415502464,1.6203033415502464,0,0.0,,43163
rate0.5_s4,2.0,q8_a1.5_or,70526,3.799999999999997,3.799999999999997,1.2799999999999456,1.2799999999999456,1.5410601367113335,1.5410601367113335,0,0.0,,42962
rate0.5_s4,2.0,q8_a1.5_or,70527,3.4000000000002046,3.4000000000002046,1.2000000000000313,1.2000000000000313,1.5297649978789825,1.5297649978789825,0,0.0,,42955
rate0.5_s4,2.0,q8_a1.5_or,70528,3.8000000000000114,3.8000000000000114,1.380000000000006,1.380000000000006,1.7607012834925702,1.7607012834925702,0,0.0,,43504
rate0.5_s4,2.0,q8_a1.5_or,70529,3.6000000000000227,3.6000000000000227,1.4200000000000153,1.4200000000000153,1.7910300527353709,1.7910300527353709,0,0.0,,43115
rate0.5_s4,2.0,q8_a1.5_and,70500,5.800000000000011,5.800000000000011,1.4600000000000115,1.4600000000000115,1.528129423247223,1.528129423247223,0,0.0,,42838
rate0.5_s4,2.0,q8_a1.5_and,70501,3.7999999999999545,3.7999999999999545,1.1950000000000003,1.1950000000000003,1.5006400465549543,1.5006400465549543,0,0.0,,42979
rate0.5_s4,2.0,q8_a1.5_and,70502,5.2000000000000455,5.2000000000000455,1.5350000000000463,1.5350000000000463,1.5173013866571452,1.5173013866571452,0,0.0,,42381
rate0.5_s4,2.0,q8_a1.5_and,70503,5.0,5.0,1.4850000000000527,1.4850000000000527,1.7131686596488342,1.7131686596488342,0,0.0,,42464
rate0.5_s4,2.0,q8_a1.5_and,70504,5.800000000000011,5.800000000000011,1.5950000000000017,1.5950000000000017,1.660941465158175,1.660941465158175,0,0.0,,42384
rate0.5_s4,2.0,q8_a1.5_and,70505,3.8000000000000114,3.8000000000000114,1.3450000000000089,1.3450000000000089,1.578793776804569,1.578793776804569,0,0.0,,43444
rate0.5_s4,2.0,q8_a1.5_and,70506,3.8000000000000114,3.8000000000000114,1.37000000000005,1.37000000000005,1.5352474877564908,1.5352474877564908,0,0.0,,43091
rate0.5_s4,2.0,q8_a1.5_and,70507,3.8000000000000114,3.8000000000000114,1.3449999999999847,1.3449999999999847,1.5520911240226345,1.5520911240226345,0,0.0,,42467
rate0.5_s4,2.0,q8_a1.5_and,70508,3.8000000000000114,3.8000000000000114,1.4900000000000326,1.4900000000000326,1.614803616122154,1.614803616122154,0,0.0,,42806
rate0.5_s4,2.0,q8_a1.5_and,70509,5.799999999999997,5.799999999999997,1.5400000000000318,1.5400000000000318,1.46763594486012,1.46763594486012,0,0.0,,43268
rate0.5_s4,2.0,q8_a1.5_and,70510,3.8000000000002956,3.8000000000002956,1.3600000000000307,1.3600000000000307,1.437316882278462,1.437316882278462,0,0.0,,43382
rate0.5_s4,2.0,q8_a1.5_and,70511,5.199999999999818,5.199999999999818,1.5050000000000314,1.5050000000000314,1.6252766350401315,1.6252766350401315,0,0.0,,44054
rate0.5_s4,2.0,q8_a1.5_and,70512,4.800000000000125,4.800000000000125,1.3500000000000216,1.3500000000000216,1.5276320563761563,1.5276320563761563,0,0.0,,43518
rate0.5_s4,2.0,q8_a1.5_and,70513,3.2000000000001023,3.2000000000001023,1.2249999999999974,1.2249999999999974,1.5445091441189103,1.5445091441189103,0,0.0,,43241
rate0.5_s4,2.0,q8_a1.5_and,70514,5.0,5.0,1.3800000000000168,1.3800000000000168,1.6801228226882228,1.6801228226882228,0,0.0,,43713
rate0.5_s4,2.0,q8_a1.5_and,70515,5.0,5.0,1.4200000000000415,1.4200000000000415,1.627607757214563,1.627607757214563,0,0.0,,43582
rate0.5_s4,2.0,q8_a1.5_and,70516,3.799999999999997,3.799999999999997,1.260000000000015,1.260000000000015,1.5500610973848417,1.5500610973848417,0,0.0,,43278
rate0.5_s4,2.0,q8_a1.5_and,70517,3.8000000000000114,3.8000000000000114,1.5399999999999963,1.5399999999999963,1.6301474713342745,1.6301474713342745,0,0.0,,44120
rate0.5_s4,2.0,q8_a1.5_and,70518,3.799999999999997,3.799999999999997,1.3699999999999755,1.3699999999999755,1.6400693183139399,1.6400693183139399,0,0.0,,43030
rate0.5_s4,2.0,q8_a1.5_and,70519,2.7999999999999545,2.7999999999999545,1.1350000000000111,1.1350000000000111,1.610415335716742,1.610415335716742,0,0.0,,41960
rate0.5_s4,2.0,q8_a1.5_and,70520,4.800000000000125,4.800000000000125,1.439999999999999,1.439999999999999,1.513523376659807,1.513523376659807,0,0.0,,43633
rate0.5_s4,2.0,q8_a1.5_and,70521,3.800000000000182,3.800000000000182,1.4349999999999745,1.4349999999999745,1.7775754941629895,1.7775754941629895,0,0.0,,43196
rate0.5_s4,2.0,q8_a1.5_and,70522,3.799999999999997,3.799999999999997,1.3650000000000027,1.3650000000000027,1.5847385304390145,1.5847385304390145,0,0.0,,42732
rate0.5_s4,2.0,q8_a1.5_and,70523,5.0,5.0,1.3600000000000037,1.3600000000000037,1.6494510002476759,1.6494510002476759,0,0.0,,42770
rate0.5_s4,2.0,q8_a1.5_and,70524,5.799999999999997,5.799999999999997,1.500000000000042,1.500000000000042,1.5676082137058267,1.5676082137058267,0,0.0,,43317
rate0.5_s4,2.0,q8_a1.5_and,70525,5.0,5.0,1.4749999999999759,1.4749999999999759,1.6203033415502464,1.6203033415502464,0,0.0,,43163
rate0.5_s4,2.0,q8_a1.5_and,70526,3.799999999999997,3.799999999999997,1.2799999999999456,1.2799999999999456,1.5410601367113335,1.5410601367113335,0,0.0,,42962
rate0.5_s4,2.0,q8_a1.5_and,70527,3.4000000000002046,3.4000000000002046,1.2000000000000313,1.2000000000000313,1.5297649978789825,1.5297649978789825,0,0.0,,42955
rate0.5_s4,2.0,q8_a1.5_and,70528,3.8000000000000114,3.8000000000000114,1.380000000000006,1.380000000000006,1.7607012834925702,1.7607012834925702,0,0.0,,43504
rate0.5_s4,2.0,q8_a1.5_and,70529,3.6000000000000227,3.6000000000000227,1.4200000000000153,1.4200000000000153,1.7910300527353709,1.7910300527353709,0,0.0,,43115
