workload,penalty,config,seed,baseline_p95_wait,burst_aware_p95_wait,baseline_avg_wait,burst_aware_avg_wait,baseline_avg_slowdown,burst_aware_avg_slowdown,detector_fires,recall,precision,sched_cores_scanned
rate0.5_s12,0.0,q2_a0.8_or,70600,7.200000000000159,5.199999999999989,2.559999999999972,1.8933333333332703,1.5951962774911126,1.4809324047879213,27,1.0,1.0,54285
rate0.5_s12,0.0,q2_a0.8_or,70601,5.800000000000011,5.200000000000216,2.0866666666665887,1.9616666666666969,1.4683880482431972,1.4652021773962478,28,1.0,1.0,53828
rate0.5_s12,0.0,q2_a0.8_or,70602,5.800000000000011,4.800000000000182,2.1549999999999843,1.8699999999999342,1.4440892640111853,1.4040453434270537,22,1.0,1.0,53900
rate0.5_s12,0.0,q2_a0.8_or,70603,8.000000000000114,4.800000000000011,2.620000000000031,2.0000000000000053,1.606900947269022,1.4920452405815796,29,1.0,1.0,53937
rate0.5_s12,0.0,q2_a0.8_or,70604,8.199999999999704,4.0,2.5783333333332976,1.8333333333332478,1.5756128729574423,1.510164118258173,28,1.0,1.0,54000
rate0.5_s12,0.0,q2_a0.8_or,70605,7.800000000000182,4.7999999999999545,3.163333333333253,1.916666666666488,1.650483448362452,1.5094926838026441,29,1.0,1.0,54601
rate0.5_s12,0.0,q2_a0.8_or,70606,7.199999999999974,5.2000000000005,2.235000000000002,1.838333333333368,1.4574206927257862,1.466635384633105,22,1.0,1.0,53733
rate0.5_s12,0.0,q2_a0.8_or,70607,8.199999999999989,5.0,2.5266666666666264,1.948333333333324,1.5518085907883523,1.485244559110139,25,1.0,1.0,53424
rate0.5_s12,0.0,q2_a0.8_or,70608,5.600000000000136,5.0,2.2749999999998933,1.856666666666598,1.4901012838958825,1.407974650553473,24,1.0,1.0,54123
rate0.5_s12,0.0,q2_a0.8_or,70609,7.0,5.599999999999966,2.4449999999999745,1.9216666666666327,1.5117532621370964,1.4658211212971783,27,1.0,1.0,53622
rate0.5_s12,0.0,q2_a0.8_or,70610,7.60000000000008,5.199999999999591,2.5233333333333063,1.9733333333333463,1.5249536946832276,1.5052665766858113,25,1.0,1.0,52782
rate0.5_s12,0.0,q2_a0.8_or,70611,8.199999999999989,5.0,2.764999999999955,2.013333333333336,1.637243876314677,1.4748545479200479,25,1.0,1.0,53514
rate0.5_s12,0.0,q2_a0.8_or,70612,5.799999999999386,6.0,2.266666666666586,2.071666666666655,1.4614134588509013,1.5045239622533628,20,1.0,1.0,52831
rate0.5_s12,0.0,q2_a0.8_or,70613,11.0,4.800000000000182,2.963333333333332,2.0333333333333554,1.6590752656427916,1.530723931431473,21,1.0,1.0,54176
rate0.5_s12,0.0,q2_a0.8_or,70614,7.0,4.7999999999995,2.774999999999937,1.7666666666666277,1.6040793695466198,1.4594414469956256,22,1.0,1.0,55907
rate0.5_s12,0.0,q2_a0.8_or,70615,7.0,4.400000000000318,2.5866666666665994,1.878333333333328,1.563962913848802,1.4447578094761335,26,1.0,1.0,55291
rate0.5_s12,0.0,q2_a0.8_or,70616,8.800000000000011,4.999999999999659,2.676666666666614,1.9783333333332336,1.6217371168511694,1.5433322736886477,26,1.0,1.0,53382
rate0.5_s12,0.0,q2_a0.8_or,70617,5.799999999999997,5.0,2.3299999999999637,1.9850000000000434,1.482972502207621,1.4615811236388838,24,1.0,1.0,54303
rate0.5_s12,0.0,q2_a0.8_or,70618,7.0,5.199999999999989,2.1199999999999313,2.048333333333253,1.4818816468526645,1.4889568509870648,21,1.0,1.0,53244
rate0.5_s12,0.0,q2_a0.8_or,70619,7.000000000000028,5.000000000000227,2.6733333333332747,2.0883333333332996,1.543916584531898,1.542294162329172,21,1.0,1.0,53796
rate0.5_s12,0.0,q2_a0.8_or,70620,8.400000000000091,5.800000000000011,2.7833333333333004,1.969999999999925,1.5981967524561966,1.4329566614965938,31,1.0,1.0,54202
rate0.5_s12,0.0,q2_a0.8_or,70621,7.0,5.199999999999989,2.564999999999966,2.0433333333332184,1.5847577623746802,1.4581086005440362,22,1.0,1.0,53809
rate0.5_s12,0.0,q2_a0.8_or,70622,7.60000000000025,4.800000000000182,2.1649999999999068,1.729999999999965,1.4868238669906644,1.467868575697874,21,1.0,1.0,53733
rate0.5_s12,0.0,q2_a0.8_or,70623,5.800000000000466,4.400000000000091,2.2549999999999786,1.8783333333333485,1.5493256756268363,1.4350126468790982,24,1.0,1.0,53609
rate0.5_s12,0.0,q2_a0.8_or,70624,6.399999999999977,4.800000000000296,2.2949999999999338,2.021666666666675,1.5518371612632007,1.4906775889491621,28,1.0,1.0,53992
rate0.5_s12,0.0,q2_a0.8_or,70625,7.0,4.800000000000125,2.6783333333333066,1.950000000000029,1.5832938380635062,1.4124634352259844,26,1.0,1.0,52802
rate0.5_s12,0.0,q2_a0.8_or,70626,6.199999999999932,5.800000000000011,2.1449999999999583,1.9466666666665624,1.5022425217863669,1.4638215362341198,25,1.0,1.0,53928
rate0.5_s12,0.0,q2_a0.8_or,70627,7.000000000000114,5.59999999999998,2.300000000000055,2.1683333333333517,1.5470781049112345,1.4926666967952529,22,1.0,1.0,54082
rate0.5_s12,0.0,q2_a0.8_or,70628,7.0,4.800000000000125,2.5833333333333712,2.066666666666708,1.555592285771269,1.4617614255384945,28,1.0,1.0,54144
rate0.5_s12,0.0,q2_a0.8_or,70629,9.199999999999989,5.599999999999682,2.8383333333332943,1.9133333333332982,1.5694565730214027,1.5471937082214082,24,1.0,1.0,53027
rate0.5_s12,0.0,q2_a0.8_and,70600,7.200000000000159,7.200000000000159,2.559999999999972,2.559999999999972,1.5951962774911126,1.5951962774911126,0,0.0,,52417
rate0.5_s12,0.0,q2_a0.8_and,70601,5.800000000000011,5.800000000000011,2.0866666666665887,2.0866666666665887,1.4683880482431972,1.4683880482431972,0,0.0,,53494
rate0.5_s12,0.0,q2_a0.8_and,70602,5.800000000000011,5.800000000000011,2.1549999999999843,2.1549999999999843,1.4440892640111853,1.4440892640111853,0,0.0,,53269
rate0.5_s12,0.0,q2_a0.8_and,70603,8.000000000000114,8.000000000000114,2.620000000000031,2.620000000000031,1.606900947269022,1.606900947269022,0,0.0,,53031
rate0.5_s12,0.0,q2_a0.8_and,70604,8.199999999999704,8.199999999999704,2.5783333333332976,2.5783333333332976,1.5756128729574423,1.5756128729574423,0,0.0,,52661
rate0.5_s12,0.0,q2_a0.8_and,70605,7.800000000000182,7.800000000000182,3.163333333333253,3.163333333333253,1.650483448362452,1.650483448362452,0,0.0,,53565
rate0.5_s12,0.0,q2_a0.8_and,70606,7.199999999999974,7.199999999999974,2.235000000000002,2.235000000000002,1.4574206927257862,1.4574206927257862,0,0.0,,52560
rate0.5_s12,0.0,q2_a0.8_and,70607,8.199999999999989,8.199999999999989,2.5266666666666264,2.5266666666666264,1.5518085907883523,1.5518085907883523,0,0.0,,52981
rate0.5_s12,0.0,q2_a0.8_and,70608,5.600000000000136,5.600000000000136,2.2749999999998933,2.2749999999998933,1.4901012838958825,1.4901012838958825,0,0.0,,52885
rate0.5_s12,0.0,q2_a0.8_and,70609,7.0,7.0,2.4449999999999745,2.4449999999999745,1.5117532621370964,1.5117532621370964,0,0.0,,53300
rate0.5_s12,0.0,q2_a0.8_and,70610,7.60000000000008,7.60000000000008,2.5233333333333063,2.5233333333333063,1.5249536946832276,1.5249536946832276,0,0.0,,52056
rate0.5_s12,0.0,q2_a0.8_and,70611,8.199999999999989,8.199999999999989,2.764999999999955,2.764999999999955,1.637243876314677,1.637243876314677,0,0.0,,52452
rate0.5_s12,0.0,q2_a0.8_and,70612,5.799999999999386,5.799999999999386,2.266666666666586,2.266666666666586,1.4614134588509013,1.4614134588509013,0,0.0,,53298
rate0.5_s12,0.0,q2_a0.8_and,70613,11.0,11.0,2.963333333333332,2.963333333333332,1.6590752656427916,1.6590752656427916,0,0.0,,52908
rate0.5_s12,0.0,q2_a0.8_and,70614,7.0,7.0,2.774999999999937,2.774999999999937,1.6040793695466198,1.6040793695466198,0,0.0,,52564
rate0.5_s12,0.0,q2_a0.8_and,70615,7.0,7.0,2.5866666666665994,2.5866666666665994,1.563962913848802,1.563962913848802,0,0.0,,53280
rate0.5_s12,0.0,q2_a0.8_and,70616,8.800000000000011,8.800000000000011,2.676666666666614,2.676666666666614,1.6217371168511694,1.6217371168511694,0,0.0,,51853
rate0.5_s12,0.0,q2_a0.8_and,70617,5.799999999999997,5.799999999999997,2.3299999999999637,2.3299999999999637,1.482972502207621,1.482972502207621,0,0.0,,52366
rate0.5_s12,0.0,q2_a0.8_and,70618,7.0,7.0,2.1199999999999313,2.1199999999999313,1.4818816468526645,1.4818816468526645,0,0.0,,53181
rate0.5_s12,0.0,q2_a0.8_and,70619,7.000000000000028,7.000000000000028,2.6733333333332747,2.6733333333332747,1.543916584531898,1.543916584531898,0,0.0,,52461
rate0.5_s12,0.0,q2_a0.8_and,70620,8.400000000000091,8.400000000000091,2.7833333333333004,2.7833333333333004,1.5981967524561966,1.5981967524561966,0,0.0,,52266
rate0.5_s12,0.0,q2_a0.8_and,70621,7.0,7.0,2.564999999999966,2.564999999999966,1.5847577623746802,1.5847577623746802,0,0.0,,52930
rate0.5_s12,0.0,q2_a0.8_and,70622,7.60000000000025,7.60000000000025,2.1649999999999068,2.1649999999999068,1.4868238669906644,1.4868238669906644,0,0.0,,52906
rate0.5_s12,0.0,q2_a0.8_and,70623,5.800000000000466,5.800000000000466,2.2549999999999786,2.2549999999999786,1.5493256756268363,1.5493256756268363,0,0.0,,55205
rate0.5_s12,0.0,q2_a0.8_and,70624,6.399999999999977,6.399999999999977,2.2949999999999338,2.2949999999999338,1.5518371612632007,1.5518371612632007,0,0.0,,52932
rate0.5_s12,0.0,q2_a0.8_and,70625,7.0,7.0,2.6783333333333066,2.6783333333333066,1.5832938380635062,1.5832938380635062,0,0.0,,51813
rate0.5_s12,0.0,q2_a0.8_and,70626,6.199999999999932,6.199999999999932,2.1449999999999583,2.1449999999999583,1.5022425217863669,1.5022425217863669,0,0.0,,52054
rate0.5_s12,0.0,q2_a0.8_and,70627,7.000000000000114,7.000000000000114,2.300000000000055,2.300000000000055,1.5470781049112345,1.5470781049112345,0,0.0,,52127
rate0.5_s12,0.0,q2_a0.8_and,70628,7.0,7.0,2.5833333333333712,2.5833333333333712,1.555592285771269,1.555592285771269,0,0.0,,53268
rate0.5_s12,0.0,q2_a0.8_and,70629,9.199999999999989,9.199999999999989,2.8383333333332943,2.8383333333332943,1.5694565730214027,1.5694565730214027,0,0.0,,52495
rate0.5_s12,0.0,q2_a1.5_or,70600,7.200000000000159,5.199999999999989,2.559999999999972,1.8933333333332703,1.5951962774911126,1.4809324047879213,27,1.0,1.0,54285
rate0.5_s12,0.0,q2_a1.5_or,70601,5.800000000000011,5.200000000000216,2.0866666666665887,1.9616666666666969,1.4683880482431972,1.4652021773962478,28,1.0,1.0,53828
rate0.5_s12,0.0,q2_a1.5_or,70602,5.800000000000011,4.800000000000182,2.1549999999999843,1.8699999999999342,1.4440892640111853,1.4040453434270537,22,1.0,1.0,53900
rate0.5_s12,0.0,q2_a1.5_or,70603,8.000000000000114,4.800000000000011,2.620000000000031,2.0000000000000053,1.606900947269022,1.4920452405815796,29,1.0,1.0,53937
rate0.5_s12,0.0,q2_a1.5_or,70604,8.199999999999704,4.0,2.5783333333332976,1.8333333333332478,1.5756128729574423,1.510164118258173,28,1.0,1.0,54000
rate0.5_s12,0.0,q2_a1.5_or,70605,7.800000000000182,4.7999999999999545,3.163333333333253,1.916666666666488,1.650483448362452,1.5094926838026441,29,1.0,1.0,54601
rate0.5_s12,0.0,q2_a1.5_or,70606,7.199999999999974,5.2000000000005,2.235000000000002,1.838333333333368,1.4574206927257862,1.466635384633105,22,1.0,1.0,53733
rate0.5_s12,0.0,q2_a1.5_or,70607,8.199999999999989,5.0,2.5266666666666264,1.948333333333324,1.5518085907883523,1.485244559110139,25,1.0,1.0,53424
rate0.5_s12,0.0,q2_a1.5_or,70608,5.600000000000136,5.0,2.2749999999998933,1.856666666666598,1.4901012838958825,1.407974650553473,24,1.0,1.0,54123
rate0.5_s12,0.0,q2_a1.5_or,70609,7.0,5.599999999999966,2.4449999999999745,1.9216666666666327,1.5117532621370964,1.4658211212971783,27,1.0,1.0,53622
rate0.5_s12,0.0,q2_a1.5_or,70610,7.60000000000008,5.199999999999591,2.5233333333333063,1.9733333333333463,1.5249536946832276,1.5052665766858113,25,1.0,1.0,52782
rate0.5_s12,0.0,q2_a1.5_or,70611,8.199999999999989,5.0,2.764999999999955,2.013333333333336,1.637243876314677,1.4748545479200479,25,1.0,1.0,53514
rate0.5_s12,0.0,q2_a1.5_or,70612,5.799999999999386,6.0,2.266666666666586,2.071666666666655,1.4614134588509013,1.5045239622533628,20,1.0,1.0,52831
rate0.5_s12,0.0,q2_a1.5_or,70613,11.0,4.800000000000182,2.963333333333332,2.0333333333333554,1.6590752656427916,1.530723931431473,21,1.0,1.0,54176
rate0.5_s12,0.0,q2_a1.5_or,70614,7.0,4.7999999999995,2.774999999999937,1.7666666666666277,1.6040793695466198,1.4594414469956256,22,1.0,1.0,55907
rate0.5_s12,0.0,q2_a1.5_or,70615,7.0,4.400000000000318,2.5866666666665994,1.878333333333328,1.563962913848802,1.4447578094761335,26,1.0,1.0,55291
rate0.5_s12,0.0,q2_a1.5_or,70616,8.800000000000011,4.999999999999659,2.676666666666614,1.9783333333332336,1.6217371168511694,1.5433322736886477,26,1.0,1.0,53382
rate0.5_s12,0.0,q2_a1.5_or,70617,5.799999999999997,5.0,2.3299999999999637,1.9850000000000434,1.482972502207621,1.4615811236388838,24,1.0,1.0,54303
rate0.5_s12,0.0,q2_a1.5_or,70618,7.0,5.199999999999989,2.1199999999999313,2.048333333333253,1.4818816468526645,1.4889568509870648,21,1.0,1.0,53244
rate0.5_s12,0.0,q2_a1.5_or,70619,7.000000000000028,5.000000000000227,2.6733333333332747,2.0883333333332996,1.543916584531898,1.542294162329172,21,1.0,1.0,53796
rate0.5_s12,0.0,q2_a1.5_or,70620,8.400000000000091,5.800000000000011,2.7833333333333004,1.969999999999925,1.5981967524561966,1.4329566614965938,31,1.0,1.0,54202
rate0.5_s12,0.0,q2_a1.5_or,70621,7.0,5.199999999999989,2.564999999999966,2.0433333333332184,1.5847577623746802,1.4581086005440362,22,1.0,1.0,53809
rate0.5_s12,0.0,q2_a1.5_or,70622,7.60000000000025,4.800000000000182,2.1649999999999068,1.729999999999965,1.4868238669906644,1.467868575697874,21,1.0,1.0,53733
rate0.5_s12,0.0,q2_a1.5_or,70623,5.800000000000466,4.400000000000091,2.2549999999999786,1.8783333333333485,1.5493256756268363,1.4350126468790982,24,1.0,1.0,53609
rate0.5_s12,0.0,q2_a1.5_or,70624,6.399999999999977,4.800000000000296,2.2949999999999338,2.021666666666675,1.5518371612632007,1.4906775889491621,28,1.0,1.0,53992
rate0.5_s12,0.0,q2_a1.5_or,70625,7.0,4.800000000000125,2.6783333333333066,1.950000000000029,1.5832938380635062,1.4124634352259844,26,1.0,1.0,52802
rate0.5_s12,0.0,q2_a1.5_or,70626,6.199999999999932,5.800000000000011,2.1449999999999583,1.9466666666665624,1.5022425217863669,1.4638215362341198,25,1.0,1.0,53928
rate0.5_s12,0.0,q2_a1.5_or,70627,7.000000000000114,5.59999999999998,2.300000000000055,2.1683333333333517,1.5470781049112345,1.4926666967952529,22,1.0,1.0,54082
rate0.5_s12,0.0,q2_a1.5_or,70628,7.0,4.800000000000125,2.5833333333333712,2.066666666666708,1.555592285771269,1.4617614255384945,28,1.0,1.0,54144
rate0.5_s12,0.0,q2_a1.5_or,70629,9.199999999999989,5.599999999999682,2.8383333333332943,1.9133333333332982,1.5694565730214027,1.5471937082214082,24,1.0,1.0,53027
rate0.5_s12,0.0,q2_a1.5_and,70600,7.200000000000159,7.200000000000159,2.559999999999972,2.559999999999972,1.5951962774911126,1.5951962774911126,0,0.0,,52417
rate0.5_s12,0.0,q2_a1.5_and,70601,5.800000000000011,5.800000000000011,2.0866666666665887,2.0866666666665887,1.4683880482431972,1.4683880482431972,0,0.0,,53494
rate0.5_s12,0.0,q2_a1.5_and,70602,5.800000000000011,5.800000000000011,2.1549999999999843,2.1549999999999843,1.4440892640111853,1.4440892640111853,0,0.0,,53269
rate0.5_s12,0.0,q2_a1.5_and,70603,8.000000000000114,8.000000000000114,2.620000000000031,2.620000000000031,1.606900947269022,1.606900947269022,0,0.0,,53031
rate0.5_s12,0.0,q2_a1.5_and,70604,8.199999999999704,8.199999999999704,2.5783333333332976,2.5783333333332976,1.5756128729574423,1.5756128729574423,0,0.0,,52661
rate0.5_s12,0.0,q2_a1.5_and,70605,7.800000000000182,7.800000000000182,3.163333333333253,3.163333333333253,1.650483448362452,1.650483448362452,0,0.0,,53565
rate0.5_s12,0.0,q2_a1.5_and,70606,7.199999999999974,7.199999999999974,2.235000000000002,2.235000000000002,1.4574206927257862,1.4574206927257862,0,0.0,,52560
rate0.5_s12,0.0,q2_a1.5_and,70607,8.199999999999989,8.199999999999989,2.5266666666666264,2.5266666666666264,1.5518085907883523,1.5518085907883523,0,0.0,,52981
rate0.5_s12,0.0,q2_a1.5_and,70608,5.600000000000136,5.600000000000136,2.2749999999998933,2.2749999999998933,1.4901012838958825,1.4901012838958825,0,0.0,,52885
rate0.5_s12,0.0,q2_a1.5_and,70609,7.0,7.0,2.4449999999999745,2.4449999999999745,1.5117532621370964,1.5117532621370964,0,0.0,,53300
rate0.5_s12,0.0,q2_a1.5_and,70610,7.60000000000008,7.60000000000008,2.5233333333333063,2.5233333333333063,1.5249536946832276,1.5249536946832276,0,0.0,,52056
rate0.5_s12,0.0,q2_a1.5_and,70611,8.199999999999989,8.199999999999989,2.764999999999955,2.764999999999955,1.637243876314677,1.637243876314677,0,0.0,,52452
rate0.5_s12,0.0,q2_a1.5_and,70612,5.799999999999386,5.799999999999386,2.266666666666586,2.266666666666586,1.4614134588509013,1.4614134588509013,0,0.0,,53298
rate0.5_s12,0.0,q2_a1.5_and,70613,11.0,11.0,2.963333333333332,2.963333333333332,1.6590752656427916,1.6590752656427916,0,0.0,,52908
rate0.5_s12,0.0,q2_a1.5_and,70614,7.0,7.0,2.774999999999937,2.774999999999937,1.6040793695466198,1.6040793695466198,0,0.0,,52564
rate0.5_s12,0.0,q2_a1.5_and,70615,7.0,7.0,2.5866666666665994,2.5866666666665994,1.563962913848802,1.563962913848802,0,0.0,,53280
rate0.5_s12,0.0,q2_a1.5_and,70616,8.800000000000011,8.800000000000011,2.676666666666614,2.676666666666614,1.6217371168511694,1.6217371168511694,0,0.0,,51853
rate0.5_s12,0.0,q2_a1.5_and,70617,5.799999999999997,5.799999999999997,2.3299999999999637,2.3299999999999637,1.482972502207621,1.482972502207621,0,0.0,,52366
rate0.5_s12,0.0,q2_a1.5_and,70618,7.0,7.0,2.1199999999999313,2.1199999999999313,1.4818816468526645,1.4818816468526645,0,0.0,,53181
rate0.5_s12,0.0,q2_a1.5_and,70619,7.000000000000028,7.000000000000028,2.6733333333332747,2.6733333333332747,1.543916584531898,1.543916584531898,0,0.0,,52461
rate0.5_s12,0.0,q2_a1.5_and,70620,8.400000000000091,8.400000000000091,2.7833333333333004,2.7833333333333004,1.5981967524561966,1.5981967524561966,0,0.0,,52266
rate0.5_s12,0.0,q2_a1.5_and,70621,7.0,7.0,2.564999999999966,2.564999999999966,1.5847577623746802,1.5847577623746802,0,0.0,,52930
rate0.5_s12,0.0,q2_a1.5_and,70622,7.60000000000025,7.60000000000025,2.1649999999999068,2.1649999999999068,1.4868238669906644,1.4868238669906644,0,0.0,,52906
rate0.5_s12,0.0,q2_a1.5_and,70623,5.800000000000466,5.800000000000466,2.2549999999999786,2.2549999999999786,1.5493256756268363,1.5493256756268363,0,0.0,,55205
rate0.5_s12,0.0,q2_a1.5_and,70624,6.399999999999977,6.399999999999977,2.2949999999999338,2.2949999999999338,1.5518371612632007,1.5518371612632007,0,0.0,,52932
rate0.5_s12,0.0,q2_a1.5_and,70625,7.0,7.0,2.6783333333333066,2.6783333333333066,1.5832938380635062,1.5832938380635062,0,0.0,,51813
rate0.5_s12,0.0,q2_a1.5_and,70626,6.199999999999932,6.199999999999932,2.1449999999999583,2.1449999999999583,1.5022425217863669,1.5022425217863669,0,0.0,,52054
rate0.5_s12,0.0,q2_a1.5_and,70627,7.000000000000114,7.000000000000114,2.300000000000055,2.300000000000055,1.5470781049112345,1.5470781049112345,0,0.0,,52127
rate0.5_s12,0.0,q2_a1.5_and,70628,7.0,7.0,2.5833333333333712,2.5833333333333712,1.555592285771269,1.555592285771269,0,0.0,,53268
rate0.5_s12,0.0,q2_a1.5_and,70629,9.199999999999989,9.199999999999989,2.8383333333332943,2.8383333333332943,1.5694565730214027,1.5694565730214027,0,0.0,,52495
rate0.5_s12,0.0,q4_a0.8_or,70600,7.200000000000159,7.200000000000159,2.559999999999972,2.559999999999972,1.5951962774911126,1.5951962774911126,0,0.0,,52417
rate0.5_s12,0.0,q4_a0.8_or,70601,5.800000000000011,5.800000000000011,2.0866666666665887,2.0866666666665887,1.4683880482431972,1.4683880482431972,0,0.0,,53494
rate0.5_s12,0.0,q4_a0.8_or,70602,5.800000000000011,5.800000000000011,2.1549999999999843,2.1549999999999843,1.4440892640111853,1.4440892640111853,0,0.0,,53269
rate0.5_s12,0.0,q4_a0.8_or,70603,8.000000000000114,8.000000000000114,2.620000000000031,2.620000000000031,1.606900947269022,1.606900947269022,0,0.0,,53031
rate0.5_s12,0.0,q4_a0.8_or,70604,8.199999999999704,8.199999999999704,2.5783333333332976,2.5783333333332976,1.5756128729574423,1.5756128729574423,0,0.0,,52661
rate0.5_s12,0.0,q4_a0.8_or,70605,7.800000000000182,7.800000000000182,3.163333333333253,3.163333333333253,1.650483448362452,1.650483448362452,0,0.0,,53565
rate0.5_s12,0.0,q4_a0.8_or,70606,7.199999999999974,7.199999999999974,2.235000000000002,2.235000000000002,1.4574206927257862,1.4574206927257862,0,0.0,,52560
rate0.5_s12,0.0,q4_a0.8_or,70607,8.199999999999989,8.199999999999989,2.5266666666666264,2.5266666666666264,1.5518085907883523,1.5518085907883523,0,0.0,,52981
rate0.5_s12,0.0,q4_a0.8_or,70608,5.600000000000136,5.600000000000136,2.2749999999998933,2.2749999999998933,1.4901012838958825,1.4901012838958825,0,0.0,,52885
rate0.5_s12,0.0,q4_a0.8_or,70609,7.0,7.0,2.4449999999999745,2.4449999999999745,1.5117532621370964,1.5117532621370964,0,0.0,,53300
rate0.5_s12,0.0,q4_a0.8_or,70610,7.60000000000008,7.60000000000008,2.5233333333333063,2.5233333333333063,1.5249536946832276,1.5249536946832276,0,0.0,,52056
rate0.5_s12,0.0,q4_a0.8_or,70611,8.199999999999989,8.199999999999989,2.764999999999955,2.764999999999955,1.637243876314677,1.637243876314677,0,0.0,,52452
rate0.5_s12,0.0,q4_a0.8_or,70612,5.799999999999386,5.799999999999386,2.266666666666586,2.266666666666586,1.4614134588509013,1.4614134588509013,0,0.0,,53298
rate0.5_s12,0.0,q4_a0.8_or,70613,11.0,11.0,2.963333333333332,2.963333333333332,1.6590752656427916,1.6590752656427916,0,0.0,,52908
rate0.5_s12,0.0,q4_a0.8_or,70614,7.0,7.0,2.774999999999937,2.774999999999937,1.6040793695466198,1.6040793695466198,0,0.0,,52564
rate0.5_s12,0.0,q4_a0.8_or,70615,7.0,7.0,2.5866666666665994,2.5866666666665994,1.563962913848802,1.563962913848802,0,0.0,,53280
rate0.5_s12,0.0,q4_a0.8_or,70616,8.800000000000011,8.800000000000011,2.676666666666614,2.676666666666614,1.6217371168511694,1.6217371168511694,0,0.0,,51853
rate0.5_s12,0.0,q4_a0.8_or,70617,5.799999999999997,5.799999999999997,2.3299999999999637,2.3299999999999637,1.482972502207621,1.482972502207621,0,0.0,,52366
rate0.5_s12,0.0,q4_a0.8_or,70618,7.0,7.0,2.1199999999999313,2.1199999999999313,1.4818816468526645,1.4818816468526645,0,0.0,,53181
rate0.5_s12,0.0,q4_a0.8_or,70619,7.000000000000028,7.000000000000028,2.6733333333332747,2.6733333333332747,1.543916584531898,1.543916584531898,0,0.0,,52461
rate0.5_s12,0.0,q4_a0.8_or,70620,8.400000000000091,8.400000000000091,2.7833333333333004,2.7833333333333004,1.5981967524561966,1.5981967524561966,0,0.0,,52266
rate0.5_s12,0.0,q4_a0.8_or,70621,7.0,7.0,2.564999999999966,2.564999999999966,1.5847577623746802,1.5847577623746802,0,0.0,,52930
rate0.5_s12,0.0,q4_a0.8_or,70622,7.60000000000025,7.60000000000025,2.1649999999999068,2.1649999999999068,1.4868238669906644,1.4868238669906644,0,0.0,,52906
rate0.5_s12,0.0,q4_a0.8_or,70623,5.800000000000466,5.800000000000466,2.2549999999999786,2.2549999999999786,1.5493256756268363,1.5493256756268363,0,0.0,,55205
rate0.5_s12,0.0,q4_a0.8_or,70624,6.399999999999977,6.399999999999977,2.2949999999999338,2.2949999999999338,1.5518371612632007,1.5518371612632007,0,0.0,,52932
rate0.5_s12,0.0,q4_a0.8_or,70625,7.0,7.0,2.6783333333333066,2.6783333333333066,1.5832938380635062,1.5832938380635062,0,0.0,,51813
rate0.5_s12,0.0,q4_a0.8_or,70626,6.199999999999932,6.199999999999932,2.1449999999999583,2.1449999999999583,1.5022425217863669,1.5022425217863669,0,0.0,,52054
rate0.5_s12,0.0,q4_a0.8_or,70627,7.000000000000114,7.000000000000114,2.300000000000055,2.300000000000055,1.5470781049112345,1.5470781049112345,0,0.0,,52127
rate0.5_s12,0.0,q4_a0.8_or,70628,7.0,7.0,2.5833333333333712,2.5833333333333712,1.555592285771269,1.555592285771269,0,0.0,,53268
rate0.5_s12,0.0,q4_a0.8_or,70629,9.199999999999989,9.199999999999989,2.8383333333332943,2.8383333333332943,1.5694565730214027,1.5694565730214027,0,0.0,,52495
rate0.5_s12,0.0,q4_a0.8_and,70600,7.200000000000159,7.200000000000159,2.559999999999972,2.559999999999972,1.5951962774911126,1.5951962774911126,0,0.0,,52417
rate0.5_s12,0.0,q4_a0.8_and,70601,5.800000000000011,5.800000000000011,2.0866666666665887,2.0866666666665887,1.4683880482431972,1.4683880482431972,0,0.0,,53494
rate0.5_s12,0.0,q4_a0.8_and,70602,5.800000000000011,5.800000000000011,2.1549999999999843,2.1549999999999843,1.4440892640111853,1.4440892640111853,0,0.0,,53269
rate0.5_s12,0.0,q4_a0.8_and,70603,8.000000000000114,8.000000000000114,2.620000000000031,2.620000000000031,1.606900947269022,1.606900947269022,0,0.0,,53031
rate0.5_s12,0.0,q4_a0.8_and,70604,8.199999999999704,8.199999999999704,2.5783333333332976,2.5783333333332976,1.5756128729574423,1.5756128729574423,0,0.0,,52661
rate0.5_s12,0.0,q4_a0.8_and,70605,7.800000000000182,7.800000000000182,3.163333333333253,3.163333333333253,1.650483448362452,1.650483448362452,0,0.0,,53565
rate0.5_s12,0.0,q4_a0.8_and,70606,7.199999999999974,7.199999999999974,2.235000000000002,2.235000000000002,1.4574206927257862,1.4574206927257862,0,0.0,,52560
rate0.5_s12,0.0,q4_a0.8_and,70607,8.199999999999989,8.199999999999989,2.5266666666666264,2.5266666666666264,1.5518085907883523,1.5518085907883523,0,0.0,,52981
rate0.5_s12,0.0,q4_a0.8_and,70608,5.600000000000136,5.600000000000136,2.2749999999998933,2.2749999999998933,1.4901012838958825,1.4901012838958825,0,0.0,,52885
rate0.5_s12,0.0,q4_a0.8_and,70609,7.0,7.0,2.4449999999999745,2.4449999999999745,1.5117532621370964,1.5117532621370964,0,0.0,,53300
rate0.5_s12,0.0,q4_a0.8_and,70610,7.60000000000008,7.60000000000008,2.5233333333333063,2.5233333333333063,1.5249536946832276,1.5249536946832276,0,0.0,,52056
rate0.5_s12,0.0,q4_a0.8_and,70611,8.199999999999989,8.199999999999989,2.764999999999955,2.764999999999955,1.637243876314677,1.637243876314677,0,0.0,,52452
rate0.5_s12,0.0,q4_a0.8_and,70612,5.799999999999386,5.799999999999386,2.266666666666586,2.266666666666586,1.4614134588509013,1.4614134588509013,0,0.0,,53298
rate0.5_s12,0.0,q4_a0.8_and,70613,11.0,11.0,2.963333333333332,2.963333333333332,1.6590752656427916,1.6590752656427916,0,0.0,,52908
rate0.5_s12,0.0,q4_a0.8_and,70614,7.0,7.0,2.774999999999937,2.774999999999937,1.6040793695466198,1.6040793695466198,0,0.0,,52564
rate0.5_s12,0.0,q4_a0.8_and,70615,7.0,7.0,2.5866666666665994,2.5866666666665994,1.563962913848802,1.563962913848802,0,0.0,,53280
rate0.5_s12,0.0,q4_a0.8_and,70616,8.800000000000011,8.800000000000011,2.676666666666614,2.676666666666614,1.6217371168511694,1.6217371168511694,0,0.0,,51853
rate0.5_s12,0.0,q4_a0.8_and,70617,5.799999999999997,5.799999999999997,2.3299999999999637,2.3299999999999637,1.482972502207621,1.482972502207621,0,0.0,,52366
rate0.5_s12,0.0,q4_a0.8_and,70618,7.0,7.0,2.1199999999999313,2.1199999999999313,1.4818816468526645,1.4818816468526645,0,0.0,,53181
rate0.5_s12,0.0,q4_a0.8_and,70619,7.000000000000028,7.000000000000028,2.6733333333332747,2.6733333333332747,1.543916584531898,1.543916584531898,0,0.0,,52461
rate0.5_s12,0.0,q4_a0.8_and,70620,8.400000000000091,8.400000000000091,2.7833333333333004,2.7833333333333004,1.5981967524561966,1.5981967524561966,0,0.0,,52266
rate0.5_s12,0.0,q4_a0.8_and,70621,7.0,7.0,2.564999999999966,2.564999999999966,1.5847577623746802,1.5847577623746802,0,0.0,,52930
rate0.5_s12,0.0,q4_a0.8_and,70622,7.60000000000025,7.60000000000025,2.1649999999999068,2.1649999999999068,1.4868238669906644,1.4868238669906644,0,0.0,,52906
rate0.5_s12,0.0,q4_a0.8_and,70623,5.800000000000466,5.800000000000466,2.2549999999999786,2.2549999999999786,1.5493256756268363,1.5493256756268363,0,0.0,,55205
rate0.5_s12,0.0,q4_a0.8_and,70624,6.399999999999977,6.399999999999977,2.2949999999999338,2.2949999999999338,1.5518371612632007,1.5518371612632007,0,0.0,,52932
rate0.5_s12,0.0,q4_a0.8_and,70625,7.0,7.0,2.6783333333333066,2.6783333333333066,1.5832938380635062,1.5832938380635062,0,0.0,,51813
rate0.5_s12,0.0,q4_a0.8_and,70626,6.199999999999932,6.199999999999932,2.1449999999999583,2.1449999999999583,1.5022425217863669,1.5022425217863669,0,0.0,,52054
rate0.5_s12,0.0,q4_a0.8_and,70627,7.000000000000114,7.000000000000114,2.300000000000055,2.300000000000055,1.5470781049112345,1.5470781049112345,0,0.0,,52127
rate0.5_s12,0.0,q4_a0.8_and,70628,7.0,7.0,2.5833333333333712,2.5833333333333712,1.555592285771269,1.555592285771269,0,0.0,,53268
rate0.5_s12,0.0,q4_a0.8_and,70629,9.199999999999989,9.199999999999989,2.8383333333332943,2.8383333333332943,1.5694565730214027,1.5694565730214027,0,0.0,,52495
rate0.5_s12,0.0,q4_a1.5_or,70600,7.200000000000159,7.200000000000159,2.559999999999972,2.559999999999972,1.5951962774911126,1.5951962774911126,0,0.0,,52417
rate0.5_s12,0.0,q4_a1.5_or,70601,5.800000000000011,5.800000000000011,2.0866666666665887,2.0866666666665887,1.4683880482431972,1.4683880482431972,0,0.0,,53494
rate0.5_s12,0.0,q4_a1.5_or,70602,5.800000000000011,5.800000000000011,2.1549999999999843,2.1549999999999843,1.4440892640111853,1.4440892640111853,0,0.0,,53269
rate0.5_s12,0.0,q4_a1.5_or,70603,8.000000000000114,8.000000000000114,2.620000000000031,2.620000000000031,1.606900947269022,1.606900947269022,0,0.0,,53031
rate0.5_s12,0.0,q4_a1.5_or,70604,8.199999999999704,8.199999999999704,2.5783333333332976,2.5783333333332976,1.5756128729574423,1.5756128729574423,0,0.0,,52661
rate0.5_s12,0.0,q4_a1.5_or,70605,7.800000000000182,7.800000000000182,3.163333333333253,3.163333333333253,1.650483448362452,1.650483448362452,0,0.0,,53565
rate0.5_s12,0.0,q4_a1.5_or,70606,7.199999999999974,7.199999999999974,2.235000000000002,2.235000000000002,1.4574206927257862,1.4574206927257862,0,0.0,,52560
rate0.5_s12,0.0,q4_a1.5_or,70607,8.199999999999989,8.199999999999989,2.5266666666666264,2.5266666666666264,1.5518085907883523,1.5518085907883523,0,0.0,,52981
rate0.5_s12,0.0,q4_a1.5_or,70608,5.600000000000136,5.600000000000136,2.2749999999998933,2.2749999999998933,1.4901012838958825,1.4901012838958825,0,0.0,,52885
rate0.5_s12,0.0,q4_a1.5_or,70609,7.0,7.0,2.4449999999999745,2.4449999999999745,1.5117532621370964,1.5117532621370964,0,0.0,,53300
rate0.5_s12,0.0,q4_a1.5_or,70610,7.60000000000008,7.60000000000008,2.5233333333333063,2.5233333333333063,1.5249536946832276,1.5249536946832276,0,0.0,,52056
rate0.5_s12,0.0,q4_a1.5_or,70611,8.199999999999989,8.199999999999989,2.764999999999955,2.764999999999955,1.637243876314677,1.637243876314677,0,0.0,,52452
rate0.5_s12,0.0,q4_a1.5_or,70612,5.799999999999386,5.799999999999386,2.266666666666586,2.266666666666586,1.4614134588509013,1.4614134588509013,0,0.0,,53298
rate0.5_s12,0.0,q4_a1.5_or,70613,11.0,11.0,2.963333333333332,2.963333333333332,1.6590752656427916,1.6590752656427916,0,0.0,,52908
rate0.5_s12,0.0,q4_a1.5_or,70614,7.0,7.0,2.774999999999937,2.774999999999937,1.6040793695466198,1.6040793695466198,0,0.0,,52564
rate0.5_s12,0.0,q4_a1.5_or,70615,7.0,7.0,2.5866666666665994,2.5866666666665994,1.563962913848802,1.563962913848802,0,0.0,,53280
rate0.5_s12,0.0,q4_a1.5_or,70616,8.800000000000011,8.800000000000011,2.676666666666614,2.676666666666614,1.6217371168511694,1.6217371168511694,0,0.0,,51853
rate0.5_s12,0.0,q4_a1.5_or,70617,5.799999999999997,5.799999999999997,2.3299999999999637,2.3299999999999637,1.482972502207621,1.482972502207621,0,0.0,,52366
rate0.5_s12,0.0,q4_a1.5_or,70618,7.0,7.0,2.1199999999999313,2.1199999999999313,1.4818816468526645,1.4818816468526645,0,0.0,,53181
rate0.5_s12,0.0,q4_a1.5_or,70619,7.000000000000028,7.000000000000028,2.6733333333332747,2.6733333333332747,1.543916584531898,1.543916584531898,0,0.0,,52461
rate0.5_s12,0.0,q4_a1.5_or,70620,8.400000000000091,8.400000000000091,2.7833333333333004,2.7833333333333004,1.5981967524561966,1.5981967524561966,0,0.0,,52266
rate0.5_s12,0.0,q4_a1.5_or,70621,7.0,7.0,2.564999999999966,2.564999999999966,1.5847577623746802,1.5847577623746802,0,0.0,,52930
rate0.5_s12,0.0,q4_a1.5_or,70622,7.60000000000025,7.60000000000025,2.1649999999999068,2.1649999999999068,1.4868238669906644,1.4868238669906644,0,0.0,,52906
rate0.5_s12,0.0,q4_a1.5_or,70623,5.800000000000466,5.800000000000466,2.2549999999999786,2.2549999999999786,1.5493256756268363,1.5493256756268363,0,0.0,,55205
rate0.5_s12,0.0,q4_a1.5_or,70624,6.399999999999977,6.399999999999977,2.2949999999999338,2.2949999999999338,1.5518371612632007,1.5518371612632007,0,0.0,,52932
rate0.5_s12,0.0,q4_a1.5_or,70625,7.0,7.0,2.6783333333333066,2.6783333333333066,1.5832938380635062,1.5832938380635062,0,0.0,,51813
rate0.5_s12,0.0,q4_a1.5_or,70626,6.199999999999932,6.199999999999932,2.1449999999999583,2.1449999999999583,1.5022425217863669,1.5022425217863669,0,0.0,,52054
rate0.5_s12,0.0,q4_a1.5_or,70627,7.000000000000114,7.000000000000114,2.300000000000055,2.300000000000055,1.5470781049112345,1.5470781049112345,0,0.0,,52127
rate0.5_s12,0.0,q4_a1.5_or,70628,7.0,7.0,2.5833333333333712,2.5833333333333712,1.555592285771269,1.555592285771269,0,0.0,,53268
rate0.5_s12,0.0,q4_a1.5_or,70629,9.199999999999989,9.199999999999989,2.8383333333332943,2.8383333333332943,1.5694565730214027,1.5694565730214027,0,0.0,,52495
rate0.5_s12,0.0,q4_a1.5_and,70600,7.200000000000159,7.200000000000159,2.559999999999972,2.559999999999972,1.5951962774911126,1.5951962774911126,0,0.0,,52417
rate0.5_s12,0.0,q4_a1.5_and,70601,5.800000000000011,5.800000000000011,2.0866666666665887,2.0866666666665887,1.4683880482431972,1.4683880482431972,0,0.0,,53494
rate0.5_s12,0.0,q4_a1.5_and,70602,5.800000000000011,5.800000000000011,2.1549999999999843,2.1549999999999843,1.4440892640111853,1.4440892640111853,0,0.0,,53269
rate0.5_s12,0.0,q4_a1.5_and,70603,8.000000000000114,8.000000000000114,2.620000000000031,2.620000000000031,1.606900947269022,1.606900947269022,0,0.0,,53031
rate0.5_s12,0.0,q4_a1.5_and,70604,8.199999999999704,8.199999999999704,2.5783333333332976,2.5783333333332976,1.5756128729574423,1.5756128729574423,0,0.0,,52661
rate0.5_s12,0.0,q4_a1.5_and,70605,7.800000000000182,7.800000000000182,3.163333333333253,3.163333333333253,1.650483448362452,1.650483448362452,0,0.0,,53565
rate0.5_s12,0.0,q4_a1.5_and,70606,7.199999999999974,7.199999999999974,2.235000000000002,2.235000000000002,1.4574206927257862,1.4574206927257862,0,0.0,,52560
rate0.5_s12,0.0,q4_a1.5_and,70607,8.199999999999989,8.199999999999989,2.5266666666666264,2.5266666666666264,1.5518085907883523,1.5518085907883523,0,0.0,,52981
rate0.5_s12,0.0,q4_a1.5_and,70608,5.600000000000136,5.600000000000136,2.2749999999998933,2.2749999999998933,1.4901012838958825,1.4901012838958825,0,0.0,,52885
rate0.5_s12,0.0,q4_a1.5_and,70609,7.0,7.0,2.4449999999999745,2.4449999999999745,1.5117532621370964,1.5117532621370964,0,0.0,,53300
rate0.5_s12,0.0,q4_a1.5_and,70610,7.60000000000008,7.60000000000008,2.5233333333333063,2.5233333333333063,1.5249536946832276,1.5249536946832276,0,0.0,,52056
rate0.5_s12,0.0,q4_a1.5_and,70611,8.199999999999989,8.199999999999989,2.764999999999955,2.764999999999955,1.637243876314677,1.637243876314677,0,0.0,,52452
rate0.5_s12,0.0,q4_a1.5_and,70612,5.799999999999386,5.799999999999386,2.266666666666586,2.266666666666586,1.4614134588509013,1.4614134588509013,0,0.0,,53298
rate0.5_s12,0.0,q4_a1.5_and,70613,11.0,11.0,2.963333333333332,2.963333333333332,1.6590752656427916,1.6590752656427916,0,0.0,,52908
rate0.5_s12,0.0,q4_a1.5_and,70614,7.0,7.0,2.774999999999937,2.774999999999937,1.6040793695466198,1.6040793695466198,0,0.0,,52564
rate0.5_s12,0.0,q4_a1.5_and,70615,7.0,7.0,2.5866666666665994,2.5866666666665994,1.563962913848802,1.563962913848802,0,0.0,,53280
rate0.5_s12,0.0,q4_a1.5_and,70616,8.800000000000011,8.800000000000011,2.676666666666614,2.676666666666614,1.6217371168511694,1.6217371168511694,0,0.0,,51853
rate0.5_s12,0.0,q4_a1.5_and,70617,5.799999999999997,5.799999999999997,2.3299999999999637,2.3299999999999637,1.482972502207621,1.482972502207621,0,0.0,,52366
rate0.5_s12,0.0,q4_a1.5_and,70618,7.0,7.0,2.1199999999999313,2.1199999999999313,1.4818816468526645,1.4818816468526645,0,0.0,,53181
rate0.5_s12,0.0,q4_a1.5_and,70619,7.000000000000028,7.000000000000028,2.6733333333332747,2.6733333333332747,1.543916584531898,1.543916584531898,0,0.0,,52461
rate0.5_s12,0.0,q4_a1.5_and,70620,8.400000000000091,8.400000000000091,2.7833333333333004,2.7833333333333004,1.5981967524561966,1.5981967524561966,0,0.0,,52266
rate0.5_s12,0.0,q4_a1.5_and,70621,7.0,7.0,2.564999999999966,2.564999999999966,1.5847577623746802,1.5847577623746802,0,0.0,,52930
rate0.5_s12,0.0,q4_a1.5_and,70622,7.60000000000025,7.60000000000025,2.1649999999999068,2.1649999999999068,1.4868238669906644,1.4868238669906644,0,0.0,,52906
rate0.5_s12,0.0,q4_a1.5_and,70623,5.800000000000466,5.800000000000466,2.2549999999999786,2.2549999999999786,1.5493256756268363,1.5493256756268363,0,0.0,,55205
rate0.5_s12,0.0,q4_a1.5_and,70624,6.399999999999977,6.399999999999977,2.2949999999999338,2.2949999999999338,1.5518371612632007,1.5518371612632007,0,0.0,,52932
rate0.5_s12,0.0,q4_a1.5_and,70625,7.0,7.0,2.6783333333333066,2.6783333333333066,1.5832938380635062,1.5832938380635062,0,0.0,,51813
rate0.5_s12,0.0,q4_a1.5_and,70626,6.199999999999932,6.199999999999932,2.1449999999999583,2.1449999999999583,1.5022425217863669,1.5022425217863669,0,0.0,,52054
rate0.5_s12,0.0,q4_a1.5_and,70627,7.000000000000114,7.000000000000114,2.300000000000055,2.300000000000055,1.5470781049112345,1.5470781049112345,0,0.0,,52127
rate0.5_s12,0.0,q4_a1.5_and,70628,7.0,7.0,2.5833333333333712,2.5833333333333712,1.555592285771269,1.555592285771269,0,0.0,,53268
rate0.5_s12,0.0,q4_a1.5_and,70629,9.199999999999989,9.199999999999989,2.8383333333332943,2.8383333333332943,1.5694565730214027,1.5694565730214027,0,0.0,,52495
rate0.5_s12,0.0,q8_a0.8_or,70600,7.200000000000159,7.200000000000159,2.559999999999972,2.559999999999972,1.5951962774911126,1.5951962774911126,0,0.0,,52417
rate0.5_s12,0.0,q8_a0.8_or,70601,5.800000000000011,5.800000000000011,2.0866666666665887,2.0866666666665887,1.4683880482431972,1.4683880482431972,0,0.0,,53494
rate0.5_s12,0.0,q8_a0.8_or,70602,5.800000000000011,5.800000000000011,2.1549999999999843,2.1549999999999843,1.4440892640111853,1.4440892640111853,0,0.0,,53269
rate0.5_s12,0.0,q8_a0.8_or,70603,8.000000000000114,8.000000000000114,2.620000000000031,2.620000000000031,1.606900947269022,1.606900947269022,0,0.0,,53031
rate0.5_s12,0.0,q8_a0.8_or,70604,8.199999999999704,8.199999999999704,2.5783333333332976,2.5783333333332976,1.5756128729574423,1.5756128729574423,0,0.0,,52661
rate0.5_s12,0.0,q8_a0.8_or,70605,7.800000000000182,7.800000000000182,3.163333333333253,3.163333333333253,1.650483448362452,1.650483448362452,0,0.0,,53565
rate0.5_s12,0.0,q8_a0.8_or,70606,7.199999999999974,7.199999999999974,2.235000000000002,2.235000000000002,1.4574206927257862,1.4574206927257862,0,0.0,,52560
rate0.5_s12,0.0,q8_a0.8_or,70607,8.199999999999989,8.199999999999989,2.5266666666666264,2.5266666666666264,1.5518085907883523,1.5518085907883523,0,0.0,,52981
rate0.5_s12,0.0,q8_a0.8_or,70608,5.600000000000136,5.600000000000136,2.2749999999998933,2.2749999999998933,1.4901012838958825,1.4901012838958825,0,0.0,,52885
rate0.5_s12,0.0,q8_a0.8_or,70609,7.0,7.0,2.4449999999999745,2.4449999999999745,1.5117532621370964,1.5117532621370964,0,0.0,,53300
rate0.5_s12,0.0,q8_a0.8_or,70610,7.60000000000008,7.60000000000008,2.5233333333333063,2.5233333333333063,1.5249536946832276,1.5249536946832276,0,0.0,,52056
rate0.5_s12,0.0,q8_a0.8_or,70611,8.199999999999989,8.199999999999989,2.764999999999955,2.764999999999955,1.637243876314677,1.637243876314677,0,0.0,,52452
rate0.5_s12,0.0,q8_a0.8_or,70612,5.799999999999386,5.799999999999386,2.266666666666586,2.266666666666586,1.4614134588509013,1.4614134588509013,0,0.0,,53298
rate0.5_s12,0.0,q8_a0.8_or,70613,11.0,11.0,2.963333333333332,2.963333333333332,1.6590752656427916,1.6590752656427916,0,0.0,,52908
rate0.5_s12,0.0,q8_a0.8_or,70614,7.0,7.0,2.774999999999937,2.774999999999937,1.6040793695466198,1.6040793695466198,0,0.0,,52564
rate0.5_s12,0.0,q8_a0.8_or,70615,7.0,7.0,2.5866666666665994,2.5866666666665994,1.563962913848802,1.563962913848802,0,0.0,,53280
rate0.5_s12,0.0,q8_a0.8_or,70616,8.800000000000011,8.800000000000011,2.676666666666614,2.676666666666614,1.6217371168511694,1.6217371168511694,0,0.0,,51853
rate0.5_s12,0.0,q8_a0.8_or,70617,5.799999999999997,5.799999999999997,2.3299999999999637,2.3299999999999637,1.482972502207621,1.482972502207621,0,0.0,,52366
rate0.5_s12,0.0,q8_a0.8_or,70618,7.0,7.0,2.1199999999999313,2.1199999999999313,1.4818816468526645,1.4818816468526645,0,0.0,,53181
rate0.5_s12,0.0,q8_a0.8_or,70619,7.000000000000028,7.000000000000028,2.6733333333332747,2.6733333333332747,1.543916584531898,1.543916584531898,0,0.0,,52461
rate0.5_s12,0.0,q8_a0.8_or,70620,8.400000000000091,8.400000000000091,2.7833333333333004,2.7833333333333004,1.5981967524561966,1.5981967524561966,0,0.0,,52266
rate0.5_s12,0.0,q8_a0.8_or,70621,7.0,7.0,2.564999999999966,2.564999999999966,1.5847577623746802,1.5847577623746802,0,0.0,,52930
rate0.5_s12,0.0,q8_a0.8_or,70622,7.60000000000025,7.60000000000025,2.1649999999999068,2.1649999999999068,1.4868238669906644,1.4868238669906644,0,0.0,,52906
rate0.5_s12,0.0,q8_a0.8_or,70623,5.800000000000466,5.800000000000466,2.2549999999999786,2.2549999999999786,1.5493256756268363,1.5493256756268363,0,0.0,,55205
rate0.5_s12,0.0,q8_a0.8_or,70624,6.399999999999977,6.399999999999977,2.2949999999999338,2.2949999999999338,1.5518371612632007,1.5518371612632007,0,0.0,,52932
rate0.5_s12,0.0,q8_a0.8_or,70625,7.0,7.0,2.6783333333333066,2.6783333333333066,1.5832938380635062,1.5832938380635062,0,0.0,,51813
rate0.5_s12,0.0,q8_a0.8_or,70626,6.199999999999932,6.199999999999932,2.1449999999999583,2.1449999999999583,1.5022425217863669,1.5022425217863669,0,0.0,,52054
rate0.5_s12,0.0,q8_a0.8_or,70627,7.000000000000114,7.000000000000114,2.300000000000055,2.300000000000055,1.5470781049112345,1.5470781049112345,0,0.0,,52127
rate0.5_s12,0.0,q8_a0.8_or,70628,7.0,7.0,2.5833333333333712,2.5833333333333712,1.555592285771269,1.555592285771269,0,0.0,,53268
rate0.5_s12,0.0,q8_a0.8_or,70629,9.199999999999989,9.199999999999989,2.8383333333332943,2.8383333333332943,1.5694565730214027,1.5694565730214027,0,0.0,,52495
rate0.5_s12,0.0,q8_a0.8_and,70600,7.200000000000159,7.200000000000159,2.559999999999972,2.559999999999972,1.5951962774911126,1.5951962774911126,0,0.0,,52417
rate0.5_s12,0.0,q8_a0.8_and,70601,5.800000000000011,5.800000000000011,2.0866666666665887,2.0866666666665887,1.4683880482431972,1.4683880482431972,0,0.0,,53494
rate0.5_s12,0.0,q8_a0.8_and,70602,5.800000000000011,5.800000000000011,2.1549999999999843,2.1549999999999843,1.4440892640111853,1.4440892640111853,0,0.0,,53269
rate0.5_s12,0.0,q8_a0.8_and,70603,8.000000000000114,8.000000000000114,2.620000000000031,2.620000000000031,1.606900947269022,1.606900947269022,0,0.0,,53031
rate0.5_s12,0.0,q8_a0.8_and,70604,8.199999999999704,8.199999999999704,2.5783333333332976,2.5783333333332976,1.5756128729574423,1.5756128729574423,0,0.0,,52661
rate0.5_s12,0.0,q8_a0.8_and,70605,7.800000000000182,7.800000000000182,3.163333333333253,3.163333333333253,1.650483448362452,1.650483448362452,0,0.0,,53565
rate0.5_s12,0.0,q8_a0.8_and,70606,7.199999999999974,7.199999999999974,2.235000000000002,2.235000000000002,1.4574206927257862,1.4574206927257862,0,0.0,,52560
rate0.5_s12,0.0,q8_a0.8_and,70607,8.199999999999989,8.199999999999989,2.5266666666666264,2.5266666666666264,1.5518085907883523,1.5518085907883523,0,0.0,,52981
rate0.5_s12,0.0,q8_a0.8_and,70608,5.600000000000136,5.600000000000136,2.2749999999998933,2.2749999999998933,1.4901012838958825,1.4901012838958825,0,0.0,,52885
rate0.5_s12,0.0,q8_a0.8_and,70609,7.0,7.0,2.4449999999999745,2.4449999999999745,1.5117532621370964,1.5117532621370964,0,0.0,,53300
rate0.5_s12,0.0,q8_a0.8_and,70610,7.60000000000008,7.60000000000008,2.5233333333333063,2.5233333333333063,1.5249536946832276,1.5249536946832276,0,0.0,,52056
rate0.5_s12,0.0,q8_a0.8_and,70611,8.199999999999989,8.199999999999989,2.764999999999955,2.764999999999955,1.637243876314677,1.637243876314677,0,0.0,,52452
rate0.5_s12,0.0,q8_a0.8_and,70612,5.799999999999386,5.799999999999386,2.266666666666586,2.266666666666586,1.4614134588509013,1.4614134588509013,0,0.0,,53298
rate0.5_s12,0.0,q8_a0.8_and,70613,11.0,11.0,2.963333333333332,2.963333333333332,1.6590752656427916,1.6590752656427916,0,0.0,,52908
rate0.5_s12,0.0,q8_a0.8_and,70614,7.0,7.0,2.774999999999937,2.774999999999937,1.6040793695466198,1.6040793695466198,0,0.0,,52564
rate0.5_s12,0.0,q8_a0.8_and,70615,7.0,7.0,2.5866666666665994,2.5866666666665994,1.563962913848802,1.563962913848802,0,0.0,,53280
rate0.5_s12,0.0,q8_a0.8_and,70616,8.800000000000011,8.800000000000011,2.676666666666614,2.676666666666614,1.6217371168511694,1.6217371168511694,0,0.0,,51853
rate0.5_s12,0.0,q8_a0.8_and,70617,5.799999999999997,5.799999999999997,2.3299999999999637,2.3299999999999637,1.482972502207621,1.482972502207621,0,0.0,,52366
rate0.5_s12,0.0,q8_a0.8_and,70618,7.0,7.0,2.1199999999999313,2.1199999999999313,1.4818816468526645,1.4818816468526645,0,0.0,,53181
rate0.5_s12,0.0,q8_a0.8_and,70619,7.000000000000028,7.000000000000028,2.6733333333332747,2.6733333333332747,1.543916584531898,1.543916584531898,0,0.0,,52461
rate0.5_s12,0.0,q8_a0.8_and,70620,8.400000000000091,8.400000000000091,2.7833333333333004,2.7833333333333004,1.5981967524561966,1.5981967524561966,0,0.0,,52266
rate0.5_s12,0.0,q8_a0.8_and,70621,7.0,7.0,2.564999999999966,2.564999999999966,1.5847577623746802,1.5847577623746802,0,0.0,,52930
rate0.5_s12,0.0,q8_a0.8_and,70622,7.60000000000025,7.60000000000025,2.1649999999999068,2.1649999999999068,1.4868238669906644,1.4868238669906644,0,0.0,,52906
rate0.5_s12,0.0,q8_a0.8_and,70623,5.800000000000466,5.800000000000466,2.2549999999999786,2.2549999999999786,1.5493256756268363,1.5493256756268363,0,0.0,,55205
rate0.5_s12,0.0,q8_a0.8_and,70624,6.399999999999977,6.399999999999977,2.2949999999999338,2.2949999999999338,1.5518371612632007,1.5518371612632007,0,0.0,,52932
rate0.5_s12,0.0,q8_a0.8_and,70625,7.0,7.0,2.6783333333333066,2.6783333333333066,1.5832938380635062,1.5832938380635062,0,0.0,,51813
rate0.5_s12,0.0,q8_a0.8_and,70626,6.199999999999932,6.199999999999932,2.1449999999999583,2.1449999999999583,1.5022425217863669,1.5022425217863669,0,0.0,,52054
rate0.5_s12,0.0,q8_a0.8_and,70627,7.000000000000114,7.000000000000114,2.300000000000055,2.300000000000055,1.5470781049112345,1.5470781049112345,0,0.0,,52127
rate0.5_s12,0.0,q8_a0.8_and,70628,7.0,7.0,2.5833333333333712,2.5833333333333712,1.555592285771269,1.555592285771269,0,0.0,,53268
rate0.5_s12,0.0,q8_a0.8_and,70629,9.199999999999989,9.199999999999989,2.8383333333332943,2.8383333333332943,1.5694565730214027,1.5694565730214027,0,0.0,,52495
rate0.5_s12,0.0,q8_a1.5_or,70600,7.200000000000159,7.200000000000159,2.559999999999972,2.559999999999972,1.5951962774911126,1.5951962774911126,0,0.0,,52417
rate0.5_s12,0.0,q8_a1.5_or,70601,5.800000000000011,5.800000000000011,2.0866666666665887,2.0866666666665887,1.4683880482431972,1.4683880482431972,0,0.0,,53494
rate0.5_s12,0.0,q8_a1.5_or,70602,5.800000000000011,5.800000000000011,2.1549999999999843,2.1549999999999843,1.4440892640111853,1.4440892640111853,0,0.0,,53269
rate0.5_s12,0.0,q8_a1.5_or,70603,8.000000000000114,8.000000000000114,2.620000000000031,2.620000000000031,1.606900947269022,1.606900947269022,0,0.0,,53031
rate0.5_s12,0.0,q8_a1.5_or,70604,8.199999999999704,8.199999999999704,2.5783333333332976,2.5783333333332976,1.5756128729574423,1.5756128729574423,0,0.0,,52661
rate0.5_s12,0.0,q8_a1.5_or,70605,7.800000000000182,7.800000000000182,3.163333333333253,3.163333333333253,1.650483448362452,1.650483448362452,0,0.0,,53565
rate0.5_s12,0.0,q8_a1.5_or,70606,7.199999999999974,7.199999999999974,2.235000000000002,2.235000000000002,1.4574206927257862,1.4574206927257862,0,0.0,,52560
rate0.5_s12,0.0,q8_a1.5_or,70607,8.199999999999989,8.199999999999989,2.5266666666666264,2.5266666666666264,1.5518085907883523,1.5518085907883523,0,0.0,,52981
rate0.5_s12,0.0,q8_a1.5_or,70608,5.600000000000136,5.600000000000136,2.2749999999998933,2.2749999999998933,1.4901012838958825,1.4901012838958825,0,0.0,,52885
rate0.5_s12,0.0,q8_a1.5_or,70609,7.0,7.0,2.4449999999999745,2.4449999999999745,1.5117532621370964,1.5117532621370964,0,0.0,,53300
rate0.5_s12,0.0,q8_a1.5_or,70610,7.60000000000008,7.60000000000008,2.5233333333333063,2.5233333333333063,1.5249536946832276,1.5249536946832276,0,0.0,,52056
rate0.5_s12,0.0,q8_a1.5_or,70611,8.199999999999989,8.199999999999989,2.764999999999955,2.764999999999955,1.637243876314677,1.637243876314677,0,0.0,,52452
rate0.5_s12,0.0,q8_a1.5_or,70612,5.799999999999386,5.799999999999386,2.266666666666586,2.266666666666586,1.4614134588509013,1.4614134588509013,0,0.0,,53298
rate0.5_s12,0.0,q8_a1.5_or,70613,11.0,11.0,2.963333333333332,2.963333333333332,1.6590752656427916,1.6590752656427916,0,0.0,,52908
rate0.5_s12,0.0,q8_a1.5_or,70614,7.0,7.0,2.774999999999937,2.774999999999937,1.6040793695466198,1.6040793695466198,0,0.0,,52564
rate0.5_s12,0.0,q8_a1.5_or,70615,7.0,7.0,2.5866666666665994,2.5866666666665994,1.563962913848802,1.563962913848802,0,0.0,,53280
rate0.5_s12,0.0,q8_a1.5_or,70616,8.800000000000011,8.800000000000011,2.676666666666614,2.676666666666614,1.6217371168511694,1.6217371168511694,0,0.0,,51853
rate0.5_s12,0.0,q8_a1.5_or,70617,5.799999999999997,5.799999999999997,2.3299999999999637,2.3299999999999637,1.482972502207621,1.482972502207621,0,0.0,,52366
rate0.5_s12,0.0,q8_a1.5_or,70618,7.0,7.0,2.1199999999999313,2.1199999999999313,1.4818816468526645,1.4818816468526645,0,0.0,,53181
rate0.5_s12,0.0,q8_a1.5_or,70619,7.000000000000028,7.000000000000028,2.6733333333332747,2.6733333333332747,1.543916584531898,1.543916584531898,0,0.0,,52461
rate0.5_s12,0.0,q8_a1.5_or,70620,8.400000000000091,8.400000000000091,2.7833333333333004,2.7833333333333004,1.5981967524561966,1.5981967524561966,0,0.0,,52266
rate0.5_s12,0.0,q8_a1.5_or,70621,7.0,7.0,2.564999999999966,2.564999999999966,1.5847577623746802,1.5847577623746802,0,0.0,,52930
rate0.5_s12,0.0,q8_a1.5_or,70622,7.60000000000025,7.60000000000025,2.1649999999999068,2.1649999999999068,1.4868238669906644,1.4868238669906644,0,0.0,,52906
rate0.5_s12,0.0,q8_a1.5_or,70623,5.800000000000466,5.800000000000466,2.2549999999999786,2.2549999999999786,1.5493256756268363,1.5493256756268363,0,0.0,,55205
rate0.5_s12,0.0,q8_a1.5_or,70624,6.399999999999977,6.399999999999977,2.2949999999999338,2.2949999999999338,1.5518371612632007,1.5518371612632007,0,0.0,,52932
rate0.5_s12,0.0,q8_a1.5_or,70625,7.0,7.0,2.6783333333333066,2.6783333333333066,1.5832938380635062,1.5832938380635062,0,0.0,,51813
rate0.5_s12,0.0,q8_a1.5_or,70626,6.199999999999932,6.199999999999932,2.1449999999999583,2.1449999999999583,1.5022425217863669,1.5022425217863669,0,0.0,,52054
rate0.5_s12,0.0,q8_a1.5_or,70627,7.000000000000114,7.000000000000114,2.300000000000055,2.300000000000055,1.5470781049112345,1.5470781049112345,0,0.0,,52127
rate0.5_s12,0.0,q8_a1.5_or,70628,7.0,7.0,2.5833333333333712,2.5833333333333712,1.555592285771269,1.555592285771269,0,0.0,,53268
rate0.5_s12,0.0,q8_a1.5_or,70629,9.199999999999989,9.199999999999989,2.8383333333332943,2.8383333333332943,1.5694565730214027,1.5694565730214027,0,0.0,,52495
rate0.5_s12,0.0,q8_a1.5_and,70600,7.200000000000159,7.200000000000159,2.559999999999972,2.559999999999972,1.5951962774911126,1.5951962774911126,0,0.0,,52417
rate0.5_s12,0.0,q8_a1.5_and,70601,5.800000000000011,5.800000000000011,2.0866666666665887,2.0866666666665887,1.4683880482431972,1.4683880482431972,0,0.0,,53494
rate0.5_s12,0.0,q8_a1.5_and,70602,5.800000000000011,5.800000000000011,2.1549999999999843,2.1549999999999843,1.4440892640111853,1.4440892640111853,0,0.0,,53269
rate0.5_s12,0.0,q8_a1.5_and,70603,8.000000000000114,8.000000000000114,2.620000000000031,2.620000000000031,1.606900947269022,1.606900947269022,0,0.0,,53031
rate0.5_s12,0.0,q8_a1.5_and,70604,8.199999999999704,8.199999999999704,2.5783333333332976,2.5783333333332976,1.5756128729574423,1.5756128729574423,0,0.0,,52661
rate0.5_s12,0.0,q8_a1.5_and,70605,7.800000000000182,7.800000000000182,3.163333333333253,3.163333333333253,1.650483448362452,1.650483448362452,0,0.0,,53565
rate0.5_s12,0.0,q8_a1.5_and,70606,7.199999999999974,7.199999999999974,2.235000000000002,2.235000000000002,1.4574206927257862,1.4574206927257862,0,0.0,,52560
rate0.5_s12,0.0,q8_a1.5_and,70607,8.199999999999989,8.199999999999989,2.5266666666666264,2.5266666666666264,1.5518085907883523,1.5518085907883523,0,0.0,,52981
rate0.5_s12,0.0,q8_a1.5_and,70608,5.600000000000136,5.600000000000136,2.2749999999998933,2.2749999999998933,1.4901012838958825,1.4901012838958825,0,0.0,,52885
rate0.5_s12,0.0,q8_a1.5_and,70609,7.0,7.0,2.4449999999999745,2.4449999999999745,1.5117532621370964,1.5117532621370964,0,0.0,,53300
rate0.5_s12,0.0,q8_a1.5_and,70610,7.60000000000008,7.60000000000008,2.5233333333333063,2.5233333333333063,1.5249536946832276,1.5249536946832276,0,0.0,,52056
rate0.5_s12,0.0,q8_a1.5_and,70611,8.199999999999989,8.199999999999989,2.764999999999955,2.764999999999955,1.637243876314677,1.637243876314677,0,0.0,,52452
rate0.5_s12,0.0,q8_a1.5_and,70612,5.799999999999386,5.799999999999386,2.266666666666586,2.266666666666586,1.4614134588509013,1.4614134588509013,0,0.0,,53298
rate0.5_s12,0.0,q8_a1.5_and,70613,11.0,11.0,2.963333333333332,2.963333333333332,1.6590752656427916,1.6590752656427916,0,0.0,,52908
rate0.5_s12,0.0,q8_a1.5_and,70614,7.0,7.0,2.774999999999937,2.774999999999937,1.6040793695466198,1.6040793695466198,0,0.0,,52564
rate0.5_s12,0.0,q8_a1.5_and,70615,7.0,7.0,2.5866666666665994,2.5866666666665994,1.563962913848802,1.563962913848802,0,0.0,,53280
rate0.5_s12,0.0,q8_a1.5_and,70616,8.800000000000011,8.800000000000011,2.676666666666614,2.676666666666614,1.6217371168511694,1.6217371168511694,0,0.0,,51853
rate0.5_s12,0.0,q8_a1.5_and,70617,5.799999999999997,5.799999999999997,2.3299999999999637,2.3299999999999637,1.482972502207621,1.482972502207621,0,0.0,,52366
rate0.5_s12,0.0,q8_a1.5_and,70618,7.0,7.0,2.1199999999999313,2.1199999999999313,1.4818816468526645,1.4818816468526645,0,0.0,,53181
rate0.5_s12,0.0,q8_a1.5_and,70619,7.000000000000028,7.000000000000028,2.6733333333332747,2.6733333333332747,1.543916584531898,1.543916584531898,0,0.0,,52461
rate0.5_s12,0.0,q8_a1.5_and,70620,8.400000000000091,8.400000000000091,2.7833333333333004,2.7833333333333004,1.5981967524561966,1.5981967524561966,0,0.0,,52266
rate0.5_s12,0.0,q8_a1.5_and,70621,7.0,7.0,2.564999999999966,2.564999999999966,1.5847577623746802,1.5847577623746802,0,0.0,,52930
rate0.5_s12,0.0,q8_a1.5_and,70622,7.60000000000025,7.60000000000025,2.1649999999999068,2.1649999999999068,1.4868238669906644,1.4868238669906644,0,0.0,,52906
rate0.5_s12,0.0,q8_a1.5_and,70623,5.800000000000466,5.800000000000466,2.2549999999999786,2.2549999999999786,1.5493256756268363,1.5493256756268363,0,0.0,,55205
rate0.5_s12,0.0,q8_a1.5_and,70624,6.399999999999977,6.399999999999977,2.2949999999999338,2.2949999999999338,1.5518371612632007,1.5518371612632007,0,0.0,,52932
rate0.5_s12,0.0,q8_a1.5_and,70625,7.0,7.0,2.6783333333333066,2.6783333333333066,1.5832938380635062,1.5832938380635062,0,0.0,,51813
rate0.5_s12,0.0,q8_a1.5_and,70626,6.199999999999932,6.199999999999932,2.1449999999999583,2.1449999999999583,1.5022425217863669,1.5022425217863669,0,0.0,,52054
rate0.5_s12,0.0,q8_a1.5_and,70627,7.000000000000114,7.000000000000114,2.300000000000055,2.300000000000055,1.5470781049112345,1.5470781049112345,0,0.0,,52127
rate0.5_s12,0.0,q8_a1.5_and,70628,7.0,7.0,2.5833333333333712,2.5833333333333712,1.555592285771269,1.555592285771269,0,0.0,,53268
rate0.5_s12,0.0,q8_a1.5_and,70629,9.199999999999989,9.199999999999989,2.8383333333332943,2.8383333333332943,1.5694565730214027,1.5694565730214027,0,0.0,,52495
rate0.5_s12,0.5,q2_a0.8_or,70600,5.800000000000011,5.0,2.1849999999999605,1.9724999999999773,1.5937292563883387,1.5509689968510512,25,1.0,1.0,53702
rate0.5_s12,0.5,q2_a0.8_or,70601,8.399999999999636,5.60000000000008,2.609166666666601,2.12833333333332,1.6074913434204465,1.5683700713337574,32,1.0,1.0,53803
rate0.5_s12,0.5,q2_a0.8_or,70602,7.700000000000102,4.899999999999864,2.606666666666676,1.9183333333333004,1.6117099739753924,1.4982745676572113,22,1.0,1.0,53545
rate0.5_s12,0.5,q2_a0.8_or,70603,6.400000000000091,5.000000000000284,2.3750000000000067,2.0741666666666685,1.5838454658656838,1.5196674914300323,26,1.0,1.0,54105
rate0.5_s12,0.5,q2_a0.8_or,70604,6.999999999999972,4.2000000000000455,2.405833333333312,1.862499999999924,1.5384447274920028,1.4663126334162506,20,1.0,1.0,54180
rate0.5_s12,0.5,q2_a0.8_or,70605,7.60000000000008,5.7000000000000455,2.8333333333331407,2.097499999999809,1.6229404256108195,1.5130718529584974,28,1.0,1.0,53665
rate0.5_s12,0.5,q2_a0.8_or,70606,7.199999999999974,4.300000000000068,2.385833333333336,1.7208333333333528,1.5555136420396116,1.4704166084028436,25,1.0,1.0,53661
rate0.5_s12,0.5,q2_a0.8_or,70607,7.199999999999591,5.800000000000011,2.6633333333332825,2.1733333333333165,1.54064158889134,1.503115857071099,24,1.0,1.0,54431
rate0.5_s12,0.5,q2_a0.8_or,70608,5.800000000000523,5.0,2.2233333333332554,1.8783333333332046,1.620076827103422,1.473741165136967,24,1.0,1.0,53672
rate0.5_s12,0.5,q2_a0.8_or,70609,7.999999999999972,5.199999999999932,2.6983333333333617,1.9983333333332596,1.6097222119660153,1.5145343855042392,25,1.0,1.0,53583
rate0.5_s12,0.5,q2_a0.8_or,70610,8.399999999999409,5.5,2.784166666666621,2.05583333333338,1.59195149932143,1.5907176915721133,24,1.0,1.0,53186
rate0.5_s12,0.5,q2_a0.8_or,70611,5.2999999999996135,4.400000000000205,2.1274999999999804,1.7849999999999422,1.4537584002738093,1.4737125187149824,25,1.0,1.0,53653
rate0.5_s12,0.5,q2_a0.8_or,70612,7.400000000000148,5.800000000000011,2.5099999999999767,2.098333333333326,1.598619851706341,1.5494976353959127,25,1.0,1.0,53022
rate0.5_s12,0.5,q2_a0.8_or,70613,9.2999999999995,5.299999999998477,2.6941666666666766,2.097499999999963,1.5870344056688452,1.516818772501338,28,1.0,1.0,53615
rate0.5_s12,0.5,q2_a0.8_or,70614,7.0,4.699999999999932,2.547499999999943,1.9624999999999697,1.545569806997155,1.502469000320018,28,1.0,1.0,54040
rate0.5_s12,0.5,q2_a0.8_or,70615,7.0,5.0,2.5008333333333335,2.019166666666644,1.5794142620496652,1.5060729962674972,27,1.0,1.0,54079
rate0.5_s12,0.5,q2_a0.8_or,70616,7.0,4.900000000000091,2.5549999999999136,1.933333333333222,1.5580092810055675,1.480133299776203,20,1.0,1.0,53695
rate0.5_s12,0.5,q2_a0.8_or,70617,5.800000000000352,5.0,2.4433333333333143,2.0475000000000154,1.5463909873179513,1.4554367430495432,24,1.0,1.0,54275
rate0.5_s12,0.5,q2_a0.8_or,70618,5.600000000000136,4.900000000000318,2.0466666666666393,1.9150000000000014,1.4261476702479807,1.4850362964569177,17,1.0,1.0,53773
rate0.5_s12,0.5,q2_a0.8_or,70619,9.400000000000091,5.399999999999636,2.976666666666617,1.951666666666604,1.668315948705756,1.5281367285206644,26,1.0,1.0,53768
rate0.5_s12,0.5,q2_a0.8_or,70620,6.200000000000273,5.600000000000136,2.5899999999999626,2.084999999999977,1.585663807846038,1.4608456873958056,31,1.0,1.0,53514
rate0.5_s12,0.5,q2_a0.8_or,70621,6.19999999999996,5.199999999999989,2.3499999999999295,2.066666666666592,1.6281073057105069,1.5072451038102785,27,1.0,1.0,54277
rate0.5_s12,0.5,q2_a0.8_or,70622,7.0,4.600000000000108,2.254166666666549,1.9183333333332349,1.5313798931920426,1.5450946978416158,25,1.0,1.0,54669
rate0.5_s12,0.5,q2_a0.8_or,70623,6.199999999999989,4.5000000000001705,2.482499999999983,1.9941666666667226,1.6280896003471292,1.5102896326547783,27,1.0,1.0,53388
rate0.5_s12,0.5,q2_a0.8_or,70624,7.500000000000114,5.000000000000114,2.590833333333351,1.9408333333333367,1.597053128670518,1.5417713487506954,28,1.0,1.0,53871
rate0.5_s12,0.5,q2_a0.8_or,70625,7.699999999999989,4.899999999999977,2.8699999999999606,2.084166666666646,1.5566445582316735,1.5729954137496551,24,1.0,1.0,52301
rate0.5_s12,0.5,q2_a0.8_or,70626,6.099999999999966,5.0,2.299166666666543,2.009999999999983,1.54821569071266,1.5362068117467613,26,1.0,1.0,53485
rate0.5_s12,0.5,q2_a0.8_or,70627,5.59999999999998,5.59999999999998,2.2224999999999633,2.162500000000018,1.516914471709561,1.5281044529045005,25,1.0,1.0,53234
rate0.5_s12,0.5,q2_a0.8_or,70628,7.800000000000011,4.999999999999659,2.581666666666676,2.03833333333339,1.5281884764221976,1.5332680099750169,25,1.0,1.0,53548
rate0.5_s12,0.5,q2_a0.8_or,70629,9.200000000000102,5.199999999999136,2.8416666666666006,1.909999999999954,1.6074033509738768,1.5406320899668986,23,1.0,1.0,53373
rate0.5_s12,0.5,q2_a0.8_and,70600,5.800000000000011,5.800000000000011,2.1849999999999605,2.1849999999999605,1.5937292563883387,1.5937292563883387,0,0.0,,52994
rate0.5_s12,0.5,q2_a0.8_and,70601,8.399999999999636,8.399999999999636,2.609166666666601,2.609166666666601,1.6074913434204465,1.6074913434204465,0,0.0,,52257
rate0.5_s12,0.5,q2_a0.8_and,70602,7.700000000000102,7.700000000000102,2.606666666666676,2.606666666666676,1.6117099739753924,1.6117099739753924,0,0.0,,52553
rate0.5_s12,0.5,q2_a0.8_and,70603,6.400000000000091,6.400000000000091,2.3750000000000067,2.3750000000000067,1.5838454658656838,1.5838454658656838,0,0.0,,53368
rate0.5_s12,0.5,q2_a0.8_and,70604,6.999999999999972,6.999999999999972,2.405833333333312,2.405833333333312,1.5384447274920028,1.5384447274920028,0,0.0,,52479
rate0.5_s12,0.5,q2_a0.8_and,70605,7.60000000000008,7.60000000000008,2.8333333333331407,2.8333333333331407,1.6229404256108195,1.6229404256108195,0,0.0,,52907
rate0.5_s12,0.5,q2_a0.8_and,70606,7.199999999999974,7.199999999999974,2.385833333333336,2.385833333333336,1.5555136420396116,1.5555136420396116,0,0.0,,52869
rate0.5_s12,0.5,q2_a0.8_and,70607,7.199999999999591,7.199999999999591,2.6633333333332825,2.6633333333332825,1.54064158889134,1.54064158889134,0,0.0,,53079
rate0.5_s12,0.5,q2_a0.8_and,70608,5.800000000000523,5.800000000000523,2.2233333333332554,2.2233333333332554,1.620076827103422,1.620076827103422,0,0.0,,52748
rate0.5_s12,0.5,q2_a0.8_and,70609,7.999999999999972,7.999999999999972,2.6983333333333617,2.6983333333333617,1.6097222119660153,1.6097222119660153,0,0.0,,53442
rate0.5_s12,0.5,q2_a0.8_and,70610,8.399999999999409,8.399999999999409,2.784166666666621,2.784166666666621,1.59195149932143,1.59195149932143,0,0.0,,52675
rate0.5_s12,0.5,q2_a0.8_and,70611,5.2999999999996135,5.2999999999996135,2.1274999999999804,2.1274999999999804,1.4537584002738093,1.4537584002738093,0,0.0,,52074
rate0.5_s12,0.5,q2_a0.8_and,70612,7.400000000000148,7.400000000000148,2.5099999999999767,2.5099999999999767,1.598619851706341,1.598619851706341,0,0.0,,53111
rate0.5_s12,0.5,q2_a0.8_and,70613,9.2999999999995,9.2999999999995,2.6941666666666766,2.6941666666666766,1.5870344056688452,1.5870344056688452,0,0.0,,53058
rate0.5_s12,0.5,q2_a0.8_and,70614,7.0,7.0,2.547499999999943,2.547499999999943,1.545569806997155,1.545569806997155,0,0.0,,53036
rate0.5_s12,0.5,q2_a0.8_and,70615,7.0,7.0,2.5008333333333335,2.5008333333333335,1.5794142620496652,1.5794142620496652,0,0.0,,52722
rate0.5_s12,0.5,q2_a0.8_and,70616,7.0,7.0,2.5549999999999136,2.5549999999999136,1.5580092810055675,1.5580092810055675,0,0.0,,53095
rate0.5_s12,0.5,q2_a0.8_and,70617,5.800000000000352,5.800000000000352,2.4433333333333143,2.4433333333333143,1.5463909873179513,1.5463909873179513,0,0.0,,52873
rate0.5_s12,0.5,q2_a0.8_and,70618,5.600000000000136,5.600000000000136,2.0466666666666393,2.0466666666666393,1.4261476702479807,1.4261476702479807,0,0.0,,52914
rate0.5_s12,0.5,q2_a0.8_and,70619,9.400000000000091,9.400000000000091,2.976666666666617,2.976666666666617,1.668315948705756,1.668315948705756,0,0.0,,52154
rate0.5_s12,0.5,q2_a0.8_and,70620,6.200000000000273,6.200000000000273,2.5899999999999626,2.5899999999999626,1.585663807846038,1.585663807846038,0,0.0,,52483
rate0.5_s12,0.5,q2_a0.8_and,70621,6.19999999999996,6.19999999999996,2.3499999999999295,2.3499999999999295,1.6281073057105069,1.6281073057105069,0,0.0,,53484
rate0.5_s12,0.5,q2_a0.8_and,70622,7.0,7.0,2.254166666666549,2.254166666666549,1.5313798931920426,1.5313798931920426,0,0.0,,52758
rate0.5_s12,0.5,q2_a0.8_and,70623,6.199999999999989,6.199999999999989,2.482499999999983,2.482499999999983,1.6280896003471292,1.6280896003471292,0,0.0,,52461
rate0.5_s12,0.5,q2_a0.8_and,70624,7.500000000000114,7.500000000000114,2.590833333333351,2.590833333333351,1.597053128670518,1.597053128670518,0,0.0,,53193
rate0.5_s12,0.5,q2_a0.8_and,70625,7.699999999999989,7.699999999999989,2.8699999999999606,2.8699999999999606,1.5566445582316735,1.5566445582316735,0,0.0,,51795
rate0.5_s12,0.5,q2_a0.8_and,70626,6.099999999999966,6.099999999999966,2.299166666666543,2.299166666666543,1.54821569071266,1.54821569071266,0,0.0,,52571
rate0.5_s12,0.5,q2_a0.8_and,70627,5.59999999999998,5.59999999999998,2.2224999999999633,2.2224999999999633,1.516914471709561,1.516914471709561,0,0.0,,53013
rate0.5_s12,0.5,q2_a0.8_and,70628,7.800000000000011,7.800000000000011,2.581666666666676,2.581666666666676,1.5281884764221976,1.5281884764221976,0,0.0,,52425
rate0.5_s12,0.5,q2_a0.8_and,70629,9.200000000000102,9.200000000000102,2.8416666666666006,2.8416666666666006,1.6074033509738768,1.6074033509738768,0,0.0,,51855
rate0.5_s12,0.5,q2_a1.5_or,70600,5.800000000000011,5.0,2.1849999999999605,1.9724999999999773,1.5937292563883387,1.5509689968510512,25,1.0,1.0,53702
rate0.5_s12,0.5,q2_a1.5_or,70601,8.399999999999636,5.60000000000008,2.609166666666601,2.12833333333332,1.6074913434204465,1.5683700713337574,32,1.0,1.0,53803
rate0.5_s12,0.5,q2_a1.5_or,70602,7.700000000000102,4.899999999999864,2.606666666666676,1.9183333333333004,1.6117099739753924,1.4982745676572113,22,1.0,1.0,53545
rate0.5_s12,0.5,q2_a1.5_or,70603,6.400000000000091,5.000000000000284,2.3750000000000067,2.0741666666666685,1.5838454658656838,1.5196674914300323,26,1.0,1.0,54105
rate0.5_s12,0.5,q2_a1.5_or,70604,6.999999999999972,4.2000000000000455,2.405833333333312,1.862499999999924,1.5384447274920028,1.4663126334162506,20,1.0,1.0,54180
rate0.5_s12,0.5,q2_a1.5_or,70605,7.60000000000008,5.7000000000000455,2.8333333333331407,2.097499999999809,1.6229404256108195,1.5130718529584974,28,1.0,1.0,53665
rate0.5_s12,0.5,q2_a1.5_or,70606,7.199999999999974,4.300000000000068,2.385833333333336,1.7208333333333528,1.5555136420396116,1.4704166084028436,25,1.0,1.0,53661
rate0.5_s12,0.5,q2_a1.5_or,70607,7.199999999999591,5.800000000000011,2.6633333333332825,2.1733333333333165,1.54064158889134,1.503115857071099,24,1.0,1.0,54431
rate0.5_s12,0.5,q2_a1.5_or,70608,5.800000000000523,5.0,2.2233333333332554,1.8783333333332046,1.620076827103422,1.473741165136967,24,1.0,1.0,53672
rate0.5_s12,0.5,q2_a1.5_or,70609,7.999999999999972,5.199999999999932,2.6983333333333617,1.9983333333332596,1.6097222119660153,1.5145343855042392,25,1.0,1.0,53583
rate0.5_s12,0.5,q2_a1.5_or,70610,8.399999999999409,5.5,2.784166666666621,2.05583333333338,1.59195149932143,1.5907176915721133,24,1.0,1.0,53186
rate0.5_s12,0.5,q2_a1.5_or,70611,5.2999999999996135,4.400000000000205,2.1274999999999804,1.7849999999999422,1.4537584002738093,1.4737125187149824,25,1.0,1.0,53653
rate0.5_s12,0.5,q2_a1.5_or,70612,7.400000000000148,5.800000000000011,2.5099999999999767,2.098333333333326,1.598619851706341,1.5494976353959127,25,1.0,1.0,53022
rate0.5_s12,0.5,q2_a1.5_or,70613,9.2999999999995,5.299999999998477,2.6941666666666766,2.097499999999963,1.5870344056688452,1.516818772501338,28,1.0,1.0,53615
rate0.5_s12,0.5,q2_a1.5_or,70614,7.0,4.699999999999932,2.547499999999943,1.9624999999999697,1.545569806997155,1.502469000320018,28,1.0,1.0,54040
rate0.5_s12,0.5,q2_a1.5_or,70615,7.0,5.0,2.5008333333333335,2.019166666666644,1.5794142620496652,1.5060729962674972,27,1.0,1.0,54079
rate0.5_s12,0.5,q2_a1.5_or,70616,7.0,4.900000000000091,2.5549999999999136,1.933333333333222,1.5580092810055675,1.480133299776203,20,1.0,1.0,53695
rate0.5_s12,0.5,q2_a1.5_or,70617,5.800000000000352,5.0,2.4433333333333143,2.0475000000000154,1.5463909873179513,1.4554367430495432,24,1.0,1.0,54275
rate0.5_s12,0.5,q2_a1.5_or,70618,5.600000000000136,4.900000000000318,2.0466666666666393,1.9150000000000014,1.4261476702479807,1.4850362964569177,17,1.0,1.0,53773
rate0.5_s12,0.5,q2_a1.5_or,70619,9.400000000000091,5.399999999999636,2.976666666666617,1.951666666666604,1.668315948705756,1.5281367285206644,26,1.0,1.0,53768
rate0.5_s12,0.5,q2_a1.5_or,70620,6.200000000000273,5.600000000000136,2.5899999999999626,2.084999999999977,1.585663807846038,1.4608456873958056,31,1.0,1.0,53514
rate0.5_s12,0.5,q2_a1.5_or,70621,6.19999999999996,5.199999999999989,2.3499999999999295,2.066666666666592,1.6281073057105069,1.5072451038102785,27,1.0,1.0,54277
rate0.5_s12,0.5,q2_a1.5_or,70622,7.0,4.600000000000108,2.254166666666549,1.9183333333332349,1.5313798931920426,1.5450946978416158,25,1.0,1.0,54669
rate0.5_s12,0.5,q2_a1.5_or,70623,6.199999999999989,4.5000000000001705,2.482499999999983,1.9941666666667226,1.6280896003471292,1.5102896326547783,27,1.0,1.0,53388
rate0.5_s12,0.5,q2_a1.5_or,70624,7.500000000000114,5.000000000000114,2.590833333333351,1.9408333333333367,1.597053128670518,1.5417713487506954,28,1.0,1.0,53871
rate0.5_s12,0.5,q2_a1.5_or,70625,7.699999999999989,4.899999999999977,2.8699999999999606,2.084166666666646,1.5566445582316735,1.5729954137496551,24,1.0,1.0,52301
rate0.5_s12,0.5,q2_a1.5_or,70626,6.099999999999966,5.0,2.299166666666543,2.009999999999983,1.54821569071266,1.5362068117467613,26,1.0,1.0,53485
rate0.5_s12,0.5,q2_a1.5_or,70627,5.59999999999998,5.59999999999998,2.2224999999999633,2.162500000000018,1.516914471709561,1.5281044529045005,25,1.0,1.0,53234
rate0.5_s12,0.5,q2_a1.5_or,70628,7.800000000000011,4.999999999999659,2.581666666666676,2.03833333333339,1.5281884764221976,1.5332680099750169,25,1.0,1.0,53548
rate0.5_s12,0.5,q2_a1.5_or,70629,9.200000000000102,5.199999999999136,2.8416666666666006,1.909999999999954,1.6074033509738768,1.5406320899668986,23,1.0,1.0,53373
rate0.5_s12,0.5,q2_a1.5_and,70600,5.800000000000011,5.800000000000011,2.1849999999999605,2.1849999999999605,1.5937292563883387,1.5937292563883387,0,0.0,,52994
rate0.5_s12,0.5,q2_a1.5_and,70601,8.399999999999636,8.399999999999636,2.609166666666601,2.609166666666601,1.6074913434204465,1.6074913434204465,0,0.0,,52257
rate0.5_s12,0.5,q2_a1.5_and,70602,7.700000000000102,7.700000000000102,2.606666666666676,2.606666666666676,1.6117099739753924,1.6117099739753924,0,0.0,,52553
rate0.5_s12,0.5,q2_a1.5_and,70603,6.400000000000091,6.400000000000091,2.3750000000000067,2.3750000000000067,1.5838454658656838,1.5838454658656838,0,0.0,,53368
rate0.5_s12,0.5,q2_a1.5_and,70604,6.999999999999972,6.999999999999972,2.405833333333312,2.405833333333312,1.5384447274920028,1.5384447274920028,0,0.0,,52479
rate0.5_s12,0.5,q2_a1.5_and,70605,7.60000000000008,7.60000000000008,2.8333333333331407,2.8333333333331407,1.6229404256108195,1.6229404256108195,0,0.0,,52907
rate0.5_s12,0.5,q2_a1.5_and,70606,7.199999999999974,7.199999999999974,2.385833333333336,2.385833333333336,1.5555136420396116,1.5555136420396116,0,0.0,,52869
rate0.5_s12,0.5,q2_a1.5_and,70607,7.199999999999591,7.199999999999591,2.6633333333332825,2.6633333333332825,1.54064158889134,1.54064158889134,0,0.0,,53079
rate0.5_s12,0.5,q2_a1.5_and,70608,5.800000000000523,5.800000000000523,2.2233333333332554,2.2233333333332554,1.620076827103422,1.620076827103422,0,0.0,,52748
rate0.5_s12,0.5,q2_a1.5_and,70609,7.999999999999972,7.999999999999972,2.6983333333333617,2.6983333333333617,1.6097222119660153,1.6097222119660153,0,0.0,,53442
rate0.5_s12,0.5,q2_a1.5_and,70610,8.399999999999409,8.399999999999409,2.784166666666621,2.784166666666621,1.59195149932143,1.59195149932143,0,0.0,,52675
rate0.5_s12,0.5,q2_a1.5_and,70611,5.2999999999996135,5.2999999999996135,2.1274999999999804,2.1274999999999804,1.4537584002738093,1.4537584002738093,0,0.0,,52074
rate0.5_s12,0.5,q2_a1.5_and,70612,7.400000000000148,7.400000000000148,2.5099999999999767,2.5099999999999767,1.598619851706341,1.598619851706341,0,0.0,,53111
rate0.5_s12,0.5,q2_a1.5_and,70613,9.2999999999995,9.2999999999995,2.6941666666666766,2.6941666666666766,1.5870344056688452,1.5870344056688452,0,0.0,,53058
rate0.5_s12,0.5,q2_a1.5_and,70614,7.0,7.0,2.547499999999943,2.547499999999943,1.545569806997155,1.545569806997155,0,0.0,,53036
rate0.5_s12,0.5,q2_a1.5_and,70615,7.0,7.0,2.5008333333333335,2.5008333333333335,1.5794142620496652,1.5794142620496652,0,0.0,,52722
rate0.5_s12,0.5,q2_a1.5_and,70616,7.0,7.0,2.5549999999999136,2.5549999999999136,1.5580092810055675,1.5580092810055675,0,0.0,,53095
rate0.5_s12,0.5,q2_a1.5_and,70617,5.800000000000352,5.800000000000352,2.4433333333333143,2.4433333333333143,1.5463909873179513,1.5463909873179513,0,0.0,,52873
rate0.5_s12,0.5,q2_a1.5_and,70618,5.600000000000136,5.600000000000136,2.0466666666666393,2.0466666666666393,1.4261476702479807,1.4261476702479807,0,0.0,,52914
rate0.5_s12,0.5,q2_a1.5_and,70619,9.400000000000091,9.400000000000091,2.976666666666617,2.976666666666617,1.668315948705756,1.668315948705756,0,0.0,,52154
rate0.5_s12,0.5,q2_a1.5_and,70620,6.200000000000273,6.200000000000273,2.5899999999999626,2.5899999999999626,1.585663807846038,1.585663807846038,0,0.0,,52483
rate0.5_s12,0.5,q2_a1.5_and,70621,6.19999999999996,6.19999999999996,2.3499999999999295,2.3499999999999295,1.6281073057105069,1.6281073057105069,0,0.0,,53484
rate0.5_s12,0.5,q2_a1.5_and,70622,7.0,7.0,2.254166666666549,2.254166666666549,1.5313798931920426,1.5313798931920426,0,0.0,,52758
rate0.5_s12,0.5,q2_a1.5_and,70623,6.199999999999989,6.199999999999989,2.482499999999983,2.482499999999983,1.6280896003471292,1.6280896003471292,0,0.0,,52461
rate0.5_s12,0.5,q2_a1.5_and,70624,7.500000000000114,7.500000000000114,2.590833333333351,2.590833333333351,1.597053128670518,1.597053128670518,0,0.0,,53193
rate0.5_s12,0.5,q2_a1.5_and,70625,7.699999999999989,7.699999999999989,2.8699999999999606,2.8699999999999606,1.5566445582316735,1.5566445582316735,0,0.0,,51795
rate0.5_s12,0.5,q2_a1.5_and,70626,6.099999999999966,6.099999999999966,2.299166666666543,2.299166666666543,1.54821569071266,1.54821569071266,0,0.0,,52571
rate0.5_s12,0.5,q2_a1.5_and,70627,5.59999999999998,5.59999999999998,2.2224999999999633,2.2224999999999633,1.516914471709561,1.516914471709561,0,0.0,,53013
rate0.5_s12,0.5,q2_a1.5_and,70628,7.800000000000011,7.800000000000011,2.581666666666676,2.581666666666676,1.5281884764221976,1.5281884764221976,0,0.0,,52425
rate0.5_s12,0.5,q2_a1.5_and,70629,9.200000000000102,9.200000000000102,2.8416666666666006,2.8416666666666006,1.6074033509738768,1.6074033509738768,0,0.0,,51855
rate0.5_s12,0.5,q4_a0.8_or,70600,5.800000000000011,5.800000000000011,2.1849999999999605,2.1849999999999605,1.5937292563883387,1.5937292563883387,0,0.0,,52994
rate0.5_s12,0.5,q4_a0.8_or,70601,8.399999999999636,8.399999999999636,2.609166666666601,2.609166666666601,1.6074913434204465,1.6074913434204465,0,0.0,,52257
rate0.5_s12,0.5,q4_a0.8_or,70602,7.700000000000102,7.700000000000102,2.606666666666676,2.606666666666676,1.6117099739753924,1.6117099739753924,0,0.0,,52553
rate0.5_s12,0.5,q4_a0.8_or,70603,6.400000000000091,6.400000000000091,2.3750000000000067,2.3750000000000067,1.5838454658656838,1.5838454658656838,0,0.0,,53368
rate0.5_s12,0.5,q4_a0.8_or,70604,6.999999999999972,6.999999999999972,2.405833333333312,2.405833333333312,1.5384447274920028,1.5384447274920028,0,0.0,,52479
rate0.5_s12,0.5,q4_a0.8_or,70605,7.60000000000008,7.60000000000008,2.8333333333331407,2.8333333333331407,1.6229404256108195,1.6229404256108195,0,0.0,,52907
rate0.5_s12,0.5,q4_a0.8_or,70606,7.199999999999974,7.199999999999974,2.385833333333336,2.385833333333336,1.5555136420396116,1.5555136420396116,0,0.0,,52869
rate0.5_s12,0.5,q4_a0.8_or,70607,7.199999999999591,7.199999999999591,2.6633333333332825,2.6633333333332825,1.54064158889134,1.54064158889134,0,0.0,,53079
rate0.5_s12,0.5,q4_a0.8_or,70608,5.800000000000523,5.800000000000523,2.2233333333332554,2.2233333333332554,1.620076827103422,1.620076827103422,0,0.0,,52748
rate0.5_s12,0.5,q4_a0.8_or,70609,7.999999999999972,7.999999999999972,2.6983333333333617,2.6983333333333617,1.6097222119660153,1.6097222119660153,0,0.0,,53442
rate0.5_s12,0.5,q4_a0.8_or,70610,8.399999999999409,8.399999999999409,2.784166666666621,2.784166666666621,1.59195149932143,1.59195149932143,0,0.0,,52675
rate0.5_s12,0.5,q4_a0.8_or,70611,5.2999999999996135,5.2999999999996135,2.1274999999999804,2.1274999999999804,1.4537584002738093,1.4537584002738093,0,0.0,,52074
rate0.5_s12,0.5,q4_a0.8_or,70612,7.400000000000148,7.400000000000148,2.5099999999999767,2.5099999999999767,1.598619851706341,1.598619851706341,0,0.0,,53111
rate0.5_s12,0.5,q4_a0.8_or,70613,9.2999999999995,9.2999999999995,2.6941666666666766,2.6941666666666766,1.5870344056688452,1.5870344056688452,0,0.0,,53058
rate0.5_s12,0.5,q4_a0.8_or,70614,7.0,7.0,2.547499999999943,2.547499999999943,1.545569806997155,1.545569806997155,0,0.0,,53036
rate0.5_s12,0.5,q4_a0.8_or,70615,7.0,7.0,2.5008333333333335,2.5008333333333335,1.5794142620496652,1.5794142620496652,0,0.0,,52722
rate0.5_s12,0.5,q4_a0.8_or,70616,7.0,7.0,2.5549999999999136,2.5549999999999136,1.5580092810055675,1.5580092810055675,0,0.0,,53095
rate0.5_s12,0.5,q4_a0.8_or,70617,5.800000000000352,5.800000000000352,2.4433333333333143,2.4433333333333143,1.5463909873179513,1.5463909873179513,0,0.0,,52873
rate0.5_s12,0.5,q4_a0.8_or,70618,5.600000000000136,5.600000000000136,2.0466666666666393,2.0466666666666393,1.4261476702479807,1.4261476702479807,0,0.0,,52914
rate0.5_s12,0.5,q4_a0.8_or,70619,9.400000000000091,9.400000000000091,2.976666666666617,2.976666666666617,1.668315948705756,1.668315948705756,0,0.0,,52154
rate0.5_s12,0.5,q4_a0.8_or,70620,6.200000000000273,6.200000000000273,2.5899999999999626,2.5899999999999626,1.585663807846038,1.585663807846038,0,0.0,,52483
rate0.5_s12,0.5,q4_a0.8_or,70621,6.19999999999996,6.19999999999996,2.3499999999999295,2.3499999999999295,1.6281073057105069,1.6281073057105069,0,0.0,,53484
rate0.5_s12,0.5,q4_a0.8_or,70622,7.0,7.0,2.254166666666549,2.254166666666549,1.5313798931920426,1.5313798931920426,0,0.0,,52758
rate0.5_s12,0.5,q4_a0.8_or,70623,6.199999999999989,6.199999999999989,2.482499999999983,2.482499999999983,1.6280896003471292,1.6280896003471292,0,0.0,,52461
rate0.5_s12,0.5,q4_a0.8_or,70624,7.500000000000114,7.500000000000114,2.590833333333351,2.590833333333351,1.597053128670518,1.597053128670518,0,0.0,,53193
rate0.5_s12,0.5,q4_a0.8_or,70625,7.699999999999989,7.699999999999989,2.8699999999999606,2.8699999999999606,1.5566445582316735,1.5566445582316735,0,0.0,,51795
rate0.5_s12,0.5,q4_a0.8_or,70626,6.099999999999966,6.099999999999966,2.299166666666543,2.299166666666543,1.54821569071266,1.54821569071266,0,0.0,,52571
rate0.5_s12,0.5,q4_a0.8_or,70627,5.59999999999998,5.59999999999998,2.2224999999999633,2.2224999999999633,1.516914471709561,1.516914471709561,0,0.0,,53013
rate0.5_s12,0.5,q4_a0.8_or,70628,7.800000000000011,7.800000000000011,2.581666666666676,2.581666666666676,1.5281884764221976,1.5281884764221976,0,0.0,,52425
rate0.5_s12,0.5,q4_a0.8_or,70629,9.200000000000102,9.200000000000102,2.8416666666666006,2.8416666666666006,1.6074033509738768,1.6074033509738768,0,0.0,,51855
rate0.5_s12,0.5,q4_a0.8_and,70600,5.800000000000011,5.800000000000011,2.1849999999999605,2.1849999999999605,1.5937292563883387,1.5937292563883387,0,0.0,,52994
rate0.5_s12,0.5,q4_a0.8_and,70601,8.399999999999636,8.399999999999636,2.609166666666601,2.609166666666601,1.6074913434204465,1.6074913434204465,0,0.0,,52257
rate0.5_s12,0.5,q4_a0.8_and,70602,7.700000000000102,7.700000000000102,2.606666666666676,2.606666666666676,1.6117099739753924,1.6117099739753924,0,0.0,,52553
rate0.5_s12,0.5,q4_a0.8_and,70603,6.400000000000091,6.400000000000091,2.3750000000000067,2.3750000000000067,1.5838454658656838,1.5838454658656838,0,0.0,,53368
rate0.5_s12,0.5,q4_a0.8_and,70604,6.999999999999972,6.999999999999972,2.405833333333312,2.405833333333312,1.5384447274920028,1.5384447274920028,0,0.0,,52479
rate0.5_s12,0.5,q4_a0.8_and,70605,7.60000000000008,7.60000000000008,2.8333333333331407,2.8333333333331407,1.6229404256108195,1.6229404256108195,0,0.0,,52907
rate0.5_s12,0.5,q4_a0.8_and,70606,7.199999999999974,7.199999999999974,2.385833333333336,2.385833333333336,1.5555136420396116,1.5555136420396116,0,0.0,,52869
rate0.5_s12,0.5,q4_a0.8_and,70607,7.199999999999591,7.199999999999591,2.6633333333332825,2.6633333333332825,1.54064158889134,1.54064158889134,0,0.0,,53079
rate0.5_s12,0.5,q4_a0.8_and,70608,5.800000000000523,5.800000000000523,2.2233333333332554,2.2233333333332554,1.620076827103422,1.620076827103422,0,0.0,,52748
rate0.5_s12,0.5,q4_a0.8_and,70609,7.999999999999972,7.999999999999972,2.6983333333333617,2.6983333333333617,1.6097222119660153,1.6097222119660153,0,0.0,,53442
rate0.5_s12,0.5,q4_a0.8_and,70610,8.399999999999409,8.399999999999409,2.784166666666621,2.784166666666621,1.59195149932143,1.59195149932143,0,0.0,,52675
rate0.5_s12,0.5,q4_a0.8_and,70611,5.2999999999996135,5.2999999999996135,2.1274999999999804,2.1274999999999804,1.4537584002738093,1.4537584002738093,0,0.0,,52074
rate0.5_s12,0.5,q4_a0.8_and,70612,7.400000000000148,7.400000000000148,2.5099999999999767,2.5099999999999767,1.598619851706341,1.598619851706341,0,0.0,,53111
rate0.5_s12,0.5,q4_a0.8_and,70613,9.2999999999995,9.2999999999995,2.6941666666666766,2.6941666666666766,1.5870344056688452,1.5870344056688452,0,0.0,,53058
rate0.5_s12,0.5,q4_a0.8_and,70614,7.0,7.0,2.547499999999943,2.547499999999943,1.545569806997155,1.545569806997155,0,0.0,,53036
rate0.5_s12,0.5,q4_a0.8_and,70615,7.0,7.0,2.5008333333333335,2.5008333333333335,1.5794142620496652,1.5794142620496652,0,0.0,,52722
rate0.5_s12,0.5,q4_a0.8_and,70616,7.0,7.0,2.5549999999999136,2.5549999999999136,1.5580092810055675,1.5580092810055675,0,0.0,,53095
rate0.5_s12,0.5,q4_a0.8_and,70617,5.800000000000352,5.800000000000352,2.4433333333333143,2.4433333333333143,1.5463909873179513,1.5463909873179513,0,0.0,,52873
rate0.5_s12,0.5,q4_a0.8_and,70618,5.600000000000136,5.600000000000136,2.0466666666666393,2.0466666666666393,1.4261476702479807,1.4261476702479807,0,0.0,,52914
rate0.5_s12,0.5,q4_a0.8_and,70619,9.400000000000091,9.400000000000091,2.976666666666617,2.976666666666617,1.668315948705756,1.668315948705756,0,0.0,,52154
rate0.5_s12,0.5,q4_a0.8_and,70620,6.200000000000273,6.200000000000273,2.5899999999999626,2.5899999999999626,1.585663807846038,1.585663807846038,0,0.0,,52483
rate0.5_s12,0.5,q4_a0.8_and,70621,6.19999999999996,6.19999999999996,2.3499999999999295,2.3499999999999295,1.6281073057105069,1.6281073057105069,0,0.0,,53484
rate0.5_s12,0.5,q4_a0.8_and,70622,7.0,7.0,2.254166666666549,2.254166666666549,1.5313798931920426,1.5313798931920426,0,0.0,,52758
rate0.5_s12,0.5,q4_a0.8_and,70623,6.199999999999989,6.199999999999989,2.482499999999983,2.482499999999983,1.6280896003471292,1.6280896003471292,0,0.0,,52461
rate0.5_s12,0.5,q4_a0.8_and,70624,7.500000000000114,7.500000000000114,2.590833333333351,2.590833333333351,1.597053128670518,1.597053128670518,0,0.0,,53193
rate0.5_s12,0.5,q4_a0.8_and,70625,7.699999999999989,7.699999999999989,2.8699999999999606,2.8699999999999606,1.5566445582316735,1.5566445582316735,0,0.0,,51795
rate0.5_s12,0.5,q4_a0.8_and,70626,6.099999999999966,6.099999999999966,2.299166666666543,2.299166666666543,1.54821569071266,1.54821569071266,0,0.0,,52571
rate0.5_s12,0.5,q4_a0.8_and,70627,5.59999999999998,5.59999999999998,2.2224999999999633,2.2224999999999633,1.516914471709561,1.516914471709561,0,0.0,,53013
rate0.5_s12,0.5,q4_a0.8_and,70628,7.800000000000011,7.800000000000011,2.581666666666676,2.581666666666676,1.5281884764221976,1.5281884764221976,0,0.0,,52425
rate0.5_s12,0.5,q4_a0.8_and,70629,9.200000000000102,9.200000000000102,2.8416666666666006,2.8416666666666006,1.6074033509738768,1.6074033509738768,0,0.0,,51855
rate0.5_s12,0.5,q4_a1.5_or,70600,5.800000000000011,5.800000000000011,2.1849999999999605,2.1849999999999605,1.5937292563883387,1.5937292563883387,0,0.0,,52994
rate0.5_s12,0.5,q4_a1.5_or,70601,8.399999999999636,8.399999999999636,2.609166666666601,2.609166666666601,1.6074913434204465,1.6074913434204465,0,0.0,,52257
rate0.5_s12,0.5,q4_a1.5_or,70602,7.700000000000102,7.700000000000102,2.606666666666676,2.606666666666676,1.6117099739753924,1.6117099739753924,0,0.0,,52553
rate0.5_s12,0.5,q4_a1.5_or,70603,6.400000000000091,6.400000000000091,2.3750000000000067,2.3750000000000067,1.5838454658656838,1.5838454658656838,0,0.0,,53368
rate0.5_s12,0.5,q4_a1.5_or,70604,6.999999999999972,6.999999999999972,2.405833333333312,2.405833333333312,1.5384447274920028,1.5384447274920028,0,0.0,,52479
rate0.5_s12,0.5,q4_a1.5_or,70605,7.60000000000008,7.60000000000008,2.8333333333331407,2.8333333333331407,1.6229404256108195,1.6229404256108195,0,0.0,,52907
rate0.5_s12,0.5,q4_a1.5_or,70606,7.199999999999974,7.199999999999974,2.385833333333336,2.385833333333336,1.5555136420396116,1.5555136420396116,0,0.0,,52869
rate0.5_s12,0.5,q4_a1.5_or,70607,7.199999999999591,7.199999999999591,2.6633333333332825,2.6633333333332825,1.54064158889134,1.54064158889134,0,0.0,,53079
rate0.5_s12,0.5,q4_a1.5_or,70608,5.800000000000523,5.800000000000523,2.2233333333332554,2.2233333333332554,1.620076827103422,1.620076827103422,0,0.0,,52748
rate0.5_s12,0.5,q4_a1.5_or,70609,7.999999999999972,7.999999999999972,2.6983333333333617,2.6983333333333617,1.6097222119660153,1.6097222119660153,0,0.0,,53442
rate0.5_s12,0.5,q4_a1.5_or,70610,8.399999999999409,8.399999999999409,2.784166666666621,2.784166666666621,1.59195149932143,1.59195149932143,0,0.0,,52675
rate0.5_s12,0.5,q4_a1.5_or,70611,5.2999999999996135,5.2999999999996135,2.1274999999999804,2.1274999999999804,1.4537584002738093,1.4537584002738093,0,0.0,,52074
rate0.5_s12,0.5,q4_a1.5_or,70612,7.400000000000148,7.400000000000148,2.5099999999999767,2.5099999999999767,1.598619851706341,1.598619851706341,0,0.0,,53111
rate0.5_s12,0.5,q4_a1.5_or,70613,9.2999999999995,9.2999999999995,2.6941666666666766,2.6941666666666766,1.5870344056688452,1.5870344056688452,0,0.0,,53058
rate0.5_s12,0.5,q4_a1.5_or,70614,7.0,7.0,2.547499999999943,2.547499999999943,1.545569806997155,1.545569806997155,0,0.0,,53036
rate0.5_s12,0.5,q4_a1.5_or,70615,7.0,7.0,2.5008333333333335,2.5008333333333335,1.5794142620496652,1.5794142620496652,0,0.0,,52722
rate0.5_s12,0.5,q4_a1.5_or,70616,7.0,7.0,2.5549999999999136,2.5549999999999136,1.5580092810055675,1.5580092810055675,0,0.0,,53095
rate0.5_s12,0.5,q4_a1.5_or,70617,5.800000000000352,5.800000000000352,2.4433333333333143,2.4433333333333143,1.5463909873179513,1.5463909873179513,0,0.0,,52873
rate0.5_s12,0.5,q4_a1.5_or,70618,5.600000000000136,5.600000000000136,2.0466666666666393,2.0466666666666393,1.4261476702479807,1.4261476702479807,0,0.0,,52914
rate0.5_s12,0.5,q4_a1.5_or,70619,9.400000000000091,9.400000000000091,2.976666666666617,2.976666666666617,1.668315948705756,1.668315948705756,0,0.0,,52154
rate0.5_s12,0.5,q4_a1.5_or,70620,6.200000000000273,6.200000000000273,2.5899999999999626,2.5899999999999626,1.585663807846038,1.585663807846038,0,0.0,,52483
rate0.5_s12,0.5,q4_a1.5_or,70621,6.19999999999996,6.19999999999996,2.3499999999999295,2.3499999999999295,1.6281073057105069,1.6281073057105069,0,0.0,,53484
rate0.5_s12,0.5,q4_a1.5_or,70622,7.0,7.0,2.254166666666549,2.254166666666549,1.5313798931920426,1.5313798931920426,0,0.0,,52758
rate0.5_s12,0.5,q4_a1.5_or,70623,6.199999999999989,6.199999999999989,2.482499999999983,2.482499999999983,1.6280896003471292,1.6280896003471292,0,0.0,,52461
rate0.5_s12,0.5,q4_a1.5_or,70624,7.500000000000114,7.500000000000114,2.590833333333351,2.590833333333351,1.597053128670518,1.597053128670518,0,0.0,,53193
rate0.5_s12,0.5,q4_a1.5_or,70625,7.699999999999989,7.699999999999989,2.8699999999999606,2.8699999999999606,1.5566445582316735,1.5566445582316735,0,0.0,,51795
rate0.5_s12,0.5,q4_a1.5_or,70626,6.099999999999966,6.099999999999966,2.299166666666543,2.299166666666543,1.54821569071266,1.54821569071266,0,0.0,,52571
rate0.5_s12,0.5,q4_a1.5_or,70627,5.59999999999998,5.59999999999998,2.2224999999999633,2.2224999999999633,1.516914471709561,1.516914471709561,0,0.0,,53013
rate0.5_s12,0.5,q4_a1.5_or,70628,7.800000000000011,7.800000000000011,2.581666666666676,2.581666666666676,1.5281884764221976,1.5281884764221976,0,0.0,,52425
rate0.5_s12,0.5,q4_a1.5_or,70629,9.200000000000102,9.200000000000102,2.8416666666666006,2.8416666666666006,1.6074033509738768,1.6074033509738768,0,0.0,,51855
rate0.5_s12,0.5,q4_a1.5_and,70600,5.800000000000011,5.800000000000011,2.1849999999999605,2.1849999999999605,1.5937292563883387,1.5937292563883387,0,0.0,,52994
rate0.5_s12,0.5,q4_a1.5_and,70601,8.399999999999636,8.399999999999636,2.609166666666601,2.609166666666601,1.6074913434204465,1.6074913434204465,0,0.0,,52257
rate0.5_s12,0.5,q4_a1.5_and,70602,7.700000000000102,7.700000000000102,2.606666666666676,2.606666666666676,1.6117099739753924,1.6117099739753924,0,0.0,,52553
rate0.5_s12,0.5,q4_a1.5_and,70603,6.400000000000091,6.400000000000091,2.3750000000000067,2.3750000000000067,1.5838454658656838,1.5838454658656838,0,0.0,,53368
rate0.5_s12,0.5,q4_a1.5_and,70604,6.999999999999972,6.999999999999972,2.405833333333312,2.405833333333312,1.5384447274920028,1.5384447274920028,0,0.0,,52479
rate0.5_s12,0.5,q4_a1.5_and,70605,7.60000000000008,7.60000000000008,2.8333333333331407,2.8333333333331407,1.6229404256108195,1.6229404256108195,0,0.0,,52907
rate0.5_s12,0.5,q4_a1.5_and,70606,7.199999999999974,7.199999999999974,2.385833333333336,2.385833333333336,1.5555136420396116,1.5555136420396116,0,0.0,,52869
rate0.5_s12,0.5,q4_a1.5_and,70607,7.199999999999591,7.199999999999591,2.6633333333332825,2.6633333333332825,1.54064158889134,1.54064158889134,0,0.0,,53079
rate0.5_s12,0.5,q4_a1.5_and,70608,5.800000000000523,5.800000000000523,2.2233333333332554,2.2233333333332554,1.620076827103422,1.620076827103422,0,0.0,,52748
rate0.5_s12,0.5,q4_a1.5_and,70609,7.999999999999972,7.999999999999972,2.6983333333333617,2.6983333333333617,1.6097222119660153,1.6097222119660153,0,0.0,,53442
rate0.5_s12,0.5,q4_a1.5_and,70610,8.399999999999409,8.399999999999409,2.784166666666621,2.784166666666621,1.59195149932143,1.59195149932143,0,0.0,,52675
rate0.5_s12,0.5,q4_a1.5_and,70611,5.2999999999996135,5.2999999999996135,2.1274999999999804,2.1274999999999804,1.4537584002738093,1.4537584002738093,0,0.0,,52074
rate0.5_s12,0.5,q4_a1.5_and,70612,7.400000000000148,7.400000000000148,2.5099999999999767,2.5099999999999767,1.598619851706341,1.598619851706341,0,0.0,,53111
rate0.5_s12,0.5,q4_a1.5_and,70613,9.2999999999995,9.2999999999995,2.6941666666666766,2.6941666666666766,1.5870344056688452,1.5870344056688452,0,0.0,,53058
rate0.5_s12,0.5,q4_a1.5_and,70614,7.0,7.0,2.547499999999943,2.547499999999943,1.545569806997155,1.545569806997155,0,0.0,,53036
rate0.5_s12,0.5,q4_a1.5_and,70615,7.0,7.0,2.5008333333333335,2.5008333333333335,1.5794142620496652,1.5794142620496652,0,0.0,,52722
rate0.5_s12,0.5,q4_a1.5_and,70616,7.0,7.0,2.5549999999999136,2.5549999999999136,1.5580092810055675,1.5580092810055675,0,0.0,,53095
rate0.5_s12,0.5,q4_a1.5_and,70617,5.800000000000352,5.800000000000352,2.4433333333333143,2.4433333333333143,1.5463909873179513,1.5463909873179513,0,0.0,,52873
rate0.5_s12,0.5,q4_a1.5_and,70618,5.600000000000136,5.600000000000136,2.0466666666666393,2.0466666666666393,1.4261476702479807,1.4261476702479807,0,0.0,,52914
rate0.5_s12,0.5,q4_a1.5_and,70619,9.400000000000091,9.400000000000091,2.976666666666617,2.976666666666617,1.668315948705756,1.668315948705756,0,0.0,,52154
rate0.5_s12,0.5,q4_a1.5_and,70620,6.200000000000273,6.200000000000273,2.5899999999999626,2.5899999999999626,1.585663807846038,1.585663807846038,0,0.0,,52483
rate0.5_s12,0.5,q4_a1.5_and,70621,6.19999999999996,6.19999999999996,2.3499999999999295,2.3499999999999295,1.6281073057105069,1.6281073057105069,0,0.0,,53484
rate0.5_s12,0.5,q4_a1.5_and,70622,7.0,7.0,2.254166666666549,2.254166666666549,1.5313798931920426,1.5313798931920426,0,0.0,,52758
rate0.5_s12,0.5,q4_a1.5_and,70623,6.199999999999989,6.199999999999989,2.482499999999983,2.482499999999983,1.6280896003471292,1.6280896003471292,0,0.0,,52461
rate0.5_s12,0.5,q4_a1.5_and,70624,7.500000000000114,7.500000000000114,2.590833333333351,2.590833333333351,1.597053128670518,1.597053128670518,0,0.0,,53193
rate0.5_s12,0.5,q4_a1.5_and,70625,7.699999999999989,7.699999999999989,2.8699999999999606,2.8699999999999606,1.5566445582316735,1.5566445582316735,0,0.0,,51795
rate0.5_s12,0.5,q4_a1.5_and,70626,6.099999999999966,6.099999999999966,2.299166666666543,2.299166666666543,1.54821569071266,1.54821569071266,0,0.0,,52571
rate0.5_s12,0.5,q4_a1.5_and,70627,5.59999999999998,5.59999999999998,2.2224999999999633,2.2224999999999633,1.516914471709561,1.516914471709561,0,0.0,,53013
rate0.5_s12,0.5,q4_a1.5_and,70628,7.800000000000011,7.800000000000011,2.581666666666676,2.581666666666676,1.5281884764221976,1.5281884764221976,0,0.0,,52425
rate0.5_s12,0.5,q4_a1.5_and,70629,9.200000000000102,9.200000000000102,2.8416666666666006,2.8416666666666006,1.6074033509738768,1.6074033509738768,0,0.0,,51855
rate0.5_s12,0.5,q8_a0.8_or,70600,5.800000000000011,5.800000000000011,2.1849999999999605,2.1849999999999605,1.5937292563883387,1.5937292563883387,0,0.0,,52994
rate0.5_s12,0.5,q8_a0.8_or,70601,8.399999999999636,8.399999999999636,2.609166666666601,2.609166666666601,1.6074913434204465,1.6074913434204465,0,0.0,,52257
rate0.5_s12,0.5,q8_a0.8_or,70602,7.700000000000102,7.700000000000102,2.606666666666676,2.606666666666676,1.6117099739753924,1.6117099739753924,0,0.0,,52553
rate0.5_s12,0.5,q8_a0.8_or,70603,6.400000000000091,6.400000000000091,2.3750000000000067,2.3750000000000067,1.5838454658656838,1.5838454658656838,0,0.0,,53368
rate0.5_s12,0.5,q8_a0.8_or,70604,6.999999999999972,6.999999999999972,2.405833333333312,2.405833333333312,1.5384447274920028,1.5384447274920028,0,0.0,,52479
rate0.5_s12,0.5,q8_a0.8_or,70605,7.60000000000008,7.60000000000008,2.8333333333331407,2.8333333333331407,1.6229404256108195,1.6229404256108195,0,0.0,,52907
rate0.5_s12,0.5,q8_a0.8_or,70606,7.199999999999974,7.199999999999974,2.385833333333336,2.385833333333336,1.5555136420396116,1.5555136420396116,0,0.0,,52869
rate0.5_s12,0.5,q8_a0.8_or,70607,7.199999999999591,7.199999999999591,2.6633333333332825,2.6633333333332825,1.54064158889134,1.54064158889134,0,0.0,,53079
rate0.5_s12,0.5,q8_a0.8_or,70608,5.800000000000523,5.800000000000523,2.2233333333332554,2.2233333333332554,1.620076827103422,1.620076827103422,0,0.0,,52748
rate0.5_s12,0.5,q8_a0.8_or,70609,7.999999999999972,7.999999999999972,2.6983333333333617,2.6983333333333617,1.6097222119660153,1.6097222119660153,0,0.0,,53442
rate0.5_s12,0.5,q8_a0.8_or,70610,8.399999999999409,8.399999999999409,2.784166666666621,2.784166666666621,1.59195149932143,1.59195149932143,0,0.0,,52675
rate0.5_s12,0.5,q8_a0.8_or,70611,5.2999999999996135,5.2999999999996135,2.1274999999999804,2.1274999999999804,1.4537584002738093,1.4537584002738093,0,0.0,,52074
rate0.5_s12,0.5,q8_a0.8_or,70612,7.400000000000148,7.400000000000148,2.5099999999999767,2.5099999999999767,1.598619851706341,1.598619851706341,0,0.0,,53111
rate0.5_s12,0.5,q8_a0.8_or,70613,9.2999999999995,9.2999999999995,2.6941666666666766,2.6941666666666766,1.5870344056688452,1.5870344056688452,0,0.0,,53058
rate0.5_s12,0.5,q8_a0.8_or,70614,7.0,7.0,2.547499999999943,2.547499999999943,1.545569806997155,1.545569806997155,0,0.0,,53036
rate0.5_s12,0.5,q8_a0.8_or,70615,7.0,7.0,2.5008333333333335,2.5008333333333335,1.5794142620496652,1.5794142620496652,0,0.0,,52722
rate0.5_s12,0.5,q8_a0.8_or,70616,7.0,7.0,2.5549999999999136,2.5549999999999136,1.5580092810055675,1.5580092810055675,0,0.0,,53095
rate0.5_s12,0.5,q8_a0.8_or,70617,5.800000000000352,5.800000000000352,2.4433333333333143,2.4433333333333143,1.5463909873179513,1.5463909873179513,0,0.0,,52873
rate0.5_s12,0.5,q8_a0.8_or,70618,5.600000000000136,5.600000000000136,2.0466666666666393,2.0466666666666393,1.4261476702479807,1.4261476702479807,0,0.0,,52914
rate0.5_s12,0.5,q8_a0.8_or,70619,9.400000000000091,9.400000000000091,2.976666666666617,2.976666666666617,1.668315948705756,1.668315948705756,0,0.0,,52154
rate0.5_s12,0.5,q8_a0.8_or,70620,6.200000000000273,6.200000000000273,2.5899999999999626,2.5899999999999626,1.585663807846038,1.585663807846038,0,0.0,,52483
rate0.5_s12,0.5,q8_a0.8_or,70621,6.19999999999996,6.19999999999996,2.3499999999999295,2.3499999999999295,1.6281073057105069,1.6281073057105069,0,0.0,,53484
rate0.5_s12,0.5,q8_a0.8_or,70622,7.0,7.0,2.254166666666549,2.254166666666549,1.5313798931920426,1.5313798931920426,0,0.0,,52758
rate0.5_s12,0.5,q8_a0.8_or,70623,6.199999999999989,6.199999999999989,2.482499999999983,2.482499999999983,1.6280896003471292,1.6280896003471292,0,0.0,,52461
rate0.5_s12,0.5,q8_a0.8_or,70624,7.500000000000114,7.500000000000114,2.590833333333351,2.590833333333351,1.597053128670518,1.597053128670518,0,0.0,,53193
rate0.5_s12,0.5,q8_a0.8_or,70625,7.699999999999989,7.699999999999989,2.8699999999999606,2.8699999999999606,1.5566445582316735,1.5566445582316735,0,0.0,,51795
rate0.5_s12,0.5,q8_a0.8_or,70626,6.099999999999966,6.099999999999966,2.299166666666543,2.299166666666543,1.54821569071266,1.54821569071266,0,0.0,,52571
rate0.5_s12,0.5,q8_a0.8_or,70627,5.59999999999998,5.59999999999998,2.2224999999999633,2.2224999999999633,1.516914471709561,1.516914471709561,0,0.0,,53013
rate0.5_s12,0.5,q8_a0.8_or,70628,7.800000000000011,7.800000000000011,2.581666666666676,2.581666666666676,1.5281884764221976,1.5281884764221976,0,0.0,,52425
rate0.5_s12,0.5,q8_a0.8_or,70629,9.200000000000102,9.200000000000102,2.8416666666666006,2.8416666666666006,1.6074033509738768,1.6074033509738768,0,0.0,,51855
rate0.5_s12,0.5,q8_a0.8_and,70600,5.800000000000011,5.800000000000011,2.1849999999999605,2.1849999999999605,1.5937292563883387,1.5937292563883387,0,0.0,,52994
rate0.5_s12,0.5,q8_a0.8_and,70601,8.399999999999636,8.399999999999636,2.609166666666601,2.609166666666601,1.6074913434204465,1.6074913434204465,0,0.0,,52257
rate0.5_s12,0.5,q8_a0.8_and,70602,7.700000000000102,7.700000000000102,2.606666666666676,2.606666666666676,1.6117099739753924,1.6117099739753924,0,0.0,,52553
rate0.5_s12,0.5,q8_a0.8_and,70603,6.400000000000091,6.400000000000091,2.3750000000000067,2.3750000000000067,1.5838454658656838,1.5838454658656838,0,0.0,,53368
rate0.5_s12,0.5,q8_a0.8_and,70604,6.999999999999972,6.999999999999972,2.405833333333312,2.405833333333312,1.5384447274920028,1.5384447274920028,0,0.0,,52479
rate0.5_s12,0.5,q8_a0.8_and,70605,7.60000000000008,7.60000000000008,2.8333333333331407,2.8333333333331407,1.6229404256108195,1.6229404256108195,0,0.0,,52907
rate0.5_s12,0.5,q8_a0.8_and,70606,7.199999999999974,7.199999999999974,2.385833333333336,2.385833333333336,1.5555136420396116,1.5555136420396116,0,0.0,,52869
rate0.5_s12,0.5,q8_a0.8_and,70607,7.199999999999591,7.199999999999591,2.6633333333332825,2.6633333333332825,1.54064158889134,1.54064158889134,0,0.0,,53079
rate0.5_s12,0.5,q8_a0.8_and,70608,5.800000000000523,5.800000000000523,2.2233333333332554,2.2233333333332554,1.620076827103422,1.620076827103422,0,0.0,,52748
rate0.5_s12,0.5,q8_a0.8_and,70609,7.999999999999972,7.999999999999972,2.6983333333333617,2.6983333333333617,1.6097222119660153,1.6097222119660153,0,0.0,,53442
rate0.5_s12,0.5,q8_a0.8_and,70610,8.399999999999409,8.399999999999409,2.784166666666621,2.784166666666621,1.59195149932143,1.59195149932143,0,0.0,,52675
rate0.5_s12,0.5,q8_a0.8_and,70611,5.2999999999996135,5.2999999999996135,2.1274999999999804,2.1274999999999804,1.4537584002738093,1.4537584002738093,0,0.0,,52074
rate0.5_s12,0.5,q8_a0.8_and,70612,7.400000000000148,7.400000000000148,2.5099999999999767,2.5099999999999767,1.598619851706341,1.598619851706341,0,0.0,,53111
rate0.5_s12,0.5,q8_a0.8_and,70613,9.2999999999995,9.2999999999995,2.6941666666666766,2.6941666666666766,1.5870344056688452,1.5870344056688452,0,0.0,,53058
rate0.5_s12,0.5,q8_a0.8_and,70614,7.0,7.0,2.547499999999943,2.547499999999943,1.545569806997155,1.545569806997155,0,0.0,,53036
rate0.5_s12,0.5,q8_a0.8_and,70615,7.0,7.0,2.5008333333333335,2.5008333333333335,1.5794142620496652,1.5794142620496652,0,0.0,,52722
rate0.5_s12,0.5,q8_a0.8_and,70616,7.0,7.0,2.5549999999999136,2.5549999999999136,1.5580092810055675,1.5580092810055675,0,0.0,,53095
rate0.5_s12,0.5,q8_a0.8_and,70617,5.800000000000352,5.800000000000352,2.4433333333333143,2.4433333333333143,1.5463909873179513,1.5463909873179513,0,0.0,,52873
rate0.5_s12,0.5,q8_a0.8_and,70618,5.600000000000136,5.600000000000136,2.0466666666666393,2.0466666666666393,1.4261476702479807,1.4261476702479807,0,0.0,,52914
rate0.5_s12,0.5,q8_a0.8_and,70619,9.400000000000091,9.400000000000091,2.976666666666617,2.976666666666617,1.668315948705756,1.668315948705756,0,0.0,,52154
rate0.5_s12,0.5,q8_a0.8_and,70620,6.200000000000273,6.200000000000273,2.5899999999999626,2.5899999999999626,1.585663807846038,1.585663807846038,0,0.0,,52483
rate0.5_s12,0.5,q8_a0.8_and,70621,6.19999999999996,6.19999999999996,2.3499999999999295,2.3499999999999295,1.6281073057105069,1.6281073057105069,0,0.0,,53484
rate0.5_s12,0.5,q8_a0.8_and,70622,7.0,7.0,2.254166666666549,2.254166666666549,1.5313798931920426,1.5313798931920426,0,0.0,,52758
rate0.5_s12,0.5,q8_a0.8_and,70623,6.199999999999989,6.199999999999989,2.482499999999983,2.482499999999983,1.6280896003471292,1.6280896003471292,0,0.0,,52461
rate0.5_s12,0.5,q8_a0.8_and,70624,7.500000000000114,7.500000000000114,2.590833333333351,2.590833333333351,1.597053128670518,1.597053128670518,0,0.0,,53193
rate0.5_s12,0.5,q8_a0.8_and,70625,7.699999999999989,7.699999999999989,2.8699999999999606,2.8699999999999606,1.5566445582316735,1.5566445582316735,0,0.0,,51795
rate0.5_s12,0.5,q8_a0.8_and,70626,6.099999999999966,6.099999999999966,2.299166666666543,2.299166666666543,1.54821569071266,1.54821569071266,0,0.0,,52571
rate0.5_s12,0.5,q8_a0.8_and,70627,5.59999999999998,5.59999999999998,2.2224999999999633,2.2224999999999633,1.516914471709561,1.516914471709561,0,0.0,,53013
rate0.5_s12,0.5,q8_a0.8_and,70628,7.800000000000011,7.800000000000011,2.581666666666676,2.581666666666676,1.5281884764221976,1.5281884764221976,0,0.0,,52425
rate0.5_s12,0.5,q8_a0.8_and,70629,9.200000000000102,9.200000000000102,2.8416666666666006,2.8416666666666006,1.6074033509738768,1.6074033509738768,0,0.0,,51855
rate0.5_s12,0.5,q8_a1.5_or,70600,5.800000000000011,5.800000000000011,2.1849999999999605,2.1849999999999605,1.5937292563883387,1.5937292563883387,0,0.0,,52994
rate0.5_s12,0.5,q8_a1.5_or,70601,8.399999999999636,8.399999999999636,2.609166666666601,2.609166666666601,1.6074913434204465,1.6074913434204465,0,0.0,,52257
rate0.5_s12,0.5,q8_a1.5_or,70602,7.700000000000102,7.700000000000102,2.606666666666676,2.606666666666676,1.6117099739753924,1.6117099739753924,0,0.0,,52553
rate0.5_s12,0.5,q8_a1.5_or,70603,6.400000000000091,6.400000000000091,2.3750000000000067,2.3750000000000067,1.5838454658656838,1.5838454658656838,0,0.0,,53368
rate0.5_s12,0.5,q8_a1.5_or,70604,6.999999999999972,6.999999999999972,2.405833333333312,2.405833333333312,1.5384447274920028,1.5384447274920028,0,0.0,,52479
rate0.5_s12,0.5,q8_a1.5_or,70605,7.60000000000008,7.60000000000008,2.8333333333331407,2.8333333333331407,1.6229404256108195,1.6229404256108195,0,0.0,,52907
rate0.5_s12,0.5,q8_a1.5_or,70606,7.199999999999974,7.199999999999974,2.385833333333336,2.385833333333336,1.5555136420396116,1.5555136420396116,0,0.0,,52869
rate0.5_s12,0.5,q8_a1.5_or,70607,7.199999999999591,7.199999999999591,2.6633333333332825,2.6633333333332825,1.54064158889134,1.54064158889134,0,0.0,,53079
rate0.5_s12,0.5,q8_a1.5_or,70608,5.800000000000523,5.800000000000523,2.2233333333332554,2.2233333333332554,1.620076827103422,1.620076827103422,0,0.0,,52748
rate0.5_s12,0.5,q8_a1.5_or,70609,7.999999999999972,7.999999999999972,2.6983333333333617,2.6983333333333617,1.6097222119660153,1.6097222119660153,0,0.0,,53442
rate0.5_s12,0.5,q8_a1.5_or,70610,8.399999999999409,8.399999999999409,2.784166666666621,2.784166666666621,1.59195149932143,1.59195149932143,0,0.0,,52675
rate0.5_s12,0.5,q8_a1.5_or,70611,5.2999999999996135,5.2999999999996135,2.1274999999999804,2.1274999999999804,1.4537584002738093,1.4537584002738093,0,0.0,,52074
rate0.5_s12,0.5,q8_a1.5_or,70612,7.400000000000148,7.400000000000148,2.5099999999999767,2.5099999999999767,1.598619851706341,1.598619851706341,0,0.0,,53111
rate0.5_s12,0.5,q8_a1.5_or,70613,9.2999999999995,9.2999999999995,2.6941666666666766,2.6941666666666766,1.5870344056688452,1.5870344056688452,0,0.0,,53058
rate0.5_s12,0.5,q8_a1.5_or,70614,7.0,7.0,2.547499999999943,2.547499999999943,1.545569806997155,1.545569806997155,0,0.0,,53036
rate0.5_s12,0.5,q8_a1.5_or,70615,7.0,7.0,2.5008333333333335,2.5008333333333335,1.5794142620496652,1.5794142620496652,0,0.0,,52722
rate0.5_s12,0.5,q8_a1.5_or,70616,7.0,7.0,2.5549999999999136,2.5549999999999136,1.5580092810055675,1.5580092810055675,0,0.0,,53095
rate0.5_s12,0.5,q8_a1.5_or,70617,5.800000000000352,5.800000000000352,2.4433333333333143,2.4433333333333143,1.5463909873179513,1.5463909873179513,0,0.0,,52873
rate0.5_s12,0.5,q8_a1.5_or,70618,5.600000000000136,5.600000000000136,2.0466666666666393,2.0466666666666393,1.4261476702479807,1.4261476702479807,0,0.0,,52914
rate0.5_s12,0.5,q8_a1.5_or,70619,9.400000000000091,9.400000000000091,2.976666666666617,2.976666666666617,1.668315948705756,1.668315948705756,0,0.0,,52154
rate0.5_s12,0.5,q8_a1.5_or,70620,6.200000000000273,6.200000000000273,2.5899999999999626,2.5899999999999626,1.585663807846038,1.585663807846038,0,0.0,,52483
rate0.5_s12,0.5,q8_a1.5_or,70621,6.19999999999996,6.19999999999996,2.3499999999999295,2.3499999999999295,1.6281073057105069,1.6281073057105069,0,0.0,,53484
rate0.5_s12,0.5,q8_a1.5_or,70622,7.0,7.0,2.254166666666549,2.254166666666549,1.5313798931920426,1.5313798931920426,0,0.0,,52758
rate0.5_s12,0.5,q8_a1.5_or,70623,6.199999999999989,6.199999999999989,2.482499999999983,2.482499999999983,1.6280896003471292,1.6280896003471292,0,0.0,,52461
rate0.5_s12,0.5,q8_a1.5_or,70624,7.500000000000114,7.500000000000114,2.590833333333351,2.590833333333351,1.597053128670518,1.597053128670518,0,0.0,,53193
rate0.5_s12,0.5,q8_a1.5_or,70625,7.699999999999989,7.699999999999989,2.8699999999999606,2.8699999999999606,1.5566445582316735,1.5566445582316735,0,0.0,,51795
rate0.5_s12,0.5,q8_a1.5_or,70626,6.099999999999966,6.099999999999966,2.299166666666543,2.299166666666543,1.54821569071266,1.54821569071266,0,0.0,,52571
rate0.5_s12,0.5,q8_a1.5_or,70627,5.59999999999998,5.59999999999998,2.2224999999999633,2.2224999999999633,1.516914471709561,1.516914471709561,0,0.0,,53013
rate0.5_s12,0.5,q8_a1.5_or,70628,7.800000000000011,7.800000000000011,2.581666666666676,2.581666666666676,1.5281884764221976,1.5281884764221976,0,0.0,,52425
rate0.5_s12,0.5,q8_a1.5_or,70629,9.200000000000102,9.200000000000102,2.8416666666666006,2.8416666666666006,1.6074033509738768,1.6074033509738768,0,0.0,,51855
rate0.5_s12,0.5,q8_a1.5_and,70600,5.800000000000011,5.800000000000011,2.1849999999999605,2.1849999999999605,1.5937292563883387,1.5937292563883387,0,0.0,,52994
rate0.5_s12,0.5,q8_a1.5_and,70601,8.399999999999636,8.399999999999636,2.609166666666601,2.609166666666601,1.6074913434204465,1.6074913434204465,0,0.0,,52257
rate0.5_s12,0.5,q8_a1.5_and,70602,7.700000000000102,7.700000000000102,2.606666666666676,2.606666666666676,1.6117099739753924,1.6117099739753924,0,0.0,,52553
rate0.5_s12,0.5,q8_a1.5_and,70603,6.400000000000091,6.400000000000091,2.3750000000000067,2.3750000000000067,1.5838454658656838,1.5838454658656838,0,0.0,,53368
rate0.5_s12,0.5,q8_a1.5_and,70604,6.999999999999972,6.999999999999972,2.405833333333312,2.405833333333312,1.5384447274920028,1.5384447274920028,0,0.0,,52479
rate0.5_s12,0.5,q8_a1.5_and,70605,7.60000000000008,7.60000000000008,2.8333333333331407,2.8333333333331407,1.6229404256108195,1.6229404256108195,0,0.0,,52907
rate0.5_s12,0.5,q8_a1.5_and,70606,7.199999999999974,7.199999999999974,2.385833333333336,2.385833333333336,1.5555136420396116,1.5555136420396116,0,0.0,,52869
rate0.5_s12,0.5,q8_a1.5_and,70607,7.199999999999591,7.199999999999591,2.6633333333332825,2.6633333333332825,1.54064158889134,1.54064158889134,0,0.0,,53079
rate0.5_s12,0.5,q8_a1.5_and,70608,5.800000000000523,5.800000000000523,2.2233333333332554,2.2233333333332554,1.620076827103422,1.620076827103422,0,0.0,,52748
rate0.5_s12,0.5,q8_a1.5_and,70609,7.999999999999972,7.999999999999972,2.6983333333333617,2.6983333333333617,1.6097222119660153,1.6097222119660153,0,0.0,,53442
rate0.5_s12,0.5,q8_a1.5_and,70610,8.399999999999409,8.399999999999409,2.784166666666621,2.784166666666621,1.59195149932143,1.59195149932143,0,0.0,,52675
rate0.5_s12,0.5,q8_a1.5_and,70611,5.2999999999996135,5.2999999999996135,2.1274999999999804,2.1274999999999804,1.4537584002738093,1.4537584002738093,0,0.0,,52074
rate0.5_s12,0.5,q8_a1.5_and,70612,7.400000000000148,7.400000000000148,2.5099999999999767,2.5099999999999767,1.598619851706341,1.598619851706341,0,0.0,,53111
rate0.5_s12,0.5,q8_a1.5_and,70613,9.2999999999995,9.2999999999995,2.6941666666666766,2.6941666666666766,1.5870344056688452,1.5870344056688452,0,0.0,,53058
rate0.5_s12,0.5,q8_a1.5_and,70614,7.0,7.0,2.547499999999943,2.547499999999943,1.545569806997155,1.545569806997155,0,0.0,,53036
rate0.5_s12,0.5,q8_a1.5_and,70615,7.0,7.0,2.5008333333333335,2.5008333333333335,1.5794142620496652,1.5794142620496652,0,0.0,,52722
rate0.5_s12,0.5,q8_a1.5_and,70616,7.0,7.0,2.5549999999999136,2.5549999999999136,1.5580092810055675,1.5580092810055675,0,0.0,,53095
rate0.5_s12,0.5,q8_a1.5_and,70617,5.800000000000352,5.800000000000352,2.4433333333333143,2.4433333333333143,1.5463909873179513,1.5463909873179513,0,0.0,,52873
rate0.5_s12,0.5,q8_a1.5_and,70618,5.600000000000136,5.600000000000136,2.0466666666666393,2.0466666666666393,1.4261476702479807,1.4261476702479807,0,0.0,,52914
rate0.5_s12,0.5,q8_a1.5_and,70619,9.400000000000091,9.400000000000091,2.976666666666617,2.976666666666617,1.668315948705756,1.668315948705756,0,0.0,,52154
rate0.5_s12,0.5,q8_a1.5_and,70620,6.200000000000273,6.200000000000273,2.5899999999999626,2.5899999999999626,1.585663807846038,1.585663807846038,0,0.0,,52483
rate0.5_s12,0.5,q8_a1.5_and,70621,6.19999999999996,6.19999999999996,2.3499999999999295,2.3499999999999295,1.6281073057105069,1.6281073057105069,0,0.0,,53484
rate0.5_s12,0.5,q8_a1.5_and,70622,7.0,7.0,2.254166666666549,2.254166666666549,1.5313798931920426,1.5313798931920426,0,0.0,,52758
rate0.5_s12,0.5,q8_a1.5_and,70623,6.199999999999989,6.199999999999989,2.482499999999983,2.482499999999983,1.6280896003471292,1.6280896003471292,0,0.0,,52461
rate0.5_s12,0.5,q8_a1.5_and,70624,7.500000000000114,7.500000000000114,2.590833333333351,2.590833333333351,1.597053128670518,1.597053128670518,0,0.0,,53193
rate0.5_s12,0.5,q8_a1.5_and,70625,7.699999999999989,7.699999999999989,2.8699999999999606,2.8699999999999606,1.5566445582316735,1.5566445582316735,0,0.0,,51795
rate0.5_s12,0.5,q8_a1.5_and,70626,6.099999999999966,6.099999999999966,2.299166666666543,2.299166666666543,1.54821569071266,1.54821569071266,0,0.0,,52571
rate0.5_s12,0.5,q8_a1.5_and,70627,5.59999999999998,5.59999999999998,2.2224999999999633,2.2224999999999633,1.516914471709561,1.516914471709561,0,0.0,,53013
rate0.5_s12,0.5,q8_a1.5_and,70628,7.800000000000011,7.800000000000011,2.581666666666676,2.581666666666676,1.5281884764221976,1.5281884764221976,0,0.0,,52425
rate0.5_s12,0.5,q8_a1.5_and,70629,9.200000000000102,9.200000000000102,2.8416666666666006,2.8416666666666006,1.6074033509738768,1.6074033509738768,0,0.0,,51855
rate0.5_s12,2.0,q2_a0.8_or,70600,9.200000000000102,4.800000000000011,2.689999999999941,2.0416666666666035,1.8365006247419984,1.6683366408781546,28,1.0,1.0,53248
rate0.5_s12,2.0,q2_a0.8_or,70601,7.400000000000318,4.800000000000068,2.7183333333332107,2.033333333333282,1.6500237332242897,1.6015824106676035,26,1.0,1.0,55112
rate0.5_s12,2.0,q2_a0.8_or,70602,7.599999999999966,4.800000000000011,2.691666666666678,1.9299999999999737,1.6977202613428302,1.551707338974476,24,1.0,1.0,53765
rate0.5_s12,2.0,q2_a0.8_or,70603,5.800000000000011,4.999999999999545,2.2950000000000026,2.141666666666665,1.6807134225859595,1.6403806631999756,26,1.0,1.0,54081
rate0.5_s12,2.0,q2_a0.8_or,70604,6.999999999999972,4.400000000000176,2.4349999999999925,2.0133333333333,1.6647139304368996,1.6050708204272721,28,1.0,1.0,53958
rate0.5_s12,2.0,q2_a0.8_or,70605,7.0,5.399999999999636,2.4733333333332297,2.103333333333109,1.5923898839944002,1.6343765169518258,31,1.0,1.0,54076
rate0.5_s12,2.0,q2_a0.8_or,70606,7.800000000000239,4.800000000000182,2.625000000000021,1.9533333333333474,1.5877457706011675,1.602163685687315,24,1.0,1.0,53338
rate0.5_s12,2.0,q2_a0.8_or,70607,7.0,5.199999999999818,2.8499999999999504,1.9983333333333149,1.695662210689665,1.5528096662297775,28,1.0,1.0,53451
rate0.5_s12,2.0,q2_a0.8_or,70608,5.199999999999974,4.600000000000307,2.20166666666659,1.9833333333332297,1.6702340357844832,1.5273925466710452,21,1.0,1.0,53369
rate0.5_s12,2.0,q2_a0.8_or,70609,7.999999999999972,5.7999999999999545,2.7816666666666277,2.07999999999998,1.7464076637490435,1.6525352529300705,30,1.0,1.0,54212
rate0.5_s12,2.0,q2_a0.8_or,70610,7.800000000000011,5.199999999999022,2.899999999999978,2.0166666666666404,1.695607817408803,1.6493643839984473,27,1.0,1.0,53409
rate0.5_s12,2.0,q2_a0.8_or,70611,9.0,5.199999999999022,2.7266666666665555,1.9366666666666172,1.7187120173780075,1.5876000106078056,26,1.0,1.0,53656
rate0.5_s12,2.0,q2_a0.8_or,70612,7.599999999999795,5.799999999999159,2.6349999999999567,2.196666666666637,1.764623805746692,1.5952135911199596,30,1.0,1.0,52897
rate0.5_s12,2.0,q2_a0.8_or,70613,9.600000000000136,5.0,2.648333333333303,1.8750000000000175,1.6873303526590389,1.6000587930882082,23,1.0,1.0,53452
rate0.5_s12,2.0,q2_a0.8_or,70614,8.7999999999995,4.600000000000023,2.748333333333272,1.8783333333332928,1.7211228376158487,1.5392742017404755,28,1.0,1.0,53866
rate0.5_s12,2.0,q2_a0.8_or,70615,7.0,4.999999999999773,2.49999999999996,1.9799999999999591,1.7166490840403354,1.6217429537551273,25,1.0,1.0,54363
rate0.5_s12,2.0,q2_a0.8_or,70616,9.0,5.0,2.7716666666665892,1.9683333333332322,1.7356493980129877,1.6136217770723877,26,1.0,1.0,53890
rate0.5_s12,2.0,q2_a0.8_or,70617,5.800000000000409,5.800000000000011,2.294999999999938,2.2333333333333543,1.6436583173694674,1.6062093861082738,26,1.0,1.0,52977
rate0.5_s12,2.0,q2_a0.8_or,70618,7.0,5.0,2.3650000000000166,1.8283333333332936,1.591275796910407,1.5722834236798922,22,1.0,1.0,53228
rate0.5_s12,2.0,q2_a0.8_or,70619,11.0,5.0,3.161666666666608,2.124999999999953,1.8762460742582503,1.5863554250300234,27,1.0,1.0,53704
rate0.5_s12,2.0,q2_a0.8_or,70620,5.600000000000023,5.800000000000011,2.2566666666666344,1.9883333333333022,1.6389257098286492,1.680059598890846,25,1.0,1.0,53890
rate0.5_s12,2.0,q2_a0.8_or,70621,7.0,5.600000000000136,2.4216666666666193,2.101666666666582,1.7043681319452837,1.71059835351523,27,1.0,1.0,54108
rate0.5_s12,2.0,q2_a0.8_or,70622,7.999999999999943,4.0,2.31166666666663,1.6583333333332098,1.6528850644459803,1.6063563156484126,27,1.0,1.0,54258
rate0.5_s12,2.0,q2_a0.8_or,70623,7.600000000000136,5.799999999999727,2.530000000000028,2.0883333333333667,1.7803077126575555,1.5585744932392667,24,1.0,1.0,53990
rate0.5_s12,2.0,q2_a0.8_or,70624,5.800000000000011,5.0,2.4100000000000037,2.0133333333333363,1.7410220907605711,1.5885970856133647,25,1.0,1.0,54050
rate0.5_s12,2.0,q2_a0.8_or,70625,7.0,5.0,2.6899999999999955,2.0366666666667017,1.7350980201214696,1.6327408621339703,25,1.0,1.0,52963
rate0.5_s12,2.0,q2_a0.8_or,70626,7.599999999999909,5.000000000000341,2.6866666666666013,2.123333333333318,1.6947142360944984,1.5876331269369168,21,1.0,1.0,53431
rate0.5_s12,2.0,q2_a0.8_or,70627,6.799999999999045,5.200000000000159,2.363333333333353,2.166666666666674,1.6994706749866462,1.5851211076462282,31,1.0,1.0,53625
rate0.5_s12,2.0,q2_a0.8_or,70628,9.0,5.000000000000227,2.7850000000000366,1.9816666666667344,1.6372495164088086,1.6186585174747592,28,1.0,1.0,53924
rate0.5_s12,2.0,q2_a0.8_or,70629,8.59999999999934,5.399999999999636,2.8383333333332956,1.9716666666665967,1.7562017030554768,1.6120589189676031,29,1.0,1.0,53098
rate0.5_s12,2.0,q2_a0.8_and,70600,9.200000000000102,9.200000000000102,2.689999999999941,2.689999999999941,1.8365006247419984,1.8365006247419984,0,0.0,,52755
rate0.5_s12,2.0,q2_a0.8_and,70601,7.400000000000318,7.400000000000318,2.7183333333332107,2.7183333333332107,1.6500237332242897,1.6500237332242897,0,0.0,,54131
rate0.5_s12,2.0,q2_a0.8_and,70602,7.599999999999966,7.599999999999966,2.691666666666678,2.691666666666678,1.6977202613428302,1.6977202613428302,0,0.0,,52344
rate0.5_s12,2.0,q2_a0.8_and,70603,5.800000000000011,5.800000000000011,2.2950000000000026,2.2950000000000026,1.6807134225859595,1.6807134225859595,0,0.0,,52887
rate0.5_s12,2.0,q2_a0.8_and,70604,6.999999999999972,6.999999999999972,2.4349999999999925,2.4349999999999925,1.6647139304368996,1.6647139304368996,0,0.0,,53009
rate0.5_s12,2.0,q2_a0.8_and,70605,7.0,7.0,2.4733333333332297,2.4733333333332297,1.5923898839944002,1.5923898839944002,0,0.0,,53069
rate0.5_s12,2.0,q2_a0.8_and,70606,7.800000000000239,7.800000000000239,2.625000000000021,2.625000000000021,1.5877457706011675,1.5877457706011675,0,0.0,,52746
rate0.5_s12,2.0,q2_a0.8_and,70607,7.0,7.0,2.8499999999999504,2.8499999999999504,1.695662210689665,1.695662210689665,0,0.0,,52089
rate0.5_s12,2.0,q2_a0.8_and,70608,5.199999999999974,5.199999999999974,2.20166666666659,2.20166666666659,1.6702340357844832,1.6702340357844832,0,0.0,,52831
rate0.5_s12,2.0,q2_a0.8_and,70609,7.999999999999972,7.999999999999972,2.7816666666666277,2.7816666666666277,1.7464076637490435,1.7464076637490435,0,0.0,,51796
rate0.5_s12,2.0,q2_a0.8_and,70610,7.800000000000011,7.800000000000011,2.899999999999978,2.899999999999978,1.695607817408803,1.695607817408803,0,0.0,,52084
rate0.5_s12,2.0,q2_a0.8_and,70611,9.0,9.0,2.7266666666665555,2.7266666666665555,1.7187120173780075,1.7187120173780075,0,0.0,,52093
rate0.5_s12,2.0,q2_a0.8_and,70612,7.599999999999795,7.599999999999795,2.6349999999999567,2.6349999999999567,1.764623805746692,1.764623805746692,0,0.0,,52936
rate0.5_s12,2.0,q2_a0.8_and,70613,9.600000000000136,9.600000000000136,2.648333333333303,2.648333333333303,1.6873303526590389,1.6873303526590389,0,0.0,,52384
rate0.5_s12,2.0,q2_a0.8_and,70614,8.7999999999995,8.7999999999995,2.748333333333272,2.748333333333272,1.7211228376158487,1.7211228376158487,0,0.0,,53132
rate0.5_s12,2.0,q2_a0.8_and,70615,7.0,7.0,2.49999999999996,2.49999999999996,1.7166490840403354,1.7166490840403354,0,0.0,,53368
rate0.5_s12,2.0,q2_a0.8_and,70616,9.0,9.0,2.7716666666665892,2.7716666666665892,1.7356493980129877,1.7356493980129877,0,0.0,,52622
rate0.5_s12,2.0,q2_a0.8_and,70617,5.800000000000409,5.800000000000409,2.294999999999938,2.294999999999938,1.6436583173694674,1.6436583173694674,0,0.0,,51850
rate0.5_s12,2.0,q2_a0.8_and,70618,7.0,7.0,2.3650000000000166,2.3650000000000166,1.591275796910407,1.591275796910407,0,0.0,,52104
rate0.5_s12,2.0,q2_a0.8_and,70619,11.0,11.0,3.161666666666608,3.161666666666608,1.8762460742582503,1.8762460742582503,0,0.0,,52116
rate0.5_s12,2.0,q2_a0.8_and,70620,5.600000000000023,5.600000000000023,2.2566666666666344,2.2566666666666344,1.6389257098286492,1.6389257098286492,0,0.0,,52038
rate0.5_s12,2.0,q2_a0.8_and,70621,7.0,7.0,2.4216666666666193,2.4216666666666193,1.7043681319452837,1.7043681319452837,0,0.0,,52767
rate0.5_s12,2.0,q2_a0.8_and,70622,7.999999999999943,7.999999999999943,2.31166666666663,2.31166666666663,1.6528850644459803,1.6528850644459803,0,0.0,,53065
rate0.5_s12,2.0,q2_a0.8_and,70623,7.600000000000136,7.600000000000136,2.530000000000028,2.530000000000028,1.7803077126575555,1.7803077126575555,0,0.0,,52592
rate0.5_s12,2.0,q2_a0.8_and,70624,5.800000000000011,5.800000000000011,2.4100000000000037,2.4100000000000037,1.7410220907605711,1.7410220907605711,0,0.0,,52829
rate0.5_s12,2.0,q2_a0.8_and,70625,7.0,7.0,2.6899999999999955,2.6899999999999955,1.7350980201214696,1.7350980201214696,0,0.0,,51972
rate0.5_s12,2.0,q2_a0.8_and,70626,7.599999999999909,7.599999999999909,2.6866666666666013,2.6866666666666013,1.6947142360944984,1.6947142360944984,0,0.0,,51851
rate0.5_s12,2.0,q2_a0.8_and,70627,6.799999999999045,6.799999999999045,2.363333333333353,2.363333333333353,1.6994706749866462,1.6994706749866462,0,0.0,,52254
rate0.5_s12,2.0,q2_a0.8_and,70628,9.0,9.0,2.7850000000000366,2.7850000000000366,1.6372495164088086,1.6372495164088086,0,0.0,,54047
rate0.5_s12,2.0,q2_a0.8_and,70629,8.59999999999934,8.59999999999934,2.8383333333332956,2.8383333333332956,1.7562017030554768,1.7562017030554768,0,0.0,,51264
rate0.5_s12,2.0,q2_a1.5_or,70600,9.200000000000102,4.800000000000011,2.689999999999941,2.0416666666666035,1.8365006247419984,1.6683366408781546,28,1.0,1.0,53248
rate0.5_s12,2.0,q2_a1.5_or,70601,7.400000000000318,4.800000000000068,2.7183333333332107,2.033333333333282,1.6500237332242897,1.6015824106676035,26,1.0,1.0,55112
rate0.5_s12,2.0,q2_a1.5_or,70602,7.599999999999966,4.800000000000011,2.691666666666678,1.9299999999999737,1.6977202613428302,1.551707338974476,24,1.0,1.0,53765
rate0.5_s12,2.0,q2_a1.5_or,70603,5.800000000000011,4.999999999999545,2.2950000000000026,2.141666666666665,1.6807134225859595,1.6403806631999756,26,1.0,1.0,54081
rate0.5_s12,2.0,q2_a1.5_or,70604,6.999999999999972,4.400000000000176,2.4349999999999925,2.0133333333333,1.6647139304368996,1.6050708204272721,28,1.0,1.0,53958
rate0.5_s12,2.0,q2_a1.5_or,70605,7.0,5.399999999999636,2.4733333333332297,2.103333333333109,1.5923898839944002,1.6343765169518258,31,1.0,1.0,54076
rate0.5_s12,2.0,q2_a1.5_or,70606,7.800000000000239,4.800000000000182,2.625000000000021,1.9533333333333474,1.5877457706011675,1.602163685687315,24,1.0,1.0,53338
rate0.5_s12,2.0,q2_a1.5_or,70607,7.0,5.199999999999818,2.8499999999999504,1.9983333333333149,1.695662210689665,1.5528096662297775,28,1.0,1.0,53451
rate0.5_s12,2.0,q2_a1.5_or,70608,5.199999999999974,4.600000000000307,2.20166666666659,1.9833333333332297,1.6702340357844832,1.5273925466710452,21,1.0,1.0,53369
rate0.5_s12,2.0,q2_a1.5_or,70609,7.999999999999972,5.7999999999999545,2.7816666666666277,2.07999999999998,1.7464076637490435,1.6525352529300705,30,1.0,1.0,54212
rate0.5_s12,2.0,q2_a1.5_or,70610,7.800000000000011,5.199999999999022,2.899999999999978,2.0166666666666404,1.695607817408803,1.6493643839984473,27,1.0,1.0,53409
rate0.5_s12,2.0,q2_a1.5_or,70611,9.0,5.199999999999022,2.7266666666665555,1.9366666666666172,1.7187120173780075,1.5876000106078056,26,1.0,1.0,53656
rate0.5_s12,2.0,q2_a1.5_or,70612,7.599999999999795,5.799999999999159,2.6349999999999567,2.196666666666637,1.764623805746692,1.5952135911199596,30,1.0,1.0,52897
rate0.5_s12,2.0,q2_a1.5_or,70613,9.600000000000136,5.0,2.648333333333303,1.8750000000000175,1.6873303526590389,1.6000587930882082,23,1.0,1.0,53452
rate0.5_s12,2.0,q2_a1.5_or,70614,8.7999999999995,4.600000000000023,2.748333333333272,1.8783333333332928,1.7211228376158487,1.5392742017404755,28,1.0,1.0,53866
rate0.5_s12,2.0,q2_a1.5_or,70615,7.0,4.999999999999773,2.49999999999996,1.9799999999999591,1.7166490840403354,1.6217429537551273,25,1.0,1.0,54363
rate0.5_s12,2.0,q2_a1.5_or,70616,9.0,5.0,2.7716666666665892,1.9683333333332322,1.7356493980129877,1.6136217770723877,26,1.0,1.0,53890
rate0.5_s12,2.0,q2_a1.5_or,70617,5.800000000000409,5.800000000000011,2.294999999999938,2.2333333333333543,1.6436583173694674,1.6062093861082738,26,1.0,1.0,52977
rate0.5_s12,2.0,q2_a1.5_or,70618,7.0,5.0,2.3650000000000166,1.8283333333332936,1.591275796910407,1.5722834236798922,22,1.0,1.0,53228
rate0.5_s12,2.0,q2_a1.5_or,70619,11.0,5.0,3.161666666666608,2.124999999999953,1.8762460742582503,1.5863554250300234,27,1.0,1.0,53704
rate0.5_s12,2.0,q2_a1.5_or,70620,5.600000000000023,5.800000000000011,2.2566666666666344,1.9883333333333022,1.6389257098286492,1.680059598890846,25,1.0,1.0,53890
rate0.5_s12,2.0,q2_a1.5_or,70621,7.0,5.600000000000136,2.4216666666666193,2.101666666666582,1.7043681319452837,1.71059835351523,27,1.0,1.0,54108
rate0.5_s12,2.0,q2_a1.5_or,70622,7.999999999999943,4.0,2.31166666666663,1.6583333333332098,1.6528850644459803,1.6063563156484126,27,1.0,1.0,54258
rate0.5_s12,2.0,q2_a1.5_or,70623,7.600000000000136,5.799999999999727,2.530000000000028,2.0883333333333667,1.7803077126575555,1.5585744932392667,24,1.0,1.0,53990
rate0.5_s12,2.0,q2_a1.5_or,70624,5.800000000000011,5.0,2.4100000000000037,2.0133333333333363,1.7410220907605711,1.5885970856133647,25,1.0,1.0,54050
rate0.5_s12,2.0,q2_a1.5_or,70625,7.0,5.0,2.6899999999999955,2.0366666666667017,1.7350980201214696,1.6327408621339703,25,1.0,1.0,52963
rate0.5_s12,2.0,q2_a1.5_or,70626,7.599999999999909,5.000000000000341,2.6866666666666013,2.123333333333318,1.6947142360944984,1.5876331269369168,21,1.0,1.0,53431
rate0.5_s12,2.0,q2_a1.5_or,70627,6.799999999999045,5.200000000000159,2.363333333333353,2.166666666666674,1.6994706749866462,1.5851211076462282,31,1.0,1.0,53625
rate0.5_s12,2.0,q2_a1.5_or,70628,9.0,5.000000000000227,2.7850000000000366,1.9816666666667344,1.6372495164088086,1.6186585174747592,28,1.0,1.0,53924
rate0.5_s12,2.0,q2_a1.5_or,70629,8.59999999999934,5.399999999999636,2.8383333333332956,1.9716666666665967,1.7562017030554768,1.6120589189676031,29,1.0,1.0,53098
rate0.5_s12,2.0,q2_a1.5_and,70600,9.200000000000102,9.200000000000102,2.689999999999941,2.689999999999941,1.8365006247419984,1.8365006247419984,0,0.0,,52755
rate0.5_s12,2.0,q2_a1.5_and,70601,7.400000000000318,7.400000000000318,2.7183333333332107,2.7183333333332107,1.6500237332242897,1.6500237332242897,0,0.0,,54131
rate0.5_s12,2.0,q2_a1.5_and,70602,7.599999999999966,7.599999999999966,2.691666666666678,2.691666666666678,1.6977202613428302,1.6977202613428302,0,0.0,,52344
rate0.5_s12,2.0,q2_a1.5_and,70603,5.800000000000011,5.800000000000011,2.2950000000000026,2.2950000000000026,1.6807134225859595,1.6807134225859595,0,0.0,,52887
rate0.5_s12,2.0,q2_a1.5_and,70604,6.999999999999972,6.999999999999972,2.4349999999999925,2.4349999999999925,1.6647139304368996,1.6647139304368996,0,0.0,,53009
rate0.5_s12,2.0,q2_a1.5_and,70605,7.0,7.0,2.4733333333332297,2.4733333333332297,1.5923898839944002,1.5923898839944002,0,0.0,,53069
rate0.5_s12,2.0,q2_a1.5_and,70606,7.800000000000239,7.800000000000239,2.625000000000021,2.625000000000021,1.5877457706011675,1.5877457706011675,0,0.0,,52746
rate0.5_s12,2.0,q2_a1.5_and,70607,7.0,7.0,2.8499999999999504,2.8499999999999504,1.695662210689665,1.695662210689665,0,0.0,,52089
rate0.5_s12,2.0,q2_a1.5_and,70608,5.199999999999974,5.199999999999974,2.20166666666659,2.20166666666659,1.6702340357844832,1.6702340357844832,0,0.0,,52831
rate0.5_s12,2.0,q2_a1.5_and,70609,7.999999999999972,7.999999999999972,2.7816666666666277,2.7816666666666277,1.7464076637490435,1.7464076637490435,0,0.0,,51796
rate0.5_s12,2.0,q2_a1.5_and,70610,7.800000000000011,7.800000000000011,2.899999999999978,2.899999999999978,1.695607817408803,1.695607817408803,0,0.0,,52084
rate0.5_s12,2.0,q2_a1.5_and,70611,9.0,9.0,2.7266666666665555,2.7266666666665555,1.7187120173780075,1.7187120173780075,0,0.0,,52093
rate0.5_s12,2.0,q2_a1.5_and,70612,7.599999999999795,7.599999999999795,2.6349999999999567,2.6349999999999567,1.764623805746692,1.764623805746692,0,0.0,,52936
rate0.5_s12,2.0,q2_a1.5_and,70613,9.600000000000136,9.600000000000136,2.648333333333303,2.648333333333303,1.6873303526590389,1.6873303526590389,0,0.0,,52384
rate0.5_s12,2.0,q2_a1.5_and,70614,8.7999999999995,8.7999999999995,2.748333333333272,2.748333333333272,1.7211228376158487,1.7211228376158487,0,0.0,,53132
rate0.5_s12,2.0,q2_a1.5_and,70615,7.0,7.0,2.49999999999996,2.49999999999996,1.7166490840403354,1.7166490840403354,0,0.0,,53368
rate0.5_s12,2.0,q2_a1.5_and,70616,9.0,9.0,2.7716666666665892,2.7716666666665892,1.7356493980129877,1.7356493980129877,0,0.0,,52622
rate0.5_s12,2.0,q2_a1.5_and,70617,5.800000000000409,5.800000000000409,2.294999999999938,2.294999999999938,1.6436583173694674,1.6436583173694674,0,0.0,,51850
rate0.5_s12,2.0,q2_a1.5_and,70618,7.0,7.0,2.3650000000000166,2.3650000000000166,1.591275796910407,1.591275796910407,0,0.0,,52104
rate0.5_s12,2.0,q2_a1.5_and,70619,11.0,11.0,3.161666666666608,3.161666666666608,1.8762460742582503,1.8762460742582503,0,0.0,,52116
rate0.5_s12,2.0,q2_a1.5_and,70620,5.600000000000023,5.600000000000023,2.2566666666666344,2.2566666666666344,1.6389257098286492,1.6389257098286492,0,0.0,,52038
rate0.5_s12,2.0,q2_a1.5_and,70621,7.0,7.0,2.4216666666666193,2.4216666666666193,1.7043681319452837,1.7043681319452837,0,0.0,,52767
rate0.5_s12,2.0,q2_a1.5_and,70622,7.999999999999943,7.999999999999943,2.31166666666663,2.31166666666663,1.6528850644459803,1.6528850644459803,0,0.0,,53065
rate0.5_s12,2.0,q2_a1.5_and,70623,7.600000000000136,7.600000000000136,2.530000000000028,2.530000000000028,1.7803077126575555,1.7803077126575555,0,0.0,,52592
rate0.5_s12,2.0,q2_a1.5_and,70624,5.800000000000011,5.800000000000011,2.4100000000000037,2.4100000000000037,1.7410220907605711,1.7410220907605711,0,0.0,,52829
rate0.5_s12,2.0,q2_a1.5_and,70625,7.0,7.0,2.6899999999999955,2.6899999999999955,1.7350980201214696,1.7350980201214696,0,0.0,,51972
rate0.5_s12,2.0,q2_a1.5_and,70626,7.599999999999909,7.599999999999909,2.6866666666666013,2.6866666666666013,1.6947142360944984,1.6947142360944984,0,0.0,,51851
rate0.5_s12,2.0,q2_a1.5_and,70627,6.799999999999045,6.799999999999045,2.363333333333353,2.363333333333353,1.6994706749866462,1.6994706749866462,0,0.0,,52254
rate0.5_s12,2.0,q2_a1.5_and,70628,9.0,9.0,2.7850000000000366,2.7850000000000366,1.6372495164088086,1.6372495164088086,0,0.0,,54047
rate0.5_s12,2.0,q2_a1.5_and,70629,8.59999999999934,8.59999999999934,2.8383333333332956,2.8383333333332956,1.7562017030554768,1.7562017030554768,0,0.0,,51264
rate0.5_s12,2.0,q4_a0.8_or,70600,9.200000000000102,9.200000000000102,2.689999999999941,2.689999999999941,1.8365006247419984,1.8365006247419984,0,0.0,,52755
rate0.5_s12,2.0,q4_a0.8_or,70601,7.400000000000318,7.400000000000318,2.7183333333332107,2.7183333333332107,1.6500237332242897,1.6500237332242897,0,0.0,,54131
rate0.5_s12,2.0,q4_a0.8_or,70602,7.599999999999966,7.599999999999966,2.691666666666678,2.691666666666678,1.6977202613428302,1.6977202613428302,0,0.0,,52344
rate0.5_s12,2.0,q4_a0.8_or,70603,5.800000000000011,5.800000000000011,2.2950000000000026,2.2950000000000026,1.6807134225859595,1.6807134225859595,0,0.0,,52887
rate0.5_s12,2.0,q4_a0.8_or,70604,6.999999999999972,6.999999999999972,2.4349999999999925,2.4349999999999925,1.6647139304368996,1.6647139304368996,0,0.0,,53009
rate0.5_s12,2.0,q4_a0.8_or,70605,7.0,7.0,2.4733333333332297,2.4733333333332297,1.5923898839944002,1.5923898839944002,0,0.0,,53069
rate0.5_s12,2.0,q4_a0.8_or,70606,7.800000000000239,7.800000000000239,2.625000000000021,2.625000000000021,1.5877457706011675,1.5877457706011675,0,0.0,,52746
rate0.5_s12,2.0,q4_a0.8_or,70607,7.0,7.0,2.8499999999999504,2.8499999999999504,1.695662210689665,1.695662210689665,0,0.0,,52089
rate0.5_s12,2.0,q4_a0.8_or,70608,5.199999999999974,5.199999999999974,2.20166666666659,2.20166666666659,1.6702340357844832,1.6702340357844832,0,0.0,,52831
rate0.5_s12,2.0,q4_a0.8_or,70609,7.999999999999972,7.999999999999972,2.7816666666666277,2.7816666666666277,1.7464076637490435,1.7464076637490435,0,0.0,,51796
rate0.5_s12,2.0,q4_a0.8_or,70610,7.800000000000011,7.800000000000011,2.899999999999978,2.899999999999978,1.695607817408803,1.695607817408803,0,0.0,,52084
rate0.5_s12,2.0,q4_a0.8_or,70611,9.0,9.0,2.7266666666665555,2.7266666666665555,1.7187120173780075,1.7187120173780075,0,0.0,,52093
rate0.5_s12,2.0,q4_a0.8_or,70612,7.599999999999795,7.599999999999795,2.6349999999999567,2.6349999999999567,1.764623805746692,1.764623805746692,0,0.0,,52936
rate0.5_s12,2.0,q4_a0.8_or,70613,9.600000000000136,9.600000000000136,2.648333333333303,2.648333333333303,1.6873303526590389,1.6873303526590389,0,0.0,,52384
rate0.5_s12,2.0,q4_a0.8_or,70614,8.7999999999995,8.7999999999995,2.748333333333272,2.748333333333272,1.7211228376158487,1.7211228376158487,0,0.0,,53132
rate0.5_s12,2.0,q4_a0.8_or,70615,7.0,7.0,2.49999999999996,2.49999999999996,1.7166490840403354,1.7166490840403354,0,0.0,,53368
rate0.5_s12,2.0,q4_a0.8_or,70616,9.0,9.0,2.7716666666665892,2.7716666666665892,1.7356493980129877,1.7356493980129877,0,0.0,,52622
rate0.5_s12,2.0,q4_a0.8_or,70617,5.800000000000409,5.800000000000409,2.294999999999938,2.294999999999938,1.6436583173694674,1.6436583173694674,0,0.0,,51850
rate0.5_s12,2.0,q4_a0.8_or,70618,7.0,7.0,2.3650000000000166,2.3650000000000166,1.591275796910407,1.591275796910407,0,0.0,,52104
rate0.5_s12,2.0,q4_a0.8_or,70619,11.0,11.0,3.161666666666608,3.161666666666608,1.8762460742582503,1.8762460742582503,0,0.0,,52116
rate0.5_s12,2.0,q4_a0.8_or,70620,5.600000000000023,5.600000000000023,2.2566666666666344,2.2566666666666344,1.6389257098286492,1.6389257098286492,0,0.0,,52038
rate0.5_s12,2.0,q4_a0.8_or,70621,7.0,7.0,2.4216666666666193,2.4216666666666193,1.7043681319452837,1.7043681319452837,0,0.0,,52767
rate0.5_s12,2.0,q4_a0.8_or,70622,7.999999999999943,7.999999999999943,2.31166666666663,2.31166666666663,1.6528850644459803,1.6528850644459803,0,0.0,,53065
rate0.5_s12,2.0,q4_a0.8_or,70623,7.600000000000136,7.600000000000136,2.530000000000028,2.530000000000028,1.7803077126575555,1.7803077126575555,0,0.0,,52592
rate0.5_s12,2.0,q4_a0.8_or,70624,5.800000000000011,5.800000000000011,2.4100000000000037,2.4100000000000037,1.7410220907605711,1.7410220907605711,0,0.0,,52829
rate0.5_s12,2.0,q4_a0.8_or,70625,7.0,7.0,2.6899999999999955,2.6899999999999955,1.7350980201214696,1.7350980201214696,0,0.0,,51972
rate0.5_s12,2.0,q4_a0.8_or,70626,7.599999999999909,7.599999999999909,2.6866666666666013,2.6866666666666013,1.6947142360944984,1.6947142360944984,0,0.0,,51851
rate0.5_s12,2.0,q4_a0.8_or,70627,6.799999999999045,6.799999999999045,2.363333333333353,2.363333333333353,1.6994706749866462,1.6994706749866462,0,0.0,,52254
rate0.5_s12,2.0,q4_a0.8_or,70628,9.0,9.0,2.7850000000000366,2.7850000000000366,1.6372495164088086,1.6372495164088086,0,0.0,,54047
rate0.5_s12,2.0,q4_a0.8_or,70629,8.59999999999934,8.59999999999934,2.8383333333332956,2.8383333333332956,1.7562017030554768,1.7562017030554768,0,0.0,,51264
rate0.5_s12,2.0,q4_a0.8_and,70600,9.200000000000102,9.200000000000102,2.689999999999941,2.689999999999941,1.8365006247419984,1.8365006247419984,0,0.0,,52755
rate0.5_s12,2.0,q4_a0.8_and,70601,7.400000000000318,7.400000000000318,2.7183333333332107,2.7183333333332107,1.6500237332242897,1.6500237332242897,0,0.0,,54131
rate0.5_s12,2.0,q4_a0.8_and,70602,7.599999999999966,7.599999999999966,2.691666666666678,2.691666666666678,1.6977202613428302,1.6977202613428302,0,0.0,,52344
rate0.5_s12,2.0,q4_a0.8_and,70603,5.800000000000011,5.800000000000011,2.2950000000000026,2.2950000000000026,1.6807134225859595,1.6807134225859595,0,0.0,,52887
rate0.5_s12,2.0,q4_a0.8_and,70604,6.999999999999972,6.999999999999972,2.4349999999999925,2.4349999999999925,1.6647139304368996,1.6647139304368996,0,0.0,,53009
rate0.5_s12,2.0,q4_a0.8_and,70605,7.0,7.0,2.4733333333332297,2.4733333333332297,1.5923898839944002,1.5923898839944002,0,0.0,,53069
rate0.5_s12,2.0,q4_a0.8_and,70606,7.800000000000239,7.800000000000239,2.625000000000021,2.625000000000021,1.5877457706011675,1.5877457706011675,0,0.0,,52746
rate0.5_s12,2.0,q4_a0.8_and,70607,7.0,7.0,2.8499999999999504,2.8499999999999504,1.695662210689665,1.695662210689665,0,0.0,,52089
rate0.5_s12,2.0,q4_a0.8_and,70608,5.199999999999974,5.199999999999974,2.20166666666659,2.20166666666659,1.6702340357844832,1.6702340357844832,0,0.0,,52831
rate0.5_s12,2.0,q4_a0.8_and,70609,7.999999999999972,7.999999999999972,2.7816666666666277,2.7816666666666277,1.7464076637490435,1.7464076637490435,0,0.0,,51796
rate0.5_s12,2.0,q4_a0.8_and,70610,7.800000000000011,7.800000000000011,2.899999999999978,2.899999999999978,1.695607817408803,1.695607817408803,0,0.0,,52084
rate0.5_s12,2.0,q4_a0.8_and,70611,9.0,9.0,2.7266666666665555,2.7266666666665555,1.7187120173780075,1.7187120173780075,0,0.0,,52093
rate0.5_s12,2.0,q4_a0.8_and,70612,7.599999999999795,7.599999999999795,2.6349999999999567,2.6349999999999567,1.764623805746692,1.764623805746692,0,0.0,,52936
rate0.5_s12,2.0,q4_a0.8_and,70613,9.600000000000136,9.600000000000136,2.648333333333303,2.648333333333303,1.6873303526590389,1.6873303526590389,0,0.0,,52384
rate0.5_s12,2.0,q4_a0.8_and,70614,8.7999999999995,8.7999999999995,2.748333333333272,2.748333333333272,1.7211228376158487,1.7211228376158487,0,0.0,,53132
rate0.5_s12,2.0,q4_a0.8_and,70615,7.0,7.0,2.49999999999996,2.49999999999996,1.7166490840403354,1.7166490840403354,0,0.0,,53368
rate0.5_s12,2.0,q4_a0.8_and,70616,9.0,9.0,2.7716666666665892,2.7716666666665892,1.7356493980129877,1.7356493980129877,0,0.0,,52622
rate0.5_s12,2.0,q4_a0.8_and,70617,5.800000000000409,5.800000000000409,2.294999999999938,2.294999999999938,1.6436583173694674,1.6436583173694674,0,0.0,,51850
rate0.5_s12,2.0,q4_a0.8_and,70618,7.0,7.0,2.3650000000000166,2.3650000000000166,1.591275796910407,1.591275796910407,0,0.0,,52104
rate0.5_s12,2.0,q4_a0.8_and,70619,11.0,11.0,3.161666666666608,3.161666666666608,1.8762460742582503,1.8762460742582503,0,0.0,,52116
rate0.5_s12,2.0,q4_a0.8_and,70620,5.600000000000023,5.600000000000023,2.2566666666666344,2.2566666666666344,1.6389257098286492,1.6389257098286492,0,0.0,,52038
rate0.5_s12,2.0,q4_a0.8_and,70621,7.0,7.0,2.4216666666666193,2.4216666666666193,1.7043681319452837,1.7043681319452837,0,0.0,,52767
rate0.5_s12,2.0,q4_a0.8_and,70622,7.999999999999943,7.999999999999943,2.31166666666663,2.31166666666663,1.6528850644459803,1.6528850644459803,0,0.0,,53065
rate0.5_s12,2.0,q4_a0.8_and,70623,7.600000000000136,7.600000000000136,2.530000000000028,2.530000000000028,1.7803077126575555,1.7803077126575555,0,0.0,,52592
rate0.5_s12,2.0,q4_a0.8_and,70624,5.800000000000011,5.800000000000011,2.4100000000000037,2.4100000000000037,1.7410220907605711,1.7410220907605711,0,0.0,,52829
rate0.5_s12,2.0,q4_a0.8_and,70625,7.0,7.0,2.6899999999999955,2.6899999999999955,1.7350980201214696,1.7350980201214696,0,0.0,,51972
rate0.5_s12,2.0,q4_a0.8_and,70626,7.599999999999909,7.599999999999909,2.6866666666666013,2.6866666666666013,1.6947142360944984,1.6947142360944984,0,0.0,,51851
rate0.5_s12,2.0,q4_a0.8_and,70627,6.799999999999045,6.799999999999045,2.363333333333353,2.363333333333353,1.6994706749866462,1.6994706749866462,0,0.0,,52254
rate0.5_s12,2.0,q4_a0.8_and,70628,9.0,9.0,2.7850000000000366,2.7850000000000366,1.6372495164088086,1.6372495164088086,0,0.0,,54047
rate0.5_s12,2.0,q4_a0.8_and,70629,8.59999999999934,8.59999999999934,2.8383333333332956,2.8383333333332956,1.7562017030554768,1.7562017030554768,0,0.0,,51264
rate0.5_s12,2.0,q4_a1.5_or,70600,9.200000000000102,9.200000000000102,2.689999999999941,2.689999999999941,1.8365006247419984,1.8365006247419984,0,0.0,,52755
rate0.5_s12,2.0,q4_a1.5_or,70601,7.400000000000318,7.400000000000318,2.7183333333332107,2.7183333333332107,1.6500237332242897,1.6500237332242897,0,0.0,,54131
rate0.5_s12,2.0,q4_a1.5_or,70602,7.599999999999966,7.599999999999966,2.691666666666678,2.691666666666678,1.6977202613428302,1.6977202613428302,0,0.0,,52344
rate0.5_s12,2.0,q4_a1.5_or,70603,5.800000000000011,5.800000000000011,2.2950000000000026,2.2950000000000026,1.6807134225859595,1.6807134225859595,0,0.0,,52887
rate0.5_s12,2.0,q4_a1.5_or,70604,6.999999999999972,6.999999999999972,2.4349999999999925,2.4349999999999925,1.6647139304368996,1.6647139304368996,0,0.0,,53009
rate0.5_s12,2.0,q4_a1.5_or,70605,7.0,7.0,2.4733333333332297,2.4733333333332297,1.5923898839944002,1.5923898839944002,0,0.0,,53069
rate0.5_s12,2.0,q4_a1.5_or,70606,7.800000000000239,7.800000000000239,2.625000000000021,2.625000000000021,1.5877457706011675,1.5877457706011675,0,0.0,,52746
rate0.5_s12,2.0,q4_a1.5_or,70607,7.0,7.0,2.8499999999999504,2.8499999999999504,1.695662210689665,1.695662210689665,0,0.0,,52089
rate0.5_s12,2.0,q4_a1.5_or,70608,5.199999999999974,5.199999999999974,2.20166666666659,2.20166666666659,1.6702340357844832,1.6702340357844832,0,0.0,,52831
rate0.5_s12,2.0,q4_a1.5_or,70609,7.999999999999972,7.999999999999972,2.7816666666666277,2.7816666666666277,1.7464076637490435,1.7464076637490435,0,0.0,,51796
rate0.5_s12,2.0,q4_a1.5_or,70610,7.800000000000011,7.800000000000011,2.899999999999978,2.899999999999978,1.695607817408803,1.695607817408803,0,0.0,,52084
rate0.5_s12,2.0,q4_a1.5_or,70611,9.0,9.0,2.7266666666665555,2.7266666666665555,1.7187120173780075,1.7187120173780075,0,0.0,,52093
rate0.5_s12,2.0,q4_a1.5_or,70612,7.599999999999795,7.599999999999795,2.6349999999999567,2.6349999999999567,1.764623805746692,1.764623805746692,0,0.0,,52936
rate0.5_s12,2.0,q4_a1.5_or,70613,9.600000000000136,9.600000000000136,2.648333333333303,2.648333333333303,1.6873303526590389,1.6873303526590389,0,0.0,,52384
rate0.5_s12,2.0,q4_a1.5_or,70614,8.7999999999995,8.7999999999995,2.748333333333272,2.748333333333272,1.7211228376158487,1.7211228376158487,0,0.0,,53132
rate0.5_s12,2.0,q4_a1.5_or,70615,7.0,7.0,2.49999999999996,2.49999999999996,1.7166490840403354,1.7166490840403354,0,0.0,,53368
rate0.5_s12,2.0,q4_a1.5_or,70616,9.0,9.0,2.7716666666665892,2.7716666666665892,1.7356493980129877,1.7356493980129877,0,0.0,,52622
rate0.5_s12,2.0,q4_a1.5_or,70617,5.800000000000409,5.800000000000409,2.294999999999938,2.294999999999938,1.6436583173694674,1.6436583173694674,0,0.0,,51850
rate0.5_s12,2.0,q4_a1.5_or,70618,7.0,7.0,2.3650000000000166,2.3650000000000166,1.591275796910407,1.591275796910407,0,0.0,,52104
rate0.5_s12,2.0,q4_a1.5_or,70619,11.0,11.0,3.161666666666608,3.161666666666608,1.8762460742582503,1.8762460742582503,0,0.0,,52116
rate0.5_s12,2.0,q4_a1.5_or,70620,5.600000000000023,5.600000000000023,2.2566666666666344,2.2566666666666344,1.6389257098286492,1.6389257098286492,0,0.0,,52038
rate0.5_s12,2.0,q4_a1.5_or,70621,7.0,7.0,2.4216666666666193,2.4216666666666193,1.7043681319452837,1.7043681319452837,0,0.0,,52767
rate0.5_s12,2.0,q4_a1.5_or,70622,7.999999999999943,7.999999999999943,2.31166666666663,2.31166666666663,1.6528850644459803,1.6528850644459803,0,0.0,,53065
rate0.5_s12,2.0,q4_a1.5_or,70623,7.600000000000136,7.600000000000136,2.530000000000028,2.530000000000028,1.7803077126575555,1.7803077126575555,0,0.0,,52592
rate0.5_s12,2.0,q4_a1.5_or,70624,5.800000000000011,5.800000000000011,2.4100000000000037,2.4100000000000037,1.7410220907605711,1.7410220907605711,0,0.0,,52829
rate0.5_s12,2.0,q4_a1.5_or,70625,7.0,7.0,2.6899999999999955,2.6899999999999955,1.7350980201214696,1.7350980201214696,0,0.0,,51972
rate0.5_s12,2.0,q4_a1.5_or,70626,7.599999999999909,7.599999999999909,2.6866666666666013,2.6866666666666013,1.6947142360944984,1.6947142360944984,0,0.0,,51851
rate0.5_s12,2.0,q4_a1.5_or,70627,6.799999999999045,6.799999999999045,2.363333333333353,2.363333333333353,1.6994706749866462,1.6994706749866462,0,0.0,,52254
rate0.5_s12,2.0,q4_a1.5_or,70628,9.0,9.0,2.7850000000000366,2.7850000000000366,1.6372495164088086,1.6372495164088086,0,0.0,,54047
rate0.5_s12,2.0,q4_a1.5_or,70629,8.59999999999934,8.59999999999934,2.8383333333332956,2.8383333333332956,1.7562017030554768,1.7562017030554768,0,0.0,,51264
rate0.5_s12,2.0,q4_a1.5_and,70600,9.200000000000102,9.200000000000102,2.689999999999941,2.689999999999941,1.8365006247419984,1.8365006247419984,0,0.0,,52755
rate0.5_s12,2.0,q4_a1.5_and,70601,7.400000000000318,7.400000000000318,2.7183333333332107,2.7183333333332107,1.6500237332242897,1.6500237332242897,0,0.0,,54131
rate0.5_s12,2.0,q4_a1.5_and,70602,7.599999999999966,7.599999999999966,2.691666666666678,2.691666666666678,1.6977202613428302,1.6977202613428302,0,0.0,,52344
rate0.5_s12,2.0,q4_a1.5_and,70603,5.800000000000011,5.800000000000011,2.2950000000000026,2.2950000000000026,1.6807134225859595,1.6807134225859595,0,0.0,,52887
rate0.5_s12,2.0,q4_a1.5_and,70604,6.999999999999972,6.999999999999972,2.4349999999999925,2.4349999999999925,1.6647139304368996,1.6647139304368996,0,0.0,,53009
rate0.5_s12,2.0,q4_a1.5_and,70605,7.0,7.0,2.4733333333332297,2.4733333333332297,1.5923898839944002,1.5923898839944002,0,0.0,,53069
rate0.5_s12,2.0,q4_a1.5_and,70606,7.800000000000239,7.800000000000239,2.625000000000021,2.625000000000021,1.5877457706011675,1.5877457706011675,0,0.0,,52746
rate0.5_s12,2.0,q4_a1.5_and,70607,7.0,7.0,2.8499999999999504,2.8499999999999504,1.695662210689665,1.695662210689665,0,0.0,,52089
rate0.5_s12,2.0,q4_a1.5_and,70608,5.199999999999974,5.199999999999974,2.20166666666659,2.20166666666659,1.6702340357844832,1.6702340357844832,0,0.0,,52831
rate0.5_s12,2.0,q4_a1.5_and,70609,7.999999999999972,7.999999999999972,2.7816666666666277,2.7816666666666277,1.7464076637490435,1.7464076637490435,0,0.0,,51796
rate0.5_s12,2.0,q4_a1.5_and,70610,7.800000000000011,7.800000000000011,2.899999999999978,2.899999999999978,1.695607817408803,1.695607817408803,0,0.0,,52084
rate0.5_s12,2.0,q4_a1.5_and,70611,9.0,9.0,2.7266666666665555,2.7266666666665555,1.7187120173780075,1.7187120173780075,0,0.0,,52093
rate0.5_s12,2.0,q4_a1.5_and,70612,7.599999999999795,7.599999999999795,2.6349999999999567,2.6349999999999567,1.764623805746692,1.764623805746692,0,0.0,,52936
rate0.5_s12,2.0,q4_a1.5_and,70613,9.600000000000136,9.600000000000136,2.648333333333303,2.648333333333303,1.6873303526590389,1.6873303526590389,0,0.0,,52384
rate0.5_s12,2.0,q4_a1.5_and,70614,8.7999999999995,8.7999999999995,2.748333333333272,2.748333333333272,1.7211228376158487,1.7211228376158487,0,0.0,,53132
rate0.5_s12,2.0,q4_a1.5_and,70615,7.0,7.0,2.49999999999996,2.49999999999996,1.7166490840403354,1.7166490840403354,0,0.0,,53368
rate0.5_s12,2.0,q4_a1.5_and,70616,9.0,9.0,2.7716666666665892,2.7716666666665892,1.7356493980129877,1.7356493980129877,0,0.0,,52622
rate0.5_s12,2.0,q4_a1.5_and,70617,5.800000000000409,5.800000000000409,2.294999999999938,2.294999999999938,1.6436583173694674,1.6436583173694674,0,0.0,,51850
rate0.5_s12,2.0,q4_a1.5_and,70618,7.0,7.0,2.3650000000000166,2.3650000000000166,1.591275796910407,1.591275796910407,0,0.0,,52104
rate0.5_s12,2.0,q4_a1.5_and,70619,11.0,11.0,3.161666666666608,3.161666666666608,1.8762460742582503,1.8762460742582503,0,0.0,,52116
rate0.5_s12,2.0,q4_a1.5_and,70620,5.600000000000023,5.600000000000023,2.2566666666666344,2.2566666666666344,1.6389257098286492,1.6389257098286492,0,0.0,,52038
rate0.5_s12,2.0,q4_a1.5_and,70621,7.0,7.0,2.4216666666666193,2.4216666666666193,1.7043681319452837,1.7043681319452837,0,0.0,,52767
rate0.5_s12,2.0,q4_a1.5_and,70622,7.999999999999943,7.999999999999943,2.31166666666663,2.31166666666663,1.6528850644459803,1.6528850644459803,0,0.0,,53065
rate0.5_s12,2.0,q4_a1.5_and,70623,7.600000000000136,7.600000000000136,2.530000000000028,2.530000000000028,1.7803077126575555,1.7803077126575555,0,0.0,,52592
rate0.5_s12,2.0,q4_a1.5_and,70624,5.800000000000011,5.800000000000011,2.4100000000000037,2.4100000000000037,1.7410220907605711,1.7410220907605711,0,0.0,,52829
rate0.5_s12,2.0,q4_a1.5_and,70625,7.0,7.0,2.6899999999999955,2.6899999999999955,1.7350980201214696,1.7350980201214696,0,0.0,,51972
rate0.5_s12,2.0,q4_a1.5_and,70626,7.599999999999909,7.599999999999909,2.6866666666666013,2.6866666666666013,1.6947142360944984,1.6947142360944984,0,0.0,,51851
rate0.5_s12,2.0,q4_a1.5_and,70627,6.799999999999045,6.799999999999045,2.363333333333353,2.363333333333353,1.6994706749866462,1.6994706749866462,0,0.0,,52254
rate0.5_s12,2.0,q4_a1.5_and,70628,9.0,9.0,2.7850000000000366,2.7850000000000366,1.6372495164088086,1.6372495164088086,0,0.0,,54047
rate0.5_s12,2.0,q4_a1.5_and,70629,8.59999999999934,8.59999999999934,2.8383333333332956,2.8383333333332956,1.7562017030554768,1.7562017030554768,0,0.0,,51264
rate0.5_s12,2.0,q8_a0.8_or,70600,9.200000000000102,9.200000000000102,2.689999999999941,2.689999999999941,1.8365006247419984,1.8365006247419984,0,0.0,,52755
rate0.5_s12,2.0,q8_a0.8_or,70601,7.400000000000318,7.400000000000318,2.7183333333332107,2.7183333333332107,1.6500237332242897,1.6500237332242897,0,0.0,,54131
rate0.5_s12,2.0,q8_a0.8_or,70602,7.599999999999966,7.599999999999966,2.691666666666678,2.691666666666678,1.6977202613428302,1.6977202613428302,0,0.0,,52344
rate0.5_s12,2.0,q8_a0.8_or,70603,5.800000000000011,5.800000000000011,2.2950000000000026,2.2950000000000026,1.6807134225859595,1.6807134225859595,0,0.0,,52887
rate0.5_s12,2.0,q8_a0.8_or,70604,6.999999999999972,6.999999999999972,2.4349999999999925,2.4349999999999925,1.6647139304368996,1.6647139304368996,0,0.0,,53009
rate0.5_s12,2.0,q8_a0.8_or,70605,7.0,7.0,2.4733333333332297,2.4733333333332297,1.5923898839944002,1.5923898839944002,0,0.0,,53069
rate0.5_s12,2.0,q8_a0.8_or,70606,7.800000000000239,7.800000000000239,2.625000000000021,2.625000000000021,1.5877457706011675,1.5877457706011675,0,0.0,,52746
rate0.5_s12,2.0,q8_a0.8_or,70607,7.0,7.0,2.8499999999999504,2.8499999999999504,1.695662210689665,1.695662210689665,0,0.0,,52089
rate0.5_s12,2.0,q8_a0.8_or,70608,5.199999999999974,5.199999999999974,2.20166666666659,2.20166666666659,1.6702340357844832,1.6702340357844832,0,0.0,,52831
rate0.5_s12,2.0,q8_a0.8_or,70609,7.999999999999972,7.999999999999972,2.7816666666666277,2.7816666666666277,1.7464076637490435,1.7464076637490435,0,0.0,,51796
rate0.5_s12,2.0,q8_a0.8_or,70610,7.800000000000011,7.800000000000011,2.899999999999978,2.899999999999978,1.695607817408803,1.695607817408803,0,0.0,,52084
rate0.5_s12,2.0,q8_a0.8_or,70611,9.0,9.0,2.7266666666665555,2.7266666666665555,1.7187120173780075,1.7187120173780075,0,0.0,,52093
rate0.5_s12,2.0,q8_a0.8_or,70612,7.599999999999795,7.599999999999795,2.6349999999999567,2.6349999999999567,1.764623805746692,1.764623805746692,0,0.0,,52936
rate0.5_s12,2.0,q8_a0.8_or,70613,9.600000000000136,9.600000000000136,2.648333333333303,2.648333333333303,1.6873303526590389,1.6873303526590389,0,0.0,,52384
rate0.5_s12,2.0,q8_a0.8_or,70614,8.7999999999995,8.7999999999995,2.748333333333272,2.748333333333272,1.7211228376158487,1.7211228376158487,0,0.0,,53132
rate0.5_s12,2.0,q8_a0.8_or,70615,7.0,7.0,2.49999999999996,2.49999999999996,1.7166490840403354,1.7166490840403354,0,0.0,,53368
rate0.5_s12,2.0,q8_a0.8_or,70616,9.0,9.0,2.7716666666665892,2.7716666666665892,1.7356493980129877,1.7356493980129877,0,0.0,,52622
rate0.5_s12,2.0,q8_a0.8_or,70617,5.800000000000409,5.800000000000409,2.294999999999938,2.294999999999938,1.6436583173694674,1.6436583173694674,0,0.0,,51850
rate0.5_s12,2.0,q8_a0.8_or,70618,7.0,7.0,2.3650000000000166,2.3650000000000166,1.591275796910407,1.591275796910407,0,0.0,,52104
rate0.5_s12,2.0,q8_a0.8_or,70619,11.0,11.0,3.161666666666608,3.161666666666608,1.8762460742582503,1.8762460742582503,0,0.0,,52116
rate0.5_s12,2.0,q8_a0.8_or,70620,5.600000000000023,5.600000000000023,2.2566666666666344,2.2566666666666344,1.6389257098286492,1.6389257098286492,0,0.0,,52038
rate0.5_s12,2.0,q8_a0.8_or,70621,7.0,7.0,2.4216666666666193,2.4216666666666193,1.7043681319452837,1.7043681319452837,0,0.0,,52767
rate0.5_s12,2.0,q8_a0.8_or,70622,7.999999999999943,7.999999999999943,2.31166666666663,2.31166666666663,1.6528850644459803,1.6528850644459803,0,0.0,,53065
rate0.5_s12,2.0,q8_a0.8_or,70623,7.600000000000136,7.600000000000136,2.530000000000028,2.530000000000028,1.7803077126575555,1.7803077126575555,0,0.0,,52592
rate0.5_s12,2.0,q8_a0.8_or,70624,5.800000000000011,5.800000000000011,2.4100000000000037,2.4100000000000037,1.7410220907605711,1.7410220907605711,0,0.0,,52829
rate0.5_s12,2.0,q8_a0.8_or,70625,7.0,7.0,2.6899999999999955,2.6899999999999955,1.7350980201214696,1.7350980201214696,0,0.0,,51972
rate0.5_s12,2.0,q8_a0.8_or,70626,7.599999999999909,7.599999999999909,2.6866666666666013,2.6866666666666013,1.6947142360944984,1.6947142360944984,0,0.0,,51851
rate0.5_s12,2.0,q8_a0.8_or,70627,6.799999999999045,6.799999999999045,2.363333333333353,2.363333333333353,1.6994706749866462,1.6994706749866462,0,0.0,,52254
rate0.5_s12,2.0,q8_a0.8_or,70628,9.0,9.0,2.7850000000000366,2.7850000000000366,1.6372495164088086,1.6372495164088086,0,0.0,,54047
rate0.5_s12,2.0,q8_a0.8_or,70629,8.59999999999934,8.59999999999934,2.8383333333332956,2.8383333333332956,1.7562017030554768,1.7562017030554768,0,0.0,,51264
rate0.5_s12,2.0,q8_a0.8_and,70600,9.200000000000102,9.200000000000102,2.689999999999941,2.689999999999941,1.8365006247419984,1.8365006247419984,0,0.0,,52755
rate0.5_s12,2.0,q8_a0.8_and,70601,7.400000000000318,7.400000000000318,2.7183333333332107,2.7183333333332107,1.6500237332242897,1.6500237332242897,0,0.0,,54131
rate0.5_s12,2.0,q8_a0.8_and,70602,7.599999999999966,7.599999999999966,2.691666666666678,2.691666666666678,1.6977202613428302,1.6977202613428302,0,0.0,,52344
rate0.5_s12,2.0,q8_a0.8_and,70603,5.800000000000011,5.800000000000011,2.2950000000000026,2.2950000000000026,1.6807134225859595,1.6807134225859595,0,0.0,,52887
rate0.5_s12,2.0,q8_a0.8_and,70604,6.999999999999972,6.999999999999972,2.4349999999999925,2.4349999999999925,1.6647139304368996,1.6647139304368996,0,0.0,,53009
rate0.5_s12,2.0,q8_a0.8_and,70605,7.0,7.0,2.4733333333332297,2.4733333333332297,1.5923898839944002,1.5923898839944002,0,0.0,,53069
rate0.5_s12,2.0,q8_a0.8_and,70606,7.800000000000239,7.800000000000239,2.625000000000021,2.625000000000021,1.5877457706011675,1.5877457706011675,0,0.0,,52746
rate0.5_s12,2.0,q8_a0.8_and,70607,7.0,7.0,2.8499999999999504,2.8499999999999504,1.695662210689665,1.695662210689665,0,0.0,,52089
rate0.5_s12,2.0,q8_a0.8_and,70608,5.199999999999974,5.199999999999974,2.20166666666659,2.20166666666659,1.6702340357844832,1.6702340357844832,0,0.0,,52831
rate0.5_s12,2.0,q8_a0.8_and,70609,7.999999999999972,7.999999999999972,2.7816666666666277,2.7816666666666277,1.7464076637490435,1.7464076637490435,0,0.0,,51796
rate0.5_s12,2.0,q8_a0.8_and,70610,7.800000000000011,7.800000000000011,2.899999999999978,2.899999999999978,1.695607817408803,1.695607817408803,0,0.0,,52084
rate0.5_s12,2.0,q8_a0.8_and,70611,9.0,9.0,2.7266666666665555,2.7266666666665555,1.7187120173780075,1.7187120173780075,0,0.0,,52093
rate0.5_s12,2.0,q8_a0.8_and,70612,7.599999999999795,7.599999999999795,2.6349999999999567,2.6349999999999567,1.764623805746692,1.764623805746692,0,0.0,,52936
rate0.5_s12,2.0,q8_a0.8_and,70613,9.600000000000136,9.600000000000136,2.648333333333303,2.648333333333303,1.6873303526590389,1.6873303526590389,0,0.0,,52384
rate0.5_s12,2.0,q8_a0.8_and,70614,8.7999999999995,8.7999999999995,2.748333333333272,2.748333333333272,1.7211228376158487,1.7211228376158487,0,0.0,,53132
rate0.5_s12,2.0,q8_a0.8_and,70615,7.0,7.0,2.49999999999996,2.49999999999996,1.7166490840403354,1.7166490840403354,0,0.0,,53368
rate0.5_s12,2.0,q8_a0.8_and,70616,9.0,9.0,2.7716666666665892,2.7716666666665892,1.7356493980129877,1.7356493980129877,0,0.0,,52622
rate0.5_s12,2.0,q8_a0.8_and,70617,5.800000000000409,5.800000000000409,2.294999999999938,2.294999999999938,1.6436583173694674,1.6436583173694674,0,0.0,,51850
rate0.5_s12,2.0,q8_a0.8_and,70618,7.0,7.0,2.3650000000000166,2.3650000000000166,1.591275796910407,1.591275796910407,0,0.0,,52104
rate0.5_s12,2.0,q8_a0.8_and,70619,11.0,11.0,3.161666666666608,3.161666666666608,1.8762460742582503,1.8762460742582503,0,0.0,,52116
rate0.5_s12,2.0,q8_a0.8_and,70620,5.600000000000023,5.600000000000023,2.2566666666666344,2.2566666666666344,1.6389257098286492,1.6389257098286492,0,0.0,,52038
rate0.5_s12,2.0,q8_a0.8_and,70621,7.0,7.0,2.4216666666666193,2.4216666666666193,1.7043681319452837,1.7043681319452837,0,0.0,,52767
rate0.5_s12,2.0,q8_a0.8_and,70622,7.999999999999943,7.999999999999943,2.31166666666663,2.31166666666663,1.6528850644459803,1.6528850644459803,0,0.0,,53065
rate0.5_s12,2.0,q8_a0.8_and,70623,7.600000000000136,7.600000000000136,2.530000000000028,2.530000000000028,1.7803077126575555,1.7803077126575555,0,0.0,,52592
rate0.5_s12,2.0,q8_a0.8_and,70624,5.800000000000011,5.800000000000011,2.4100000000000037,2.4100000000000037,1.7410220907605711,1.7410220907605711,0,0.0,,52829
rate0.5_s12,2.0,q8_a0.8_and,70625,7.0,7.0,2.6899999999999955,2.6899999999999955,1.7350980201214696,1.7350980201214696,0,0.0,,51972
rate0.5_s12,2.0,q8_a0.8_and,70626,7.599999999999909,7.599999999999909,2.6866666666666013,2.6866666666666013,1.6947142360944984,1.6947142360944984,0,0.0,,51851
rate0.5_s12,2.0,q8_a0.8_and,70627,6.799999999999045,6.799999999999045,2.363333333333353,2.363333333333353,1.6994706749866462,1.6994706749866462,0,0.0,,52254
rate0.5_s12,2.0,q8_a0.8_and,70628,9.0,9.0,2.7850000000000366,2.7850000000000366,1.6372495164088086,1.6372495164088086,0,0.0,,54047
rate0.5_s12,2.0,q8_a0.8_and,70629,8.59999999999934,8.59999999999934,2.8383333333332956,2.8383333333332956,1.7562017030554768,1.7562017030554768,0,0.0,,51264
rate0.5_s12,2.0,q8_a1.5_or,70600,9.200000000000102,9.200000000000102,2.689999999999941,2.689999999999941,1.8365006247419984,1.8365006247419984,0,0.0,,52755
rate0.5_s12,2.0,q8_a1.5_or,70601,7.400000000000318,7.400000000000318,2.7183333333332107,2.7183333333332107,1.6500237332242897,1.6500237332242897,0,0.0,,54131
rate0.5_s12,2.0,q8_a1.5_or,70602,7.599999999999966,7.599999999999966,2.691666666666678,2.691666666666678,1.6977202613428302,1.6977202613428302,0,0.0,,52344
rate0.5_s12,2.0,q8_a1.5_or,70603,5.800000000000011,5.800000000000011,2.2950000000000026,2.2950000000000026,1.6807134225859595,1.6807134225859595,0,0.0,,52887
rate0.5_s12,2.0,q8_a1.5_or,70604,6.999999999999972,6.999999999999972,2.4349999999999925,2.4349999999999925,1.6647139304368996,1.6647139304368996,0,0.0,,53009
rate0.5_s12,2.0,q8_a1.5_or,70605,7.0,7.0,2.4733333333332297,2.4733333333332297,1.5923898839944002,1.5923898839944002,0,0.0,,53069
rate0.5_s12,2.0,q8_a1.5_or,70606,7.800000000000239,7.800000000000239,2.625000000000021,2.625000000000021,1.5877457706011675,1.5877457706011675,0,0.0,,52746
rate0.5_s12,2.0,q8_a1.5_or,70607,7.0,7.0,2.8499999999999504,2.8499999999999504,1.695662210689665,1.695662210689665,0,0.0,,52089
rate0.5_s12,2.0,q8_a1.5_or,70608,5.199999999999974,5.199999999999974,2.20166666666659,2.20166666666659,1.6702340357844832,1.6702340357844832,0,0.0,,52831
rate0.5_s12,2.0,q8_a1.5_or,70609,7.999999999999972,7.999999999999972,2.7816666666666277,2.7816666666666277,1.7464076637490435,1.7464076637490435,0,0.0,,51796
rate0.5_s12,2.0,q8_a1.5_or,70610,7.800000000000011,7.800000000000011,2.899999999999978,2.899999999999978,1.695607817408803,1.695607817408803,0,0.0,,52084
rate0.5_s12,2.0,q8_a1.5_or,70611,9.0,9.0,2.7266666666665555,2.7266666666665555,1.7187120173780075,1.7187120173780075,0,0.0,,52093
rate0.5_s12,2.0,q8_a1.5_or,70612,7.599999999999795,7.599999999999795,2.6349999999999567,2.6349999999999567,1.764623805746692,1.764623805746692,0,0.0,,52936
rate0.5_s12,2.0,q8_a1.5_or,70613,9.600000000000136,9.600000000000136,2.648333333333303,2.648333333333303,1.6873303526590389,1.6873303526590389,0,0.0,,52384
rate0.5_s12,2.0,q8_a1.5_or,70614,8.7999999999995,8.7999999999995,2.748333333333272,2.748333333333272,1.7211228376158487,1.7211228376158487,0,0.0,,53132
rate0.5_s12,2.0,q8_a1.5_or,70615,7.0,7.0,2.49999999999996,2.49999999999996,1.7166490840403354,1.7166490840403354,0,0.0,,53368
rate0.5_s12,2.0,q8_a1.5_or,70616,9.0,9.0,2.7716666666665892,2.7716666666665892,1.7356493980129877,1.7356493980129877,0,0.0,,52622
rate0.5_s12,2.0,q8_a1.5_or,70617,5.800000000000409,5.800000000000409,2.294999999999938,2.294999999999938,1.6436583173694674,1.6436583173694674,0,0.0,,51850
rate0.5_s12,2.0,q8_a1.5_or,70618,7.0,7.0,2.3650000000000166,2.3650000000000166,1.591275796910407,1.591275796910407,0,0.0,,52104
rate0.5_s12,2.0,q8_a1.5_or,70619,11.0,11.0,3.161666666666608,3.161666666666608,1.8762460742582503,1.8762460742582503,0,0.0,,52116
rate0.5_s12,2.0,q8_a1.5_or,70620,5.600000000000023,5.600000000000023,2.2566666666666344,2.2566666666666344,1.6389257098286492,1.6389257098286492,0,0.0,,52038
rate0.5_s12,2.0,q8_a1.5_or,70621,7.0,7.0,2.4216666666666193,2.4216666666666193,1.7043681319452837,1.7043681319452837,0,0.0,,52767
rate0.5_s12,2.0,q8_a1.5_or,70622,7.999999999999943,7.999999999999943,2.31166666666663,2.31166666666663,1.6528850644459803,1.6528850644459803,0,0.0,,53065
rate0.5_s12,2.0,q8_a1.5_or,70623,7.600000000000136,7.600000000000136,2.530000000000028,2.530000000000028,1.7803077126575555,1.7803077126575555,0,0.0,,52592
rate0.5_s12,2.0,q8_a1.5_or,70624,5.800000000000011,5.800000000000011,2.4100000000000037,2.4100000000000037,1.7410220907605711,1.7410220907605711,0,0.0,,52829
rate0.5_s12,2.0,q8_a1.5_or,70625,7.0,7.0,2.6899999999999955,2.6899999999999955,1.7350980201214696,1.7350980201214696,0,0.0,,51972
rate0.5_s12,2.0,q8_a1.5_or,70626,7.599999999999909,7.599999999999909,2.6866666666666013,2.6866666666666013,1.6947142360944984,1.6947142360944984,0,0.0,,51851
rate0.5_s12,2.0,q8_a1.5_or,70627,6.799999999999045,6.799999999999045,2.363333333333353,2.363333333333353,1.6994706749866462,1.6994706749866462,0,0.0,,52254
rate0.5_s12,2.0,q8_a1.5_or,70628,9.0,9.0,2.7850000000000366,2.7850000000000366,1.6372495164088086,1.6372495164088086,0,0.0,,54047
rate0.5_s12,2.0,q8_a1.5_or,70629,8.59999999999934,8.59999999999934,2.8383333333332956,2.8383333333332956,1.7562017030554768,1.7562017030554768,0,0.0,,51264
rate0.5_s12,2.0,q8_a1.5_and,70600,9.200000000000102,9.200000000000102,2.689999999999941,2.689999999999941,1.8365006247419984,1.8365006247419984,0,0.0,,52755
rate0.5_s12,2.0,q8_a1.5_and,70601,7.400000000000318,7.400000000000318,2.7183333333332107,2.7183333333332107,1.6500237332242897,1.6500237332242897,0,0.0,,54131
rate0.5_s12,2.0,q8_a1.5_and,70602,7.599999999999966,7.599999999999966,2.691666666666678,2.691666666666678,1.6977202613428302,1.6977202613428302,0,0.0,,52344
rate0.5_s12,2.0,q8_a1.5_and,70603,5.800000000000011,5.800000000000011,2.2950000000000026,2.2950000000000026,1.6807134225859595,1.6807134225859595,0,0.0,,52887
rate0.5_s12,2.0,q8_a1.5_and,70604,6.999999999999972,6.999999999999972,2.4349999999999925,2.4349999999999925,1.6647139304368996,1.6647139304368996,0,0.0,,53009
rate0.5_s12,2.0,q8_a1.5_and,70605,7.0,7.0,2.4733333333332297,2.4733333333332297,1.5923898839944002,1.5923898839944002,0,0.0,,53069
rate0.5_s12,2.0,q8_a1.5_and,70606,7.800000000000239,7.800000000000239,2.625000000000021,2.625000000000021,1.5877457706011675,1.5877457706011675,0,0.0,,52746
rate0.5_s12,2.0,q8_a1.5_and,70607,7.0,7.0,2.8499999999999504,2.8499999999999504,1.695662210689665,1.695662210689665,0,0.0,,52089
rate0.5_s12,2.0,q8_a1.5_and,70608,5.199999999999974,5.199999999999974,2.20166666666659,2.20166666666659,1.6702340357844832,1.6702340357844832,0,0.0,,52831
rate0.5_s12,2.0,q8_a1.5_and,70609,7.999999999999972,7.999999999999972,2.7816666666666277,2.7816666666666277,1.7464076637490435,1.7464076637490435,0,0.0,,51796
rate0.5_s12,2.0,q8_a1.5_and,70610,7.800000000000011,7.800000000000011,2.899999999999978,2.899999999999978,1.695607817408803,1.695607817408803,0,0.0,,52084
rate0.5_s12,2.0,q8_a1.5_and,70611,9.0,9.0,2.7266666666665555,2.7266666666665555,1.7187120173780075,1.7187120173780075,0,0.0,,52093
rate0.5_s12,2.0,q8_a1.5_and,70612,7.599999999999795,7.599999999999795,2.6349999999999567,2.6349999999999567,1.764623805746692,1.764623805746692,0,0.0,,52936
rate0.5_s12,2.0,q8_a1.5_and,70613,9.600000000000136,9.600000000000136,2.648333333333303,2.648333333333303,1.6873303526590389,1.6873303526590389,0,0.0,,52384
rate0.5_s12,2.0,q8_a1.5_and,70614,8.7999999999995,8.7999999999995,2.748333333333272,2.748333333333272,1.7211228376158487,1.7211228376158487,0,0.0,,53132
rate0.5_s12,2.0,q8_a1.5_and,70615,7.0,7.0,2.49999999999996,2.49999999999996,1.7166490840403354,1.7166490840403354,0,0.0,,53368
rate0.5_s12,2.0,q8_a1.5_and,70616,9.0,9.0,2.7716666666665892,2.7716666666665892,1.7356493980129877,1.7356493980129877,0,0.0,,52622
rate0.5_s12,2.0,q8_a1.5_and,70617,5.800000000000409,5.800000000000409,2.294999999999938,2.294999999999938,1.6436583173694674,1.6436583173694674,0,0.0,,51850
rate0.5_s12,2.0,q8_a1.5_and,70618,7.0,7.0,2.3650000000000166,2.3650000000000166,1.591275796910407,1.591275796910407,0,0.0,,52104
rate0.5_s12,2.0,q8_a1.5_and,70619,11.0,11.0,3.161666666666608,3.161666666666608,1.8762460742582503,1.8762460742582503,0,0.0,,52116
rate0.5_s12,2.0,q8_a1.5_and,70620,5.600000000000023,5.600000000000023,2.2566666666666344,2.2566666666666344,1.6389257098286492,1.6389257098286492,0,0.0,,52038
rate0.5_s12,2.0,q8_a1.5_and,70621,7.0,7.0,2.4216666666666193,2.4216666666666193,1.7043681319452837,1.7043681319452837,0,0.0,,52767
rate0.5_s12,2.0,q8_a1.5_and,70622,7.999999999999943,7.999999999999943,2.31166666666663,2.31166666666663,1.6528850644459803,1.6528850644459803,0,0.0,,53065
rate0.5_s12,2.0,q8_a1.5_and,70623,7.600000000000136,7.600000000000136,2.530000000000028,2.530000000000028,1.7803077126575555,1.7803077126575555,0,0.0,,52592
rate0.5_s12,2.0,q8_a1.5_and,70624,5.800000000000011,5.800000000000011,2.4100000000000037,2.4100000000000037,1.7410220907605711,1.7410220907605711,0,0.0,,52829
rate0.5_s12,2.0,q8_a1.5_and,70625,7.0,7.0,2.6899999999999955,2.6899999999999955,1.7350980201214696,1.7350980201214696,0,0.0,,51972
rate0.5_s12,2.0,q8_a1.5_and,70626,7.599999999999909,7.599999999999909,2.6866666666666013,2.6866666666666013,1.6947142360944984,1.6947142360944984,0,0.0,,51851
rate0.5_s12,2.0,q8_a1.5_and,70627,6.799999999999045,6.799999999999045,2.363333333333353,2.363333333333353,1.6994706749866462,1.6994706749866462,0,0.0,,52254
rate0.5_s12,2.0,q8_a1.5_and,70628,9.0,9.0,2.7850000000000366,2.7850000000000366,1.6372495164088086,1.6372495164088086,0,0.0,,54047
rate0.5_s12,2.0,q8_a1.5_and,70629,8.59999999999934,8.59999999999934,2.8383333333332956,2.8383333333332956,1.7562017030554768,1.7562017030554768,0,0.0,,51264
