scheduler,workload,seed,domain,level,n_events,n_checker_invalid,n_checker_valid_self
baseline,stacked_medium,30000,n0-pair0,pair,418,0,193
baseline,stacked_medium,30000,n0-pair1,pair,453,0,193
baseline,stacked_medium,30000,n0-pair2,pair,440,0,197
baseline,stacked_medium,30000,n0-pair3,pair,570,0,190
baseline,stacked_medium,30000,n1-pair0,pair,523,0,196
baseline,stacked_medium,30000,n1-pair1,pair,398,0,196
baseline,stacked_medium,30000,n1-pair2,pair,452,0,199
baseline,stacked_medium,30000,n1-pair3,pair,513,0,193
baseline,stacked_medium,30000,n2-pair0,pair,438,0,193
baseline,stacked_medium,30000,n2-pair1,pair,570,0,190
baseline,stacked_medium,30000,n2-pair2,pair,570,0,190
baseline,stacked_medium,30000,n2-pair3,pair,454,0,192
baseline,stacked_medium,30000,n3-pair0,pair,556,0,194
baseline,stacked_medium,30000,n3-pair1,pair,557,0,193
baseline,stacked_medium,30000,n3-pair2,pair,442,0,194
baseline,stacked_medium,30000,n3-pair3,pair,569,0,191
baseline,stacked_medium,30000,node0,node,562,0,62
baseline,stacked_medium,30000,node1,node,635,0,65
baseline,stacked_medium,30000,node2,node,679,0,49
baseline,stacked_medium,30000,node3,node,674,0,54
baseline,stacked_medium,30000,onehop0,onehop,187,0,18
baseline,stacked_medium,30000,onehop1,onehop,193,0,22
baseline,stacked_medium,30000,onehop2,onehop,212,0,17
baseline,stacked_medium,30000,onehop3,onehop,212,0,17
baseline,stacked_medium,30000,machine0,machine,137,0,13
baseline,stacked_medium,30000,machine1,machine,147,0,14
baseline,stacked_medium,30000,machine2,machine,158,0,15
baseline,stacked_medium,30000,machine3,machine,163,0,13
baseline,stacked_medium,30001,n0-pair0,pair,474,0,196
baseline,stacked_medium,30001,n0-pair1,pair,533,0,195
baseline,stacked_medium,30001,n0-pair2,pair,550,0,196
baseline,stacked_medium,30001,n0-pair3,pair,463,0,190
baseline,stacked_medium,30001,n1-pair0,pair,464,0,194
baseline,stacked_medium,30001,n1-pair1,pair,570,0,191
baseline,stacked_medium,30001,n1-pair2,pair,530,0,191
baseline,stacked_medium,30001,n1-pair3,pair,440,0,192
baseline,stacked_medium,30001,n2-pair0,pair,418,0,193
baseline,stacked_medium,30001,n2-pair1,pair,469,0,197
baseline,stacked_medium,30001,n2-pair2,pair,541,0,194
baseline,stacked_medium,30001,n2-pair3,pair,570,0,192
baseline,stacked_medium,30001,n3-pair0,pair,491,0,196
baseline,stacked_medium,30001,n3-pair1,pair,527,0,192
baseline,stacked_medium,30001,n3-pair2,pair,555,0,191
baseline,stacked_medium,30001,n3-pair3,pair,570,0,190
baseline,stacked_medium,30001,node0,node,636,0,58
baseline,stacked_medium,30001,node1,node,624,0,56
baseline,stacked_medium,30001,node2,node,598,0,61
baseline,stacked_medium,30001,node3,node,661,0,56
baseline,stacked_medium,30001,onehop0,onehop,215,0,22
baseline,stacked_medium,30001,onehop1,onehop,217,0,20
baseline,stacked_medium,30001,onehop2,onehop,192,1,19
baseline,stacked_medium,30001,onehop3,onehop,210,0,17
baseline,stacked_medium,30001,machine0,machine,156,0,14
baseline,stacked_medium,30001,machine1,machine,157,0,17
baseline,stacked_medium,30001,machine2,machine,142,0,13
baseline,stacked_medium,30001,machine3,machine,158,0,13
baseline,stacked_medium,30002,n0-pair0,pair,540,0,200
baseline,stacked_medium,30002,n0-pair1,pair,418,0,192
baseline,stacked_medium,30002,n0-pair2,pair,398,0,194
baseline,stacked_medium,30002,n0-pair3,pair,410,0,194
baseline,stacked_medium,30002,n1-pair0,pair,520,0,199
baseline,stacked_medium,30002,n1-pair1,pair,575,0,195
baseline,stacked_medium,30002,n1-pair2,pair,410,0,192
baseline,stacked_medium,30002,n1-pair3,pair,574,0,192
baseline,stacked_medium,30002,n2-pair0,pair,439,0,193
baseline,stacked_medium,30002,n2-pair1,pair,500,0,196
baseline,stacked_medium,30002,n2-pair2,pair,421,0,193
baseline,stacked_medium,30002,n2-pair3,pair,573,0,193
baseline,stacked_medium,30002,n3-pair0,pair,514,0,197
baseline,stacked_medium,30002,n3-pair1,pair,577,0,194
baseline,stacked_medium,30002,n3-pair2,pair,550,0,195
baseline,stacked_medium,30002,n3-pair3,pair,462,0,195
baseline,stacked_medium,30002,node0,node,612,0,59
baseline,stacked_medium,30002,node1,node,600,0,59
baseline,stacked_medium,30002,node2,node,572,0,54
baseline,stacked_medium,30002,node3,node,663,0,54
baseline,stacked_medium,30002,onehop0,onehop,184,0,20
baseline,stacked_medium,30002,onehop1,onehop,193,0,20
baseline,stacked_medium,30002,onehop2,onehop,204,0,18
baseline,stacked_medium,30002,onehop3,onehop,221,0,16
baseline,stacked_medium,30002,machine0,machine,152,0,12
baseline,stacked_medium,30002,machine1,machine,146,0,13
baseline,stacked_medium,30002,machine2,machine,155,0,12
baseline,stacked_medium,30002,machine3,machine,164,0,14
baseline,stacked_medium,30003,n0-pair0,pair,521,0,198
baseline,stacked_medium,30003,n0-pair1,pair,445,0,194
baseline,stacked_medium,30003,n0-pair2,pair,570,0,191
baseline,stacked_medium,30003,n0-pair3,pair,569,0,190
baseline,stacked_medium,30003,n1-pair0,pair,478,0,199
baseline,stacked_medium,30003,n1-pair1,pair,468,0,197
baseline,stacked_medium,30003,n1-pair2,pair,494,0,196
baseline,stacked_medium,30003,n1-pair3,pair,399,0,191
baseline,stacked_medium,30003,n2-pair0,pair,433,0,197
baseline,stacked_medium,30003,n2-pair1,pair,570,0,192
baseline,stacked_medium,30003,n2-pair2,pair,426,0,192
baseline,stacked_medium,30003,n2-pair3,pair,569,0,190
baseline,stacked_medium,30003,n3-pair0,pair,533,0,191
baseline,stacked_medium,30003,n3-pair1,pair,526,0,191
baseline,stacked_medium,30003,n3-pair2,pair,569,0,190
baseline,stacked_medium,30003,n3-pair3,pair,570,0,190
baseline,stacked_medium,30003,node0,node,551,0,54
baseline,stacked_medium,30003,node1,node,568,0,64
baseline,stacked_medium,30003,node2,node,641,0,57
baseline,stacked_medium,30003,node3,node,647,0,52
baseline,stacked_medium,30003,onehop0,onehop,183,0,19
baseline,stacked_medium,30003,onehop1,onehop,190,0,23
baseline,stacked_medium,30003,onehop2,onehop,200,0,17
baseline,stacked_medium,30003,onehop3,onehop,220,0,18
baseline,stacked_medium,30003,machine0,machine,135,0,13
baseline,stacked_medium,30003,machine1,machine,138,0,16
baseline,stacked_medium,30003,machine2,machine,151,0,15
baseline,stacked_medium,30003,machine3,machine,168,0,12
baseline,stacked_medium,30004,n0-pair0,pair,435,0,195
baseline,stacked_medium,30004,n0-pair1,pair,464,0,196
baseline,stacked_medium,30004,n0-pair2,pair,545,0,194
baseline,stacked_medium,30004,n0-pair3,pair,522,0,197
baseline,stacked_medium,30004,n1-pair0,pair,535,0,199
baseline,stacked_medium,30004,n1-pair1,pair,549,0,195
baseline,stacked_medium,30004,n1-pair2,pair,494,0,194
baseline,stacked_medium,30004,n1-pair3,pair,573,0,196
baseline,stacked_medium,30004,n2-pair0,pair,454,0,200
baseline,stacked_medium,30004,n2-pair1,pair,562,0,194
baseline,stacked_medium,30004,n2-pair2,pair,437,0,196
baseline,stacked_medium,30004,n2-pair3,pair,575,0,195
baseline,stacked_medium,30004,n3-pair0,pair,515,0,195
baseline,stacked_medium,30004,n3-pair1,pair,523,0,193
baseline,stacked_medium,30004,n3-pair2,pair,471,0,193
baseline,stacked_medium,30004,n3-pair3,pair,579,0,197
baseline,stacked_medium,30004,node0,node,658,0,57
baseline,stacked_medium,30004,node1,node,635,0,55
baseline,stacked_medium,30004,node2,node,576,0,57
baseline,stacked_medium,30004,node3,node,655,0,54
baseline,stacked_medium,30004,onehop0,onehop,186,3,17
baseline,stacked_medium,30004,onehop1,onehop,210,0,18
baseline,stacked_medium,30004,onehop2,onehop,178,1,17
baseline,stacked_medium,30004,onehop3,onehop,213,0,18
baseline,stacked_medium,30004,machine0,machine,155,6,13
baseline,stacked_medium,30004,machine1,machine,150,0,13
baseline,stacked_medium,30004,machine2,machine,135,5,13
baseline,stacked_medium,30004,machine3,machine,158,0,14
baseline,stacked_medium,30005,n0-pair0,pair,469,0,196
baseline,stacked_medium,30005,n0-pair1,pair,483,0,194
baseline,stacked_medium,30005,n0-pair2,pair,514,0,197
baseline,stacked_medium,30005,n0-pair3,pair,577,0,195
baseline,stacked_medium,30005,n1-pair0,pair,515,0,197
baseline,stacked_medium,30005,n1-pair1,pair,521,0,196
baseline,stacked_medium,30005,n1-pair2,pair,421,0,195
baseline,stacked_medium,30005,n1-pair3,pair,529,0,191
baseline,stacked_medium,30005,n2-pair0,pair,484,0,199
baseline,stacked_medium,30005,n2-pair1,pair,557,0,193
baseline,stacked_medium,30005,n2-pair2,pair,513,0,196
baseline,stacked_medium,30005,n2-pair3,pair,477,0,196
baseline,stacked_medium,30005,n3-pair0,pair,453,0,198
baseline,stacked_medium,30005,n3-pair1,pair,462,0,193
baseline,stacked_medium,30005,n3-pair2,pair,510,0,195
baseline,stacked_medium,30005,n3-pair3,pair,573,0,192
baseline,stacked_medium,30005,node0,node,581,0,60
baseline,stacked_medium,30005,node1,node,571,0,57
baseline,stacked_medium,30005,node2,node,633,0,61
baseline,stacked_medium,30005,node3,node,619,0,56
baseline,stacked_medium,30005,onehop0,onehop,179,0,20
baseline,stacked_medium,30005,onehop1,onehop,194,0,18
baseline,stacked_medium,30005,onehop2,onehop,198,0,17
baseline,stacked_medium,30005,onehop3,onehop,205,0,18
baseline,stacked_medium,30005,machine0,machine,138,0,14
baseline,stacked_medium,30005,machine1,machine,153,0,13
baseline,stacked_medium,30005,machine2,machine,154,1,18
baseline,stacked_medium,30005,machine3,machine,142,0,14
baseline,stacked_medium,30006,n0-pair0,pair,475,0,199
baseline,stacked_medium,30006,n0-pair1,pair,440,0,192
baseline,stacked_medium,30006,n0-pair2,pair,568,0,192
baseline,stacked_medium,30006,n0-pair3,pair,405,0,191
baseline,stacked_medium,30006,n1-pair0,pair,452,0,197
baseline,stacked_medium,30006,n1-pair1,pair,562,0,195
baseline,stacked_medium,30006,n1-pair2,pair,466,0,192
baseline,stacked_medium,30006,n1-pair3,pair,448,0,191
baseline,stacked_medium,30006,n2-pair0,pair,472,0,191
baseline,stacked_medium,30006,n2-pair1,pair,457,0,191
baseline,stacked_medium,30006,n2-pair2,pair,569,0,190
baseline,stacked_medium,30006,n2-pair3,pair,520,0,192
baseline,stacked_medium,30006,n3-pair0,pair,455,0,194
baseline,stacked_medium,30006,n3-pair1,pair,487,0,194
baseline,stacked_medium,30006,n3-pair2,pair,460,0,193
baseline,stacked_medium,30006,n3-pair3,pair,461,0,191
baseline,stacked_medium,30006,node0,node,591,0,55
baseline,stacked_medium,30006,node1,node,537,0,65
baseline,stacked_medium,30006,node2,node,646,0,52
baseline,stacked_medium,30006,node3,node,609,0,58
baseline,stacked_medium,30006,onehop0,onehop,190,0,19
baseline,stacked_medium,30006,onehop1,onehop,188,0,25
baseline,stacked_medium,30006,onehop2,onehop,211,0,19
baseline,stacked_medium,30006,onehop3,onehop,190,0,19
baseline,stacked_medium,30006,machine0,machine,138,0,15
baseline,stacked_medium,30006,machine1,machine,143,0,17
baseline,stacked_medium,30006,machine2,machine,156,0,14
baseline,stacked_medium,30006,machine3,machine,157,0,15
baseline,stacked_medium,30007,n0-pair0,pair,516,0,194
baseline,stacked_medium,30007,n0-pair1,pair,530,0,196
baseline,stacked_medium,30007,n0-pair2,pair,517,0,195
baseline,stacked_medium,30007,n0-pair3,pair,412,0,195
baseline,stacked_medium,30007,n1-pair0,pair,492,0,198
baseline,stacked_medium,30007,n1-pair1,pair,507,0,195
baseline,stacked_medium,30007,n1-pair2,pair,509,0,196
baseline,stacked_medium,30007,n1-pair3,pair,495,0,196
baseline,stacked_medium,30007,n2-pair0,pair,413,0,193
baseline,stacked_medium,30007,n2-pair1,pair,574,0,192
baseline,stacked_medium,30007,n2-pair2,pair,575,0,192
baseline,stacked_medium,30007,n2-pair3,pair,574,0,192
baseline,stacked_medium,30007,n3-pair0,pair,482,0,195
baseline,stacked_medium,30007,n3-pair1,pair,451,0,196
baseline,stacked_medium,30007,n3-pair2,pair,425,0,196
baseline,stacked_medium,30007,n3-pair3,pair,464,0,194
baseline,stacked_medium,30007,node0,node,588,0,55
baseline,stacked_medium,30007,node1,node,601,0,62
baseline,stacked_medium,30007,node2,node,632,0,51
baseline,stacked_medium,30007,node3,node,572,0,55
baseline,stacked_medium,30007,onehop0,onehop,189,1,18
baseline,stacked_medium,30007,onehop1,onehop,187,4,19
baseline,stacked_medium,30007,onehop2,onehop,209,0,18
baseline,stacked_medium,30007,onehop3,onehop,188,0,18
baseline,stacked_medium,30007,machine0,machine,159,7,12
baseline,stacked_medium,30007,machine1,machine,146,0,12
baseline,stacked_medium,30007,machine2,machine,161,0,12
baseline,stacked_medium,30007,machine3,machine,153,0,13
baseline,stacked_medium,30008,n0-pair0,pair,437,0,193
baseline,stacked_medium,30008,n0-pair1,pair,534,0,196
baseline,stacked_medium,30008,n0-pair2,pair,503,0,196
baseline,stacked_medium,30008,n0-pair3,pair,573,0,193
baseline,stacked_medium,30008,n1-pair0,pair,507,0,197
baseline,stacked_medium,30008,n1-pair1,pair,573,0,192
baseline,stacked_medium,30008,n1-pair2,pair,525,0,192
baseline,stacked_medium,30008,n1-pair3,pair,573,0,191
baseline,stacked_medium,30008,n2-pair0,pair,469,0,198
baseline,stacked_medium,30008,n2-pair1,pair,558,0,192
baseline,stacked_medium,30008,n2-pair2,pair,546,0,192
baseline,stacked_medium,30008,n2-pair3,pair,575,0,193
baseline,stacked_medium,30008,n3-pair0,pair,549,0,197
baseline,stacked_medium,30008,n3-pair1,pair,449,0,193
baseline,stacked_medium,30008,n3-pair2,pair,478,0,194
baseline,stacked_medium,30008,n3-pair3,pair,571,0,191
baseline,stacked_medium,30008,node0,node,617,0,58
baseline,stacked_medium,30008,node1,node,655,0,50
baseline,stacked_medium,30008,node2,node,588,0,57
baseline,stacked_medium,30008,node3,node,605,0,57
baseline,stacked_medium,30008,onehop0,onehop,195,1,17
baseline,stacked_medium,30008,onehop1,onehop,211,0,17
baseline,stacked_medium,30008,onehop2,onehop,190,0,17
baseline,stacked_medium,30008,onehop3,onehop,193,0,17
baseline,stacked_medium,30008,machine0,machine,140,0,17
baseline,stacked_medium,30008,machine1,machine,162,0,14
baseline,stacked_medium,30008,machine2,machine,142,0,13
baseline,stacked_medium,30008,machine3,machine,150,0,14
baseline,stacked_medium,30009,n0-pair0,pair,411,0,197
baseline,stacked_medium,30009,n0-pair1,pair,399,0,192
baseline,stacked_medium,30009,n0-pair2,pair,540,0,191
baseline,stacked_medium,30009,n0-pair3,pair,544,0,193
baseline,stacked_medium,30009,n1-pair0,pair,560,0,199
baseline,stacked_medium,30009,n1-pair1,pair,422,0,195
baseline,stacked_medium,30009,n1-pair2,pair,469,0,192
baseline,stacked_medium,30009,n1-pair3,pair,575,0,197
baseline,stacked_medium,30009,n2-pair0,pair,571,0,194
baseline,stacked_medium,30009,n2-pair1,pair,570,0,193
baseline,stacked_medium,30009,n2-pair2,pair,555,0,194
baseline,stacked_medium,30009,n2-pair3,pair,503,0,190
baseline,stacked_medium,30009,n3-pair0,pair,416,0,191
baseline,stacked_medium,30009,n3-pair1,pair,471,0,192
baseline,stacked_medium,30009,n3-pair2,pair,481,0,190
baseline,stacked_medium,30009,n3-pair3,pair,569,0,190
baseline,stacked_medium,30009,node0,node,622,0,57
baseline,stacked_medium,30009,node1,node,644,0,61
baseline,stacked_medium,30009,node2,node,657,0,56
baseline,stacked_medium,30009,node3,node,639,0,53
baseline,stacked_medium,30009,onehop0,onehop,192,0,18
baseline,stacked_medium,30009,onehop1,onehop,196,0,20
baseline,stacked_medium,30009,onehop2,onehop,211,0,17
baseline,stacked_medium,30009,onehop3,onehop,211,0,18
baseline,stacked_medium,30009,machine0,machine,144,0,16
baseline,stacked_medium,30009,machine1,machine,153,0,15
baseline,stacked_medium,30009,machine2,machine,157,0,13
baseline,stacked_medium,30009,machine3,machine,167,0,12
baseline,stacked_high,30000,n0-pair0,pair,149,0,54
baseline,stacked_high,30000,n0-pair1,pair,159,0,57
baseline,stacked_high,30000,n0-pair2,pair,156,0,54
baseline,stacked_high,30000,n0-pair3,pair,155,0,53
baseline,stacked_high,30000,n1-pair0,pair,151,0,56
baseline,stacked_high,30000,n1-pair1,pair,151,0,53
baseline,stacked_high,30000,n1-pair2,pair,155,0,53
baseline,stacked_high,30000,n1-pair3,pair,155,0,53
baseline,stacked_high,30000,n2-pair0,pair,148,0,54
baseline,stacked_high,30000,n2-pair1,pair,155,0,53
baseline,stacked_high,30000,n2-pair2,pair,151,0,55
baseline,stacked_high,30000,n2-pair3,pair,150,0,54
baseline,stacked_high,30000,n3-pair0,pair,155,0,53
baseline,stacked_high,30000,n3-pair1,pair,155,0,53
baseline,stacked_high,30000,n3-pair2,pair,155,0,53
baseline,stacked_high,30000,n3-pair3,pair,155,0,53
baseline,stacked_high,30000,node0,node,185,0,17
baseline,stacked_high,30000,node1,node,186,0,15
baseline,stacked_high,30000,node2,node,177,0,16
baseline,stacked_high,30000,node3,node,160,0,17
baseline,stacked_high,30000,onehop0,onehop,62,25,5
baseline,stacked_high,30000,onehop1,onehop,60,30,4
baseline,stacked_high,30000,onehop2,onehop,57,35,3
baseline,stacked_high,30000,onehop3,onehop,59,24,4
baseline,stacked_high,30000,machine0,machine,47,24,2
baseline,stacked_high,30000,machine1,machine,45,23,1
baseline,stacked_high,30000,machine2,machine,48,25,2
baseline,stacked_high,30000,machine3,machine,45,16,4
baseline,stacked_high,30001,n0-pair0,pair,111,0,52
baseline,stacked_high,30001,n0-pair1,pair,111,0,53
baseline,stacked_high,30001,n0-pair2,pair,151,0,54
baseline,stacked_high,30001,n0-pair3,pair,150,0,53
baseline,stacked_high,30001,n1-pair0,pair,156,0,54
baseline,stacked_high,30001,n1-pair1,pair,147,0,53
baseline,stacked_high,30001,n1-pair2,pair,152,0,53
baseline,stacked_high,30001,n1-pair3,pair,147,0,53
baseline,stacked_high,30001,n2-pair0,pair,156,0,54
baseline,stacked_high,30001,n2-pair1,pair,158,0,56
baseline,stacked_high,30001,n2-pair2,pair,156,0,54
baseline,stacked_high,30001,n2-pair3,pair,155,0,53
baseline,stacked_high,30001,n3-pair0,pair,155,0,54
baseline,stacked_high,30001,n3-pair1,pair,140,0,56
baseline,stacked_high,30001,n3-pair2,pair,116,0,56
baseline,stacked_high,30001,n3-pair3,pair,146,0,52
baseline,stacked_high,30001,node0,node,145,0,18
baseline,stacked_high,30001,node1,node,188,0,18
baseline,stacked_high,30001,node2,node,186,0,15
baseline,stacked_high,30001,node3,node,188,0,20
baseline,stacked_high,30001,onehop0,onehop,63,17,7
baseline,stacked_high,30001,onehop1,onehop,64,48,2
baseline,stacked_high,30001,onehop2,onehop,60,31,1
baseline,stacked_high,30001,onehop3,onehop,56,26,3
baseline,stacked_high,30001,machine0,machine,44,14,7
baseline,stacked_high,30001,machine1,machine,48,33,1
baseline,stacked_high,30001,machine2,machine,45,23,1
baseline,stacked_high,30001,machine3,machine,45,22,2
baseline,stacked_high,30002,n0-pair0,pair,154,0,53
baseline,stacked_high,30002,n0-pair1,pair,147,0,54
baseline,stacked_high,30002,n0-pair2,pair,143,0,53
baseline,stacked_high,30002,n0-pair3,pair,152,0,52
baseline,stacked_high,30002,n1-pair0,pair,153,0,53
baseline,stacked_high,30002,n1-pair1,pair,144,0,53
baseline,stacked_high,30002,n1-pair2,pair,147,0,53
baseline,stacked_high,30002,n1-pair3,pair,152,0,52
baseline,stacked_high,30002,n2-pair0,pair,147,0,54
baseline,stacked_high,30002,n2-pair1,pair,129,0,53
baseline,stacked_high,30002,n2-pair2,pair,153,0,54
baseline,stacked_high,30002,n2-pair3,pair,113,0,56
baseline,stacked_high,30002,n3-pair0,pair,152,0,52
baseline,stacked_high,30002,n3-pair1,pair,146,0,52
baseline,stacked_high,30002,n3-pair2,pair,148,0,54
baseline,stacked_high,30002,n3-pair3,pair,147,0,52
baseline,stacked_high,30002,node0,node,186,0,16
baseline,stacked_high,30002,node1,node,186,0,17
baseline,stacked_high,30002,node2,node,163,0,21
baseline,stacked_high,30002,node3,node,177,0,18
baseline,stacked_high,30002,onehop0,onehop,61,17,4
baseline,stacked_high,30002,onehop1,onehop,63,33,3
baseline,stacked_high,30002,onehop2,onehop,58,27,2
baseline,stacked_high,30002,onehop3,onehop,60,39,1
baseline,stacked_high,30002,machine0,machine,47,23,3
baseline,stacked_high,30002,machine1,machine,45,23,1
baseline,stacked_high,30002,machine2,machine,45,27,6
baseline,stacked_high,30002,machine3,machine,45,30,1
baseline,stacked_high,30003,n0-pair0,pair,139,0,49
baseline,stacked_high,30003,n0-pair1,pair,144,0,49
baseline,stacked_high,30003,n0-pair2,pair,137,0,50
baseline,stacked_high,30003,n0-pair3,pair,144,0,49
baseline,stacked_high,30003,n1-pair0,pair,146,0,50
baseline,stacked_high,30003,n1-pair1,pair,145,0,50
baseline,stacked_high,30003,n1-pair2,pair,144,0,49
baseline,stacked_high,30003,n1-pair3,pair,137,0,50
baseline,stacked_high,30003,n2-pair0,pair,139,0,49
baseline,stacked_high,30003,n2-pair1,pair,136,0,49
baseline,stacked_high,30003,n2-pair2,pair,127,0,49
baseline,stacked_high,30003,n2-pair3,pair,144,0,49
baseline,stacked_high,30003,n3-pair0,pair,140,0,52
baseline,stacked_high,30003,n3-pair1,pair,144,0,49
baseline,stacked_high,30003,n3-pair2,pair,106,0,51
baseline,stacked_high,30003,n3-pair3,pair,139,0,49
baseline,stacked_high,30003,node0,node,177,0,17
baseline,stacked_high,30003,node1,node,177,0,15
baseline,stacked_high,30003,node2,node,178,0,17
baseline,stacked_high,30003,node3,node,158,0,16
baseline,stacked_high,30003,onehop0,onehop,61,17,4
baseline,stacked_high,30003,onehop1,onehop,59,22,3
baseline,stacked_high,30003,onehop2,onehop,58,23,3
baseline,stacked_high,30003,onehop3,onehop,57,28,3
baseline,stacked_high,30003,machine0,machine,45,23,2
baseline,stacked_high,30003,machine1,machine,45,23,2
baseline,stacked_high,30003,machine2,machine,47,16,3
baseline,stacked_high,30003,machine3,machine,45,24,5
baseline,stacked_high,30004,n0-pair0,pair,149,0,53
baseline,stacked_high,30004,n0-pair1,pair,148,0,53
baseline,stacked_high,30004,n0-pair2,pair,123,0,56
baseline,stacked_high,30004,n0-pair3,pair,156,0,53
baseline,stacked_high,30004,n1-pair0,pair,149,0,54
baseline,stacked_high,30004,n1-pair1,pair,149,0,53
baseline,stacked_high,30004,n1-pair2,pair,156,0,53
baseline,stacked_high,30004,n1-pair3,pair,156,0,53
baseline,stacked_high,30004,n2-pair0,pair,157,0,54
baseline,stacked_high,30004,n2-pair1,pair,156,0,53
baseline,stacked_high,30004,n2-pair2,pair,149,0,53
baseline,stacked_high,30004,n2-pair3,pair,158,0,54
baseline,stacked_high,30004,n3-pair0,pair,156,0,53
baseline,stacked_high,30004,n3-pair1,pair,156,0,53
baseline,stacked_high,30004,n3-pair2,pair,159,0,56
baseline,stacked_high,30004,n3-pair3,pair,126,0,52
baseline,stacked_high,30004,node0,node,170,0,16
baseline,stacked_high,30004,node1,node,195,0,19
baseline,stacked_high,30004,node2,node,190,0,15
baseline,stacked_high,30004,node3,node,196,0,16
baseline,stacked_high,30004,onehop0,onehop,57,0,6
baseline,stacked_high,30004,onehop1,onehop,64,49,2
baseline,stacked_high,30004,onehop2,onehop,60,8,4
baseline,stacked_high,30004,onehop3,onehop,60,32,1
baseline,stacked_high,30004,machine0,machine,44,7,6
baseline,stacked_high,30004,machine1,machine,48,40,1
baseline,stacked_high,30004,machine2,machine,46,3,4
baseline,stacked_high,30004,machine3,machine,48,25,2
baseline,stacked_high,30005,n0-pair0,pair,162,0,57
baseline,stacked_high,30005,n0-pair1,pair,159,0,54
baseline,stacked_high,30005,n0-pair2,pair,150,0,54
baseline,stacked_high,30005,n0-pair3,pair,159,0,54
baseline,stacked_high,30005,n1-pair0,pair,157,0,54
baseline,stacked_high,30005,n1-pair1,pair,164,0,59
baseline,stacked_high,30005,n1-pair2,pair,159,0,54
baseline,stacked_high,30005,n1-pair3,pair,151,0,55
baseline,stacked_high,30005,n2-pair0,pair,152,0,55
baseline,stacked_high,30005,n2-pair1,pair,164,0,59
baseline,stacked_high,30005,n2-pair2,pair,152,0,54
baseline,stacked_high,30005,n2-pair3,pair,153,0,54
baseline,stacked_high,30005,n3-pair0,pair,159,0,54
baseline,stacked_high,30005,n3-pair1,pair,159,0,54
baseline,stacked_high,30005,n3-pair2,pair,165,0,60
baseline,stacked_high,30005,n3-pair3,pair,160,0,55
baseline,stacked_high,30005,node0,node,196,0,17
baseline,stacked_high,30005,node1,node,183,0,17
baseline,stacked_high,30005,node2,node,194,0,17
baseline,stacked_high,30005,node3,node,195,0,16
baseline,stacked_high,30005,onehop0,onehop,62,16,4
baseline,stacked_high,30005,onehop1,onehop,60,39,1
baseline,stacked_high,30005,onehop2,onehop,63,32,3
baseline,stacked_high,30005,onehop3,onehop,60,30,4
baseline,stacked_high,30005,machine0,machine,46,9,2
baseline,stacked_high,30005,machine1,machine,45,30,3
baseline,stacked_high,30005,machine2,machine,45,23,2
baseline,stacked_high,30005,machine3,machine,45,23,1
baseline,stacked_high,30006,n0-pair0,pair,158,0,57
baseline,stacked_high,30006,n0-pair1,pair,165,0,57
baseline,stacked_high,30006,n0-pair2,pair,165,0,57
baseline,stacked_high,30006,n0-pair3,pair,161,0,56
baseline,stacked_high,30006,n1-pair0,pair,158,0,56
baseline,stacked_high,30006,n1-pair1,pair,164,0,56
baseline,stacked_high,30006,n1-pair2,pair,156,0,57
baseline,stacked_high,30006,n1-pair3,pair,164,0,56
baseline,stacked_high,30006,n2-pair0,pair,156,0,57
baseline,stacked_high,30006,n2-pair1,pair,164,0,56
baseline,stacked_high,30006,n2-pair2,pair,164,0,56
baseline,stacked_high,30006,n2-pair3,pair,120,0,59
baseline,stacked_high,30006,n3-pair0,pair,157,0,56
baseline,stacked_high,30006,n3-pair1,pair,155,0,57
baseline,stacked_high,30006,n3-pair2,pair,134,0,63
baseline,stacked_high,30006,n3-pair3,pair,170,0,62
baseline,stacked_high,30006,node0,node,205,0,18
baseline,stacked_high,30006,node1,node,192,0,18
baseline,stacked_high,30006,node2,node,165,0,19
baseline,stacked_high,30006,node3,node,188,0,21
baseline,stacked_high,30006,onehop0,onehop,70,33,2
baseline,stacked_high,30006,onehop1,onehop,70,33,5
baseline,stacked_high,30006,onehop2,onehop,67,39,3
baseline,stacked_high,30006,onehop3,onehop,69,17,7
baseline,stacked_high,30006,machine0,machine,47,24,2
baseline,stacked_high,30006,machine1,machine,45,23,2
baseline,stacked_high,30006,machine2,machine,45,30,6
baseline,stacked_high,30006,machine3,machine,43,14,3
baseline,stacked_high,30007,n0-pair0,pair,150,0,51
baseline,stacked_high,30007,n0-pair1,pair,151,0,52
baseline,stacked_high,30007,n0-pair2,pair,150,0,51
baseline,stacked_high,30007,n0-pair3,pair,155,0,56
baseline,stacked_high,30007,n1-pair0,pair,144,0,51
baseline,stacked_high,30007,n1-pair1,pair,146,0,55
baseline,stacked_high,30007,n1-pair2,pair,107,0,52
baseline,stacked_high,30007,n1-pair3,pair,144,0,51
baseline,stacked_high,30007,n2-pair0,pair,152,0,58
baseline,stacked_high,30007,n2-pair1,pair,145,0,51
baseline,stacked_high,30007,n2-pair2,pair,109,0,53
baseline,stacked_high,30007,n2-pair3,pair,145,0,51
baseline,stacked_high,30007,n3-pair0,pair,150,0,51
baseline,stacked_high,30007,n3-pair1,pair,151,0,52
baseline,stacked_high,30007,n3-pair2,pair,144,0,50
baseline,stacked_high,30007,n3-pair3,pair,150,0,51
baseline,stacked_high,30007,node0,node,187,0,16
baseline,stacked_high,30007,node1,node,146,0,18
baseline,stacked_high,30007,node2,node,172,0,18
baseline,stacked_high,30007,node3,node,167,0,15
baseline,stacked_high,30007,onehop0,onehop,61,9,3
baseline,stacked_high,30007,onehop1,onehop,64,49,6
baseline,stacked_high,30007,onehop2,onehop,57,22,2
baseline,stacked_high,30007,onehop3,onehop,57,35,3
baseline,stacked_high,30007,machine0,machine,45,15,2
baseline,stacked_high,30007,machine1,machine,48,40,1
baseline,stacked_high,30007,machine2,machine,45,16,4
baseline,stacked_high,30007,machine3,machine,45,24,3
baseline,stacked_high,30008,n0-pair0,pair,161,0,57
baseline,stacked_high,30008,n0-pair1,pair,164,0,56
baseline,stacked_high,30008,n0-pair2,pair,160,0,58
baseline,stacked_high,30008,n0-pair3,pair,159,0,57
baseline,stacked_high,30008,n1-pair0,pair,161,0,60
baseline,stacked_high,30008,n1-pair1,pair,164,0,56
baseline,stacked_high,30008,n1-pair2,pair,166,0,58
baseline,stacked_high,30008,n1-pair3,pair,165,0,57
baseline,stacked_high,30008,n2-pair0,pair,165,0,57
baseline,stacked_high,30008,n2-pair1,pair,169,0,61
baseline,stacked_high,30008,n2-pair2,pair,165,0,57
baseline,stacked_high,30008,n2-pair3,pair,164,0,56
baseline,stacked_high,30008,n3-pair0,pair,163,0,61
baseline,stacked_high,30008,n3-pair1,pair,164,0,56
baseline,stacked_high,30008,n3-pair2,pair,121,0,58
baseline,stacked_high,30008,n3-pair3,pair,168,0,59
baseline,stacked_high,30008,node0,node,201,0,16
baseline,stacked_high,30008,node1,node,187,0,17
baseline,stacked_high,30008,node2,node,187,0,19
baseline,stacked_high,30008,node3,node,193,0,18
baseline,stacked_high,30008,onehop0,onehop,70,25,4
baseline,stacked_high,30008,onehop1,onehop,62,27,5
baseline,stacked_high,30008,onehop2,onehop,71,33,5
baseline,stacked_high,30008,onehop3,onehop,68,47,3
baseline,stacked_high,30008,machine0,machine,47,24,2
baseline,stacked_high,30008,machine1,machine,47,25,4
baseline,stacked_high,30008,machine2,machine,45,23,1
baseline,stacked_high,30008,machine3,machine,45,37,1
baseline,stacked_high,30009,n0-pair0,pair,161,0,56
baseline,stacked_high,30009,n0-pair1,pair,166,0,60
baseline,stacked_high,30009,n0-pair2,pair,155,0,55
baseline,stacked_high,30009,n0-pair3,pair,161,0,55
baseline,stacked_high,30009,n1-pair0,pair,157,0,58
baseline,stacked_high,30009,n1-pair1,pair,166,0,60
baseline,stacked_high,30009,n1-pair2,pair,161,0,61
baseline,stacked_high,30009,n1-pair3,pair,161,0,55
baseline,stacked_high,30009,n2-pair0,pair,161,0,55
baseline,stacked_high,30009,n2-pair1,pair,161,0,55
baseline,stacked_high,30009,n2-pair2,pair,164,0,58
baseline,stacked_high,30009,n2-pair3,pair,115,0,55
baseline,stacked_high,30009,n3-pair0,pair,161,0,55
baseline,stacked_high,30009,n3-pair1,pair,161,0,55
baseline,stacked_high,30009,n3-pair2,pair,161,0,55
baseline,stacked_high,30009,n3-pair3,pair,161,0,55
baseline,stacked_high,30009,node0,node,195,0,19
baseline,stacked_high,30009,node1,node,195,0,20
baseline,stacked_high,30009,node2,node,165,0,21
baseline,stacked_high,30009,node3,node,170,0,16
baseline,stacked_high,30009,onehop0,onehop,63,25,4
baseline,stacked_high,30009,onehop1,onehop,63,32,3
baseline,stacked_high,30009,onehop2,onehop,60,39,1
baseline,stacked_high,30009,onehop3,onehop,58,22,6
baseline,stacked_high,30009,machine0,machine,47,24,2
baseline,stacked_high,30009,machine1,machine,45,23,2
baseline,stacked_high,30009,machine2,machine,45,30,6
baseline,stacked_high,30009,machine3,machine,45,16,3
baseline,rate3.0_s12,30000,n0-pair0,pair,467,0,180
baseline,rate3.0_s12,30000,n0-pair1,pair,384,0,177
baseline,rate3.0_s12,30000,n0-pair2,pair,478,0,176
baseline,rate3.0_s12,30000,n0-pair3,pair,513,0,171
baseline,rate3.0_s12,30000,n1-pair0,pair,448,0,173
baseline,rate3.0_s12,30000,n1-pair1,pair,491,0,174
baseline,rate3.0_s12,30000,n1-pair2,pair,373,0,173
baseline,rate3.0_s12,30000,n1-pair3,pair,467,0,173
baseline,rate3.0_s12,30000,n2-pair0,pair,450,0,174
baseline,rate3.0_s12,30000,n2-pair1,pair,504,0,171
baseline,rate3.0_s12,30000,n2-pair2,pair,513,0,171
baseline,rate3.0_s12,30000,n2-pair3,pair,514,0,172
baseline,rate3.0_s12,30000,n3-pair0,pair,514,0,175
baseline,rate3.0_s12,30000,n3-pair1,pair,414,0,173
baseline,rate3.0_s12,30000,n3-pair2,pair,516,0,174
baseline,rate3.0_s12,30000,n3-pair3,pair,389,0,172
baseline,rate3.0_s12,30000,node0,node,471,0,54
baseline,rate3.0_s12,30000,node1,node,549,0,51
baseline,rate3.0_s12,30000,node2,node,603,0,46
baseline,rate3.0_s12,30000,node3,node,587,0,46
baseline,rate3.0_s12,30000,onehop0,onehop,168,0,20
baseline,rate3.0_s12,30000,onehop1,onehop,181,0,15
baseline,rate3.0_s12,30000,onehop2,onehop,205,0,17
baseline,rate3.0_s12,30000,onehop3,onehop,200,0,15
baseline,rate3.0_s12,30000,machine0,machine,136,0,13
baseline,rate3.0_s12,30000,machine1,machine,144,0,13
baseline,rate3.0_s12,30000,machine2,machine,154,0,11
baseline,rate3.0_s12,30000,machine3,machine,157,0,12
baseline,rate3.0_s12,30001,n0-pair0,pair,459,0,175
baseline,rate3.0_s12,30001,n0-pair1,pair,489,0,173
baseline,rate3.0_s12,30001,n0-pair2,pair,516,0,175
baseline,rate3.0_s12,30001,n0-pair3,pair,460,0,171
baseline,rate3.0_s12,30001,n1-pair0,pair,431,0,175
baseline,rate3.0_s12,30001,n1-pair1,pair,513,0,175
baseline,rate3.0_s12,30001,n1-pair2,pair,497,0,174
baseline,rate3.0_s12,30001,n1-pair3,pair,513,0,173
baseline,rate3.0_s12,30001,n2-pair0,pair,368,0,173
baseline,rate3.0_s12,30001,n2-pair1,pair,475,0,174
baseline,rate3.0_s12,30001,n2-pair2,pair,494,0,172
baseline,rate3.0_s12,30001,n2-pair3,pair,513,0,171
baseline,rate3.0_s12,30001,n3-pair0,pair,463,0,176
baseline,rate3.0_s12,30001,n3-pair1,pair,509,0,175
baseline,rate3.0_s12,30001,n3-pair2,pair,464,0,173
baseline,rate3.0_s12,30001,n3-pair3,pair,513,0,171
baseline,rate3.0_s12,30001,node0,node,564,0,53
baseline,rate3.0_s12,30001,node1,node,523,0,54
baseline,rate3.0_s12,30001,node2,node,543,0,46
baseline,rate3.0_s12,30001,node3,node,566,0,52
baseline,rate3.0_s12,30001,onehop0,onehop,185,3,16
baseline,rate3.0_s12,30001,onehop1,onehop,172,0,21
baseline,rate3.0_s12,30001,onehop2,onehop,188,0,14
baseline,rate3.0_s12,30001,onehop3,onehop,194,0,21
baseline,rate3.0_s12,30001,machine0,machine,148,0,11
baseline,rate3.0_s12,30001,machine1,machine,130,0,11
baseline,rate3.0_s12,30001,machine2,machine,143,0,11
baseline,rate3.0_s12,30001,machine3,machine,149,0,12
baseline,rate3.0_s12,30002,n0-pair0,pair,409,0,179
baseline,rate3.0_s12,30002,n0-pair1,pair,457,0,179
baseline,rate3.0_s12,30002,n0-pair2,pair,444,0,178
baseline,rate3.0_s12,30002,n0-pair3,pair,454,0,175
baseline,rate3.0_s12,30002,n1-pair0,pair,503,0,183
baseline,rate3.0_s12,30002,n1-pair1,pair,409,0,178
baseline,rate3.0_s12,30002,n1-pair2,pair,436,0,176
baseline,rate3.0_s12,30002,n1-pair3,pair,437,0,176
baseline,rate3.0_s12,30002,n2-pair0,pair,489,0,177
baseline,rate3.0_s12,30002,n2-pair1,pair,439,0,179
baseline,rate3.0_s12,30002,n2-pair2,pair,521,0,175
baseline,rate3.0_s12,30002,n2-pair3,pair,521,0,175
baseline,rate3.0_s12,30002,n3-pair0,pair,484,0,177
baseline,rate3.0_s12,30002,n3-pair1,pair,495,0,176
baseline,rate3.0_s12,30002,n3-pair2,pair,521,0,174
baseline,rate3.0_s12,30002,n3-pair3,pair,469,0,177
baseline,rate3.0_s12,30002,node0,node,559,0,53
baseline,rate3.0_s12,30002,node1,node,582,0,51
baseline,rate3.0_s12,30002,node2,node,581,0,50
baseline,rate3.0_s12,30002,node3,node,615,0,46
baseline,rate3.0_s12,30002,onehop0,onehop,175,0,18
baseline,rate3.0_s12,30002,onehop1,onehop,196,7,20
baseline,rate3.0_s12,30002,onehop2,onehop,189,0,17
baseline,rate3.0_s12,30002,onehop3,onehop,201,0,15
baseline,rate3.0_s12,30002,machine0,machine,136,0,12
baseline,rate3.0_s12,30002,machine1,machine,140,0,11
baseline,rate3.0_s12,30002,machine2,machine,148,0,11
baseline,rate3.0_s12,30002,machine3,machine,154,0,12
baseline,rate3.0_s12,30003,n0-pair0,pair,462,0,180
baseline,rate3.0_s12,30003,n0-pair1,pair,522,0,176
baseline,rate3.0_s12,30003,n0-pair2,pair,522,0,176
baseline,rate3.0_s12,30003,n0-pair3,pair,522,0,174
baseline,rate3.0_s12,30003,n1-pair0,pair,393,0,176
baseline,rate3.0_s12,30003,n1-pair1,pair,472,0,177
baseline,rate3.0_s12,30003,n1-pair2,pair,524,0,180
baseline,rate3.0_s12,30003,n1-pair3,pair,522,0,174
baseline,rate3.0_s12,30003,n2-pair0,pair,481,0,180
baseline,rate3.0_s12,30003,n2-pair1,pair,510,0,176
baseline,rate3.0_s12,30003,n2-pair2,pair,485,0,177
baseline,rate3.0_s12,30003,n2-pair3,pair,522,0,175
baseline,rate3.0_s12,30003,n3-pair0,pair,518,0,175
baseline,rate3.0_s12,30003,n3-pair1,pair,522,0,175
baseline,rate3.0_s12,30003,n3-pair2,pair,511,0,175
baseline,rate3.0_s12,30003,n3-pair3,pair,522,0,174
baseline,rate3.0_s12,30003,node0,node,548,0,52
baseline,rate3.0_s12,30003,node1,node,538,0,54
baseline,rate3.0_s12,30003,node2,node,574,0,51
baseline,rate3.0_s12,30003,node3,node,647,0,47
baseline,rate3.0_s12,30003,onehop0,onehop,171,0,20
baseline,rate3.0_s12,30003,onehop1,onehop,187,0,20
baseline,rate3.0_s12,30003,onehop2,onehop,194,0,17
baseline,rate3.0_s12,30003,onehop3,onehop,216,0,16
baseline,rate3.0_s12,30003,machine0,machine,132,0,12
baseline,rate3.0_s12,30003,machine1,machine,128,0,12
baseline,rate3.0_s12,30003,machine2,machine,140,0,14
baseline,rate3.0_s12,30003,machine3,machine,158,0,11
baseline,rate3.0_s12,30004,n0-pair0,pair,515,0,176
baseline,rate3.0_s12,30004,n0-pair1,pair,466,0,177
baseline,rate3.0_s12,30004,n0-pair2,pair,515,0,173
baseline,rate3.0_s12,30004,n0-pair3,pair,460,0,174
baseline,rate3.0_s12,30004,n1-pair0,pair,509,0,176
baseline,rate3.0_s12,30004,n1-pair1,pair,508,0,174
baseline,rate3.0_s12,30004,n1-pair2,pair,515,0,173
baseline,rate3.0_s12,30004,n1-pair3,pair,515,0,172
baseline,rate3.0_s12,30004,n2-pair0,pair,515,0,175
baseline,rate3.0_s12,30004,n2-pair1,pair,416,0,174
baseline,rate3.0_s12,30004,n2-pair2,pair,490,0,175
baseline,rate3.0_s12,30004,n2-pair3,pair,517,0,174
baseline,rate3.0_s12,30004,n3-pair0,pair,506,0,176
baseline,rate3.0_s12,30004,n3-pair1,pair,504,0,174
baseline,rate3.0_s12,30004,n3-pair2,pair,499,0,173
baseline,rate3.0_s12,30004,n3-pair3,pair,481,0,177
baseline,rate3.0_s12,30004,node0,node,603,0,50
baseline,rate3.0_s12,30004,node1,node,604,0,47
baseline,rate3.0_s12,30004,node2,node,529,0,48
baseline,rate3.0_s12,30004,node3,node,575,0,52
baseline,rate3.0_s12,30004,onehop0,onehop,193,0,15
baseline,rate3.0_s12,30004,onehop1,onehop,200,0,18
baseline,rate3.0_s12,30004,onehop2,onehop,177,0,15
baseline,rate3.0_s12,30004,onehop3,onehop,198,7,20
baseline,rate3.0_s12,30004,machine0,machine,147,0,12
baseline,rate3.0_s12,30004,machine1,machine,150,0,12
baseline,rate3.0_s12,30004,machine2,machine,144,0,12
baseline,rate3.0_s12,30004,machine3,machine,150,0,11
baseline,rate3.0_s12,30005,n0-pair0,pair,435,0,186
baseline,rate3.0_s12,30005,n0-pair1,pair,408,0,184
baseline,rate3.0_s12,30005,n0-pair2,pair,440,0,184
baseline,rate3.0_s12,30005,n0-pair3,pair,536,0,179
baseline,rate3.0_s12,30005,n1-pair0,pair,536,0,183
baseline,rate3.0_s12,30005,n1-pair1,pair,536,0,181
baseline,rate3.0_s12,30005,n1-pair2,pair,411,0,180
baseline,rate3.0_s12,30005,n1-pair3,pair,528,0,180
baseline,rate3.0_s12,30005,n2-pair0,pair,498,0,183
baseline,rate3.0_s12,30005,n2-pair1,pair,500,0,180
baseline,rate3.0_s12,30005,n2-pair2,pair,536,0,180
baseline,rate3.0_s12,30005,n2-pair3,pair,536,0,179
baseline,rate3.0_s12,30005,n3-pair0,pair,385,0,184
baseline,rate3.0_s12,30005,n3-pair1,pair,476,0,182
baseline,rate3.0_s12,30005,n3-pair2,pair,383,0,183
baseline,rate3.0_s12,30005,n3-pair3,pair,536,0,179
baseline,rate3.0_s12,30005,node0,node,503,0,58
baseline,rate3.0_s12,30005,node1,node,611,0,52
baseline,rate3.0_s12,30005,node2,node,627,0,48
baseline,rate3.0_s12,30005,node3,node,564,0,51
baseline,rate3.0_s12,30005,onehop0,onehop,170,0,22
baseline,rate3.0_s12,30005,onehop1,onehop,200,0,14
baseline,rate3.0_s12,30005,onehop2,onehop,201,0,17
baseline,rate3.0_s12,30005,onehop3,onehop,175,0,17
baseline,rate3.0_s12,30005,machine0,machine,138,0,12
baseline,rate3.0_s12,30005,machine1,machine,156,0,11
baseline,rate3.0_s12,30005,machine2,machine,154,0,11
baseline,rate3.0_s12,30005,machine3,machine,138,0,13
baseline,rate3.0_s12,30006,n0-pair0,pair,446,0,184
baseline,rate3.0_s12,30006,n0-pair1,pair,519,0,182
baseline,rate3.0_s12,30006,n0-pair2,pair,516,0,177
baseline,rate3.0_s12,30006,n0-pair3,pair,518,0,176
baseline,rate3.0_s12,30006,n1-pair0,pair,421,0,177
baseline,rate3.0_s12,30006,n1-pair1,pair,524,0,177
baseline,rate3.0_s12,30006,n1-pair2,pair,396,0,176
baseline,rate3.0_s12,30006,n1-pair3,pair,421,0,177
baseline,rate3.0_s12,30006,n2-pair0,pair,525,0,175
baseline,rate3.0_s12,30006,n2-pair1,pair,525,0,175
baseline,rate3.0_s12,30006,n2-pair2,pair,525,0,175
baseline,rate3.0_s12,30006,n2-pair3,pair,525,0,175
baseline,rate3.0_s12,30006,n3-pair0,pair,512,0,178
baseline,rate3.0_s12,30006,n3-pair1,pair,523,0,176
baseline,rate3.0_s12,30006,n3-pair2,pair,456,0,179
baseline,rate3.0_s12,30006,n3-pair3,pair,525,0,175
baseline,rate3.0_s12,30006,node0,node,570,0,60
baseline,rate3.0_s12,30006,node1,node,532,0,51
baseline,rate3.0_s12,30006,node2,node,653,0,44
baseline,rate3.0_s12,30006,node3,node,598,0,53
baseline,rate3.0_s12,30006,onehop0,onehop,184,0,20
baseline,rate3.0_s12,30006,onehop1,onehop,191,7,17
baseline,rate3.0_s12,30006,onehop2,onehop,218,0,15
baseline,rate3.0_s12,30006,onehop3,onehop,203,0,17
baseline,rate3.0_s12,30006,machine0,machine,131,0,13
baseline,rate3.0_s12,30006,machine1,machine,137,0,11
baseline,rate3.0_s12,30006,machine2,machine,158,0,11
baseline,rate3.0_s12,30006,machine3,machine,145,0,13
baseline,rate3.0_s12,30007,n0-pair0,pair,522,0,182
baseline,rate3.0_s12,30007,n0-pair1,pair,437,0,186
baseline,rate3.0_s12,30007,n0-pair2,pair,443,0,179
baseline,rate3.0_s12,30007,n0-pair3,pair,396,0,181
baseline,rate3.0_s12,30007,n1-pair0,pair,517,0,180
baseline,rate3.0_s12,30007,n1-pair1,pair,411,0,180
baseline,rate3.0_s12,30007,n1-pair2,pair,384,0,182
baseline,rate3.0_s12,30007,n1-pair3,pair,528,0,176
baseline,rate3.0_s12,30007,n2-pair0,pair,528,0,177
baseline,rate3.0_s12,30007,n2-pair1,pair,393,0,177
baseline,rate3.0_s12,30007,n2-pair2,pair,528,0,176
baseline,rate3.0_s12,30007,n2-pair3,pair,527,0,177
baseline,rate3.0_s12,30007,n3-pair0,pair,528,0,177
baseline,rate3.0_s12,30007,n3-pair1,pair,528,0,177
baseline,rate3.0_s12,30007,n3-pair2,pair,412,0,179
baseline,rate3.0_s12,30007,n3-pair3,pair,528,0,177
baseline,rate3.0_s12,30007,node0,node,525,0,58
baseline,rate3.0_s12,30007,node1,node,511,0,54
baseline,rate3.0_s12,30007,node2,node,593,0,47
baseline,rate3.0_s12,30007,node3,node,599,0,46
baseline,rate3.0_s12,30007,onehop0,onehop,187,2,19
baseline,rate3.0_s12,30007,onehop1,onehop,189,0,21
baseline,rate3.0_s12,30007,onehop2,onehop,195,0,16
baseline,rate3.0_s12,30007,onehop3,onehop,208,0,15
baseline,rate3.0_s12,30007,machine0,machine,138,0,13
baseline,rate3.0_s12,30007,machine1,machine,153,0,11
baseline,rate3.0_s12,30007,machine2,machine,156,0,11
baseline,rate3.0_s12,30007,machine3,machine,157,0,11
baseline,rate3.0_s12,30008,n0-pair0,pair,499,0,180
baseline,rate3.0_s12,30008,n0-pair1,pair,483,0,182
baseline,rate3.0_s12,30008,n0-pair2,pair,415,0,180
baseline,rate3.0_s12,30008,n0-pair3,pair,376,0,177
baseline,rate3.0_s12,30008,n1-pair0,pair,443,0,180
baseline,rate3.0_s12,30008,n1-pair1,pair,502,0,179
baseline,rate3.0_s12,30008,n1-pair2,pair,505,0,178
baseline,rate3.0_s12,30008,n1-pair3,pair,407,0,179
baseline,rate3.0_s12,30008,n2-pair0,pair,394,0,177
baseline,rate3.0_s12,30008,n2-pair1,pair,479,0,179
baseline,rate3.0_s12,30008,n2-pair2,pair,527,0,177
baseline,rate3.0_s12,30008,n2-pair3,pair,529,0,178
baseline,rate3.0_s12,30008,n3-pair0,pair,437,0,179
baseline,rate3.0_s12,30008,n3-pair1,pair,485,0,179
baseline,rate3.0_s12,30008,n3-pair2,pair,423,0,178
baseline,rate3.0_s12,30008,n3-pair3,pair,470,0,176
baseline,rate3.0_s12,30008,node0,node,581,0,56
baseline,rate3.0_s12,30008,node1,node,600,0,53
baseline,rate3.0_s12,30008,node2,node,563,0,50
baseline,rate3.0_s12,30008,node3,node,569,0,50
baseline,rate3.0_s12,30008,onehop0,onehop,197,1,21
baseline,rate3.0_s12,30008,onehop1,onehop,196,12,17
baseline,rate3.0_s12,30008,onehop2,onehop,184,0,16
baseline,rate3.0_s12,30008,onehop3,onehop,195,0,16
baseline,rate3.0_s12,30008,machine0,machine,151,0,11
baseline,rate3.0_s12,30008,machine1,machine,141,0,13
baseline,rate3.0_s12,30008,machine2,machine,137,0,12
baseline,rate3.0_s12,30008,machine3,machine,142,0,13
baseline,rate3.0_s12,30009,n0-pair0,pair,438,0,177
baseline,rate3.0_s12,30009,n0-pair1,pair,424,0,176
baseline,rate3.0_s12,30009,n0-pair2,pair,416,0,177
baseline,rate3.0_s12,30009,n0-pair3,pair,521,0,174
baseline,rate3.0_s12,30009,n1-pair0,pair,499,0,180
baseline,rate3.0_s12,30009,n1-pair1,pair,444,0,179
baseline,rate3.0_s12,30009,n1-pair2,pair,510,0,178
baseline,rate3.0_s12,30009,n1-pair3,pair,521,0,174
baseline,rate3.0_s12,30009,n2-pair0,pair,440,0,177
baseline,rate3.0_s12,30009,n2-pair1,pair,455,0,176
baseline,rate3.0_s12,30009,n2-pair2,pair,449,0,176
baseline,rate3.0_s12,30009,n2-pair3,pair,435,0,176
baseline,rate3.0_s12,30009,n3-pair0,pair,521,0,176
baseline,rate3.0_s12,30009,n3-pair1,pair,446,0,177
baseline,rate3.0_s12,30009,n3-pair2,pair,483,0,174
baseline,rate3.0_s12,30009,n3-pair3,pair,403,0,176
baseline,rate3.0_s12,30009,node0,node,535,0,56
baseline,rate3.0_s12,30009,node1,node,589,0,52
baseline,rate3.0_s12,30009,node2,node,598,0,49
baseline,rate3.0_s12,30009,node3,node,578,0,50
baseline,rate3.0_s12,30009,onehop0,onehop,174,0,19
baseline,rate3.0_s12,30009,onehop1,onehop,188,0,17
baseline,rate3.0_s12,30009,onehop2,onehop,190,0,16
baseline,rate3.0_s12,30009,onehop3,onehop,197,0,15
baseline,rate3.0_s12,30009,machine0,machine,133,0,11
baseline,rate3.0_s12,30009,machine1,machine,146,0,11
baseline,rate3.0_s12,30009,machine2,machine,143,0,12
baseline,rate3.0_s12,30009,machine3,machine,151,0,11
baseline,bursty_high_s64,30000,n0-pair0,pair,372,0,126
baseline,bursty_high_s64,30000,n0-pair1,pair,260,0,134
baseline,bursty_high_s64,30000,n0-pair2,pair,371,0,125
baseline,bursty_high_s64,30000,n0-pair3,pair,256,0,129
baseline,bursty_high_s64,30000,n1-pair0,pair,376,0,130
baseline,bursty_high_s64,30000,n1-pair1,pair,379,0,133
baseline,bursty_high_s64,30000,n1-pair2,pair,254,0,127
baseline,bursty_high_s64,30000,n1-pair3,pair,260,0,132
baseline,bursty_high_s64,30000,n2-pair0,pair,366,0,126
baseline,bursty_high_s64,30000,n2-pair1,pair,374,0,128
baseline,bursty_high_s64,30000,n2-pair2,pair,256,0,128
baseline,bursty_high_s64,30000,n2-pair3,pair,375,0,129
baseline,bursty_high_s64,30000,n3-pair0,pair,374,0,128
baseline,bursty_high_s64,30000,n3-pair1,pair,381,0,135
baseline,bursty_high_s64,30000,n3-pair2,pair,374,0,132
baseline,bursty_high_s64,30000,n3-pair3,pair,377,0,137
baseline,bursty_high_s64,30000,node0,node,433,0,39
baseline,bursty_high_s64,30000,node1,node,469,0,42
baseline,bursty_high_s64,30000,node2,node,434,0,38
baseline,bursty_high_s64,30000,node3,node,468,0,42
baseline,bursty_high_s64,30000,onehop0,onehop,154,0,14
baseline,bursty_high_s64,30000,onehop1,onehop,160,152,1
baseline,bursty_high_s64,30000,onehop2,onehop,150,135,2
baseline,bursty_high_s64,30000,onehop3,onehop,160,152,1
baseline,bursty_high_s64,30000,machine0,machine,113,0,8
baseline,bursty_high_s64,30000,machine1,machine,120,112,1
baseline,bursty_high_s64,30000,machine2,machine,120,112,1
baseline,bursty_high_s64,30000,machine3,machine,120,112,1
baseline,bursty_high_s64,30001,n0-pair0,pair,352,0,119
baseline,bursty_high_s64,30001,n0-pair1,pair,252,0,129
baseline,bursty_high_s64,30001,n0-pair2,pair,361,0,123
baseline,bursty_high_s64,30001,n0-pair3,pair,360,0,122
baseline,bursty_high_s64,30001,n1-pair0,pair,355,0,122
baseline,bursty_high_s64,30001,n1-pair1,pair,359,0,126
baseline,bursty_high_s64,30001,n1-pair2,pair,364,0,129
baseline,bursty_high_s64,30001,n1-pair3,pair,359,0,127
baseline,bursty_high_s64,30001,n2-pair0,pair,358,0,123
baseline,bursty_high_s64,30001,n2-pair1,pair,247,0,124
baseline,bursty_high_s64,30001,n2-pair2,pair,357,0,125
baseline,bursty_high_s64,30001,n2-pair3,pair,361,0,123
baseline,bursty_high_s64,30001,n3-pair0,pair,360,0,122
baseline,bursty_high_s64,30001,n3-pair1,pair,366,0,128
baseline,bursty_high_s64,30001,n3-pair2,pair,368,0,130
baseline,bursty_high_s64,30001,n3-pair3,pair,365,0,127
baseline,bursty_high_s64,30001,node0,node,422,0,41
baseline,bursty_high_s64,30001,node1,node,451,0,40
baseline,bursty_high_s64,30001,node2,node,447,0,36
baseline,bursty_high_s64,30001,node3,node,453,0,41
baseline,bursty_high_s64,30001,onehop0,onehop,147,0,14
baseline,bursty_high_s64,30001,onehop1,onehop,152,152,0
baseline,bursty_high_s64,30001,onehop2,onehop,152,152,0
baseline,bursty_high_s64,30001,onehop3,onehop,152,152,0
baseline,bursty_high_s64,30001,machine0,machine,105,0,7
baseline,bursty_high_s64,30001,machine1,machine,112,112,0
baseline,bursty_high_s64,30001,machine2,machine,112,112,0
baseline,bursty_high_s64,30001,machine3,machine,112,112,0
baseline,bursty_high_s64,30002,n0-pair0,pair,354,0,118
baseline,bursty_high_s64,30002,n0-pair1,pair,362,0,126
baseline,bursty_high_s64,30002,n0-pair2,pair,359,0,123
baseline,bursty_high_s64,30002,n0-pair3,pair,358,0,122
baseline,bursty_high_s64,30002,n1-pair0,pair,355,0,119
baseline,bursty_high_s64,30002,n1-pair1,pair,361,0,127
baseline,bursty_high_s64,30002,n1-pair2,pair,355,0,119
baseline,bursty_high_s64,30002,n1-pair3,pair,353,0,123
baseline,bursty_high_s64,30002,n2-pair0,pair,349,0,119
baseline,bursty_high_s64,30002,n2-pair1,pair,245,0,123
baseline,bursty_high_s64,30002,n2-pair2,pair,359,0,127
baseline,bursty_high_s64,30002,n2-pair3,pair,371,0,135
baseline,bursty_high_s64,30002,n3-pair0,pair,354,0,122
baseline,bursty_high_s64,30002,n3-pair1,pair,360,0,124
baseline,bursty_high_s64,30002,n3-pair2,pair,358,0,126
baseline,bursty_high_s64,30002,n3-pair3,pair,363,0,127
baseline,bursty_high_s64,30002,node0,node,453,0,40
baseline,bursty_high_s64,30002,node1,node,452,0,39
baseline,bursty_high_s64,30002,node2,node,420,0,39
baseline,bursty_high_s64,30002,node3,node,452,0,40
baseline,bursty_high_s64,30002,onehop0,onehop,146,0,13
baseline,bursty_high_s64,30002,onehop1,onehop,152,144,1
baseline,bursty_high_s64,30002,onehop2,onehop,152,144,1
baseline,bursty_high_s64,30002,onehop3,onehop,152,144,1
baseline,bursty_high_s64,30002,machine0,machine,107,0,9
baseline,bursty_high_s64,30002,machine1,machine,112,104,1
baseline,bursty_high_s64,30002,machine2,machine,112,104,1
baseline,bursty_high_s64,30002,machine3,machine,112,112,0
baseline,bursty_high_s64,30003,n0-pair0,pair,356,0,120
baseline,bursty_high_s64,30003,n0-pair1,pair,249,0,127
baseline,bursty_high_s64,30003,n0-pair2,pair,367,0,128
baseline,bursty_high_s64,30003,n0-pair3,pair,366,0,127
baseline,bursty_high_s64,30003,n1-pair0,pair,362,0,123
baseline,bursty_high_s64,30003,n1-pair1,pair,362,0,123
baseline,bursty_high_s64,30003,n1-pair2,pair,361,0,127
baseline,bursty_high_s64,30003,n1-pair3,pair,368,0,134
baseline,bursty_high_s64,30003,n2-pair0,pair,354,0,122
baseline,bursty_high_s64,30003,n2-pair1,pair,363,0,124
baseline,bursty_high_s64,30003,n2-pair2,pair,364,0,130
baseline,bursty_high_s64,30003,n2-pair3,pair,249,0,125
baseline,bursty_high_s64,30003,n3-pair0,pair,360,0,127
baseline,bursty_high_s64,30003,n3-pair1,pair,358,0,125
baseline,bursty_high_s64,30003,n3-pair2,pair,358,0,126
baseline,bursty_high_s64,30003,n3-pair3,pair,369,0,130
baseline,bursty_high_s64,30003,node0,node,396,0,42
baseline,bursty_high_s64,30003,node1,node,450,0,37
baseline,bursty_high_s64,30003,node2,node,421,0,37
baseline,bursty_high_s64,30003,node3,node,444,0,32
baseline,bursty_high_s64,30003,onehop0,onehop,135,0,12
baseline,bursty_high_s64,30003,onehop1,onehop,152,152,0
baseline,bursty_high_s64,30003,onehop2,onehop,143,127,2
baseline,bursty_high_s64,30003,onehop3,onehop,152,144,1
baseline,bursty_high_s64,30003,machine0,machine,106,0,8
baseline,bursty_high_s64,30003,machine1,machine,112,112,0
baseline,bursty_high_s64,30003,machine2,machine,112,112,0
baseline,bursty_high_s64,30003,machine3,machine,112,112,0
baseline,bursty_high_s64,30004,n0-pair0,pair,352,0,121
baseline,bursty_high_s64,30004,n0-pair1,pair,242,0,121
baseline,bursty_high_s64,30004,n0-pair2,pair,364,0,127
baseline,bursty_high_s64,30004,n0-pair3,pair,360,0,123
baseline,bursty_high_s64,30004,n1-pair0,pair,365,0,128
baseline,bursty_high_s64,30004,n1-pair1,pair,362,0,125
baseline,bursty_high_s64,30004,n1-pair2,pair,365,0,128
baseline,bursty_high_s64,30004,n1-pair3,pair,363,0,126
baseline,bursty_high_s64,30004,n2-pair0,pair,352,0,123
baseline,bursty_high_s64,30004,n2-pair1,pair,361,0,124
baseline,bursty_high_s64,30004,n2-pair2,pair,359,0,122
baseline,bursty_high_s64,30004,n2-pair3,pair,360,0,124
baseline,bursty_high_s64,30004,n3-pair0,pair,356,0,119
baseline,bursty_high_s64,30004,n3-pair1,pair,362,0,125
baseline,bursty_high_s64,30004,n3-pair2,pair,353,0,123
baseline,bursty_high_s64,30004,n3-pair3,pair,359,0,122
baseline,bursty_high_s64,30004,node0,node,419,0,35
baseline,bursty_high_s64,30004,node1,node,450,0,37
baseline,bursty_high_s64,30004,node2,node,448,0,37
baseline,bursty_high_s64,30004,node3,node,451,0,38
baseline,bursty_high_s64,30004,onehop0,onehop,139,0,15
baseline,bursty_high_s64,30004,onehop1,onehop,152,144,1
baseline,bursty_high_s64,30004,onehop2,onehop,152,144,1
baseline,bursty_high_s64,30004,onehop3,onehop,152,144,1
baseline,bursty_high_s64,30004,machine0,machine,107,0,9
baseline,bursty_high_s64,30004,machine1,machine,112,104,1
baseline,bursty_high_s64,30004,machine2,machine,112,104,1
baseline,bursty_high_s64,30004,machine3,machine,112,104,1
baseline,bursty_high_s64,30005,n0-pair0,pair,349,0,121
baseline,bursty_high_s64,30005,n0-pair1,pair,246,0,127
baseline,bursty_high_s64,30005,n0-pair2,pair,347,0,120
baseline,bursty_high_s64,30005,n0-pair3,pair,239,0,118
baseline,bursty_high_s64,30005,n1-pair0,pair,349,0,122
baseline,bursty_high_s64,30005,n1-pair1,pair,350,0,121
baseline,bursty_high_s64,30005,n1-pair2,pair,240,0,118
baseline,bursty_high_s64,30005,n1-pair3,pair,352,0,123
baseline,bursty_high_s64,30005,n2-pair0,pair,350,0,117
baseline,bursty_high_s64,30005,n2-pair1,pair,355,0,122
baseline,bursty_high_s64,30005,n2-pair2,pair,362,0,129
baseline,bursty_high_s64,30005,n2-pair3,pair,353,0,126
baseline,bursty_high_s64,30005,n3-pair0,pair,353,0,120
baseline,bursty_high_s64,30005,n3-pair1,pair,357,0,124
baseline,bursty_high_s64,30005,n3-pair2,pair,246,0,127
baseline,bursty_high_s64,30005,n3-pair3,pair,351,0,121
baseline,bursty_high_s64,30005,node0,node,413,0,37
baseline,bursty_high_s64,30005,node1,node,439,0,33
baseline,bursty_high_s64,30005,node2,node,449,0,43
baseline,bursty_high_s64,30005,node3,node,444,0,39
baseline,bursty_high_s64,30005,onehop0,onehop,137,0,13
baseline,bursty_high_s64,30005,onehop1,onehop,152,144,1
baseline,bursty_high_s64,30005,onehop2,onehop,152,144,1
baseline,bursty_high_s64,30005,onehop3,onehop,152,144,1
baseline,bursty_high_s64,30005,machine0,machine,107,0,9
baseline,bursty_high_s64,30005,machine1,machine,112,104,1
baseline,bursty_high_s64,30005,machine2,machine,112,104,1
baseline,bursty_high_s64,30005,machine3,machine,112,104,1
baseline,bursty_high_s64,30006,n0-pair0,pair,353,0,119
baseline,bursty_high_s64,30006,n0-pair1,pair,365,0,128
baseline,bursty_high_s64,30006,n0-pair2,pair,354,0,122
baseline,bursty_high_s64,30006,n0-pair3,pair,361,0,124
baseline,bursty_high_s64,30006,n1-pair0,pair,357,0,120
baseline,bursty_high_s64,30006,n1-pair1,pair,361,0,128
baseline,bursty_high_s64,30006,n1-pair2,pair,358,0,126
baseline,bursty_high_s64,30006,n1-pair3,pair,252,0,130
baseline,bursty_high_s64,30006,n2-pair0,pair,356,0,125
baseline,bursty_high_s64,30006,n2-pair1,pair,250,0,128
baseline,bursty_high_s64,30006,n2-pair2,pair,366,0,129
baseline,bursty_high_s64,30006,n2-pair3,pair,366,0,134
baseline,bursty_high_s64,30006,n3-pair0,pair,357,0,123
baseline,bursty_high_s64,30006,n3-pair1,pair,360,0,128
baseline,bursty_high_s64,30006,n3-pair2,pair,358,0,121
baseline,bursty_high_s64,30006,n3-pair3,pair,358,0,126
baseline,bursty_high_s64,30006,node0,node,447,0,37
baseline,bursty_high_s64,30006,node1,node,451,0,41
baseline,bursty_high_s64,30006,node2,node,417,0,36
baseline,bursty_high_s64,30006,node3,node,445,0,35
baseline,bursty_high_s64,30006,onehop0,onehop,144,0,12
baseline,bursty_high_s64,30006,onehop1,onehop,152,144,1
baseline,bursty_high_s64,30006,onehop2,onehop,152,144,1
baseline,bursty_high_s64,30006,onehop3,onehop,152,144,1
baseline,bursty_high_s64,30006,machine0,machine,106,0,8
baseline,bursty_high_s64,30006,machine1,machine,112,112,0
baseline,bursty_high_s64,30006,machine2,machine,112,112,0
baseline,bursty_high_s64,30006,machine3,machine,112,112,0
baseline,bursty_high_s64,30007,n0-pair0,pair,352,0,118
baseline,bursty_high_s64,30007,n0-pair1,pair,239,0,119
baseline,bursty_high_s64,30007,n0-pair2,pair,352,0,124
baseline,bursty_high_s64,30007,n0-pair3,pair,350,0,121
baseline,bursty_high_s64,30007,n1-pair0,pair,352,0,125
baseline,bursty_high_s64,30007,n1-pair1,pair,355,0,121
baseline,bursty_high_s64,30007,n1-pair2,pair,359,0,125
baseline,bursty_high_s64,30007,n1-pair3,pair,358,0,124
baseline,bursty_high_s64,30007,n2-pair0,pair,347,0,118
baseline,bursty_high_s64,30007,n2-pair1,pair,244,0,124
baseline,bursty_high_s64,30007,n2-pair2,pair,353,0,119
baseline,bursty_high_s64,30007,n2-pair3,pair,244,0,121
baseline,bursty_high_s64,30007,n3-pair0,pair,355,0,127
baseline,bursty_high_s64,30007,n3-pair1,pair,360,0,126
baseline,bursty_high_s64,30007,n3-pair2,pair,350,0,120
baseline,bursty_high_s64,30007,n3-pair3,pair,360,0,126
baseline,bursty_high_s64,30007,node0,node,443,0,37
baseline,bursty_high_s64,30007,node1,node,441,0,35
baseline,bursty_high_s64,30007,node2,node,413,0,36
baseline,bursty_high_s64,30007,node3,node,439,0,34
baseline,bursty_high_s64,30007,onehop0,onehop,145,0,12
baseline,bursty_high_s64,30007,onehop1,onehop,152,144,1
baseline,bursty_high_s64,30007,onehop2,onehop,143,127,2
baseline,bursty_high_s64,30007,onehop3,onehop,152,144,1
baseline,bursty_high_s64,30007,machine0,machine,105,0,7
baseline,bursty_high_s64,30007,machine1,machine,112,104,1
baseline,bursty_high_s64,30007,machine2,machine,112,104,1
baseline,bursty_high_s64,30007,machine3,machine,112,104,1
baseline,bursty_high_s64,30008,n0-pair0,pair,243,0,119
baseline,bursty_high_s64,30008,n0-pair1,pair,360,0,127
baseline,bursty_high_s64,30008,n0-pair2,pair,363,0,124
baseline,bursty_high_s64,30008,n0-pair3,pair,361,0,127
baseline,bursty_high_s64,30008,n1-pair0,pair,360,0,125
baseline,bursty_high_s64,30008,n1-pair1,pair,371,0,132
baseline,bursty_high_s64,30008,n1-pair2,pair,364,0,125
baseline,bursty_high_s64,30008,n1-pair3,pair,357,0,123
baseline,bursty_high_s64,30008,n2-pair0,pair,361,0,128
baseline,bursty_high_s64,30008,n2-pair1,pair,249,0,126
baseline,bursty_high_s64,30008,n2-pair2,pair,362,0,127
baseline,bursty_high_s64,30008,n2-pair3,pair,253,0,129
baseline,bursty_high_s64,30008,n3-pair0,pair,364,0,130
baseline,bursty_high_s64,30008,n3-pair1,pair,364,0,125
baseline,bursty_high_s64,30008,n3-pair2,pair,363,0,130
baseline,bursty_high_s64,30008,n3-pair3,pair,364,0,125
baseline,bursty_high_s64,30008,node0,node,426,0,45
baseline,bursty_high_s64,30008,node1,node,450,0,39
baseline,bursty_high_s64,30008,node2,node,424,0,43
baseline,bursty_high_s64,30008,node3,node,447,0,36
baseline,bursty_high_s64,30008,onehop0,onehop,145,0,12
baseline,bursty_high_s64,30008,onehop1,onehop,152,152,0
baseline,bursty_high_s64,30008,onehop2,onehop,152,152,0
baseline,bursty_high_s64,30008,onehop3,onehop,152,152,0
baseline,bursty_high_s64,30008,machine0,machine,106,0,8
baseline,bursty_high_s64,30008,machine1,machine,112,112,0
baseline,bursty_high_s64,30008,machine2,machine,112,112,0
baseline,bursty_high_s64,30008,machine3,machine,112,112,0
baseline,bursty_high_s64,30009,n0-pair0,pair,358,0,124
baseline,bursty_high_s64,30009,n0-pair1,pair,351,0,119
baseline,bursty_high_s64,30009,n0-pair2,pair,347,0,118
baseline,bursty_high_s64,30009,n0-pair3,pair,355,0,127
baseline,bursty_high_s64,30009,n1-pair0,pair,355,0,125
baseline,bursty_high_s64,30009,n1-pair1,pair,357,0,123
baseline,bursty_high_s64,30009,n1-pair2,pair,356,0,122
baseline,bursty_high_s64,30009,n1-pair3,pair,354,0,120
baseline,bursty_high_s64,30009,n2-pair0,pair,355,0,121
baseline,bursty_high_s64,30009,n2-pair1,pair,241,0,120
baseline,bursty_high_s64,30009,n2-pair2,pair,360,0,130
baseline,bursty_high_s64,30009,n2-pair3,pair,248,0,126
baseline,bursty_high_s64,30009,n3-pair0,pair,351,0,117
baseline,bursty_high_s64,30009,n3-pair1,pair,356,0,122
baseline,bursty_high_s64,30009,n3-pair2,pair,348,0,119
baseline,bursty_high_s64,30009,n3-pair3,pair,353,0,119
baseline,bursty_high_s64,30009,node0,node,436,0,31
baseline,bursty_high_s64,30009,node1,node,443,0,37
baseline,bursty_high_s64,30009,node2,node,414,0,38
baseline,bursty_high_s64,30009,node3,node,447,0,41
baseline,bursty_high_s64,30009,onehop0,onehop,146,0,13
baseline,bursty_high_s64,30009,onehop1,onehop,152,144,1
baseline,bursty_high_s64,30009,onehop2,onehop,143,127,2
baseline,bursty_high_s64,30009,onehop3,onehop,152,144,1
baseline,bursty_high_s64,30009,machine0,machine,107,0,9
baseline,bursty_high_s64,30009,machine1,machine,112,112,0
baseline,bursty_high_s64,30009,machine2,machine,112,112,0
baseline,bursty_high_s64,30009,machine3,machine,112,112,0
burst_aware,stacked_medium,30000,n0-pair0,pair,544,0,192
burst_aware,stacked_medium,30000,n0-pair1,pair,484,0,196
burst_aware,stacked_medium,30000,n0-pair2,pair,500,0,193
burst_aware,stacked_medium,30000,n0-pair3,pair,569,0,191
burst_aware,stacked_medium,30000,n1-pair0,pair,542,0,193
burst_aware,stacked_medium,30000,n1-pair1,pair,510,0,194
burst_aware,stacked_medium,30000,n1-pair2,pair,397,0,194
burst_aware,stacked_medium,30000,n1-pair3,pair,453,0,193
burst_aware,stacked_medium,30000,n2-pair0,pair,483,0,193
burst_aware,stacked_medium,30000,n2-pair1,pair,520,0,192
burst_aware,stacked_medium,30000,n2-pair2,pair,543,0,193
burst_aware,stacked_medium,30000,n2-pair3,pair,530,0,192
burst_aware,stacked_medium,30000,n3-pair0,pair,419,0,192
burst_aware,stacked_medium,30000,n3-pair1,pair,490,0,192
burst_aware,stacked_medium,30000,n3-pair2,pair,436,0,191
burst_aware,stacked_medium,30000,n3-pair3,pair,568,0,190
burst_aware,stacked_medium,30000,node0,node,561,0,55
burst_aware,stacked_medium,30000,node1,node,605,0,54
burst_aware,stacked_medium,30000,node2,node,659,0,54
burst_aware,stacked_medium,30000,node3,node,631,0,54
burst_aware,stacked_medium,30000,onehop0,onehop,204,0,20
burst_aware,stacked_medium,30000,onehop1,onehop,191,1,18
burst_aware,stacked_medium,30000,onehop2,onehop,226,0,17
burst_aware,stacked_medium,30000,onehop3,onehop,208,0,17
burst_aware,stacked_medium,30000,machine0,machine,156,0,13
burst_aware,stacked_medium,30000,machine1,machine,157,8,14
burst_aware,stacked_medium,30000,machine2,machine,163,0,13
burst_aware,stacked_medium,30000,machine3,machine,154,0,15
burst_aware,stacked_medium,30001,n0-pair0,pair,516,0,199
burst_aware,stacked_medium,30001,n0-pair1,pair,560,0,195
burst_aware,stacked_medium,30001,n0-pair2,pair,487,0,198
burst_aware,stacked_medium,30001,n0-pair3,pair,452,0,190
burst_aware,stacked_medium,30001,n1-pair0,pair,465,0,192
burst_aware,stacked_medium,30001,n1-pair1,pair,531,0,191
burst_aware,stacked_medium,30001,n1-pair2,pair,570,0,191
burst_aware,stacked_medium,30001,n1-pair3,pair,482,0,193
burst_aware,stacked_medium,30001,n2-pair0,pair,573,0,198
burst_aware,stacked_medium,30001,n2-pair1,pair,436,0,191
burst_aware,stacked_medium,30001,n2-pair2,pair,537,0,193
burst_aware,stacked_medium,30001,n2-pair3,pair,570,0,191
burst_aware,stacked_medium,30001,n3-pair0,pair,529,0,193
burst_aware,stacked_medium,30001,n3-pair1,pair,469,0,193
burst_aware,stacked_medium,30001,n3-pair2,pair,444,0,193
burst_aware,stacked_medium,30001,n3-pair3,pair,570,0,191
burst_aware,stacked_medium,30001,node0,node,592,0,60
burst_aware,stacked_medium,30001,node1,node,647,0,54
burst_aware,stacked_medium,30001,node2,node,591,0,57
burst_aware,stacked_medium,30001,node3,node,606,0,55
burst_aware,stacked_medium,30001,onehop0,onehop,210,0,19
burst_aware,stacked_medium,30001,onehop1,onehop,214,6,20
burst_aware,stacked_medium,30001,onehop2,onehop,185,1,20
burst_aware,stacked_medium,30001,onehop3,onehop,203,0,17
burst_aware,stacked_medium,30001,machine0,machine,163,1,14
burst_aware,stacked_medium,30001,machine1,machine,160,0,14
burst_aware,stacked_medium,30001,machine2,machine,144,0,14
burst_aware,stacked_medium,30001,machine3,machine,154,1,14
burst_aware,stacked_medium,30002,n0-pair0,pair,444,0,200
burst_aware,stacked_medium,30002,n0-pair1,pair,422,0,197
burst_aware,stacked_medium,30002,n0-pair2,pair,450,0,197
burst_aware,stacked_medium,30002,n0-pair3,pair,562,0,197
burst_aware,stacked_medium,30002,n1-pair0,pair,440,0,198
burst_aware,stacked_medium,30002,n1-pair1,pair,462,0,195
burst_aware,stacked_medium,30002,n1-pair2,pair,426,0,196
burst_aware,stacked_medium,30002,n1-pair3,pair,437,0,193
burst_aware,stacked_medium,30002,n2-pair0,pair,541,0,197
burst_aware,stacked_medium,30002,n2-pair1,pair,425,0,196
burst_aware,stacked_medium,30002,n2-pair2,pair,531,0,197
burst_aware,stacked_medium,30002,n2-pair3,pair,578,0,194
burst_aware,stacked_medium,30002,n3-pair0,pair,523,0,198
burst_aware,stacked_medium,30002,n3-pair1,pair,491,0,198
burst_aware,stacked_medium,30002,n3-pair2,pair,580,0,195
burst_aware,stacked_medium,30002,n3-pair3,pair,466,0,195
burst_aware,stacked_medium,30002,node0,node,575,0,56
burst_aware,stacked_medium,30002,node1,node,612,0,57
burst_aware,stacked_medium,30002,node2,node,596,0,54
burst_aware,stacked_medium,30002,node3,node,670,0,55
burst_aware,stacked_medium,30002,onehop0,onehop,197,0,20
burst_aware,stacked_medium,30002,onehop1,onehop,193,0,19
burst_aware,stacked_medium,30002,onehop2,onehop,208,0,20
burst_aware,stacked_medium,30002,onehop3,onehop,222,0,16
burst_aware,stacked_medium,30002,machine0,machine,141,0,14
burst_aware,stacked_medium,30002,machine1,machine,147,0,15
burst_aware,stacked_medium,30002,machine2,machine,164,1,11
burst_aware,stacked_medium,30002,machine3,machine,170,0,13
burst_aware,stacked_medium,30003,n0-pair0,pair,479,0,196
burst_aware,stacked_medium,30003,n0-pair1,pair,550,0,194
burst_aware,stacked_medium,30003,n0-pair2,pair,517,0,192
burst_aware,stacked_medium,30003,n0-pair3,pair,564,0,192
burst_aware,stacked_medium,30003,n1-pair0,pair,525,0,198
burst_aware,stacked_medium,30003,n1-pair1,pair,441,0,197
burst_aware,stacked_medium,30003,n1-pair2,pair,547,0,197
burst_aware,stacked_medium,30003,n1-pair3,pair,398,0,192
burst_aware,stacked_medium,30003,n2-pair0,pair,440,0,195
burst_aware,stacked_medium,30003,n2-pair1,pair,478,0,196
burst_aware,stacked_medium,30003,n2-pair2,pair,425,0,195
burst_aware,stacked_medium,30003,n2-pair3,pair,558,0,192
burst_aware,stacked_medium,30003,n3-pair0,pair,572,0,191
burst_aware,stacked_medium,30003,n3-pair1,pair,572,0,192
burst_aware,stacked_medium,30003,n3-pair2,pair,572,0,191
burst_aware,stacked_medium,30003,n3-pair3,pair,572,0,191
burst_aware,stacked_medium,30003,node0,node,587,0,54
burst_aware,stacked_medium,30003,node1,node,594,0,56
burst_aware,stacked_medium,30003,node2,node,581,0,59
burst_aware,stacked_medium,30003,node3,node,692,0,49
burst_aware,stacked_medium,30003,onehop0,onehop,198,1,20
burst_aware,stacked_medium,30003,onehop1,onehop,207,0,18
burst_aware,stacked_medium,30003,onehop2,onehop,200,0,19
burst_aware,stacked_medium,30003,onehop3,onehop,226,0,17
burst_aware,stacked_medium,30003,machine0,machine,145,0,13
burst_aware,stacked_medium,30003,machine1,machine,153,0,16
burst_aware,stacked_medium,30003,machine2,machine,158,1,15
burst_aware,stacked_medium,30003,machine3,machine,173,0,12
burst_aware,stacked_medium,30004,n0-pair0,pair,495,0,195
burst_aware,stacked_medium,30004,n0-pair1,pair,490,0,199
burst_aware,stacked_medium,30004,n0-pair2,pair,439,0,197
burst_aware,stacked_medium,30004,n0-pair3,pair,575,0,196
burst_aware,stacked_medium,30004,n1-pair0,pair,467,0,197
burst_aware,stacked_medium,30004,n1-pair1,pair,513,0,195
burst_aware,stacked_medium,30004,n1-pair2,pair,497,0,196
burst_aware,stacked_medium,30004,n1-pair3,pair,576,0,197
burst_aware,stacked_medium,30004,n2-pair0,pair,411,0,198
burst_aware,stacked_medium,30004,n2-pair1,pair,542,0,195
burst_aware,stacked_medium,30004,n2-pair2,pair,458,0,198
burst_aware,stacked_medium,30004,n2-pair3,pair,410,0,195
burst_aware,stacked_medium,30004,n3-pair0,pair,478,0,195
burst_aware,stacked_medium,30004,n3-pair1,pair,577,0,194
burst_aware,stacked_medium,30004,n3-pair2,pair,578,0,195
burst_aware,stacked_medium,30004,n3-pair3,pair,477,0,197
burst_aware,stacked_medium,30004,node0,node,588,0,57
burst_aware,stacked_medium,30004,node1,node,619,0,56
burst_aware,stacked_medium,30004,node2,node,573,0,54
burst_aware,stacked_medium,30004,node3,node,652,0,54
burst_aware,stacked_medium,30004,onehop0,onehop,213,15,16
burst_aware,stacked_medium,30004,onehop1,onehop,205,0,18
burst_aware,stacked_medium,30004,onehop2,onehop,185,0,18
burst_aware,stacked_medium,30004,onehop3,onehop,218,2,16
burst_aware,stacked_medium,30004,machine0,machine,161,8,12
burst_aware,stacked_medium,30004,machine1,machine,158,0,12
burst_aware,stacked_medium,30004,machine2,machine,151,0,15
burst_aware,stacked_medium,30004,machine3,machine,172,11,12
burst_aware,stacked_medium,30005,n0-pair0,pair,533,0,195
burst_aware,stacked_medium,30005,n0-pair1,pair,528,0,195
burst_aware,stacked_medium,30005,n0-pair2,pair,561,0,196
burst_aware,stacked_medium,30005,n0-pair3,pair,571,0,192
burst_aware,stacked_medium,30005,n1-pair0,pair,550,0,192
burst_aware,stacked_medium,30005,n1-pair1,pair,467,0,191
burst_aware,stacked_medium,30005,n1-pair2,pair,571,0,192
burst_aware,stacked_medium,30005,n1-pair3,pair,432,0,193
burst_aware,stacked_medium,30005,n2-pair0,pair,506,0,192
burst_aware,stacked_medium,30005,n2-pair1,pair,569,0,193
burst_aware,stacked_medium,30005,n2-pair2,pair,514,0,193
burst_aware,stacked_medium,30005,n2-pair3,pair,473,0,192
burst_aware,stacked_medium,30005,n3-pair0,pair,406,0,192
burst_aware,stacked_medium,30005,n3-pair1,pair,407,0,191
burst_aware,stacked_medium,30005,n3-pair2,pair,389,0,192
burst_aware,stacked_medium,30005,n3-pair3,pair,405,0,191
burst_aware,stacked_medium,30005,node0,node,551,0,54
burst_aware,stacked_medium,30005,node1,node,603,0,58
burst_aware,stacked_medium,30005,node2,node,632,0,56
burst_aware,stacked_medium,30005,node3,node,635,0,51
burst_aware,stacked_medium,30005,onehop0,onehop,177,0,18
burst_aware,stacked_medium,30005,onehop1,onehop,194,0,20
burst_aware,stacked_medium,30005,onehop2,onehop,207,0,18
burst_aware,stacked_medium,30005,onehop3,onehop,196,7,17
burst_aware,stacked_medium,30005,machine0,machine,146,0,15
burst_aware,stacked_medium,30005,machine1,machine,153,1,13
burst_aware,stacked_medium,30005,machine2,machine,165,1,12
burst_aware,stacked_medium,30005,machine3,machine,163,8,13
burst_aware,stacked_medium,30006,n0-pair0,pair,481,0,198
burst_aware,stacked_medium,30006,n0-pair1,pair,447,0,194
burst_aware,stacked_medium,30006,n0-pair2,pair,436,0,192
burst_aware,stacked_medium,30006,n0-pair3,pair,527,0,194
burst_aware,stacked_medium,30006,n1-pair0,pair,500,0,193
burst_aware,stacked_medium,30006,n1-pair1,pair,405,0,192
burst_aware,stacked_medium,30006,n1-pair2,pair,415,0,190
burst_aware,stacked_medium,30006,n1-pair3,pair,458,0,190
burst_aware,stacked_medium,30006,n2-pair0,pair,512,0,190
burst_aware,stacked_medium,30006,n2-pair1,pair,504,0,189
burst_aware,stacked_medium,30006,n2-pair2,pair,566,0,189
burst_aware,stacked_medium,30006,n2-pair3,pair,514,0,190
burst_aware,stacked_medium,30006,n3-pair0,pair,564,0,193
burst_aware,stacked_medium,30006,n3-pair1,pair,557,0,192
burst_aware,stacked_medium,30006,n3-pair2,pair,561,0,193
burst_aware,stacked_medium,30006,n3-pair3,pair,555,0,190
burst_aware,stacked_medium,30006,node0,node,576,0,59
burst_aware,stacked_medium,30006,node1,node,564,0,57
burst_aware,stacked_medium,30006,node2,node,663,0,51
burst_aware,stacked_medium,30006,node3,node,625,0,55
burst_aware,stacked_medium,30006,onehop0,onehop,191,8,20
burst_aware,stacked_medium,30006,onehop1,onehop,192,0,21
burst_aware,stacked_medium,30006,onehop2,onehop,219,0,17
burst_aware,stacked_medium,30006,onehop3,onehop,214,0,17
burst_aware,stacked_medium,30006,machine0,machine,150,15,13
burst_aware,stacked_medium,30006,machine1,machine,151,0,13
burst_aware,stacked_medium,30006,machine2,machine,169,0,13
burst_aware,stacked_medium,30006,machine3,machine,164,0,14
burst_aware,stacked_medium,30007,n0-pair0,pair,442,0,193
burst_aware,stacked_medium,30007,n0-pair1,pair,497,0,193
burst_aware,stacked_medium,30007,n0-pair2,pair,456,0,191
burst_aware,stacked_medium,30007,n0-pair3,pair,404,0,191
burst_aware,stacked_medium,30007,n1-pair0,pair,499,0,190
burst_aware,stacked_medium,30007,n1-pair1,pair,515,0,193
burst_aware,stacked_medium,30007,n1-pair2,pair,492,0,197
burst_aware,stacked_medium,30007,n1-pair3,pair,536,0,191
burst_aware,stacked_medium,30007,n2-pair0,pair,567,0,190
burst_aware,stacked_medium,30007,n2-pair1,pair,404,0,191
burst_aware,stacked_medium,30007,n2-pair2,pair,567,0,189
burst_aware,stacked_medium,30007,n2-pair3,pair,400,0,190
burst_aware,stacked_medium,30007,n3-pair0,pair,478,0,189
burst_aware,stacked_medium,30007,n3-pair1,pair,569,0,192
burst_aware,stacked_medium,30007,n3-pair2,pair,570,0,192
burst_aware,stacked_medium,30007,n3-pair3,pair,447,0,190
burst_aware,stacked_medium,30007,node0,node,551,0,60
burst_aware,stacked_medium,30007,node1,node,581,0,55
burst_aware,stacked_medium,30007,node2,node,621,0,48
burst_aware,stacked_medium,30007,node3,node,578,0,51
burst_aware,stacked_medium,30007,onehop0,onehop,202,2,21
burst_aware,stacked_medium,30007,onehop1,onehop,192,7,17
burst_aware,stacked_medium,30007,onehop2,onehop,219,0,18
burst_aware,stacked_medium,30007,onehop3,onehop,192,0,18
burst_aware,stacked_medium,30007,machine0,machine,143,7,13
burst_aware,stacked_medium,30007,machine1,machine,148,1,15
burst_aware,stacked_medium,30007,machine2,machine,163,0,12
burst_aware,stacked_medium,30007,machine3,machine,142,0,15
burst_aware,stacked_medium,30008,n0-pair0,pair,493,0,194
burst_aware,stacked_medium,30008,n0-pair1,pair,415,0,194
burst_aware,stacked_medium,30008,n0-pair2,pair,464,0,194
burst_aware,stacked_medium,30008,n0-pair3,pair,396,0,190
burst_aware,stacked_medium,30008,n1-pair0,pair,512,0,191
burst_aware,stacked_medium,30008,n1-pair1,pair,478,0,190
burst_aware,stacked_medium,30008,n1-pair2,pair,567,0,190
burst_aware,stacked_medium,30008,n1-pair3,pair,567,0,189
burst_aware,stacked_medium,30008,n2-pair0,pair,531,0,195
burst_aware,stacked_medium,30008,n2-pair1,pair,484,0,193
burst_aware,stacked_medium,30008,n2-pair2,pair,522,0,191
burst_aware,stacked_medium,30008,n2-pair3,pair,569,0,191
burst_aware,stacked_medium,30008,n3-pair0,pair,470,0,192
burst_aware,stacked_medium,30008,n3-pair1,pair,495,0,192
burst_aware,stacked_medium,30008,n3-pair2,pair,425,0,191
burst_aware,stacked_medium,30008,n3-pair3,pair,471,0,190
burst_aware,stacked_medium,30008,node0,node,550,0,54
burst_aware,stacked_medium,30008,node1,node,645,0,50
burst_aware,stacked_medium,30008,node2,node,579,0,58
burst_aware,stacked_medium,30008,node3,node,601,0,55
burst_aware,stacked_medium,30008,onehop0,onehop,196,1,18
burst_aware,stacked_medium,30008,onehop1,onehop,214,0,17
burst_aware,stacked_medium,30008,onehop2,onehop,195,7,19
burst_aware,stacked_medium,30008,onehop3,onehop,191,0,19
burst_aware,stacked_medium,30008,machine0,machine,138,0,16
burst_aware,stacked_medium,30008,machine1,machine,162,0,13
burst_aware,stacked_medium,30008,machine2,machine,140,8,12
burst_aware,stacked_medium,30008,machine3,machine,150,0,16
burst_aware,stacked_medium,30009,n0-pair0,pair,434,0,196
burst_aware,stacked_medium,30009,n0-pair1,pair,566,0,191
burst_aware,stacked_medium,30009,n0-pair2,pair,404,0,190
burst_aware,stacked_medium,30009,n0-pair3,pair,433,0,190
burst_aware,stacked_medium,30009,n1-pair0,pair,406,0,192
burst_aware,stacked_medium,30009,n1-pair1,pair,483,0,194
burst_aware,stacked_medium,30009,n1-pair2,pair,537,0,191
burst_aware,stacked_medium,30009,n1-pair3,pair,567,0,192
burst_aware,stacked_medium,30009,n2-pair0,pair,482,0,192
burst_aware,stacked_medium,30009,n2-pair1,pair,469,0,195
burst_aware,stacked_medium,30009,n2-pair2,pair,453,0,193
burst_aware,stacked_medium,30009,n2-pair3,pair,484,0,190
burst_aware,stacked_medium,30009,n3-pair0,pair,523,0,190
burst_aware,stacked_medium,30009,n3-pair1,pair,522,0,192
burst_aware,stacked_medium,30009,n3-pair2,pair,420,0,190
burst_aware,stacked_medium,30009,n3-pair3,pair,465,0,190
burst_aware,stacked_medium,30009,node0,node,623,0,54
burst_aware,stacked_medium,30009,node1,node,655,0,56
burst_aware,stacked_medium,30009,node2,node,602,0,53
burst_aware,stacked_medium,30009,node3,node,605,0,53
burst_aware,stacked_medium,30009,onehop0,onehop,194,0,19
burst_aware,stacked_medium,30009,onehop1,onehop,201,6,17
burst_aware,stacked_medium,30009,onehop2,onehop,201,0,17
burst_aware,stacked_medium,30009,onehop3,onehop,203,0,19
burst_aware,stacked_medium,30009,machine0,machine,151,0,16
burst_aware,stacked_medium,30009,machine1,machine,155,7,13
burst_aware,stacked_medium,30009,machine2,machine,152,0,15
burst_aware,stacked_medium,30009,machine3,machine,162,3,13
burst_aware,stacked_high,30000,n0-pair0,pair,141,0,53
burst_aware,stacked_high,30000,n0-pair1,pair,148,0,54
burst_aware,stacked_high,30000,n0-pair2,pair,153,0,54
burst_aware,stacked_high,30000,n0-pair3,pair,152,0,52
burst_aware,stacked_high,30000,n1-pair0,pair,113,0,53
burst_aware,stacked_high,30000,n1-pair1,pair,111,0,53
burst_aware,stacked_high,30000,n1-pair2,pair,132,0,55
burst_aware,stacked_high,30000,n1-pair3,pair,119,0,51
burst_aware,stacked_high,30000,n2-pair0,pair,145,0,52
burst_aware,stacked_high,30000,n2-pair1,pair,146,0,52
burst_aware,stacked_high,30000,n2-pair2,pair,111,0,56
burst_aware,stacked_high,30000,n2-pair3,pair,109,0,52
burst_aware,stacked_high,30000,n3-pair0,pair,143,0,52
burst_aware,stacked_high,30000,n3-pair1,pair,139,0,52
burst_aware,stacked_high,30000,n3-pair2,pair,152,0,51
burst_aware,stacked_high,30000,n3-pair3,pair,144,0,53
burst_aware,stacked_high,30000,node0,node,180,0,18
burst_aware,stacked_high,30000,node1,node,142,0,16
burst_aware,stacked_high,30000,node2,node,148,0,18
burst_aware,stacked_high,30000,node3,node,161,0,15
burst_aware,stacked_high,30000,onehop0,onehop,60,3,6
burst_aware,stacked_high,30000,onehop1,onehop,59,23,7
burst_aware,stacked_high,30000,onehop2,onehop,57,28,4
burst_aware,stacked_high,30000,onehop3,onehop,59,31,2
burst_aware,stacked_high,30000,machine0,machine,44,13,2
burst_aware,stacked_high,30000,machine1,machine,41,7,6
burst_aware,stacked_high,30000,machine2,machine,44,15,5
burst_aware,stacked_high,30000,machine3,machine,44,22,5
burst_aware,stacked_high,30001,n0-pair0,pair,117,0,52
burst_aware,stacked_high,30001,n0-pair1,pair,144,0,53
burst_aware,stacked_high,30001,n0-pair2,pair,152,0,52
burst_aware,stacked_high,30001,n0-pair3,pair,152,0,52
burst_aware,stacked_high,30001,n1-pair0,pair,152,0,52
burst_aware,stacked_high,30001,n1-pair1,pair,152,0,52
burst_aware,stacked_high,30001,n1-pair2,pair,146,0,53
burst_aware,stacked_high,30001,n1-pair3,pair,152,0,52
burst_aware,stacked_high,30001,n2-pair0,pair,152,0,51
burst_aware,stacked_high,30001,n2-pair1,pair,149,0,57
burst_aware,stacked_high,30001,n2-pair2,pair,153,0,52
burst_aware,stacked_high,30001,n2-pair3,pair,152,0,52
burst_aware,stacked_high,30001,n3-pair0,pair,144,0,53
burst_aware,stacked_high,30001,n3-pair1,pair,152,0,52
burst_aware,stacked_high,30001,n3-pair2,pair,113,0,54
burst_aware,stacked_high,30001,n3-pair3,pair,143,0,51
burst_aware,stacked_high,30001,node0,node,169,0,17
burst_aware,stacked_high,30001,node1,node,189,0,18
burst_aware,stacked_high,30001,node2,node,186,0,15
burst_aware,stacked_high,30001,node3,node,178,0,18
burst_aware,stacked_high,30001,onehop0,onehop,62,16,4
burst_aware,stacked_high,30001,onehop1,onehop,64,49,2
burst_aware,stacked_high,30001,onehop2,onehop,60,45,2
burst_aware,stacked_high,30001,onehop3,onehop,58,30,3
burst_aware,stacked_high,30001,machine0,machine,45,0,5
burst_aware,stacked_high,30001,machine1,machine,48,40,1
burst_aware,stacked_high,30001,machine2,machine,45,30,2
burst_aware,stacked_high,30001,machine3,machine,45,30,1
burst_aware,stacked_high,30002,n0-pair0,pair,145,0,52
burst_aware,stacked_high,30002,n0-pair1,pair,144,0,51
burst_aware,stacked_high,30002,n0-pair2,pair,152,0,51
burst_aware,stacked_high,30002,n0-pair3,pair,152,0,52
burst_aware,stacked_high,30002,n1-pair0,pair,145,0,52
burst_aware,stacked_high,30002,n1-pair1,pair,146,0,53
burst_aware,stacked_high,30002,n1-pair2,pair,149,0,54
burst_aware,stacked_high,30002,n1-pair3,pair,118,0,52
burst_aware,stacked_high,30002,n2-pair0,pair,126,0,54
burst_aware,stacked_high,30002,n2-pair1,pair,147,0,52
burst_aware,stacked_high,30002,n2-pair2,pair,138,0,54
burst_aware,stacked_high,30002,n2-pair3,pair,156,0,56
burst_aware,stacked_high,30002,n3-pair0,pair,152,0,51
burst_aware,stacked_high,30002,n3-pair1,pair,152,0,52
burst_aware,stacked_high,30002,n3-pair2,pair,146,0,52
burst_aware,stacked_high,30002,n3-pair3,pair,152,0,52
burst_aware,stacked_high,30002,node0,node,188,0,13
burst_aware,stacked_high,30002,node1,node,150,0,17
burst_aware,stacked_high,30002,node2,node,165,0,19
burst_aware,stacked_high,30002,node3,node,188,0,15
burst_aware,stacked_high,30002,onehop0,onehop,62,17,3
burst_aware,stacked_high,30002,onehop1,onehop,60,30,5
burst_aware,stacked_high,30002,onehop2,onehop,56,12,6
burst_aware,stacked_high,30002,onehop3,onehop,60,45,1
burst_aware,stacked_high,30002,machine0,machine,48,40,1
burst_aware,stacked_high,30002,machine1,machine,43,21,3
burst_aware,stacked_high,30002,machine2,machine,42,7,4
burst_aware,stacked_high,30002,machine3,machine,45,30,1
burst_aware,stacked_high,30003,n0-pair0,pair,138,0,49
burst_aware,stacked_high,30003,n0-pair1,pair,139,0,49
burst_aware,stacked_high,30003,n0-pair2,pair,136,0,49
burst_aware,stacked_high,30003,n0-pair3,pair,143,0,49
burst_aware,stacked_high,30003,n1-pair0,pair,144,0,49
burst_aware,stacked_high,30003,n1-pair1,pair,133,0,49
burst_aware,stacked_high,30003,n1-pair2,pair,136,0,48
burst_aware,stacked_high,30003,n1-pair3,pair,114,0,51
burst_aware,stacked_high,30003,n2-pair0,pair,112,0,51
burst_aware,stacked_high,30003,n2-pair1,pair,105,0,50
burst_aware,stacked_high,30003,n2-pair2,pair,101,0,50
burst_aware,stacked_high,30003,n2-pair3,pair,139,0,49
burst_aware,stacked_high,30003,n3-pair0,pair,142,0,51
burst_aware,stacked_high,30003,n3-pair1,pair,140,0,50
burst_aware,stacked_high,30003,n3-pair2,pair,137,0,50
burst_aware,stacked_high,30003,n3-pair3,pair,143,0,48
burst_aware,stacked_high,30003,node0,node,163,0,16
burst_aware,stacked_high,30003,node1,node,160,0,12
burst_aware,stacked_high,30003,node2,node,142,0,18
burst_aware,stacked_high,30003,node3,node,160,0,15
burst_aware,stacked_high,30003,onehop0,onehop,54,8,6
burst_aware,stacked_high,30003,onehop1,onehop,51,20,3
burst_aware,stacked_high,30003,onehop2,onehop,53,31,3
burst_aware,stacked_high,30003,onehop3,onehop,53,30,2
burst_aware,stacked_high,30003,machine0,machine,39,17,3
burst_aware,stacked_high,30003,machine1,machine,38,15,2
burst_aware,stacked_high,30003,machine2,machine,38,29,3
burst_aware,stacked_high,30003,machine3,machine,38,23,3
burst_aware,stacked_high,30004,n0-pair0,pair,146,0,52
burst_aware,stacked_high,30004,n0-pair1,pair,153,0,52
burst_aware,stacked_high,30004,n0-pair2,pair,141,0,53
burst_aware,stacked_high,30004,n0-pair3,pair,153,0,52
burst_aware,stacked_high,30004,n1-pair0,pair,153,0,52
burst_aware,stacked_high,30004,n1-pair1,pair,145,0,52
burst_aware,stacked_high,30004,n1-pair2,pair,146,0,52
burst_aware,stacked_high,30004,n1-pair3,pair,146,0,53
burst_aware,stacked_high,30004,n2-pair0,pair,146,0,51
burst_aware,stacked_high,30004,n2-pair1,pair,148,0,51
burst_aware,stacked_high,30004,n2-pair2,pair,153,0,52
burst_aware,stacked_high,30004,n2-pair3,pair,147,0,53
burst_aware,stacked_high,30004,n3-pair0,pair,153,0,52
burst_aware,stacked_high,30004,n3-pair1,pair,147,0,52
burst_aware,stacked_high,30004,n3-pair2,pair,112,0,56
burst_aware,stacked_high,30004,n3-pair3,pair,110,0,51
burst_aware,stacked_high,30004,node0,node,182,0,16
burst_aware,stacked_high,30004,node1,node,176,0,18
burst_aware,stacked_high,30004,node2,node,169,0,14
burst_aware,stacked_high,30004,node3,node,156,0,19
burst_aware,stacked_high,30004,onehop0,onehop,60,2,4
burst_aware,stacked_high,30004,onehop1,onehop,64,48,4
burst_aware,stacked_high,30004,onehop2,onehop,61,26,4
burst_aware,stacked_high,30004,onehop3,onehop,60,45,3
burst_aware,stacked_high,30004,machine0,machine,44,7,4
burst_aware,stacked_high,30004,machine1,machine,47,32,1
burst_aware,stacked_high,30004,machine2,machine,44,15,3
burst_aware,stacked_high,30004,machine3,machine,45,30,4
burst_aware,stacked_high,30005,n0-pair0,pair,141,0,51
burst_aware,stacked_high,30005,n0-pair1,pair,142,0,52
burst_aware,stacked_high,30005,n0-pair2,pair,149,0,51
burst_aware,stacked_high,30005,n0-pair3,pair,149,0,51
burst_aware,stacked_high,30005,n1-pair0,pair,126,0,51
burst_aware,stacked_high,30005,n1-pair1,pair,126,0,52
burst_aware,stacked_high,30005,n1-pair2,pair,145,0,53
burst_aware,stacked_high,30005,n1-pair3,pair,149,0,52
burst_aware,stacked_high,30005,n2-pair0,pair,108,0,52
burst_aware,stacked_high,30005,n2-pair1,pair,110,0,53
burst_aware,stacked_high,30005,n2-pair2,pair,106,0,53
burst_aware,stacked_high,30005,n2-pair3,pair,107,0,52
burst_aware,stacked_high,30005,n3-pair0,pair,149,0,50
burst_aware,stacked_high,30005,n3-pair1,pair,148,0,50
burst_aware,stacked_high,30005,n3-pair2,pair,151,0,53
burst_aware,stacked_high,30005,n3-pair3,pair,149,0,51
burst_aware,stacked_high,30005,node0,node,169,0,17
burst_aware,stacked_high,30005,node1,node,169,0,16
burst_aware,stacked_high,30005,node2,node,131,0,18
burst_aware,stacked_high,30005,node3,node,170,0,14
burst_aware,stacked_high,30005,onehop0,onehop,58,8,6
burst_aware,stacked_high,30005,onehop1,onehop,58,28,3
burst_aware,stacked_high,30005,onehop2,onehop,56,22,6
burst_aware,stacked_high,30005,onehop3,onehop,63,33,3
burst_aware,stacked_high,30005,machine0,machine,45,23,2
burst_aware,stacked_high,30005,machine1,machine,46,16,4
burst_aware,stacked_high,30005,machine2,machine,43,21,6
burst_aware,stacked_high,30005,machine3,machine,45,23,2
burst_aware,stacked_high,30006,n0-pair0,pair,155,0,53
burst_aware,stacked_high,30006,n0-pair1,pair,145,0,51
burst_aware,stacked_high,30006,n0-pair2,pair,153,0,51
burst_aware,stacked_high,30006,n0-pair3,pair,140,0,52
burst_aware,stacked_high,30006,n1-pair0,pair,148,0,54
burst_aware,stacked_high,30006,n1-pair1,pair,153,0,52
burst_aware,stacked_high,30006,n1-pair2,pair,154,0,53
burst_aware,stacked_high,30006,n1-pair3,pair,148,0,53
burst_aware,stacked_high,30006,n2-pair0,pair,147,0,52
burst_aware,stacked_high,30006,n2-pair1,pair,110,0,51
burst_aware,stacked_high,30006,n2-pair2,pair,111,0,51
burst_aware,stacked_high,30006,n2-pair3,pair,147,0,53
burst_aware,stacked_high,30006,n3-pair0,pair,141,0,52
burst_aware,stacked_high,30006,n3-pair1,pair,153,0,52
burst_aware,stacked_high,30006,n3-pair2,pair,113,0,57
burst_aware,stacked_high,30006,n3-pair3,pair,116,0,54
burst_aware,stacked_high,30006,node0,node,189,0,14
burst_aware,stacked_high,30006,node1,node,165,0,16
burst_aware,stacked_high,30006,node2,node,177,0,15
burst_aware,stacked_high,30006,node3,node,173,0,18
burst_aware,stacked_high,30006,onehop0,onehop,61,9,3
burst_aware,stacked_high,30006,onehop1,onehop,61,37,3
burst_aware,stacked_high,30006,onehop2,onehop,59,37,2
burst_aware,stacked_high,30006,onehop3,onehop,59,31,4
burst_aware,stacked_high,30006,machine0,machine,46,16,2
burst_aware,stacked_high,30006,machine1,machine,45,24,3
burst_aware,stacked_high,30006,machine2,machine,45,22,4
burst_aware,stacked_high,30006,machine3,machine,44,22,3
burst_aware,stacked_high,30007,n0-pair0,pair,147,0,52
burst_aware,stacked_high,30007,n0-pair1,pair,155,0,53
burst_aware,stacked_high,30007,n0-pair2,pair,151,0,53
burst_aware,stacked_high,30007,n0-pair3,pair,150,0,58
burst_aware,stacked_high,30007,n1-pair0,pair,151,0,54
burst_aware,stacked_high,30007,n1-pair1,pair,155,0,53
burst_aware,stacked_high,30007,n1-pair2,pair,155,0,53
burst_aware,stacked_high,30007,n1-pair3,pair,115,0,52
burst_aware,stacked_high,30007,n2-pair0,pair,158,0,61
burst_aware,stacked_high,30007,n2-pair1,pair,155,0,53
burst_aware,stacked_high,30007,n2-pair2,pair,111,0,52
burst_aware,stacked_high,30007,n2-pair3,pair,149,0,52
burst_aware,stacked_high,30007,n3-pair0,pair,156,0,53
burst_aware,stacked_high,30007,n3-pair1,pair,147,0,53
burst_aware,stacked_high,30007,n3-pair2,pair,150,0,53
burst_aware,stacked_high,30007,n3-pair3,pair,155,0,53
burst_aware,stacked_high,30007,node0,node,186,0,13
burst_aware,stacked_high,30007,node1,node,167,0,19
burst_aware,stacked_high,30007,node2,node,167,0,16
burst_aware,stacked_high,30007,node3,node,188,0,14
burst_aware,stacked_high,30007,onehop0,onehop,61,9,3
burst_aware,stacked_high,30007,onehop1,onehop,64,41,2
burst_aware,stacked_high,30007,onehop2,onehop,54,26,4
burst_aware,stacked_high,30007,onehop3,onehop,60,38,1
burst_aware,stacked_high,30007,machine0,machine,46,16,2
burst_aware,stacked_high,30007,machine1,machine,45,30,2
burst_aware,stacked_high,30007,machine2,machine,45,23,3
burst_aware,stacked_high,30007,machine3,machine,45,24,1
burst_aware,stacked_high,30008,n0-pair0,pair,142,0,51
burst_aware,stacked_high,30008,n0-pair1,pair,149,0,51
burst_aware,stacked_high,30008,n0-pair2,pair,145,0,50
burst_aware,stacked_high,30008,n0-pair3,pair,149,0,50
burst_aware,stacked_high,30008,n1-pair0,pair,141,0,55
burst_aware,stacked_high,30008,n1-pair1,pair,144,0,51
burst_aware,stacked_high,30008,n1-pair2,pair,149,0,51
burst_aware,stacked_high,30008,n1-pair3,pair,150,0,52
burst_aware,stacked_high,30008,n2-pair0,pair,149,0,51
burst_aware,stacked_high,30008,n2-pair1,pair,150,0,52
burst_aware,stacked_high,30008,n2-pair2,pair,149,0,51
burst_aware,stacked_high,30008,n2-pair3,pair,149,0,51
burst_aware,stacked_high,30008,n3-pair0,pair,144,0,51
burst_aware,stacked_high,30008,n3-pair1,pair,137,0,52
burst_aware,stacked_high,30008,n3-pair2,pair,109,0,55
burst_aware,stacked_high,30008,n3-pair3,pair,152,0,53
burst_aware,stacked_high,30008,node0,node,179,0,13
burst_aware,stacked_high,30008,node1,node,169,0,18
burst_aware,stacked_high,30008,node2,node,179,0,17
burst_aware,stacked_high,30008,node3,node,176,0,19
burst_aware,stacked_high,30008,onehop0,onehop,61,24,2
burst_aware,stacked_high,30008,onehop1,onehop,60,30,4
burst_aware,stacked_high,30008,onehop2,onehop,59,30,2
burst_aware,stacked_high,30008,onehop3,onehop,60,45,3
burst_aware,stacked_high,30008,machine0,machine,47,23,3
burst_aware,stacked_high,30008,machine1,machine,44,15,3
burst_aware,stacked_high,30008,machine2,machine,47,17,3
burst_aware,stacked_high,30008,machine3,machine,45,30,2
burst_aware,stacked_high,30009,n0-pair0,pair,152,0,52
burst_aware,stacked_high,30009,n0-pair1,pair,152,0,52
burst_aware,stacked_high,30009,n0-pair2,pair,150,0,50
burst_aware,stacked_high,30009,n0-pair3,pair,145,0,52
burst_aware,stacked_high,30009,n1-pair0,pair,144,0,53
burst_aware,stacked_high,30009,n1-pair1,pair,153,0,54
burst_aware,stacked_high,30009,n1-pair2,pair,152,0,53
burst_aware,stacked_high,30009,n1-pair3,pair,111,0,50
burst_aware,stacked_high,30009,n2-pair0,pair,141,0,52
burst_aware,stacked_high,30009,n2-pair1,pair,142,0,51
burst_aware,stacked_high,30009,n2-pair2,pair,148,0,53
burst_aware,stacked_high,30009,n2-pair3,pair,151,0,52
burst_aware,stacked_high,30009,n3-pair0,pair,143,0,52
burst_aware,stacked_high,30009,n3-pair1,pair,143,0,52
burst_aware,stacked_high,30009,n3-pair2,pair,109,0,53
burst_aware,stacked_high,30009,n3-pair3,pair,143,0,52
burst_aware,stacked_high,30009,node0,node,188,0,13
burst_aware,stacked_high,30009,node1,node,155,0,18
burst_aware,stacked_high,30009,node2,node,163,0,18
burst_aware,stacked_high,30009,node3,node,171,0,19
burst_aware,stacked_high,30009,onehop0,onehop,63,40,2
burst_aware,stacked_high,30009,onehop1,onehop,60,22,5
burst_aware,stacked_high,30009,onehop2,onehop,56,21,4
burst_aware,stacked_high,30009,onehop3,onehop,58,7,6
burst_aware,stacked_high,30009,machine0,machine,47,32,1
burst_aware,stacked_high,30009,machine1,machine,43,21,3
burst_aware,stacked_high,30009,machine2,machine,43,21,6
burst_aware,stacked_high,30009,machine3,machine,44,8,3
burst_aware,rate3.0_s12,30000,n0-pair0,pair,420,0,175
burst_aware,rate3.0_s12,30000,n0-pair1,pair,529,0,180
burst_aware,rate3.0_s12,30000,n0-pair2,pair,397,0,179
burst_aware,rate3.0_s12,30000,n0-pair3,pair,384,0,176
burst_aware,rate3.0_s12,30000,n1-pair0,pair,446,0,180
burst_aware,rate3.0_s12,30000,n1-pair1,pair,417,0,177
burst_aware,rate3.0_s12,30000,n1-pair2,pair,376,0,177
burst_aware,rate3.0_s12,30000,n1-pair3,pair,462,0,178
burst_aware,rate3.0_s12,30000,n2-pair0,pair,525,0,175
burst_aware,rate3.0_s12,30000,n2-pair1,pair,525,0,175
burst_aware,rate3.0_s12,30000,n2-pair2,pair,525,0,175
burst_aware,rate3.0_s12,30000,n2-pair3,pair,526,0,176
burst_aware,rate3.0_s12,30000,n3-pair0,pair,428,0,178
burst_aware,rate3.0_s12,30000,n3-pair1,pair,525,0,178
burst_aware,rate3.0_s12,30000,n3-pair2,pair,419,0,178
burst_aware,rate3.0_s12,30000,n3-pair3,pair,508,0,176
burst_aware,rate3.0_s12,30000,node0,node,589,0,50
burst_aware,rate3.0_s12,30000,node1,node,511,0,50
burst_aware,rate3.0_s12,30000,node2,node,633,0,45
burst_aware,rate3.0_s12,30000,node3,node,542,0,52
burst_aware,rate3.0_s12,30000,onehop0,onehop,202,0,18
burst_aware,rate3.0_s12,30000,onehop1,onehop,186,0,17
burst_aware,rate3.0_s12,30000,onehop2,onehop,211,0,16
burst_aware,rate3.0_s12,30000,onehop3,onehop,197,7,15
burst_aware,rate3.0_s12,30000,machine0,machine,152,1,12
burst_aware,rate3.0_s12,30000,machine1,machine,144,0,13
burst_aware,rate3.0_s12,30000,machine2,machine,153,0,12
burst_aware,rate3.0_s12,30000,machine3,machine,143,1,13
burst_aware,rate3.0_s12,30001,n0-pair0,pair,459,0,184
burst_aware,rate3.0_s12,30001,n0-pair1,pair,467,0,180
burst_aware,rate3.0_s12,30001,n0-pair2,pair,454,0,178
burst_aware,rate3.0_s12,30001,n0-pair3,pair,460,0,175
burst_aware,rate3.0_s12,30001,n1-pair0,pair,435,0,175
burst_aware,rate3.0_s12,30001,n1-pair1,pair,436,0,177
burst_aware,rate3.0_s12,30001,n1-pair2,pair,525,0,175
burst_aware,rate3.0_s12,30001,n1-pair3,pair,395,0,177
burst_aware,rate3.0_s12,30001,n2-pair0,pair,501,0,180
burst_aware,rate3.0_s12,30001,n2-pair1,pair,437,0,179
burst_aware,rate3.0_s12,30001,n2-pair2,pair,415,0,178
burst_aware,rate3.0_s12,30001,n2-pair3,pair,525,0,175
burst_aware,rate3.0_s12,30001,n3-pair0,pair,456,0,176
burst_aware,rate3.0_s12,30001,n3-pair1,pair,525,0,177
burst_aware,rate3.0_s12,30001,n3-pair2,pair,497,0,176
burst_aware,rate3.0_s12,30001,n3-pair3,pair,525,0,175
burst_aware,rate3.0_s12,30001,node0,node,550,0,57
burst_aware,rate3.0_s12,30001,node1,node,595,0,47
burst_aware,rate3.0_s12,30001,node2,node,554,0,50
burst_aware,rate3.0_s12,30001,node3,node,609,0,46
burst_aware,rate3.0_s12,30001,onehop0,onehop,184,0,21
burst_aware,rate3.0_s12,30001,onehop1,onehop,198,0,17
burst_aware,rate3.0_s12,30001,onehop2,onehop,185,0,15
burst_aware,rate3.0_s12,30001,onehop3,onehop,206,0,16
burst_aware,rate3.0_s12,30001,machine0,machine,136,0,17
burst_aware,rate3.0_s12,30001,machine1,machine,143,0,12
burst_aware,rate3.0_s12,30001,machine2,machine,134,0,11
burst_aware,rate3.0_s12,30001,machine3,machine,150,0,12
burst_aware,rate3.0_s12,30002,n0-pair0,pair,512,0,174
burst_aware,rate3.0_s12,30002,n0-pair1,pair,445,0,173
burst_aware,rate3.0_s12,30002,n0-pair2,pair,366,0,172
burst_aware,rate3.0_s12,30002,n0-pair3,pair,513,0,172
burst_aware,rate3.0_s12,30002,n1-pair0,pair,488,0,173
burst_aware,rate3.0_s12,30002,n1-pair1,pair,465,0,174
burst_aware,rate3.0_s12,30002,n1-pair2,pair,384,0,172
burst_aware,rate3.0_s12,30002,n1-pair3,pair,433,0,173
burst_aware,rate3.0_s12,30002,n2-pair0,pair,482,0,172
burst_aware,rate3.0_s12,30002,n2-pair1,pair,402,0,174
burst_aware,rate3.0_s12,30002,n2-pair2,pair,415,0,174
burst_aware,rate3.0_s12,30002,n2-pair3,pair,513,0,172
burst_aware,rate3.0_s12,30002,n3-pair0,pair,496,0,173
burst_aware,rate3.0_s12,30002,n3-pair1,pair,513,0,173
burst_aware,rate3.0_s12,30002,n3-pair2,pair,465,0,173
burst_aware,rate3.0_s12,30002,n3-pair3,pair,514,0,172
burst_aware,rate3.0_s12,30002,node0,node,617,0,47
burst_aware,rate3.0_s12,30002,node1,node,510,0,52
burst_aware,rate3.0_s12,30002,node2,node,563,0,45
burst_aware,rate3.0_s12,30002,node3,node,615,0,47
burst_aware,rate3.0_s12,30002,onehop0,onehop,204,1,14
burst_aware,rate3.0_s12,30002,onehop1,onehop,181,0,18
burst_aware,rate3.0_s12,30002,onehop2,onehop,197,0,14
burst_aware,rate3.0_s12,30002,onehop3,onehop,206,8,14
burst_aware,rate3.0_s12,30002,machine0,machine,153,0,12
burst_aware,rate3.0_s12,30002,machine1,machine,145,0,11
burst_aware,rate3.0_s12,30002,machine2,machine,146,0,12
burst_aware,rate3.0_s12,30002,machine3,machine,155,3,12
burst_aware,rate3.0_s12,30003,n0-pair0,pair,528,0,178
burst_aware,rate3.0_s12,30003,n0-pair1,pair,392,0,176
burst_aware,rate3.0_s12,30003,n0-pair2,pair,388,0,178
burst_aware,rate3.0_s12,30003,n0-pair3,pair,386,0,177
burst_aware,rate3.0_s12,30003,n1-pair0,pair,443,0,181
burst_aware,rate3.0_s12,30003,n1-pair1,pair,522,0,179
burst_aware,rate3.0_s12,30003,n1-pair2,pair,494,0,181
burst_aware,rate3.0_s12,30003,n1-pair3,pair,527,0,178
burst_aware,rate3.0_s12,30003,n2-pair0,pair,483,0,177
burst_aware,rate3.0_s12,30003,n2-pair1,pair,488,0,180
burst_aware,rate3.0_s12,30003,n2-pair2,pair,410,0,180
burst_aware,rate3.0_s12,30003,n2-pair3,pair,478,0,181
burst_aware,rate3.0_s12,30003,n3-pair0,pair,527,0,177
burst_aware,rate3.0_s12,30003,n3-pair1,pair,527,0,177
burst_aware,rate3.0_s12,30003,n3-pair2,pair,516,0,176
burst_aware,rate3.0_s12,30003,n3-pair3,pair,527,0,177
burst_aware,rate3.0_s12,30003,node0,node,545,0,48
burst_aware,rate3.0_s12,30003,node1,node,544,0,51
burst_aware,rate3.0_s12,30003,node2,node,603,0,54
burst_aware,rate3.0_s12,30003,node3,node,651,0,46
burst_aware,rate3.0_s12,30003,onehop0,onehop,193,0,16
burst_aware,rate3.0_s12,30003,onehop1,onehop,179,7,17
burst_aware,rate3.0_s12,30003,onehop2,onehop,208,18,13
burst_aware,rate3.0_s12,30003,onehop3,onehop,218,8,14
burst_aware,rate3.0_s12,30003,machine0,machine,158,1,11
burst_aware,rate3.0_s12,30003,machine1,machine,133,0,11
burst_aware,rate3.0_s12,30003,machine2,machine,158,11,10
burst_aware,rate3.0_s12,30003,machine3,machine,158,1,11
burst_aware,rate3.0_s12,30004,n0-pair0,pair,521,0,176
burst_aware,rate3.0_s12,30004,n0-pair1,pair,461,0,179
burst_aware,rate3.0_s12,30004,n0-pair2,pair,521,0,178
burst_aware,rate3.0_s12,30004,n0-pair3,pair,482,0,176
burst_aware,rate3.0_s12,30004,n1-pair0,pair,513,0,176
burst_aware,rate3.0_s12,30004,n1-pair1,pair,521,0,175
burst_aware,rate3.0_s12,30004,n1-pair2,pair,521,0,175
burst_aware,rate3.0_s12,30004,n1-pair3,pair,511,0,175
burst_aware,rate3.0_s12,30004,n2-pair0,pair,494,0,178
burst_aware,rate3.0_s12,30004,n2-pair1,pair,491,0,177
burst_aware,rate3.0_s12,30004,n2-pair2,pair,523,0,178
burst_aware,rate3.0_s12,30004,n2-pair3,pair,522,0,175
burst_aware,rate3.0_s12,30004,n3-pair0,pair,512,0,175
burst_aware,rate3.0_s12,30004,n3-pair1,pair,490,0,175
burst_aware,rate3.0_s12,30004,n3-pair2,pair,521,0,175
burst_aware,rate3.0_s12,30004,n3-pair3,pair,481,0,177
burst_aware,rate3.0_s12,30004,node0,node,594,0,53
burst_aware,rate3.0_s12,30004,node1,node,613,0,46
burst_aware,rate3.0_s12,30004,node2,node,521,0,52
burst_aware,rate3.0_s12,30004,node3,node,617,0,50
burst_aware,rate3.0_s12,30004,onehop0,onehop,191,19,13
burst_aware,rate3.0_s12,30004,onehop1,onehop,201,7,16
burst_aware,rate3.0_s12,30004,onehop2,onehop,188,8,14
burst_aware,rate3.0_s12,30004,onehop3,onehop,202,0,15
burst_aware,rate3.0_s12,30004,machine0,machine,143,4,12
burst_aware,rate3.0_s12,30004,machine1,machine,151,1,11
burst_aware,rate3.0_s12,30004,machine2,machine,137,2,11
burst_aware,rate3.0_s12,30004,machine3,machine,155,1,11
burst_aware,rate3.0_s12,30005,n0-pair0,pair,503,0,178
burst_aware,rate3.0_s12,30005,n0-pair1,pair,510,0,176
burst_aware,rate3.0_s12,30005,n0-pair2,pair,490,0,176
burst_aware,rate3.0_s12,30005,n0-pair3,pair,519,0,175
burst_aware,rate3.0_s12,30005,n1-pair0,pair,519,0,174
burst_aware,rate3.0_s12,30005,n1-pair1,pair,416,0,175
burst_aware,rate3.0_s12,30005,n1-pair2,pair,394,0,175
burst_aware,rate3.0_s12,30005,n1-pair3,pair,519,0,175
burst_aware,rate3.0_s12,30005,n2-pair0,pair,520,0,174
burst_aware,rate3.0_s12,30005,n2-pair1,pair,480,0,174
burst_aware,rate3.0_s12,30005,n2-pair2,pair,480,0,174
burst_aware,rate3.0_s12,30005,n2-pair3,pair,478,0,175
burst_aware,rate3.0_s12,30005,n3-pair0,pair,465,0,177
burst_aware,rate3.0_s12,30005,n3-pair1,pair,450,0,176
burst_aware,rate3.0_s12,30005,n3-pair2,pair,371,0,177
burst_aware,rate3.0_s12,30005,n3-pair3,pair,519,0,174
burst_aware,rate3.0_s12,30005,node0,node,568,0,50
burst_aware,rate3.0_s12,30005,node1,node,594,0,50
burst_aware,rate3.0_s12,30005,node2,node,625,0,46
burst_aware,rate3.0_s12,30005,node3,node,502,0,48
burst_aware,rate3.0_s12,30005,onehop0,onehop,190,1,15
burst_aware,rate3.0_s12,30005,onehop1,onehop,193,1,15
burst_aware,rate3.0_s12,30005,onehop2,onehop,207,0,15
burst_aware,rate3.0_s12,30005,onehop3,onehop,163,0,15
burst_aware,rate3.0_s12,30005,machine0,machine,147,2,11
burst_aware,rate3.0_s12,30005,machine1,machine,154,1,11
burst_aware,rate3.0_s12,30005,machine2,machine,158,1,11
burst_aware,rate3.0_s12,30005,machine3,machine,137,0,12
burst_aware,rate3.0_s12,30006,n0-pair0,pair,419,0,176
burst_aware,rate3.0_s12,30006,n0-pair1,pair,503,0,174
burst_aware,rate3.0_s12,30006,n0-pair2,pair,447,0,176
burst_aware,rate3.0_s12,30006,n0-pair3,pair,507,0,174
burst_aware,rate3.0_s12,30006,n1-pair0,pair,415,0,173
burst_aware,rate3.0_s12,30006,n1-pair1,pair,399,0,172
burst_aware,rate3.0_s12,30006,n1-pair2,pair,383,0,173
burst_aware,rate3.0_s12,30006,n1-pair3,pair,510,0,172
burst_aware,rate3.0_s12,30006,n2-pair0,pair,510,0,170
burst_aware,rate3.0_s12,30006,n2-pair1,pair,510,0,170
burst_aware,rate3.0_s12,30006,n2-pair2,pair,510,0,170
burst_aware,rate3.0_s12,30006,n2-pair3,pair,510,0,170
burst_aware,rate3.0_s12,30006,n3-pair0,pair,510,0,172
burst_aware,rate3.0_s12,30006,n3-pair1,pair,462,0,172
burst_aware,rate3.0_s12,30006,n3-pair2,pair,479,0,173
burst_aware,rate3.0_s12,30006,n3-pair3,pair,476,0,172
burst_aware,rate3.0_s12,30006,node0,node,589,0,52
burst_aware,rate3.0_s12,30006,node1,node,549,0,51
burst_aware,rate3.0_s12,30006,node2,node,638,0,43
burst_aware,rate3.0_s12,30006,node3,node,621,0,48
burst_aware,rate3.0_s12,30006,onehop0,onehop,206,9,14
burst_aware,rate3.0_s12,30006,onehop1,onehop,181,0,18
burst_aware,rate3.0_s12,30006,onehop2,onehop,210,0,14
burst_aware,rate3.0_s12,30006,onehop3,onehop,202,1,16
burst_aware,rate3.0_s12,30006,machine0,machine,150,1,13
burst_aware,rate3.0_s12,30006,machine1,machine,138,0,12
burst_aware,rate3.0_s12,30006,machine2,machine,158,0,11
burst_aware,rate3.0_s12,30006,machine3,machine,155,1,12
burst_aware,rate3.0_s12,30007,n0-pair0,pair,474,0,175
burst_aware,rate3.0_s12,30007,n0-pair1,pair,433,0,175
burst_aware,rate3.0_s12,30007,n0-pair2,pair,460,0,175
burst_aware,rate3.0_s12,30007,n0-pair3,pair,514,0,172
burst_aware,rate3.0_s12,30007,n1-pair0,pair,447,0,173
burst_aware,rate3.0_s12,30007,n1-pair1,pair,477,0,176
burst_aware,rate3.0_s12,30007,n1-pair2,pair,492,0,174
burst_aware,rate3.0_s12,30007,n1-pair3,pair,448,0,175
burst_aware,rate3.0_s12,30007,n2-pair0,pair,515,0,172
burst_aware,rate3.0_s12,30007,n2-pair1,pair,515,0,173
burst_aware,rate3.0_s12,30007,n2-pair2,pair,379,0,173
burst_aware,rate3.0_s12,30007,n2-pair3,pair,376,0,173
burst_aware,rate3.0_s12,30007,n3-pair0,pair,515,0,173
burst_aware,rate3.0_s12,30007,n3-pair1,pair,407,0,175
burst_aware,rate3.0_s12,30007,n3-pair2,pair,398,0,173
burst_aware,rate3.0_s12,30007,n3-pair3,pair,515,0,174
burst_aware,rate3.0_s12,30007,node0,node,575,0,49
burst_aware,rate3.0_s12,30007,node1,node,574,0,51
burst_aware,rate3.0_s12,30007,node2,node,570,0,45
burst_aware,rate3.0_s12,30007,node3,node,589,0,47
burst_aware,rate3.0_s12,30007,onehop0,onehop,188,0,18
burst_aware,rate3.0_s12,30007,onehop1,onehop,198,16,13
burst_aware,rate3.0_s12,30007,onehop2,onehop,199,0,15
burst_aware,rate3.0_s12,30007,onehop3,onehop,204,1,15
burst_aware,rate3.0_s12,30007,machine0,machine,138,2,12
burst_aware,rate3.0_s12,30007,machine1,machine,149,3,11
burst_aware,rate3.0_s12,30007,machine2,machine,158,3,11
burst_aware,rate3.0_s12,30007,machine3,machine,153,1,12
burst_aware,rate3.0_s12,30008,n0-pair0,pair,475,0,179
burst_aware,rate3.0_s12,30008,n0-pair1,pair,376,0,178
burst_aware,rate3.0_s12,30008,n0-pair2,pair,469,0,179
burst_aware,rate3.0_s12,30008,n0-pair3,pair,525,0,176
burst_aware,rate3.0_s12,30008,n1-pair0,pair,499,0,175
burst_aware,rate3.0_s12,30008,n1-pair1,pair,495,0,176
burst_aware,rate3.0_s12,30008,n1-pair2,pair,525,0,176
burst_aware,rate3.0_s12,30008,n1-pair3,pair,499,0,176
burst_aware,rate3.0_s12,30008,n2-pair0,pair,525,0,176
burst_aware,rate3.0_s12,30008,n2-pair1,pair,478,0,177
burst_aware,rate3.0_s12,30008,n2-pair2,pair,443,0,180
burst_aware,rate3.0_s12,30008,n2-pair3,pair,526,0,178
burst_aware,rate3.0_s12,30008,n3-pair0,pair,469,0,176
burst_aware,rate3.0_s12,30008,n3-pair1,pair,525,0,177
burst_aware,rate3.0_s12,30008,n3-pair2,pair,527,0,179
burst_aware,rate3.0_s12,30008,n3-pair3,pair,524,0,176
burst_aware,rate3.0_s12,30008,node0,node,605,0,51
burst_aware,rate3.0_s12,30008,node1,node,640,0,46
burst_aware,rate3.0_s12,30008,node2,node,599,0,49
burst_aware,rate3.0_s12,30008,node3,node,614,0,53
burst_aware,rate3.0_s12,30008,onehop0,onehop,195,0,16
burst_aware,rate3.0_s12,30008,onehop1,onehop,216,1,15
burst_aware,rate3.0_s12,30008,onehop2,onehop,202,10,15
burst_aware,rate3.0_s12,30008,onehop3,onehop,211,16,13
burst_aware,rate3.0_s12,30008,machine0,machine,148,8,11
burst_aware,rate3.0_s12,30008,machine1,machine,157,1,11
burst_aware,rate3.0_s12,30008,machine2,machine,138,1,12
burst_aware,rate3.0_s12,30008,machine3,machine,154,4,11
burst_aware,rate3.0_s12,30009,n0-pair0,pair,530,0,179
burst_aware,rate3.0_s12,30009,n0-pair1,pair,529,0,179
burst_aware,rate3.0_s12,30009,n0-pair2,pair,384,0,177
burst_aware,rate3.0_s12,30009,n0-pair3,pair,528,0,177
burst_aware,rate3.0_s12,30009,n1-pair0,pair,460,0,180
burst_aware,rate3.0_s12,30009,n1-pair1,pair,527,0,178
burst_aware,rate3.0_s12,30009,n1-pair2,pair,481,0,181
burst_aware,rate3.0_s12,30009,n1-pair3,pair,528,0,176
burst_aware,rate3.0_s12,30009,n2-pair0,pair,501,0,179
burst_aware,rate3.0_s12,30009,n2-pair1,pair,504,0,180
burst_aware,rate3.0_s12,30009,n2-pair2,pair,460,0,179
burst_aware,rate3.0_s12,30009,n2-pair3,pair,444,0,181
burst_aware,rate3.0_s12,30009,n3-pair0,pair,417,0,178
burst_aware,rate3.0_s12,30009,n3-pair1,pair,457,0,180
burst_aware,rate3.0_s12,30009,n3-pair2,pair,416,0,178
burst_aware,rate3.0_s12,30009,n3-pair3,pair,399,0,177
burst_aware,rate3.0_s12,30009,node0,node,578,0,47
burst_aware,rate3.0_s12,30009,node1,node,541,0,48
burst_aware,rate3.0_s12,30009,node2,node,630,0,49
burst_aware,rate3.0_s12,30009,node3,node,533,0,50
burst_aware,rate3.0_s12,30009,onehop0,onehop,204,1,15
burst_aware,rate3.0_s12,30009,onehop1,onehop,194,0,16
burst_aware,rate3.0_s12,30009,onehop2,onehop,203,0,16
burst_aware,rate3.0_s12,30009,onehop3,onehop,183,0,17
burst_aware,rate3.0_s12,30009,machine0,machine,158,0,12
burst_aware,rate3.0_s12,30009,machine1,machine,155,0,12
burst_aware,rate3.0_s12,30009,machine2,machine,160,4,12
burst_aware,rate3.0_s12,30009,machine3,machine,143,0,13
burst_aware,bursty_high_s64,30000,n0-pair0,pair,368,0,124
burst_aware,bursty_high_s64,30000,n0-pair1,pair,253,0,128
burst_aware,bursty_high_s64,30000,n0-pair2,pair,374,0,134
burst_aware,bursty_high_s64,30000,n0-pair3,pair,252,0,125
burst_aware,bursty_high_s64,30000,n1-pair0,pair,364,0,124
burst_aware,bursty_high_s64,30000,n1-pair1,pair,370,0,126
burst_aware,bursty_high_s64,30000,n1-pair2,pair,257,0,130
burst_aware,bursty_high_s64,30000,n1-pair3,pair,255,0,128
burst_aware,bursty_high_s64,30000,n2-pair0,pair,370,0,126
burst_aware,bursty_high_s64,30000,n2-pair1,pair,371,0,127
burst_aware,bursty_high_s64,30000,n2-pair2,pair,254,0,127
burst_aware,bursty_high_s64,30000,n2-pair3,pair,364,0,124
burst_aware,bursty_high_s64,30000,n3-pair0,pair,366,0,126
burst_aware,bursty_high_s64,30000,n3-pair1,pair,375,0,131
burst_aware,bursty_high_s64,30000,n3-pair2,pair,369,0,130
burst_aware,bursty_high_s64,30000,n3-pair3,pair,381,0,137
burst_aware,bursty_high_s64,30000,node0,node,433,0,37
burst_aware,bursty_high_s64,30000,node1,node,468,0,42
burst_aware,bursty_high_s64,30000,node2,node,429,0,32
burst_aware,bursty_high_s64,30000,node3,node,467,0,43
burst_aware,bursty_high_s64,30000,onehop0,onehop,152,0,12
burst_aware,bursty_high_s64,30000,onehop1,onehop,160,152,1
burst_aware,bursty_high_s64,30000,onehop2,onehop,150,135,2
burst_aware,bursty_high_s64,30000,onehop3,onehop,160,152,1
burst_aware,bursty_high_s64,30000,machine0,machine,113,0,8
burst_aware,bursty_high_s64,30000,machine1,machine,120,112,1
burst_aware,bursty_high_s64,30000,machine2,machine,120,112,1
burst_aware,bursty_high_s64,30000,machine3,machine,120,112,1
burst_aware,bursty_high_s64,30001,n0-pair0,pair,357,0,120
burst_aware,bursty_high_s64,30001,n0-pair1,pair,251,0,127
burst_aware,bursty_high_s64,30001,n0-pair2,pair,363,0,127
burst_aware,bursty_high_s64,30001,n0-pair3,pair,357,0,121
burst_aware,bursty_high_s64,30001,n1-pair0,pair,362,0,122
burst_aware,bursty_high_s64,30001,n1-pair1,pair,359,0,124
burst_aware,bursty_high_s64,30001,n1-pair2,pair,368,0,134
burst_aware,bursty_high_s64,30001,n1-pair3,pair,365,0,125
burst_aware,bursty_high_s64,30001,n2-pair0,pair,367,0,127
burst_aware,bursty_high_s64,30001,n2-pair1,pair,250,0,126
burst_aware,bursty_high_s64,30001,n2-pair2,pair,362,0,122
burst_aware,bursty_high_s64,30001,n2-pair3,pair,361,0,128
burst_aware,bursty_high_s64,30001,n3-pair0,pair,364,0,124
burst_aware,bursty_high_s64,30001,n3-pair1,pair,365,0,125
burst_aware,bursty_high_s64,30001,n3-pair2,pair,362,0,128
burst_aware,bursty_high_s64,30001,n3-pair3,pair,369,0,129
burst_aware,bursty_high_s64,30001,node0,node,423,0,35
burst_aware,bursty_high_s64,30001,node1,node,461,0,44
burst_aware,bursty_high_s64,30001,node2,node,457,0,37
burst_aware,bursty_high_s64,30001,node3,node,460,0,40
burst_aware,bursty_high_s64,30001,onehop0,onehop,153,7,13
burst_aware,bursty_high_s64,30001,onehop1,onehop,159,144,2
burst_aware,bursty_high_s64,30001,onehop2,onehop,160,152,1
burst_aware,bursty_high_s64,30001,onehop3,onehop,160,152,1
burst_aware,bursty_high_s64,30001,machine0,machine,113,0,8
burst_aware,bursty_high_s64,30001,machine1,machine,120,112,1
burst_aware,bursty_high_s64,30001,machine2,machine,120,112,1
burst_aware,bursty_high_s64,30001,machine3,machine,120,112,1
burst_aware,bursty_high_s64,30002,n0-pair0,pair,348,0,118
burst_aware,bursty_high_s64,30002,n0-pair1,pair,358,0,123
burst_aware,bursty_high_s64,30002,n0-pair2,pair,354,0,125
burst_aware,bursty_high_s64,30002,n0-pair3,pair,363,0,128
burst_aware,bursty_high_s64,30002,n1-pair0,pair,348,0,118
burst_aware,bursty_high_s64,30002,n1-pair1,pair,361,0,126
burst_aware,bursty_high_s64,30002,n1-pair2,pair,360,0,125
burst_aware,bursty_high_s64,30002,n1-pair3,pair,358,0,123
burst_aware,bursty_high_s64,30002,n2-pair0,pair,354,0,121
burst_aware,bursty_high_s64,30002,n2-pair1,pair,246,0,125
burst_aware,bursty_high_s64,30002,n2-pair2,pair,358,0,123
burst_aware,bursty_high_s64,30002,n2-pair3,pair,364,0,129
burst_aware,bursty_high_s64,30002,n3-pair0,pair,355,0,126
burst_aware,bursty_high_s64,30002,n3-pair1,pair,360,0,125
burst_aware,bursty_high_s64,30002,n3-pair2,pair,359,0,124
burst_aware,bursty_high_s64,30002,n3-pair3,pair,349,0,119
burst_aware,bursty_high_s64,30002,node0,node,437,0,33
burst_aware,bursty_high_s64,30002,node1,node,440,0,37
burst_aware,bursty_high_s64,30002,node2,node,416,0,41
burst_aware,bursty_high_s64,30002,node3,node,439,0,34
burst_aware,bursty_high_s64,30002,onehop0,onehop,147,0,14
burst_aware,bursty_high_s64,30002,onehop1,onehop,152,144,1
burst_aware,bursty_high_s64,30002,onehop2,onehop,152,144,1
burst_aware,bursty_high_s64,30002,onehop3,onehop,152,144,1
burst_aware,bursty_high_s64,30002,machine0,machine,105,7,7
burst_aware,bursty_high_s64,30002,machine1,machine,112,104,1
burst_aware,bursty_high_s64,30002,machine2,machine,112,112,0
burst_aware,bursty_high_s64,30002,machine3,machine,112,112,0
burst_aware,bursty_high_s64,30003,n0-pair0,pair,353,0,118
burst_aware,bursty_high_s64,30003,n0-pair1,pair,241,0,121
burst_aware,bursty_high_s64,30003,n0-pair2,pair,363,0,128
burst_aware,bursty_high_s64,30003,n0-pair3,pair,360,0,125
burst_aware,bursty_high_s64,30003,n1-pair0,pair,351,0,118
burst_aware,bursty_high_s64,30003,n1-pair1,pair,358,0,126
burst_aware,bursty_high_s64,30003,n1-pair2,pair,361,0,126
burst_aware,bursty_high_s64,30003,n1-pair3,pair,355,0,124
burst_aware,bursty_high_s64,30003,n2-pair0,pair,355,0,123
burst_aware,bursty_high_s64,30003,n2-pair1,pair,355,0,124
burst_aware,bursty_high_s64,30003,n2-pair2,pair,355,0,120
burst_aware,bursty_high_s64,30003,n2-pair3,pair,247,0,125
burst_aware,bursty_high_s64,30003,n3-pair0,pair,363,0,128
burst_aware,bursty_high_s64,30003,n3-pair1,pair,356,0,121
burst_aware,bursty_high_s64,30003,n3-pair2,pair,361,0,126
burst_aware,bursty_high_s64,30003,n3-pair3,pair,359,0,124
burst_aware,bursty_high_s64,30003,node0,node,383,0,34
burst_aware,bursty_high_s64,30003,node1,node,443,0,39
burst_aware,bursty_high_s64,30003,node2,node,410,0,34
burst_aware,bursty_high_s64,30003,node3,node,437,0,31
burst_aware,bursty_high_s64,30003,onehop0,onehop,137,0,14
burst_aware,bursty_high_s64,30003,onehop1,onehop,152,144,1
burst_aware,bursty_high_s64,30003,onehop2,onehop,143,127,2
burst_aware,bursty_high_s64,30003,onehop3,onehop,152,144,1
burst_aware,bursty_high_s64,30003,machine0,machine,106,0,8
burst_aware,bursty_high_s64,30003,machine1,machine,112,112,0
burst_aware,bursty_high_s64,30003,machine2,machine,112,112,0
burst_aware,bursty_high_s64,30003,machine3,machine,112,112,0
burst_aware,bursty_high_s64,30004,n0-pair0,pair,356,0,120
burst_aware,bursty_high_s64,30004,n0-pair1,pair,244,0,123
burst_aware,bursty_high_s64,30004,n0-pair2,pair,349,0,120
burst_aware,bursty_high_s64,30004,n0-pair3,pair,357,0,121
burst_aware,bursty_high_s64,30004,n1-pair0,pair,356,0,120
burst_aware,bursty_high_s64,30004,n1-pair1,pair,364,0,128
burst_aware,bursty_high_s64,30004,n1-pair2,pair,366,0,130
burst_aware,bursty_high_s64,30004,n1-pair3,pair,358,0,122
burst_aware,bursty_high_s64,30004,n2-pair0,pair,358,0,122
burst_aware,bursty_high_s64,30004,n2-pair1,pair,366,0,130
burst_aware,bursty_high_s64,30004,n2-pair2,pair,359,0,130
burst_aware,bursty_high_s64,30004,n2-pair3,pair,355,0,126
burst_aware,bursty_high_s64,30004,n3-pair0,pair,356,0,122
burst_aware,bursty_high_s64,30004,n3-pair1,pair,356,0,120
burst_aware,bursty_high_s64,30004,n3-pair2,pair,357,0,121
burst_aware,bursty_high_s64,30004,n3-pair3,pair,354,0,122
burst_aware,bursty_high_s64,30004,node0,node,414,0,30
burst_aware,bursty_high_s64,30004,node1,node,449,0,36
burst_aware,bursty_high_s64,30004,node2,node,453,0,40
burst_aware,bursty_high_s64,30004,node3,node,446,0,37
burst_aware,bursty_high_s64,30004,onehop0,onehop,140,0,16
burst_aware,bursty_high_s64,30004,onehop1,onehop,152,144,1
burst_aware,bursty_high_s64,30004,onehop2,onehop,152,144,1
burst_aware,bursty_high_s64,30004,onehop3,onehop,152,144,1
burst_aware,bursty_high_s64,30004,machine0,machine,106,0,8
burst_aware,bursty_high_s64,30004,machine1,machine,112,104,1
burst_aware,bursty_high_s64,30004,machine2,machine,112,104,1
burst_aware,bursty_high_s64,30004,machine3,machine,112,104,1
burst_aware,bursty_high_s64,30005,n0-pair0,pair,345,0,117
burst_aware,bursty_high_s64,30005,n0-pair1,pair,242,0,122
burst_aware,bursty_high_s64,30005,n0-pair2,pair,356,0,122
burst_aware,bursty_high_s64,30005,n0-pair3,pair,243,0,121
burst_aware,bursty_high_s64,30005,n1-pair0,pair,348,0,118
burst_aware,bursty_high_s64,30005,n1-pair1,pair,348,0,119
burst_aware,bursty_high_s64,30005,n1-pair2,pair,243,0,121
burst_aware,bursty_high_s64,30005,n1-pair3,pair,359,0,125
burst_aware,bursty_high_s64,30005,n2-pair0,pair,352,0,118
burst_aware,bursty_high_s64,30005,n2-pair1,pair,356,0,126
burst_aware,bursty_high_s64,30005,n2-pair2,pair,348,0,118
burst_aware,bursty_high_s64,30005,n2-pair3,pair,351,0,122
burst_aware,bursty_high_s64,30005,n3-pair0,pair,352,0,123
burst_aware,bursty_high_s64,30005,n3-pair1,pair,358,0,124
burst_aware,bursty_high_s64,30005,n3-pair2,pair,243,0,123
burst_aware,bursty_high_s64,30005,n3-pair3,pair,348,0,120
burst_aware,bursty_high_s64,30005,node0,node,411,0,34
burst_aware,bursty_high_s64,30005,node1,node,445,0,42
burst_aware,bursty_high_s64,30005,node2,node,441,0,37
burst_aware,bursty_high_s64,30005,node3,node,438,0,33
burst_aware,bursty_high_s64,30005,onehop0,onehop,136,0,12
burst_aware,bursty_high_s64,30005,onehop1,onehop,152,144,1
burst_aware,bursty_high_s64,30005,onehop2,onehop,152,144,1
burst_aware,bursty_high_s64,30005,onehop3,onehop,152,144,1
burst_aware,bursty_high_s64,30005,machine0,machine,105,0,8
burst_aware,bursty_high_s64,30005,machine1,machine,112,104,1
burst_aware,bursty_high_s64,30005,machine2,machine,112,104,1
burst_aware,bursty_high_s64,30005,machine3,machine,112,104,1
burst_aware,bursty_high_s64,30006,n0-pair0,pair,359,0,120
burst_aware,bursty_high_s64,30006,n0-pair1,pair,361,0,126
burst_aware,bursty_high_s64,30006,n0-pair2,pair,361,0,122
burst_aware,bursty_high_s64,30006,n0-pair3,pair,365,0,131
burst_aware,bursty_high_s64,30006,n1-pair0,pair,359,0,120
burst_aware,bursty_high_s64,30006,n1-pair1,pair,357,0,124
burst_aware,bursty_high_s64,30006,n1-pair2,pair,364,0,125
burst_aware,bursty_high_s64,30006,n1-pair3,pair,255,0,132
burst_aware,bursty_high_s64,30006,n2-pair0,pair,366,0,127
burst_aware,bursty_high_s64,30006,n2-pair1,pair,245,0,121
burst_aware,bursty_high_s64,30006,n2-pair2,pair,368,0,129
burst_aware,bursty_high_s64,30006,n2-pair3,pair,362,0,123
burst_aware,bursty_high_s64,30006,n3-pair0,pair,359,0,120
burst_aware,bursty_high_s64,30006,n3-pair1,pair,357,0,124
burst_aware,bursty_high_s64,30006,n3-pair2,pair,361,0,128
burst_aware,bursty_high_s64,30006,n3-pair3,pair,364,0,125
burst_aware,bursty_high_s64,30006,node0,node,447,0,37
burst_aware,bursty_high_s64,30006,node1,node,453,0,41
burst_aware,bursty_high_s64,30006,node2,node,415,0,33
burst_aware,bursty_high_s64,30006,node3,node,456,0,44
burst_aware,bursty_high_s64,30006,onehop0,onehop,144,0,11
burst_aware,bursty_high_s64,30006,onehop1,onehop,152,144,1
burst_aware,bursty_high_s64,30006,onehop2,onehop,152,144,1
burst_aware,bursty_high_s64,30006,onehop3,onehop,152,144,1
burst_aware,bursty_high_s64,30006,machine0,machine,105,0,7
burst_aware,bursty_high_s64,30006,machine1,machine,112,112,0
burst_aware,bursty_high_s64,30006,machine2,machine,112,112,0
burst_aware,bursty_high_s64,30006,machine3,machine,112,112,0
burst_aware,bursty_high_s64,30007,n0-pair0,pair,355,0,119
burst_aware,bursty_high_s64,30007,n0-pair1,pair,246,0,125
burst_aware,bursty_high_s64,30007,n0-pair2,pair,360,0,124
burst_aware,bursty_high_s64,30007,n0-pair3,pair,353,0,123
burst_aware,bursty_high_s64,30007,n1-pair0,pair,368,0,132
burst_aware,bursty_high_s64,30007,n1-pair1,pair,357,0,127
burst_aware,bursty_high_s64,30007,n1-pair2,pair,352,0,119
burst_aware,bursty_high_s64,30007,n1-pair3,pair,360,0,124
burst_aware,bursty_high_s64,30007,n2-pair0,pair,350,0,122
burst_aware,bursty_high_s64,30007,n2-pair1,pair,242,0,121
burst_aware,bursty_high_s64,30007,n2-pair2,pair,361,0,125
burst_aware,bursty_high_s64,30007,n2-pair3,pair,249,0,127
burst_aware,bursty_high_s64,30007,n3-pair0,pair,357,0,128
burst_aware,bursty_high_s64,30007,n3-pair1,pair,354,0,125
burst_aware,bursty_high_s64,30007,n3-pair2,pair,360,0,124
burst_aware,bursty_high_s64,30007,n3-pair3,pair,355,0,126
burst_aware,bursty_high_s64,30007,node0,node,446,0,33
burst_aware,bursty_high_s64,30007,node1,node,449,0,36
burst_aware,bursty_high_s64,30007,node2,node,419,0,37
burst_aware,bursty_high_s64,30007,node3,node,452,0,40
burst_aware,bursty_high_s64,30007,onehop0,onehop,147,0,14
burst_aware,bursty_high_s64,30007,onehop1,onehop,152,144,1
burst_aware,bursty_high_s64,30007,onehop2,onehop,143,127,2
burst_aware,bursty_high_s64,30007,onehop3,onehop,152,144,1
burst_aware,bursty_high_s64,30007,machine0,machine,105,0,7
burst_aware,bursty_high_s64,30007,machine1,machine,112,112,0
burst_aware,bursty_high_s64,30007,machine2,machine,112,104,1
burst_aware,bursty_high_s64,30007,machine3,machine,112,104,1
burst_aware,bursty_high_s64,30008,n0-pair0,pair,242,0,119
burst_aware,bursty_high_s64,30008,n0-pair1,pair,362,0,124
burst_aware,bursty_high_s64,30008,n0-pair2,pair,357,0,125
burst_aware,bursty_high_s64,30008,n0-pair3,pair,357,0,121
burst_aware,bursty_high_s64,30008,n1-pair0,pair,361,0,123
burst_aware,bursty_high_s64,30008,n1-pair1,pair,366,0,128
burst_aware,bursty_high_s64,30008,n1-pair2,pair,364,0,126
burst_aware,bursty_high_s64,30008,n1-pair3,pair,367,0,129
burst_aware,bursty_high_s64,30008,n2-pair0,pair,358,0,120
burst_aware,bursty_high_s64,30008,n2-pair1,pair,251,0,128
burst_aware,bursty_high_s64,30008,n2-pair2,pair,362,0,124
burst_aware,bursty_high_s64,30008,n2-pair3,pair,254,0,130
burst_aware,bursty_high_s64,30008,n3-pair0,pair,361,0,128
burst_aware,bursty_high_s64,30008,n3-pair1,pair,354,0,122
burst_aware,bursty_high_s64,30008,n3-pair2,pair,362,0,124
burst_aware,bursty_high_s64,30008,n3-pair3,pair,365,0,127
burst_aware,bursty_high_s64,30008,node0,node,416,0,33
burst_aware,bursty_high_s64,30008,node1,node,453,0,43
burst_aware,bursty_high_s64,30008,node2,node,422,0,39
burst_aware,bursty_high_s64,30008,node3,node,451,0,40
burst_aware,bursty_high_s64,30008,onehop0,onehop,145,0,12
burst_aware,bursty_high_s64,30008,onehop1,onehop,152,144,1
burst_aware,bursty_high_s64,30008,onehop2,onehop,152,144,1
burst_aware,bursty_high_s64,30008,onehop3,onehop,152,144,1
burst_aware,bursty_high_s64,30008,machine0,machine,106,0,8
burst_aware,bursty_high_s64,30008,machine1,machine,112,112,0
burst_aware,bursty_high_s64,30008,machine2,machine,112,112,0
burst_aware,bursty_high_s64,30008,machine3,machine,112,112,0
burst_aware,bursty_high_s64,30009,n0-pair0,pair,350,0,118
burst_aware,bursty_high_s64,30009,n0-pair1,pair,356,0,122
burst_aware,bursty_high_s64,30009,n0-pair2,pair,347,0,118
burst_aware,bursty_high_s64,30009,n0-pair3,pair,356,0,121
burst_aware,bursty_high_s64,30009,n1-pair0,pair,355,0,120
burst_aware,bursty_high_s64,30009,n1-pair1,pair,362,0,127
burst_aware,bursty_high_s64,30009,n1-pair2,pair,356,0,121
burst_aware,bursty_high_s64,30009,n1-pair3,pair,351,0,123
burst_aware,bursty_high_s64,30009,n2-pair0,pair,355,0,120
burst_aware,bursty_high_s64,30009,n2-pair1,pair,245,0,125
burst_aware,bursty_high_s64,30009,n2-pair2,pair,358,0,126
burst_aware,bursty_high_s64,30009,n2-pair3,pair,249,0,128
burst_aware,bursty_high_s64,30009,n3-pair0,pair,354,0,119
burst_aware,bursty_high_s64,30009,n3-pair1,pair,365,0,130
burst_aware,bursty_high_s64,30009,n3-pair2,pair,356,0,126
burst_aware,bursty_high_s64,30009,n3-pair3,pair,357,0,128
burst_aware,bursty_high_s64,30009,node0,node,437,0,33
burst_aware,bursty_high_s64,30009,node1,node,444,0,39
burst_aware,bursty_high_s64,30009,node2,node,415,0,37
burst_aware,bursty_high_s64,30009,node3,node,445,0,39
burst_aware,bursty_high_s64,30009,onehop0,onehop,146,0,13
burst_aware,bursty_high_s64,30009,onehop1,onehop,152,144,1
burst_aware,bursty_high_s64,30009,onehop2,onehop,143,127,2
burst_aware,bursty_high_s64,30009,onehop3,onehop,152,144,1
burst_aware,bursty_high_s64,30009,machine0,machine,107,0,9
burst_aware,bursty_high_s64,30009,machine1,machine,112,104,1
burst_aware,bursty_high_s64,30009,machine2,machine,112,104,1
burst_aware,bursty_high_s64,30009,machine3,machine,112,112,0
