workload,penalty,variant,seed,baseline_p95_wait,variant_p95_wait,baseline_p99_wait,variant_p99_wait,baseline_avg_wait,variant_avg_wait,baseline_avg_slowdown,variant_avg_slowdown,baseline_p95_slowdown,variant_p95_slowdown,baseline_makespan_excess,variant_makespan_excess,baseline_sched_cores_scanned,variant_sched_cores_scanned,baseline_burst_balance_levels_walked,variant_burst_balance_levels_walked,baseline_total_migrations,variant_total_migrations,detector_fires,recall,precision
rate3.0_s12,0.0,selected_gated,81500,13.466666666666924,10.666666666667197,16.466666666666697,15.266666666667106,5.715000000000206,4.195000000000173,1.8101376665797677,1.7260212143373719,3.5022222222221973,2.60740740740736,17.73333333333312,12.733333333332553,42727,43016,0,40,187,206,44,1.0,1.0
rate3.0_s12,0.0,selected_gated,81501,12.866666666666902,11.000000000000028,13.466666666666647,14.80000000000004,5.275000000000073,4.200000000000146,1.8044189434448965,1.7696655297327941,3.0499999999999545,3.0000000000000115,14.399999999999068,11.199999999999477,42926,42851,0,40,213,209,44,1.0,1.0
rate3.0_s12,0.0,selected_gated,81502,14.466666666667379,10.066666666666777,17.86666666666696,11.466666666667038,6.473333333333466,4.061666666666871,1.9586872150597372,1.7776319600779302,3.566666666666684,3.133333333333331,22.533333333331598,18.733333333332894,43146,42879,0,40,240,216,42,1.0,1.0
rate3.0_s12,0.0,selected_gated,81503,12.333333333333712,11.133333333333894,13.666666666666742,13.000000000000227,5.520000000000208,4.278333333333458,1.8061451267868038,1.8795212037293452,3.108333333333343,3.07619047619048,19.73333333333244,15.333333333332462,43676,43495,0,40,218,233,48,1.0,1.0
rate3.0_s12,0.0,selected_gated,81504,12.666666666666572,9.733333333333974,17.933333333333792,12.866666666667186,5.821666666666806,4.166666666666799,1.883860732531648,1.835031549355007,3.213333333333446,3.066666666666697,14.266666666664946,9.466666666666015,42722,42858,0,40,228,234,47,1.0,1.0
rate3.0_s12,0.0,selected_gated,81505,12.666666666666664,10.066666666666038,19.000000000000057,13.400000000000375,5.758333333333401,4.341666666666773,1.899751826657742,1.785176270361243,3.476190476190498,3.216666666666665,10.13333333333253,7.933333333332143,42103,42459,0,40,204,230,48,1.0,1.0
rate3.0_s12,0.0,selected_gated,81506,13.799999999999976,10.60000000000008,16.199999999999875,12.799999999999976,5.6800000000001285,3.9133333333335036,1.8199390355832137,1.7062010937283374,2.9272727272727264,2.839999999999975,11.199999999997885,7.599999999999341,42408,43301,0,40,199,223,44,1.0,1.0
rate3.0_s12,0.0,selected_gated,81507,14.533333333333246,10.39999999999992,19.266666666666694,11.800000000000637,6.2400000000001805,3.9966666666668846,1.9816611576523269,1.7776301213749028,3.611111111111119,3.0296296296296026,17.933333333332826,27.33333333333246,42738,43514,0,40,205,199,36,1.0,1.0
rate3.0_s12,0.0,selected_gated,81508,12.6666666666668,10.666666666666288,20.933333333333294,14.133333333333553,5.360000000000203,4.245000000000232,1.887233800714894,1.8505073086000465,3.666666666666657,3.390476190476203,6.733333333332553,14.733333333331757,42511,43392,0,40,207,203,37,1.0,1.0
rate3.0_s12,0.0,selected_gated,81509,13.400000000000261,10.066666666667118,15.866666666666958,13.133333333333894,5.360000000000186,4.283333333333515,1.7469725533121725,1.7995631443973072,2.9199999999999706,2.7333333333333485,10.333333333331893,21.93333333333237,42285,43310,0,40,213,214,39,1.0,1.0
rate3.0_s12,0.0,selected_gated,81510,13.466666666666647,12.53333333333336,18.666666666666657,16.73333333333335,6.33333333333346,5.021666666666832,1.883987676165315,1.8013256634525754,3.1222222222222626,3.177777777777789,19.933333333332598,21.533333333331484,42391,43575,0,40,211,228,50,1.0,1.0
rate3.0_s12,0.0,selected_gated,81511,14.133333333333319,11.0,17.266666666667447,14.999999999999886,5.965000000000213,4.196666666666899,1.9229688800722358,1.785449040013757,3.5047619047619327,3.140740740740741,18.46666666666613,15.466666666666129,42631,43094,0,40,214,200,39,1.0,1.0
rate3.0_s12,0.0,selected_gated,81512,15.866666666666646,10.866666666666617,19.26666666666665,13.000000000000114,6.996666666666836,3.958333333333535,2.1278259023949997,1.7433697567698396,3.9636363636363607,2.7538461538460544,16.13333333333287,4.933333333333394,42017,42273,0,40,201,198,45,1.0,1.0
rate3.0_s12,0.0,selected_gated,81513,14.333333333333329,9.466666666666661,21.733333333333377,13.800000000000296,6.386666666666898,3.7400000000001663,1.9069057025446234,1.5969535403880097,3.3999999999999977,2.7166666666666757,24.066666666665697,11.866666666665992,42498,43663,0,40,211,209,44,1.0,1.0
rate3.0_s12,0.0,selected_gated,81514,14.999999999999659,11.933333333332826,16.866666666666788,21.19999999999996,5.706666666666745,4.3783333333334244,1.8347626048224197,1.8206570064515157,3.460606060606045,3.506666666666669,22.733333333331302,26.933333333331007,42507,43461,0,40,198,210,44,1.0,1.0
rate3.0_s12,0.0,selected_gated,81515,14.80000000000004,11.333333333333314,22.066666666666634,14.466666666666654,5.9883333333334745,4.176666666666895,1.899639567118441,1.7183528557464556,3.613333333333401,2.813333333333378,25.933333333332484,12.533333333332621,43284,43267,0,40,202,205,32,1.0,1.0
rate3.0_s12,0.0,selected_gated,81516,12.66666666666665,10.66666666666665,16.79999999999987,12.666666666666487,5.531666666666799,4.195000000000129,1.7029595358247147,1.6879872292130849,2.7377777777777745,2.7515151515151577,47.533333333331825,34.93333333333226,44693,44183,0,40,219,210,41,1.0,1.0
rate3.0_s12,0.0,selected_gated,81517,13.933333333333366,11.333333333333286,18.133333333333212,14.133333333333326,5.873333333333572,4.313333333333511,1.8630878180719084,1.6958989923182088,3.622222222222277,2.90370370370369,26.4666666666659,5.866666666665651,42823,42301,0,40,205,232,44,1.0,1.0
rate3.0_s12,0.0,selected_gated,81518,14.0,12.799999999999926,16.600000000000136,15.466666666666754,6.616666666666879,4.515000000000181,1.9504944678404716,1.8483579701963724,3.733333333333377,3.293333333333339,12.066666666665924,15.266666666665401,42685,43101,0,40,211,211,44,1.0,1.0
rate3.0_s12,0.0,selected_gated,81519,15.266666666666538,10.199999999999875,16.666666666666856,12.799999999999926,6.5900000000001935,3.948333333333547,1.9523828179994218,1.768058996571807,3.4313725490196467,2.6888888888889633,15.066666666666038,19.266666666664833,43336,43672,0,40,222,216,41,1.0,1.0
rate3.0_s12,0.0,selected_gated,81520,14.0,10.333333333333314,22.066666666666706,14.466666666666583,6.066666666666801,4.530000000000148,1.8819579856649042,1.8313168119230008,3.75,3.266666666666822,26.93333333333169,22.733333333331643,43248,43627,0,40,232,220,47,1.0,1.0
rate3.0_s12,0.0,selected_gated,81521,12.133333333333304,9.133333333333326,14.73333333333332,12.00000000000017,5.835000000000202,4.0816666666669,1.8584624965198728,1.8200527998275104,3.655555555555548,2.8238095238095906,20.266666666665515,7.8666666666662195,42738,43136,0,40,215,237,47,1.0,1.0
rate3.0_s12,0.0,selected_gated,81522,12.46666666666681,8.73333333333349,17.39999999999995,13.666666666666742,5.725000000000177,3.4333333333335188,1.8909406690755566,1.7045714712735724,3.0238095238095286,2.8102564102563994,27.599999999999227,19.599999999999568,43063,42676,0,40,216,204,35,1.0,1.0
rate3.0_s12,0.0,selected_gated,81523,13.333333333333542,9.999999999999979,16.000000000000284,13.799999999999983,5.676666666666846,3.6600000000002257,1.8659658556321645,1.6217957040675424,3.1377777777777776,2.594871794871809,13.799999999999613,4.999999999999886,42325,43205,0,40,218,214,39,1.0,1.0
rate3.0_s12,0.0,selected_gated,81524,14.333333333333314,10.800000000000239,18.533333333333815,12.800000000000182,6.040000000000138,4.403333333333505,1.9258576943293921,1.7374509812708199,3.6277777777777893,2.9000000000000057,23.533333333332507,20.933333333332826,42639,43231,0,40,198,205,41,1.0,1.0
rate3.0_s12,0.0,selected_gated,81525,14.466666666667095,9.133333333333837,16.466666666666683,11.000000000000227,5.906666666666809,4.006666666666859,2.020909911884393,1.7519071723818709,3.800000000000068,2.599999999999999,28.733333333330847,20.533333333332394,43437,43728,0,40,201,237,47,1.0,1.0
rate3.0_s12,0.0,selected_gated,81526,15.466666666667322,11.666666666667084,27.999999999999773,15.133333333333368,6.555000000000189,4.188333333333586,1.929089106481341,1.7260237965853829,3.5,2.800000000000027,17.533333333332394,7.733333333332553,43067,43388,0,40,207,214,42,1.0,1.0
rate3.0_s12,0.0,selected_gated,81527,13.466666666666647,11.266666666666083,16.133333333333354,15.000000000000227,6.050000000000229,4.756666666666873,1.9628698781275724,1.7936449841784214,3.8787878787879064,3.122222222222272,34.0666666666657,22.466666666665446,42894,43305,0,40,200,226,41,1.0,1.0
rate3.0_s12,0.0,selected_gated,81528,13.000000000000114,10.733333333333746,14.933333333333337,15.466666666667322,5.641666666666868,3.98666666666691,1.8296603764698018,1.7895620771671419,3.0051282051282047,2.833333333333331,12.399999999999864,11.599999999999795,42212,43097,0,40,215,213,35,1.0,1.0
rate3.0_s12,0.0,selected_gated,81529,15.133333333333155,9.066666666667174,21.733333333333206,13.466666666666697,6.180000000000195,4.005000000000208,2.131659839276915,1.8847698945062312,4.6333333333333115,3.333333333333346,11.866666666666106,3.2666666666663104,42373,42896,0,40,207,217,41,1.0,1.0
rate3.0_s12,0.0,selected_ungated,81500,13.466666666666924,11.333333333333321,16.466666666666697,14.999999999999886,5.715000000000206,4.478333333333542,1.8101376665797677,1.754764880659151,3.5022222222221973,2.7076923076923176,17.73333333333312,21.933333333332826,42727,44197,0,40,187,217,47,1.0,1.0
rate3.0_s12,0.0,selected_ungated,81501,12.866666666666902,12.000000000000625,13.466666666666647,14.80000000000004,5.275000000000073,4.6633333333334654,1.8044189434448965,1.7571008248623763,3.0499999999999545,2.8,14.399999999999068,17.999999999999318,42926,44327,0,40,213,226,45,1.0,1.0
rate3.0_s12,0.0,selected_ungated,81502,14.466666666667379,11.200000000000102,17.86666666666696,14.800000000000182,6.473333333333466,3.9616666666668454,1.9586872150597372,1.7501228034219514,3.566666666666684,3.0933333333333364,22.533333333331598,26.533333333332735,43146,44354,0,40,240,191,39,1.0,1.0
rate3.0_s12,0.0,selected_ungated,81503,12.333333333333712,12.466666666666711,13.666666666666742,16.33333333333411,5.520000000000208,4.86833333333351,1.8061451267868038,1.868142845043217,3.108333333333343,3.32499999999996,19.73333333333244,18.133333333332416,43676,44585,0,40,218,198,41,1.0,1.0
rate3.0_s12,0.0,selected_ungated,81504,12.666666666666572,10.333333333333258,17.933333333333792,17.99999999999997,5.821666666666806,4.186666666666808,1.883860732531648,1.7627379575061348,3.213333333333446,2.952380952380959,14.266666666664946,13.266666666665628,42722,43900,0,40,228,196,41,1.0,1.0
rate3.0_s12,0.0,selected_ungated,81505,12.666666666666664,9.333333333333371,19.000000000000057,12.333333333333258,5.758333333333401,4.008333333333467,1.899751826657742,1.7139320519333243,3.476190476190498,2.9200000000000728,10.13333333333253,6.133333333332644,42103,43175,0,40,204,209,47,1.0,1.0
rate3.0_s12,0.0,selected_ungated,81506,13.799999999999976,14.133333333332644,16.199999999999875,19.73333333333332,5.6800000000001285,5.2116666666668126,1.8199390355832137,1.8827204661663122,2.9272727272727264,3.539393939393945,11.199999999997885,13.199999999998568,42408,43257,0,40,199,202,41,1.0,1.0
rate3.0_s12,0.0,selected_ungated,81507,14.533333333333246,12.000000000000114,19.266666666666694,14.73333333333386,6.2400000000001805,4.750000000000215,1.9816611576523269,1.9707857236313757,3.611111111111119,3.738461538461514,17.933333333332826,31.133333333332644,42738,44170,0,40,205,193,45,1.0,1.0
rate3.0_s12,0.0,selected_ungated,81508,12.6666666666668,10.333333333333144,20.933333333333294,14.133333333333553,5.360000000000203,4.446666666666889,1.887233800714894,1.8910570361442238,3.666666666666657,3.4166666666666607,6.733333333332553,17.533333333332394,42511,43983,0,40,207,199,40,1.0,1.0
rate3.0_s12,0.0,selected_ungated,81509,13.400000000000261,13.000000000000682,15.866666666666958,21.40000000000032,5.360000000000186,5.458333333333513,1.7469725533121725,1.8029807233949284,2.9199999999999706,3.075000000000067,10.333333333331893,14.33333333333212,42285,43459,0,40,213,212,50,1.0,1.0
rate3.0_s12,0.0,selected_ungated,81510,13.466666666666647,9.999999999999979,18.666666666666657,11.999999999999915,6.33333333333346,3.8266666666668243,1.883987676165315,1.7089657945658085,3.1222222222222626,2.5688888888889134,19.933333333332598,13.733333333332666,42391,43227,0,40,211,194,39,1.0,1.0
rate3.0_s12,0.0,selected_ungated,81511,14.133333333333319,10.466666666666647,17.266666666667447,13.466666666666626,5.965000000000213,3.9183333333335573,1.9229688800722358,1.7523305673956382,3.5047619047619327,2.9111111111111425,18.46666666666613,11.066666666666492,42631,43742,0,40,214,193,40,1.0,1.0
rate3.0_s12,0.0,selected_ungated,81512,15.866666666666646,10.533333333333758,19.26666666666665,13.000000000000114,6.996666666666836,4.290000000000192,2.1278259023949997,1.8187825702497238,3.9636363636363607,3.1416666666666586,16.13333333333287,13.533333333332848,42017,43377,0,40,201,203,45,1.0,1.0
rate3.0_s12,0.0,selected_ungated,81513,14.333333333333329,10.80000000000075,21.733333333333377,15.466666666667322,6.386666666666898,4.511666666666857,1.9069057025446234,1.840062535631433,3.3999999999999977,3.0666666666666793,24.066666666665697,36.666666666665606,42498,44578,0,40,211,196,40,1.0,1.0
rate3.0_s12,0.0,selected_ungated,81514,14.999999999999659,11.866666666666475,16.866666666666788,21.19999999999996,5.706666666666745,4.826666666666777,1.8347626048224197,1.8492859523694678,3.460606060606045,3.386666666666662,22.733333333331302,27.933333333331348,42507,44616,0,40,198,214,47,1.0,1.0
rate3.0_s12,0.0,selected_ungated,81515,14.80000000000004,12.333333333333712,22.066666666666634,15.866666666666731,5.9883333333334745,4.625000000000177,1.899639567118441,1.8259618678495089,3.613333333333401,3.0518518518518487,25.933333333332484,9.333333333331893,43284,44035,0,40,202,191,38,1.0,1.0
rate3.0_s12,0.0,selected_ungated,81516,12.66666666666665,10.333333333333144,16.79999999999987,12.46666666666664,5.531666666666799,3.9733333333334686,1.7029595358247147,1.5729449226915206,2.7377777777777745,2.5444444444444456,47.533333333331825,12.333333333332689,44693,43987,0,40,219,200,41,1.0,1.0
rate3.0_s12,0.0,selected_ungated,81517,13.933333333333366,12.000000000000028,18.133333333333212,16.40000000000049,5.873333333333572,4.803333333333502,1.8630878180719084,1.8030608800649923,3.622222222222277,2.777777777777783,26.4666666666659,15.466666666665446,42823,43532,0,40,205,210,47,1.0,1.0
rate3.0_s12,0.0,selected_ungated,81518,14.0,15.266666666666723,16.600000000000136,17.73333333333386,6.616666666666879,5.648333333333477,1.9504944678404716,2.0153355910388653,3.733333333333377,4.00000000000004,12.066666666665924,16.466666666665787,42685,44193,0,40,211,204,47,1.0,1.0
rate3.0_s12,0.0,selected_ungated,81519,15.266666666666538,13.133333333333837,16.666666666666856,16.06666666666723,6.5900000000001935,4.565000000000196,1.9523828179994218,1.8303431302546247,3.4313725490196467,3.100000000000051,15.066666666666038,18.26666666666597,43336,43593,0,40,222,195,41,1.0,1.0
rate3.0_s12,0.0,selected_ungated,81520,14.0,12.000000000000028,22.066666666666706,20.399999999999977,6.066666666666801,4.518333333333382,1.8819579856649042,1.7863981976428747,3.75,2.980952380952392,26.93333333333169,18.133333333331848,43248,43768,0,40,232,192,36,1.0,1.0
rate3.0_s12,0.0,selected_ungated,81521,12.133333333333304,10.333333333333258,14.73333333333332,16.333333333333712,5.835000000000202,4.703333333333544,1.8584624965198728,1.9130026898401888,3.655555555555548,3.8916666666666657,20.266666666665515,10.866666666665992,42738,43779,0,40,215,206,44,1.0,1.0
rate3.0_s12,0.0,selected_ungated,81522,12.46666666666681,10.333333333333258,17.39999999999995,15.133333333333553,5.725000000000177,4.078333333333506,1.8909406690755566,1.7538138867198296,3.0238095238095286,2.839999999999999,27.599999999999227,25.2000000000005,43063,43856,0,40,216,192,37,1.0,1.0
rate3.0_s12,0.0,selected_ungated,81523,13.333333333333542,11.13333333333324,16.000000000000284,17.80000000000024,5.676666666666846,4.15333333333355,1.8659658556321645,1.7313239344482172,3.1377777777777776,2.6307692307692516,13.799999999999613,14.999999999999318,42325,44035,0,40,218,222,47,1.0,1.0
rate3.0_s12,0.0,selected_ungated,81524,14.333333333333314,11.066666666666606,18.533333333333815,14.666666666666657,6.040000000000138,4.626666666666825,1.9258576943293921,1.807895380139508,3.6277777777777893,2.95833333333335,23.533333333332507,22.13333333333287,42639,43807,0,40,198,204,44,1.0,1.0
rate3.0_s12,0.0,selected_ungated,81525,14.466666666667095,12.000000000000398,16.466666666666683,17.266666666666822,5.906666666666809,4.708333333333556,2.020909911884393,1.9169669378342653,3.800000000000068,3.2999999999999687,28.733333333330847,23.933333333332257,43437,44378,0,40,201,195,44,1.0,1.0
rate3.0_s12,0.0,selected_ungated,81526,15.466666666667322,14.799999999999955,27.999999999999773,17.266666666667163,6.555000000000189,4.778333333333517,1.929089106481341,1.788766139566202,3.5,3.3333333333333193,17.533333333332394,29.533333333332166,43067,44719,0,40,207,196,44,1.0,1.0
rate3.0_s12,0.0,selected_ungated,81527,13.466666666666647,12.466666666666868,16.133333333333354,17.7333333333333,6.050000000000229,4.363333333333535,1.9628698781275724,1.8202241505256707,3.8787878787879064,3.122222222222272,34.0666666666657,25.666666666665833,42894,44330,0,40,200,196,38,1.0,1.0
rate3.0_s12,0.0,selected_ungated,81528,13.000000000000114,13.000000000000114,14.933333333333337,17.06666666666723,5.641666666666868,5.051666666666906,1.8296603764698018,1.9036073385178993,3.0051282051282047,3.2777777777777737,12.399999999999864,17.59999999999991,42212,43499,0,40,215,197,44,1.0,1.0
rate3.0_s12,0.0,selected_ungated,81529,15.133333333333155,11.33333333333377,21.733333333333206,14.866666666667015,6.180000000000195,4.105000000000188,2.131659839276915,1.803639234608837,4.6333333333333115,3.1666666666666514,11.866666666666106,13.466666666666356,42373,43930,0,40,207,208,42,1.0,1.0
rate3.0_s12,0.0,original_q2_a0.8_or_ungated,81500,13.466666666666924,16.73333333333342,16.466666666666697,28.400000000000148,5.715000000000206,5.476666666666874,1.8101376665797677,1.840846136687959,3.5022222222221973,3.511111111111101,17.73333333333312,25.933333333331234,42727,45037,0,40,187,181,92,1.0,1.0
rate3.0_s12,0.0,original_q2_a0.8_or_ungated,81501,12.866666666666902,12.733333333333292,13.466666666666647,14.733333333333348,5.275000000000073,4.720000000000092,1.8044189434448965,1.8484667830020756,3.0499999999999545,3.1999999999999034,14.399999999999068,12.399999999999636,42926,43808,0,40,213,185,92,1.0,1.0
rate3.0_s12,0.0,original_q2_a0.8_or_ungated,81502,14.466666666667379,14.066666666666663,17.86666666666696,17.866666666667243,6.473333333333466,5.5483333333335425,1.9586872150597372,1.8839399560134573,3.566666666666684,3.466666666666666,22.533333333331598,30.33333333333246,43146,44716,0,40,240,195,92,1.0,1.0
rate3.0_s12,0.0,original_q2_a0.8_or_ungated,81503,12.333333333333712,12.999999999999886,13.666666666666742,16.26666666666651,5.520000000000208,4.7033333333335285,1.8061451267868038,1.8021610337035374,3.108333333333343,3.1999999999999744,19.73333333333244,22.533333333332507,43676,44887,0,40,218,179,92,1.0,1.0
rate3.0_s12,0.0,original_q2_a0.8_or_ungated,81504,12.666666666666572,12.6666666666668,17.933333333333792,14.666666666666288,5.821666666666806,5.376666666666813,1.883860732531648,1.8716798097809373,3.213333333333446,3.685714285714344,14.266666666664946,13.066666666665924,42722,43761,0,40,228,196,92,1.0,1.0
rate3.0_s12,0.0,original_q2_a0.8_or_ungated,81505,12.666666666666664,14.000000000000284,19.000000000000057,23.866666666666703,5.758333333333401,5.430000000000152,1.899751826657742,1.85289573926611,3.476190476190498,3.5166666666668505,10.13333333333253,12.13333333333253,42103,43795,0,40,204,200,92,1.0,1.0
rate3.0_s12,0.0,original_q2_a0.8_or_ungated,81506,13.799999999999976,14.866666666665765,16.199999999999875,20.666666666666686,5.6800000000001285,5.886666666666785,1.8199390355832137,1.9244953999019112,2.9272727272727264,3.455555555555563,11.199999999997885,19.799999999998363,42408,44709,0,40,199,183,92,1.0,1.0
rate3.0_s12,0.0,original_q2_a0.8_or_ungated,81507,14.533333333333246,13.733333333333348,19.266666666666694,21.200000000000728,6.2400000000001805,5.09833333333354,1.9816611576523269,1.840387682692899,3.611111111111119,3.108333333333338,17.933333333332826,14.533333333332848,42738,44003,0,40,205,185,92,1.0,1.0
rate3.0_s12,0.0,original_q2_a0.8_or_ungated,81508,12.6666666666668,13.13333333333334,20.933333333333294,16.266666666666794,5.360000000000203,5.350000000000223,1.887233800714894,1.8929298804548653,3.666666666666657,3.6666666666666714,6.733333333332553,4.733333333332325,42511,43627,0,40,207,185,92,1.0,1.0
rate3.0_s12,0.0,original_q2_a0.8_or_ungated,81509,13.400000000000261,12.066666666667288,15.866666666666958,16.26666666666671,5.360000000000186,4.796666666666831,1.7469725533121725,1.6516203550263728,2.9199999999999706,2.456000000000031,10.333333333331893,4.933333333332371,42285,43478,0,40,213,199,92,1.0,1.0
rate3.0_s12,0.0,original_q2_a0.8_or_ungated,81510,13.466666666666647,15.800000000000864,18.666666666666657,27.200000000000017,6.33333333333346,5.716666666666885,1.883987676165315,1.808792315268899,3.1222222222222626,3.283333333333328,19.933333333332598,17.333333333331893,42391,43897,0,40,211,196,92,1.0,1.0
rate3.0_s12,0.0,original_q2_a0.8_or_ungated,81511,14.133333333333319,13.600000000000037,17.266666666667447,19.066666666666634,5.965000000000213,4.900000000000228,1.9229688800722358,1.8754402181192702,3.5047619047619327,3.5047619047619087,18.46666666666613,26.86666666666622,42631,44368,0,40,214,180,92,1.0,1.0
rate3.0_s12,0.0,original_q2_a0.8_or_ungated,81512,15.866666666666646,12.000000000000114,19.26666666666665,18.26666666666688,6.996666666666836,4.688333333333512,2.1278259023949997,1.8615619813605002,3.9636363636363607,3.8666666666667004,16.13333333333287,15.333333333332803,42017,43654,0,40,201,186,92,1.0,1.0
rate3.0_s12,0.0,original_q2_a0.8_or_ungated,81513,14.333333333333329,15.733333333333235,21.733333333333377,28.333333333333314,6.386666666666898,5.506666666666892,1.9069057025446234,1.7358476170258232,3.3999999999999977,2.8549019607843227,24.066666666665697,13.466666666666015,42498,44360,0,40,211,221,92,1.0,1.0
rate3.0_s12,0.0,original_q2_a0.8_or_ungated,81514,14.999999999999659,11.733333333333377,16.866666666666788,22.26666666666663,5.706666666666745,4.543333333333422,1.8347626048224197,1.8102293666388165,3.460606060606045,3.888888888888895,22.733333333331302,9.333333333331552,42507,42719,0,40,198,196,92,1.0,1.0
rate3.0_s12,0.0,original_q2_a0.8_or_ungated,81515,14.80000000000004,12.333333333333286,22.066666666666634,20.466666666667436,5.9883333333334745,5.446666666666812,1.899639567118441,1.8225925649082357,3.613333333333401,3.233333333333327,25.933333333332484,19.733333333332325,43284,44603,0,40,202,200,92,1.0,1.0
rate3.0_s12,0.0,original_q2_a0.8_or_ungated,81516,12.66666666666665,12.66666666666665,16.79999999999987,18.533333333333346,5.531666666666799,4.8533333333334925,1.7029595358247147,1.6964276372411609,2.7377777777777745,2.595833333333335,47.533333333331825,17.33333333333212,44693,44331,0,40,219,194,92,1.0,1.0
rate3.0_s12,0.0,original_q2_a0.8_or_ungated,81517,13.933333333333366,13.200000000001125,18.133333333333212,17.3333333333334,5.873333333333572,4.880000000000183,1.8630878180719084,1.887942522505824,3.622222222222277,3.313333333333361,26.4666666666659,19.466666666666015,42823,43735,0,40,205,180,92,1.0,1.0
rate3.0_s12,0.0,original_q2_a0.8_or_ungated,81518,14.0,13.600000000000705,16.600000000000136,22.53333333333339,6.616666666666879,5.185000000000193,1.9504944678404716,1.8848605610759883,3.733333333333377,3.5333333333333314,12.066666666665924,12.066666666666151,42685,43930,0,40,211,187,91,1.0,1.0
rate3.0_s12,0.0,original_q2_a0.8_or_ungated,81519,15.266666666666538,11.666666666667481,16.666666666666856,15.866666666666788,6.5900000000001935,5.086666666666864,1.9523828179994218,1.8164083513555511,3.4313725490196467,3.1500000000000625,15.066666666666038,16.866666666665992,43336,44157,0,40,222,194,92,1.0,1.0
rate3.0_s12,0.0,original_q2_a0.8_or_ungated,81520,14.0,13.400000000000887,22.066666666666706,21.266666666666538,6.066666666666801,5.20500000000009,1.8819579856649042,1.9522698929660869,3.75,4.209523809523814,26.93333333333169,29.533333333332735,43248,44915,0,40,232,181,92,1.0,1.0
rate3.0_s12,0.0,original_q2_a0.8_or_ungated,81521,12.133333333333304,16.53333333333353,14.73333333333332,24.133333333333354,5.835000000000202,5.738333333333556,1.8584624965198728,1.8709564260029916,3.655555555555548,3.5076923076923268,20.266666666665515,11.266666666666424,42738,43985,0,40,215,192,92,1.0,1.0
rate3.0_s12,0.0,original_q2_a0.8_or_ungated,81522,12.46666666666681,11.200000000000045,17.39999999999995,17.3333333333334,5.725000000000177,4.623333333333521,1.8909406690755566,1.7930861400690363,3.0238095238095286,3.2333333333333365,27.599999999999227,18.199999999999477,43063,43834,0,40,216,190,92,1.0,1.0
rate3.0_s12,0.0,original_q2_a0.8_or_ungated,81523,13.333333333333542,11.800000000000296,16.000000000000284,13.933333333333621,5.676666666666846,4.400000000000186,1.8659658556321645,1.739751306708644,3.1377777777777776,2.7333333333333085,13.799999999999613,20.399999999999295,42325,44376,0,40,218,198,92,1.0,1.0
rate3.0_s12,0.0,original_q2_a0.8_or_ungated,81524,14.333333333333314,15.53333333333353,18.533333333333815,29.333333333333428,6.040000000000138,6.388333333333497,1.9258576943293921,1.8649661272904678,3.6277777777777893,3.533333333333374,23.533333333332507,18.933333333332826,42639,44564,0,40,198,199,92,1.0,1.0
rate3.0_s12,0.0,original_q2_a0.8_or_ungated,81525,14.466666666667095,11.06666666666652,16.466666666666683,16.60000000000008,5.906666666666809,4.3950000000002385,2.020909911884393,1.8720213398350467,3.800000000000068,3.5428571428571525,28.733333333330847,42.73333333333244,43437,45447,0,40,201,185,91,1.0,1.0
rate3.0_s12,0.0,original_q2_a0.8_or_ungated,81526,15.466666666667322,13.800000000000125,27.999999999999773,21.799999999999613,6.555000000000189,5.23166666666687,1.929089106481341,1.8264395802451894,3.5,3.282051282051244,17.533333333332394,19.333333333332234,43067,44746,0,40,207,202,92,1.0,1.0
rate3.0_s12,0.0,original_q2_a0.8_or_ungated,81527,13.466666666666647,13.466666666666612,16.133333333333354,16.40000000000066,6.050000000000229,4.928333333333564,1.9628698781275724,1.837951267229978,3.8787878787879064,3.0111111111112527,34.0666666666657,20.26666666666563,42894,44350,0,40,200,181,92,1.0,1.0
rate3.0_s12,0.0,original_q2_a0.8_or_ungated,81528,13.000000000000114,14.000000000000966,14.933333333333337,21.733333333333377,5.641666666666868,5.135000000000221,1.8296603764698018,1.7813841916202278,3.0051282051282047,3.299999999999997,12.399999999999864,9.999999999999659,42212,44400,0,40,215,211,92,1.0,1.0
rate3.0_s12,0.0,original_q2_a0.8_or_ungated,81529,15.133333333333155,13.066666666666606,21.733333333333206,15.66666666666697,6.180000000000195,4.6000000000001835,2.131659839276915,1.7718915387818837,4.6333333333333115,3.0500000000000114,11.866666666666106,13.266666666666538,42373,44124,0,40,207,202,92,1.0,1.0
rate3.0_s12,0.0,runner_up_ungated,81500,13.466666666666924,11.333333333333321,16.466666666666697,14.999999999999886,5.715000000000206,4.478333333333542,1.8101376665797677,1.754764880659151,3.5022222222221973,2.7076923076923176,17.73333333333312,21.933333333332826,42727,44197,0,40,187,217,50,1.0,1.0
rate3.0_s12,0.0,runner_up_ungated,81501,12.866666666666902,12.000000000000625,13.466666666666647,14.80000000000004,5.275000000000073,4.6633333333334654,1.8044189434448965,1.7571008248623763,3.0499999999999545,2.8,14.399999999999068,17.999999999999318,42926,44327,0,40,213,226,50,1.0,1.0
rate3.0_s12,0.0,runner_up_ungated,81502,14.466666666667379,11.200000000000102,17.86666666666696,14.800000000000182,6.473333333333466,3.9616666666668454,1.9586872150597372,1.7501228034219514,3.566666666666684,3.0933333333333364,22.533333333331598,26.533333333332735,43146,44354,0,40,240,191,47,1.0,1.0
rate3.0_s12,0.0,runner_up_ungated,81503,12.333333333333712,12.466666666666711,13.666666666666742,16.33333333333411,5.520000000000208,4.86833333333351,1.8061451267868038,1.868142845043217,3.108333333333343,3.32499999999996,19.73333333333244,18.133333333332416,43676,44585,0,40,218,198,50,1.0,1.0
rate3.0_s12,0.0,runner_up_ungated,81504,12.666666666666572,10.333333333333258,17.933333333333792,17.99999999999997,5.821666666666806,4.186666666666808,1.883860732531648,1.7627379575061348,3.213333333333446,2.952380952380959,14.266666666664946,13.266666666665628,42722,43900,0,40,228,196,50,1.0,1.0
rate3.0_s12,0.0,runner_up_ungated,81505,12.666666666666664,9.333333333333371,19.000000000000057,12.333333333333258,5.758333333333401,4.008333333333467,1.899751826657742,1.7139320519333243,3.476190476190498,2.9200000000000728,10.13333333333253,6.133333333332644,42103,43175,0,40,204,209,50,1.0,1.0
rate3.0_s12,0.0,runner_up_ungated,81506,13.799999999999976,14.133333333332644,16.199999999999875,19.73333333333332,5.6800000000001285,5.2116666666668126,1.8199390355832137,1.8827204661663122,2.9272727272727264,3.539393939393945,11.199999999997885,13.199999999998568,42408,43257,0,40,199,202,50,1.0,1.0
rate3.0_s12,0.0,runner_up_ungated,81507,14.533333333333246,12.000000000000114,19.266666666666694,14.73333333333386,6.2400000000001805,4.750000000000215,1.9816611576523269,1.9707857236313757,3.611111111111119,3.738461538461514,17.933333333332826,31.133333333332644,42738,44170,0,40,205,193,50,1.0,1.0
rate3.0_s12,0.0,runner_up_ungated,81508,12.6666666666668,10.333333333333144,20.933333333333294,14.133333333333553,5.360000000000203,4.446666666666889,1.887233800714894,1.8910570361442238,3.666666666666657,3.4166666666666607,6.733333333332553,17.533333333332394,42511,43983,0,40,207,199,50,1.0,1.0
rate3.0_s12,0.0,runner_up_ungated,81509,13.400000000000261,13.000000000000682,15.866666666666958,21.40000000000032,5.360000000000186,5.458333333333513,1.7469725533121725,1.8029807233949284,2.9199999999999706,3.075000000000067,10.333333333331893,14.33333333333212,42285,43459,0,40,213,212,50,1.0,1.0
rate3.0_s12,0.0,runner_up_ungated,81510,13.466666666666647,9.999999999999979,18.666666666666657,11.999999999999915,6.33333333333346,3.8266666666668243,1.883987676165315,1.7089657945658085,3.1222222222222626,2.5688888888889134,19.933333333332598,13.733333333332666,42391,43227,0,40,211,194,50,1.0,1.0
rate3.0_s12,0.0,runner_up_ungated,81511,14.133333333333319,10.466666666666647,17.266666666667447,13.466666666666626,5.965000000000213,3.9183333333335573,1.9229688800722358,1.7523305673956382,3.5047619047619327,2.9111111111111425,18.46666666666613,11.066666666666492,42631,43742,0,40,214,193,50,1.0,1.0
rate3.0_s12,0.0,runner_up_ungated,81512,15.866666666666646,10.533333333333758,19.26666666666665,13.000000000000114,6.996666666666836,4.290000000000192,2.1278259023949997,1.8187825702497238,3.9636363636363607,3.1416666666666586,16.13333333333287,13.533333333332848,42017,43377,0,40,201,203,50,1.0,1.0
rate3.0_s12,0.0,runner_up_ungated,81513,14.333333333333329,11.533333333333758,21.733333333333377,16.600000000000705,6.386666666666898,4.670000000000189,1.9069057025446234,1.8328602212008578,3.3999999999999977,3.0666666666666793,24.066666666665697,25.2666666666654,42498,44307,0,40,211,200,50,1.0,1.0
rate3.0_s12,0.0,runner_up_ungated,81514,14.999999999999659,11.866666666666475,16.866666666666788,21.19999999999996,5.706666666666745,4.826666666666777,1.8347626048224197,1.8492859523694678,3.460606060606045,3.386666666666662,22.733333333331302,27.933333333331348,42507,44616,0,40,198,214,50,1.0,1.0
rate3.0_s12,0.0,runner_up_ungated,81515,14.80000000000004,12.333333333333712,22.066666666666634,15.866666666666731,5.9883333333334745,4.625000000000177,1.899639567118441,1.8259618678495089,3.613333333333401,3.0518518518518487,25.933333333332484,9.333333333331893,43284,44035,0,40,202,191,50,1.0,1.0
rate3.0_s12,0.0,runner_up_ungated,81516,12.66666666666665,10.333333333333144,16.79999999999987,12.46666666666664,5.531666666666799,3.9733333333334686,1.7029595358247147,1.5729449226915206,2.7377777777777745,2.5444444444444456,47.533333333331825,12.333333333332689,44693,43987,0,40,219,200,50,1.0,1.0
rate3.0_s12,0.0,runner_up_ungated,81517,13.933333333333366,12.000000000000028,18.133333333333212,16.40000000000049,5.873333333333572,4.803333333333502,1.8630878180719084,1.8030608800649923,3.622222222222277,2.777777777777783,26.4666666666659,15.466666666665446,42823,43532,0,40,205,210,50,1.0,1.0
rate3.0_s12,0.0,runner_up_ungated,81518,14.0,15.266666666666723,16.600000000000136,17.73333333333386,6.616666666666879,5.648333333333477,1.9504944678404716,2.0153355910388653,3.733333333333377,4.00000000000004,12.066666666665924,16.466666666665787,42685,44193,0,40,211,204,50,1.0,1.0
rate3.0_s12,0.0,runner_up_ungated,81519,15.266666666666538,13.133333333333837,16.666666666666856,16.06666666666723,6.5900000000001935,4.565000000000196,1.9523828179994218,1.8303431302546247,3.4313725490196467,3.100000000000051,15.066666666666038,18.26666666666597,43336,43593,0,40,222,195,50,1.0,1.0
rate3.0_s12,0.0,runner_up_ungated,81520,14.0,12.000000000000028,22.066666666666706,20.399999999999977,6.066666666666801,4.518333333333382,1.8819579856649042,1.7863981976428747,3.75,2.980952380952392,26.93333333333169,18.133333333331848,43248,43768,0,40,232,192,47,1.0,1.0
rate3.0_s12,0.0,runner_up_ungated,81521,12.133333333333304,10.333333333333258,14.73333333333332,16.333333333333712,5.835000000000202,4.703333333333544,1.8584624965198728,1.9130026898401888,3.655555555555548,3.8916666666666657,20.266666666665515,10.866666666665992,42738,43779,0,40,215,206,50,1.0,1.0
rate3.0_s12,0.0,runner_up_ungated,81522,12.46666666666681,10.333333333333258,17.39999999999995,15.133333333333553,5.725000000000177,4.078333333333506,1.8909406690755566,1.7538138867198296,3.0238095238095286,2.839999999999999,27.599999999999227,25.2000000000005,43063,43856,0,40,216,192,47,1.0,1.0
rate3.0_s12,0.0,runner_up_ungated,81523,13.333333333333542,11.13333333333324,16.000000000000284,17.80000000000024,5.676666666666846,4.15333333333355,1.8659658556321645,1.7313239344482172,3.1377777777777776,2.6307692307692516,13.799999999999613,14.999999999999318,42325,44035,0,40,218,222,50,1.0,1.0
rate3.0_s12,0.0,runner_up_ungated,81524,14.333333333333314,11.066666666666606,18.533333333333815,14.666666666666657,6.040000000000138,4.626666666666825,1.9258576943293921,1.807895380139508,3.6277777777777893,2.95833333333335,23.533333333332507,22.13333333333287,42639,43807,0,40,198,204,50,1.0,1.0
rate3.0_s12,0.0,runner_up_ungated,81525,14.466666666667095,12.000000000000398,16.466666666666683,17.266666666666822,5.906666666666809,4.708333333333556,2.020909911884393,1.9169669378342653,3.800000000000068,3.2999999999999687,28.733333333330847,23.933333333332257,43437,44378,0,40,201,195,50,1.0,1.0
rate3.0_s12,0.0,runner_up_ungated,81526,15.466666666667322,14.799999999999955,27.999999999999773,17.266666666667163,6.555000000000189,4.778333333333517,1.929089106481341,1.788766139566202,3.5,3.3333333333333193,17.533333333332394,29.533333333332166,43067,44719,0,40,207,196,50,1.0,1.0
rate3.0_s12,0.0,runner_up_ungated,81527,13.466666666666647,12.466666666666868,16.133333333333354,17.7333333333333,6.050000000000229,4.363333333333535,1.9628698781275724,1.8202241505256707,3.8787878787879064,3.122222222222272,34.0666666666657,25.666666666665833,42894,44330,0,40,200,196,50,1.0,1.0
rate3.0_s12,0.0,runner_up_ungated,81528,13.000000000000114,13.000000000000114,14.933333333333337,17.06666666666723,5.641666666666868,5.051666666666906,1.8296603764698018,1.9036073385178993,3.0051282051282047,3.2777777777777737,12.399999999999864,17.59999999999991,42212,43499,0,40,215,197,50,1.0,1.0
rate3.0_s12,0.0,runner_up_ungated,81529,15.133333333333155,11.33333333333377,21.733333333333206,14.866666666667015,6.180000000000195,4.105000000000188,2.131659839276915,1.803639234608837,4.6333333333333115,3.1666666666666514,11.866666666666106,13.466666666666356,42373,43930,0,40,207,208,50,1.0,1.0
rate3.0_s12,0.5,selected_gated,81500,13.39999999999992,11.333333333333321,20.066666666667174,14.000000000000625,5.841666666666852,4.460833333333536,1.7922297845047668,1.8313385270054912,3.4833333333332064,3.211111111111123,16.333333333332575,14.333333333332916,42688,42352,0,40,217,198,47,1.0,1.0
rate3.0_s12,0.5,selected_gated,81501,13.466666666666647,10.000000000000028,17.00000000000003,12.766666666666566,5.935000000000119,3.93916666666682,1.9020577284507205,1.7999724756685218,3.5250000000000483,3.100000000000011,34.49999999999886,6.499999999999318,43516,42234,0,40,209,201,39,1.0,1.0
rate3.0_s12,0.5,selected_gated,81502,11.666666666666629,10.333333333333314,14.666666666667027,12.666666666666686,5.358333333333545,3.9233333333335696,1.859291195240419,1.7382533572214949,3.2424242424242546,3.154166666666665,26.23333333333244,25.833333333333258,42944,43958,0,40,216,216,34,1.0,1.0
rate3.0_s12,0.5,selected_gated,81503,12.666666666666657,11.000000000000853,16.46666666666681,12.399999999999977,5.995833333333538,3.8983333333335053,1.88375198105749,1.7670981997709048,3.2518518518519195,3.149999999999892,16.533333333332735,24.733333333332553,42746,43836,0,40,238,213,35,1.0,1.0
rate3.0_s12,0.5,selected_gated,81504,13.533333333333324,10.633333333333326,16.46666666666661,13.000000000000014,6.216666666666796,4.028333333333459,1.9332362688771514,1.7923317356690283,3.4666666666666806,3.1708333333332703,26.766666666665742,16.36666666666474,43503,43101,0,40,219,221,38,1.0,1.0
rate3.0_s12,0.5,selected_gated,81505,13.600000000000051,9.333333333333307,19.500000000000057,14.000000000000284,6.188333333333412,4.27333333333346,1.872925274889398,1.7723830244268526,3.4000000000000683,3.0647058823529525,3.9333333333316887,10.333333333332234,41796,42858,0,40,204,220,42,1.0,1.0
rate3.0_s12,0.5,selected_gated,81506,14.866666666666589,8.600000000000477,18.4666666666659,10.999999999999986,6.3450000000001445,3.700000000000162,2.005184353188661,1.6217352244882477,3.6454545454545837,2.4848484848484858,23.799999999998477,10.199999999998909,42952,43549,0,40,200,232,44,1.0,1.0
rate3.0_s12,0.5,selected_gated,81507,12.90000000000066,10.39999999999992,19.266666666666694,13.466666666666612,5.532500000000202,4.405000000000259,1.9010011066819266,1.874199751371316,3.2666666666666773,3.666666666666677,18.533333333332507,24.633333333332075,42898,43641,0,40,203,222,47,1.0,1.0
rate3.0_s12,0.5,selected_gated,81508,17.26666666666665,13.13333333333334,20.933333333333294,16.000000000000085,6.347500000000193,4.788333333333583,2.0999481125530512,1.8776274252375311,4.127777777777761,3.3787878787878753,16.93333333333203,10.233333333332553,43020,43103,0,40,195,204,40,1.0,1.0
rate3.0_s12,0.5,selected_gated,81509,13.000000000000341,10.90000000000066,15.266666666666723,11.666666666666856,5.486666666666824,4.499166666666824,1.7460244458610086,1.797493258805959,2.9555555555555517,3.077777777777798,14.033333333332735,30.733333333331757,42991,43857,0,40,209,230,47,1.0,1.0
rate3.0_s12,0.5,selected_gated,81510,13.466666666666647,11.500000000000114,18.666666666666657,23.300000000000153,5.850833333333473,4.790833333333538,1.8803877201863786,1.7684072898161147,3.074074074074076,2.8833333333333293,14.833333333332234,18.433333333332143,41896,43368,0,40,208,225,48,1.0,1.0
rate3.0_s12,0.5,selected_gated,81511,11.799999999999955,9.133333333333326,14.999999999999886,10.66666666666665,5.051666666666885,3.8666666666668963,1.848499130676164,1.7195567997557526,3.408333333333342,2.67142857142857,21.566666666666265,27.966666666666242,42716,43693,0,40,216,209,41,1.0,1.0
rate3.0_s12,0.5,selected_gated,81512,14.099999999999909,10.400000000000205,18.066666666666634,13.000000000000114,5.830833333333501,4.268333333333547,1.9855800405577675,1.8501744932190498,3.8212121212121177,3.0363636363636344,20.13333333333253,22.73333333333312,42588,43009,0,40,210,222,47,1.0,1.0
rate3.0_s12,0.5,selected_gated,81513,12.933333333333422,10.333333333333357,17.06666666666706,12.666666666667027,6.01333333333358,4.184166666666891,1.8615804663313045,1.6517162176789963,3.5208333333334423,2.78181818181819,21.86666666666565,22.666666666665606,43303,43853,0,40,210,225,47,1.0,1.0
rate3.0_s12,0.5,selected_gated,81514,12.66666666666665,10.666666666666686,13.666666666666515,16.266666666666623,5.215000000000101,4.110833333333479,1.8149264844955002,1.770151223537708,3.1083333333332632,3.5583333333334792,26.03333333333171,12.633333333332416,42940,42717,0,40,201,235,47,1.0,1.0
rate3.0_s12,0.5,selected_gated,81515,14.933333333333302,11.333333333333314,23.46666666666681,15.600000000000705,6.590000000000194,4.527500000000227,2.0534100390575754,1.7851821171532363,4.055555555555553,2.908333333333344,14.433333333332257,9.833333333331666,42349,42731,0,40,200,222,44,1.0,1.0
rate3.0_s12,0.5,selected_gated,81516,13.3333333333332,10.66666666666665,16.166666666667084,14.266666666666936,6.0525000000001254,4.2666666666668265,1.7983532475129544,1.6654585958675852,2.940000000000062,2.755555555555702,28.933333333332257,25.63333333333196,42926,43918,0,40,217,220,41,1.0,1.0
rate3.0_s12,0.5,selected_gated,81517,12.866666666667243,9.800000000000239,16.133333333333354,13.533333333333303,5.9925000000001605,4.099166666666877,1.8595448221035324,1.7065260929181565,3.4000000000001136,2.833333333333421,20.96666666666613,9.466666666666356,42677,42831,0,40,214,210,35,1.0,1.0
rate3.0_s12,0.5,selected_gated,81518,12.26666666666668,9.333333333332689,13.933333333333564,12.066666666666634,5.593333333333527,4.03083333333351,1.9103766863599174,1.8094216724788306,3.799999999999983,3.4400000000000004,5.8666666666662195,12.566666666666038,42645,42930,0,40,203,220,44,1.0,1.0
rate3.0_s12,0.5,selected_gated,81519,15.399999999999977,9.133333333333326,18.800000000000068,10.333333333333314,6.359166666666856,3.6650000000002128,1.9814726568781487,1.7377171625587169,3.383333333333331,2.8833333333332405,8.666666666665947,20.766666666665856,42884,43411,0,40,223,207,36,1.0,1.0
rate3.0_s12,0.5,selected_gated,81520,14.000000000000455,11.533333333333928,20.66666666666663,16.133333333333553,5.898333333333418,4.591666666666788,1.9468890248613855,1.8257623259997697,3.774999999999636,3.0809523809524046,20.83333333333144,22.43333333333169,42939,43407,0,40,217,220,44,1.0,1.0
rate3.0_s12,0.5,selected_gated,81521,12.133333333333304,9.133333333333326,13.799999999999983,15.33333333333377,5.40750000000016,3.7908333333335418,1.8599083847323117,1.8200310219994063,3.588888888888903,3.3066666666668425,13.3666666666644,17.566666666666038,42647,43761,0,40,215,211,42,1.0,1.0
rate3.0_s12,0.5,selected_gated,81522,14.333333333333144,10.333333333333258,20.333333333333343,12.56666666666706,6.193333333333476,3.9433333333335385,1.946259742880263,1.7436679846675673,3.1738095238095303,2.9770833333333364,21.799999999999272,17.59999999999934,42580,42826,0,40,209,207,36,1.0,1.0
rate3.0_s12,0.5,selected_gated,81523,12.799999999999976,10.900000000000318,13.999999999999915,13.799999999999983,5.498333333333525,3.938333333333563,1.8525123906139653,1.7323249069307836,2.90740740740746,2.562500000000071,28.89999999999941,17.999999999999545,43237,43593,0,40,216,234,44,1.0,1.0
rate3.0_s12,0.5,selected_gated,81524,14.133333333333837,10.666666666666742,16.466666666666683,13.433333333333849,6.267500000000106,4.2958333333334995,1.9523811610509718,1.8358995565105838,3.200000000000032,3.0722222222223174,18.833333333331325,13.133333333333098,42532,42818,0,40,212,207,41,1.0,1.0
rate3.0_s12,0.5,selected_gated,81525,14.5,8.53333333333336,26.033333333333374,10.866666666666845,6.290000000000236,3.5283333333335607,2.019174311453523,1.7631465086498033,3.5238095238095206,2.93333333333333,30.433333333331916,24.833333333332575,44738,44080,0,40,219,208,35,1.0,1.0
rate3.0_s12,0.5,selected_gated,81526,12.0,12.66666666666822,15.06666666666672,15.133333333333368,5.5016666666668925,4.500833333333619,1.7879303173664671,1.7745839644411028,3.433333333333375,3.0571428571428547,9.333333333332803,8.233333333332212,42595,43072,0,40,216,228,44,1.0,1.0
rate3.0_s12,0.5,selected_gated,81527,13.466666666666647,14.933333333333302,16.633333333333383,16.500000000000625,5.675833333333559,4.925000000000212,1.9775697950947613,1.8895679972770512,3.240476190476188,3.180000000000098,16.766666666665742,31.966666666665787,42205,44135,0,40,203,213,42,1.0,1.0
rate3.0_s12,0.5,selected_gated,81528,14.666666666666544,10.800000000000523,20.03333333333393,17.333333333333428,6.328333333333565,4.3941666666668855,1.9701601575965657,1.7870736596540993,3.393939393939418,3.0583333333333087,14.199999999999818,10.799999999999727,42668,43243,0,40,222,231,44,1.0,1.0
rate3.0_s12,0.5,selected_gated,81529,15.19999999999996,9.33333333333377,18.933333333333735,14.03333333333353,5.945000000000186,4.210000000000223,2.006828457538825,1.9202114820812564,4.471794871794881,3.508333333333359,18.16666666666606,13.966666666666242,42780,43350,0,40,206,231,47,1.0,1.0
rate3.0_s12,0.5,selected_ungated,81500,13.39999999999992,11.666666666667311,20.066666666667174,15.400000000000091,5.841666666666852,4.645000000000217,1.7922297845047668,1.8528971363309543,3.4833333333332064,3.0380952380952357,16.333333333332575,14.633333333332757,42688,43239,0,40,217,201,47,1.0,1.0
rate3.0_s12,0.5,selected_ungated,81501,13.466666666666647,13.000000000000341,17.00000000000003,15.80000000000041,5.935000000000119,5.00500000000012,1.9020577284507205,1.902160559005714,3.5250000000000483,3.333333333333428,34.49999999999886,24.999999999999318,43516,44715,0,40,209,208,44,1.0,1.0
rate3.0_s12,0.5,selected_ungated,81502,11.666666666666629,11.500000000000568,14.666666666667027,16.26666666666671,5.358333333333545,4.430000000000183,1.859291195240419,1.8316225672270856,3.2424242424242546,3.0333333333333297,26.23333333333244,26.93333333333237,42944,44052,0,40,216,192,33,1.0,1.0
rate3.0_s12,0.5,selected_ungated,81503,12.666666666666657,11.166666666667652,16.46666666666681,14.30000000000092,5.995833333333538,4.075833333333544,1.88375198105749,1.785176659831136,3.2518518518519195,3.009090909090901,16.533333333332735,25.733333333332553,42746,44522,0,40,238,187,30,1.0,1.0
rate3.0_s12,0.5,selected_ungated,81504,13.533333333333324,11.066666666666833,16.46666666666661,18.49999999999997,6.216666666666796,4.564166666666791,1.9332362688771514,1.8752371880242562,3.4666666666666806,3.2666666666666706,26.766666666665742,6.266666666666197,43503,43120,0,40,219,198,38,1.0,1.0
rate3.0_s12,0.5,selected_ungated,81505,13.600000000000051,15.866666666665878,19.500000000000057,20.300000000000296,6.188333333333412,5.33416666666678,1.872925274889398,1.9291783293145521,3.4000000000000683,3.2833333333333314,3.9333333333316887,22.833333333332234,41796,44017,0,40,204,204,47,1.0,1.0
rate3.0_s12,0.5,selected_ungated,81506,14.866666666666589,13.400000000000091,18.4666666666659,14.866666666667243,6.3450000000001445,5.026666666666796,2.005184353188661,1.8101254652576224,3.6454545454545837,3.1270833333333528,23.799999999998477,11.299999999999159,42952,43653,0,40,200,210,44,1.0,1.0
rate3.0_s12,0.5,selected_ungated,81507,12.90000000000066,12.10000000000025,19.266666666666694,19.833333333333655,5.532500000000202,4.784166666666822,1.9010011066819266,1.9738286110790957,3.2666666666666773,3.59999999999998,18.533333333332507,26.033333333333644,42898,44467,0,40,203,199,44,1.0,1.0
rate3.0_s12,0.5,selected_ungated,81508,17.26666666666665,11.43333333333345,20.933333333333294,15.266666666666694,6.347500000000193,4.512500000000257,2.0999481125530512,1.9064320215387276,4.127777777777761,3.43333333333333,16.93333333333203,9.533333333332735,43020,43354,0,40,195,195,43,1.0,1.0
rate3.0_s12,0.5,selected_ungated,81509,13.000000000000341,10.999999999999986,15.266666666666723,12.70000000000067,5.486666666666824,4.364166666666771,1.7460244458610086,1.756825537117463,2.9555555555555517,2.9916666666666636,14.033333333332735,15.933333333332143,42991,43633,0,40,209,202,47,1.0,1.0
rate3.0_s12,0.5,selected_ungated,81510,13.466666666666647,10.333333333333258,18.666666666666657,14.966666666666924,5.850833333333473,4.035833333333485,1.8803877201863786,1.734165172630047,3.074074074074076,2.53333333333334,14.833333333332234,4.733333333331416,41896,43057,0,40,208,201,45,1.0,1.0
rate3.0_s12,0.5,selected_ungated,81511,11.799999999999955,11.800000000000182,14.999999999999886,15.900000000000205,5.051666666666885,4.340833333333581,1.848499130676164,1.8263874087254233,3.408333333333342,3.1400000000001227,21.566666666666265,29.866666666666106,42716,44944,0,40,216,201,45,1.0,1.0
rate3.0_s12,0.5,selected_ungated,81512,14.099999999999909,9.966666666666697,18.066666666666634,13.000000000000568,5.830833333333501,4.265833333333508,1.9855800405577675,1.879570698756393,3.8212121212121177,3.2999999999999923,20.13333333333253,12.53333333333319,42588,43067,0,40,210,211,50,1.0,1.0
rate3.0_s12,0.5,selected_ungated,81513,12.933333333333422,12.266666666666879,17.06666666666706,14.733333333333917,6.01333333333358,4.593333333333534,1.8615804663313045,1.857255927305804,3.5208333333334423,3.3000000000000753,21.86666666666565,29.066666666666038,43303,44319,0,40,210,210,41,1.0,1.0
rate3.0_s12,0.5,selected_ungated,81514,12.66666666666665,13.0,13.666666666666515,15.233333333332894,5.215000000000101,4.721666666666837,1.8149264844955002,1.85169778301439,3.1083333333332632,3.661111111111097,26.03333333333171,18.933333333332143,42940,44074,0,40,201,217,44,1.0,1.0
rate3.0_s12,0.5,selected_ungated,81515,14.933333333333302,11.333333333333314,23.46666666666681,15.999999999999986,6.590000000000194,4.263333333333469,2.0534100390575754,1.7753173924542758,4.055555555555553,2.9133333333334006,14.433333333332257,10.433333333331575,42349,44252,0,40,200,195,41,1.0,1.0
rate3.0_s12,0.5,selected_ungated,81516,13.3333333333332,9.766666666665856,16.166666666667084,13.133333333333155,6.0525000000001254,4.409166666666781,1.7983532475129544,1.6713112837472046,2.940000000000062,2.7222222222223045,28.933333333332257,30.53333333333171,42926,44946,0,40,217,213,45,1.0,1.0
rate3.0_s12,0.5,selected_ungated,81517,12.866666666667243,10.39999999999992,16.133333333333354,12.466666666666711,5.9925000000001605,4.337500000000162,1.8595448221035324,1.7683704772980795,3.4000000000001136,2.933333333333356,20.96666666666613,19.166666666665378,42677,44277,0,40,214,205,44,1.0,1.0
rate3.0_s12,0.5,selected_ungated,81518,12.26666666666668,14.466666666666526,13.933333333333564,17.766666666667447,5.593333333333527,5.849166666666869,1.9103766863599174,2.034314414433462,3.799999999999983,3.8,5.8666666666662195,40.46666666666533,42645,45074,0,40,203,195,39,1.0,1.0
rate3.0_s12,0.5,selected_ungated,81519,15.399999999999977,11.0,18.800000000000068,14.00000000000017,6.359166666666856,4.708333333333525,1.9814726568781487,1.8993523071490857,3.383333333333331,3.424999999999983,8.666666666665947,26.26666666666597,42884,44217,0,40,223,209,47,1.0,1.0
rate3.0_s12,0.5,selected_ungated,81520,14.000000000000455,11.999999999999972,20.66666666666663,13.300000000000125,5.898333333333418,4.69833333333342,1.9468890248613855,1.8841352470879493,3.774999999999636,3.433333333333337,20.83333333333144,25.733333333331757,42939,44694,0,40,217,209,36,1.0,1.0
rate3.0_s12,0.5,selected_ungated,81521,12.133333333333304,10.333333333333144,13.799999999999983,16.133333333333354,5.40750000000016,4.148333333333571,1.8599083847323117,1.88392446980572,3.588888888888903,3.6541666666666544,13.3666666666644,16.466666666666015,42647,44125,0,40,215,198,41,1.0,1.0
rate3.0_s12,0.5,selected_ungated,81522,14.333333333333144,10.100000000000648,20.333333333333343,15.79999999999984,6.193333333333476,4.2891666666668185,1.946259742880263,1.7797001692355514,3.1738095238095303,3.000000000000063,21.799999999999272,26.199999999999136,42580,43748,0,40,209,187,36,1.0,1.0
rate3.0_s12,0.5,selected_ungated,81523,12.799999999999976,11.066666666666777,13.999999999999915,16.59999999999996,5.498333333333525,4.348333333333524,1.8525123906139653,1.809028282249529,2.90740740740746,2.562962962963007,28.89999999999941,17.699999999999704,43237,43537,0,40,216,197,43,1.0,1.0
rate3.0_s12,0.5,selected_ungated,81524,14.133333333333837,14.233333333333348,16.466666666666683,16.46666666666664,6.267500000000106,5.270000000000177,1.9523811610509718,1.8076739474602084,3.200000000000032,2.864285714285718,18.833333333331325,34.73333333333335,42532,44783,0,40,212,202,44,1.0,1.0
rate3.0_s12,0.5,selected_ungated,81525,14.5,12.000000000000398,26.033333333333374,16.033333333333417,6.290000000000236,4.473333333333573,2.019174311453523,1.8300691982723585,3.5238095238095206,3.2999999999999687,30.433333333331916,18.83333333333269,44738,44105,0,40,219,216,44,1.0,1.0
rate3.0_s12,0.5,selected_ungated,81526,12.0,9.86666666666656,15.06666666666672,12.999999999999886,5.5016666666668925,3.8175000000002215,1.7879303173664671,1.6988805543617365,3.433333333333375,2.780000000000007,9.333333333332803,15.733333333332553,42595,44038,0,40,216,199,44,1.0,1.0
rate3.0_s12,0.5,selected_ungated,81527,13.466666666666647,13.133333333333326,16.633333333333383,17.7333333333333,5.675833333333559,4.7758333333335505,1.9775697950947613,1.89232571641485,3.240476190476188,3.138888888888952,16.766666666665742,26.166666666665833,42205,43927,0,40,203,207,44,1.0,1.0
rate3.0_s12,0.5,selected_ungated,81528,14.666666666666544,11.466666666666612,20.03333333333393,14.133333333333319,6.328333333333565,4.221666666666887,1.9701601575965657,1.8738727664596968,3.393939393939418,3.136111111111108,14.199999999999818,21.999999999999886,42668,43866,0,40,222,191,41,1.0,1.0
rate3.0_s12,0.5,selected_ungated,81529,15.19999999999996,10.633333333333951,18.933333333333735,15.300000000000523,5.945000000000186,4.16166666666687,2.006828457538825,1.8186732713181863,4.471794871794881,3.233333333333306,18.16666666666606,17.266666666666197,42780,44408,0,40,206,211,41,1.0,1.0
rate3.0_s12,0.5,original_q2_a0.8_or_ungated,81500,13.39999999999992,11.133333333333269,20.066666666667174,16.73333333333342,5.841666666666852,4.251666666666879,1.7922297845047668,1.7545798090310132,3.4833333333332064,2.688888888888894,16.333333333332575,17.233333333332894,42688,43714,0,40,217,182,91,1.0,1.0
rate3.0_s12,0.5,original_q2_a0.8_or_ungated,81501,13.466666666666647,14.999999999999773,17.00000000000003,18.3666666666669,5.935000000000119,5.590833333333481,1.9020577284507205,1.9434086827731807,3.5250000000000483,3.676666666666699,34.49999999999886,25.199999999999704,43516,45395,0,40,209,199,92,1.0,1.0
rate3.0_s12,0.5,original_q2_a0.8_or_ungated,81502,11.666666666666629,13.000000000000796,14.666666666667027,26.000000000000853,5.358333333333545,4.929166666666888,1.859291195240419,1.758364450573649,3.2424242424242546,3.043333333333436,26.23333333333244,17.63333333333219,42944,43804,0,40,216,179,92,1.0,1.0
rate3.0_s12,0.5,original_q2_a0.8_or_ungated,81503,12.666666666666657,12.666666666666572,16.46666666666681,14.700000000000273,5.995833333333538,4.731666666666886,1.88375198105749,1.7763828956262595,3.2518518518519195,3.061111111111169,16.533333333332735,19.733333333332325,42746,44881,0,40,238,194,92,1.0,1.0
rate3.0_s12,0.5,original_q2_a0.8_or_ungated,81504,13.533333333333324,12.833333333333883,16.46666666666661,17.26666666666665,6.216666666666796,5.4083333333334815,1.9332362688771514,1.8607762126781444,3.4666666666666806,3.0266666666666877,26.766666666665742,31.26666666666563,43503,45056,0,40,219,186,92,1.0,1.0
rate3.0_s12,0.5,original_q2_a0.8_or_ungated,81505,13.600000000000051,17.79999999999984,19.500000000000057,23.866666666666703,6.188333333333412,6.175000000000142,1.872925274889398,1.9260767637794498,3.4000000000000683,4.105555555555621,3.9333333333316887,21.933333333332826,41796,44589,0,40,204,199,92,1.0,1.0
rate3.0_s12,0.5,original_q2_a0.8_or_ungated,81506,14.866666666666589,13.600000000000193,18.4666666666659,16.799999999999955,6.3450000000001445,4.916666666666816,2.005184353188661,1.8436747213782054,3.6454545454545837,3.400000000000024,23.799999999998477,21.999999999997613,42952,44702,0,40,200,180,92,1.0,1.0
rate3.0_s12,0.5,original_q2_a0.8_or_ungated,81507,12.90000000000066,17.26666666666665,19.266666666666694,21.533333333333303,5.532500000000202,6.212500000000209,1.9010011066819266,2.0198584993437563,3.2666666666666773,4.2166666666666615,18.533333333332507,15.133333333333098,42898,43925,0,40,203,183,92,1.0,1.0
rate3.0_s12,0.5,original_q2_a0.8_or_ungated,81508,17.26666666666665,15.033333333333871,20.933333333333294,17.933333333333294,6.347500000000193,6.045000000000245,2.0999481125530512,1.978943790186357,4.127777777777761,3.7916666666666714,16.93333333333203,15.833333333333144,43020,44268,0,40,195,199,92,1.0,1.0
rate3.0_s12,0.5,original_q2_a0.8_or_ungated,81509,13.000000000000341,13.999999999999858,15.266666666666723,17.600000000000023,5.486666666666824,5.535833333333534,1.7460244458610086,1.7771174449644085,2.9555555555555517,3.1400000000001,14.033333333332735,15.233333333332666,42991,43535,0,40,209,199,92,1.0,1.0
rate3.0_s12,0.5,original_q2_a0.8_or_ungated,81510,13.466666666666647,15.733333333333746,18.666666666666657,21.599999999999994,5.850833333333473,6.3841666666668315,1.8803877201863786,1.935545996332234,3.074074074074076,3.296296296296324,14.833333333332234,15.433333333332143,41896,43294,0,40,208,192,92,1.0,1.0
rate3.0_s12,0.5,original_q2_a0.8_or_ungated,81511,11.799999999999955,14.466666666666612,14.999999999999886,23.033333333333303,5.051666666666885,5.275000000000201,1.848499130676164,1.9186143998565868,3.408333333333342,3.4533333333333305,21.566666666666265,10.666666666666401,42716,43338,0,40,216,187,91,1.0,1.0
rate3.0_s12,0.5,original_q2_a0.8_or_ungated,81512,14.099999999999909,11.833333333334053,18.066666666666634,21.933333333333337,5.830833333333501,4.651666666666859,1.9855800405577675,1.8163482548013188,3.8212121212121177,3.2222222222222854,20.13333333333253,8.333333333332803,42588,43555,0,40,210,192,92,1.0,1.0
rate3.0_s12,0.5,original_q2_a0.8_or_ungated,81513,12.933333333333422,14.133333333334122,17.06666666666706,25.666666666666686,6.01333333333358,5.4658333333335944,1.8615804663313045,1.8300504007146023,3.5208333333334423,4.128571428571421,21.86666666666565,12.86666666666622,43303,44316,0,40,210,197,92,1.0,1.0
rate3.0_s12,0.5,original_q2_a0.8_or_ungated,81514,12.66666666666665,14.733333333333746,13.666666666666515,22.26666666666663,5.215000000000101,5.300000000000141,1.8149264844955002,1.9104955987690004,3.1083333333332632,3.4999999999999947,26.03333333333171,11.63333333333253,42940,42979,0,40,201,195,92,1.0,1.0
rate3.0_s12,0.5,original_q2_a0.8_or_ungated,81515,14.933333333333302,13.466666666666555,23.46666666666681,16.26666666666671,6.590000000000194,5.0433333333334724,2.0534100390575754,1.8165578993344202,4.055555555555553,3.3666666666668448,14.433333333332257,17.13333333333253,42349,44957,0,40,200,205,92,1.0,1.0
rate3.0_s12,0.5,original_q2_a0.8_or_ungated,81516,13.3333333333332,13.266666666667675,16.166666666667084,19.033333333333346,6.0525000000001254,5.03333333333349,1.7983532475129544,1.758882936368652,2.940000000000062,2.9533333333333873,28.933333333332257,21.833333333332234,42926,44281,0,40,217,190,92,1.0,1.0
rate3.0_s12,0.5,original_q2_a0.8_or_ungated,81517,12.866666666667243,11.666666666666643,16.133333333333354,17.33333333333337,5.9925000000001605,4.793333333333536,1.8595448221035324,1.8926019749798202,3.4000000000001136,3.329166666666623,20.96666666666613,11.766666666665742,42677,43205,0,40,214,176,92,1.0,1.0
rate3.0_s12,0.5,original_q2_a0.8_or_ungated,81518,12.26666666666668,14.200000000000557,13.933333333333564,23.03333333333339,5.593333333333527,5.595833333333519,1.9103766863599174,1.9242811353454914,3.799999999999983,3.6999999999999815,5.8666666666662195,7.5666666666656965,42645,43356,0,40,203,180,92,1.0,1.0
rate3.0_s12,0.5,original_q2_a0.8_or_ungated,81519,15.399999999999977,11.399999999999864,18.800000000000068,13.666666666666856,6.359166666666856,4.483333333333493,1.9814726568781487,1.7825226610213953,3.383333333333331,3.057142857142854,8.666666666665947,2.866666666665651,42884,43799,0,40,223,185,92,1.0,1.0
rate3.0_s12,0.5,original_q2_a0.8_or_ungated,81520,14.000000000000455,12.800000000000239,20.66666666666663,17.3333333333334,5.898333333333418,4.958333333333344,1.9468890248613855,1.908716545428227,3.774999999999636,3.286666666666838,20.83333333333144,17.433333333330893,42939,43938,0,40,217,191,92,1.0,1.0
rate3.0_s12,0.5,original_q2_a0.8_or_ungated,81521,12.133333333333304,15.099999999999795,13.799999999999983,20.400000000000006,5.40750000000016,5.4050000000002285,1.8599083847323117,1.8940177787974084,3.588888888888903,3.2733333333333348,13.3666666666644,18.66666666666606,42647,44244,0,40,215,204,92,1.0,1.0
rate3.0_s12,0.5,original_q2_a0.8_or_ungated,81522,14.333333333333144,14.666666666666572,20.333333333333343,25.23333333333369,6.193333333333476,5.183333333333538,1.946259742880263,1.8514805576984137,3.1738095238095303,3.1777777777778717,21.799999999999272,20.399999999999068,42580,43932,0,40,209,196,92,1.0,1.0
rate3.0_s12,0.5,original_q2_a0.8_or_ungated,81523,12.799999999999976,12.400000000000716,13.999999999999915,15.800000000000239,5.498333333333525,5.235833333333533,1.8525123906139653,1.893671513636895,2.90740740740746,3.2722222222222777,28.89999999999941,20.899999999999864,43237,43922,0,40,216,196,92,1.0,1.0
rate3.0_s12,0.5,original_q2_a0.8_or_ungated,81524,14.133333333333837,14.46666666666664,16.466666666666683,29.333333333333428,6.267500000000106,5.744166666666834,1.9523811610509718,1.8259377202656661,3.200000000000032,3.0870370370370352,18.833333333331325,13.23333333333278,42532,43564,0,40,212,191,92,1.0,1.0
rate3.0_s12,0.5,original_q2_a0.8_or_ungated,81525,14.5,11.133333333334122,26.033333333333374,13.666666666666629,6.290000000000236,4.6033333333335476,2.019174311453523,1.8016658306371343,3.5238095238095206,3.3000000000000256,30.433333333331916,23.33333333333269,44738,45301,0,40,219,195,92,1.0,1.0
rate3.0_s12,0.5,original_q2_a0.8_or_ungated,81526,12.0,13.599999999999909,15.06666666666672,16.333333333333414,5.5016666666668925,5.300000000000219,1.7879303173664671,1.9182454709513586,3.433333333333375,3.5083333333333115,9.333333333332803,29.533333333332166,42595,45777,0,40,216,196,92,1.0,1.0
rate3.0_s12,0.5,original_q2_a0.8_or_ungated,81527,13.466666666666647,12.400000000000091,16.633333333333383,16.799999999999983,5.675833333333559,4.860833333333536,1.9775697950947613,1.8296801776365652,3.240476190476188,3.15000000000002,16.766666666665742,18.266666666665287,42205,43994,0,40,203,179,92,1.0,1.0
rate3.0_s12,0.5,original_q2_a0.8_or_ungated,81528,14.666666666666544,12.800000000000125,20.03333333333393,14.099999999999994,6.328333333333565,4.6791666666668865,1.9701601575965657,1.7455715080853635,3.393939393939418,2.838095238095236,14.199999999999818,12.099999999999795,42668,44128,0,40,222,207,92,1.0,1.0
rate3.0_s12,0.5,original_q2_a0.8_or_ungated,81529,15.19999999999996,14.46666666666664,18.933333333333735,16.46666666666698,5.945000000000186,5.354166666666879,2.006828457538825,1.953297612195186,4.471794871794881,4.208333333333485,18.16666666666606,20.966666666666356,42780,44613,0,40,206,195,91,1.0,1.0
rate3.0_s12,0.5,runner_up_ungated,81500,13.39999999999992,11.666666666667311,20.066666666667174,15.400000000000091,5.841666666666852,4.645000000000217,1.7922297845047668,1.8528971363309543,3.4833333333332064,3.0380952380952357,16.333333333332575,14.633333333332757,42688,43239,0,40,217,201,50,1.0,1.0
rate3.0_s12,0.5,runner_up_ungated,81501,13.466666666666647,13.000000000000341,17.00000000000003,15.80000000000041,5.935000000000119,5.00500000000012,1.9020577284507205,1.902160559005714,3.5250000000000483,3.333333333333428,34.49999999999886,24.999999999999318,43516,44715,0,40,209,208,50,1.0,1.0
rate3.0_s12,0.5,runner_up_ungated,81502,11.666666666666629,11.500000000000568,14.666666666667027,16.26666666666671,5.358333333333545,4.430000000000183,1.859291195240419,1.8316225672270856,3.2424242424242546,3.0333333333333297,26.23333333333244,26.93333333333237,42944,44052,0,40,216,192,47,1.0,1.0
rate3.0_s12,0.5,runner_up_ungated,81503,12.666666666666657,11.166666666667652,16.46666666666681,14.30000000000092,5.995833333333538,4.075833333333544,1.88375198105749,1.785176659831136,3.2518518518519195,3.009090909090901,16.533333333332735,25.733333333332553,42746,44522,0,40,238,187,47,1.0,1.0
rate3.0_s12,0.5,runner_up_ungated,81504,13.533333333333324,11.066666666666833,16.46666666666661,18.49999999999997,6.216666666666796,4.564166666666791,1.9332362688771514,1.8752371880242562,3.4666666666666806,3.2666666666666706,26.766666666665742,6.266666666666197,43503,43120,0,40,219,198,50,1.0,1.0
rate3.0_s12,0.5,runner_up_ungated,81505,13.600000000000051,15.866666666665878,19.500000000000057,20.300000000000296,6.188333333333412,5.33416666666678,1.872925274889398,1.9291783293145521,3.4000000000000683,3.2833333333333314,3.9333333333316887,22.833333333332234,41796,44017,0,40,204,204,50,1.0,1.0
rate3.0_s12,0.5,runner_up_ungated,81506,14.866666666666589,13.400000000000091,18.4666666666659,14.866666666667243,6.3450000000001445,5.026666666666796,2.005184353188661,1.8101254652576224,3.6454545454545837,3.1270833333333528,23.799999999998477,11.299999999999159,42952,43653,0,40,200,210,50,1.0,1.0
rate3.0_s12,0.5,runner_up_ungated,81507,12.90000000000066,12.10000000000025,19.266666666666694,19.833333333333655,5.532500000000202,4.784166666666822,1.9010011066819266,1.9738286110790957,3.2666666666666773,3.59999999999998,18.533333333332507,26.033333333333644,42898,44467,0,40,203,199,50,1.0,1.0
rate3.0_s12,0.5,runner_up_ungated,81508,17.26666666666665,11.43333333333345,20.933333333333294,15.266666666666694,6.347500000000193,4.512500000000257,2.0999481125530512,1.9064320215387276,4.127777777777761,3.43333333333333,16.93333333333203,9.533333333332735,43020,43354,0,40,195,195,50,1.0,1.0
rate3.0_s12,0.5,runner_up_ungated,81509,13.000000000000341,10.999999999999986,15.266666666666723,12.70000000000067,5.486666666666824,4.364166666666771,1.7460244458610086,1.756825537117463,2.9555555555555517,2.9916666666666636,14.033333333332735,15.933333333332143,42991,43633,0,40,209,202,50,1.0,1.0
rate3.0_s12,0.5,runner_up_ungated,81510,13.466666666666647,10.333333333333258,18.666666666666657,14.966666666666924,5.850833333333473,4.035833333333485,1.8803877201863786,1.734165172630047,3.074074074074076,2.53333333333334,14.833333333332234,4.733333333331416,41896,43057,0,40,208,201,50,1.0,1.0
rate3.0_s12,0.5,runner_up_ungated,81511,11.799999999999955,11.800000000000182,14.999999999999886,15.900000000000205,5.051666666666885,4.340833333333581,1.848499130676164,1.8263874087254233,3.408333333333342,3.1400000000001227,21.566666666666265,29.866666666666106,42716,44944,0,40,216,201,50,1.0,1.0
rate3.0_s12,0.5,runner_up_ungated,81512,14.099999999999909,9.966666666666697,18.066666666666634,13.000000000000568,5.830833333333501,4.265833333333508,1.9855800405577675,1.879570698756393,3.8212121212121177,3.2999999999999923,20.13333333333253,12.53333333333319,42588,43067,0,40,210,211,50,1.0,1.0
rate3.0_s12,0.5,runner_up_ungated,81513,12.933333333333422,12.266666666666879,17.06666666666706,14.733333333333917,6.01333333333358,4.593333333333534,1.8615804663313045,1.857255927305804,3.5208333333334423,3.3000000000000753,21.86666666666565,29.066666666666038,43303,44319,0,40,210,210,47,1.0,1.0
rate3.0_s12,0.5,runner_up_ungated,81514,12.66666666666665,13.0,13.666666666666515,15.233333333332894,5.215000000000101,4.721666666666837,1.8149264844955002,1.85169778301439,3.1083333333332632,3.661111111111097,26.03333333333171,18.933333333332143,42940,44074,0,40,201,217,50,1.0,1.0
rate3.0_s12,0.5,runner_up_ungated,81515,14.933333333333302,11.333333333333314,23.46666666666681,15.999999999999986,6.590000000000194,4.263333333333469,2.0534100390575754,1.7753173924542758,4.055555555555553,2.9133333333334006,14.433333333332257,10.433333333331575,42349,44252,0,40,200,195,50,1.0,1.0
rate3.0_s12,0.5,runner_up_ungated,81516,13.3333333333332,9.766666666665856,16.166666666667084,13.133333333333155,6.0525000000001254,4.409166666666781,1.7983532475129544,1.6713112837472046,2.940000000000062,2.7222222222223045,28.933333333332257,30.53333333333171,42926,44946,0,40,217,213,50,1.0,1.0
rate3.0_s12,0.5,runner_up_ungated,81517,12.866666666667243,10.39999999999992,16.133333333333354,12.466666666666711,5.9925000000001605,4.337500000000162,1.8595448221035324,1.7683704772980795,3.4000000000001136,2.933333333333356,20.96666666666613,19.166666666665378,42677,44277,0,40,214,205,47,1.0,1.0
rate3.0_s12,0.5,runner_up_ungated,81518,12.26666666666668,14.466666666666526,13.933333333333564,17.766666666667447,5.593333333333527,5.849166666666869,1.9103766863599174,2.034314414433462,3.799999999999983,3.8,5.8666666666662195,40.46666666666533,42645,45074,0,40,203,195,50,1.0,1.0
rate3.0_s12,0.5,runner_up_ungated,81519,15.399999999999977,11.0,18.800000000000068,14.00000000000017,6.359166666666856,4.708333333333525,1.9814726568781487,1.8993523071490857,3.383333333333331,3.424999999999983,8.666666666665947,26.26666666666597,42884,44217,0,40,223,209,50,1.0,1.0
rate3.0_s12,0.5,runner_up_ungated,81520,14.000000000000455,11.999999999999972,20.66666666666663,13.300000000000125,5.898333333333418,4.69833333333342,1.9468890248613855,1.8841352470879493,3.774999999999636,3.433333333333337,20.83333333333144,25.733333333331757,42939,44694,0,40,217,209,47,1.0,1.0
rate3.0_s12,0.5,runner_up_ungated,81521,12.133333333333304,10.333333333333144,13.799999999999983,16.133333333333354,5.40750000000016,4.148333333333571,1.8599083847323117,1.88392446980572,3.588888888888903,3.6541666666666544,13.3666666666644,16.466666666666015,42647,44125,0,40,215,198,50,1.0,1.0
rate3.0_s12,0.5,runner_up_ungated,81522,14.333333333333144,10.100000000000648,20.333333333333343,15.79999999999984,6.193333333333476,4.2891666666668185,1.946259742880263,1.7797001692355514,3.1738095238095303,3.000000000000063,21.799999999999272,26.199999999999136,42580,43748,0,40,209,187,47,1.0,1.0
rate3.0_s12,0.5,runner_up_ungated,81523,12.799999999999976,11.066666666666777,13.999999999999915,16.59999999999996,5.498333333333525,4.348333333333524,1.8525123906139653,1.809028282249529,2.90740740740746,2.562962962963007,28.89999999999941,17.699999999999704,43237,43537,0,40,216,197,50,1.0,1.0
rate3.0_s12,0.5,runner_up_ungated,81524,14.133333333333837,14.233333333333348,16.466666666666683,16.46666666666664,6.267500000000106,5.270000000000177,1.9523811610509718,1.8076739474602084,3.200000000000032,2.864285714285718,18.833333333331325,34.73333333333335,42532,44783,0,40,212,202,50,1.0,1.0
rate3.0_s12,0.5,runner_up_ungated,81525,14.5,12.000000000000398,26.033333333333374,16.033333333333417,6.290000000000236,4.473333333333573,2.019174311453523,1.8300691982723585,3.5238095238095206,3.2999999999999687,30.433333333331916,18.83333333333269,44738,44105,0,40,219,216,50,1.0,1.0
rate3.0_s12,0.5,runner_up_ungated,81526,12.0,9.86666666666656,15.06666666666672,12.999999999999886,5.5016666666668925,3.8175000000002215,1.7879303173664671,1.6988805543617365,3.433333333333375,2.780000000000007,9.333333333332803,15.733333333332553,42595,44038,0,40,216,199,47,1.0,1.0
rate3.0_s12,0.5,runner_up_ungated,81527,13.466666666666647,13.133333333333326,16.633333333333383,17.7333333333333,5.675833333333559,4.7758333333335505,1.9775697950947613,1.89232571641485,3.240476190476188,3.138888888888952,16.766666666665742,26.166666666665833,42205,43927,0,40,203,207,50,1.0,1.0
rate3.0_s12,0.5,runner_up_ungated,81528,14.666666666666544,11.466666666666612,20.03333333333393,14.133333333333319,6.328333333333565,4.221666666666887,1.9701601575965657,1.8738727664596968,3.393939393939418,3.136111111111108,14.199999999999818,21.999999999999886,42668,43866,0,40,222,191,50,1.0,1.0
rate3.0_s12,0.5,runner_up_ungated,81529,15.19999999999996,10.633333333333951,18.933333333333735,15.300000000000523,5.945000000000186,4.16166666666687,2.006828457538825,1.8186732713181863,4.471794871794881,3.233333333333306,18.16666666666606,17.266666666666197,42780,44408,0,40,206,211,50,1.0,1.0
rate3.0_s12,2.0,selected_gated,81500,12.599999999999973,11.333333333333321,16.266666666667163,13.400000000000091,5.341666666666884,4.148333333333542,1.8807121482247458,1.8594377446595682,3.3888888888889994,3.400000000000009,20.733333333332666,22.733333333332553,43195,43358,0,40,203,219,41,1.0,1.0
rate3.0_s12,2.0,selected_gated,81501,13.333333333333343,11.93333333333345,17.60000000000005,14.80000000000004,6.15333333333339,4.7033333333334975,2.0682581587621267,1.8856826255375092,3.80000000000004,3.183333333333394,15.599999999997976,12.19999999999959,42190,42871,0,40,213,204,44,1.0,1.0
rate3.0_s12,2.0,selected_gated,81502,13.933333333333366,10.666666666667425,16.466666666666924,18.200000000001125,5.9500000000001965,4.268333333333544,1.9542951598438392,1.8425265368483126,3.441666666666677,2.990476190476183,48.933333333332484,35.533333333332735,43721,44082,0,40,227,231,39,1.0,1.0
rate3.0_s12,2.0,selected_gated,81503,13.866666666667356,11.199999999998454,19.53333333333393,12.733333333334201,6.035000000000172,4.1116666666667605,1.9824236723964603,1.8637084251279876,3.7222222222222,3.145454545454537,13.533333333332962,31.73333333333244,42493,43860,0,40,225,195,38,1.0,1.0
rate3.0_s12,2.0,selected_gated,81504,14.133333333333319,10.266666666667447,18.466666666667038,13.866666666666845,6.140000000000125,4.260000000000173,2.0701194969535286,1.8507531517251177,4.0285714285714675,3.1833333333333513,5.26666666666506,21.86666666666588,41471,44162,0,40,214,226,44,1.0,1.0
rate3.0_s12,2.0,selected_gated,81505,13.199999999999982,10.666666666666686,22.066666666666663,14.133333333333326,5.983333333333489,4.375000000000157,2.0059236660319426,1.8809857802615813,3.716666666666665,3.377777777777786,29.333333333331552,5.733333333332553,42981,42403,0,40,213,232,44,1.0,1.0
rate3.0_s12,2.0,selected_gated,81506,16.000000000000057,10.400000000000034,31.799999999999898,12.799999999999976,6.290000000000014,3.9933333333335046,2.0496701549308907,1.7959323508592964,3.681481481481291,3.075000000000074,20.59999999999752,5.199999999999477,42747,42808,0,40,219,234,46,1.0,1.0
rate3.0_s12,2.0,selected_gated,81507,14.73333333333369,10.39999999999992,19.266666666666694,11.866666666667015,6.1033333333335476,4.041666666666884,2.0668290079995417,1.9157575053368145,3.9666666666666632,3.6888888888889304,22.533333333332052,26.53333333333137,42566,43882,0,40,195,204,42,1.0,1.0
rate3.0_s12,2.0,selected_gated,81508,12.399999999999949,12.466666666666526,20.933333333333294,15.066666666666805,5.470000000000226,4.703333333333594,1.985886964253838,1.9799856837364862,3.666666666666657,3.716666666666711,6.333333333332575,6.733333333331871,42275,42823,0,40,195,200,42,1.0,1.0
rate3.0_s12,2.0,selected_gated,81509,12.333333333333321,10.000000000000625,14.666666666666657,11.733333333333263,5.131666666666818,4.105000000000149,1.7499605085145133,1.6986329363940198,2.4800000000001434,2.7333333333333294,7.533333333332621,27.33333333333212,42068,43673,0,40,197,220,41,1.0,1.0
rate3.0_s12,2.0,selected_gated,81510,14.13333333333378,10.999999999999986,17.866666666667072,19.59999999999988,6.511666666666828,4.171666666666916,2.0165185923360744,1.7690159540604167,3.4333333333333598,2.8833333333333293,25.13333333333196,14.333333333331893,42740,42707,0,40,216,216,41,1.0,1.0
rate3.0_s12,2.0,selected_gated,81511,13.46666666666681,11.933333333333366,15.133333333333411,20.066666666666777,5.625000000000196,4.743333333333543,1.9185100194822475,2.0129607245201044,3.6400000000002364,3.9111111111111465,9.466666666666356,43.46666666666613,42398,44238,0,40,216,217,45,1.0,1.0
rate3.0_s12,2.0,selected_gated,81512,14.333333333333826,11.999999999999886,19.26666666666665,17.800000000000523,6.62833333333352,4.513333333333543,2.1953787722901272,1.971011486741602,4.266666666666609,3.5111111111111453,12.133333333333098,14.333333333331666,42063,42251,0,40,205,218,44,1.0,1.0
rate3.0_s12,2.0,selected_gated,81513,14.133333333333184,10.999999999999659,21.733333333333377,12.866666666667527,5.76666666666686,4.4600000000002415,1.8844210068600575,1.8781501034488097,3.162962962962941,3.2933333333335097,16.066666666664332,32.86666666666497,42479,43898,0,40,201,219,44,1.0,1.0
rate3.0_s12,2.0,selected_gated,81514,14.133333333332985,10.6666666666666,25.733333333333576,12.666666666666686,6.360000000000099,3.8733333333334534,2.0267953418348097,1.8779907060259584,4.066666666666663,3.6999999999998843,17.13333333333253,26.333333333331325,42636,43680,0,40,213,220,45,1.0,1.0
rate3.0_s12,2.0,selected_gated,81515,14.999999999999986,10.400000000000773,26.999999999999943,14.466666666666654,6.026666666666844,4.02666666666689,1.9333024508989711,1.8456309908514021,3.3666666666666174,3.2177777777777843,29.933333333332712,13.933333333332484,43433,43289,0,40,207,208,38,1.0,1.0
rate3.0_s12,2.0,selected_gated,81516,12.333333333333144,10.333333333333144,14.933333333333302,16.533333333334213,5.081666666666808,4.080000000000124,1.7310426001747798,1.6980105885078904,2.7777777777777755,2.831372549019621,8.333333333331552,24.133333333332644,41469,43744,0,40,209,218,47,1.0,1.0
rate3.0_s12,2.0,selected_gated,81517,15.799999999999613,9.666666666666643,18.066666666666734,13.533333333333303,6.248333333333499,3.810000000000224,1.9615922866829854,1.701471030697441,3.389743589743598,2.688888888888938,25.066666666665242,14.066666666666151,42192,42850,0,40,205,209,45,1.0,1.0
rate3.0_s12,2.0,selected_gated,81518,12.066666666667402,13.333333333333286,13.800000000000807,15.3333333333333,5.776666666666812,5.19333333333353,2.026681714758396,2.1010070413368167,3.666666666666648,4.639999999999998,7.666666666666401,11.266666666666197,41859,42664,0,40,219,216,42,1.0,1.0
rate3.0_s12,2.0,selected_gated,81519,13.66666666666697,11.333333333334224,16.599999999999852,15.333333333333997,5.580000000000181,4.220000000000186,2.020470264934628,1.8617930814897774,3.793333333333334,3.266666666666673,15.866666666664855,14.866666666665765,42275,43339,0,40,204,228,42,1.0,1.0
rate3.0_s12,2.0,selected_gated,81520,13.333333333333343,12.733333333334372,18.400000000000063,16.400000000000432,5.2500000000000675,4.6266666666668295,1.8616307806588543,1.977759904988351,3.688888888888935,4.133333333333326,25.133333333332644,25.13333333333196,42956,43572,0,40,217,209,35,1.0,1.0
rate3.0_s12,2.0,selected_gated,81521,13.666666666666657,9.26666666666722,18.933333333333508,11.466666666666697,5.373333333333511,3.828333333333534,1.8953123813362633,1.8213441808362452,3.9888888888888836,3.253333333333342,17.466666666665333,27.066666666666038,42460,44103,0,40,195,203,41,1.0,1.0
rate3.0_s12,2.0,selected_gated,81522,14.40000000000066,9.133333333333326,16.866666666667243,14.333333333333144,6.588333333333456,3.876666666666859,1.986894852831168,1.7689949969448115,3.674074074074118,2.7333333333333183,27.79999999999893,22.999999999999318,42636,43210,0,40,226,209,44,1.0,1.0
rate3.0_s12,2.0,selected_gated,81523,12.799999999999976,10.666666666666686,16.466666666666526,14.133333333333184,4.8700000000001875,4.440000000000186,1.8921874141724928,1.9026228477380072,3.1444444444444124,3.0750000000000455,15.399999999999636,15.399999999999636,42026,42924,0,40,202,218,43,1.0,1.0
rate3.0_s12,2.0,selected_gated,81524,14.866666666666646,12.800000000000182,18.73333333333329,16.466666666667095,6.43666666666678,4.648333333333528,2.0155699595499756,1.9141329778222698,4.08333333333335,3.4133333333333384,14.333333333333258,34.133333333332644,41918,44316,0,40,217,207,38,1.0,1.0
rate3.0_s12,2.0,selected_gated,81525,12.800000000000693,10.400000000000205,15.333333333333428,14.466666666667436,5.81166666666686,4.1166666666668865,2.027203915987292,1.844027878088505,3.517948717948726,3.1230769230769337,33.933333333332484,44.53333333333228,44186,44681,0,40,208,222,41,1.0,1.0
rate3.0_s12,2.0,selected_gated,81526,14.066666666667459,11.133333333333383,20.73333333333339,14.266666666666708,6.590000000000203,4.6333333333335895,2.0012858718524393,1.8695005227257746,4.219047619047639,3.0799999999999956,28.133333333331507,9.533333333332507,43434,43229,0,40,216,216,36,1.0,1.0
rate3.0_s12,2.0,selected_gated,81527,14.333333333333314,11.533333333333303,17.86666666666713,13.86666666666747,5.703333333333593,4.42333333333359,1.946534850329999,2.077060054656838,3.257777777777776,3.911111111111173,21.666666666665378,30.666666666665606,42531,43234,0,40,201,218,47,1.0,1.0
rate3.0_s12,2.0,selected_gated,81528,14.000000000000398,12.400000000000432,16.066666666667174,14.933333333333849,6.293333333333544,4.4666666666668835,1.9574853904989173,1.8898949514686523,3.1833333333332234,3.1666666666666643,13.999999999999773,16.19999999999959,42364,42771,0,40,227,208,36,1.0,1.0
rate3.0_s12,2.0,selected_gated,81529,13.80000000000041,9.533333333333346,16.46666666666698,13.866666666666674,6.23500000000016,3.7850000000002564,2.0664657191754583,1.8995446904037394,3.950000000000074,3.083333333333357,25.066666666666265,17.266666666666424,43547,43047,0,40,223,207,38,1.0,1.0
rate3.0_s12,2.0,selected_ungated,81500,12.599999999999973,11.066666666666606,16.266666666667163,15.000000000000071,5.341666666666884,4.3066666666668905,1.8807121482247458,1.7977799735540683,3.3888888888889994,3.066666666666669,20.733333333332666,18.733333333332894,43195,43653,0,40,203,192,42,1.0,1.0
rate3.0_s12,2.0,selected_ungated,81501,13.333333333333343,13.000000000000341,17.60000000000005,17.59999999999968,6.15333333333339,4.595000000000103,2.0682581587621267,1.8754962538278703,3.80000000000004,3.130000000000021,15.599999999997976,9.999999999999545,42190,43677,0,40,213,209,44,1.0,1.0
rate3.0_s12,2.0,selected_ungated,81502,13.933333333333366,11.400000000000205,16.466666666666924,15.533333333333417,5.9500000000001965,4.565000000000185,1.9542951598438392,1.8605838747516794,3.441666666666677,3.4166666666666807,48.933333333332484,29.333333333332348,43721,44769,0,40,227,207,41,1.0,1.0
rate3.0_s12,2.0,selected_ungated,81503,13.866666666667356,10.46666666666755,19.53333333333393,13.933333333333394,6.035000000000172,4.255000000000207,1.9824236723964603,1.7608364300571329,3.7222222222222,2.811111111111122,13.533333333332962,12.933333333332712,42493,44186,0,40,225,210,44,1.0,1.0
rate3.0_s12,2.0,selected_ungated,81504,14.133333333333319,11.199999999999932,18.466666666667038,15.666666666667425,6.140000000000125,4.531666666666793,2.0701194969535286,1.9011791977043986,4.0285714285714675,3.6380952380952465,5.26666666666506,18.666666666665606,41471,43830,0,40,214,204,41,1.0,1.0
rate3.0_s12,2.0,selected_ungated,81505,13.199999999999982,11.666666666666856,22.066666666666663,16.133333333333297,5.983333333333489,4.715000000000123,2.0059236660319426,1.904011701355871,3.716666666666665,3.800000000000023,29.333333333331552,15.133333333332303,42981,43244,0,40,213,216,50,1.0,1.0
rate3.0_s12,2.0,selected_ungated,81506,16.000000000000057,12.73333333333332,31.799999999999898,16.33333333333337,6.290000000000014,5.158333333333437,2.0496701549308907,1.8837829772424475,3.681481481481291,3.25128205128205,20.59999999999752,26.199999999997885,42747,44580,0,40,219,204,44,1.0,1.0
rate3.0_s12,2.0,selected_ungated,81507,14.73333333333369,10.99999999999983,19.266666666666694,15.266666666666879,6.1033333333335476,4.695000000000229,2.0668290079995417,1.9738887311613056,3.9666666666666632,3.7777777777777666,22.533333333332052,22.733333333332553,42566,44116,0,40,195,200,47,1.0,1.0
rate3.0_s12,2.0,selected_ungated,81508,12.399999999999949,12.600000000000875,20.933333333333294,15.066666666666805,5.470000000000226,4.713333333333533,1.985886964253838,2.035610900311272,3.666666666666657,4.13333333333334,6.333333333332575,4.933333333332371,42275,43348,0,40,195,193,45,1.0,1.0
rate3.0_s12,2.0,selected_ungated,81509,12.333333333333321,12.466666666666669,14.666666666666657,15.466666666666924,5.131666666666818,4.968333333333464,1.7499605085145133,1.901183487521751,2.4800000000001434,3.5333333333333354,7.533333333332621,21.33333333333121,42068,43680,0,40,197,208,46,1.0,1.0
rate3.0_s12,2.0,selected_ungated,81510,14.13333333333378,10.93333333333328,17.866666666667072,14.000000000000227,6.511666666666828,4.108333333333531,2.0165185923360744,1.848273002839089,3.4333333333333598,2.9303030303030395,25.13333333333196,10.933333333332826,42740,42733,0,40,216,205,41,1.0,1.0
rate3.0_s12,2.0,selected_ungated,81511,13.46666666666681,10.6666666666666,15.133333333333411,13.466666666666626,5.625000000000196,3.93833333333357,1.9185100194822475,1.832138632653963,3.6400000000002364,3.0063492063492143,9.466666666666356,21.266666666666197,42398,43965,0,40,216,187,45,1.0,1.0
rate3.0_s12,2.0,selected_ungated,81512,14.333333333333826,13.666666666667197,19.26666666666665,19.266666666666737,6.62833333333352,5.288333333333504,2.1953787722901272,1.984511294736155,4.266666666666609,3.4666666666667294,12.133333333333098,20.933333333333053,42063,43962,0,40,205,215,47,1.0,1.0
rate3.0_s12,2.0,selected_ungated,81513,14.133333333333184,13.466666666666647,21.733333333333377,17.466666666666555,5.76666666666686,4.783333333333545,1.8844210068600575,1.8940692418744036,3.162962962962941,3.309090909090919,16.066666666664332,11.866666666664855,42479,42769,0,40,201,194,47,1.0,1.0
rate3.0_s12,2.0,selected_ungated,81514,14.133333333332985,10.66666666666665,25.733333333333576,16.266666666666623,6.360000000000099,4.066666666666793,2.0267953418348097,1.8106979160386878,4.066666666666663,3.5600000000000707,17.13333333333253,17.53333333333194,42636,43440,0,40,213,203,42,1.0,1.0
rate3.0_s12,2.0,selected_ungated,81515,14.999999999999986,13.600000000000705,26.999999999999943,21.599999999999795,6.026666666666844,5.085000000000163,1.9333024508989711,1.9645515351966016,3.3666666666666174,3.544444444444443,29.933333333332712,16.53333333333171,43433,43926,0,40,207,191,32,1.0,1.0
rate3.0_s12,2.0,selected_ungated,81516,12.333333333333144,10.66666666666665,14.933333333333302,14.066666666666677,5.081666666666808,4.420000000000085,1.7310426001747798,1.7790153198838294,2.7777777777777755,3.0142857142857196,8.333333333331552,34.133333333331734,41469,44225,0,40,209,212,44,1.0,1.0
rate3.0_s12,2.0,selected_ungated,81517,15.799999999999613,12.466666666666711,18.066666666666734,14.80000000000004,6.248333333333499,4.840000000000169,1.9615922866829854,1.8637712431975388,3.389743589743598,3.1733333333333302,25.066666666665242,16.46666666666556,42192,43360,0,40,205,209,44,1.0,1.0
rate3.0_s12,2.0,selected_ungated,81518,12.066666666667402,13.3333333333332,13.800000000000807,16.466666666666526,5.776666666666812,4.943333333333469,2.026681714758396,1.9456899350520362,3.666666666666648,3.633333333333411,7.666666666666401,12.466666666666129,41859,43650,0,40,219,204,39,1.0,1.0
rate3.0_s12,2.0,selected_ungated,81519,13.66666666666697,10.333333333333357,16.599999999999852,13.666666666666515,5.580000000000181,4.071666666666887,2.020470264934628,1.8796520601973872,3.793333333333334,3.3555555555555827,15.866666666664855,15.66666666666572,42275,43889,0,40,204,208,44,1.0,1.0
rate3.0_s12,2.0,selected_ungated,81520,13.333333333333343,10.46666666666647,18.400000000000063,15.599999999999937,5.2500000000000675,4.05500000000007,1.8616307806588543,1.8877256083945873,3.688888888888935,4.0499999999999545,25.133333333332644,30.33333333333269,42956,44738,0,40,217,195,38,1.0,1.0
rate3.0_s12,2.0,selected_ungated,81521,13.666666666666657,10.933333333333394,18.933333333333508,15.000000000000568,5.373333333333511,4.245000000000214,1.8953123813362633,1.9065367975643879,3.9888888888888836,3.7111111111111246,17.466666666665333,27.06666666666581,42460,44166,0,40,195,199,41,1.0,1.0
rate3.0_s12,2.0,selected_ungated,81522,14.40000000000066,9.866666666666958,16.866666666667243,13.933333333333337,6.588333333333456,4.041666666666863,1.986894852831168,1.8543242612342508,3.674074074074118,3.050000000000047,27.79999999999893,19.599999999999227,42636,43752,0,40,226,202,36,1.0,1.0
rate3.0_s12,2.0,selected_ungated,81523,12.799999999999976,11.000000000000227,16.466666666666526,16.59999999999996,4.8700000000001875,4.255000000000207,1.8921874141724928,1.8926318716488977,3.1444444444444124,3.20000000000003,15.399999999999636,14.999999999999773,42026,43472,0,40,202,192,42,1.0,1.0
rate3.0_s12,2.0,selected_ungated,81524,14.866666666666646,13.46666666666647,18.73333333333329,17.933333333333508,6.43666666666678,4.893333333333491,2.0155699595499756,1.850109448017752,4.08333333333335,2.9888888888889746,14.333333333333258,37.93333333333294,41918,44616,0,40,217,204,41,1.0,1.0
rate3.0_s12,2.0,selected_ungated,81525,12.800000000000693,9.800000000000693,15.333333333333428,13.466666666666498,5.81166666666686,4.193333333333511,2.027203915987292,1.8488014861753341,3.517948717948726,2.8999999999999964,33.933333333332484,21.333333333332916,44186,44478,0,40,208,219,41,1.0,1.0
rate3.0_s12,2.0,selected_ungated,81526,14.066666666667459,10.999999999999986,20.73333333333339,15.133333333333368,6.590000000000203,4.333333333333536,2.0012858718524393,1.837659016664779,4.219047619047639,2.999999999999997,28.133333333331507,10.933333333332257,43434,43126,0,40,216,192,44,1.0,1.0
rate3.0_s12,2.0,selected_ungated,81527,14.333333333333314,13.000000000000014,17.86666666666713,24.3333333333332,5.703333333333593,4.63166666666687,1.946534850329999,1.949205417627489,3.257777777777776,3.0888888888888864,21.666666666665378,28.46666666666556,42531,44083,0,40,201,192,35,1.0,1.0
rate3.0_s12,2.0,selected_ungated,81528,14.000000000000398,10.333333333333144,16.066666666667174,14.133333333333553,6.293333333333544,4.08500000000023,1.9574853904989173,1.7798303778354265,3.1833333333332234,3.1090909090909182,13.999999999999773,11.999999999999545,42364,43440,0,40,227,213,44,1.0,1.0
rate3.0_s12,2.0,selected_ungated,81529,13.80000000000041,9.199999999999989,16.46666666666698,13.000000000000341,6.23500000000016,4.308333333333542,2.0664657191754583,1.8963103793145386,3.950000000000074,3.1047619047619,25.066666666666265,14.86666666666622,43547,43866,0,40,223,211,47,1.0,1.0
rate3.0_s12,2.0,original_q2_a0.8_or_ungated,81500,12.599999999999973,11.666666666667084,16.266666666667163,18.066666666666947,5.341666666666884,4.551666666666879,1.8807121482247458,1.8065734855208018,3.3888888888889994,3.5066666666667174,20.733333333332666,15.533333333332507,43195,44192,0,40,203,197,92,1.0,1.0
rate3.0_s12,2.0,original_q2_a0.8_or_ungated,81501,13.333333333333343,16.26666666666739,17.60000000000005,24.7999999999995,6.15333333333339,5.515000000000077,2.0682581587621267,1.9152860714902429,3.80000000000004,3.3636363636363016,15.599999999997976,21.59999999999934,42190,44276,0,40,213,194,91,1.0,1.0
rate3.0_s12,2.0,original_q2_a0.8_or_ungated,81502,13.933333333333366,11.933333333333309,16.466666666666924,16.866666666667413,5.9500000000001965,4.718333333333563,1.9542951598438392,1.9067632801108914,3.441666666666677,3.3714285714285688,48.933333333332484,38.3333333333328,43721,44869,0,40,227,185,92,1.0,1.0
rate3.0_s12,2.0,original_q2_a0.8_or_ungated,81503,13.866666666667356,12.79999999999987,19.53333333333393,15.133333333333269,6.035000000000172,4.985000000000204,1.9824236723964603,1.8215007405645176,3.7222222222222,3.340000000000026,13.533333333332962,16.933333333332598,42493,44244,0,40,225,197,92,1.0,1.0
rate3.0_s12,2.0,original_q2_a0.8_or_ungated,81504,14.133333333333319,13.266666666666637,18.466666666667038,21.066666666667345,6.140000000000125,5.133333333333456,2.0701194969535286,1.9274057804373832,4.0285714285714675,3.5500000000000043,5.26666666666506,28.666666666665606,41471,44232,0,40,214,182,92,1.0,1.0
rate3.0_s12,2.0,original_q2_a0.8_or_ungated,81505,13.199999999999982,14.800000000000523,22.066666666666663,23.866666666666703,5.983333333333489,5.473333333333438,2.0059236660319426,1.8864733540263985,3.716666666666665,3.5333333333333883,29.333333333331552,17.13333333333287,42981,43894,0,40,213,194,92,1.0,1.0
rate3.0_s12,2.0,original_q2_a0.8_or_ungated,81506,16.000000000000057,13.666666666667197,31.799999999999898,25.666666666666686,6.290000000000014,5.58166666666681,2.0496701549308907,1.841363745958494,3.681481481481291,3.0102564102564093,20.59999999999752,15.799999999998136,42747,44211,0,40,219,197,92,1.0,1.0
rate3.0_s12,2.0,original_q2_a0.8_or_ungated,81507,14.73333333333369,17.200000000000614,19.266666666666694,25.13333333333344,6.1033333333335476,5.925000000000242,2.0668290079995417,1.9772662223565882,3.9666666666666632,4.685714285714312,22.533333333332052,17.33333333333269,42566,44025,0,40,195,201,92,1.0,1.0
rate3.0_s12,2.0,original_q2_a0.8_or_ungated,81508,12.399999999999949,13.600000000000932,20.933333333333294,16.266666666666794,5.470000000000226,5.1800000000002395,1.985886964253838,1.9931746242319928,3.666666666666657,4.076190476190486,6.333333333332575,1.9333333333323708,42275,42916,0,40,195,192,91,1.0,1.0
rate3.0_s12,2.0,original_q2_a0.8_or_ungated,81509,12.333333333333321,13.733333333333206,14.666666666666657,20.13333333333341,5.131666666666818,5.505000000000168,1.7499605085145133,1.8088675502099307,2.4800000000001434,3.1333333333333337,7.533333333332621,25.13333333333128,42068,43882,0,40,197,194,92,1.0,1.0
rate3.0_s12,2.0,original_q2_a0.8_or_ungated,81510,14.13333333333378,13.799999999999955,17.866666666667072,21.599999999999994,6.511666666666828,5.015000000000166,2.0165185923360744,1.7731325095493702,3.4333333333333598,3.1333333333333298,25.13333333333196,15.933333333331916,42740,43726,0,40,216,196,92,1.0,1.0
rate3.0_s12,2.0,original_q2_a0.8_or_ungated,81511,13.46666666666681,16.533333333333218,15.133333333333411,21.733333333333576,5.625000000000196,5.623333333333565,1.9185100194822475,2.0577374445851784,3.6400000000002364,3.7904761904761943,9.466666666666356,21.666666666666515,42398,44149,0,40,216,175,92,1.0,1.0
rate3.0_s12,2.0,original_q2_a0.8_or_ungated,81512,14.333333333333826,15.599999999999937,19.26666666666665,19.200000000000728,6.62833333333352,5.301666666666869,2.1953787722901272,1.9765736892424846,4.266666666666609,3.61666666666666,12.133333333333098,24.133333333332985,42063,44278,0,40,205,192,92,1.0,1.0
rate3.0_s12,2.0,original_q2_a0.8_or_ungated,81513,14.133333333333184,13.066666666667459,21.733333333333377,14.666666666666572,5.76666666666686,4.6816666666668985,1.8844210068600575,1.825404009806848,3.162962962962941,3.1166666666666103,16.066666666664332,22.466666666664878,42479,44381,0,40,201,190,92,1.0,1.0
rate3.0_s12,2.0,original_q2_a0.8_or_ungated,81514,14.133333333332985,12.066666666667345,25.733333333333576,22.26666666666663,6.360000000000099,5.118333333333508,2.0267953418348097,1.9450306337549386,4.066666666666663,3.4999999999999947,17.13333333333253,18.13333333333162,42636,43476,0,40,213,204,92,1.0,1.0
rate3.0_s12,2.0,original_q2_a0.8_or_ungated,81515,14.999999999999986,12.800000000000153,26.999999999999943,16.466666666666526,6.026666666666844,5.106666666666819,1.9333024508989711,1.8081774306699785,3.3666666666666174,3.144444444444442,29.933333333332712,8.933333333332484,43433,43783,0,40,207,222,92,1.0,1.0
rate3.0_s12,2.0,original_q2_a0.8_or_ungated,81516,12.333333333333144,12.066666666667345,14.933333333333302,16.80000000000024,5.081666666666808,5.093333333333482,1.7310426001747798,1.806492496714654,2.7777777777777755,3.066666666666625,8.333333333331552,29.533333333332962,41469,44767,0,40,209,200,92,1.0,1.0
rate3.0_s12,2.0,original_q2_a0.8_or_ungated,81517,15.799999999999613,14.533333333332621,18.066666666666734,22.599999999999113,6.248333333333499,5.961666666666806,1.9615922866829854,2.0385204155907486,3.389743589743598,3.833333333333377,25.066666666665242,39.0666666666649,42192,45057,0,40,205,189,92,1.0,1.0
rate3.0_s12,2.0,original_q2_a0.8_or_ungated,81518,12.066666666667402,13.199999999999022,13.800000000000807,24.53333333333339,5.776666666666812,5.340000000000129,2.026681714758396,2.049444169982626,3.666666666666648,4.076923076923129,7.666666666666401,24.86666666666474,41859,44607,0,40,219,182,91,1.0,1.0
rate3.0_s12,2.0,original_q2_a0.8_or_ungated,81519,13.66666666666697,11.533333333333417,16.599999999999852,14.66666666666697,5.580000000000181,4.785000000000175,2.020470264934628,1.7894876189778026,3.793333333333334,3.200000000000007,15.866666666664855,12.866666666665424,42275,44555,0,40,204,201,92,1.0,1.0
rate3.0_s12,2.0,original_q2_a0.8_or_ungated,81520,13.333333333333343,14.466666666667095,18.400000000000063,17.3333333333334,5.2500000000000675,5.083333333333351,1.8616307806588543,1.947328722009477,3.688888888888935,4.000000000000132,25.133333333332644,18.133333333331393,42956,44129,0,40,217,195,92,1.0,1.0
rate3.0_s12,2.0,original_q2_a0.8_or_ungated,81521,13.666666666666657,15.46666666666681,18.933333333333508,20.400000000000006,5.373333333333511,5.533333333333517,1.8953123813362633,1.918416580216148,3.9888888888888836,3.950000000000088,17.466666666665333,17.266666666664833,42460,44466,0,40,195,212,92,1.0,1.0
rate3.0_s12,2.0,original_q2_a0.8_or_ungated,81522,14.40000000000066,14.333333333333485,16.866666666667243,18.333333333334053,6.588333333333456,5.36333333333351,1.986894852831168,2.0020801066554,3.674074074074118,3.8888888888889266,27.79999999999893,30.799999999999045,42636,44793,0,40,226,207,92,1.0,1.0
rate3.0_s12,2.0,original_q2_a0.8_or_ungated,81523,12.799999999999976,11.399999999999949,16.466666666666526,13.533333333333871,4.8700000000001875,4.53166666666688,1.8921874141724928,1.8553029919082678,3.1444444444444124,3.34666666666667,15.399999999999636,23.399999999999068,42026,44400,0,40,202,188,92,1.0,1.0
rate3.0_s12,2.0,original_q2_a0.8_or_ungated,81524,14.866666666666646,15.53333333333353,18.73333333333329,29.333333333333428,6.43666666666678,6.116666666666854,2.0155699595499756,1.9259552549132797,4.08333333333335,3.8000000000000114,14.333333333333258,18.933333333332712,41918,44184,0,40,217,202,92,1.0,1.0
rate3.0_s12,2.0,original_q2_a0.8_or_ungated,81525,12.800000000000693,10.800000000000693,15.333333333333428,12.266666666667334,5.81166666666686,4.566666666666876,2.027203915987292,1.9290875064157187,3.517948717948726,3.3857142857143043,33.933333333332484,25.733333333332098,44186,44976,0,40,208,198,92,1.0,1.0
rate3.0_s12,2.0,original_q2_a0.8_or_ungated,81526,14.066666666667459,13.133333333333894,20.73333333333339,16.60000000000076,6.590000000000203,5.391666666666898,2.0012858718524393,1.8969564450322733,4.219047619047639,3.8800000000000865,28.133333333331507,16.133333333332303,43434,44576,0,40,216,196,92,1.0,1.0
rate3.0_s12,2.0,original_q2_a0.8_or_ungated,81527,14.333333333333314,12.066666666667516,17.86666666666713,18.866666666667356,5.703333333333593,4.835000000000207,1.946534850329999,1.959454886229633,3.257777777777776,3.5809523809523927,21.666666666665378,28.266666666665742,42531,44756,0,40,201,188,92,1.0,1.0
rate3.0_s12,2.0,original_q2_a0.8_or_ungated,81528,14.000000000000398,9.93333333333402,16.066666666667174,15.000000000000114,6.293333333333544,4.385000000000241,1.9574853904989173,1.853414087200167,3.1833333333332234,3.333333333333352,13.999999999999773,16.200000000000045,42364,44079,0,40,227,209,92,1.0,1.0
rate3.0_s12,2.0,original_q2_a0.8_or_ungated,81529,13.80000000000041,13.200000000000273,16.46666666666698,15.66666666666697,6.23500000000016,5.116666666666855,2.0664657191754583,1.8981181497548998,3.950000000000074,3.4333333333333607,25.066666666666265,16.066666666666492,43547,44130,0,40,223,202,91,1.0,1.0
rate3.0_s12,2.0,runner_up_ungated,81500,12.599999999999973,9.733333333333363,16.266666666667163,13.000000000000568,5.341666666666884,4.0583333333335245,1.8807121482247458,1.7379340409087427,3.3888888888889994,2.8923076923077007,20.733333333332666,12.933333333332598,43195,43741,0,40,203,194,47,1.0,1.0
rate3.0_s12,2.0,runner_up_ungated,81501,13.333333333333343,13.000000000000341,17.60000000000005,17.59999999999968,6.15333333333339,4.595000000000103,2.0682581587621267,1.8754962538278703,3.80000000000004,3.130000000000021,15.599999999997976,9.999999999999545,42190,43677,0,40,213,209,50,1.0,1.0
rate3.0_s12,2.0,runner_up_ungated,81502,13.933333333333366,11.400000000000205,16.466666666666924,15.533333333333417,5.9500000000001965,4.565000000000185,1.9542951598438392,1.8605838747516794,3.441666666666677,3.4166666666666807,48.933333333332484,29.333333333332348,43721,44769,0,40,227,207,47,1.0,1.0
rate3.0_s12,2.0,runner_up_ungated,81503,13.866666666667356,10.46666666666755,19.53333333333393,13.933333333333394,6.035000000000172,4.255000000000207,1.9824236723964603,1.7608364300571329,3.7222222222222,2.811111111111122,13.533333333332962,12.933333333332712,42493,44186,0,40,225,210,50,1.0,1.0
rate3.0_s12,2.0,runner_up_ungated,81504,14.133333333333319,11.199999999999932,18.466666666667038,15.666666666667425,6.140000000000125,4.531666666666793,2.0701194969535286,1.9011791977043986,4.0285714285714675,3.6380952380952465,5.26666666666506,18.666666666665606,41471,43830,0,40,214,204,50,1.0,1.0
rate3.0_s12,2.0,runner_up_ungated,81505,13.199999999999982,11.666666666666856,22.066666666666663,16.133333333333297,5.983333333333489,4.715000000000123,2.0059236660319426,1.904011701355871,3.716666666666665,3.800000000000023,29.333333333331552,15.133333333332303,42981,43244,0,40,213,216,50,1.0,1.0
rate3.0_s12,2.0,runner_up_ungated,81506,16.000000000000057,12.73333333333332,31.799999999999898,16.33333333333337,6.290000000000014,5.158333333333437,2.0496701549308907,1.8837829772424475,3.681481481481291,3.25128205128205,20.59999999999752,26.199999999997885,42747,44580,0,40,219,204,47,1.0,1.0
rate3.0_s12,2.0,runner_up_ungated,81507,14.73333333333369,10.99999999999983,19.266666666666694,15.266666666666879,6.1033333333335476,4.695000000000229,2.0668290079995417,1.9738887311613056,3.9666666666666632,3.7777777777777666,22.533333333332052,22.733333333332553,42566,44116,0,40,195,200,50,1.0,1.0
rate3.0_s12,2.0,runner_up_ungated,81508,12.399999999999949,12.600000000000875,20.933333333333294,15.066666666666805,5.470000000000226,4.713333333333533,1.985886964253838,2.035610900311272,3.666666666666657,4.13333333333334,6.333333333332575,4.933333333332371,42275,43348,0,40,195,193,50,1.0,1.0
rate3.0_s12,2.0,runner_up_ungated,81509,12.333333333333321,12.466666666666669,14.666666666666657,15.466666666666924,5.131666666666818,4.931666666666792,1.7499605085145133,1.8954889173024325,2.4800000000001434,3.5333333333333354,7.533333333332621,18.53333333333262,42068,43734,0,40,197,206,50,1.0,1.0
rate3.0_s12,2.0,runner_up_ungated,81510,14.13333333333378,10.93333333333328,17.866666666667072,14.000000000000227,6.511666666666828,4.108333333333531,2.0165185923360744,1.848273002839089,3.4333333333333598,2.9303030303030395,25.13333333333196,10.933333333332826,42740,42733,0,40,216,205,47,1.0,1.0
rate3.0_s12,2.0,runner_up_ungated,81511,13.46666666666681,10.6666666666666,15.133333333333411,13.466666666666626,5.625000000000196,3.93833333333357,1.9185100194822475,1.832138632653963,3.6400000000002364,3.0063492063492143,9.466666666666356,21.266666666666197,42398,43965,0,40,216,187,50,1.0,1.0
rate3.0_s12,2.0,runner_up_ungated,81512,14.333333333333826,13.666666666667197,19.26666666666665,19.266666666666737,6.62833333333352,5.288333333333504,2.1953787722901272,1.984511294736155,4.266666666666609,3.4666666666667294,12.133333333333098,20.933333333333053,42063,43962,0,40,205,215,50,1.0,1.0
rate3.0_s12,2.0,runner_up_ungated,81513,14.133333333333184,13.466666666666647,21.733333333333377,17.466666666666555,5.76666666666686,4.783333333333545,1.8844210068600575,1.8940692418744036,3.162962962962941,3.309090909090919,16.066666666664332,11.866666666664855,42479,42769,0,40,201,194,50,1.0,1.0
rate3.0_s12,2.0,runner_up_ungated,81514,14.133333333332985,10.66666666666665,25.733333333333576,16.266666666666623,6.360000000000099,4.066666666666793,2.0267953418348097,1.8106979160386878,4.066666666666663,3.5600000000000707,17.13333333333253,17.53333333333194,42636,43440,0,40,213,203,47,1.0,1.0
rate3.0_s12,2.0,runner_up_ungated,81515,14.999999999999986,13.600000000000705,26.999999999999943,21.599999999999795,6.026666666666844,5.085000000000163,1.9333024508989711,1.9645515351966016,3.3666666666666174,3.544444444444443,29.933333333332712,16.53333333333171,43433,43926,0,40,207,191,50,1.0,1.0
rate3.0_s12,2.0,runner_up_ungated,81516,12.333333333333144,10.66666666666665,14.933333333333302,14.066666666666677,5.081666666666808,4.420000000000085,1.7310426001747798,1.7790153198838294,2.7777777777777755,3.0142857142857196,8.333333333331552,34.133333333331734,41469,44225,0,40,209,212,50,1.0,1.0
rate3.0_s12,2.0,runner_up_ungated,81517,15.799999999999613,12.466666666666711,18.066666666666734,14.80000000000004,6.248333333333499,4.840000000000169,1.9615922866829854,1.8637712431975388,3.389743589743598,3.1733333333333302,25.066666666665242,16.46666666666556,42192,43360,0,40,205,209,50,1.0,1.0
rate3.0_s12,2.0,runner_up_ungated,81518,12.066666666667402,13.3333333333332,13.800000000000807,16.466666666666526,5.776666666666812,4.943333333333469,2.026681714758396,1.9456899350520362,3.666666666666648,3.633333333333411,7.666666666666401,12.466666666666129,41859,43650,0,40,219,204,47,1.0,1.0
rate3.0_s12,2.0,runner_up_ungated,81519,13.66666666666697,10.333333333333357,16.599999999999852,13.666666666666515,5.580000000000181,4.071666666666887,2.020470264934628,1.8796520601973872,3.793333333333334,3.3555555555555827,15.866666666664855,15.66666666666572,42275,43889,0,40,204,208,50,1.0,1.0
rate3.0_s12,2.0,runner_up_ungated,81520,13.333333333333343,10.46666666666647,18.400000000000063,15.599999999999937,5.2500000000000675,4.05500000000007,1.8616307806588543,1.8877256083945873,3.688888888888935,4.0499999999999545,25.133333333332644,30.33333333333269,42956,44738,0,40,217,195,47,1.0,1.0
rate3.0_s12,2.0,runner_up_ungated,81521,13.666666666666657,10.933333333333394,18.933333333333508,15.000000000000568,5.373333333333511,4.245000000000214,1.8953123813362633,1.9065367975643879,3.9888888888888836,3.7111111111111246,17.466666666665333,27.06666666666581,42460,44166,0,40,195,199,50,1.0,1.0
rate3.0_s12,2.0,runner_up_ungated,81522,14.40000000000066,9.866666666666958,16.866666666667243,13.933333333333337,6.588333333333456,4.041666666666863,1.986894852831168,1.8543242612342508,3.674074074074118,3.050000000000047,27.79999999999893,19.599999999999227,42636,43752,0,40,226,202,50,1.0,1.0
rate3.0_s12,2.0,runner_up_ungated,81523,12.799999999999976,11.000000000000227,16.466666666666526,16.59999999999996,4.8700000000001875,4.255000000000207,1.8921874141724928,1.8926318716488977,3.1444444444444124,3.20000000000003,15.399999999999636,14.999999999999773,42026,43472,0,40,202,192,50,1.0,1.0
rate3.0_s12,2.0,runner_up_ungated,81524,14.866666666666646,13.46666666666647,18.73333333333329,17.933333333333508,6.43666666666678,4.893333333333491,2.0155699595499756,1.850109448017752,4.08333333333335,2.9888888888889746,14.333333333333258,37.93333333333294,41918,44616,0,40,217,204,50,1.0,1.0
rate3.0_s12,2.0,runner_up_ungated,81525,12.800000000000693,9.800000000000693,15.333333333333428,13.466666666666498,5.81166666666686,4.193333333333511,2.027203915987292,1.8488014861753341,3.517948717948726,2.8999999999999964,33.933333333332484,21.333333333332916,44186,44478,0,40,208,219,47,1.0,1.0
rate3.0_s12,2.0,runner_up_ungated,81526,14.066666666667459,10.999999999999986,20.73333333333339,15.133333333333368,6.590000000000203,4.333333333333536,2.0012858718524393,1.837659016664779,4.219047619047639,2.999999999999997,28.133333333331507,10.933333333332257,43434,43126,0,40,216,192,50,1.0,1.0
rate3.0_s12,2.0,runner_up_ungated,81527,14.333333333333314,13.000000000000014,17.86666666666713,24.3333333333332,5.703333333333593,4.63166666666687,1.946534850329999,1.949205417627489,3.257777777777776,3.0888888888888864,21.666666666665378,28.46666666666556,42531,44083,0,40,201,192,50,1.0,1.0
rate3.0_s12,2.0,runner_up_ungated,81528,14.000000000000398,10.333333333333144,16.066666666667174,14.133333333333553,6.293333333333544,4.08500000000023,1.9574853904989173,1.7798303778354265,3.1833333333332234,3.1090909090909182,13.999999999999773,11.999999999999545,42364,43440,0,40,227,213,50,1.0,1.0
rate3.0_s12,2.0,runner_up_ungated,81529,13.80000000000041,9.199999999999989,16.46666666666698,13.000000000000341,6.23500000000016,4.308333333333542,2.0664657191754583,1.8963103793145386,3.950000000000074,3.1047619047619,25.066666666666265,14.86666666666622,43547,43866,0,40,223,211,50,1.0,1.0
