workload,penalty,variant,seed,baseline_p95_wait,variant_p95_wait,baseline_p99_wait,variant_p99_wait,baseline_avg_wait,variant_avg_wait,baseline_avg_slowdown,variant_avg_slowdown,baseline_p95_slowdown,variant_p95_slowdown,baseline_makespan_excess,variant_makespan_excess,baseline_sched_cores_scanned,variant_sched_cores_scanned,baseline_burst_balance_levels_walked,variant_burst_balance_levels_walked,baseline_total_migrations,variant_total_migrations,detector_fires,recall,precision
bursty_high_s64,0.0,selected_gated,80400,59.79999999999956,57.86666666666571,92.93333333333155,91.46666666666482,16.63937499999924,16.887187499999243,5.145992938234906,5.162832251933759,11.644444444444375,11.499999999999872,126.46666666666653,123.26666666666654,84520,85994,0,132,520,551,205,0.9,1.0
bursty_high_s64,0.0,selected_gated,80401,50.399999999998045,61.39999999999907,77.8666666666652,91.59999999999803,14.728437499999242,17.106874999999246,4.83754146889254,4.8158201922635095,11.108333333333128,11.653333333333213,116.53333333333308,117.33333333333314,83139,84876,0,116,500,604,213,0.9,1.0
bursty_high_s64,0.0,selected_gated,80402,66.13333333333128,56.733333333332666,95.33333333333275,91.06666666666553,17.939687499999245,17.517187499999245,5.358358099877494,5.480425972858852,12.111111111111045,12.775000000000041,132.4000000000001,130.59999999999997,83513,85596,0,116,518,621,213,1.0,1.0
bursty_high_s64,0.0,selected_gated,80403,64.73333333333153,60.999999999999034,139.9999999999982,88.19999999999891,18.861249999999252,18.002187499999245,6.016529739135554,6.185353230887773,13.959999999999695,13.71111111111115,137.6666666666668,136.66666666666674,82064,84259,0,120,548,546,223,0.9,1.0
bursty_high_s64,0.0,selected_gated,80404,51.79999999999862,50.26666666666563,90.06666666666484,79.19999999999925,13.830624999999236,14.130937499999229,4.905588232376495,5.001680177761491,11.89166666666659,11.266666666666573,113.79999999999978,114.39999999999975,85285,85784,0,104,505,514,171,0.9,1.0
bursty_high_s64,0.0,selected_gated,80405,59.533333333332735,59.466666666665986,90.59999999999906,87.99999999999909,16.166874999999244,15.966249999999238,4.969790090155394,4.854358680366749,11.419047619047657,11.174358974358832,121.60000000000002,123.80000000000007,84153,87205,0,136,512,596,194,0.9,1.0
bursty_high_s64,0.0,selected_gated,80406,52.79999999999774,57.79999999999842,86.2666666666654,83.5333333333312,15.340624999999239,17.27593749999924,5.2091064894438555,5.0668702952525795,12.23333333333317,12.159999999999929,109.99999999999989,107.99999999999994,83456,85689,0,128,473,621,241,0.9,1.0
bursty_high_s64,0.0,selected_gated,80407,60.86666666666429,53.0666666666657,91.86666666666582,82.59999999999962,17.142499999999245,16.574062499999247,5.483562427074332,5.373294374980765,12.988888888888761,12.066666666666709,123.2000000000001,126.80000000000001,84610,87058,0,128,534,613,230,0.9,1.0
bursty_high_s64,0.0,selected_gated,80408,59.199999999998084,60.06666666666476,99.86666666666514,93.79999999999896,15.504374999999238,16.37468749999924,5.073327928839449,5.113684013808333,12.108333333333299,12.099999999999888,134.5333333333333,122.53333333333325,83730,84601,0,128,545,569,209,0.9,1.0
bursty_high_s64,0.0,selected_gated,80409,55.86666666666551,61.53333333333126,87.19999999999953,88.99999999999858,15.621249999999241,17.176562499999243,5.386393026942196,5.186806796238183,12.985185185185092,11.096296296296183,122.93333333333311,123.1333333333331,83077,85613,0,104,511,598,208,0.9,1.0
bursty_high_s64,0.0,selected_gated,80410,66.86666666666605,63.53333333333205,100.73333333333176,92.46666666666533,16.836249999999247,17.05156249999925,5.044666154368846,5.09609499836398,12.115151515151403,11.509090909090764,123.93333333333322,114.13333333333321,84069,85908,0,116,511,581,200,0.9,1.0
bursty_high_s64,0.0,selected_gated,80411,53.066666666665924,55.533333333332536,94.59999999999954,79.73333333333116,16.636249999999244,17.735624999999253,5.541526291180355,5.5006509225283,13.833333333332874,13.509090909090851,121.19999999999993,113.79999999999984,83686,85670,0,136,492,621,236,0.9,1.0
bursty_high_s64,0.0,selected_gated,80412,61.99999999999824,53.7999999999995,102.73333333333113,77.6666666666647,16.614999999999238,16.12499999999924,5.078154624697706,5.110627209231307,12.720000000000084,12.866666666666553,113.93333333333317,117.13333333333327,83789,86553,0,124,518,575,210,1.0,1.0
bursty_high_s64,0.0,selected_gated,80413,60.46666666666485,57.4666666666659,95.59999999999775,83.86666666666599,17.835624999999244,18.568124999999245,5.558557221504978,5.584313670090635,13.545454545454445,12.400000000000023,123.7999999999999,129.39999999999986,82242,86491,0,144,463,567,218,0.9,1.0
bursty_high_s64,0.0,selected_gated,80414,58.06666666666473,58.93333333333129,97.46666666666556,81.3333333333324,16.295312499999234,17.044999999999238,5.266338162432821,5.129446563271864,12.94999999999984,11.249999999999842,117.86666666666656,113.0666666666666,82626,85114,0,128,516,565,225,0.9,1.0
bursty_high_s64,0.0,selected_gated,80415,47.66666666666529,54.59999999999758,88.73333333333102,79.53333333333126,13.992812499999228,16.02499999999924,4.943058485356751,4.972097969164169,11.247619047618977,13.079999999999917,111.39999999999992,112.0,84173,86468,0,124,460,591,201,0.9,1.0
bursty_high_s64,0.0,selected_gated,80416,59.79999999999916,54.466666666665105,104.59999999999889,96.33333333333218,16.12624999999924,17.47374999999925,5.19220705226675,5.373404277043112,11.966666666666587,12.56969696969689,124.39999999999992,118.80000000000001,82183,85831,0,124,517,594,209,1.0,1.0
bursty_high_s64,0.0,selected_gated,80417,53.26666666666688,53.80000000000024,79.86666666666451,87.39999999999799,14.28062499999923,15.911562499999244,4.73334203486148,4.837482945971226,10.733333333333336,12.409523809523733,107.79999999999984,109.39999999999998,81886,86829,0,128,502,563,210,0.9,1.0
bursty_high_s64,0.0,selected_gated,80418,60.39999999999924,61.199999999999704,96.5999999999978,90.93333333333123,17.458124999999246,18.442499999999242,5.907836400461209,5.919857753025044,14.028571428571215,14.533333333333392,133.93333333333317,138.13333333333316,83000,85902,0,120,548,615,233,0.9,1.0
bursty_high_s64,0.0,selected_gated,80419,61.93333333333291,52.73333333333119,93.93333333333118,84.79999999999882,15.210937499999236,16.260624999999237,4.7203051031291015,4.704603462650286,11.494444444444264,12.059999999999928,114.93333333333317,111.93333333333294,83462,86585,0,136,510,642,213,0.9,1.0
bursty_high_s64,0.0,selected_gated,80420,68.39999999999748,70.26666666666489,91.66666666666481,90.0666666666643,18.620312499999248,19.554374999999258,5.37357050208199,5.421618066717416,11.13777777777777,12.233333333333057,122.80000000000007,127.39999999999992,83801,85116,0,116,546,588,235,0.9,1.0
bursty_high_s64,0.0,selected_gated,80421,59.5999999999984,53.59999999999911,102.86666666666542,94.5333333333324,17.260937499999244,17.199374999999247,5.1989700024810235,5.163812235354431,12.253333333333302,12.157575757575584,124.39999999999986,126.60000000000002,83110,85857,0,132,547,638,209,0.9,1.0
bursty_high_s64,0.0,selected_gated,80422,58.86666666666457,59.66666666666583,83.19999999999891,81.46666666666522,15.820624999999243,16.180624999999246,5.058116880778607,5.1213590023480515,11.743589743589714,12.461904761904817,111.59999999999991,119.20000000000005,82720,83537,0,124,491,592,178,0.9,1.0
bursty_high_s64,0.0,selected_gated,80423,56.9333333333318,57.86666666666568,89.93333333333226,94.93333333333163,16.707499999999243,16.742187499999243,5.313799436761502,5.459534360599366,12.216666666666526,12.897435897435763,118.59999999999991,124.19999999999993,82153,87003,0,124,484,608,172,0.9,1.0
bursty_high_s64,0.0,selected_gated,80424,61.59999999999911,56.13333333333128,92.06666666666482,101.26666666666563,16.368749999999235,16.60156249999924,5.11840141389616,5.2170017869772,11.380392156862714,11.74722222222226,129.73333333333318,122.13333333333304,82479,85400,0,132,518,583,214,1.0,1.0
bursty_high_s64,0.0,selected_gated,80425,53.799999999999585,53.46666666666516,85.73333333333284,91.133333333331,15.30281249999923,15.719374999999243,4.89395368991267,4.880370202252737,10.746666666666645,10.717948717948632,115.99999999999989,117.0,82756,85001,0,132,553,622,192,0.9,1.0
bursty_high_s64,0.0,selected_gated,80426,60.99999999999983,51.39999999999918,96.59999999999815,88.79999999999944,16.253749999999243,15.392499999999234,5.2210198592912604,5.160794289676388,13.025641025641018,11.86190476190466,124.99999999999994,118.40000000000003,83269,86934,0,128,529,578,213,0.9,1.0
bursty_high_s64,0.0,selected_gated,80427,54.19999999999922,54.13333333333088,82.59999999999883,79.99999999999855,14.953437499999236,16.000937499999246,4.960082904464467,5.062297394140421,11.518518518518356,11.918518518518567,101.33333333333331,105.53333333333325,82757,86001,0,124,498,600,206,0.9,1.0
bursty_high_s64,0.0,selected_gated,80428,60.93333333333234,56.06666666666422,86.0666666666661,87.66666666666606,17.526874999999237,16.75374999999924,5.368134953291684,5.293914229916554,13.149999999999707,12.546666666666306,122.00000000000017,127.80000000000001,82994,85970,0,124,531,578,221,0.9,1.0
bursty_high_s64,0.0,selected_gated,80429,57.733333333332325,63.466666666665446,92.79999999999879,89.53333333333273,15.899687499999237,17.895624999999242,5.551862312564441,5.514949418744444,12.758333333333187,12.774999999999892,125.06666666666649,134.06666666666655,82366,84710,0,128,499,580,222,0.9,1.0
bursty_high_s64,0.0,selected_ungated,80400,59.79999999999956,64.5333333333312,92.93333333333155,95.26666666666591,16.63937499999924,16.396249999999235,5.145992938234906,5.273830165056431,11.644444444444375,12.353333333333179,126.46666666666653,125.86666666666656,84520,88842,0,132,520,628,205,0.9,1.0
bursty_high_s64,0.0,selected_ungated,80401,50.399999999998045,57.999999999998636,77.8666666666652,80.59999999999798,14.728437499999242,14.681874999999232,4.83754146889254,4.841783187306913,11.108333333333128,11.099999999999772,116.53333333333308,115.3333333333332,83139,87835,0,120,500,594,169,0.9,1.0
bursty_high_s64,0.0,selected_ungated,80402,66.13333333333128,66.19999999999868,95.33333333333275,111.13333333333242,17.939687499999245,18.164374999999247,5.358358099877494,5.6704348634047985,12.111111111111045,14.424999999999912,132.4000000000001,136.4000000000001,83513,87496,0,120,518,699,196,1.0,1.0
bursty_high_s64,0.0,selected_ungated,80403,64.73333333333153,65.3333333333315,139.9999999999982,106.79999999999961,18.861249999999252,18.63374999999925,6.016529739135554,6.018189707827624,13.959999999999695,14.694444444444281,137.6666666666668,140.8666666666669,82064,88046,0,136,548,612,215,0.9,1.0
bursty_high_s64,0.0,selected_ungated,80404,51.79999999999862,51.19999999999905,90.06666666666484,96.39999999999907,13.830624999999236,15.528749999999244,4.905588232376495,4.986003944340331,11.89166666666659,12.31666666666654,113.79999999999978,106.1999999999997,85285,88506,0,120,505,610,196,0.9,1.0
bursty_high_s64,0.0,selected_ungated,80405,59.533333333332735,60.199999999998795,90.59999999999906,113.06666666666501,16.166874999999244,16.359062499999244,4.969790090155394,4.845007954865679,11.419047619047657,11.533333333332706,121.60000000000002,124.40000000000003,84153,88110,0,128,512,631,193,0.9,1.0
bursty_high_s64,0.0,selected_ungated,80406,52.79999999999774,56.999999999998124,86.2666666666654,87.73333333333113,15.340624999999239,15.554062499999247,5.2091064894438555,5.1242463950691155,12.23333333333317,11.999999999999734,109.99999999999989,111.7999999999999,83456,88211,0,124,473,622,191,0.9,1.0
bursty_high_s64,0.0,selected_ungated,80407,60.86666666666429,55.86666666666565,91.86666666666582,90.66666666666589,17.142499999999245,17.18531249999925,5.483562427074332,5.469262053186681,12.988888888888761,13.97333333333321,123.2000000000001,126.2000000000001,84610,90215,0,128,534,715,232,0.9,1.0
bursty_high_s64,0.0,selected_ungated,80408,59.199999999998084,53.599999999998005,99.86666666666514,86.86666666666503,15.504374999999238,15.057187499999236,5.073327928839449,5.077413378706033,12.108333333333299,11.626666666666717,134.5333333333333,123.93333333333334,83730,87294,0,136,545,641,187,0.9,1.0
bursty_high_s64,0.0,selected_ungated,80409,55.86666666666551,53.59999999999792,87.19999999999953,84.66666666666612,15.621249999999241,15.96562499999924,5.386393026942196,5.297828221799424,12.985185185185092,12.695238095237837,122.93333333333311,126.73333333333306,83077,88586,0,112,511,631,206,0.9,1.0
bursty_high_s64,0.0,selected_ungated,80410,66.86666666666605,57.80000000000004,100.73333333333176,118.66666666666515,16.836249999999247,16.21656249999924,5.044666154368846,5.063532097057527,12.115151515151403,12.255555555555437,123.93333333333322,121.33333333333331,84069,88049,0,116,511,689,200,0.9,1.0
bursty_high_s64,0.0,selected_ungated,80411,53.066666666665924,53.99999999999915,94.59999999999954,99.86666666666588,16.636249999999244,18.25843749999925,5.541526291180355,5.4278452362920175,13.833333333332874,13.386666666666349,121.19999999999993,120.39999999999992,83686,87337,0,128,492,693,226,0.9,1.0
bursty_high_s64,0.0,selected_ungated,80412,61.99999999999824,53.066666666666734,102.73333333333113,85.33333333333093,16.614999999999238,14.936562499999232,5.078154624697706,4.99973905151728,12.720000000000084,12.558333333333266,113.93333333333317,119.13333333333327,83789,87902,0,120,518,555,183,1.0,1.0
bursty_high_s64,0.0,selected_ungated,80413,60.46666666666485,67.06666666666439,95.59999999999775,103.79999999999873,17.835624999999244,18.390624999999243,5.558557221504978,5.468112914982518,13.545454545454445,13.022222222222153,123.7999999999999,121.59999999999991,82242,88411,0,140,463,652,201,0.9,1.0
bursty_high_s64,0.0,selected_ungated,80414,58.06666666666473,51.66666666666495,97.46666666666556,84.2666666666652,16.295312499999234,15.950312499999237,5.266338162432821,5.2353147369914765,12.94999999999984,12.9666666666666,117.86666666666656,113.0666666666666,82626,87934,0,124,516,598,206,0.9,1.0
bursty_high_s64,0.0,selected_ungated,80415,47.66666666666529,56.466666666666015,88.73333333333102,79.0666666666645,13.992812499999228,14.86812499999923,4.943058485356751,4.995921590832328,11.247619047618977,12.241666666666713,111.39999999999992,108.19999999999987,84173,88723,0,120,460,585,188,0.9,1.0
bursty_high_s64,0.0,selected_ungated,80416,59.79999999999916,68.59999999999809,104.59999999999889,106.59999999999809,16.12624999999924,18.065312499999255,5.19220705226675,5.301765961528644,11.966666666666587,12.994444444444298,124.39999999999992,118.19999999999999,82183,87755,0,124,517,613,208,1.0,1.0
bursty_high_s64,0.0,selected_ungated,80417,53.26666666666688,48.73333333333244,79.86666666666451,84.5999999999976,14.28062499999923,14.536874999999231,4.73334203486148,4.994612986255943,10.733333333333336,12.066666666666595,107.79999999999984,117.5999999999998,81886,88413,0,132,502,616,173,0.9,1.0
bursty_high_s64,0.0,selected_ungated,80418,60.39999999999924,62.59999999999769,96.5999999999978,102.5999999999978,17.458124999999246,17.890937499999247,5.907836400461209,5.963798898451038,14.028571428571215,14.333333333333293,133.93333333333317,134.1333333333331,83000,88190,0,128,548,587,204,0.9,1.0
bursty_high_s64,0.0,selected_ungated,80419,61.93333333333291,48.26666666666591,93.93333333333118,77.06666666666439,15.210937499999236,14.344999999999237,4.7203051031291015,4.730790667036844,11.494444444444264,11.525925925925973,114.93333333333317,107.13333333333298,83462,88107,0,144,510,575,185,0.9,1.0
bursty_high_s64,0.0,selected_ungated,80420,68.39999999999748,67.19999999999794,91.66666666666481,119.79999999999833,18.620312499999248,18.361249999999245,5.37357050208199,5.63288871204003,11.13777777777777,12.73333333333327,122.80000000000007,129.8,83801,87519,0,112,546,629,193,0.9,1.0
bursty_high_s64,0.0,selected_ungated,80421,59.5999999999984,60.933333333332314,102.86666666666542,97.26666666666483,17.260937499999244,16.42031249999924,5.1989700024810235,5.270130901241298,12.253333333333302,12.39393939393919,124.39999999999986,132.19999999999993,83110,89156,0,120,547,615,166,0.9,1.0
bursty_high_s64,0.0,selected_ungated,80422,58.86666666666457,49.53333333333222,83.19999999999891,73.1333333333333,15.820624999999243,13.507499999999236,5.058116880778607,5.0922503226692974,11.743589743589714,11.906666666666263,111.59999999999991,119.20000000000005,82720,87428,0,124,491,520,152,0.9,1.0
bursty_high_s64,0.0,selected_ungated,80423,56.9333333333318,60.79999999999805,89.93333333333226,122.9333333333318,16.707499999999243,17.344687499999246,5.313799436761502,5.365079139645518,12.216666666666526,13.353846153846133,118.59999999999991,125.2000000000001,82153,87377,0,112,484,599,198,0.9,1.0
bursty_high_s64,0.0,selected_ungated,80424,61.59999999999911,54.53333333333234,92.06666666666482,87.06666666666513,16.368749999999235,16.06624999999924,5.11840141389616,5.306929040272892,11.380392156862714,11.999999999999861,129.73333333333318,129.73333333333306,82479,87323,0,120,518,563,183,1.0,1.0
bursty_high_s64,0.0,selected_ungated,80425,53.799999999999585,55.66666666666575,85.73333333333284,89.8666666666644,15.30281249999923,17.272499999999244,4.89395368991267,4.994479725611739,10.746666666666645,11.200000000000056,115.99999999999989,116.20000000000005,82756,87458,0,120,553,693,217,0.9,1.0
bursty_high_s64,0.0,selected_ungated,80426,60.99999999999983,56.933333333332826,96.59999999999815,84.13333333333165,16.253749999999243,15.604062499999236,5.2210198592912604,5.019148271758452,13.025641025641018,11.475000000000039,124.99999999999994,119.7999999999999,83269,89327,0,136,529,593,197,0.9,1.0
bursty_high_s64,0.0,selected_ungated,80427,54.19999999999922,58.73333333333187,82.59999999999883,81.86666666666486,14.953437499999236,15.628437499999237,4.960082904464467,5.039733976450193,11.518518518518356,12.658333333333204,101.33333333333331,101.13333333333327,82757,87742,0,120,498,592,206,0.9,1.0
bursty_high_s64,0.0,selected_ungated,80428,60.93333333333234,55.6666666666643,86.0666666666661,78.06666666666456,17.526874999999237,16.20187499999924,5.368134953291684,5.301665608806767,13.149999999999707,12.39999999999999,122.00000000000017,124.40000000000003,82994,88588,0,136,531,589,202,0.9,1.0
bursty_high_s64,0.0,selected_ungated,80429,57.733333333332325,56.06666666666615,92.79999999999879,95.3333333333315,15.899687499999237,15.445312499999233,5.551862312564441,5.50765439884866,12.758333333333187,12.612121212121234,125.06666666666649,127.46666666666641,82366,88017,0,128,499,595,183,0.9,1.0
bursty_high_s64,0.0,original_q2_a0.8_or_ungated,80400,59.79999999999956,59.333333333331666,92.93333333333155,106.66666666666595,16.63937499999924,16.729374999999248,5.145992938234906,5.324278715268698,11.644444444444375,12.003174603174651,126.46666666666653,127.66666666666663,84520,92667,0,220,520,682,416,1.0,1.0
bursty_high_s64,0.0,original_q2_a0.8_or_ungated,80401,50.399999999998045,53.53333333333106,77.8666666666652,102.6666666666647,14.728437499999242,14.585937499999243,4.83754146889254,4.714857370369449,11.108333333333128,10.90303030303017,116.53333333333308,106.33333333333297,83139,92763,0,240,500,641,389,1.0,1.0
bursty_high_s64,0.0,original_q2_a0.8_or_ungated,80402,66.13333333333128,65.39999999999804,95.33333333333275,101.93333333333271,17.939687499999245,18.716874999999245,5.358358099877494,5.572846286386536,12.111111111111045,13.296296296296356,132.4000000000001,132.0,83513,90623,0,200,518,738,441,1.0,1.0
bursty_high_s64,0.0,original_q2_a0.8_or_ungated,80403,64.73333333333153,61.99999999999892,139.9999999999982,95.13333333333247,18.861249999999252,18.335624999999247,6.016529739135554,6.032499977966339,13.959999999999695,13.999999999999886,137.6666666666668,140.86666666666667,82064,90436,0,204,548,676,443,1.0,1.0
bursty_high_s64,0.0,original_q2_a0.8_or_ungated,80404,51.79999999999862,49.26666666666506,90.06666666666484,105.66666666666447,13.830624999999236,14.098124999999234,4.905588232376495,4.8226406988493205,11.89166666666659,11.442424242424055,113.79999999999978,109.79999999999973,85285,92840,0,244,505,658,388,1.0,1.0
bursty_high_s64,0.0,original_q2_a0.8_or_ungated,80405,59.533333333332735,55.93333333333101,90.59999999999906,92.13333333333134,16.166874999999244,14.693749999999232,4.969790090155394,4.899391035888419,11.419047619047657,10.959999999999791,121.60000000000002,123.20000000000005,84153,91421,0,224,512,715,394,1.0,1.0
bursty_high_s64,0.0,original_q2_a0.8_or_ungated,80406,52.79999999999774,58.933333333331944,86.2666666666654,105.53333333333168,15.340624999999239,16.67062499999924,5.2091064894438555,5.202020867417421,12.23333333333317,13.366666666666438,109.99999999999989,110.99999999999989,83456,92940,0,216,473,670,413,1.0,1.0
bursty_high_s64,0.0,original_q2_a0.8_or_ungated,80407,60.86666666666429,58.066666666664844,91.86666666666582,95.86666666666446,17.142499999999245,17.546562499999247,5.483562427074332,5.296536700827429,12.988888888888761,13.37435897435886,123.2000000000001,123.60000000000008,84610,91883,0,204,534,670,426,1.0,1.0
bursty_high_s64,0.0,original_q2_a0.8_or_ungated,80408,59.199999999998084,62.933333333331035,99.86666666666514,88.06666666666479,15.504374999999238,15.732812499999246,5.073327928839449,4.921874747426749,12.108333333333299,11.766666666666671,134.5333333333333,126.93333333333322,83730,90726,0,200,545,585,404,1.0,1.0
bursty_high_s64,0.0,original_q2_a0.8_or_ungated,80409,55.86666666666551,57.46666666666678,87.19999999999953,138.59999999999786,15.621249999999241,17.042812499999247,5.386393026942196,5.2977941611119395,12.985185185185092,13.16666666666648,122.93333333333311,117.53333333333308,83077,90759,0,200,511,677,408,1.0,1.0
bursty_high_s64,0.0,original_q2_a0.8_or_ungated,80410,66.86666666666605,55.666666666665094,100.73333333333176,89.39999999999958,16.836249999999247,15.560624999999252,5.044666154368846,4.93453382117762,12.115151515151403,11.55151515151497,123.93333333333322,122.73333333333329,84069,90493,0,188,511,613,406,1.0,1.0
bursty_high_s64,0.0,original_q2_a0.8_or_ungated,80411,53.066666666665924,61.266666666666,94.59999999999954,87.93333333333103,16.636249999999244,17.33906249999925,5.541526291180355,5.595037118520926,13.833333333332874,13.866666666666548,121.19999999999993,125.19999999999993,83686,91372,0,216,492,715,432,1.0,1.0
bursty_high_s64,0.0,original_q2_a0.8_or_ungated,80412,61.99999999999824,56.399999999999466,102.73333333333113,94.6666666666656,16.614999999999238,15.40249999999924,5.078154624697706,5.000313890281637,12.720000000000084,11.946666666666612,113.93333333333317,119.13333333333327,83789,91869,0,216,518,664,417,1.0,1.0
bursty_high_s64,0.0,original_q2_a0.8_or_ungated,80413,60.46666666666485,56.60000000000035,95.59999999999775,95.93333333333203,17.835624999999244,17.237499999999248,5.558557221504978,5.630023338421272,13.545454545454445,12.933333333333303,123.7999999999999,123.0,82242,90635,0,196,463,568,438,1.0,1.0
bursty_high_s64,0.0,original_q2_a0.8_or_ungated,80414,58.06666666666473,59.13333333333361,97.46666666666556,82.39999999999804,16.295312499999234,14.974687499999238,5.266338162432821,5.141386633278151,12.94999999999984,11.456140350877144,117.86666666666656,111.66666666666652,82626,92018,0,240,516,623,417,1.0,1.0
bursty_high_s64,0.0,original_q2_a0.8_or_ungated,80415,47.66666666666529,55.46666666666431,88.73333333333102,89.39999999999793,13.992812499999228,16.316249999999243,4.943058485356751,4.941194048145595,11.247619047618977,12.006666666666558,111.39999999999992,118.19999999999999,84173,92900,0,220,460,626,413,1.0,1.0
bursty_high_s64,0.0,original_q2_a0.8_or_ungated,80416,59.79999999999916,48.26666666666512,104.59999999999889,81.93333333333118,16.12624999999924,14.05749999999924,5.19220705226675,5.404285373886846,11.966666666666587,12.485714285714206,124.39999999999992,117.39999999999998,82183,89967,0,216,517,549,415,1.0,1.0
bursty_high_s64,0.0,original_q2_a0.8_or_ungated,80417,53.26666666666688,49.26666666666566,79.86666666666451,76.99999999999955,14.28062499999923,14.411562499999231,4.73334203486148,4.798824290136258,10.733333333333336,11.312121212121243,107.79999999999984,109.99999999999977,81886,90868,0,228,502,703,406,1.0,1.0
bursty_high_s64,0.0,original_q2_a0.8_or_ungated,80418,60.39999999999924,73.33333333333186,96.5999999999978,118.5333333333314,17.458124999999246,19.188749999999253,5.907836400461209,5.892695026390462,14.028571428571215,14.733333333332883,133.93333333333317,136.1333333333331,83000,92700,0,216,548,754,427,1.0,1.0
bursty_high_s64,0.0,original_q2_a0.8_or_ungated,80419,61.93333333333291,56.59999999999752,93.93333333333118,77.79999999999797,15.210937499999236,15.71499999999923,4.7203051031291015,4.933912885766416,11.494444444444264,12.449999999999797,114.93333333333317,104.93333333333311,83462,90170,0,200,510,624,419,1.0,1.0
bursty_high_s64,0.0,original_q2_a0.8_or_ungated,80420,68.39999999999748,66.06666666666439,91.66666666666481,108.26666666666543,18.620312499999248,18.198749999999254,5.37357050208199,5.550053515257748,11.13777777777777,12.246153846153723,122.80000000000007,128.39999999999986,83801,91105,0,200,546,598,439,1.0,1.0
bursty_high_s64,0.0,original_q2_a0.8_or_ungated,80421,59.5999999999984,58.79999999999785,102.86666666666542,90.33333333333286,17.260937499999244,15.268437499999234,5.1989700024810235,5.369711694746069,12.253333333333302,12.2999999999996,124.39999999999986,128.2,83110,90528,0,216,547,610,409,1.0,1.0
bursty_high_s64,0.0,original_q2_a0.8_or_ungated,80422,58.86666666666457,58.666666666665265,83.19999999999891,94.53333333333097,15.820624999999243,16.57874999999924,5.058116880778607,5.1438044614796565,11.743589743589714,13.123809523809443,111.59999999999991,116.60000000000008,82720,91012,0,200,491,668,436,1.0,1.0
bursty_high_s64,0.0,original_q2_a0.8_or_ungated,80423,56.9333333333318,66.06666666666501,89.93333333333226,108.79999999999816,16.707499999999243,17.020312499999253,5.313799436761502,5.474682809505651,12.216666666666526,12.799999999999836,118.59999999999991,119.19999999999993,82153,91305,0,212,484,654,414,1.0,1.0
bursty_high_s64,0.0,original_q2_a0.8_or_ungated,80424,61.59999999999911,53.73333333333085,92.06666666666482,99.13333333333142,16.368749999999235,14.55562499999923,5.11840141389616,5.223995486069247,11.380392156862714,11.497435897435809,129.73333333333318,127.13333333333304,82479,89334,0,188,518,611,411,1.0,1.0
bursty_high_s64,0.0,original_q2_a0.8_or_ungated,80425,53.799999999999585,49.26666666666591,85.73333333333284,96.59999999999923,15.30281249999923,14.935312499999238,4.89395368991267,5.085790606931684,10.746666666666645,11.8166666666667,115.99999999999989,118.79999999999995,82756,91813,0,220,553,730,421,1.0,1.0
bursty_high_s64,0.0,original_q2_a0.8_or_ungated,80426,60.99999999999983,59.19999999999817,96.59999999999815,82.86666666666608,16.253749999999243,16.314062499999245,5.2210198592912604,5.175769200222333,13.025641025641018,13.05925925925907,124.99999999999994,119.79999999999984,83269,91301,0,192,529,697,409,1.0,1.0
bursty_high_s64,0.0,original_q2_a0.8_or_ungated,80427,54.19999999999922,58.86666666666446,82.59999999999883,92.19999999999823,14.953437499999236,15.23249999999924,4.960082904464467,4.944998941822221,11.518518518518356,10.97222222222227,101.33333333333331,104.73333333333318,82757,90661,0,196,498,631,416,1.0,1.0
bursty_high_s64,0.0,original_q2_a0.8_or_ungated,80428,60.93333333333234,52.466666666666015,86.0666666666661,83.39999999999907,17.526874999999237,15.930624999999242,5.368134953291684,5.4266171489329444,13.149999999999707,12.388888888888816,122.00000000000017,123.39999999999992,82994,89894,0,204,531,641,426,1.0,1.0
bursty_high_s64,0.0,original_q2_a0.8_or_ungated,80429,57.733333333332325,65.40000000000029,92.79999999999879,118.39999999999947,15.899687499999237,17.73874999999925,5.551862312564441,5.642395980387978,12.758333333333187,13.98095238095226,125.06666666666649,130.26666666666642,82366,89179,0,196,499,716,418,1.0,1.0
bursty_high_s64,0.0,runner_up_ungated,80400,59.79999999999956,57.066666666666805,92.93333333333155,93.39999999999975,16.63937499999924,17.086874999999235,5.145992938234906,5.17650905465584,11.644444444444375,12.097435897435929,126.46666666666653,134.26666666666654,84520,89457,0,140,520,665,257,0.9,1.0
bursty_high_s64,0.0,runner_up_ungated,80401,50.399999999998045,62.99999999999969,77.8666666666652,98.2666666666646,14.728437499999242,15.71468749999924,4.83754146889254,4.725603654258475,11.108333333333128,10.855555555555492,116.53333333333308,106.33333333333309,83139,87252,0,128,500,679,206,0.9,1.0
bursty_high_s64,0.0,runner_up_ungated,80402,66.13333333333128,66.19999999999868,95.33333333333275,111.13333333333242,17.939687499999245,18.164374999999247,5.358358099877494,5.6704348634047985,12.111111111111045,14.424999999999912,132.4000000000001,136.4000000000001,83513,87496,0,120,518,699,216,1.0,1.0
bursty_high_s64,0.0,runner_up_ungated,80403,64.73333333333153,61.000000000000114,139.9999999999982,89.59999999999894,18.861249999999252,18.14187499999925,6.016529739135554,5.95632774293152,13.959999999999695,13.876190476190288,137.6666666666668,144.86666666666667,82064,87966,0,132,548,646,248,0.9,1.0
bursty_high_s64,0.0,runner_up_ungated,80404,51.79999999999862,52.99999999999835,90.06666666666484,107.66666666666572,13.830624999999236,16.389374999999248,4.905588232376495,4.969240652138855,11.89166666666659,12.786666666666246,113.79999999999978,107.99999999999972,85285,88961,0,124,505,642,214,0.9,1.0
bursty_high_s64,0.0,runner_up_ungated,80405,59.533333333332735,58.533333333330944,90.59999999999906,93.99999999999986,16.166874999999244,15.97156249999924,4.969790090155394,4.918742958075109,11.419047619047657,10.919999999999822,121.60000000000002,125.00000000000011,84153,89374,0,144,512,631,193,0.9,1.0
bursty_high_s64,0.0,runner_up_ungated,80406,52.79999999999774,51.599999999997834,86.2666666666654,80.59999999999778,15.340624999999239,15.414687499999243,5.2091064894438555,5.15184275202626,12.23333333333317,12.026666666666221,109.99999999999989,110.79999999999995,83456,88105,0,132,473,637,224,0.9,1.0
bursty_high_s64,0.0,runner_up_ungated,80407,60.86666666666429,58.26666666666492,91.86666666666582,87.79999999999768,17.142499999999245,17.369999999999248,5.483562427074332,5.383223354089084,12.988888888888761,13.393333333333382,123.2000000000001,119.39999999999992,84610,89089,0,120,534,665,244,0.9,1.0
bursty_high_s64,0.0,runner_up_ungated,80408,59.199999999998084,50.666666666666,99.86666666666514,85.53333333333151,15.504374999999238,14.433124999999237,5.073327928839449,5.087598701514778,12.108333333333299,11.880000000000052,134.5333333333333,121.53333333333308,83730,87860,0,140,545,592,210,0.9,1.0
bursty_high_s64,0.0,runner_up_ungated,80409,55.86666666666551,50.53333333333251,87.19999999999953,89.5333333333316,15.621249999999241,15.335624999999245,5.386393026942196,5.371176039964327,12.985185185185092,13.635294117647097,122.93333333333311,121.93333333333311,83077,88075,0,120,511,601,229,0.9,1.0
bursty_high_s64,0.0,runner_up_ungated,80410,66.86666666666605,58.59999999999951,100.73333333333176,78.933333333332,16.836249999999247,14.694999999999236,5.044666154368846,5.0670155555458205,12.115151515151403,11.103703703703609,123.93333333333322,121.5333333333333,84069,87497,0,132,511,597,211,0.9,1.0
bursty_high_s64,0.0,runner_up_ungated,80411,53.066666666665924,59.93333333333149,94.59999999999954,108.73333333333306,16.636249999999244,18.133749999999246,5.541526291180355,5.672132227055934,13.833333333332874,14.54666666666659,121.19999999999993,118.3999999999998,83686,89432,0,132,492,614,249,0.9,1.0
bursty_high_s64,0.0,runner_up_ungated,80412,61.99999999999824,52.99999999999778,102.73333333333113,83.2666666666656,16.614999999999238,15.24187499999924,5.078154624697706,5.086083154880098,12.720000000000084,12.36666666666654,113.93333333333317,118.13333333333327,83789,88032,0,132,518,644,217,1.0,1.0
bursty_high_s64,0.0,runner_up_ungated,80413,60.46666666666485,53.46666666666488,95.59999999999775,105.79999999999785,17.835624999999244,16.799374999999237,5.558557221504978,5.522838654017668,13.545454545454445,12.453333333333214,123.7999999999999,120.59999999999991,82242,87479,0,144,463,662,235,0.9,1.0
bursty_high_s64,0.0,runner_up_ungated,80414,58.06666666666473,68.19999999999874,97.46666666666556,95.19999999999754,16.295312499999234,18.176874999999246,5.266338162432821,5.109612565606935,12.94999999999984,12.08888888888881,117.86666666666656,110.8666666666665,82626,88260,0,136,516,693,255,0.9,1.0
bursty_high_s64,0.0,runner_up_ungated,80415,47.66666666666529,50.86666666666616,88.73333333333102,102.39999999999833,13.992812499999228,15.839687499999235,4.943058485356751,5.2025426251374265,11.247619047618977,12.959999999999928,111.39999999999992,117.19999999999987,84173,88878,0,132,460,632,217,0.9,1.0
bursty_high_s64,0.0,runner_up_ungated,80416,59.79999999999916,68.59999999999809,104.59999999999889,106.19999999999794,16.12624999999924,18.08187499999925,5.19220705226675,5.296574994600337,11.966666666666587,12.866666666666283,124.39999999999992,118.59999999999985,82183,87960,0,124,517,610,230,1.0,1.0
bursty_high_s64,0.0,runner_up_ungated,80417,53.26666666666688,45.73333333333176,79.86666666666451,82.79999999999905,14.28062499999923,13.88218749999923,4.73334203486148,4.8626391143080445,10.733333333333336,11.200000000000024,107.79999999999984,113.79999999999984,81886,86911,0,140,502,608,181,0.9,1.0
bursty_high_s64,0.0,runner_up_ungated,80418,60.39999999999924,57.40000000000029,96.5999999999978,94.13333333333213,17.458124999999246,16.650937499999237,5.907836400461209,5.878904543370809,14.028571428571215,14.111111111110873,133.93333333333317,134.33333333333303,83000,88417,0,140,548,666,234,0.9,1.0
bursty_high_s64,0.0,runner_up_ungated,80419,61.93333333333291,61.866666666666276,93.93333333333118,91.93333333333214,15.210937499999236,17.379374999999236,4.7203051031291015,4.81388357414567,11.494444444444264,12.011111111110873,114.93333333333317,113.93333333333305,83462,87831,0,120,510,604,217,0.9,1.0
bursty_high_s64,0.0,runner_up_ungated,80420,68.39999999999748,61.3999999999977,91.66666666666481,103.26666666666637,18.620312499999248,17.934374999999246,5.37357050208199,5.49957804993611,11.13777777777777,11.955555555555597,122.80000000000007,123.19999999999999,83801,87755,0,124,546,634,222,0.9,1.0
bursty_high_s64,0.0,runner_up_ungated,80421,59.5999999999984,58.86666666666534,102.86666666666542,84.26666666666497,17.260937499999244,15.560937499999241,5.1989700024810235,5.162279396828091,12.253333333333302,12.4444444444443,124.39999999999986,123.3999999999998,83110,88274,0,124,547,587,213,0.9,1.0
bursty_high_s64,0.0,runner_up_ungated,80422,58.86666666666457,54.333333333332064,83.19999999999891,89.19999999999825,15.820624999999243,15.934374999999244,5.058116880778607,5.149268399033164,11.743589743589714,12.94285714285692,111.59999999999991,113.39999999999998,82720,87148,0,132,491,551,197,0.9,1.0
bursty_high_s64,0.0,runner_up_ungated,80423,56.9333333333318,54.46666666666488,89.93333333333226,89.4666666666646,16.707499999999243,16.02187499999925,5.313799436761502,5.3989893381856895,12.216666666666526,12.339130434782644,118.59999999999991,123.59999999999991,82153,88642,0,132,484,592,220,0.9,1.0
bursty_high_s64,0.0,runner_up_ungated,80424,61.59999999999911,56.0666666666647,92.06666666666482,86.06666666666564,16.368749999999235,15.771562499999234,5.11840141389616,5.204330502065771,11.380392156862714,11.844444444444301,129.73333333333318,122.53333333333308,82479,88497,0,152,518,668,206,1.0,1.0
bursty_high_s64,0.0,runner_up_ungated,80425,53.799999999999585,49.133333333332445,85.73333333333284,88.8666666666652,15.30281249999923,15.261874999999236,4.89395368991267,4.871540113574428,10.746666666666645,10.366666666666685,115.99999999999989,119.19999999999993,82756,87425,0,136,553,642,200,0.9,1.0
bursty_high_s64,0.0,runner_up_ungated,80426,60.99999999999983,60.39999999999827,96.59999999999815,93.99999999999824,16.253749999999243,16.706562499999244,5.2210198592912604,5.139291303636042,13.025641025641018,12.977777777777808,124.99999999999994,120.59999999999985,83269,89839,0,132,529,650,228,0.9,1.0
bursty_high_s64,0.0,runner_up_ungated,80427,54.19999999999922,57.59999999999863,82.59999999999883,79.99999999999903,14.953437499999236,16.432499999999248,4.960082904464467,5.070510945545911,11.518518518518356,12.533333333333104,101.33333333333331,100.53333333333325,82757,89367,0,124,498,626,234,0.9,1.0
bursty_high_s64,0.0,runner_up_ungated,80428,60.93333333333234,57.53333333333349,86.0666666666661,91.06666666666544,17.526874999999237,16.58093749999924,5.368134953291684,5.4089930088857905,13.149999999999707,13.076190476190172,122.00000000000017,125.0,82994,88078,0,144,531,571,254,0.9,1.0
bursty_high_s64,0.0,runner_up_ungated,80429,57.733333333332325,56.06666666666615,92.79999999999879,95.3333333333315,15.899687499999237,15.445312499999233,5.551862312564441,5.512361817269452,12.758333333333187,12.521212121212136,125.06666666666649,128.46666666666647,82366,88370,0,132,499,599,199,0.9,1.0
bursty_high_s64,0.5,selected_gated,80400,56.8666666666669,62.46666666666519,103.23333333333156,95.2333333333315,16.750312499999247,17.694687499999244,5.420307669849465,5.406839952646446,12.83333333333324,12.483333333333174,136.16666666666657,132.66666666666652,84225,85618,0,108,522,617,229,0.9,1.0
bursty_high_s64,0.5,selected_gated,80401,59.29999999999865,55.16666666666475,91.2999999999987,79.93333333333271,16.21796874999925,16.689843749999245,5.099596044199485,5.151785865905082,11.703333333333209,12.164102564102471,120.03333333333313,115.6333333333331,83232,86263,0,140,518,584,222,0.9,1.0
bursty_high_s64,0.5,selected_gated,80402,66.39999999999787,72.43333333333112,103.0999999999982,106.93333333333243,17.57906249999925,20.065156249999255,5.659309789660627,5.649545417935372,14.099999999999847,12.753333333332852,140.70000000000005,148.6000000000002,83165,85147,0,108,516,603,220,1.0,1.0
bursty_high_s64,0.5,selected_gated,80403,70.56666666666604,62.266666666666026,114.93333333333175,99.23333333333176,18.696874999999245,20.085468749999258,6.335777444841108,6.177813711251575,15.24814814814798,14.7416666666667,154.26666666666688,151.26666666666677,82694,84988,0,124,495,600,258,0.9,1.0
bursty_high_s64,0.5,selected_gated,80404,48.23333333333207,55.63333333333321,76.19999999999754,85.03333333333217,13.875156249999236,15.27140624999924,5.210112197258221,5.0860200718975666,12.133333333333255,11.524999999999872,118.89999999999975,118.99999999999972,83521,86421,0,128,535,555,183,0.9,1.0
bursty_high_s64,0.5,selected_gated,80405,60.16666666666697,63.96666666666579,79.63333333333293,93.83333333333292,15.276406249999244,17.976249999999258,5.210737655944162,5.296424932570044,12.477777777777675,12.39999999999958,126.30000000000001,132.30000000000013,82119,86299,0,120,488,632,201,0.9,1.0
bursty_high_s64,0.5,selected_gated,80406,55.16666666666676,49.566666666665924,88.93333333333283,77.86666666666639,16.280937499999244,15.441249999999243,5.499896321372346,5.3171547818750815,13.139999999999976,12.304761904761753,117.19999999999987,117.60000000000002,82739,85812,0,124,495,534,193,0.9,1.0
bursty_high_s64,0.5,selected_gated,80407,60.100000000000364,61.1999999999976,87.09999999999769,102.16666666666532,16.960312499999247,19.239687499999256,5.433710090596124,5.642805796923135,12.537499999999781,13.946666666666655,131.0000000000001,131.7000000000001,84237,85963,0,116,532,632,255,0.9,1.0
bursty_high_s64,0.5,selected_gated,80408,61.06666666666439,57.06666666666624,112.96666666666579,88.69999999999783,16.753437499999247,16.615781249999248,5.309051384103002,5.304165227162834,13.222807017543829,12.149999999999565,136.43333333333334,143.03333333333325,83144,85851,0,128,498,570,206,0.9,1.0
bursty_high_s64,0.5,selected_gated,80409,59.133333333332644,56.53333333333367,95.6666666666647,87.4999999999979,17.483437499999248,16.659999999999243,5.548096268321391,5.579136740560318,14.259259259259169,13.690476190475936,135.73333333333323,133.33333333333326,83356,85450,0,128,539,584,190,0.9,1.0
bursty_high_s64,0.5,selected_gated,80410,62.79999999999927,62.29999999999967,86.93333333333115,92.06666666666445,16.436249999999248,17.72874999999925,5.217952632236989,5.299478244821869,12.047916666666556,12.708333333333087,131.63333333333327,129.53333333333325,83218,85398,0,132,487,597,224,0.9,1.0
bursty_high_s64,0.5,selected_gated,80411,59.999999999999034,58.833333333333584,99.46666666666584,87.13333333333298,16.97390624999925,17.564687499999245,5.853689174665863,5.75480132316317,14.713333333333122,13.652380952380984,128.39999999999992,127.09999999999985,84932,85886,0,120,500,581,212,0.9,1.0
bursty_high_s64,0.5,selected_gated,80412,54.36666666666454,55.133333333331734,78.36666666666474,81.99999999999827,15.688749999999246,15.771093749999242,5.136331812549285,5.257964315315736,12.483333333333263,12.433333333333334,128.63333333333333,127.53333333333342,84169,85087,0,144,517,581,203,1.0,1.0
bursty_high_s64,0.5,selected_gated,80413,60.03333333333126,61.79999999999856,89.09999999999809,100.89999999999935,17.76031249999924,18.753906249999243,5.809468576774851,5.823789063075573,13.272222222222126,14.077777777777618,137.89999999999992,135.7,83803,85513,0,140,470,586,226,0.9,1.0
bursty_high_s64,0.5,selected_gated,80414,57.89999999999918,56.499999999998124,86.96666666666556,90.19999999999806,17.13343749999924,16.515312499999236,5.362961302664836,5.361739575974805,12.099999999999902,12.49166666666659,123.66666666666652,120.66666666666674,83948,85290,0,128,542,555,197,0.9,1.0
bursty_high_s64,0.5,selected_gated,80415,51.56666666666533,54.99999999999744,104.93333333333123,92.33333333333104,15.366874999999244,16.329218749999246,5.0328840680130895,5.13250032942825,11.985185185185104,12.358333333333329,122.10000000000002,117.0,84090,85941,0,116,481,599,185,0.9,1.0
bursty_high_s64,0.5,selected_gated,80416,61.86666666666639,65.99999999999818,82.93333333333129,110.06666666666513,16.35921874999924,18.569687499999254,5.5059391358694985,5.661714010624328,12.482352941176366,13.838095238095102,126.19999999999999,125.09999999999991,82775,85712,0,132,494,587,230,1.0,1.0
bursty_high_s64,0.5,selected_gated,80417,51.59999999999755,51.83333333333144,74.23333333333233,80.16666666666501,14.383124999999236,15.085937499999236,5.055188114810049,5.151307061351499,12.11666666666649,12.700000000000003,119.39999999999992,128.2,81551,85496,0,108,491,568,188,0.8,1.0
bursty_high_s64,0.5,selected_gated,80418,65.7333333333315,65.39999999999856,98.26666666666534,105.06666666666547,18.301562499999246,19.69078124999925,6.113171319256051,6.05858735143576,15.406666666666558,14.861111111110782,138.8333333333331,141.5333333333332,83237,85396,0,120,531,649,253,0.9,1.0
bursty_high_s64,0.5,selected_gated,80419,52.266666666666794,54.7999999999991,79.93333333333209,84.03333333333194,14.610624999999237,15.883749999999239,4.9900488422831275,5.116177607159093,12.370370370370242,12.433333333332769,121.73333333333306,116.03333333333313,84225,85786,0,108,483,555,199,0.9,1.0
bursty_high_s64,0.5,selected_gated,80420,72.533333333332,66.7666666666652,92.4999999999988,93.7666666666662,17.864531249999246,18.37546874999925,5.482565652396465,5.604263969120019,11.941025641025602,12.451111111111114,135.5,134.0999999999999,82880,84659,0,112,467,568,200,0.9,1.0
bursty_high_s64,0.5,selected_gated,80421,62.23333333333119,60.69999999999925,94.93333333333251,99.56666666666507,17.30109374999924,17.30859374999924,5.372568592446341,5.404513701610822,12.316666666666523,12.483333333333375,138.20000000000016,136.99999999999994,82964,86004,0,124,503,583,201,0.9,1.0
bursty_high_s64,0.5,selected_gated,80422,65.1666666666662,59.766666666666595,93.59999999999818,80.13333333333264,17.357031249999245,15.850781249999239,5.392715871459954,5.312290974113274,12.388888888888792,12.942857142856806,125.50000000000006,120.00000000000006,82813,85504,0,144,516,558,213,0.9,1.0
bursty_high_s64,0.5,selected_gated,80423,64.89999999999884,56.43333333333203,95.33333333333121,93.2666666666646,18.043281249999254,17.944999999999247,5.470227305231606,5.565109036711446,13.825000000000067,12.99166666666656,130.7000000000001,126.8999999999998,82891,85889,0,132,516,566,206,0.9,1.0
bursty_high_s64,0.5,selected_gated,80424,59.09999999999863,56.366666666666674,85.89999999999782,84.3666666666661,16.54296874999924,17.36265624999924,5.2940949054157365,5.322855271768357,11.88095238095214,11.503333333333279,139.1333333333332,135.9333333333331,83151,86372,0,140,538,657,232,1.0,1.0
bursty_high_s64,0.5,selected_gated,80425,56.66666666666592,51.33333333333218,112.16666666666612,82.76666666666512,16.142499999999238,16.26546874999924,5.002842560182902,5.066128704941333,11.13809523809525,11.215151515151433,125.40000000000009,124.80000000000018,82907,85673,0,120,535,644,230,0.9,1.0
bursty_high_s64,0.5,selected_gated,80426,68.00000000000016,66.73333333333215,115.4666666666646,100.0666666666649,17.75499999999925,17.289374999999254,5.354501543431462,5.316485662692349,13.123333333333118,12.685714285714255,125.29999999999995,132.3,83329,85060,0,104,514,548,209,0.9,1.0
bursty_high_s64,0.5,selected_gated,80427,63.79999999999916,52.966666666664054,86.96666666666454,79.49999999999926,16.13406249999924,15.131093749999234,5.334126284179421,5.4174243046541335,12.57499999999984,12.766666666666495,107.93333333333334,106.63333333333333,83076,85919,0,140,464,488,186,0.9,1.0
bursty_high_s64,0.5,selected_gated,80428,54.66666666666566,53.16666666666595,78.76666666666642,91.33333333333178,16.65031249999925,16.324218749999247,5.48943154794605,5.476525366812465,12.739393939393928,13.081481481481426,129.8,130.40000000000003,82036,86165,0,136,537,578,218,0.9,1.0
bursty_high_s64,0.5,selected_gated,80429,62.59999999999849,59.26666666666449,111.19999999999868,95.23333333333204,17.423906249999245,17.350624999999248,5.822236520424742,5.9298439374807455,13.283333333332749,13.191111111111063,134.9666666666664,141.56666666666655,82196,84196,0,120,504,626,197,0.8,1.0
bursty_high_s64,0.5,selected_ungated,80400,56.8666666666669,55.39999999999844,103.23333333333156,88.36666666666528,16.750312499999247,16.50374999999925,5.420307669849465,5.557533169436988,12.83333333333324,13.109090909090929,136.16666666666657,144.36666666666656,84225,88045,0,128,522,654,205,0.9,1.0
bursty_high_s64,0.5,selected_ungated,80401,59.29999999999865,55.56666666666544,91.2999999999987,88.3666666666644,16.21796874999925,15.676874999999242,5.099596044199485,5.082145189983219,11.703333333333209,11.62499999999989,120.03333333333313,117.43333333333317,83232,89534,0,136,518,626,197,0.9,1.0
bursty_high_s64,0.5,selected_ungated,80402,66.39999999999787,61.5666666666651,103.0999999999982,111.19999999999823,17.57906249999925,17.336718749999246,5.659309789660627,5.748218454351816,14.099999999999847,13.373333333332994,140.70000000000005,146.1000000000002,83165,88444,0,132,516,750,179,1.0,1.0
bursty_high_s64,0.5,selected_ungated,80403,70.56666666666604,62.19999999999902,114.93333333333175,93.19999999999845,18.696874999999245,18.96921874999925,6.335777444841108,6.315531522875995,15.24814814814798,14.851515151515201,154.26666666666688,146.4666666666667,82694,87210,0,120,495,652,214,0.9,1.0
bursty_high_s64,0.5,selected_ungated,80404,48.23333333333207,54.26666666666472,76.19999999999754,84.16666666666583,13.875156249999236,15.183281249999245,5.210112197258221,5.024315644413678,12.133333333333255,11.808333333333273,118.89999999999975,119.49999999999972,83521,88910,0,128,535,695,198,0.9,1.0
bursty_high_s64,0.5,selected_ungated,80405,60.16666666666697,56.83333333333093,79.63333333333293,84.2666666666656,15.276406249999244,16.01890624999924,5.210737655944162,5.347894685038121,12.477777777777675,13.686666666666303,126.30000000000001,126.39999999999998,82119,85929,0,104,488,680,189,0.9,1.0
bursty_high_s64,0.5,selected_ungated,80406,55.16666666666676,58.766666666664946,88.93333333333283,92.16666666666583,16.280937499999244,16.204531249999242,5.499896321372346,5.478755073346494,13.139999999999976,12.999999999999991,117.19999999999987,119.49999999999989,82739,88036,0,136,495,557,188,0.9,1.0
bursty_high_s64,0.5,selected_ungated,80407,60.100000000000364,53.7666666666662,87.09999999999769,102.16666666666467,16.960312499999247,16.286718749999245,5.433710090596124,5.541761767010244,12.537499999999781,14.397222222222105,131.0000000000001,137.0000000000001,84237,89654,0,128,532,646,213,0.9,1.0
bursty_high_s64,0.5,selected_ungated,80408,61.06666666666439,61.066666666667004,112.96666666666579,91.66666666666572,16.753437499999247,16.570937499999246,5.309051384103002,5.19210263316827,13.222807017543829,11.849999999999605,136.43333333333334,141.73333333333323,83144,86626,0,120,498,545,191,0.9,1.0
bursty_high_s64,0.5,selected_ungated,80409,59.133333333332644,62.09999999999809,95.6666666666647,96.96666666666502,17.483437499999248,16.941562499999254,5.548096268321391,5.657207748824869,14.259259259259169,13.951851851851744,135.73333333333323,131.73333333333318,83356,89123,0,140,539,588,224,0.9,1.0
bursty_high_s64,0.5,selected_ungated,80410,62.79999999999927,62.633333333332814,86.93333333333115,83.93333333333254,16.436249999999248,16.175624999999247,5.217952632236989,5.226260142752762,12.047916666666556,11.86111111111117,131.63333333333327,130.73333333333323,83218,88098,0,128,487,564,197,0.9,1.0
bursty_high_s64,0.5,selected_ungated,80411,59.999999999999034,75.19999999999894,99.46666666666584,100.93333333333277,16.97390624999925,18.47015624999926,5.853689174665863,5.862825730933524,14.713333333333122,15.028571428571288,128.39999999999992,121.50000000000006,84932,88270,0,132,500,677,213,0.9,1.0
bursty_high_s64,0.5,selected_ungated,80412,54.36666666666454,59.59999999999769,78.36666666666474,91.03333333333165,15.688749999999246,16.85140624999924,5.136331812549285,5.278685031196764,12.483333333333263,12.760000000000048,128.63333333333333,131.63333333333338,84169,88089,0,124,517,616,209,1.0,1.0
bursty_high_s64,0.5,selected_ungated,80413,60.03333333333126,61.53333333333262,89.09999999999809,88.6999999999984,17.76031249999924,17.78046874999925,5.809468576774851,5.823064403889102,13.272222222222126,14.133333333333155,137.89999999999992,135.2,83803,88162,0,132,470,539,216,0.9,1.0
bursty_high_s64,0.5,selected_ungated,80414,57.89999999999918,61.93333333333243,86.96666666666556,89.56666666666516,17.13343749999924,16.46078124999924,5.362961302664836,5.39771741307729,12.099999999999902,13.18888888888892,123.66666666666652,116.56666666666672,83948,87604,0,128,542,603,181,0.9,1.0
bursty_high_s64,0.5,selected_ungated,80415,51.56666666666533,62.66666666666606,104.93333333333123,108.26666666666603,15.366874999999244,17.137343749999246,5.0328840680130895,5.273846386660819,11.985185185185104,13.64999999999974,122.10000000000002,122.89999999999992,84090,86598,0,124,481,612,175,0.9,1.0
bursty_high_s64,0.5,selected_ungated,80416,61.86666666666639,58.033333333331285,82.93333333333129,94.39999999999824,16.35921874999924,17.15437499999925,5.5059391358694985,5.4792307127525826,12.482352941176366,11.872222222222083,126.19999999999999,127.79999999999995,82775,88633,0,144,494,618,203,1.0,1.0
bursty_high_s64,0.5,selected_ungated,80417,51.59999999999755,55.16666666666492,74.23333333333233,81.43333333333163,14.383124999999236,15.654218749999249,5.055188114810049,5.193431879612481,12.11666666666649,12.759999999999678,119.39999999999992,123.2999999999999,81551,86300,0,100,491,658,187,0.8,1.0
bursty_high_s64,0.5,selected_ungated,80418,65.7333333333315,59.333333333333115,98.26666666666534,87.26666666666449,18.301562499999246,16.80859374999924,6.113171319256051,6.260197316746094,15.406666666666558,14.582051282051127,138.8333333333331,139.73333333333318,83237,87911,0,124,531,627,215,0.9,1.0
bursty_high_s64,0.5,selected_ungated,80419,52.266666666666794,58.23333333333255,79.93333333333209,93.79999999999825,14.610624999999237,14.086562499999232,4.9900488422831275,5.074142341273114,12.370370370370242,12.19696969696971,121.73333333333306,119.23333333333306,84225,87825,0,124,483,607,160,0.9,1.0
bursty_high_s64,0.5,selected_ungated,80420,72.533333333332,73.76666666666438,92.4999999999988,100.16666666666646,17.864531249999246,18.57578124999925,5.482565652396465,5.732909038860663,11.941025641025602,12.40000000000007,135.5,136.20000000000005,82880,87697,0,120,467,626,215,0.9,1.0
bursty_high_s64,0.5,selected_ungated,80421,62.23333333333119,51.93333333333101,94.93333333333251,103.36666666666616,17.30109374999924,16.36249999999924,5.372568592446341,5.473045443839778,12.316666666666523,13.236111111111079,138.20000000000016,139.80000000000007,82964,87779,0,124,503,580,190,0.9,1.0
bursty_high_s64,0.5,selected_ungated,80422,65.1666666666662,56.366666666665765,93.59999999999818,79.29999999999882,17.357031249999245,16.165468749999246,5.392715871459954,5.399764741457142,12.388888888888792,13.026666666666284,125.50000000000006,121.19999999999993,82813,88264,0,136,516,619,204,0.9,1.0
bursty_high_s64,0.5,selected_ungated,80423,64.89999999999884,57.43333333333277,95.33333333333121,84.63333333333236,18.043281249999254,16.636406249999247,5.470227305231606,5.65424279637448,13.825000000000067,12.978947368421073,130.7000000000001,129.69999999999993,82891,87887,0,124,516,584,204,0.9,1.0
bursty_high_s64,0.5,selected_ungated,80424,59.09999999999863,67.83333333333329,85.89999999999782,98.8666666666665,16.54296874999924,17.475937499999244,5.2940949054157365,5.550409937924124,11.88095238095214,13.536666666666616,139.1333333333332,137.93333333333317,83151,88033,0,132,538,626,198,1.0,1.0
bursty_high_s64,0.5,selected_ungated,80425,56.66666666666592,51.63333333333085,112.16666666666612,102.73333333333272,16.142499999999238,15.392812499999238,5.002842560182902,5.219182351575936,11.13809523809525,11.851515151515116,125.40000000000009,132.10000000000002,82907,89058,0,136,535,698,169,0.9,1.0
bursty_high_s64,0.5,selected_ungated,80426,68.00000000000016,62.900000000000034,115.4666666666646,83.6333333333314,17.75499999999925,17.144062499999254,5.354501543431462,5.473443491848011,13.123333333333118,13.958333333332995,125.29999999999995,130.3,83329,88618,0,108,514,630,211,0.9,1.0
bursty_high_s64,0.5,selected_ungated,80427,63.79999999999916,52.36666666666474,86.96666666666454,77.93333333333192,16.13406249999924,14.977343749999239,5.334126284179421,5.136414889175495,12.57499999999984,11.475000000000076,107.93333333333334,108.73333333333335,83076,87091,0,112,464,554,203,0.9,1.0
bursty_high_s64,0.5,selected_ungated,80428,54.66666666666566,62.89999999999952,78.76666666666642,92.5333333333329,16.65031249999925,18.025156249999252,5.48943154794605,5.54880646986235,12.739393939393928,13.144444444444382,129.8,133.2000000000001,82036,87840,0,120,537,639,213,0.9,1.0
bursty_high_s64,0.5,selected_ungated,80429,62.59999999999849,60.933333333332655,111.19999999999868,88.83333333333206,17.423906249999245,17.272968749999244,5.822236520424742,5.7717544044198235,13.283333333332749,14.317777777777732,134.9666666666664,137.76666666666654,82196,87151,0,120,504,643,223,0.8,1.0
bursty_high_s64,0.5,original_q2_a0.8_or_ungated,80400,56.8666666666669,75.96666666666691,103.23333333333156,130.13333333333142,16.750312499999247,18.84359374999925,5.420307669849465,5.43833404994692,12.83333333333324,13.066666666666201,136.16666666666657,142.96666666666653,84225,92711,0,208,522,796,413,1.0,1.0
bursty_high_s64,0.5,original_q2_a0.8_or_ungated,80401,59.29999999999865,57.89999999999867,91.2999999999987,77.86666666666457,16.21796874999925,15.504843749999244,5.099596044199485,5.135065638152624,11.703333333333209,11.816666666666594,120.03333333333313,126.23333333333318,83232,92045,0,216,518,733,412,1.0,1.0
bursty_high_s64,0.5,original_q2_a0.8_or_ungated,80402,66.39999999999787,69.09999999999769,103.0999999999982,145.86666666666537,17.57906249999925,20.11390624999926,5.659309789660627,6.128013441604637,14.099999999999847,16.950000000000017,140.70000000000005,142.80000000000018,83165,90198,0,188,516,808,429,1.0,1.0
bursty_high_s64,0.5,original_q2_a0.8_or_ungated,80403,70.56666666666604,62.46666666666593,114.93333333333175,89.53333333333285,18.696874999999245,17.37812499999924,6.335777444841108,6.190877644173752,15.24814814814798,14.246666666666647,154.26666666666688,144.76666666666677,82694,91180,0,236,495,675,440,1.0,1.0
bursty_high_s64,0.5,original_q2_a0.8_or_ungated,80404,48.23333333333207,56.39999999999907,76.19999999999754,95.96666666666468,13.875156249999236,16.285468749999243,5.210112197258221,5.18151722287376,12.133333333333255,12.653333333333261,118.89999999999975,119.29999999999961,83521,91827,0,220,535,626,420,1.0,1.0
bursty_high_s64,0.5,original_q2_a0.8_or_ungated,80405,60.16666666666697,54.466666666666015,79.63333333333293,91.39999999999816,15.276406249999244,15.328281249999241,5.210737655944162,5.158324161115636,12.477777777777675,11.933333333333344,126.30000000000001,130.40000000000015,82119,91110,0,208,488,575,420,1.0,1.0
bursty_high_s64,0.5,original_q2_a0.8_or_ungated,80406,55.16666666666676,74.66666666666515,88.93333333333283,101.13333333333111,16.280937499999244,16.807187499999245,5.499896321372346,5.815917186905635,13.139999999999976,14.519999999999527,117.19999999999987,122.39999999999992,82739,94133,0,232,495,706,409,1.0,1.0
bursty_high_s64,0.5,original_q2_a0.8_or_ungated,80407,60.100000000000364,62.40000000000009,87.09999999999769,100.16666666666512,16.960312499999247,17.79078124999925,5.433710090596124,5.739333429092612,12.537499999999781,14.094444444444411,131.0000000000001,134.9000000000001,84237,91287,0,200,532,873,433,1.0,1.0
bursty_high_s64,0.5,original_q2_a0.8_or_ungated,80408,61.06666666666439,59.13333333333165,112.96666666666579,92.86666666666582,16.753437499999247,16.027343749999247,5.309051384103002,5.084310635665616,13.222807017543829,12.00350877192978,136.43333333333334,137.83333333333331,83144,88411,0,172,498,666,407,1.0,1.0
bursty_high_s64,0.5,original_q2_a0.8_or_ungated,80409,59.133333333332644,61.39999999999796,95.6666666666647,93.49999999999892,17.483437499999248,17.219687499999264,5.548096268321391,5.780969673753927,14.259259259259169,14.5303030303029,135.73333333333323,137.73333333333318,83356,91980,0,216,539,770,418,1.0,1.0
bursty_high_s64,0.5,original_q2_a0.8_or_ungated,80410,62.79999999999927,65.36666666666503,86.93333333333115,91.29999999999785,16.436249999999248,16.86078124999925,5.217952632236989,5.322611152134768,12.047916666666556,13.32592592592578,131.63333333333327,131.33333333333331,83218,91536,0,208,487,631,412,1.0,1.0
bursty_high_s64,0.5,original_q2_a0.8_or_ungated,80411,59.999999999999034,64.39999999999958,99.46666666666584,115.73333333333301,16.97390624999925,18.536562499999253,5.853689174665863,5.939724299429905,14.713333333333122,14.585185185185102,128.39999999999992,139.0,84932,92702,0,216,500,743,438,1.0,1.0
bursty_high_s64,0.5,original_q2_a0.8_or_ungated,80412,54.36666666666454,58.13333333333284,78.36666666666474,84.4666666666661,15.688749999999246,15.935312499999245,5.136331812549285,5.334709750896876,12.483333333333263,12.562962962962994,128.63333333333333,124.93333333333334,84169,92548,0,236,517,665,419,1.0,1.0
bursty_high_s64,0.5,original_q2_a0.8_or_ungated,80413,60.03333333333126,64.46666666666644,89.09999999999809,91.56666666666558,17.76031249999924,18.036874999999252,5.809468576774851,5.9336884072602505,13.272222222222126,13.133333333333388,137.89999999999992,131.8,83803,89588,0,188,470,656,425,1.0,1.0
bursty_high_s64,0.5,original_q2_a0.8_or_ungated,80414,57.89999999999918,60.59999999999883,86.96666666666556,88.29999999999842,17.13343749999924,16.854531249999244,5.362961302664836,5.477502574491753,12.099999999999902,12.459999999999559,123.66666666666652,119.16666666666657,83948,90326,0,212,542,639,414,1.0,1.0
bursty_high_s64,0.5,original_q2_a0.8_or_ungated,80415,51.56666666666533,55.23333333333136,104.93333333333123,79.09999999999815,15.366874999999244,16.44265624999925,5.0328840680130895,5.187326165239302,11.985185185185104,12.716666666666455,122.10000000000002,120.79999999999995,84090,91039,0,188,481,656,418,1.0,1.0
bursty_high_s64,0.5,original_q2_a0.8_or_ungated,80416,61.86666666666639,57.56666666666462,82.93333333333129,102.86666666666571,16.35921874999924,17.057343749999255,5.5059391358694985,5.421965277753903,12.482352941176366,12.725925925925797,126.19999999999999,126.69999999999993,82775,91246,0,216,494,646,424,1.0,1.0
bursty_high_s64,0.5,original_q2_a0.8_or_ungated,80417,51.59999999999755,56.099999999998175,74.23333333333233,82.8999999999981,14.383124999999236,16.04593749999924,5.055188114810049,5.275767385134143,12.11666666666649,13.270833333333165,119.39999999999992,117.69999999999982,81551,91190,0,220,491,652,419,1.0,1.0
bursty_high_s64,0.5,original_q2_a0.8_or_ungated,80418,65.7333333333315,64.79999999999907,98.26666666666534,122.033333333332,18.301562499999246,19.108124999999255,6.113171319256051,6.292006810034026,15.406666666666558,15.163333333333123,138.8333333333331,138.93333333333317,83237,91072,0,220,531,680,422,1.0,1.0
bursty_high_s64,0.5,original_q2_a0.8_or_ungated,80419,52.266666666666794,66.43333333333103,79.93333333333209,103.79999999999777,14.610624999999237,16.751562499999245,4.9900488422831275,5.335993015999342,12.370370370370242,13.488888888888951,121.73333333333306,124.43333333333317,84225,92746,0,232,483,720,408,1.0,1.0
bursty_high_s64,0.5,original_q2_a0.8_or_ungated,80420,72.533333333332,68.36666666666565,92.4999999999988,124.53333333333171,17.864531249999246,18.435468749999252,5.482565652396465,5.668653645441007,11.941025641025602,12.483333333333269,135.5,140.4999999999999,82880,90982,0,200,467,606,439,1.0,1.0
bursty_high_s64,0.5,original_q2_a0.8_or_ungated,80421,62.23333333333119,59.666666666666686,94.93333333333251,90.26666666666486,17.30109374999924,15.230312499999238,5.372568592446341,5.696505772986933,12.316666666666523,14.21111111111098,138.20000000000016,139.89999999999998,82964,91247,0,240,503,652,411,1.0,1.0
bursty_high_s64,0.5,original_q2_a0.8_or_ungated,80422,65.1666666666662,62.99999999999855,93.59999999999818,84.16666666666436,17.357031249999245,17.017968749999252,5.392715871459954,5.316059528779648,12.388888888888792,13.057142857142635,125.50000000000006,120.90000000000009,82813,91369,0,204,516,639,434,1.0,1.0
bursty_high_s64,0.5,original_q2_a0.8_or_ungated,80423,64.89999999999884,71.59999999999957,95.33333333333121,115.69999999999908,18.043281249999254,18.095937499999255,5.470227305231606,5.704783167757336,13.825000000000067,14.466666666666253,130.7000000000001,127.19999999999976,82891,89256,0,220,516,791,411,1.0,1.0
bursty_high_s64,0.5,original_q2_a0.8_or_ungated,80424,59.09999999999863,59.73333333333136,85.89999999999782,99.09999999999974,16.54296874999924,17.736249999999252,5.2940949054157365,5.63888747229649,11.88095238095214,13.666666666666496,139.1333333333332,140.43333333333317,83151,90955,0,220,538,761,425,1.0,1.0
bursty_high_s64,0.5,original_q2_a0.8_or_ungated,80425,56.66666666666592,63.89999999999952,112.16666666666612,108.19999999999953,16.142499999999238,16.35921874999924,5.002842560182902,5.188539398770039,11.13809523809525,12.166666666666679,125.40000000000009,125.89999999999992,82907,91786,0,216,535,686,413,1.0,1.0
bursty_high_s64,0.5,original_q2_a0.8_or_ungated,80426,68.00000000000016,56.36666666666605,115.4666666666646,84.13333333333253,17.75499999999925,15.672187499999243,5.354501543431462,5.265765001867044,13.123333333333118,11.684615384615265,125.29999999999995,131.20000000000005,83329,90513,0,196,514,626,436,1.0,1.0
bursty_high_s64,0.5,original_q2_a0.8_or_ungated,80427,63.79999999999916,54.933333333332,86.96666666666454,85.13333333333236,16.13406249999924,15.532812499999247,5.334126284179421,5.327710707247077,12.57499999999984,12.44444444444425,107.93333333333334,110.43333333333328,83076,91533,0,236,464,628,401,1.0,1.0
bursty_high_s64,0.5,original_q2_a0.8_or_ungated,80428,54.66666666666566,53.9333333333328,78.76666666666642,89.46666666666465,16.65031249999925,16.763124999999253,5.48943154794605,5.878798788448923,12.739393939393928,13.52916666666672,129.8,137.50000000000006,82036,91638,0,236,537,627,417,1.0,1.0
bursty_high_s64,0.5,original_q2_a0.8_or_ungated,80429,62.59999999999849,56.66666666666515,111.19999999999868,83.53333333333137,17.423906249999245,16.459687499999244,5.822236520424742,5.99511109570421,13.283333333332749,13.908333333333154,134.9666666666664,134.66666666666657,82196,90056,0,200,504,654,422,1.0,1.0
bursty_high_s64,0.5,runner_up_ungated,80400,56.8666666666669,65.66666666666555,103.23333333333156,100.4333333333314,16.750312499999247,16.792499999999247,5.420307669849465,5.478754211234245,12.83333333333324,12.655555555555358,136.16666666666657,135.7666666666666,84225,88598,0,128,522,648,204,0.9,1.0
bursty_high_s64,0.5,runner_up_ungated,80401,59.29999999999865,58.93333333333226,91.2999999999987,84.39999999999904,16.21796874999925,16.56062499999924,5.099596044199485,5.065897439739485,11.703333333333209,11.412121212121209,120.03333333333313,126.93333333333317,83232,89647,0,156,518,662,232,0.9,1.0
bursty_high_s64,0.5,runner_up_ungated,80402,66.39999999999787,73.5333333333329,103.0999999999982,124.0999999999978,17.57906249999925,17.94703124999925,5.659309789660627,5.8085528823158485,14.099999999999847,13.640740740740638,140.70000000000005,141.89999999999998,83165,88431,0,128,516,761,209,1.0,1.0
bursty_high_s64,0.5,runner_up_ungated,80403,70.56666666666604,64.89999999999958,114.93333333333175,100.93333333333152,18.696874999999245,18.343124999999254,6.335777444841108,6.4093228289045685,15.24814814814798,14.889999999999924,154.26666666666688,147.0666666666669,82694,87782,0,132,495,577,237,0.9,1.0
bursty_high_s64,0.5,runner_up_ungated,80404,48.23333333333207,51.80000000000007,76.19999999999754,104.36666666666443,13.875156249999236,15.39078124999924,5.210112197258221,5.055347978168507,12.133333333333255,12.666666666666465,118.89999999999975,123.49999999999977,83521,88940,0,128,535,646,205,0.9,1.0
bursty_high_s64,0.5,runner_up_ungated,80405,60.16666666666697,56.333333333332064,79.63333333333293,91.53333333333234,15.276406249999244,15.475312499999244,5.210737655944162,5.143641050914904,12.477777777777675,11.462499999999842,126.30000000000001,138.90000000000003,82119,88528,0,116,488,601,192,0.9,1.0
bursty_high_s64,0.5,runner_up_ungated,80406,55.16666666666676,50.39999999999762,88.93333333333283,87.33333333333144,16.280937499999244,15.162499999999241,5.499896321372346,5.315807339867321,13.139999999999976,11.945614035087685,117.19999999999987,113.19999999999976,82739,88005,0,140,495,645,204,0.9,1.0
bursty_high_s64,0.5,runner_up_ungated,80407,60.100000000000364,55.49999999999835,87.09999999999769,80.5666666666666,16.960312499999247,16.656562499999247,5.433710090596124,5.511538912596768,12.537499999999781,12.876923076923122,131.0000000000001,130.70000000000005,84237,88861,0,132,532,778,255,0.9,1.0
bursty_high_s64,0.5,runner_up_ungated,80408,61.06666666666439,53.29999999999961,112.96666666666579,90.99999999999781,16.753437499999247,15.928437499999252,5.309051384103002,5.289267026625721,13.222807017543829,12.28541666666655,136.43333333333334,145.2333333333334,83144,88028,0,136,498,615,211,0.9,1.0
bursty_high_s64,0.5,runner_up_ungated,80409,59.133333333332644,51.43333333333203,95.6666666666647,75.53333333333154,17.483437499999248,14.75765624999924,5.548096268321391,5.541076417535496,14.259259259259169,12.725925925925809,135.73333333333323,130.6333333333332,83356,87577,0,140,539,581,229,0.9,1.0
bursty_high_s64,0.5,runner_up_ungated,80410,62.79999999999927,64.76666666666569,86.93333333333115,89.39999999999975,16.436249999999248,17.94140624999925,5.217952632236989,5.207813142516848,12.047916666666556,12.340740740740749,131.63333333333327,123.73333333333329,83218,87809,0,128,487,600,245,0.9,1.0
bursty_high_s64,0.5,runner_up_ungated,80411,59.999999999999034,71.73333333333295,99.46666666666584,96.66666666666583,16.97390624999925,17.20187499999924,5.853689174665863,5.925877302889215,14.713333333333122,14.496969696969654,128.39999999999992,128.59999999999985,84932,88917,0,128,500,639,225,0.9,1.0
bursty_high_s64,0.5,runner_up_ungated,80412,54.36666666666454,57.499999999999375,78.36666666666474,91.89999999999813,15.688749999999246,16.57796874999924,5.136331812549285,5.271304596597716,12.483333333333263,13.036111111111168,128.63333333333333,133.7333333333333,84169,88032,0,140,517,703,226,1.0,1.0
bursty_high_s64,0.5,runner_up_ungated,80413,60.03333333333126,69.3666666666652,89.09999999999809,102.96666666666619,17.76031249999924,19.087968749999256,5.809468576774851,5.777310009769281,13.272222222222126,13.891666666666467,137.89999999999992,133.20000000000005,83803,88724,0,128,470,571,251,0.9,1.0
bursty_high_s64,0.5,runner_up_ungated,80414,57.89999999999918,60.16666666666566,86.96666666666556,97.6333333333319,17.13343749999924,17.162968749999244,5.362961302664836,5.604253727198158,12.099999999999902,13.63888888888895,123.66666666666652,119.76666666666671,83948,87358,0,128,542,611,236,0.9,1.0
bursty_high_s64,0.5,runner_up_ungated,80415,51.56666666666533,59.16666666666606,104.93333333333123,88.09999999999923,15.366874999999244,15.702343749999248,5.0328840680130895,5.360298487916793,11.985185185185104,13.875000000000018,122.10000000000002,118.60000000000002,84090,87508,0,116,481,723,200,0.9,1.0
bursty_high_s64,0.5,runner_up_ungated,80416,61.86666666666639,62.36666666666608,82.93333333333129,100.49999999999892,16.35921874999924,18.729531249999255,5.5059391358694985,5.627950068363743,12.482352941176366,13.66078431372551,126.19999999999999,127.69999999999987,82775,89743,0,140,494,597,246,1.0,1.0
bursty_high_s64,0.5,runner_up_ungated,80417,51.59999999999755,50.76666666666455,74.23333333333233,80.83333333333343,14.383124999999236,15.158437499999241,5.055188114810049,4.931652990083447,12.11666666666649,12.045098039215635,119.39999999999992,119.19999999999987,81551,86462,0,104,491,574,220,0.8,1.0
bursty_high_s64,0.5,runner_up_ungated,80418,65.7333333333315,60.36666666666525,98.26666666666534,102.39999999999952,18.301562499999246,18.539687499999246,6.113171319256051,6.160101968964229,15.406666666666558,14.877777777777808,138.8333333333331,143.83333333333314,83237,87413,0,120,531,643,245,0.9,1.0
bursty_high_s64,0.5,runner_up_ungated,80419,52.266666666666794,55.4666666666659,79.93333333333209,97.39999999999952,14.610624999999237,14.134062499999235,4.9900488422831275,5.109416968101151,12.370370370370242,12.520833333333197,121.73333333333306,124.13333333333316,84225,88600,0,136,483,606,180,0.9,1.0
bursty_high_s64,0.5,runner_up_ungated,80420,72.533333333332,61.56666666666527,92.4999999999988,85.09999999999948,17.864531249999246,16.817968749999245,5.482565652396465,5.6162332053440105,11.941025641025602,12.438095238095169,135.5,129.5999999999999,82880,87552,0,132,467,614,218,0.9,1.0
bursty_high_s64,0.5,runner_up_ungated,80421,62.23333333333119,62.799999999997624,94.93333333333251,110.23333333333156,17.30109374999924,17.334843749999244,5.372568592446341,5.433635867205954,12.316666666666523,13.31851851851848,138.20000000000016,133.99999999999994,82964,88044,0,136,503,574,243,0.9,1.0
bursty_high_s64,0.5,runner_up_ungated,80422,65.1666666666662,56.53333333333126,93.59999999999818,84.59999999999826,17.357031249999245,14.969531249999239,5.392715871459954,5.500893171535714,12.388888888888792,13.624999999999481,125.50000000000006,122.50000000000006,82813,87661,0,136,516,546,225,0.9,1.0
bursty_high_s64,0.5,runner_up_ungated,80423,64.89999999999884,63.566666666665526,95.33333333333121,103.19999999999942,18.043281249999254,18.07609374999925,5.470227305231606,5.72622999929254,13.825000000000067,14.830555555555408,130.7000000000001,129.19999999999993,82891,88001,0,128,516,643,234,0.9,1.0
bursty_high_s64,0.5,runner_up_ungated,80424,59.09999999999863,55.299999999999784,85.89999999999782,92.66666666666447,16.54296874999924,16.47828124999924,5.2940949054157365,5.374455492017364,11.88095238095214,12.214285714285523,139.1333333333332,134.03333333333308,83151,87606,0,136,538,629,238,1.0,1.0
bursty_high_s64,0.5,runner_up_ungated,80425,56.66666666666592,53.93333333333135,112.16666666666612,98.93333333333231,16.142499999999238,16.393749999999248,5.002842560182902,5.321130154805607,11.13809523809525,11.962222222222199,125.40000000000009,129.40000000000003,82907,88446,0,136,535,650,224,0.9,1.0
bursty_high_s64,0.5,runner_up_ungated,80426,68.00000000000016,62.59999999999968,115.4666666666646,86.93333333333254,17.75499999999925,15.884687499999245,5.354501543431462,5.45838399165518,13.123333333333118,13.153333333333217,125.29999999999995,130.09999999999997,83329,88780,0,132,514,583,227,0.9,1.0
bursty_high_s64,0.5,runner_up_ungated,80427,63.79999999999916,56.866666666665935,86.96666666666454,83.76666666666569,16.13406249999924,16.17781249999924,5.334126284179421,5.325339854459354,12.57499999999984,12.87083333333323,107.93333333333334,106.33333333333326,83076,88369,0,132,464,618,233,0.9,1.0
bursty_high_s64,0.5,runner_up_ungated,80428,54.66666666666566,54.83333333333235,78.76666666666642,91.56666666666456,16.65031249999925,16.242812499999243,5.48943154794605,5.505119998907986,12.739393939393928,12.87333333333288,129.8,131.10000000000008,82036,87780,0,124,537,588,230,0.9,1.0
bursty_high_s64,0.5,runner_up_ungated,80429,62.59999999999849,56.83333333333144,111.19999999999868,96.63333333333281,17.423906249999245,16.38546874999924,5.822236520424742,5.965908514129479,13.283333333332749,14.75333333333324,134.9666666666664,137.66666666666669,82196,86590,0,124,504,607,231,0.8,1.0
bursty_high_s64,2.0,selected_gated,80400,67.59999999999889,61.19999999999834,107.59999999999923,106.33333333333144,18.801562499999257,18.204062499999246,6.064853497015646,6.056788263972095,14.727777777777746,13.920000000000005,156.66666666666669,159.86666666666673,84651,85299,0,100,529,522,197,0.9,1.0
bursty_high_s64,2.0,selected_gated,80401,69.39999999999756,61.33333333333124,91.79999999999797,81.79999999999774,17.25843749999925,16.829687499999245,5.697200040964025,6.0439628361144475,13.242105263157892,15.21025641025647,147.5333333333332,146.93333333333334,84379,86087,0,112,521,603,209,0.9,1.0
bursty_high_s64,2.0,selected_gated,80402,73.19999999999968,61.7999999999991,125.79999999999802,84.79999999999993,20.648437499999257,18.69499999999926,6.429876387321,6.328833452183687,15.656410256410265,14.13333333333303,176.19999999999976,163.8,83595,84839,0,136,604,569,213,1.0,1.0
bursty_high_s64,2.0,selected_gated,80403,64.60000000000008,58.73333333333284,114.53333333333217,101.06666666666666,20.153437499999256,19.637499999999257,6.878050677907287,6.813397534938574,15.883333333333308,14.628571428571329,170.2666666666666,166.86666666666662,82570,85181,0,144,518,556,242,0.9,1.0
bursty_high_s64,2.0,selected_gated,80404,57.266666666666,58.79999999999896,95.33333333333229,91.39999999999765,15.754062499999236,17.629062499999247,5.591572835009492,5.984922341947966,13.247619047618928,14.595833333333335,137.19999999999976,139.1999999999997,83163,85637,0,128,491,573,239,0.9,1.0
bursty_high_s64,2.0,selected_gated,80405,62.599999999997635,69.46666666666613,103.9999999999992,106.0000000000004,16.420937499999248,18.66687499999926,5.8307966044882305,6.0995628791468075,13.425641025640939,14.662962962962935,153.6000000000002,160.00000000000006,83653,86409,0,128,489,650,244,0.9,1.0
bursty_high_s64,2.0,selected_gated,80406,61.06666666666676,57.999999999997954,88.99999999999898,117.39999999999912,16.736562499999245,17.517499999999252,6.059016363734835,6.056309944155591,14.019047619047553,14.014814814814612,134.60000000000002,145.60000000000008,81992,85972,0,112,496,516,189,0.9,1.0
bursty_high_s64,2.0,selected_gated,80407,53.86666666666531,59.599999999998204,82.06666666666453,117.46666666666468,16.091249999999242,18.53156249999925,6.064739104357879,6.4210366803684895,14.039999999999782,15.28205128205127,150.20000000000027,164.39999999999992,84602,86592,0,124,486,676,216,0.9,1.0
bursty_high_s64,2.0,selected_gated,80408,67.8666666666661,59.06666666666479,111.59999999999863,98.7333333333313,17.54624999999925,17.293749999999246,5.992069095939039,5.95374108731272,14.481481481481374,14.022222222222208,156.33333333333337,158.7333333333333,82549,85334,0,116,496,541,215,0.9,1.0
bursty_high_s64,2.0,selected_gated,80409,55.19999999999774,76.19999999999823,97.3333333333315,96.39999999999793,17.11187499999925,20.444062499999266,6.113014172492557,6.370760901440798,15.12777777777761,15.760000000000014,151.73333333333323,162.53333333333325,82891,85508,0,140,532,604,253,0.9,1.0
bursty_high_s64,2.0,selected_gated,80410,62.133333333331734,60.13333333333196,96.0666666666649,94.99999999999903,17.931562499999252,17.579687499999253,5.731193563464396,5.859216693618692,13.457142857142733,13.988888888888903,146.13333333333333,153.33333333333326,83784,85635,0,112,515,537,194,0.9,1.0
bursty_high_s64,2.0,selected_gated,80411,66.46666666666431,60.79999999999819,116.53333333333129,103.93333333333189,19.535312499999257,18.881562499999255,6.407820259633516,6.724319905307988,16.488888888888898,16.222222222221983,153.20000000000005,146.8000000000003,84952,86178,0,140,505,552,241,0.9,1.0
bursty_high_s64,2.0,selected_gated,80412,64.13333333333247,58.933333333332484,97.5333333333324,97.59999999999818,17.14781249999925,17.967499999999248,5.821411181221206,6.183768722349378,14.02222222222219,14.708333333333265,144.13333333333344,150.33333333333326,83435,86253,0,128,499,566,211,1.0,1.0
bursty_high_s64,2.0,selected_gated,80413,59.666666666665094,64.73333333333179,95.333333333332,94.0666666666645,16.996249999999243,19.905624999999258,6.364117854370543,6.770427561274419,13.783333333333363,15.813333333333185,150.60000000000008,166.60000000000008,81721,86108,0,128,486,621,242,0.9,1.0
bursty_high_s64,2.0,selected_gated,80414,54.99999999999923,70.06666666666621,87.26666666666506,99.33333333333161,16.355624999999243,19.557812499999255,5.992952298831341,6.110321065430812,14.022222222222227,14.676190476190522,140.2666666666666,145.46666666666664,82489,85642,0,112,497,581,237,0.9,1.0
bursty_high_s64,2.0,selected_gated,80415,59.666666666666345,57.1333333333323,88.9999999999979,90.73333333333343,16.84218749999925,16.80468749999925,5.773232045062403,5.807228077296166,13.762500000000056,13.86060606060612,148.60000000000002,144.8,83996,86446,0,128,516,594,212,0.9,1.0
bursty_high_s64,2.0,selected_gated,80416,60.733333333333036,65.53333333333183,89.79999999999785,99.86666666666628,17.00281249999925,18.10187499999925,6.192494691411054,6.328645940638069,14.519999999999822,14.83999999999997,146.59999999999997,157.2,82768,86085,0,132,490,627,241,1.0,1.0
bursty_high_s64,2.0,selected_gated,80417,52.73333333333363,56.86666666666491,88.53333333333302,79.13333333333242,14.49812499999924,16.196249999999246,5.613498868990481,5.9441345163968125,13.905882352941235,14.023809523809453,143.99999999999994,142.19999999999993,83456,84707,0,120,482,551,178,0.9,1.0
bursty_high_s64,2.0,selected_gated,80418,61.266666666666566,66.79999999999768,113.13333333333108,99.7333333333311,18.33218749999925,20.028749999999256,6.527107506420509,6.798781726122795,14.622222222222177,16.45833333333325,167.9333333333331,170.13333333333304,83647,85365,0,116,550,614,248,0.9,1.0
bursty_high_s64,2.0,selected_gated,80419,58.26666666666472,62.13333333333247,84.33333333333155,95.79999999999825,16.568749999999234,18.048749999999252,5.610109029645548,5.939350206955941,13.913333333333366,15.239999999999748,137.93333333333317,143.7333333333333,83578,85260,0,124,520,597,234,0.9,1.0
bursty_high_s64,2.0,selected_gated,80420,72.06666666666479,66.13333333333344,106.19999999999831,94.93333333333288,19.234999999999253,19.089374999999254,6.174283825210324,6.297041251190559,13.399999999999904,14.466666666666486,160.7999999999999,160.2000000000001,83037,85363,0,128,501,561,219,0.9,1.0
bursty_high_s64,2.0,selected_gated,80421,74.53333333333262,68.199999999999,110.93333333333149,105.33333333333218,18.72437499999925,19.47531249999925,6.081920271969965,6.300343696232621,13.45263157894738,15.299999999999613,155.39999999999998,161.59999999999985,81826,85472,0,116,540,624,225,0.8,1.0
bursty_high_s64,2.0,selected_gated,80422,65.06666666666536,65.3333333333313,93.59999999999809,101.46666666666516,17.27781249999925,18.05187499999925,5.912964411685438,6.075537839325243,14.213333333333315,14.07619047619035,143.60000000000014,152.00000000000028,82508,85903,0,136,518,580,209,0.9,1.0
bursty_high_s64,2.0,selected_gated,80423,64.39999999999787,65.79999999999808,110.39999999999947,100.59999999999843,18.267812499999252,19.074687499999257,6.1047233441654365,6.34146514565903,14.056410256410153,15.072727272727242,151.7999999999999,149.60000000000002,82961,84789,0,124,542,530,222,0.8,1.0
bursty_high_s64,2.0,selected_gated,80424,58.999999999999545,64.3999999999981,115.06666666666536,90.99999999999915,17.77374999999925,17.447187499999252,5.879566053137307,6.206895410967013,13.133333333333225,13.966666666666384,152.13333333333327,162.3333333333332,83237,86048,0,140,504,584,224,1.0,1.0
bursty_high_s64,2.0,selected_gated,80425,59.466666666666015,58.933333333333636,87.5333333333318,84.99999999999909,16.729687499999244,18.447187499999252,5.775608272317312,6.0164182128765535,13.188888888888727,13.906666666666627,145.60000000000008,158.20000000000022,81971,86527,0,152,534,671,207,0.9,1.0
bursty_high_s64,2.0,selected_gated,80426,68.5333333333312,64.53333333333282,103.6666666666649,101.19999999999789,17.42499999999925,18.544687499999256,5.987540147706566,6.02673475352582,13.90666666666632,15.399999999999952,152.0,156.60000000000008,83970,86569,0,128,525,631,248,0.9,1.0
bursty_high_s64,2.0,selected_gated,80427,66.73333333333136,57.933333333331234,97.26666666666523,93.33333333333252,17.889687499999248,16.95874999999925,5.839528646365851,5.777876913557501,14.366666666666518,13.10476190476159,128.33333333333337,130.13333333333344,82165,85563,0,116,502,526,183,0.9,1.0
bursty_high_s64,2.0,selected_gated,80428,57.66666666666603,64.3333333333326,119.3999999999977,92.73333333333187,17.884374999999245,19.08249999999926,6.112185126066413,6.215991174682035,13.585185185185104,15.066666666666574,150.80000000000013,156.60000000000008,82941,85766,0,144,520,563,248,0.9,1.0
bursty_high_s64,2.0,selected_gated,80429,63.26666666666705,56.399999999998016,91.99999999999858,76.93333333333135,18.375312499999247,17.52062499999925,6.604571539243743,6.710631326314673,14.752380952380674,16.43921568627458,157.0666666666666,163.66666666666657,81396,84921,0,136,484,607,239,0.9,1.0
bursty_high_s64,2.0,selected_ungated,80400,67.59999999999889,69.79999999999791,107.59999999999923,95.39999999999861,18.801562499999257,19.70593749999926,6.064853497015646,6.276129943754363,14.727777777777746,14.741666666666411,156.66666666666669,166.8666666666665,84651,87911,0,112,529,654,220,0.9,1.0
bursty_high_s64,2.0,selected_ungated,80401,69.39999999999756,63.3333333333311,91.79999999999797,96.9999999999979,17.25843749999925,17.189062499999253,5.697200040964025,5.817681978080949,13.242105263157892,13.7333333333332,147.5333333333332,143.7333333333333,84379,88474,0,116,521,590,214,0.9,1.0
bursty_high_s64,2.0,selected_ungated,80402,73.19999999999968,70.93333333333368,125.79999999999802,142.999999999998,20.648437499999257,20.605312499999258,6.429876387321,6.566021575775169,15.656410256410265,15.333333333332725,176.19999999999976,181.99999999999972,83595,87990,0,124,604,762,198,1.0,1.0
bursty_high_s64,2.0,selected_ungated,80403,64.60000000000008,66.19999999999999,114.53333333333217,95.99999999999798,20.153437499999256,19.506874999999248,6.878050677907287,7.125473330139774,15.883333333333308,17.241666666666475,170.2666666666666,172.46666666666653,82570,87464,0,140,518,569,246,0.9,1.0
bursty_high_s64,2.0,selected_ungated,80404,57.266666666666,58.199999999997544,95.33333333333229,107.7999999999983,15.754062499999236,16.681249999999245,5.591572835009492,5.774703920675137,13.247619047618928,13.662745098039144,137.19999999999976,144.5999999999998,83163,87524,0,116,491,572,184,0.9,1.0
bursty_high_s64,2.0,selected_ungated,80405,62.599999999997635,60.79999999999791,103.9999999999992,89.46666666666462,16.420937499999248,18.22437499999925,5.8307966044882305,6.132596286240385,13.425641025640939,15.53333333333299,153.6000000000002,157.6000000000002,83653,88552,0,132,489,670,226,0.9,1.0
bursty_high_s64,2.0,selected_ungated,80406,61.06666666666676,60.8000000000001,88.99999999999898,114.26666666666648,16.736562499999245,17.43281249999925,6.059016363734835,6.305648674786088,14.019047619047553,14.922222222221938,134.60000000000002,145.0,81992,87383,0,124,496,677,186,0.9,1.0
bursty_high_s64,2.0,selected_ungated,80407,53.86666666666531,59.333333333332774,82.06666666666453,88.86666666666434,16.091249999999242,17.977499999999257,6.064739104357879,6.441627709252134,14.039999999999782,14.986666666666547,150.20000000000027,165.19999999999987,84602,88544,0,124,486,696,223,0.9,1.0
bursty_high_s64,2.0,selected_ungated,80408,67.8666666666661,61.3999999999981,111.59999999999863,89.93333333333192,17.54624999999925,16.207499999999243,5.992069095939039,6.025732644727167,14.481481481481374,13.645614035087716,156.33333333333337,163.53333333333336,82549,86433,0,128,496,585,178,0.9,1.0
bursty_high_s64,2.0,selected_ungated,80409,55.19999999999774,58.533333333330916,97.3333333333315,86.533333333332,17.11187499999925,16.828749999999253,6.113014172492557,6.662478269805736,15.12777777777761,15.26666666666657,151.73333333333323,167.13333333333304,82891,88598,0,132,532,644,212,0.9,1.0
bursty_high_s64,2.0,selected_ungated,80410,62.133333333331734,62.46666666666482,96.0666666666649,98.13333333333145,17.931562499999252,17.99687499999925,5.731193563464396,5.9127192034962945,13.457142857142733,13.872222222222192,146.13333333333333,155.9333333333334,83784,88579,0,140,515,609,216,0.9,1.0
bursty_high_s64,2.0,selected_ungated,80411,66.46666666666431,71.39999999999966,116.53333333333129,95.39999999999893,19.535312499999257,18.589687499999254,6.407820259633516,6.794715659311182,16.488888888888898,16.122222222222234,153.20000000000005,162.99999999999983,84952,88523,0,124,505,595,225,0.9,1.0
bursty_high_s64,2.0,selected_ungated,80412,64.13333333333247,65.19999999999777,97.5333333333324,100.13333333333117,17.14781249999925,19.44437499999926,5.821411181221206,6.063793666479151,14.02222222222219,13.958333333333286,144.13333333333344,156.33333333333331,83435,87395,0,124,499,693,238,1.0,1.0
bursty_high_s64,2.0,selected_ungated,80413,59.666666666665094,69.06666666666467,95.333333333332,122.59999999999877,16.996249999999243,19.167499999999258,6.364117854370543,6.5593528867961854,13.783333333333363,15.19393939393931,150.60000000000008,158.40000000000003,81721,88563,0,128,486,602,228,0.9,1.0
bursty_high_s64,2.0,selected_ungated,80414,54.99999999999923,64.53333333333131,87.26666666666506,108.6666666666656,16.355624999999243,17.944999999999247,5.992952298831341,6.10948607469743,14.022222222222227,15.740740740740547,140.2666666666666,151.26666666666677,82489,88488,0,136,497,575,206,0.9,1.0
bursty_high_s64,2.0,selected_ungated,80415,59.666666666666345,56.66666666666629,88.9999999999979,80.39999999999861,16.84218749999925,15.729374999999246,5.773232045062403,5.818832090212241,13.762500000000056,14.066666666666379,148.60000000000002,142.20000000000016,83996,87438,0,104,516,600,173,0.9,1.0
bursty_high_s64,2.0,selected_ungated,80416,60.733333333333036,65.46666666666499,89.79999999999785,109.66666666666572,17.00281249999925,19.054062499999258,6.192494691411054,6.465823637805859,14.519999999999822,15.186666666666577,146.59999999999997,162.3999999999998,82768,87928,0,128,490,665,227,1.0,1.0
bursty_high_s64,2.0,selected_ungated,80417,52.73333333333363,52.93333333333226,88.53333333333302,85.39999999999961,14.49812499999924,15.610624999999242,5.613498868990481,5.9603509092169,13.905882352941235,14.099999999999937,143.99999999999994,144.19999999999987,83456,87495,0,128,482,648,156,0.9,1.0
bursty_high_s64,2.0,selected_ungated,80418,61.266666666666566,75.06666666666487,113.13333333333108,107.13333333333304,18.33218749999925,20.07968749999926,6.527107506420509,7.129502598059578,14.622222222222177,17.717948717948797,167.9333333333331,178.93333333333288,83647,87481,0,124,550,660,226,0.9,1.0
bursty_high_s64,2.0,selected_ungated,80419,58.26666666666472,65.46666666666488,84.33333333333155,94.06666666666462,16.568749999999234,17.166874999999244,5.610109029645548,5.814270990461155,13.913333333333366,14.59999999999988,137.93333333333317,150.5333333333332,83578,87740,0,120,520,671,190,0.9,1.0
bursty_high_s64,2.0,selected_ungated,80420,72.06666666666479,77.66666666666674,106.19999999999831,136.73333333333392,19.234999999999253,20.28531249999926,6.174283825210324,6.314715320241138,13.399999999999904,13.892307692307586,160.7999999999999,162.19999999999987,83037,86620,0,120,501,587,193,0.9,1.0
bursty_high_s64,2.0,selected_ungated,80421,74.53333333333262,71.53333333333188,110.93333333333149,118.33333333333258,18.72437499999925,19.598124999999257,6.081920271969965,6.115160625688662,13.45263157894738,15.006666666666487,155.39999999999998,172.59999999999985,81826,87807,0,112,540,706,214,0.8,1.0
bursty_high_s64,2.0,selected_ungated,80422,65.06666666666536,64.39999999999912,93.59999999999809,102.19999999999882,17.27781249999925,18.541874999999255,5.912964411685438,5.978297487457561,14.213333333333315,14.883333333333375,143.60000000000014,144.80000000000007,82508,87056,0,128,518,608,219,0.9,1.0
bursty_high_s64,2.0,selected_ungated,80423,64.39999999999787,71.19999999999976,110.39999999999947,101.13333333333179,18.267812499999252,19.337499999999256,6.1047233441654365,6.32358432191027,14.056410256410153,14.733333333333169,151.7999999999999,156.2000000000001,82961,87963,0,128,542,573,224,0.8,1.0
bursty_high_s64,2.0,selected_ungated,80424,58.999999999999545,62.39999999999884,115.06666666666536,108.46666666666562,17.77374999999925,18.062499999999254,5.879566053137307,6.269491015541199,13.133333333333225,15.799999999999752,152.13333333333327,161.73333333333318,83237,87905,0,120,504,669,216,1.0,1.0
bursty_high_s64,2.0,selected_ungated,80425,59.466666666666015,60.40000000000023,87.5333333333318,109.93333333333112,16.729687499999244,17.112812499999244,5.775608272317312,6.062781725865042,13.188888888888727,13.712500000000063,145.60000000000008,157.00000000000017,81971,88698,0,140,534,674,171,0.9,1.0
bursty_high_s64,2.0,selected_ungated,80426,68.5333333333312,64.46666666666562,103.6666666666649,127.39999999999827,17.42499999999925,18.194999999999247,5.987540147706566,6.109070096446898,13.90666666666632,15.886666666666576,152.0,159.60000000000008,83970,88054,0,116,525,607,222,0.9,1.0
bursty_high_s64,2.0,selected_ungated,80427,66.73333333333136,54.666666666666956,97.26666666666523,85.93333333333263,17.889687499999248,16.60999999999925,5.839528646365851,6.139286019290499,14.366666666666518,15.793333333333283,128.33333333333337,138.13333333333344,82165,87184,0,136,502,596,200,0.9,1.0
bursty_high_s64,2.0,selected_ungated,80428,57.66666666666603,65.53333333333364,119.3999999999977,91.4666666666663,17.884374999999245,18.717812499999255,6.112185126066413,6.411649792549658,13.585185185185104,15.059259259259335,150.80000000000013,157.2000000000001,82941,88902,0,144,520,561,222,0.9,1.0
bursty_high_s64,2.0,selected_ungated,80429,63.26666666666705,62.60000000000022,91.99999999999858,118.13333333333219,18.375312499999247,18.02937499999924,6.604571539243743,6.53891857201869,14.752380952380674,15.790000000000031,157.0666666666666,161.8666666666665,81396,86238,0,120,484,641,226,0.9,1.0
bursty_high_s64,2.0,original_q2_a0.8_or_ungated,80400,67.59999999999889,61.466666666664366,107.59999999999923,105.66666666666458,18.801562499999257,17.44843749999925,6.064853497015646,6.2636559354366925,14.727777777777746,14.647619047619086,156.66666666666669,168.46666666666653,84651,90931,0,200,529,655,411,1.0,1.0
bursty_high_s64,2.0,original_q2_a0.8_or_ungated,80401,69.39999999999756,58.99999999999929,91.79999999999797,84.33333333333115,17.25843749999925,16.456562499999254,5.697200040964025,6.004485404061752,13.242105263157892,14.249999999999929,147.5333333333332,158.33333333333331,84379,92717,0,208,521,717,419,1.0,1.0
bursty_high_s64,2.0,original_q2_a0.8_or_ungated,80402,73.19999999999968,69.46666666666488,125.79999999999802,130.39999999999873,20.648437499999257,19.26062499999925,6.429876387321,6.637465420723797,15.656410256410265,15.829629629629538,176.19999999999976,175.79999999999978,83595,90169,0,204,604,768,428,1.0,1.0
bursty_high_s64,2.0,original_q2_a0.8_or_ungated,80403,64.60000000000008,66.53333333333114,114.53333333333217,109.3999999999993,20.153437499999256,19.195312499999254,6.878050677907287,7.15547821412782,15.883333333333308,18.219047619047526,170.2666666666666,177.06666666666644,82570,89571,0,200,518,645,447,1.0,1.0
bursty_high_s64,2.0,original_q2_a0.8_or_ungated,80404,57.266666666666,50.133333333332416,95.33333333333229,99.53333333333148,15.754062499999236,16.203437499999243,5.591572835009492,5.933513701111921,13.247619047618928,14.164444444444399,137.19999999999976,145.7999999999999,83163,90350,0,188,491,575,424,1.0,1.0
bursty_high_s64,2.0,original_q2_a0.8_or_ungated,80405,62.599999999997635,63.866666666665935,103.9999999999992,85.93333333333112,16.420937499999248,16.859999999999246,5.8307966044882305,6.115897235957718,13.425641025640939,14.977777777777627,153.6000000000002,156.00000000000017,83653,90333,0,200,489,655,414,1.0,1.0
bursty_high_s64,2.0,original_q2_a0.8_or_ungated,80406,61.06666666666676,63.86666666666548,88.99999999999898,101.13333333333117,16.736562499999245,17.892812499999255,6.059016363734835,6.487722092784454,14.019047619047553,16.033333333333367,134.60000000000002,148.0,81992,89827,0,188,496,749,432,1.0,1.0
bursty_high_s64,2.0,original_q2_a0.8_or_ungated,80407,53.86666666666531,60.19999999999936,82.06666666666453,114.79999999999984,16.091249999999242,19.01937499999926,6.064739104357879,6.641965345683877,14.039999999999782,16.096296296296103,150.20000000000027,174.59999999999974,84602,92841,0,204,486,825,418,1.0,1.0
bursty_high_s64,2.0,original_q2_a0.8_or_ungated,80408,67.8666666666661,61.59999999999897,111.59999999999863,113.7333333333329,17.54624999999925,17.547499999999246,5.992069095939039,5.995649772761846,14.481481481481374,14.286666666666497,156.33333333333337,163.3333333333331,82549,90973,0,224,496,575,401,1.0,1.0
bursty_high_s64,2.0,original_q2_a0.8_or_ungated,80409,55.19999999999774,65.53333333333228,97.3333333333315,124.26666666666549,17.11187499999925,19.102187499999253,6.113014172492557,6.408092057848213,15.12777777777761,15.949999999999953,151.73333333333323,158.3333333333332,82891,91061,0,188,532,679,436,1.0,1.0
bursty_high_s64,2.0,original_q2_a0.8_or_ungated,80410,62.133333333331734,67.93333333333175,96.0666666666649,95.59999999999815,17.931562499999252,17.838437499999255,5.731193563464396,6.174152015394124,13.457142857142733,15.210256410256395,146.13333333333333,152.93333333333334,83784,89379,0,188,515,553,420,1.0,1.0
bursty_high_s64,2.0,original_q2_a0.8_or_ungated,80411,66.46666666666431,69.93333333333277,116.53333333333129,109.86666666666605,19.535312499999257,18.724687499999256,6.407820259633516,6.737094991826746,16.488888888888898,16.346666666666472,153.20000000000005,152.60000000000008,84952,91198,0,232,505,636,419,1.0,1.0
bursty_high_s64,2.0,original_q2_a0.8_or_ungated,80412,64.13333333333247,58.999999999999034,97.5333333333324,118.73333333333284,17.14781249999925,17.48812499999925,5.821411181221206,6.2842128649728535,14.02222222222219,15.61333333333339,144.13333333333344,159.93333333333334,83435,90854,0,208,499,716,425,1.0,1.0
bursty_high_s64,2.0,original_q2_a0.8_or_ungated,80413,59.666666666665094,58.999999999999545,95.333333333332,96.39999999999958,16.996249999999243,17.99562499999925,6.364117854370543,6.623161785637616,13.783333333333363,15.285714285714333,150.60000000000008,153.8,81721,89643,0,192,486,593,440,1.0,1.0
bursty_high_s64,2.0,original_q2_a0.8_or_ungated,80414,54.99999999999923,67.79999999999785,87.26666666666506,101.99999999999966,16.355624999999243,18.428749999999248,5.992952298831341,6.430992462180906,14.022222222222227,15.4153846153845,140.2666666666666,153.6666666666668,82489,91104,0,224,497,711,414,1.0,1.0
bursty_high_s64,2.0,original_q2_a0.8_or_ungated,80415,59.666666666666345,56.599999999997834,88.9999999999979,89.59999999999945,16.84218749999925,16.956562499999244,5.773232045062403,6.077881386273889,13.762500000000056,15.111111111111036,148.60000000000002,153.40000000000003,83996,91674,0,200,516,666,435,1.0,1.0
bursty_high_s64,2.0,original_q2_a0.8_or_ungated,80416,60.733333333333036,62.866666666665026,89.79999999999785,95.06666666666558,17.00281249999925,16.446249999999246,6.192494691411054,6.574199099809964,14.519999999999822,15.444444444444494,146.59999999999997,160.8,82768,91679,0,228,490,729,414,1.0,1.0
bursty_high_s64,2.0,original_q2_a0.8_or_ungated,80417,52.73333333333363,56.3999999999979,88.53333333333302,94.93333333333095,14.49812499999924,15.952812499999244,5.613498868990481,5.97704256121513,13.905882352941235,14.599999999999605,143.99999999999994,150.4000000000001,83456,90528,0,212,482,642,409,1.0,1.0
bursty_high_s64,2.0,original_q2_a0.8_or_ungated,80418,61.266666666666566,67.466666666667,113.13333333333108,104.59999999999769,18.33218749999925,18.443749999999255,6.527107506420509,6.959353831418142,14.622222222222177,16.851282051281963,167.9333333333331,169.53333333333302,83647,88823,0,180,550,628,430,1.0,1.0
bursty_high_s64,2.0,original_q2_a0.8_or_ungated,80419,58.26666666666472,60.33333333333229,84.33333333333155,94.1999999999982,16.568749999999234,15.872812499999238,5.610109029645548,5.83501413938029,13.913333333333366,14.03999999999952,137.93333333333317,142.13333333333304,83578,91280,0,200,520,578,417,1.0,1.0
bursty_high_s64,2.0,original_q2_a0.8_or_ungated,80420,72.06666666666479,76.53333333333273,106.19999999999831,115.73333333333164,19.234999999999253,19.41499999999926,6.174283825210324,6.464875514562692,13.399999999999904,14.511111111111044,160.7999999999999,160.60000000000008,83037,90768,0,224,501,704,432,1.0,1.0
bursty_high_s64,2.0,original_q2_a0.8_or_ungated,80421,74.53333333333262,59.266666666665316,110.93333333333149,120.93333333333254,18.72437499999925,17.926562499999253,6.081920271969965,6.592783157778301,13.45263157894738,15.141176470588167,155.39999999999998,166.8,81826,90104,0,212,540,695,431,1.0,1.0
bursty_high_s64,2.0,original_q2_a0.8_or_ungated,80422,65.06666666666536,72.46666666666465,93.59999999999809,97.06666666666513,17.27781249999925,18.734374999999254,5.912964411685438,6.233484706702101,14.213333333333315,15.833333333332888,143.60000000000014,153.20000000000016,82508,90653,0,208,518,636,425,1.0,1.0
bursty_high_s64,2.0,original_q2_a0.8_or_ungated,80423,64.39999999999787,65.39999999999799,110.39999999999947,118.26666666666472,18.267812499999252,20.082499999999257,6.1047233441654365,6.32762371870723,14.056410256410153,14.111111111111166,151.7999999999999,157.20000000000022,82961,91208,0,228,542,636,432,1.0,1.0
bursty_high_s64,2.0,original_q2_a0.8_or_ungated,80424,58.999999999999545,62.799999999998136,115.06666666666536,105.39999999999958,17.77374999999925,17.16374999999925,5.879566053137307,6.462947777995916,13.133333333333225,14.733333333333364,152.13333333333327,161.3333333333331,83237,91713,0,236,504,659,436,1.0,1.0
bursty_high_s64,2.0,original_q2_a0.8_or_ungated,80425,59.466666666666015,49.199999999999534,87.5333333333318,79.99999999999997,16.729687499999244,15.212812499999242,5.775608272317312,6.407071078256264,13.188888888888727,16.544444444444306,145.60000000000008,162.99999999999994,81971,92488,0,228,534,763,424,1.0,1.0
bursty_high_s64,2.0,original_q2_a0.8_or_ungated,80426,68.5333333333312,61.13333333333159,103.6666666666649,97.3333333333328,17.42499999999925,15.951874999999244,5.987540147706566,6.0998565827746045,13.90666666666632,14.035294117647107,152.0,163.59999999999997,83970,93175,0,220,525,603,405,1.0,1.0
bursty_high_s64,2.0,original_q2_a0.8_or_ungated,80427,66.73333333333136,70.59999999999815,97.26666666666523,112.06666666666518,17.889687499999248,18.62749999999925,5.839528646365851,6.14260510542138,14.366666666666518,15.790476190476047,128.33333333333337,134.53333333333342,82165,89794,0,200,502,680,419,1.0,1.0
bursty_high_s64,2.0,original_q2_a0.8_or_ungated,80428,57.66666666666603,57.13333333333293,119.3999999999977,105.06666666666462,17.884374999999245,17.57593749999925,6.112185126066413,6.522570902430336,13.585185185185104,15.223809523809454,150.80000000000013,164.8,82941,89923,0,200,520,595,431,1.0,1.0
bursty_high_s64,2.0,original_q2_a0.8_or_ungated,80429,63.26666666666705,59.59999999999843,91.99999999999858,98.6666666666656,18.375312499999247,18.388749999999252,6.604571539243743,6.6590038016845075,14.752380952380674,16.439215686274466,157.0666666666666,159.66666666666652,81396,90590,0,200,484,664,449,1.0,1.0
bursty_high_s64,2.0,runner_up_ungated,80400,67.59999999999889,65.2666666666652,107.59999999999923,117.33333333333252,18.801562499999257,17.796874999999247,6.064853497015646,6.169359097008393,14.727777777777746,13.46666666666653,156.66666666666669,153.86666666666656,84651,87530,0,120,529,563,232,0.9,1.0
bursty_high_s64,2.0,runner_up_ungated,80401,69.39999999999756,71.8666666666652,91.79999999999797,99.93333333333237,17.25843749999925,17.698124999999255,5.697200040964025,6.029569301161555,13.242105263157892,14.79999999999984,147.5333333333332,156.93333333333328,84379,89783,0,144,521,670,227,0.9,1.0
bursty_high_s64,2.0,runner_up_ungated,80402,73.19999999999968,73.9333333333314,125.79999999999802,129.39999999999952,20.648437499999257,19.709687499999255,6.429876387321,6.7791898331556855,15.656410256410265,16.70666666666624,176.19999999999976,179.79999999999978,83595,87470,0,128,604,763,231,1.0,1.0
bursty_high_s64,2.0,runner_up_ungated,80403,64.60000000000008,59.53333333333245,114.53333333333217,101.26666666666696,20.153437499999256,18.37406249999925,6.878050677907287,7.149742535593928,15.883333333333308,15.940740740740807,170.2666666666666,173.8666666666665,82570,87979,0,152,518,601,257,0.9,1.0
bursty_high_s64,2.0,runner_up_ungated,80404,57.266666666666,62.59999999999846,95.33333333333229,118.1333333333314,15.754062499999236,17.89624999999925,5.591572835009492,5.852361058924046,13.247619047618928,13.73333333333341,137.19999999999976,146.19999999999987,83163,87271,0,116,491,616,235,0.9,1.0
bursty_high_s64,2.0,runner_up_ungated,80405,62.599999999997635,55.0666666666655,103.9999999999992,112.13333333333154,16.420937499999248,17.31499999999925,5.8307966044882305,5.998731767778125,13.425641025640939,14.40740740740722,153.6000000000002,147.4000000000001,83653,87236,0,120,489,560,251,0.9,1.0
bursty_high_s64,2.0,runner_up_ungated,80406,61.06666666666676,62.866666666665935,88.99999999999898,100.26666666666597,16.736562499999245,16.764687499999248,6.059016363734835,6.21219937213015,14.019047619047553,14.039393939393994,134.60000000000002,142.40000000000003,81992,88487,0,120,496,636,195,0.9,1.0
bursty_high_s64,2.0,runner_up_ungated,80407,53.86666666666531,61.666666666665776,82.06666666666453,96.26666666666642,16.091249999999242,17.885937499999258,6.064739104357879,6.304787765275721,14.039999999999782,15.906666666666547,150.20000000000027,158.6000000000002,84602,89271,0,132,486,727,268,0.9,1.0
bursty_high_s64,2.0,runner_up_ungated,80408,67.8666666666661,71.60000000000036,111.59999999999863,128.7999999999983,17.54624999999925,18.059374999999246,5.992069095939039,5.966369767727356,14.481481481481374,14.533333333333243,156.33333333333337,161.53333333333336,82549,86249,0,132,496,604,234,0.9,1.0
bursty_high_s64,2.0,runner_up_ungated,80409,55.19999999999774,67.13333333333298,97.3333333333315,106.7999999999995,17.11187499999925,17.839687499999254,6.113014172492557,6.486115747874564,15.12777777777761,15.366666666666399,151.73333333333323,161.73333333333318,82891,89232,0,136,532,683,241,0.9,1.0
bursty_high_s64,2.0,runner_up_ungated,80410,62.133333333331734,64.9333333333314,96.0666666666649,93.60000000000048,17.931562499999252,16.395312499999253,5.731193563464396,5.987154699614686,13.457142857142733,14.483333333333093,146.13333333333333,150.33333333333343,83784,87804,0,140,515,583,221,0.9,1.0
bursty_high_s64,2.0,runner_up_ungated,80411,66.46666666666431,67.66666666666458,116.53333333333129,120.66666666666458,19.535312499999257,19.728437499999263,6.407820259633516,6.842058428513456,16.488888888888898,16.53333333333289,153.20000000000005,153.8,84952,88706,0,128,505,643,264,0.9,1.0
bursty_high_s64,2.0,runner_up_ungated,80412,64.13333333333247,66.73333333333255,97.5333333333324,96.13333333333105,17.14781249999925,18.319687499999254,5.821411181221206,6.2172692041441255,14.02222222222219,15.222222222222227,144.13333333333344,159.13333333333316,83435,87993,0,120,499,651,252,1.0,1.0
bursty_high_s64,2.0,runner_up_ungated,80413,59.666666666665094,72.46666666666584,95.333333333332,112.79999999999805,16.996249999999243,20.075937499999263,6.364117854370543,6.674891388459963,13.783333333333363,14.93333333333311,150.60000000000008,160.59999999999997,81721,86544,0,128,486,664,244,0.9,1.0
bursty_high_s64,2.0,runner_up_ungated,80414,54.99999999999923,64.6666666666645,87.26666666666506,99.73333333333153,16.355624999999243,19.558124999999254,5.992952298831341,6.253646908687548,14.022222222222227,16.16666666666647,140.2666666666666,152.66666666666674,82489,87738,0,120,497,683,278,0.9,1.0
bursty_high_s64,2.0,runner_up_ungated,80415,59.666666666666345,56.599999999999284,88.9999999999979,112.39999999999787,16.84218749999925,17.33468749999924,5.773232045062403,6.171184756768853,13.762500000000056,15.866666666666688,148.60000000000002,147.8,83996,88431,0,136,516,659,221,0.9,1.0
bursty_high_s64,2.0,runner_up_ungated,80416,60.733333333333036,68.19999999999914,89.79999999999785,103.86666666666576,17.00281249999925,19.388124999999253,6.192494691411054,6.417156149340187,14.519999999999822,14.699999999999918,146.59999999999997,154.59999999999997,82768,88388,0,140,490,658,263,1.0,1.0
bursty_high_s64,2.0,runner_up_ungated,80417,52.73333333333363,56.33333333333218,88.53333333333302,93.26666666666534,14.49812499999924,16.50312499999925,5.613498868990481,5.941442957138691,13.905882352941235,13.722222222222095,143.99999999999994,151.80000000000007,83456,87897,0,136,482,608,223,0.9,1.0
bursty_high_s64,2.0,runner_up_ungated,80418,61.266666666666566,69.39999999999884,113.13333333333108,117.79999999999842,18.33218749999925,20.227187499999257,6.527107506420509,7.060552894715768,14.622222222222177,18.179487179487246,167.9333333333331,168.3333333333331,83647,88206,0,144,550,650,240,0.9,1.0
bursty_high_s64,2.0,runner_up_ungated,80419,58.26666666666472,60.93333333333197,84.33333333333155,90.5333333333316,16.568749999999234,17.87718749999924,5.610109029645548,5.878732615766601,13.913333333333366,16.146666666666725,137.93333333333317,148.73333333333318,83578,87970,0,136,520,645,239,0.9,1.0
bursty_high_s64,2.0,runner_up_ungated,80420,72.06666666666479,77.99999999999892,106.19999999999831,101.33333333333121,19.234999999999253,19.44843749999926,6.174283825210324,6.337240544200509,13.399999999999904,14.461538461538348,160.7999999999999,169.99999999999972,83037,86917,0,116,501,655,235,0.9,1.0
bursty_high_s64,2.0,runner_up_ungated,80421,74.53333333333262,63.33333333333081,110.93333333333149,108.93333333333129,18.72437499999925,18.264999999999244,6.081920271969965,6.242931959854571,13.45263157894738,15.370370370370303,155.39999999999998,163.8,81826,88895,0,136,540,610,239,0.9,1.0
bursty_high_s64,2.0,runner_up_ungated,80422,65.06666666666536,66.39999999999819,93.59999999999809,97.19999999999953,17.27781249999925,17.767499999999252,5.912964411685438,6.102202540137366,14.213333333333315,15.008333333333233,143.60000000000014,151.80000000000024,82508,88571,0,136,518,607,231,0.9,1.0
bursty_high_s64,2.0,runner_up_ungated,80423,64.39999999999787,65.59999999999889,110.39999999999947,105.66666666666504,18.267812499999252,18.865624999999252,6.1047233441654365,6.475734044222452,14.056410256410153,16.62222222222207,151.7999999999999,155.8,82961,87341,0,132,542,658,234,0.9,1.0
bursty_high_s64,2.0,runner_up_ungated,80424,58.999999999999545,62.39999999999884,115.06666666666536,114.3999999999983,17.77374999999925,18.112499999999255,5.879566053137307,6.2824120049776955,13.133333333333225,14.961111111111009,152.13333333333327,162.53333333333325,83237,87872,0,132,504,674,245,1.0,1.0
bursty_high_s64,2.0,runner_up_ungated,80425,59.466666666666015,60.199999999998425,87.5333333333318,91.13333333333225,16.729687499999244,17.801874999999242,5.775608272317312,6.268708398548278,13.188888888888727,14.1743589743589,145.60000000000008,171.00000000000006,81971,89506,0,136,534,739,239,0.9,1.0
bursty_high_s64,2.0,runner_up_ungated,80426,68.5333333333312,69.19999999999848,103.6666666666649,130.93333333333203,17.42499999999925,18.915312499999253,5.987540147706566,6.245804106197321,13.90666666666632,14.777777777777727,152.0,156.2000000000001,83970,87858,0,116,525,677,278,0.9,1.0
bursty_high_s64,2.0,runner_up_ungated,80427,66.73333333333136,58.59999999999815,97.26666666666523,86.46666666666715,17.889687499999248,17.509374999999253,5.839528646365851,5.993397249109892,14.366666666666518,14.111111111110858,128.33333333333337,142.73333333333346,82165,88056,0,140,502,646,241,0.9,1.0
bursty_high_s64,2.0,runner_up_ungated,80428,57.66666666666603,58.53333333333234,119.3999999999977,99.79999999999802,17.884374999999245,17.85562499999925,6.112185126066413,6.267571477884647,13.585185185185104,14.873684210526312,150.80000000000013,159.39999999999992,82941,89095,0,144,520,584,258,0.9,1.0
bursty_high_s64,2.0,runner_up_ungated,80429,63.26666666666705,67.59999999999843,91.99999999999858,94.79999999999802,18.375312499999247,18.781874999999253,6.604571539243743,6.716506328490557,14.752380952380674,16.346666666666284,157.0666666666666,162.86666666666662,81396,87070,0,136,484,640,248,0.9,1.0
